osoba_id,zasedani,pdf_strana,pasaz,priorita_rejstriku,zdroj_id
jasna-flamikova,Z9/01,2,"ČSSD VAŠI STAROSTOVÉ – předseda JUDr. Jiří Oliva Mgr. Břetislav Štefan Mgr. Bc. Marek Viskot Zelení a Žít Brno – předseda Ing. Jana Drápalová Mgr. Jasna Flamiková Bc. Matěj Hollan Poté JUDr. Markéta Vaňková, primátorka, upozornila, že jednání se řídí platným Jednacím řádem Zastupitelstva města Brna. Jmenování zapisovatelek a pověření právní asistencí Zapisovatelkami jednání byly jmenovány Jana Sovová a Marie Doubravová, zaměstnankyně Organizačního odboru MMB, a právní asistencí byly pověřeny JUDr. Hana Doležalová a Mgr. Nikol Wagnerová, zaměstnankyně Právního oddělení Organizačního odboru MMB. Složení slibu členů Zastupitelstva města Brna Primátorka JUDr. Markéta Vaňková konstatovala, že všem přítomným členům Zastupitelstva města Brna, zvoleným ve volbách do zastupitelstev obcí konaných ve dnech 23. a 24. 9. 2022, bylo předáno „Osvědčení o zvolení členem Zastupitelstva města Brna“ podle § 53 zákona č. 491/2001 Sb., o volbách do zastupitelstev obcí a o změně některých zákonů, v platném znění. V období od zvolení rezignovala na svůj mandát dne 19. 10. 2022 Bc. Petra Quittová. Prvním náhradníkem na kandidátní listině Lid. a Star. (KDU-ČSL+St. a nez.) byl Mgr. Jaroslav Suchý, který se v souladu s § 56 odst. 1 zákona o volbách do zastupitelstev obcí stal dne 20. 10. 2022 členem Zastupitelstva města Brna. Před složením slibu primátorka JUDr. Markéta Vaňková upozornila přítomné členy Zastupitelstva města Brna, že odmítnutí složit slib nebo složení slibu s výhradou má za následek okamžitý zánik mandátu dle § 55 zákona č. 491/2001 Sb., o volbách do zastupitelstev obcí a o změně některých zákonů, v platném znění. Ing. Oliver Pospíšil, tajemník Magistrátu města Brna, přednesl slib stanovený v § 69 odst. 2 zákona o obcích: „Slibuji věrnost České republice. Slibuji na svou čest a svědomí, že svoji funkci budu vykonávat svědomitě, v zájmu města a jeho občanů, a řídit se Ústavou a zákony České republiky.“ Poté jmenovitě vyzval všechny přítomné členy Zastupitelstva města Brna, aby složili slib pronesením slova „slibuji“ a stvrdili jej podpisem na připravených listinách. Následně všech 54 členů Zastupitelstva města Brna složilo bez výhrad slib stanovený zákonem o obcích. Určení ověřovatelů zápisu a schválení programu ustavujícího zasedání Zastupitelstva města Brna Za ověřovatele zápisu byli navrženi JUDr. Robert Kerndl, Vít Prýgl a Mgr. Jaroslav Suchý. K hlasování o návrhu na ověřovatele zápisu bylo přistoupeno bez rozpravy. Hlasování je dále uváděno v pořadí: pro - proti - zdržel se - nehlasoval. Hlasování č. 1: 53 - 0 - 0 - 1",6,36036d38da50510d
jasna-flamikova,Z9/01,13,"Místopředsedou Finančního výboru Zastupitelstva města Brna byl zvolen JUDr. Michal Marek. Volba neuvolněných členek/členů Finančního výboru Zastupitelstva města Brna Předseda volební komise vyzval členy Zastupitelstva města Brna k podávání návrhů na funkci 5 neuvolněných členek/členů Finančního výboru Zastupitelstva města Brna. Člen zastupitelstva doc. MUDr. Tomáš Skřička, CSc., navrhl Bc. Jiřího Kmenta, Bc. Tomáš Koláčný navrhl Mgr. Marka Lahodu, Ing. Karin Karasová, náměstkyně primátorky, navrhla Ing. Daniela Struže, MBA, členka zastupitelstva Mgr. Jasna Flamiková navrhla Ing. Janu Drápalovou a JUDr. Jiří Oliva, člen Rady města Brna, navrhl nezastupitele Petra Šafaříka. O všech kandidátech na člena Finančního výboru Zastupitelstva města Brna bylo hlasováno společně. Výsledek hlasování: - hlasování se zúčastnilo …………………… 54 členů Zastupitelstva města Brna - všichni navržení kandidáti obdrželi ……… 53 hlasů Hlasování č. 28: 53 - 0 - 1 - 0",6,36036d38da50510d
jasna-flamikova,Z9/01,15,"Členy Výboru pro národnostní menšiny Zastupitelstva města Brna byli zvoleni Akop Chodžajan, Mgr. Jasna Flamiková, Bc. Tomáš Koláčný, Bc. Sabina Benešová a Mgr. Jitka Ivičičová. JUDr. Markéta Vaňková, primátorka, upozornila, že v případě Výboru pro národnostní menšiny Zastupitelstva města Brna musí nadpoloviční většinu jeho členů tvořit zástupci národnostních menšin. Proto je nutné, aby předseda tohoto výboru oslovil příslušné spolky národnostních menšin se žádostí o delegování kandidátů na členy výboru, jak je uvedeno v navrženém usnesení k bodu 11). JUDr. Markéta Vaňková, primátorka – přistoupila k hlasování o návrhu na uložení povinnosti předsedovi Výboru pro národnostní menšiny Zastupitelstva města Brna připravit doplňující volbu členek/členů tohoto výboru na příští zasedání Zastupitelstva města Brna: Hlasování č. 35: 54 - 0 - 0 - 0",6,36036d38da50510d
jasna-flamikova,Z9/04,40,"Mgr. Jasna Flamiková: Já nevím, jestli bude pan Kratochvíl odpovídat. Já bych kdyžtak počkala. JUDr. Markéta Vaňková, primátorka: Já myslím, že asi bude reagovat až písemně.",0,a43c0850f687c0a3
jasna-flamikova,Z9/04,40,"Mgr. Jasna Flamiková: Jo, dobře. Tak každopádně, já se vrátím, já bych chtěla poděkovat za stažení toho bodu č. 8) a chtěla bych poprosit, aby kromě komise dopravy byl předložený i v komisi bezpečnosti dopravy.",0,a43c0850f687c0a3
jasna-flamikova,Z9/02,27,"Mgr. Jasna Flamiková: Já bych se jenom chtěla zeptat, znamená to, že kdyby ty akce nebyly tak úspěšné, jak o nich teďka mluvíme, protože ty výdaje byly známé dopředu, tak by to panu Duškovi nebylo, a Hvězdárně, jakoby odpuštěno? Tak to trošku vyznívá. A já si myslím, že ty pravidla nějakým způsobem platí a prostě ten ředitel Hvězdárny, nebo Hvězdárna samotná si tyhle věci prostě měla ošetřit dopředu",0,9d9381375d84a343
jasna-flamikova,Z9/02,52,"Mgr. Jasna Flamiková: Já bych se chtěla zeptat na jednu věc. Já jsem si včera porovnávala přílohu 3, to znamená dopravně provozní standardy linek, které mají být platné od 11. 12. 2022, a když jsem porovnávala jednotlivé jízdní řády těch linek, tak jsem zjistila, že v podstatě, zdá se, že plošně, neprošla jsem všechny, že linky, které začínaly jezdit po 4. hod., tak začínají jezdit až po 5. hod., ty, které začínaly jezdit po 5., začínají jezdit po 6., což v podstatě znamená, jako spousta lidí, kteří se ráno potřebují dopravit do práce. Stejně tak se prodlužují intervaly ve večerních hodinách, po 20:30, od trolejbusu třeba, z 20 min. na 30 min. Tak bych se chtěla zeptat, proč tadytoto vůbec v té důvodové zprávě není? Protože, za mě, to není zachování stávajícího rozsahu městské hromadné dopravy.",0,9d9381375d84a343
jasna-flamikova,Z9/02,53,"Mgr. Jasna Flamiková: Já se přiznám, že tomu teď nerozumím. Protože když srovnávám tu přílohu č. 3 s aktuálně platnými jízdními řády vyvěšenými na webovém, na webových stránkách Dopravního podniku, tak se prostě liší v tom, co jsem uváděla. Ty večerní intervaly se prodlužují a ty spoje před tou 5., nebo 6. najednou nejezdí. Tak teď nerozumím tomu, kde je vlastně, znamená to, že jezdíte nadstandard toho, co nám tvrdíte?",0,9d9381375d84a343
jasna-flamikova,Z9/02,53,"Mgr. Jasna Flamiková: Jednička tam má výluku, na tu jsem se vůbec nedívala, ale například linka 44 jezdila už mezi 4. a 5. hod., stejně tak některé trolejbusy. Stejně tak u těch trolejbusů, na které jsem se dívala, třeba, nevím, byl, ale bylo jich fakt jakoby víc, tak se prodlužoval ten večerní interval, z 20 min. na 30 min.",0,9d9381375d84a343
jasna-flamikova,Z9/02,53,"Mgr. Jasna Flamiková: Tak já jenom, uváděla jsem konkrétní linku, 44 …",0,9d9381375d84a343
jasna-flamikova,Z9/02,54,"Mgr. Jasna Flamiková: No a tady je napsáno, že bude jezdit až od 5. hod.",0,9d9381375d84a343
jasna-flamikova,Z9/02,54,"Mgr. Jasna Flamiková: Na těch dopravně provozních standardech je napsáno, že ty spoje budou jezdit od 5 hod., takže nebudou …",0,9d9381375d84a343
jasna-flamikova,Z9/02,54,"Mgr. Jasna Flamiková: Já se na to dívám. A já tady prostě tu noční dobu, ta noční doba tady, v těch vymezených intervalech, končí 23. hod. Takže já tady prostě nikde nevidím, že by se to přenášelo v nějakých nočních hodinách.",0,9d9381375d84a343
jasna-flamikova,Z9/02,57,"Mgr. Jasna Flamiková: Já bych se chtěla zeptat na službu „Nechte auto doma, my vás svezeme!“, kterou zřejmě nabízí Dopravní podnik u nás ve čtvrti, protože tomu vlastně nerozumím. Já jako chápu, že tuhle službu nabízí některá města v centrech svých měst, tam, kde se lidi nedostanou autem nebo MHD, zejména třeba pro seniory, nebo pro lidi hůře chodící, takže by to dávalo smysl, například, že by tuto službu město Brno nabízelo svým občanům, že je sveze na Svoboďák, v případě, že by se tam nedostali autem nebo MHD. Ale vlastně asi to nedává smysl jakoby ve čtvrti, jako je ta naše. Vlastně by mě zajímalo, co má být účelem? Protože jestli to znamená, že já vlastně někam zavolám, někdo mě někam odveze, funguje to, tak vlastně bych o tom chtěla vědět trochu víc. Protože je to nesrozumitelný.",0,9d9381375d84a343
jasna-flamikova,Z9/02,58,"Mgr. Jasna Flamiková: To zní moc dobře. Já bych se chtěla zeptat jenom na jednu věc, protože zřejmě se ta služba objednává pomocí aplikace. U nás ve čtvrti je obrovskej problém, že na té naší straně kopce například není žádný obchod s potravinama, tak senioři vlastně, i hůře chodící a ve vysokém věku, si pro ty nákupy, pokud nemají auto, musí jezdit do města trolejbusem a je to pro ně jako fakt náročný někdy, když ty lidi vidím. Tak bych se chtěla zeptat, jestli se nějak počítá s tím, nebo jestli se udělaly nějaký kroky pro to, aby tahle služba byla přístupná právě těm, kteří ju nejvíc potřebují.",0,9d9381375d84a343
jasna-flamikova,Z9/03,22,"Mgr. Jasna Flamiková: Já jsem minulý týden šla po Mendlově náměstí a chtěla bych se zeptat, jestli se počítá s instalací nějakých funkčnějších přístřešků, než jsou ty, co tam jsou. Oni jsou sice designově velmi pěkné, ale ve chvíli, kdy začne pršet a foukat vítr, tak se tam ti cestující, pod nima, prostě neschovají. Takže bych se chtěla zeptat, jestli myslíme při té realizaci taky na funkčnost těch věcí, nebo jestli nám jde jenom o to, aby to nějakým způsobem, řeknu, bylo krásné. Protože, domnívám se, že městský mobiliář by měl být především funkční.",0,31d42a3a0b7a27be
jasna-flamikova,Z9/03,73,"Mgr. Jasna Flamiková: A já děkuju za slovo, i když nevím, jestli nebudu za chvíli zase vypnutá. Ale já bych se chtěla věnovat žádosti, kterou jsme dostali od spolku Sousedé Lužánek a která se týká záměru novostavby bytového domu na Lidické 77. Podle mých informací se tomu má věnovat rada města a já nechci mluvit k záměru, jako takovému, protože máte určitě k dispozici i připomínky a vyjádření městské části Brno-střed, která kromě jiného požadovala zachování 2 vzrostlých, hodnotných a perspektivních stromů, které chce investor pokácet. Ale chtěla bych něco říct víc tadyktěm stromům, protože to nejsou jen tak nějaké, jako velké stromy, to jsou skutečně stromy mimořádné hodnoty. Jsou to jedny z největších stromů v Brně. Obvod kmene jednoho z těch stromů je přes 4 m, 430 cm, u toho druhého to je 470 cm. Výška těch stromů je 35 m. A dále tam je mohutný, 5kmenný javor kmen. Vždycky, když se jedná o kácení tak velkých stromů, tak si vzpomenu na jednání se zahradními architekty, když jsme projednávali revitalizace parků, a když nám říkali, že tak velké stromy už nám v Brně prostě nevyrostou. Tak jak se zhoršují ty podmínky ve městě pro nás, ať už se jedná o znečištěné ovzduší, nebo narůstající vlny veder v létě, které vlastně ohrožuje i nás lidi, tak stejně tak to ohrožuje ty stromy. A my sice dneska investujeme spoustu peněz do toho, abysme těm stromům vytvořili jako dobré podmínky, vytváříme různé systémy, ale přesto se může stát, že ty stromy, že to nebude stačit. Protože cihly poskládáme jednu na druhou, ale ty stromy jsou živé organismy a může se stát, že přes to všechno prostě takové stromy už nám tady opravdu nevyrostou. A zatímco my investujeme peníze a hledáme cesty k tomu, abysme město v létě ochladili, tak teploty téměř každé léto dosáhnou nového rekordu. A s tím je spojená samozřejmě i zvýšená úmrtnost ve vlnách veder, o které se zatím bohužel příliš nemluví. A já si proto myslím, že město by mělo udělat všechno pro to, aby zabránilo, nebo, kácení tadytěhle stromů. Protože kdyby neudělalo všechno, co může, tak by šlo proti vlastním zájmům a zájmům vlastních obyvatel. Pokud vyjdu z metodiky ochrany, ochrany přírody a krajiny, doporučenou Ministerstvem životního prostředí, tak hodnota 1 tohoto stromu se pohybuje kolem 1.000.000 Kč. Vzhledem k tomu, že se jedná o 3 takové stromy, tak hodnota těchto stromů, podle této metodiky, bude tak 2,5-3.000.000 Kč. K tomu je potřeba připočítat benefity, kterou tyto",0,31d42a3a0b7a27be
jasna-flamikova,Z9/05,9,"Mgr. Jasna Flamiková: Já jsem se přihlásila tadyktomuhle bodu, ale vlastně se to týká i bodu 11), 12) a vlastně všech bodů, kde se aktualizuje rozpočet rozpočtovým opatřením. Žádný z těchto bodů nebyl projednán v příslušné odborné komisi. U bodu č. 11), který se týká Odboru dopravy, tak je napsaný, že se to nestihlo z časových důvodů, přitom pan Pospíšek to podepisoval, ten materiál, den před komisí dopravy, to znamená, že stihnout se to mohlo. Ale u těch ostatních 2 bodů to není vůbec jakoby napsáno. Tam se zřejmě s projednáním v odborné komisi nepočítá, přestože dřív tyto body standardně odbornými komisemi procházely. Takže to trošku působí, jako že se koalice chce vyhnout nějaké transparentní kontrole. Takže já bych chtěla požádat, aby tyto body do těch odborných komisí byly předkládány. Protože právě odborníci si můžou všimnout, že někdy navrhovaná výše finančních prostředků je vyšší, než je tam navrhováno a podobně.",0,855e8c7abe4c7621
jasna-flamikova,Z9/05,10,"Mgr. Jasna Flamiková: Já bych chtěla podotknout, že paní Drápalová je bezpochyby velice schopná, ale určitě neobsáhne to, jak se hýbají ceny ve všech oborech, ve všech zakázkách, které Zastupitelstvo města Brna schvaluje. A těžko někdo jiný než odborníci v té příslušné komisi si všimne, že prostě na některou akci je alokováno výrazně víc finančních prostředků, než kolik by ta akce, jako taková, měla stát. Takže si myslím, jestli chceme jakoby s péčí řádného hospodáře kontrolovat, kam prostředky města tečou, tak by tyto materiály měly procházet i odbornými komisemi. Já jsem v Zastupitelstvu města Brna byla, je to už několik volebních období zpátky, ale pamatuju si, že tydle věci přes ty komise chodily.",0,855e8c7abe4c7621
jasna-flamikova,Z9/05,12,"Mgr. Jasna Flamiková: Já jsem se hlásila, jako reakce na Vaše poslední slova. Vy jste říkala, že komise jsou poradní orgán rady, a iniciační. To samozřejmě respektuji. Zároveň, pokud komise má dobře vykonávat svoji práci, tak by skutečně měla mít přístup k těm podkladům, protože potom nemůže svoji práci dobře vykonávat. To je všechno, co jsem chtěla říct.",0,855e8c7abe4c7621
jasna-flamikova,Z9/05,22,"Mgr. Jasna Flamiková: Já bych jenom chtěla podotknout k těm ohňostrojům. Že to je zábava, od které by město už mělo konečně ustoupit, že už dneska existují jiné alternativy, které nezamořují ovzduší toxickými látkami, které nemají negativní vliv na zvířata a na ptáky a které i tak jako dokážou poskytnout zábavu lidem, kteří o to stojí. Myslím si, že je skutečně jakoby, že by se tím mělo město vážně zabývat.",0,855e8c7abe4c7621
jasna-flamikova,Z9/05,22,"Mgr. Jasna Flamiková: Já to samozřejmě kvituji, a tím pádem si myslím, že do budoucna by město už tady od pořádání těch ohňostrojů měl ustoupit.",0,855e8c7abe4c7621
jasna-flamikova,Z9/07,7,Mgr. Jasna Flamiková – prohlásila i opětovné hlasování o kandidátce JUDr. Kristýně Fuchsové za zmatečné a požádala o nové hlasování.,4,736feb627c8ee927
jasna-flamikova,Z9/07,8,"JUDr. Markéta Vaňková, primátorka – z důvodu časové prodlevy žádosti Mgr. Jasny Flamikové požádala o právní konzultaci JUDr. Hanu Doležalovou, vedoucí Právního oddělení Organizačního odboru MMB, která prohlásila, že zpochybnění hlasování by mělo být skutečně bezprostředně po hlasování, nicméně není to stanoveno zákonem, ale pouze jednacím řádem, takže pokud by byl všeobecný konsensus, dá se hlasovat opětovně. Mgr. Jasna Flamiková – vyjádřila svůj názor, že hlasování by mělo být zopakováno i v případě volby kandidáta Olega Beznosika.",4,736feb627c8ee927
jasna-flamikova,Z9/07,8,2. ZMB volí volební komisi pro volbu člena/členky Výboru pro národnostní menšiny Zastupitelstva města Brna ve složení: Mgr. Marek Viskot - předseda Mgr. Jasna Flamiková Petr Bauer Mgr. Bc. Blanka Borovská,0,736feb627c8ee927
jasna-flamikova,Z9/07,36,"Mgr. Jasna Flamiková: Já jsem moc ráda, že se Brno bude účastnit tohoto projektu. Zároveň musím vyslovit určitou lítost nad tím, že podobný projekt jsme na Brně-střed realizovali v roce 2016, kdy jsme zhruba na 7 školách udělali velmi podrobný průzkum téměř mezi všemi žáky, kteří měli vyplnit, pokud chodí pěšky do školy nebo MHD, tak na kterých místech se necítí bezpečně a proč. Potom ty výsledky byly daný do nějakých tabulek a tam, kde vlastně se ukázalo, že nejvíc dětí, pro nejvíc dětí jsou ta místa nebezpečná, tak jsme žádali odbor dopravy o realizaci. Jsou z toho například zvýrazněný přechod na Nových sadech, zvýrazněný přechod na Husové, těch míst je jakoby mnohem víc, ale vlastně místo, které nejvíc dětí ze základní školy Křídlovická označilo jako nejvíc nebezpečné, tam, kde by si přály přechod, a to je přes vedlejší ulici Nádvorní, tak jestli se nepletu, tak dodneška tam ten přechod není, přestože pokud tadynatudle lokalitu přijde v komisi dopravy na Brně-střed, tak to tam jako opakovaně zvedám a opakovaně to po odboru dopravy žádáme. Tak bych si moc přála, aby tenhle projekt, pokud přijde s nějakými doporučeními, aby se ty doporučení skutečně bezprostředně a rychle realizovaly. Protože je to rok 2016, máme rok 2023, je to skutečně jako hodně dlouho. Tam tehdy 77 dětí prostě nezávisle na sobě napsalo, tady bysme potřebovaly přechod. Ty řidiči na nás najíždí, nenechají nás tady projít. Takže pokud se budou děti cítit bezpečně, tak je ani rodiče nebudou tolik vozit autem do školy. Takže já bych skutečně chtěla apelovat na to, aby, pokud tadyten projekt přijde s nějakými doporučeními, aby je město Brno realizovalo. Zatím jsem k tomu skeptická.",0,736feb627c8ee927
jasna-flamikova,Z9/07,40,"Mgr. Jasna Flamiková: Já jsem samozřejmě ráda za ten projekt, chtěla bych se zeptat na jednu věc. Vzhledem k tomu, že nejvíce je ohříváním ohrožené centrum města, ten rozdíl teploty mezi centrem města a okrajem Brna může být i několik stupňů, tak bych se chtěla zeptat, proč zde není zahrnutá městská část Brno-střed? Protože si myslím, že zde jsou tydle opatření jakoby nejdůležitější. A chtěla bych znovu, v tédle souvislosti, připomenout vykácení těch 200 stromů na výstavišti. Což skutečně pokládám, já jsem řekla, že za zločin, svým způsobem to zločin je, na budoucnosti našich dětí. Protože i když tam vysázíme 3x tolik prostě malých stromečků, tak ty malý stromečky prostě ty velké stromy a ten jejich vliv na ochlazování okolí nenahradí. Takže bych chtěla znovu apelovat na to, aby projekty, které město realizuje, ať už samo, nebo ve svých městských firmách, aby skutečně velmi citlivě posuzovali, zda je vůbec možné kácet, a aby se snažili ty stromy za každou cenu chránit. Protože, jak říkají zahradní architekti, tak velké stromy už nám tady nevyrostou. A ty teploty, i když to třeba letos na jaře není tak vidět, ty teploty se prostě postupně zvyšují a v tom městě se za pár let nebude dát vůbec žít.",0,736feb627c8ee927
jasna-flamikova,Z9/07,40,"Mgr. Jasna Flamiková: Já děkuju za informace. Já bych se chtěla jenom implicitně zeptat, jestli tedy městská část Brno-střed zatím neprojevila zájem?",0,736feb627c8ee927
jasna-flamikova,Z9/07,72,"Mgr. Jasna Flamiková: Já tady mám několik interpelací. V té první bych se ráda vrátila k volbě našeho zastoupení ve Výboru pro národnostní menšiny. Já když jsem byla zvolená do tohoto výboru a sešli jsme se na prvním zasedání, tak jsem byla překvapená, že v tomto výboru není zástupce romské menšiny. A byl to jeden z důvodů, proč jsem se rozhodla tadyto místo, v podstatě na něho rezignovat, a doufala jsem, že tak jak je zvykem, že tam náš klub, když tam náš klub navrhne zástupce, že bude zvolený. A mrzí mě, že JUDr. Kristýna Fuchsová nebyla zvolená, protože dělá v organizaci IQ Roma servis, s romskou menšinou je v intenzivním kontaktu a byla by, aspoň zprostředkovaně, zástupcem této menšiny. Takže si skutečně myslím, že by se mělo jakoby, že byste se měli, kolegové, ještě zamyslet a že bysme se k této volbě měli vrátit. To, o co bych chtěla ještě poprosit, já když jsem se ptala, proč zde není zástupce romské menšiny, tak mi bylo ze sociálního odboru odpovězeno, že posílali maily všem organizacím a že se jim z romských organizací nikdo neozval. Já samozřejmě jakoby vím, že se může stát, že ten mail zapadne nebo spadne do spamu. U tak významné národnostní menšiny bych trošku čekala, že pokud se nikdo neozve, že ten sociální odbor je kontaktuje napřímo. V každém případě bych chtěla poprosit a chtěla bych doložit ty maily, kterými byly tyto organizace osloveny. To je jakoby první věc. Potom, jsem moc ráda, že další interpelace se vyřešila dřív, než jsem ju mohla podat. Protože dneska ráno se lidé docela zděsili,",2,736feb627c8ee927
jasna-flamikova,Z9/06,26,"Mgr. Jasna Flamiková: Já jsem bohužel nerozuměla té úplně první části, kterou pan radní Kratochvíl, kterou jste říkal. Já budu reagovat na tu druhou část. Máte pravdu, že jsem to nevznesla ani na jednání u Vás, kde když jsme mluvili o Fondu mobility, tak jsem ale, tak jsme tam navrhovali tu část, aby nějaká část finančních prostředků byla alokována, byla alokována na udržitelnou a aktivní dopravu. A já jsem z tohodle jednání odcházela s pocitem, že se nebude rozšiřovat vlastně využití finančních prostředků z toho fondu ve prospěch automobilů. Takže možná jsem to špatně pochopila, proto jsem toto nevznesla na komisi bezpečnosti. Ale tydle 2 usnesení jsem už vznesla na komisi dopravy, kde se hlasovaly. A já si, jako bych ráda řekla, že já to můžu vznášet na té komisi, ale já si skutečně myslím, že to je natolik důležité téma, že je potřeba, abysme o něm mluvili veřejně. A že je potřeba mluvit o tom, že co se týká udržitelné mobility, tak prostě postupuje Brno strašně pomalu. Fakt jako, ale strašně pomalu. Já se omlouvám. Prostě budu to tady otevírat a budu o tom mluvit, protože máme velké zpoždění. A je to škoda. Těch lidí, který by jezdili na kole, je prostě hodně, městu by to ulevilo, nevznikalo by tady tolik zácp, měli bysme čistější ovzduší. Těch benefitů je skutečně moc.",0,e715158e17e939ea
jasna-flamikova,Z9/06,26,"Mgr. Jasna Flamiková: Já znovu opakuju, že jsem z toho jednání u Vás odcházela s tím, že se nebude rozšiřovat využití prostředků ve prospěch parkování automobilů. A proto jsem to na komisi bezpečnosti, todle téma, už nezvedla. A když jsme potom dostali materiály do zastupitelstva, a já jsem zjistila, že jsem to zřejmě pochopila špatně, tak proto jsem tydle 2 usnesení, které teď načítám tady, načetla v komisi dopravy, kde jsem taktéž členem, a tam se tyto návrhy hlasovaly. Jinak, jak jsem říkala, Vy jste předtím, když jste vystoupil, něco říkal úplně na úvod. Já jsem tomu nerozuměla, byl tady trochu ruch.",2,e715158e17e939ea
jasna-flamikova,Z9/06,32,"Mgr. Jasna Flamiková: Já se ještě vrátím k tomu bodu, co se týká Fondu mobility a rozdělení těch prostředků. Já jsem si to počítala, využití prostředků ve prospěch udržitelné aktivní dopravě, tady 9 %. Chtěla jsem ještě říct, protože kolegyně Drápalová mně mezitím říkala to, co jsem nerozuměla, když mluvil pan radní Kratochvíl, já jsem samozřejmě ten návrh na učinění toho přechodu na Veveří dělala i jakoby na Brně-střed. Nebo jsem to vznášela i na Brně-střed. Ale my jsme skutečně v situaci, kdy prostě městské části jako žádají o různé dopravní značení, o různé úpravy bezpečnosti, a spousta těch věcí je nerealizovaná. Já teda zrovna bych ráda uvedla přechod na ulici Nádvorní, u školy Křídlovická, kde jsme dělali tehdy průzkum, bezpečně do škol, a kde v tom průzkumu 77 dětí, jakoby nezávisle na sobě, uvedlo, že jim chybí přechod právě přes tu ulici Nádvorní. Teďka tam máme podněty z řad občanů, že tam ten přechod chybí. My jsme to tehdy vznášeli na Odbor dopravy, jako podnět, bylo nám slíbeno, že se to zrealizuje s rezidentním parkováním. 2016 se to dělá. Je to 7 let, ten přechod tam pořád není. Znovu to řešíme. Takže jako městské části, kdyby měly dopravní značení ve své gesci, tak určitě by si to řešily. Ale nemají. Prostě je to komplikované. Takže, to jsem jenom chtěla doplnit.",2,e715158e17e939ea
jasna-flamikova,Z9/06,32,"Mgr. Jasna Flamiková: Já bych chtěla říct panu radnímu Kratochvílovi, že si toho samozřejmě nesmírně vážím. Já jsem některé ty projekty předkládala už přímo v komisi bezpečnosti. Některé nějakým způsobem byly schválené. Takže toho určitě využívám a budu využívat.",0,e715158e17e939ea
jasna-flamikova,Z9/06,34,"Mgr. Jasna Flamiková: Já jsem jenom chtěla dodat, že řada z měst v zahraničí dokonce dotuje jako cargo kola, pro svoje občany, nebo pro svoje firmy. Právě proto, aby snížila automobilovou zátěž ve městě.",0,e715158e17e939ea
jasna-flamikova,Z9/06,34,"Mgr. Jasna Flamiková: Já se omlouvám, já jsem si vzpomněla, co jsem chtěla říct. Chtěla jsem říct, že na podporu parkování tady schvalujeme jako asi 90 % těch peněz, co se, co o nich budeme hlasovat. A pan kolega Prokeš se neptá na to, jestli parkování ve městě funguje nebo nefunguje. Já si myslím, že těch aut je tady příliš a že je úplně správně, že budeme podporovat projekt cyklo překladiště.",0,e715158e17e939ea
jasna-flamikova,Z9/06,83,"Mgr. Jasna Flamiková: Já každopádně považuju za zvláštní, pokud se ta akce prezentuje jako propagace sociálního fondu a pokud v té smlouvě o tom není ani slovo, a je tam naopak souvětí, že se má propagovat paní primátorka, její jméno, včetně titulu. Nepřijde mi to úplně šťastné. Ani mi nepřijde úplně šťastné, pokud prostě na akci, která je prezentovaná jako charitativní, jako marketingová, tak se vlastně vybere neúměrně méně finančních prostředků, než je na ni vynaloženo. Nevím, kdo tu akci dával dohromady, kdo ju nějakým způsobem marketingově stavěl, ale myslím si, že pokud máme propagovat Sociální nadační fond, tak bych si představovala, že na těch plakátech budou třeba někteří lidé, nebo nějaké jakoby situace, ilustrativní, jakým lidem vlastně ten fond pomáhá a z jakých situací je tahá. A ne, že se tam bude smát paní primátorka s panem Polívkou. To jako, to si fakt jako nemyslím, že si pod tím lidé všimnou, že někde, dole, na plakátě je prostě nějaké sousloví sociální, sociální fond. To si myslím, že si toho fakt nikdo nevšimne.",0,e715158e17e939ea
jasna-flamikova,Z9/06,84,"Mgr. Jasna Flamiková: Já samozřejmě rozumím tomu, že se osloví známá osobnost na plakáty, aby přilákala pozornost. To je úplně v pořádku. Ale pokud cílem bylo jako přilákat rodiny s dětmi, tak opravdu nevím, jestli se dá říct, že ta akce, která, na které bylo nějakých, necelé 300 účastníků, byla úspěšná, pokud stála přes 750.000 Kč. A myslím si, že kdyby se vynaložilo několik set milionů, několik set tisíc korun, zvolila se nějaká vhodná forma propagace na ty plakáty, která by prezentovala příběhy těch lidí, tak se kolem toho ani nemusel dělat takový humbuk a akce, a mělo by to možná větší dopad. Protože když se ty plakáty vyvěšují třeba na zastávky MHD, kde ty lidi čekají, tak jako mají čas si to prohlídnout a přemýšlet nad tím, když je to fakt jako dobře vymyšlený. Takže si myslím, že by se to zpropagování toho sociálního fondu skutečně dalo udělat výrazně efektivnějším způsobem.",0,e715158e17e939ea
jasna-flamikova,Z9/06,85,"Mgr. Jasna Flamiková: Já bych se s Vámi chtěla podělit o takový krátký příběh z poslední komise životního prostředí. Nechci tím zdržovat, ale myslím si, že to je velice důležité pro pochopení toho, co chci dále říkat. Jsme na poslední komisi životního prostředí dostali k projednání návrh na souhlas s kácením velkého stromu na Starém Brně, který je v konfliktu, nebo se říkalo, že je v konfliktu se stavbou IMPERA line, která tam staví multifunkční soubor Rybářka. My jsme nad tím dlouho diskutovali. Jedná se o strom, který je prostě vitální, zdravý, v dobrém zdravotním stavu, několik desítek prostě let starý, a když s tím vlastně přišel investor v roce 2001 na Odbor životního prostředí, tak bylo rozhodnuto, že strom by se kácet neměl a že by se měl přesázet. Takže zhruba rok hledal investor prostě způsob, jakým způsobem strom přesadit, stálo by to poměrně velké finanční prostředky, pravděpodobně v řádu milionů. No, a když už se téměř jako chýlilo k realizaci, tak se ukázalo, že nakonec se strom přesázet nedá, protože síť, která vedla na papírech, v dokumentech, vlastně mimo jeho kořenový bal, tak se ukázalo, že, jak se často stává, že vede vlastně kořenovým balem a že ten strom se nedá posázet, přesázet. Takže investor jako znovu žádal o to, aby strom byl pokácený. My jsme to na té komisi nerozhodli, to rozhodnutí jsme odložili po nějaké, dlouhé diskusi. No, a když jsem, protože tam byla i paní architektka Vágnerová, kterou si investor najal, která tam navrhla nějakou náhradní výsadbu 3 velkých stromů, a tak jsem se jí ptala, za jak dlouho ty 3 velké stromy jako jsou schopni vyrovnat ty ekosystémové služby, který nám teďka poskytuje ten strom, který by se kácel. A ona mi říkala, to se nedá říct, to je možná jako 15 let, možná 20 let, ale možná vůbec. A když jsem s ní telefonovala ještě o týden později, tak říkala, že zástupce investora se vydal znovu jako na místo stavby a zjistil, že ten strom vlastně vůbec není v kolizi se stavbou, že roste tak, že pokud se uřízne, nějak, 1 jeho významná větev, tak že bude možné ho zachovat. A chci říct, že takhle je to často. Že v tu stejnou dobu, kdy my jsme vedli tadytoto jednání, tak přibližně v tu stejnou dobu padlo 200 stromů na výstavišti kvůli výstavbě zázemí multifunkční haly. Těch 200 stromů, to byly stromy, které nebyly náletové, byly to stromy systematicky vysázené, udržované. Já jenom možná řeknu, že 40 z těch stromů mělo obvod kmene 25-31 cm, další 40 obvod kmene 31-48 cm a 17 stromů, nebo v podstatě celkem 20 tam bylo srovnatelných s velikostí toho stromu, o který se mělo, měl investor pokusit ho zachránit. A já když jsem se na to ptala, na prezentaci k multifunkční hale, za kterou velmi děkuji, tak pan ředitel BKOMU, Borový, řekl, že ty stromy se kácely, ale že se zde provede třikrát tak velká náhradní výsadba. A já bych chtěla říct, že si často někteří můžou myslet, že když se provede větší náhradní výsadba,",6,e715158e17e939ea
jasna-flamikova,Z9/06,87,"Mgr. Jasna Flamiková: Já budu stručná. Já bych se chtěla zeptat a vrátit se ke zrušené architektonické soutěži na náměstí Republiky. Když jsme s kolegyní Drápalovou před volbami upozorňovaly na to, že ta soutěž je vypsaná tak, že tam není záruka toho, že ty stromy budou v tomto prostoru náměstí zachovány, tak nám, z Kanceláře architekta města jsme byly osočeny, že lžeme. Teď se soutěž zrušila",0,e715158e17e939ea
jasna-flamikova,Z9/08,1,"Omluveni: Mgr. Jasna Flamiková (od 11:15 hod.), Mgr. Petr Hladík, Mgr. Monika Lukášová Spilková, Ph.D. (do 9:00 hod.) a Ing. Daniel Struž, MBA.",0,1b7d3b44f9e1e083
jasna-flamikova,Z9/09,1,"Omluveni: Mgr. René Černý, 1. náměstek primátorky, Mgr. Jasna Flamiková, Bc. Tomáš Koláčný (do 10:00 hod.) a Mgr. René Novotný.",0,3662325cd3a42957
jasna-flamikova,Z9/11,21,"Mgr. Jasna Flamiková: Já bych chtěla jenom doplnit, že pan Hollan je na jednání s bývalým náměstkem za ODS, panem Bénem. Samozřejmě není uvolněným zastupitelem, takže to má poněkud složitější se na mimořádné zastupitel, zastupitelstvo dostavit. Já bych se chtěla vrátit ještě k tomu, co pan Hollan zmiňoval. Paní primátorka na posledním zastupitelstvu zmiňovala, že projekt 3. kotle ohrožuje, ohrožuje Akční plán udržitelné energetiky a klimatu. Chtěla bych z něho citovat, protože tak jak pan Hollan říkal, tak ten akční plán stojí i na existenci toho 3. kotle. „V současnosti plánuje SAKO Brno realizaci 2 projektů, které budou mít pozitivní vliv na produkci emisí CO 2 ve městě. Prvním projektem je dostavba 3. spalovenské linky v zařízení na energetické spalování odpadu SAKO, který je přípravou dokumentace pro územní rozhodnutí. Vzhledem k tomu, že zpracovaný odpad obsahuje až 70 % biodegradabilní složky, jedná se o výstavbu významného obnovitelného zdroje energie. Dojde k úspoře zemního plynu a vyrobené teplo bude dodáváno do soustavy zásobování teplem v Brně. Projekt významně sníží dopady výroby tepla ve městě na produkci emisí CO2.“ Není teda pravda, co zde padalo, že ten projekt je v rozporu s tím Akčním plánem udržitelné energetiky a klimatu, SECAP. Já bych taky chtěla říct, tady všichni říkají takové příběhy, já bych taky chtěla říct příběh. Protože u nás ve čtvrti, nahoře, na Vaňkově náměstí, jsme měli sběrný dvůr, a ve chvíli, kdy se začal rušit, tak nám bylo řečeno, budete mít sběrný dvůr dole, na Veveří. Ale ani ten už nemáme. Protože ten se ruší kvůli výstavě parkovacího domu a parkoviště. Chtěli jsme, aby se to sběrné středisko zapracovalo do toho parkoviště, to místo je tam velkorysé, vešlo by se to tam, zase tam není. Jako mně se strašně líbí, když se tady mluví o tom, že se má víc jako třídit a recyklovat, a samozřejmě to podporujeme, ale prostě ty podmínky pro občany se pro to nevytváří. Ale to není, jako to nejdůležitější. Ty podmínky pro občany můžou být úplně luxusní, ale v podstatě, on pan Kratochvíl to řekl, i když potom to jako zpochybnil, ale řekl - já se vlastně v tom nevyznám. To jste, to jste řekl, když jste mluvil v té své řeči. Já bych chtěla říct, že já jsem strašně ráda, pokud ODS začne prosazovat větší třídění odpadu, pokud začne prosazovat a tlačit větší jeho materiálové využití. Já se prostě jenom obávám, že kolegové, kteřé, kteří se této branži doposud nevěnovali, že vlastně neví, jak složitá ta situace je. A že skutečně není možné, jako za několik málo let, dojít k tomu, že ten odpad začneme celý materiálově využívat. Ani teďka zdaleka všechno to, co se vytřídí, není možné energeticky zpracovat. Protože na to prostě nejsou, ne kapacity, nejsou na to, neexistujou pro to podmínky. Ale neexistujou, u některýho toho odpadu neexistujou ani cesty zatím, jak ho zpracovat. To není tak, jako že se luskne prstama a najednou tady ty kapacity budou. Ale ten odpad nám tady zůstane. My sice nemáme na území města skládku, nebo máme ty staré skládky, ale pořád nějaký odpad vozíme i mimo Brno. Takže i ta argumentace tím, že máme myslet jen na sebe, tak dobře. A co k nám ty obce řeknou, tak si ten odpad, kterej vozíte k nám, tady nechte. K tomu příkladu se Švédskem bych chtěla říct, že Švédsko má 34 zařízení na energetické zpracování odpadu. My máme 4. To znamená, že ani to",0,8b2034d2529405ca
jasna-flamikova,Z9/11,27,"Mgr. Jasna Flamiková: Já bych chtěla vyjádřit svoje znepokojení nad tím, že nám pořád nebylo odpovězeno na řadu dotazů, které jsme položili. A považuju, pokud je možné to hlasování odložit, a nám nebylo odpovězeno, a je tady ten prostor, tak prostě nevím, proč vedení města odmítá nechat prostor odborníkům, nebo proč samo na některé dotazy neodpoví?",0,8b2034d2529405ca
jasna-flamikova,Z9/11,30,"Mgr. Jasna Flamiková: Ona už to kolegyně řekla, že samozřejmě budeme proti tajnému hlasování. Ale pokud tady lítá ve vzduchu možnost způsobení až několika miliardové škody Brnu, nebo jeho společnostem, tak by mě zajímalo, zda hlasováním pro tajné hlasování není možné umožnit nevyšetření a poškodit tým Brno? Je to takové napomáhání trestnému činu.",0,8b2034d2529405ca
jasna-flamikova,Z9/11,32,"Mgr. Jasna Flamiková: Já bych chtěla položit takovou jako otázku členům koalice, jestli jim skutečně nevadí, natož, za, to, že tady nikdo za SAKO nevystoupil a neřekl, jak to teda bylo s tou zakázkou? Protože tady se něco tvrdí, ta zakázka se zpochybňuje, ale nedá se prostor nikomu, kdo třeba tady mluvil na pondělní prezentaci, kde ti zastupitelé nebyli. Mně to přijde velmi podivné.",0,8b2034d2529405ca
jasna-flamikova,Z9/11,35,"Mgr. Jasna Flamiková: Já bych chtěla, děkuju za slovo, já bych chtěla načíst návrh usnesení - zastupitelstvo bere na vědomí, že si je vědomo všech negativních dopadů na společnost SAKO, Teplárny, město Brno i Jihomoravský kraj, které nastanou v případě ukončení projektu výstavby 3. kotle.",2,8b2034d2529405ca
jasna-flamikova,Z9/10,24,"Mgr. Jasna Flamiková: Vážené kolegyně, vážení kolegové, chtěla bych Vás poprosit, abyste nehlasovali pro zvýšení dotace na ohňostroje, protože mluvíme tady o čistotě ovzduší pro Brňany. Například novoroční ohňostroj v Praze vyprodukuje tolik doxinů, co, co vypustí zařízení na ekologické spalování odpadu za 100 let. Ve Velké Británii se dělala studie, že za rok 2010 bylo při ohňostrojích do ovzduší uvolněno 6x více dioxinů, než vyprodukovaly všechny spalovny na zpracování energetického využití odpadu za ten stejný rok. To znamená, že spalovny, že ohňostroje výrazně znečišťují ovzduší. A pokud se tady bavíme o tom, že chceme mít čistější ovzduší pro Brňany, tak nemůžeme pro tento bod hlasovat.",0,eb0d7acd8a1bcc62
jasna-flamikova,Z9/10,55,"Mgr. Jasna Flamiková: Já budu už velice stručná. Já to tady poslouchám, taky se nestačím divit. Ta změna rétoriky ohledně prezentace těch rizik včerejšího podvečera a dnešního dne je zcela zřejmá. Já jsem skutečně velmi zvědavá na otázky, které položil pan, na odpovědi na otázky, které předložil pan ministr Hladík. To je jedna věc. Druhá věc je, už to tady zmínil kolega Hollan, pokud na jedné straně argumentujeme tím, že chceme čistější ovzduší pro občany, tak nemůžeme obratem hlasovat pro navýšení peněz na ohňostroje. To je prostě fakt jako nehorázné. To, že se to třeba někdy jako zruší, no, tak pro to nehlasujte, když chcete čistější ovzduší pro lidi. A poslední poznámka. Jako mě skutečně velice mrzí, ta spalovna bude město při té dotaci stát 1.300.000.000, 1.500.000.000 Kč. 4x, 5x tolik dá město za multifunkční halu. Dělal někdo takhle podrobnou analýzu rizik? Dělal někdo analýzu toho, co to bude znamenat, že skutečně do centra města bude najíždět jako spousta aut, které by tam jinak nenajížděly? Že se tam vykácelo 200 velkých stromů na tepelném ostrovu města. Co to bude znamenat pro rozhřívání města? To mě skutečně jako velice mrzí a jenom z toho vyplývá to, že tydlendcty analýzy jsou prostě nějakým způsobem nevěrohodné. Protože kdyby skutečně městu záleželo na hospodaření řádného hospodáře, tak si takovédle podrobné analýzy, i při dopadu na rozpočet města do budoucnosti a podobně, u té haly udělá taky.",0,eb0d7acd8a1bcc62
jasna-flamikova,Z9/10,56,"Mgr. Jasna Flamiková: Já bych chtěla požádat, aby se neříkalo jako první doplňující, nebo pozměňující návrh, ale aby se říkalo, o jaký návrh jde. Protože já jsem úplně zmatená v tom, o čem hlasujeme.",2,eb0d7acd8a1bcc62
jasna-flamikova,Z9/10,82,"Mgr. Jasna Flamiková: Já mám dotaz na pana Bořeckého. Já rozumím částečně tomu, že se zrušila ta architektonická soutěž na náměstí Republiky, pokud tam nebude docházet k nějakým velkým, řekněme, prostorovým změnám. Zároveň máme z minulosti v Brně spoustu příkladů toho, když se na rekonstrukci ulice nepodíleli architekti, že ten výsledek mohl být často velmi tristní, pokud se to nechalo pouze na projektantech. Tak se vlastně chci zeptat, jestli, jak to vlastně bude probíhat? Jestli se to skutečně nechá čistě na projektantech, a dopadne to třeba jako Milady Horákové, nebo jestli bude nějaká snaha o to, aby to prostředí, přestože tam nebyla architektonická soutěž, bylo nějakým způsobem kultivováno a taky to hezky vypadalo a funkčně to fungovalo?",0,eb0d7acd8a1bcc62
jasna-flamikova,Z9/12,7,"Mgr. Jasna Flamiková: Já bych se chtěla ještě vrátit, se k péči o tu zeleň, jak zmiňovala kolegyně Drápalová. Jestli si pamatujete, tak v letošním roce vlivem sucha uhynulo v Brně Veřejné zeleni asi čtvrtina výsadeb. To znamená 500 vysázených stromů. A to přesto, že Veřejná zeleň dělala všechno pro to, aby ty stromy udržela. Znamená to, že klimatická změna, kterou tady máme, tak je čím dál tím náročnější pro ty stromy, aby vůbec zakořenily, aby se uchytily, aby vyrostly do nějaké potřebné výšky a pomáhaly nám ochlazovat město. Takže Veřejná zeleň bude muset, dřív než jindy, přistoupit k dalším opatřením, jako jsou půdní injektáže, zálivky z výluhy, balení kmenů do nějakých rákosových rohoží, aby to intenzivní slunce ty stromy tolik nevysilovalo. A to všechno samozřejmě stojí další peníze. Já jsem říkala 500 stromů z toho, co vysázela Veřejná zeleň, ale my nemáme, myslím si, že Odbor životního prostředí nemá vůbec přehled, kolik výsadeb uschlo městským částem. A tady se ten nedostatek financí projevuje docela zřetelně. A chci říct, že ta zeleň je něco, co bych považovala v tuto chvíli, v době změnu klimatu, za kritickou infrastrukturu města. My pokud nebudeme mít dostatek vzrostlé zeleně, tak tadyvtom městě se nebude dát do budoucna žít. Víte sami moc dobře, když se v létě pohybujete přes centrum, nebo přes ulice, kde ty stromy nejsou, jaký je to rozdíl, když třeba přejdete na stranu, kde ty stromy jsou. Ten rozdíl je několik stupňů. Takže já bych chtěla skutečně apelovat na to, aby ty prostředky pro městské části i pro Zeleň byly navýšeny.",0,36a4e03789f899b5
jasna-flamikova,Z9/12,7,"Mgr. Jasna Flamiková: Děkuju panu Suchému, protože něco jsem zapomněla říct, a on mi to připomněl. Chtěla jsem, já jsem neříkala, že je nemá, já jsem říkala, že je možná nemá, nevěděla jsem to, jestli by Odbor",0,36a4e03789f899b5
jasna-flamikova,Z9/12,8,Mgr. Jasna Flamiková: Myslím meziroční navýšení prostředků pro městské části.,0,36a4e03789f899b5
jasna-flamikova,Z9/12,8,"Mgr. Jasna Flamiková: A v tom případě ještě bych si dovolila se ozvat, protože, pokud víme, o kolik narostla inflace a kolik stojí městské části údržba zeleně, údržba účelových komunikací, všeho, ty finance šly nahoru mnohem víc, než je ten navýšený příspěvek.",0,36a4e03789f899b5
jasna-flamikova,Z9/12,11,"Mgr. Jasna Flamiková: Já jsem teďka chtěla zcela netypicky reagovat na kolegu Kmenta, protože sleduju diskusi u zahradních architektů Veřejné zeleně. Není to vůbec jednoduché, v tom měnícím se klimatu, vybrat druhy, které prostě v tom městě přežijí. Protože, tak jak se mění to klima, tak se mění a rozšiřujou se tady nové nemoci, které tady byly, a je to do značné míry to, že to něco roste na souši, neporoste to zas u nás. To si nemysleme. Takže skutečně jako věřím tomu, že Veřejná zeleň dělá všechno pro to, aby vysazovala stromy, které se uchytí. Ale nemusí se to vždycky povést. To tak prostě je.",0,36a4e03789f899b5
jasna-flamikova,Z9/12,17,"Mgr. Jasna Flamiková: Já bych se chtěla zeptat, my jsme tady posledně slyšeli spoustu vizí vedení města o tom, jak budeme to město bez odpadu, které stoprocentně třídí, tak bych se chtěla zeptat, jak to vlastně chceme zajistit, když nejsme schopni v současné době ani zajistit to, aby občané velký odpad, který lze recyklovat, nedávali do směsného odpadu?",0,36a4e03789f899b5
jasna-flamikova,Z9/12,18,"Mgr. Jasna Flamiková: Já jenom mám isté pochybnosti o tom, jestli edukace sama o sobě, jako obyvatel města Brna, bude stačit.",0,36a4e03789f899b5
jasna-flamikova,Z9/12,18,"Mgr. Jasna Flamiková: Já děkuju panu náměstku Kerndlovi za tu informaci o tom připravovaném materiálu. Já samozřejmě doufám, že bude obsahovat i návrhy postupu tam, kde vlastně edukace nebude stačit, protože, přiznejme si, většina obyvatel třídí, snaží se o to, ale je část obyvatel, která to vlastně nedělá. K tomu směřoval ten můj dotaz. Co se týká těch trvale bydlících, jako napadá mě, to budou",2,36a4e03789f899b5
jasna-flamikova,Z9/12,21,"Mgr. Jasna Flamiková: Já bych chtěla, já samozřejmě, už jsme tady vedli debatu o tom, jak všechny náklady rostly, takže je pochopitelné i navýšení toho transferu. Ale chtěla bych upozornit na to, že nemáme jenom městské divadlo, ale máme také divadlo národní, Centrum experimentálního divadla a další. Takže pokud město navýší tímto způsobem platy pouze v jedné ze svých zřizovaných divadel, tak to může vyvolat v národním divadle, a město, jako zřizovatel, by nemělo dělat takové rozdíly mezi svými organizacemi a vytvářet takto rozdílné podmínky pro jejich práci. Národní divadlo v posledních letech sbírá jedno ocenění za druhým, našemu městu dělá velmi dobré jméno. Takže já bych chtěla se zeptat a zároveň požádat, aby na prosincové zasedání zastupitelstva byl připravený obdobý materiál, který, v podobné výši, to znamená, u národního divadla to bude nějakých 40.000.000, nevím, kolik u těch ostatních divadel, navýší prostředky také pro ty klíčové profese, které v těch divadlech dělají. Takže, děkuju.",0,36a4e03789f899b5
jasna-flamikova,Z9/12,23,"Mgr. Jasna Flamiková: Já bych chtěla upozornit, že ten projekt a finance, tak jak jsou na něho přidělený, počítají s 3letou následnou péčí po výsadbě. Už někdy před 7 lety, když jsem byla na Brně-střed na Odboru životního prostředí, tak už tehdy jsme dávali standardně 5letou péči o ty vysazené stromy, která je teďka maximální, možná ze zákona. Když jsme na komisi životního prostředí řešili náhradní výsadbu za ten kácený dub na Starém Brně, tak jsme se bavili o tom se zahradními architekty, že ani ta 5letá záruka a péče dneska nestačí. Takže já bych chtěla apelovat na to, aby tyto prostředky byly ještě navýšeny, aby ta péče, která bude zajišťovaná o ty stromy po výsadbě, byla 5letá. Protože skutečně to počasí je extrémní a ty stromy prostě potřebujou mnohem delší péči pro to, aby se skutečně uchytily.",0,36a4e03789f899b5
jasna-flamikova,Z9/12,50,"Mgr. Jasna Flamiková: Já mám tady několik dotazů. První se týká toho, že včera byl opět sražený chodec v Brně na přechodu. A já jsem se chtěla zeptat, protože vím, že se jednalo o některých úsecích měření rychlosti, tak jestli, na kterých úsecích vlastně se teďka měří, nebo bude měřit rychlost, a případně jestli Brno předpokládá rozšiřovat tady, tadytendleten prostředek vlastně k vynucení pravidel? To druhé, co bych se chtěla zeptat, tak je, jestli se nějak pohnula kontrola rezidentního parkování těmi automatickými autíčky? Podle posledních informací se měl zkoušet nějaký nový model, který by byl schopen kontrolovat i auta stojící mimo modré zóny. Tak to mě zajímá, jestli už jsme schopni",0,36a4e03789f899b5
jasna-flamikova,Z9/12,51,"Mgr. Jasna Flamiková: Já jsem jenom chtěla podpořit ten dotaz a iniciativu kolegy Kmenta, protože nedávno jedna paní na Facebooku sdílela příběh. Jela do nemocnice v noci, s děckem, nemocný uši, napsali jim antibiotika. Samozřejmě jediná otevřená lékárna na Baštách, tak tam vjela s autem. Protože ani nemůžete to malé děcko nechat zaparkované někde v autě, když ho bolí uši. Jako kdo jste si to zažil, já jsem si to zažila jako malá mockrát, tak je to, tak je, tak to děcko s sebou táhnout taky nechcete. Chcete mu co nejrychleji pomoct. A ač nejsem jakoby příznivce používání auta za všech okolností, tak zrovna todle si myslím, že je ten případ, kdy by ta lékárna měla být v noci dostupná tak, aby se tam v okolí, blízkosti dalo zaparkovat, i pro rodiče, matku s malým děckem. Takže chtěla bych skutečně apelovat na to, abysme hledali nějaké jiné místo pro lékárnu, která bude moct být, obsluhovat nonstop a bude, bude se u ní moct prostě zastavit.",0,36a4e03789f899b5
jasna-flamikova,Z9/14,7,"Mgr. Jasna Flamiková: Já bych chtěla doplnit kolegyni, která mluvila o tom, že se nám nelíbí nárůst prostředků na platy uvolněných zastupitelů. Co se týká tadytéto funkce, několik volebních období za nás Výbor pro národnostní menšiny vedla Kateřina Dubská, která nebyla uvolněnou zastupitelkou, a přesto se jí podařilo, tehdy v bezútěšném prostředí, vybojovat zřízení nového parku Hvězdička na Hvězdové. Za jejího předsednictví začal festival Ghettofest a spousta dalších aktivit. Takže se skutečně nedomníváme, že je potřeba na takovou funkci mít člověka v uvolněné pozici. Dál bych chtěla říct, že každou chvíli na komisi pro bezpečnost dopravy slyším, jak prostě osazení sloupku na jedné křižovatce je drahá záležitost, jak na to město nemá peníze. A potom tady zřídíme novou funkci prostě, s vysokou dotací, finanční, na to, aby tam prostě člověk něco dělal. Přijde mi to skutečně zvláštní. Protože pokud se já na komisi bezpečnosti dopravy musím hádat o každý sloupek, v ceně 8.000 Kč, jak mi pan vedoucí neopomněl posledně zdůraznit, tak todlencto mi potom přijde fakt jakoby nesrovnatelné.",0,198b605f95c9e2a9
jasna-flamikova,Z9/14,8,"Mgr. Jasna Flamiková: Já jsem jenom chtěla na to, co říkal pan náměstek Kerndl, reagovat tím, že když jsme upozorňovali, na začátku, že Výboru pro národnostní menšiny není zastoupena romská menšina, tak to tady všichni přecházeli s takovým, jako povýšeneckým pohledem, takže.",0,198b605f95c9e2a9
jasna-flamikova,Z9/14,19,"Mgr. Jasna Flamiková: Já bych se pana Chvátala chtěla zeptat, on už tady můj předřečník zmiňoval stromy, já bych se chtěla vrátit k těm vykáceným stromům na výstavišti, které je největším tepelným ostrovem města a kde v souvislosti s výstavbou haly a s dalšími úpravami v okolí těch stromů, i velkých, zdravých, padlo skutečně hodně. Teď se mluví o tom, o stavbě lanovky, to znamená, že ve stejné oblasti by se znovu kácelo. Tak bych se chtěla zeptat pana Chvátala, jestli se zasadí o to, aby lanovka, jako poměrně nesmyslný projekt, i z ekonomickýho pohledu, padla.",0,198b605f95c9e2a9
jasna-flamikova,Z9/14,20,"Mgr. Jasna Flamiková: Mě to samozřejmě velice mrzí, protože si uvědomuju, že to sem nepatří, ale byla jsem panem náměstkem Černým vyzná, vyzvána. Já jsem se chtěla ptát až v bodě různém, chtěla bych požádat o ekonomickou rozvahu a analýzu toho, kolik ta lanovka bude mít kapacitu a kolik nás to bude stát, protože si myslím, že to je skutečně nesmyslný projekt. Vždycky máme nějaké pro a proti. Pokud se tady zasáhne znovu významným způsobem do zeleně, samozřejmě se do ní zasáhne, ta lanovka nepovede bez jakéhokoliv sloupu nad celou, nad celým tím přírodním územím, tak vždycky, když to přírodní území nějakým způsobem rozdrobíte, tak ho oslabíte. A v tuto chvíli dává mnohem větší smysl tam posílit prostě autobusy a věřím tomu, že by to bylo mnohem efektivnější. Ale samozřejmě budu velmi ráda, když dostanu tu analýzu, kde to bude všechno spočítané a podložené čísly.",0,198b605f95c9e2a9
jasna-flamikova,Z9/14,21,"Mgr. Jasna Flamiková: Já samozřejmě rozumím tomu, proč z technických důvodů je obava z toho pustit do toho distančního projednávání i občany, zároveň si ale myslím, že tady máme bod hovory s občany, který je poměrně jasně ohraničený, má jasná pravidla, a navíc se koná v době, kdy většina lidí je v práci a nemůže na to zastupitelstvo přijít. Tak bych chtěla předat podnět, aby bylo prověřeno, zda skutečně není možné, aby občané se mohli na dálku zúčastnit a přihlásit se s nějakým podnětem, alespoň v tomto bodě, který se občanů týká.",0,198b605f95c9e2a9
jasna-flamikova,Z9/14,21,"Mgr. Jasna Flamiková: Děkuju za vysvětlení, přesto si myslím, že pokud dokážeme tyto obtíže překonat v případě zastupitelů, případně některých úředníků, tak že bysme měli být schopni je překonat i v případě občanů města Brna.",0,198b605f95c9e2a9
jasna-flamikova,Z9/14,22,"Mgr. Jasna Flamiková: Já si pořád myslím, že když by se, byla vůle, tak že by se to nějakým způsobem dalo ošetřit. I třeba tím, že se budou muset ti občané nějak dopředu registrovat, přihlásit, prověřit. Jako mys, i kdyby jich mělo být pár, myslím si, že by to stálo za to.",0,198b605f95c9e2a9
jasna-flamikova,Z9/14,67,"Mgr. Jasna Flamiková: Já mám 2 věci. Já bych jednak, jak už jsem avizovala, chtěla požádat o ty podklady, které se týkají lanovky, ať už se týká ekonomické rozvahy, tak i nějaké rozvahy, řekněme, přepravní kapacity. Ta druhá věc, kterou tady mám, tak je možná pro některé marginální, mně se marginální nezdá. Dopravní podnik na některé ostrůvky osazuje zábradlí, o kterému říká jako brněnský typ. To zábradlí je sice správně, že má dole takovoutu vodicí tyč pro lidi, kteří se pohybují s hůlkou. Zároveň je prostě fakt designově jako hrozné. Chtěla jsem se zeptat, a ještě pro malé děti, pro malé děti tam v podstatě je poměrně velká díra mezi tou jakoby vodicí tyčí a mezi tou prostřední, takže z tohohle hlediska to neposkytuje možná tu potřebnou ochranu, kterou bysme chtěli. Chtěla bych se obrátit na pana architekta Bořeckého, nevím, jestli se tomu nějakým způsobem věnuje, ale myslím si, že i jemu záleží na tom, aby to Brno bylo hezké. A tadyto zábradlí k tomu nepřispívá. Tak jsem chtěla požádat, jestli je možné se na to nějak podívat.",0,198b605f95c9e2a9
jasna-flamikova,Z9/16,62,"Mgr. Jasna Flamiková: Já, nepřekvapivě, budu pokračovat tématem lanovky. Ale pak se budu věnovat ještě něčemu jinému. Já bych také chtěla poprosit o ty odpovědi pro občany. Chtěla bych říct panu radnímu Kratochvílovi, že jsme na tom vlastně stejně. Protože my tvrdíme, bez té studie že ta lanovka je nesmysl, a Vy říkáte, že smysl dává. Ale ani jeden z nás nemá tu studii. A proto my prostě požadujeme, aby ta studie byla zpracovaná. Když si vememe srovnání třeba s lanovkou na Špilberk, tam se udělala velmi podrobná studie, stálo to 750.000. Když se řešila doprava na Lesnou, tak se tam zpracovávalo několik, podrobně, jako variant dopravy, doba výstavby, provozní náklady, objem cestujících. Takže todle bych čekala, že se udělá v případě tak velké investice, i v případě té lanovky z výstaviště na kampus. Určitě budu ráda, když do toho srovnání bude zahrnuta varianta autobusu přes tunel, případně trolejbusu přes tunel. Protože ten výpočet, co jsem požadovala na posledním zastupitelstvu, nějaké srovnání, tak vlastně ta odpověď, která mi přišla od pana náměstka Černého, takovou si na papíře, pardon, jakoby vypočtu taky. Srovnání tam nebylo žádné, náklady tam byly nahozeny jenom pro variantu trolejbusu, posílení trolejbusu přes Pisárky. Takže to nepovažuju za adekvátní odpověď. A skutečně je možné prostě, jak říkáte Vy, že prostě ten názor změníte. Z mého pohledu ta příroda, ono jí v tom Brně ubývá. Pořád máme pocit, že to je něco zbytný, co se dá tam prostě vykácet, tam omezit, ale je to vlastně něco, co si skutečně v zahraničí začínají chránit. Jako podívejte se, jaké teploty jsou letos na jaře. Jako já se, fakt jako bojím, jaké bude léto. Protože to může být v tom městě k nepřežití. A ta zeleň je skutečná, jediná, jediná věc, která těm lidem tady bude pomáhat, na těch ulicích, přežít. A to má samozřejmě potom velký vliv jako na zdraví. Jako v těch vlnách veder umírá prostě už teďka jako výrazně víc lidí než za normálních dní. Má to vliv na ekonomiku. V těch vlnách veder lidi nejsou schopni tolik pracovat. Na řidiče. Jako, ty vlivy jsou velké. Takže já bych skutečně byla ráda, aby se, aby se to nepodceňovalo. Pak mám ještě věc, která se týká řešení předprostoru před, před Bílým domem, a zejména před vchodem do Sálu Břetislava Bakaly, kde vlastně opakovaně rodiče upozorňují na to, že tam parkují vozidla na chodníku. Po nějakých dalších stížnostech se tam v únoru objevilo nějaké přechodné dopravní značení, které prostě neslo datum, někde začátku roku, ačkoliv tam předtím žádné takové dopravní značení nebylo. Je to takové docela podivné. Teďka, v pátek, tam opět parkovalo, prostě před školou, v 1 hod., jako vozová hradba, přes celej ten předprostor toho. Jedna z přítomných volala městskou policii a říkala, že prostě má pocit, že nikdo z té městské policie další 2 hod. nepřijel. Je možné, že ona se mýlí. Seděla vevnitř, takže nemusela ty příslušníky vidět. Takže můj druhý dotaz jako směřuje k tomu, jestli v pátek, 5. dubna, kolem 1 hod., městská policie řešila něco před Sálem Břetislava Bakaly a jestli řešila to, že tam prostě skutečně parkují auta na chodníku, z nichž minimálně část tam neměla co dělat. Poslední dotaz se týká Údolní ulice, protože se chystá rekonstrukce. Já bych chtěla vědět, jakým způsobem bude řešena obslužnost vlastně Masarykovy čtvrti a těch přilehlých oblastí, protože ta část bude muset být zavřená. A chtěla bych se zároveň zeptat, podle mých informací byla zrušená vyhláška, která vlastně neumožňovala vrátit ten zrušený přechod na Údolní. Tak bych se chtěla zeptat, a chtěla bych i požádat, aby se město pokusilo ten přechod na tu Údolní vrátit. Protože já tama jezdím docela často, na té zastávce, která tam je, nastupuju a vidím fakt často lidi, který tam přebíhají v místech, který prostě nejsou, z hlediska bezpečnosti, komfortní. A jsou to často třeba starší lidi, který se přes tu silnici šourají, protože obcházet přes celou tu křižovatku, jako přes 3 přechody, kolem dokola, je pro ně prostě fakt už náročný. A město, který chce být jakoby městem pro své občany, tak by mělo myslet na to, aby se po něm všem jako dobře pohybovalo. Takže, takže bych chtěla moc požádat o to, aby se vyvinula snaha o to, aby se ten přechod na Údolní vrátil.",0,d527a00c9a941791
jasna-flamikova,Z9/16,64,"Mgr. Jasna Flamiková: Já už budu stručná. Já chtěla jsem ještě k té studii poprosit, aby to, pokud možno, byla nějaká nezávislá společnost, co to bude zpracovávat. Tak jako to bylo třeba v případě Lesné. Chtěla jsem se vrátit ještě k jedné věci, k tomu, že tady zaznělo, že jenom tady jakoby operujeme tou ekonomikou a že přece ty věci jsou zajímavé i třeba jako stavby nebo atrakce. Chtěla jsem říct, že jednak teda jsem zdůrazňovala už několikrát, že jde i o nějaký přírodní celek, který je pro to město důležitý. Ale pokud to má být součást dopravní infrastruktury, tak nás ta ekonomika musí zajímat. Protože já si myslím, že pro občany města je mnohem důležitější, jestli se do, dopraví komfortně do práce, z práce, případně za kulturou nebo kamkoliv než to, jestli budou mít na výstavišti lanovku. A ty peníze, pokud se to bude muset dotovat, tak prostě se budou muset někde vzít. Když se debatuje o rozpočtu Dopravního podniku, tak vždycky nám pánové vysvětlují, jak prostě se snaží ty věci prostě poskládat tak, aby za ty peníze, které dostávají, prostě poskytli občanům nějakou adekvátní službu. Vím, že je to pro ně kolikrát těžké to nějak dávat dohromady. Tak mně vlastně připadá zvláštní, že v takové situaci se prostě ta ekonomická studie už dávno nezpracovala. Protože to bude jakoby další částka, kterou bude muset ten Dopravní podnik jako vynakládat. A myslím si, že to se nedá ospravedlnit tím, že to bude nějaká atrakce. My jsme tady dneska mluvili o zoologické zahradě. Ta zoologická zahrada je skutečně jakoby v tristním stavu. A to má být jakoby atrakce. Tam se mají nalít třeba peníze, aby tam ty lidi chodili. A ne že budeme stavět lanovku jako atrakci, když vlastně jiné, jakože, v uvozovkách, atrakce máme v takovém stavu, v jakém je máme. Takže skutečně si myslím, že dobrý hospodář přemýšlí nad tím, jak vlastně ty peníze jako rozložit tak, aby to město prostě dobře fungovalo. A tím základem dobře fungujícího města je prostě dobře fungující městská hromadná doprava. A tou ta lanovka prostě, já si, je, samozřejmě není studie zpracovaná, ale já si nedovedu představit, že prostě lanovka by byla součástí jako komfortní každodenní dopravy těch občanů. Protože oni, když pojedou z města, tak nepřestoupí v Pisárkách, aby přestoupili na lanovku, protože to vždycky generuje nějaké zdržení. Pak vystoupili u kampusu a pak třeba přestoupili ještě na něco dalšího, aby se dostali do Lískovce. To prostě nedává vůbec žádnej smysl. Ano, dává smysl, pokud je prostě Pisárecká a ty další ulice tam už zacpané, tak táhnout autobus z Mendláku jako přímou linku do kampusu. To dává, to dává smysl. To by ušetřilo čas a věřím, že by to bylo i levnější potom na provoz. Co se týká ulice Hlinky, tak tam by se taky dalo eště debatovat nad tím, jak prostě zúžit ty parkovací pruhy, když se tam staví tak velké parkoviště na výstavišti, a jak vlastně pomoct trolejbusům k tomu, aby nemusely stát v zácpách, kterej tam každej den vznikají. Ale to je už jakoby jiný, jiná věc a to už tady nechci rozmazávat. Takže děkuju, a, to je všechno.",0,d527a00c9a941791
jasna-flamikova,Z9/15,69,"Mgr. Jasna Flamiková: Já mám 3 věci. Ta jedna je čistě technická a týká se vlastně přístupu do složek k materiálům, tady, na zastupitelstvu. Protože na konci vlastně, v seznamu, v pozvánce, jsou napsáno - informativní zpráva, informativní zpráva, informativní zpráva. Ty zprávy jsou potom, v tom seznamu materiálu, očíslovány, ale to číslování už není uvedeno v tom seznamu té pozvánky. To znamená, že já v podstatě nevím jako, pod který materiál mám hledat, pod čím. Takže bych chtěla poprosit, aby i ty informativní zprávy byly číslovány. Potom jsem se chtěla zeptat, protože ve čtvrtek, pátek a v sobotu, myslím, byl nějaký veletrh, a spousta lidí sdílela vlastně na Facebooku varování - nejezděte přes Brno, nedá se tam prostě projet, jsou tam strašné fronty. Tak jsem chtěla vznést vlastně dotaz na to, jaké zpoždění napra, nabrala MHD v tydlencty dny? Jaké zpoždění nabraly zejména ty linky, které jezdí kolem výstaviště? A potom mám 3. věc, ta se týká odpovědi pana náměstka Černého k lanovce, já za ni velmi děkuji. Přiznám se, že mě trochu překvapilo, že se nezadávala žádná ekonomická rozvaha, protože lanovka je standardní dopravní infrastruktura. Nevšimla jsem si, že máme v Brně jako standardní dopravní infrastrukturu lanovku, nicméně úplně nevylučuju. Ale chtěla jsem se zeptat. Zaprvé. Když se teďka dělalo srovnání ohledně výstavby, výstavby, nebo dopravní obslužnosti Lesné, tak se samozřejmě zpracovávaly 4 varianty, ať už pro trolejbusové vedení, pro tramvajové vedení, řešilo se, co bude jak drahé, jak to je, nakolik efektivní, ty jednotlivé varianty. Takže já bych chtěla požádat, aby se takové srovnání udělalo i pro tu lanovku, protože se domnívám, že jsou možnosti, které jsou prostě efektivnější. A potom jsem se chtěla zeptat, pokud si Brno bude chtít na to žádat o nějakou dotaci, tak zase bude muset předložit nějakou ekonomickou rozvahu k tomu. Takže, znovu opakuju, že mě překvapuje, že žádná taková ekonomická rozvaha neexistuje.",0,f5c65d180b769ffd
jasna-flamikova,Z9/15,70,"Mgr. Jasna Flamiková: Já bych chtěla rozšířit svůj dotaz ještě o obsazenost našich parkovišť P+R, tadyvtydle 3 dny. A chtěla bych říct, že dokud budeme mít v centru Brna tak levné parkování, tak prostě budeme mít to centrum Brna zahlcené auty. To je prostě fakt jako, jo? Je to nepopulární, ale pokud máme i ty rezidentní karty, i to parkování pro návštěvníky tak levné, jak máme, tak prostě proč by ty řidiči nechtěli mít co nejpohodlnější život a nechtěli zajíždět do centra? To, že stavíme zároveň parkovací místa na t, na výstavišti, to už tady kolegyně Drápalová zmínila. Já bych ještě chtěla poukázat na 2 souvislosti. Původně jsem o tom tady ani nechtěla mluvit, já bych chtěla požádat, abysme to dostali ještě do dopravní komise, a jedná se o ten parkovací dům na Žlutém kopci. My si samozřejmě uvědomujeme, že parkování u toho onkologického ústavu je potřeba. Ale pokud tam",0,f5c65d180b769ffd
jasna-flamikova,Z9/15,72,"Mgr. Jasna Flamiková: Já ještě možná doplním. To, co zpřesnil teďka kolega Lahoda, tak je v podstatě to, na co jsem se ptala. Já bych možná ještě řekla panu náměstku Kratochvílovi, nebo radnímu, to parkoviště na Žlutém kopci je ale vedené v režimu P+R. To je všude, ve všech materiálech, všude je to tam takhle uváděné. Takže je potřeba se na to podívat a nějak to dát do pořádku, pokud to nemá být v tomto režimu. A eště znovu se vracím k tomu, jestli je tam potřeba taková kapacita? Protože ta kapacita těch chodníků, který tam jsou, jsou docela široký, tak není jako zas úplně malá. Tak jestli se dělala nějaká studie, kolik těch lidí, odkud tam dojíždí, protože jako tam velká část lidí jezdí i městskou hromadnou dopravou. Jako nedělejme to, jako já vím, že někteří lidi jsou nemocní, potřebujou přijet autem, ale nedělejme to město tak, že všude jako všichni můžou dojet autem, Protože to potom nemůže fungovat. Potom dochází k tomu, že prostě ta doprava kolabuje a ty silnice, to prostě ne, nepoberou, takové množství těch aut.",0,f5c65d180b769ffd
jasna-flamikova,Z9/15,72,"Mgr. Jasna Flamiková: Přesně to, je to, par, pane náměstku, o čem jsem mluvila předtím, že jestli máme nějakou studii, kdo, odkud a kolik tam jezdí. Já vůbec nezpochybňuju to, že tam je nějaké parkování potřeba. Já jenom prostě nevím, jestli je potřeba ho stavět v takové kapacitě, aby ten objekt nemusel být tak jako objemný, jak v tuto chvíli je, a nenarušoval prostě ráz té čtvrti. A nepřispíval k tomu, že tam prostě každé ráno a každé odpoledne ty zácpy budou. Protože oni tam jsou lidi, v 8 jedou do práce a stojí na Tvrdého. Vrací se odpoledne domů, stojí celá Lipová, prostě až po Vaňkovo náměstí.",0,f5c65d180b769ffd
jasna-flamikova,Z9/15,73,"Mgr. Jasna Flamiková: Mě trošku mrzí, že se ta jakoby diskuse nějakým způsobem jako zvrhává, pane Krásný. Protože já jsem řekla, že nejsem proti tomu, aby se tam nějaké parkovací kapacity vybudovaly. A to, že jako jsou potřeba, to vůbec nezpochybňuju. Já prostě jenom nevím, jestli se sutečně prověřovaly ty potřeby. To, co bych jenom chtěla říct, tak je, teď jsem se v tom trošku ztratila, je to, že pokud to bude parkovací dům P+R, pokud bude sloužit jakoby návštěvníkům, tak mě zajímá, jak vlastně zajistíme, aby tam neparkovali jako lidi, kteří přijíždí do Brna za úplně jiným účelem? Protože ten Žluťák je prostě kousek do centra. Už teďka to slouží jako P+R. Protože ty lidi tam ráno přijedou, MHD se přepraví pár zastávek do práce a odpoledne zase odjíždí. Vůbec to neznamená, že všichni parkující jdou na Žlutý kopec. Už teďka je tam, podle mě, velká část kapacity vlastně zabíraná lidmi, který vůbec ne, nemíří do Masarykova onkologického ústavu. Takže by mě vlastně zajímalo, pokud tam, pokud tam bude vlastně takový parkovací dům, jak zajistíme, že bude skutečně složit té nemocnici? Protože tahat, tahat jakoby auta lidí, kteří pracují v centru, nepotřebují navštívit Masarykových onkologický ústav, ale bude to pro ně výhodná alternativa toho, nechat auto na kraji města, tak, tak vlastně todle, todle tak jako bude, no. Tak mě zajímá, jak se s tím město popasuje? Aby prostě v tom centru to nebylo zahlcené auty, aby ty zpoždění nenastávaly. Protože víte, že pak jsou z toho ty lidi fakt jako naštvaní. Ať už jedou autem, nebo MHD, když potom stojí v té zácpě, tak to je prostě to, co nikdo nechce.",0,f5c65d180b769ffd
jasna-flamikova,Z9/13,25,"Mgr. Jasna Flamiková: Já jsem tady již na minulém zastupitelstvu zmiňovala, jak důležitá je péče o zeleň a co pro nás znamenají ve městě stromy. Víte, že každý rok se naměří delší teplotní rekordy, že vlny veder budou ve městě přibývat. Zároveň zeleň je jedna z mála věcí, která může tu teplotu ve městě snižovat a může přispívat k tomu, že ten vliv na zdravotní stav obyvatelstva nebude tak velký. Vlny veder jsou pro Evropany v podstatě největší přímou zdravotní hrozbou, která souvisí s klimatem. Už nyní jsou příčinou mnoha úmrtí a nemocí. A tato zátěž se bez dalších opatření v oblasti přizpůsobení se změně klimatu a jejího zmírňování bude dále zvyšovat. Já tady jenom přičtu ještě kousek. Stále častější, delší a intenzivnější vlny veder v kombinací se stárnutím populace a rostoucí urbanizací znamenají, že zranitelnější skupiny obyvatel jsou vystaveni vysokým teplotám. A to zejména v jižní a střední Evropě. Umístění řady škol a nemocnic v oblastech, kde se projevuje efekt tepelných městských ostrovů, který vysoké teploty ještě zvyšuje, vyžaduje urychlené přizpůsobení těchto zařízení. Nárůst teplot má vliv také na bezpečnost a ochranu zdraví při práci, což má za následek průměrnou roční ztrátu 16 hodin na pracovníka ve vysoce exponovaných sektorech, přičemž největší ztráty byly zaznamenány v jižní Evropě. Snížení zdravotních dopadů horka vyžaduje zavedení široké škály opatření včetně účinných akčních plánů na ochranu zdraví v případě veder, vytvoření většího množství počtu zelených a zastíněných ploch ve městě, vhodného projektování a staveb budov. Já bych chtěla říct, že v souvislosti s tím, jaké finance dostávají městské části, tak v současné době tato částka nedosahuje ani inflace, která vlastně v současné době panuje. To znamená, že tak jak letos uschly čtvrtiny výsadeb ve městě, tak já jsem už posledně mluvila o tom, že my musíme do péče o ty stromy mnohem víc investovat. Že prostě potřebujeme používat strukturální substráty při výsadbách, potřebujeme využívat mimořádné injekce prostě různých podpůrných prostředků pro ty stromy, potřebujeme ty kmeny balit do různých rohoží, aby byly ochráněny před úpalem, protože i ty zalévané stromy prostě ty velké vlny veder už prostě nedávají, pokud nejsou třeba zároveň zastíněny. Já si velmi vážím toho, že třeba na Mendlově náměstí ty stromy byly velmi dobře zasázeny, ale my potřebujeme tydlencty opatření aplikovat po celém městě. My potřebujeme pečovat o každej jednotlivej strom, kterej nám teďka roste. Paní zast, paní starostka Drápalová mluvila před chvílí o tom, jak dobrá péče o stromy, o dospělé stromy může prodloužit jejich život. A uvědomte si, že my, když teďka zasázíme nějaké stromky, tak čtvrtina výsadeb uschne, ale to, než ty stromy vyrostou, tak to bude trvat třeba 20 let, než začnou to město ochlazovat. To je strašná doba. A v této době my vlastně nepřidáváme žádné prostředky do zeleně. Mně to přijde jako úplný hazard, jako s budoucností města. A přitom si myslím, že v souvislosti s tím, jaké prostředky dáváme do jiných kapitol, že to nejsou, že to jsou v podstatě jakoby, řeknu, drobné, jako v rámci rozpočtu toho města. Takže já bych si dovolila načíst doplňující návrh usnesení – schvaluje navýšení rozpočtu Odboru životního prostředí o 5.000.000 Kč, v novém řádku, 492, Péče o stromy, který by Odbor životního prostředí mohl roz,",2,1f55fba1fd91456a
jasna-flamikova,Z9/13,26,"Mgr. Jasna Flamiková: Já bych jenom chtěla doplnit ten svůj návrh, že také navrhuju tyto peníze ubrat z rezervy.",2,1f55fba1fd91456a
jasna-flamikova,Z9/13,27,"Mgr. Jasna Flamiková: Já bych chtěla doplnit ještě to, co říkala kolegyně Drápalová, protože si myslím, že participativní rozpočet byl skutečně určený na to, aby si v něm občané mohli prohlasovat určitou nadstavbu. Ale když se podíváte vlastně na 7 projektů, které zvítězily v letošním participativním rozpočtu, tak když pominu naučnou stezku a saunu, tak v podstatě dalšími 5 projekty jsou - Hřiště na Lesné u Základní a Mateřské školy Blažkova, Barevňák 2.0 - Hřiště na Vinohradech, Revitalizace sportovního areálu v Bystrci, Hřiště na malou kopanou, Oprava cyklostezky Žabiny-Komín-Bystrc. Todle jsou prostě věci základní dopravní a volnočasové infrastruktury. A todle by skutečně mělo financovat město, nebo ty městské části. Ale pokud jsou podfinancované, tak potom to dopadá tak, že občané chodí za starosty, říkají jim, prosím Vás, tady už to potřebuje opravu. A starostové jim říkají, no, ale my na to nemáme peníze, tak to zkuste přihlásit do participativního rozpočtu. A pak vlastně úplně základní věci, který by měly v tom městě těm lidem sloužit, tak prostě ty lidi úplně jakoby potupně nakonec musí hlasovat a musí bojovat ty jednotlivý městský části proti sebou. A takových projektů, který neuspěly a mělo by je to město zafinancovat úplně automaticky, takových je tam víc. Hnedka pod čarou skončila Řečkovická cyklostezka. Takže já bych skutečně jakoby chtěla apelovat na město, aby prostě tadydoté dopravní a volnočasové infrastruktury prostě začalo investovat a nezavíralo před tím oči. A jestli ty peníze nejsou, protože se staví hala, tak todle je přesně ten problém, před kterým jsme varovali.",0,1f55fba1fd91456a
jasna-flamikova,Z9/13,77,"Mgr. Jasna Flamiková: Nákup, který stojí nad 1.000 Kč, si nechávám dovézt Rohlíkem, děkuju, ten na kole nevozím. Chtěla bych reagovat na to, co jste říkal. Já si myslím, že ty auta, tak jak se pohybujou v centru a tak, že, já se teda ještě na začátek omlouvám, že jsem musela vykřiknout, ale přijde mi to taková trošku elementární slušnost, abysme se nechali navzájem mluvit, jo? Tak, a ještě mě mrzí, že jsem Vám připomněla Vaši bývalou manželku, to mně přijde úplně tragický. Ale, ale teď už jako vážně. Bavili jsme se tady posledně o té lékárně na Baštách, kde jsou kamery a kde ty auta automaticky dostávají pokutu vlastně v místě, kde by, který je trošku sporný, když někdo jede k té lékárně. Na druhou stranu, je tady Starobrněnská, kde žádná lékárna není. Tak pokud máme nedostatek městských policajtů, a je to to, o čem jsem mluvila taky v tom předchozím bodě, dejme tam kamery, dejme tam vyjíždějící sloupek. Jako ošetřeme ty přechody, křižovatky a rozhledové trojúhelníky prostě dokola těma sloupkama a je to něco, co tam bude automaticky, a nebude potřeba, aby to řešila městská policie. Co se týká, co se týká těch kol, já jsem neříkala, že to je jakoby diskrimanace, já jsem říkala, že to je jako vlastně jediný benefit, který to město těm cyklistům poskytuje. Protože pohybovat se po Brně na kole prostě vyžaduje i jistou dávkou odvahy. A když mluvíte o tom, kolik zabere cyklista s tím kolem v MHD? Jako zabere, ale na druhou stranu o co víc ušetří, když nejede autem. O co víc ušetří v tom prostoru města. Podívejte se, jak je to město narvané těma autama. A když budeme pomáhat tomu, aby víc lidí jezdilo na kole, tak prostě ulevíme tomu veřejnému prostoru. Takže já si myslím, že todlencto je o tom, jakým způsobem se, se na to podíváme. Ještě se vrátím k tomu parkovnému. Já jsem neměla vůbec na mysli cenu za parkovací domy. Měla jsem na mysli cenu za parkovací místa na povrchu a to, jakým způsobem to prostě město v současné době dotuje, protože ta cena za parkování je naprosto neadekvátní. To, že se nepostihujou auta, který parkujou na chodníku, to, že prostě příslušníci městské policie chodí kolem aut, který stojí na chodníku, a vesele si u toho povídají, to je prostě další věc, no. Je to samozřejmě mrzuté, jako lidi to vidí a, a jsou naštvaní. A to, co jsem říkala, jakoby ta iniciativa rodičů s kočárkem, oni skutečně neřeší to, že prostě se někde objeví v MHD kolo. Protože většina cyklistů, stejně jako já, když vidí, že jedou kočárky, tak tam vůbec nenastupuje. Prostě jsou ohleduplní a kočárkům dávají přednost. A tadle situace se určitě dá řešit nějakým prostě pravidlem přednosti. Ale skutečně řeší to, že prostě ten pohyb po městě je pro ně nebezpečnej, protože ty auta parkujou dneska už skutečně úplně všude. Jako z centru města máme jedno obrovské parkoviště.",0,1f55fba1fd91456a
jasna-flamikova,Z9/17,43,Mgr. Jasna Flamiková - požádala o samostatné hlasování o bodu 78).,4,7ebec469c9c23f69
jasna-flamikova,Z9/17,49,"Mgr. Jasna Flamiková: Kolegyně Drápalová už musela bohužel odejít, ale včera na poradě pol, předsedů politických klubů jí prý bylo slíbeno, že bude předložený průkaz energetické náročnosti této budovy. A já bych se chtěla zeptat, jestli město Brno ví, kolik vlastně bude platit náklady za energie? Protože pokud vím, tak je to už poměrně let, co byl záměr postavit novou budovu pro magistrát na Benešové, sjednotit ty agendy a mít vlastně budovu, která bude energeticky úsporná. A místo toho my vlastně kupujeme další budovu, kde si myslím, že ty náklady na energie budou enormní. Tak mě to zajímá.",0,7ebec469c9c23f69
jasna-flamikova,Z9/17,50,"Mgr. Jasna Flamiková: Já nevím, jestli jsem š, možná jsem špatně rozuměla, ale nevím, jestli jste uváděl ty náklady, jaké tam budou na, na energie?",0,7ebec469c9c23f69
jasna-flamikova,Z9/17,50,"Mgr. Jasna Flamiková: Já, já už nebudu vystupovat. Jenom se, vyjádřím jisté jakoby podivení nad tím, že vlastně kupujeme budovu a nevíme, jaké tam budou náklady. Protože přece s těma nákladama musíte nějak počítat v rozpočtu, ne?",0,7ebec469c9c23f69
jasna-flamikova,Z9/17,63,"Mgr. Jasna Flamiková: Částka, která se v tomto materiálu navrhuje ke schválení pro národní divadlo, je o polovinu nižší, než národní divadlo potřebuje a než o jakou si požádalo na pokrytí zvýšených nákladů. Nyní divadlo dostává na nájem skladu provozní příspěvek ve výši necelé 2.000.000 Kč. To ale nepokrývá skutečné náklady na pronájem skladovacích prostor. Tak jako všude jinde, i zde došlo k nárůstu nákladu kvůli inflačním doložkám, kvůli zvýšeným nákladům na energie a přechodnému nájmu dalších prostor. Jak se v žádosti píše, Národní divadlo Brno není schopno nárůst za roky 2003 a 2004, ve výši 805.000 Kč, pokrýt v roce 2004 z vlastních zdrojů. V této souvislosti bych naši paměť ráda vrátila do října 23, kdy jsme tadyvtomto sále městskému divadlu, bez větší diskuse, schválili na platy částku, celých 23.000.000 Kč. Ve stejné době národní divadlo žádalo částku 900.000 na platy lidí připravujících festival Janáček. Roky dostávají jen 350.000, objektivně je to stojí, roky, násobně více. Je ostuda, že v Janáčkově městě, kterým se město zaklíná a pyšní, neprošlo ani to. Dále národní divadlo žádalo navýšení dotace na Divadelní svět, opět to neprošlo. 15 let festival divadlo připravuje za stejné peníze. Přitom v současné době se jedná o 2 nejlépe hodnocené festivaly v republice, tedy něco, na co můžeme být pyšní. Festivaly, za kterými cestují obyvatele z celé republiky, Janáček je dnes nejlépe hodnocený divadelní festival a festival Divadelní svět je hned za ní. Něco, na co může být Brno pyšné a za čím lidé cestují. Byli to lidé z národního divadla, kteří tento festival vytáhli ze dna na špičku. Kulturní příspěvkovky loni dostaly různé účelové dotace, národní divadlo ani korunu. V hodnocení odborné komise Ministerstva kultury je práce našeho brněnského národního divadla, v rámci programu na podporu divadel, na absolutní špičce. Panuje shoda, že Brno má nyní nejlepší operu v Česku. A to jsem slyšela nejenom od pražského kritika, se kterým jsem měla možnost se na jedné z premiér bavit. A není sám, kdo sem z Prahy za operou, z Prahy, jezdí. Opět něco, na co můžeme být právem pyšní. Takže, tak jak se zde mluvilo o těch multiplikačních efektech, ty zde určitě nastávají. Národní divadlo Brno spolupracuje s Madridem, Berlínem, Kodaní, Tokiem, Soulem, Hongkongem, Londýnem. Na rozdíl od městského divadla národní divadlo hraje ročně desítky školních představení za ceny, které jsou dostupné celým školním kolektivům. Ale za večerní náklady, samozřejmě. My se tady dnes bavíme o dotaci na sklady. A řešíme je proto, že v 90. letech národní divadlo dostalo provizorní sklady a dílny, které vůbec neodpovídají potřebám velkého divadla. Pro městské divadlo se postavily nové skladovací kapacity, národní divadlo má místo skladů plechové boudy a v dílnách nesmontuje větší kulisy. To je ten důvod, proč si musí pronajímat i externí sklady. A externí sklady má národní divadlo i proto, že mu město vypovědělo sklady na výstavišti. Vzhledem k tomu, že se jedná o částku, zhruba, 400.000 Kč, kterou vlastně národním divadlu nechceme, nechceme jakoby přidat, tak abysme mu pokryli celé náklady. Což je částka, v rámci celého rozpočtu města Brna, zcela zanedbatelná. Tak vlastně vůbec nevím, proč tadyotom takhle řešíme. Městskému divadlu na platy dáme 23.000.000 Kč a národnímu nejsme schopni dát ani 800.000. Což je 1/28 částky, která byla přidělena městskému divadlu. Jak jsem uvedla, Národní divadlo Brno odvádí skvělou práci, v současné době patří k divadelní špičce v České republice. Nepřidělením finančních prostředků podkopáváme nohy divadlu, na jehož práci a výkon můžeme být právem hrdí. Každé jiné město by bylo pyšné a snažilo by se úspěchy svého divadla využít ve svůj prospěch. Já bych chtěla vyzvat vedení města, a vůbec nás všechny, abysme to dělali taky. Protože můžeme být pyšní na to, že máme takové divadlo. Takže proto podávám pozměňující návrh a navrhuji hlasovat o přidělení částky 805.000 Kč z Fondu rezerv a rozvoje.",4,7ebec469c9c23f69
jasna-flamikova,Z9/17,64,"Mgr. Jasna Flamiková: Já moc děkuju za tu odpověď. Vážím si jí, jenom bych chtěla upozornit, že ten rozdíl mezi dotací, 23.000.000 Kč, městskému divadlu, a, 400 a něco Kč, národnímu divadlu, což je skutečně 1/28 té žád, požadované částky, 800.000 Kč, je prostě příliš vysoká na to, aby se to dalo takhle vysvětlit.",0,7ebec469c9c23f69
jasna-flamikova,Z9/17,66,"Mgr. Jasna Flamiková: Já se nejdřív potřebuju vrátit ke 2 interpelacím z posledního zastupitelstva, protože jsem se ptala, jestli je možné obnovit zrušený přechod pro chodce na ulici Údolní. Nevím, z jakého důvodu mi na to odpovídal Dopravní podnik, který mi odpověděl, ze zachovat místo pro přecházení je bezpečné. Což si teda jako vůbec nemyslím. Protože já tam často čekám na zastávce a vidím tam ty starší lidi, kteří, posledně jsem viděla fakt jako, potmě, člověka, kterej se tam proplítal mezi autama. Není to tam bezpečné. Takže já bych chtěla poprosit o odpověď odpovědného, odpovědného radního. Potom jsem se posledně ptala na černé parkování před Bílým domem. Kde si na to rodiče, kde, protože je tam zároveň škola, můžu Vás, kolegové, poprosit o klid, prosím pěkně? Kde si rodiče stěžovali na to, že děcka chodí do školy mezi autama. A pan ředitel městské policie mi odpověděl, že tam bylo vydané zvláštní užívání komunikace, což samozřejmě respektuju, ale zároveň nevím, protože tam ty parkovací místa nebyly nějakým způsobem vyznačené, to místo nebylo ohraničeno. Jak je možné vlastně vydat ZUK bez nějakého ohraničení a bez toho, že by byl před školou vyznačený průchod pro průchod dětí, když tam zároveň ty auta, prostě před tím vchodem, jako parkujou? Potom ani ta městská policie nemůže pořádně zkontrolovat, jestli se tam parkuje oprávněně, nebo ne. Je skutečně velmi nepříjemné mluvit do toho ruchu. Poslední dotaz, který mám, tak se, bych chtěla Vaši pozornost obrátit k letošním, opět maximálním teplotám, které, jak jistě všichni sledujete, přesahují dosavadní rekordy. V Mexiku již nyní, v dubnu, naměřili 51°C. Nevím, jesi někdy přemýšlíte nad tím, jaké to bude, až takové teploty přijdou do Brna. Chtěla bych se proto zeptat, jestli Odbor zdraví, nebo Odbor životního prostředí disponují s údaji o tom, kolik v Brně v posledních letech ve vlnách veder umývá lidí? Zda se sleduje, město nárůst, ke kterému dochází? Protože například v Praze, už v roce 2002, vědci říkali, že prostě ten nárůst je více jak dvojnásobný. Proto se ptám, jestli má město připravený plán pro takový způsob krizové situace, která může přijít dřív, než si teď dokážeme vůbec uvědomit? Jestli máme připravenou pomoc pro zranitelné lidi, kteří bydlí v bytech, které se příliš rozehřívají? Systém varování, úkryty pro ty, v jejichž bytech bude k nepřežití?",2,7ebec469c9c23f69
jasna-flamikova,Z9/20,8,"Mgr. Jasna Flamiková: Já jsem samozřejmě si vždycky vážila práce Dopravního podniku a o to víc jsem byla nepříjemně překvapená, když jsem si četla odpověď pana ředitele, protože skutečně není v nějaké jeho kompetenci posuzovat, proč zastupitel ty uvedené informace požaduje. Aby mi pan ředitel psal, že zastupitelstvo už lanovku projednávalo a že se teda vlastně diví, proč ty informace chci, tak to mi přijde opravdu hodně přes čáru. Co se týká poskytnutí projektu lanovky, já už jsem tady dříve mluvila o německé směrnici, která, na provozování lanovek, která velmi podrobně popisuje, jakým způsobem prostě města, pokud chtějí takový projekt dělat, mají od začátku vlastně projednávat různé dopravní varianty, posuzovat skutečný přínos pro ty města, a hlavně to od začátku transparentně komunikovat s občany. A pokud pan ředitel Dopravního podniku chce zatajit tu studii, tak se vlastně ptám, co je v ní tak jako důležitého, nebo tajného, že to bylo odepřeno nám, že to bylo odepsen, odepřeno odpůrcům lanovky a ornitologům, který, tuším, to teďka posuzuje Úřad na ochranu osobních údajů, nebo který. Takže, skutečně, jako byla jsem hodně zklamaná tím dopisem a smutná.",0,21185e2ff631d16f
jasna-flamikova,Z9/20,12,"Mgr. Jasna Flamiková: Já to nechci rozpitvávat, už bych jenom chtěla krátce reagovat na kolegu Kalivodu. Pokud se tadle problematika projednává od roku 2015, tak mě skutečně překvapuje, že město nemá nějakou důkladnou studii, srovnání těch dopravních přínosů a nákladů, který ty jednotlivý varianty mají. Prostě nemá ty čísla, na které se kolegové už prostě, jako poměrně dlouho, ptáme, tak jsou čísla nakreslená v tabulkách. Nelze transparentně vlastně zjistit, za jaký objem práce, kolik lidí má lanovku obsluhovat a podobně. Jsou to prostě čísla, který já si do tabulky, během pár minut, napíšu taky. K té studii se zatím nebudu vyjadřovat. Jako fakt se divím, že za něco takového, a teď mluvím skutečně o studii, předtím jsem se přeřekla, teď mluvím o té studii z té dopravní fakulty, divím se, že za něco takového Dopravní podnik vynakládá peníze. To je opravdu cár papíru. A co se týká projednání s veřejností, určitě projednání s veřejností není to, že se ven dá nějaká vizualizace. Ale že se prostě budou ty informace od začátku komunikovat, že to s těma lidmi bude skutečně projednávat. Ne, že jim ukážeme nějaké obrázky, jak by to možná jednou mohlo vypadat. Ono to pak vypadá jinak, jak už tady zmínil kolega Kment.",0,21185e2ff631d16f
jasna-flamikova,Z9/20,14,"Mgr. Jasna Flamiková: Já bych chtěla reagovat na návrh usnesení pana náměstka Kerndla. A chtěla bych citovat ze zákona o obcích, § 82: „Člen zastupitelstva obce má při výkonu své funkce právo - za a) předkládat zastupitelstvu obce, radě obce, výborům i komisím návrhy na projednání, za b) vznášet dotazy, připomínky a podněty na radu obce, jednotlivé členy, předsedy výborů, statutární orgány právnických osob, jejichž zakladatelem je obec, na vedoucí příspěvkových organizací a organizačních složek, které obec založila nebo zřídila, písemnou odpověď musí obdržet do 30 dnů, a konečně za c) požadovat od zaměstnanců obce zařazených do obecního úřadu, jakož i od zaměstnanců právnických osob, které obec založila nebo zřídila, informace ve věcech, které souvisejí s výkonem jejich funkce. Informace musí být poskytnuta nejpozději do 30 dnů.“ Jestli tomu dobře rozumím, tak návrh usnesení pana náměstka Kerndla žádá po zastupitelích, aby posvětili protiprávní jednání ředitele Dopravního podniku.",2,21185e2ff631d16f
jasna-flamikova,Z9/20,22,"Mgr. Jasna Flamiková: Já samozřejmě vím, že se jedná o metropolitní integrovanou oblast, nicméně stejně mě trošku překvapilo, že tam není žádný prostor věnovaný podpoře pěší dopravy. Protože i lidé, kteří dojíždí do města veřejnou hromadnou dopravou, tak je to pro ně jiné, když vystoupí ve městě a potom vědí, že ty ulice, kterýma by se dostali do práce, na nějakou kratší trasu, jsou zasekané auty, že tam jsou zavřené přechody a podobně, než když by to město prostě bylo dobře na tu prostupnost pěších připraveno. A ono teda, bohužel, bohužel není, a ta situace se pořád zhoršuje. Nevím teďka to číslo přesně, ale myslím si, že to je kolem 25 % lidí, kteří to auto používají na vzdálenost do nějakých 2,5, 3 km. To je poměrně obrovské množství, když si představíte. Já myslím, že už, aspoň část začala vnímat, že člověk na kole zabere méně místa, než když se tím městem pohybuje autem. Stejně tak to je, když jde pěšky. Proto mně vlastně přijde hrozná škoda, že tadytomudle potenciálu, tomu snížit ty zácpy ve městě, a vůbec tu prostupnost města, se věnuje tak málo pozornosti. A je to z mé strany jenom takový povzdech. Jenom na to chci upozornit, chci prostě říct, že tady je obrovský potenciál k tomu, aby ty ulice byly prostupnější, ale to, co to chce, na druhé straně, tak je prostě skutečně věnovat do, pozornost tomu, aby se po těch ulicích dobře chodilo. Teď jsme se dozvěděli na městské části, že s přechodem na Údolní se teda opravdu nepočítá. Ta situace na Úvoze, je tam teďka docela tragická. Ze 3 přechodů vznikl 1, na místě, který nedává smysl. Aby chodci nepoužívali původní přechod, tak tam byly umístěny betonové zábrany. Můžu Vám říct, že když tam stojíte v noci, stejně vidíte lidi, jak prostě v noci mezi auty přebíhají. Protože ta trasa prostě nedává vůbec, jako logicky, žádný smysl. Takže bych skutečně chtěla apelovat tadynatodle. Abysme tomu věnovali dostatek pozornosti, protože prostě fakt je to škoda, že se to nevyužívá. A jinak v tom materiálu se konstatuje, že chybí nějaké, i motivační a propagační programy k tomu, aby se propagovala veřejná doprava. Ale stejně tak chybí takové programy k tomu, aby se propagovala pěší doprava.",0,21185e2ff631d16f
jasna-flamikova,Z9/20,23,"Mgr. Jasna Flamiková: Mě samozřejmě mrzí, že mater ne, ne, materiál nebyl projednaný v komisích, že ho projednal jenom výbor. A jestli jsem se dobře dívala v tom materiálu, tak vlastně o tom rozhodlo 5 lidí, kteří byli zrovna přítomni na tom zasedání. Skutečně mě mrzí, kam se využití peněz z tohodle fondu posunulo, protože z velké části se z toho financujou věci, které by prostě měly být normálně financovány z rozpočtu, a ne plus. Jako málo se z toho financujou věci, který jsou nějakým způsobem systematicky zlepšující, prostě prostupnost města. A udržitelnou mobilitu. No, to je všechno.",0,21185e2ff631d16f
jasna-flamikova,Z9/20,24,"Mgr. Jasna Flamiková: Já jsem pouze povzdechla a vznesla povzdech nad tím, že věci, které byste měly financovat z rozpočtu, tak že se financujou z tohodle. A to, co jsem chtěla říci, že prostě vnímám, že se málo dostávají do fondu projekty, které nějakým způsobem systematicky řeší tu prostupnost města. Já vlastně nevím, jak se tam ty projekty dostávají. Tak možná bych v této souvislosti chtěla poprosit o odpověď, jakým způsobem se vlastně dostávají k posuzování ty projekty do Fondu mobility, kdo je tam může navrhovat a jestli třeba jsou i nějaké projekty, které byly z financování Fondu mobility odmítnuty?",0,21185e2ff631d16f
jasna-flamikova,Z9/20,25,"Mgr. Jasna Flamiková: Já samozřejmě vím, jak těžkou práci má městská policie. Zároveň prostě nemůžu nezmínit, že když řešíme na městské části nějaké problémy ve veřejném prostoru, tak skoro vždy skončíme u toho, jak městská policie funguje, nebo nefunguje. Což na minulém kontrolním výboru vedlo k tomu, že jeden z členů dal návrh, abysme hlasovali o jejím zrušení. Nebyla jsem to já. Chci říct, že včera jsme měli pozvané zástupce městské policie na komisi dopravy a že se tam objevila informace, že městská policie na jaře přestala rozdávat lístečky za stěrače, s tím, že se všechno digitalizuje. S tím já samozřejmě jako souhlasím, digitalizace má plnou podporu. Chtěla bych jenom upozornit na to, co jsme se včera zástupcům městské policie snažili vysvětlit, že když lidé u těch aut, zaparkovaných na chodníku, nebo parkujících špatně, nevidí ty lístečky, tak mají pocit, že to vlastně nikdo nehlídá a nekontroluje. A velmi to, prostě ten preventivní dopad je špatnej. A je to i špatnej dopad na pověst městské policie, protože vlastně lidi nevidí, nevidí to, že se ty auta kontrolují a že",2,21185e2ff631d16f
jasna-flamikova,Z9/20,26,"Mgr. Jasna Flamiková: Já chci jenom říct, že zastrčit nějaký lísteček za sklo určitě není žádné zdržování a že prostě to vnímání tou veřejností tam je, nebo není. Když vidím auto na parní, na chodníku, které parkuje a není žádným způsobem označeno, tak prostě mám pocit, že není řešeno. Jako ten viditelný rozdíl prostě a dopad tam je.",0,21185e2ff631d16f
jasna-flamikova,Z9/20,29,"Mgr. Jasna Flamiková: Já jsem, kolegyně avizovala, že k tomu budu, k, budu vystupovat, k bodu 46), ale tendle bod se mi nakonec na to zdá být vhodnější. Vrátím se k té situaci těch obrovských srážek, které dopadly, zhruba před měsícem, několika týdny, na Brno, a samozřejmě i, a skončily hodně v tom severomoravském kraji. Chci tím říct, že jsme měli obrovské štěstí. Nevím, jestli jste někdo mluvili s lidmi z Povodí Moravy, já jsem s nima mluvila. Kdyby na Brno spadl původně avizovaný systém srá, množství srážek, tak bysme měli vodu až na Mendláku. A zatímco hala se tlačí vlastně všemi možnými způsoby a je to stavba pro Brno zbytná, tak ty protipovodňové opatření jsou prostě věci, které jsou vlastně krizově důležité. Jsou důležité pro to, aby ochrániliy majetky a životy občanů. Takže já bych chtěla předložit usnesení, že Zastupitelstvo města Brna žádá Radu města Brna, aby zajistila pravidelné předkládání informativní zprávy o postupu protipovodňových opatření, jednou za 3 měsíce. Děkuji. Písemné, to předám.",0,21185e2ff631d16f
jasna-flamikova,Z9/20,29,"Mgr. Jasna Flamiková: Já jsem moc ráda, že jste s nimi hovořili. A já jsem jenom chtěla říct, že je to opravdu důležitý, že se změnou klimatu tydle situace budou přicházet stále častěji, a může se stát, že se vrátí třeba příští rok. V Kodani se přívalové srážky vlastně objevily v roce 2010, 2011, 2013. Způsobily tam škody za 22.000.000.000 Kč, na přímých nákladech. A 16.000.000.000 Kč, na těch nepřímých nákladech. A teprve potom začala Kodaň brát ty přívalové srážky vážně. Takže já bych skutečně velmi nerada, aby se vážně ty, u nás, tyhle věci začaly brát až ve chvíli, kdy dojde prostě k nějaké takové další situaci.",0,21185e2ff631d16f
jasna-flamikova,Z9/20,30,"Mgr. Jasna Flamiková: Já chci moc poděkovat za odpověď. Takže určitě není žádný důvod k tomu, aby zastupitelstvo tu informativní zprávu nedostávalo.",0,21185e2ff631d16f
jasna-flamikova,Z9/20,75,"Mgr. Jasna Flamiková: Já mám 2 dotazy. Jeden se částečně týká té předchozí diskuse kolem změny statutu a toho, že město spolupracuje s městskými částmi. Protože včera, na dopravní komisi, na Brně-střed, se kolegové, kteří jsou v současné době i v koalici, jako vyjádřili, že jim nechodí pozvánky na všechny výrobní výbory. Že někdy se o těch výrobních výborech dozví třeba od někoho, nebo se o nich nedozví. Vím, že v minulosti hodně tydle výrobní výbory svolávaly Brněnské vodárny, který jsou často investorem, ale že to můžou být i externí projektanti pracující pro město. Tak se chci zeptat, jestli je to skutečně dobře ošetřeno a jestli ty pozvánky skutečně na tu městskou část chodí? Případně, aby se v tom nějakým způsobem udělal nějaký systematický pořádek. A ten můj druhý dotaz se týká toho, že, myslím, předevčírem, došlo k dalšímu sražení chodce na přechodu v Brně. Tak se chci zeptat, jak daleko je město s přípravou měření rychlosti v ulicích Brna? Děkuju. A jinak doufám, že mi bude odpovězeno na všechny dotazy, i na té, které jsem kladla v průběhu jednání.",0,21185e2ff631d16f
jasna-flamikova,Z9/20,75,Mgr. Jasna Flamiková: Já bych chtěla také dostat onen posudek.,0,21185e2ff631d16f
jasna-flamikova,Z9/19,9,"Mgr. Jasna Flamiková: My už jsme tady o lanovce několikrát diskutovali. Chtěla bych podotknout, že jsme doposud neobdrželi žádné relevantní podklady, které by nějakým transparentním způsobem například uk, ukazovaly, jaký bude rozpočet, s čím se počítá a podobně. Nám se dostala do ruky směrnice pro místní úřady, provozovatele dopravy a organizace, od náhlů, přes plánování, výstavbu, až po provoz, německá směrnice na, protože na Německo se tady někdy odvolávají někteří. Směrnice se jmenuje městské lanovky místní veřejné dopravy. Já bych z ní ráda ocitovala některé, některé odstavce. Bez ohledu na to, která metoda dopravy je nakonec zvolena pro bližší prozkoumání odborníky. Prvním krokem je rozhodnout, zda je ve sledované oblasti třeba rozšířit nebo optimalizovat místní systém veřejné dopravy. Poptávas, poptávka je zkoumána za pomoci analýz zranitelnosti místního dopravního plánu. Výsledky analýzy zranitelnosti je použit pro vytvoření seznamu cílů a pro zhodnocení možných nápadů a plánů. Doporučená opatření pro občanskou účast - během projektu, a tudíž i během této rané fáze, je třeba veřejnost informovat o základních principech fungování systému lanovek. Jakmile ustaveno rozhodnutí o plánovací fázi, je vyhlášen tendr na odborné stanovisko pro zhodnocení možnosti pro optimalizaci a rozšíření v oblasti studie, například v podobě studie proveditelnosti, následovaný zadáním a přípravou stanoviska. V této fázi musí být vytvořen určený projektový tým, který obsahuje odborníky a plánovače. Studie by měla pokrývat analýzu potenciálu, plánování infrastruktury a provozu a studii ekonomické proveditelnosti dopravního systému. Pokud je to potřeba, mělo by v tomto kontextu být provedeno i porovnání systému, aby mohl být vybrán nejvhodnější systém dopravy. Občané by měli být informováni o cílech a obsahu odborného stanoviska, včetně zvažovaných koridorů trasy a systému dopravy. Cílem poskytování informací a otevřených komunikačních kanálů během projektu je dát zainteresovaným subjektům možnost se zúčastnit projekce. Neodehrává za zamčenými dveřmi. Zároveň musí být provedeno standardní zhodnocení. Do dnešních dnů je v Německu jen málo zkušeností s projekty městských lanovek, které by se dostaly za fázi studie proveditelnosti. A tady mám to, v externí komunikaci navíc musí být jasné, že cílem není za každou cenu postavit městskou lanovku, ale že mají být provedeny předběžné výzkumy a studie proveditelnosti, aby mohly být zvoleny vhodné metody dopravy, a že lanovka je pouze jedna z nich. Já bych chtěla říct, že tady zatím žádné analýzy a studie na stole nemáme, ale už se vlastně řeší stavební povolení. Je samozřejmě otázka, jak dopadne rozhodnutí soudu v září, ale já bych chtěla navrhnout návrh usnesení - Zastupitelstvo města Brna ukládá panu radnímu Kratochvílovi zorganizovat veřejné projednání s představením zadaných analýz, jmenovitě: 1. odborného posudku k záměru na vybudování lanovky Pisárky-Kampus, který zpracovává Univerzita Pardubice - Dopravní fakulta Jana Pernera, z pohledu dopravně - technologického. Výsledků tržní konzultace s MT Legal, která má být podkladem pro zadání CBA analýzy a podrobné SWOT analýzy, aby v rámci veřejného projednání měla široká veřejnost možnost se s podklady seznámit a diskutovat o záměru tuto lanovku v Brně postavit.",2,7a2e7987609bcbd0
jasna-flamikova,Z9/19,15,"Mgr. Jasna Flamiková: Ja, já bych také chtěla požádat o ty materiály. Ale já hlavně předpokládám, že když tady někdo požádá o nějaké materiály, že je dostaneme k dispozici všichni.",0,7a2e7987609bcbd0
jasna-flamikova,Z9/19,31,"Mgr. Jasna Flamiková: Já se jenom zeptám, v návaznosti na dotaz občana v bodě hovory s občany, zda ty přístřešky pro cestující budou počítat s tím, že tady máme změnu klimatu a že by ta střecha neměla být prosklená?",0,7a2e7987609bcbd0
jasna-flamikova,Z9/19,105,"Mgr. Jasna Flamiková: Já bych chtěla také požádat o projekt k lanovce a zároveň bych chtěla požádat, jestli už jsou hotové ty posudky a výsledky tržní konzultace, tak bych chtěla poprosit i o tydle. A chtěla bych upozornit na to, že tady dneska vzniklo jisté zmatení, protože já jsem se domnívala, že když si někdo o nějaký materiál požádá, takže ho vlastně dostanou k dispozici všichni zastupitelé. Tady navrhuju, aby se vedení města zamyslelo, jak to dělat, protože pak se nás může hlásit třeba několik po sobě o to stejné, jak se to dneska stalo. Potom bych chtěla požádat, aby nám investiční projekty rekonstrukcí ulic chodily do komise bezpečnosti, dopravy a veřejného pořádku, protože pak se stává, že honíme kočku za ocas, a vlastně projekty, které jsme nedostali k dispozici, tak musíme požadovat nějaké úpravy nebo doplnění. Ať už se to třeba jedná, teďka, Údolní a toho nešťastného přechodu. A pak už mám jen 2 takové drobnosti. Asi jste všichni, kolegové, dostali mail od paní Bláhové, která, která vlastně psala, že si zapomněla prodloužit rezidentní oprávnění, naskákalo jí za ten měsíc asi 13 přestupků. A vlastně v tom mailu nám píše, proč to vlastně nejde obnovovat automaticky? Tak jsem se jen chtěla zeptat, jestli se tím někdo zabývá, protože mi přijde, že todle je to nejjednodušší, co můžeme pro ty občany udělat, aby jim to vlastně se automaticky odečítalo, pokud o to budou stát. A to poslední, co jsem chtěla - já si nesmírně vážím toho, jak Dopravní podnik se snaží vyřešit objížďky. Ale chci říct, že v případě Údolní, tam je spousta nedostatků. Jako pacienti, kteří míří směrem do Masarykova onkologického ústavu, tak prostě na té zastávce, původní, nemají jako skutečně, jako zřetelně vyznačeno, nějakou obrovskou ceduli, že mají přejít jinam. Není na té České pořádně žádné ukazovací cedule, které by ukazovaly, kde ty zastávky jsou. Já, kdybych se nezeptala řidiče našeho trolejbusu, tak bych vůbec netušila, kde je ta zastávka, která mě odveze zase zpátky domů. A stejně tak, když jsem se třeba dívala do aplikace a ukázalo mi to, že někde mám přestoupit na tramvaj č. 4, tak já vlastně nevím, jestli je to směr do centra, nebo z centra, pokud prostě nevím přesnou trasu toho autobusu, který nahrazuje tramvaj. Takže si myslím, že i v té aplikaci by to šlo upravit a že by u té zastávky, pokud tam jsou 2 zastávky vlastně na jednom místě a není to jistý, jestli bylo napsaný prostě, v závorce, ve směru z centra, ve směru do centra. Pro ty lidi je to potom jako velkej stres a nepohoda. Zvlášť když třeba na té zastávce dlouho čekají, pak zjistí, že tam vlastně nic nejede, protože tam prostě není nějaká ta velká cedule. No, to je všechno.",0,7a2e7987609bcbd0
jasna-flamikova,Z9/21,22,"Mgr. Jasna Flamiková: Já souhlasím s tím, že ten mail nebyl napsaný úplně šťastně, nicméně chtěla jsem na tu konferenci jít, z časových důvodů mi to nevyšlo. Chtěla bych říct, že na ní vystupovala řada odborníků, vystupovala tam hlavní architektka Bratislavy, vystupoval tam Adam Gebrián, architekt Pelčák a řada dalších, a dost mě to mrzelo, že jsem se tam nedostala. Myslím si, že takové akce jsou potřeba a že prostě ta osvěta o tom, jak ten veřejný prostor má fungovat, je důležitá. A že bohužel to je vlastně téma, ke kterému se tady opakovaně, v Brně, vyjadřujeme, že nefunguje úplně dobře, že v tom veřejném prostoru je spousta bariér. A myslím si, že todle je prostě typ projektu, který by Brno mělo podpořit, mělo by se k němu hlásit a mělo by i nějakým způsobem podpořit to, aby na takové akce vlastně zastupitelé a úředníci chodili.",0,f9d440624b7d3d49
jasna-flamikova,Z9/21,61,"Mgr. Jasna Flamiková: Já jsem Vás, pane náměstku Černý, chtěla poprosit, jestli byste už teďka mohl číst názvy těch bodů. Protože na webu města už ne, přestaly být číslovaný. Abysme se v tom orientovali.",0,f9d440624b7d3d49
jasna-flamikova,Z9/21,63,"Mgr. Jasna Flamiková: Já mám 3 dotazy. Ten první dotaz je, myslím si, že se určitě shodneme, že způsob, jakým vystupují úředníci, případně jiní lidé placení městem, tak ovlivňuje to, jakým způsobem reprezentují to město a jsou vnímáni veřejností. Ke mně se dostala velmi nelichotivá zpětná vazba na vys, na komunikaci paní XXXXXXXX. Já vím, že to jako XXXXXXXX XXXXXXXXXXXXX má velmi složité. Já bych na jejím místě být nechtěla. Ale když jí někdo zavolá se slušným dotazem, tak by mohla vést komunikaci prostě slušně. A chtěla bych požádat, aby na to byla nějakým způsobem upozorněna. Chtěla bych se z, nějak upoz, zupozornit na rekonstrukci ulici Údolní, kde bohužel nejsou vždycky zajištěny průchody pro chodce, odpad se tam vyváží poměrně sporadicky. Tak bych chtěla poprosit, jestli by bylo možné nějak ty situací v té oblasti zlepšit. A ten poslední dotaz je vlastně nejdůležitější. Tadyvtomto volebním období koalice zřídila novou komisi pro bezpečnost dopravy a veřejný prostor, a z toho důvodu, že Brno na tom prostě dlouhodobě je nejhůř v republice, co se týká následků dopravních nehod. Když se dívám na nejnovější žebříček, který vydala Generali Česká pojišťovna, tak Brno je v něm úplně s obrovským náskokem vepředu, za ním je Jihlava, ale už téměř o polovinu líp na tom jsou České Budějovice, Praha je na tom líp o ⅔. Já a další kolegové se dlouhodobě ptáme, kdy se Brno vrátí k měření rychlosti? Protože to je jedna z, jeden z největších vlivů, který může následky těch dopravních nehod zmírnit. Tam, v těch oblastech, kde byla zavedena rychlost 30, tak tam se snížil počet dopravních nehod, a když jsem se tady na to vlastně ptala na jaře, tak mi bylo řečeno, i na komisi dopr, bezpečnosti dopravy mi bylo řečeno, že byl zadán průzkum, studie, na základě které se vyhodnotí, kde toto měření rychlosti dává smysl. Tak jsem se chtěla zeptat, kam jsme se posunuli? Protože interně mám zprávu, že nikam. Takže dál nám nevadí, že prostě tady umírají nebo jsou mrzačeni lidé a že jsme na tom nejhůř v celé republice. Já myslím, že skutečně by město, a vedení města, v tomdle mělo udělat nějaký rázný krok a přikročit k tomu, aby se ta situace zlepšila.",0,f9d440624b7d3d49
jasna-flamikova,Z9/22,29,"Mgr. Jasna Flamiková: Já bych se chtěla zeptat, v této souvislosti, možná doplňující dotaz k tomu, co říkala Jana Drápalová. Četla jsem, že jsou města, které vlastně přechází na 14denní svoz odpadu, ne třeba v celém městě, ale v oblasti, kde jsou rodinné domy a kde skutečně z, pokud ti lidé třídí, tak tu černou popelnici za týden ani náhodou nenaplní. Takže se chci zeptat, jestli i tadystou variantou, třeba v té oblasti, kde je řidší zástavba, kde jsou rodinné domy, jestli se tadytodle prověřovalo?",0,0a5e067d7f1d3081
jasna-flamikova,Z9/22,77,"Mgr. Jasna Flamiková: Já bych se chtěla vrátit k diskusi, kterou tady opakovaně vedeme ohledně měření rychlosti. Pan radní Kratochvíl minule říkal, že Brno dostalo nějaké speciální ocenění ohledně srovnání, řekněme, veřejné dopravy, za to jsem samozřejmě ráda, ale úplně to nesouvisí s hromadnou dopravu. Já teďka mám před sebou otevřený post na Facebooku, který psal, a píše se tam, že Brno dostalo 2. nejlepší známku ze zkoumaných kategorií a speciální ocenění v odvětví inovací za rozpočtový fond pro financování udržitelné mobility, který byl zřízený ro, v roce 2019. To samozřejmě kvituju. Pokud já si uvědomuju, tak tento fond se měl jmenovat Fond udržitelné mobility, a nyní se jmenuje pouze Fond mobility. S čímž jako souvisí to, že se tady píše, že se z něho rozdr, udělují peníze například na rozvoj cyklistických tras, výstavbu bezbariérových vstupů, rozšíření parkovacích ploch, zlepšení dostupnosti MHD, podporu elektromobility a zabezpečení přechodu pro chodce a prostor kolem škol a školek. Tak já bych poprosila vyčíslit, kolik financí z toho fondu se tadynaty jednotlivé kategorie od jeho zřízení, od jeho zřízení rozdělilo. Potom bych se chtěla vrátit k včerejšímu článku, který vydal Český rozhlas a který se týká odtahů v Brně, ze kterého vyplývá, že zatímco počet aut v Brně roste, tak klesl počet odtahů a pokut. A podle práce novinářů, investigativní práce, některé z dodatků, které se týkají smluv na tyto odtahy, nejsou ani platné, protože nebyly uzavřeny v souladu s platnou legislativou. Takže bych se chtěla obrátit na kontrolní výbor a na dozorčí radu Brněnských komunikací, aby tyto smlouvy prověřily. V souvislosti s tím v tomto článku také citovali, protože už posledně jsem se na komisi bezpečnosti dopravy dozvěděla, že Brno má nějaké vlastní statistiky, tak pokud se podíváme na ty data, které uvádí Český rozhlas, tak pokud ve všech krajských městech, s výjimkou Plzně, klesl počet zraněných nebo usmrcených o polovinu, o, až třetinu, a v Brně téměř neklesl, tak něco je špatně. A těžko budeme tyto data zpochybňovat. V souvislosti s tím v minulých týdnech jste možná zaznamenali, že spousta měst měří rychlost ve svých městech. Praha má údajně až 100 radarů, které měří nejenom rychlost, ale měří třeba pře, přejezdy na červenou, nebo kontrolují pruhy MHD. Brno nemá žádný tento radar, jestli si dobře uvědomuju. Takže bych se chtěla zeptat, proč vlastně Brno, které, jak jsme se dozvěděli při schvalování rozpočtu, na tom není finančně dobře, ty peníze potřebuje, bude potřebovat, i do budování jako dopravní infrastruktury, proč vlastně nechává ležet, ležet vlastně příležitost, která umožní, jak jako dodržovat pravidla a zvýšit bezpečnost, tak vlastně navýšit příjem do rozpočtu, právě třeba i na ty bezpečnostní opatření. Pak jsem se chtěla zeptat, ten pán, co tady vystupoval na začátku, tak mluvil o té zastávce v, Přístavišti, a říkal, že vlastně ta zastávka nebyla zbudována jako bezbariérová. Že vlastně byla udělaná tak, že i nyní tam chodci mají asi jeden schod, aby se dos, dostali",0,0a5e067d7f1d3081
jasna-flamikova,Z9/22,79,"Mgr. Jasna Flamiková: Já jsem chtěla reagovat na pana radního Kratochvíla, protože mě ta jeho odpověď neuspokojila. Když jsme na jaře se bavili o měření rychlosti, tak nám bylo slíbeno, i na komisi bezpečnosti dopravy, i tady, že si Brno zadává průzkum u VUT, který by měl nějakou studii, která by měla vlastně určit, na kterých úsecích dává to měření rychlosti přednost. Tak já bych chtěla tu studii dostat k dispozici. Zdá se mi vlastně neuvěřitelné, pokud ve městě, které vévodí žebříčkům z nebezp, v nebezpečnosti silnic a v množství smrtelných a těžkých nehod, vlastně slavnostně budem instalovat 1 radar na měření rychlosti. My opakovaně, ať už je to na Brně-střed, nebo vlastně tady, na komisích, narážíme na to, že městská policie a policie vůbec nemůže prostě stíhat všechno. A pokud máme vlastně nějaké technické prostředky pro to, které můžou vlastně přimět některé občany k tomu, aby začali dodržovat pravidla, které povedou k větší bezpečnosti ve městě, tak se tomu bráníme. A já tomu, popravdě řečeno, jako nerozumím. Protože prostě ten, kdo to odnese, tak jsou občané města.",0,0a5e067d7f1d3081
jasna-flamikova,Z9/22,80,"Mgr. Jasna Flamiková: Já už budu velice stručná. Já děkuju paní kolegyni Pazderové, že mě přesvědčila, že rozpočet města Brna je na tom výborně. Potom nechápu, proč na komisi bezpečnosti dopravy jsme ztráceli čas, několik komisí, diskusí nad tím, jestli máme peníze na to, namalovat značky 30 na silnici, nebo jestli máme dost peněz na instalaci bezpečnostních sloupků a podobně. Takže už jsem úplně v klidu.",0,0a5e067d7f1d3081
jasna-flamikova,Z9/23,1,"Omluveni: Mgr. Jasna Flamiková (od 9:30 hod.), Mgr. Pavel Outrata, Ing. Andrea Pazderová, Ing. Karin Podivinská, náměstkyně primátorky, doc. RNDr. Anna Putnová, Ph.D., MBA, Libor Zábranský.",0,4658264f1b9b47c0
jasna-flamikova,Z9/25,8,"Mgr. Jasna Flamiková: Já bych jenom chtěla poděkovat tadyzatudle iniciativu, velmi ráda to podpořím.",0,e988b29ad183637c
jasna-flamikova,Z9/25,26,"Mgr. Jasna Flamiková: Já bych se chtěla přidat kolegům. Chtěla bych se zeptat pana Olivy, když se ten dům dá do dražby tadystouto částkou, čemu to brání? Pokud ten developer to chce, tak to za tudle částku koupí v dražbě, a zároveň to projde nějakou veřejnou kontrolou, že ta částka byla stanovená dobře. Pro město to je jenom dobře, protože v tom bude transparentnější.",0,e988b29ad183637c
jasna-flamikova,Z9/25,52,"Mgr. Jasna Flamiková: Já bych chtěla poděkovat panu radnímu Kratochvílovi za snahu nějakým způsobem řešit tu situaci kolem toho parkovacího domu. My jsme se o tom včera bavili na dopravní komisi, na Brně-střed, a v podstatě nejenom Kancelář architekta města, ale i městská část by měla být od začátku vlastně přizvána k tomu, aby mohla tyhle věci připomínkovat. Ona to není jenom otázka toho, jako že líbí, nebo nelíbí. Ale kolega, architekt Kurtis, například upozorňoval na to, že pokud ten dům vlastně nebude mít ty zdi, nebo vlastně nějaké zastínění, tak to bude znamenat, že všechny auta, co budou vyjíždět do těch vyšších pater, tak budou při tom objíždění domu svítit do těch oken, těch bytů všude kolem. Takže skutečně si myslím, že něco takového by prostě i ty městské firmy měly s městskými částmi komunikovat, zvláště když je to téměř u centra města, a je to vlastně někde, kde to bude hodně vidět a hodně potom strašit, případně. Takže každopádně moc děkuju za tu snahu to řešit a budu doufat, že se to podaří nějak posunout k lepšímu.",0,e988b29ad183637c
jasna-flamikova,Z9/24,1,"Omluveni: Ing. Jana Drápalová (do 9:45 hod.), Mgr. Jasna Flamiková (do 9:25 hod.), Ing. David Grund (od 12:15 do 13:00 hod.), Bc. Matěj Hollan (do 9:10 hod.), Mgr. Vladan Krásný (do 9:45 hod.), Mgr. Martin Maleček (od 11:45 hod.), Mgr. Jaroslav Suchý (do 9:25 hod.).",0,0f8748a98e03e9ac
jasna-flamikova,Z9/24,25,"Mgr. Jasna Flamiková: Já bych chtěla reagovat na paní radní Matonohovou. Já souhlasím s tím, že PORG je bezpochyby kvalitní gymnázium, kvalitní organizace, ale je to vzdělání, které je placené, poměrně vysoce placené, a já si myslím, že my, jako zastupitelé, bysme se měli snažit o to, aby ke kvalitnímu vzdělávání měli přístup všichni žáci a studenti, kteří bydlí ve městě Brně. A to by mělo být u nás na prvním místě. Zároveň mám jisté pochybnosti, protože v minulosti, víte, jak ty soudy u nás chodí, přijme se nějaký závazek, že bude budova sloužit ke školství, a potom prostě, až ten závazek přestane platit, tak je vlastně nevymožitelný. Tak mě by zajímalo, co v takovém případě?",0,0f8748a98e03e9ac
jasna-flamikova,Z9/24,54,"Mgr. Jasna Flamiková: Já nechci dneska rozhodně zdržovat. Todle je věc, která nepočká do příště. Četla jsem příspěvek na Facebooku, sdružení Město jako Brno, a to, na co tam poukazují, tak je katastrofální stav pro chodce na ulici Údolní. Končí to tím, že chodci jsou účastníci dopravy, jako kdokoliv jiný. A stejně jako řidiči si zaslouží jednak informace, uzavření tras, jednak kvalitní náhradní trasu. Tendle požadavek ostatně obsahuje i platná legislativa, nejde o žádnou rozmařilost. Kontaktujeme samozřejmě i stavbu, orgány města, zatím bez výsledku. Chtěla bych poprosit, jestli by se tomu někdo mohl věnovat?",0,0f8748a98e03e9ac
jasna-flamikova,Z9/26,7,"Mgr. Jasna Flamiková: Já bych chtěla říci, že tadle věc se diskutovala i v komisi životního prostředí. A komise životního prostředí jednohlasně doporučila, aby návrh Pravidel pro správu ploch nejvýznamnější zeleně bylo dáno ke schvalování Zastupitelstvu města Brna. Bohužel to v tom předkládaném materiálu není. A už tohle je, z mého pohledu, netransparentní, že tyto dis, že tyto argumenty tam prostě chybí.",2,e5fe37ddafdb66a3
jasna-flamikova,Z9/26,17,"Mgr. Jasna Flamiková: Já bych jenom chtěla říct, že tenhle bod nepodpoříme a že si myslím, že takové akce by neměly být hrazeny z veřejných prostředků. My tady máme nárůst obezity u dětí mezi 13 až 17 lety, je to, každé 4. dítě je obézní. Bylo by mnohem prospěšnější, kdyby tyto peníze putovaly do obnovy hřišť, do výstavby sportovišť, do toho, aby ulice byly schůdné a sjízdné na kole pro děti. Protože potřebujeme, aby se děti začaly víc hýbat.",0,e5fe37ddafdb66a3
jasna-flamikova,Z9/26,24,"Mgr. Jasna Flamiková: Já bych jenom chtěla poprosit, jesi je možné k tomu teďka v rychlosti říct víc? Protože si myslím, že teď většina nevíme, o čem hlasujeme. Na ko, na, Vy jste říkala 250.000, na co ty peníze mají jít?",0,e5fe37ddafdb66a3
jasna-flamikova,Z9/27,10,"Mgr. Jasna Flamiková: Pardon, pardon, já pouštím kolegyni Drápalovou, aby mohla reagovat.",0,1ac7d00d7789f14d
jasna-flamikova,Z9/27,11,"Mgr. Jasna Flamiková: Já bych chtěla jenom eště zopakovat to, co jsem říkala minule. Že rušení té vyhlášky je chyba. Že se dala ta vyhláška nějakým způsobem upravit, aby mohla reagovat na připomínky Ministerstva vnitra. A že roky městu Brnu sloužila k tomu, aby tu zeleň chránila. A v době, kdy se projevují změny klimatu a města se ohřívají, tak my vlastně zmírňujeme podmínky pro to, aby se z té zeleně ukrajovalo. A já bych se chtěla zeptat, v této souvislosti, co vlastně uděláme pro to, aby se ty plochy zeleně, zejména v centru, rozšiřovaly?",0,1ac7d00d7789f14d
jasna-flamikova,Z9/27,11,"Mgr. Jasna Flamiková: A já bych eště chtěla reagovat na kolegu Chvátala. Já nevím, jesi myslí statut, nebo myslí tu vyhlášku. Souvisí to s vyhláškou, protože ta vyhláška zmírňuje možnosti, jak tu zeleň prostě ukrajovat. Tím, že dává pravomoci, do určité velikosti, Odboru životního prostředí, tím, že ze zastupitelstva pře, předádla a převádí to rozhodování na radu. Takže to nebude pod takovou veřejnou kontrolou, jako když to muselo jít před zastupitelstvo. Takže rozhodně to spolu souvisí. Já jsem v komisi životního prostředí navrhovala, a nebyla jsem sama, aby když se nějaká plocha zmenší, aby se našel nějaký jiný kus zeleně, nebo změnila se třeba vydlážděná plocha na zeleň a zařadila se tam. A to nebylo teda, bohužel, přijato. A pořád si myslím, že Brno prostě dělá málo.",0,1ac7d00d7789f14d
jasna-flamikova,Z9/27,22,"Mgr. Jasna Flamiková: Já budu proti. I ten důvod je, že se domnívám, že to rozhodnutí, tak jak je navrhované, je v rozporu s Fondem mobility, který má podporovat zejména udržitelnější dopravu, případně parkování. A chci říct, že ve chvíli, kdy v komisi bezpečnosti dopravy každou chvíli jako řešíme, že nejsou peníze na sloupky, nebo řešíme, kolik bude stát barva, když necháme vyznačit zóny 30 na silnicích, tak mně přijde úplně úsměvné, že prostě tady dáme 1.000.000 Kč do nějakýho informačního střediska o velkých dopravních stavbách. Chci říct, že Brno na tom, z hlediska bezpečnosti dopravy, je špatně. Opět jsme se umístili na špici jako město s nejnebezpečnějšími silnicemi v republice. Máme tady velký počet mrtvých a těžce zraněných. A když se řeší peníze na nějaké zlepšení bezpečnosti, tak prostě se o ně musíme fakt jako těžce handrkovat. Takže mi to přijde úplně jako mimo, tadyten návrh.",2,1ac7d00d7789f14d
jasna-flamikova,Z9/27,23,"Mgr. Jasna Flamiková: Já bych jenom chtěla podotknout, že to informační centrum je na místě, kam se staršímu, hůře pohyblivému občanu, bude opravdu obtížně dostávat.",0,1ac7d00d7789f14d
jasna-flamikova,Z9/27,34,"Mgr. Jasna Flamiková: Klidně bych dala kolegovi přednost, ale asi jsme byli současně. Chtěla bych říct, že to považuju za jednoznačně politickou dotaci, protože Bolek Polívka podporoval ODS v jejich předvolební kampani. A ta dotace je prostě v bezprecedentní výši, ve srovnání s ostatníma, nezávislýma divadlama, které v Brně máme a které jsou špičkově na výši. Bolek Polívka je určitě významný obyvatel, významný kulturní představitel ve městě Brně, ale ty dotace tomu prostě neodpovídají. Zvláště proto, že část těch představení, které se tady odehrávají, tak jsou zájezdy zájezdových divadel. Často se nejedná ani o původní tvorbu, takže budu v tomto případě hlasovat proti. Je mi to zároveň jako trochu lidsky líto, ale myslím si, že ta nespravedlnost tady bije do očí.",0,1ac7d00d7789f14d
jasna-flamikova,Z9/27,36,"Mgr. Jasna Flamiková: Já jsem chtěla poděkovat panu vedoucímu za ty informace. Já konkrétně tadyten spolek neznám, ale chtěla jsem říct, že jestli něco občany Brna trápí, tak je to narůstající počet lidí bez domova. A že díky za každýho člověka, kterého se podaří z ulice prostě dostat do nějakého bydlení.",0,1ac7d00d7789f14d
jasna-flamikova,Z9/27,90,"Mgr. Jasna Flamiková: Já bych jenom chtěla poznamenat, že pokud všechny okolné, okolní pozemky jsou svěřeny městské části, tak je do očí bijící, že tento ne, tento není.",0,1ac7d00d7789f14d
jasna-flamikova,Z9/27,98,"Mgr. Jasna Flamiková: Já bych chtěla mluvit o věci, která mě ra dlouhodobě hodně trápí. A to je to, že Brno naprosto rezignovalo na to, aby vymáhalo dodržování pravidel. A to, když teďka mluvím o ulici Údolní, kde probíhá rekonstrukce a kde ti bydlící a chodci a lidé, kteří tam třeba mají svého lékaře, nebo prostě jiné centrum své cesty, tak se musí brodit prostě ve štěrku, v písku. Vůbec se nedodržuje vyhláška o zajištění takové stavby pro chodce. Je to prostě nějakej právní rámec, kterej je pro ty stavby stanovenej, a na ten právní rámec prostě všichni, všichni kašlou. Nevím, čím to je. Ti obyvatelé se snaží, posílají prostě podněty, schází se tam na kontrolní výbory, ale ten stav se ne, nelepší. Já jsem šla minulý týden tou vrchní částí, nad Úvozem, a málem jsem si tam zvrtla kotník. A to si nemyslím, že jsem nějak prostě pohybově handicapovaná. Takže, chci se zeptat, co udělá město Brno pro to, aby firmy, které pro něj rekonstruují ulice, skutečně dodržovaly vyhlášky a aby ti chodci se tam mohli bezpečně, bezpečně pohybovat? Ta druhá věc, která souvisí s dodržováním pravidel, tak se týká, tak se týká především, především automobilů, a to, ať už překračování rychlosti, nebo parkování tam, kde se parkovat nemá. Dlouho se slibuje, že se začnou postihovat i auta, které stojí mimo modré zóny. Zatím se tak neděje. Já jsem dneska ráno, cestou na zastupitelstvo, byla svědkem toho, že málem došlo ke srážce na Lipové, kde už jsem dávno navrhovala sloup, na Lipové ne, na Tvrdého, kde už jsem dávno navrhovala sloupky, protože tam je mírná zatáčka. V té mírné zatáčce stálo auto, v rozhledovém trojúhelníku, na chodníku a auto, které vyjíždělo z boční ulice, ho nevidělo. A chybělo fakt jako kousek. Takže se chci zeptat, co udělá město Brno pro to, aby se ty pravidla začaly dodržovat? Pokud vím, tak studii VUT k měření rychlosti pořád nemáme. Pokud to VUT není schopno zpracovat, zadejme to Centru dopravního výzkumu. Zadejme jim nějakou studii k doporučení toho, co můžeme udělat pro to, aby se ta situace pro chodce v Brně a bezpečnost, obecně, zvýšila.",0,1ac7d00d7789f14d
jasna-flamikova,Z9/29,16,"Mgr. Jasna Flamiková: Já jsem se chtěla zeptat, těch staveb, které se posouvají do příštího roku, je poměrně hodně. To, co mě tam překvapilo, tak je to, že se slibovalo, že v letošním roce začne Brno na jednom úseku měřit rychlost, na ulici Kníničská, a nyní je tam napsané, že Kníničská se bude opravovat a nic se měřit nebude. Tak se jenom chci zeptat, protože to určitě všichni dopředu věděli, jestli teda bude Brno hledat jiné místo a, nebo jestli jako nadále budeme možná jediným městem v republice, které nedbá na dodržování a hlídání pravidel?",0,af870d56898ecc01
jasna-flamikova,Z9/29,24,"Mgr. Jasna Flamiková: Já jsem se tadyktomu bodu chtěla zeptat. Já jsem samozřejmě vždycky první, kdo upozorňuje, že je potřeba o těch stavbách občany informovat tak, aby prostě o tom věděli a mohli se tomu přizpůsobit. Zároveň ta částka, 5.000.000 Kč, mi přijde poměrně dost naddimenzovaná. Takže, chci se zeptat na výši té částky, přijde mi to opravdu hodně. Už jenom teďka, cestou na zastupitelstvo, jsem potkala 1 velký banner na České a další 2 vývěsky Technických sítí, kde jsem se o stavbě kolektoru dozvěděla, a nemusela se eště na to vydat nic, tadyztěch 5.000.000. A další věc je, na kterou se chci zeptat, jak bude ošetřený průchod pro lidi tou stavbou? Protože na Údolní na to evidentně nebyly žádné peníze, nedalo se to zřejmě do rozpočtu, takže ti místní občané a ti, co tam mají doktory a jiné služby, tak byli v podstatě obětováni. A je to tam hrozné. Vždycky, když tam jdu, to jako, to je prostě neuvěřitelné, co se tam děje. Tak se chci zeptat, jestli tady si to město pohlídá, aby to bylo pro občany v pořádku, v průběhu té stavby?",0,af870d56898ecc01
jasna-flamikova,Z9/29,61,"Mgr. Jasna Flamiková: Já jsem chtěla v podstatě upozornit na totéž, co kolega Koláčný, že pokud rada se tím auditem bude zabývat teprve zítra a pokud my ho ještě nemáme k dispozici, tak mi přijde předčasné o něčem takovém nyní hlasovat.",0,af870d56898ecc01
jasna-flamikova,Z9/29,64,"Mgr. Jasna Flamiková: Já bych se chtěla zeptat na 3 věci. Ta první, u té diskuse o toho statutu, tady se mluvilo o odpovědnosti městských částí a náhradě škody. Já bych se chtěla zeptat, kdo nese odpovědnost na městě, když vlastně nějaký projekt neprobíhá podle představ, nebo se tam zapomene například takové věci, jako jsou opatření pro chodce v průběhu stavby? A teď narážím znovu na tu Údolní. Tak já bych se chtěla zeptat, jestli to má město nějakým způsobem zprocesované a kdo za to vlastně potom nese odpovědnost? Potom bych se chtěla zeptat na to, dostala se ke mně informace, nevím, jestli je pravdivá, proto se na to ptám, že ty kamery na vjezdu do centra nefungují. Tak to je poměrně jednoduchá otázka, na kterou snad bude jednoduchá odpověď. A pak bych se chtěla zeptat, kdy se dočkáme boxu na kola? Protože, myslím si, že jsme ty peníze na ně schvalovali už před více jak 2 lety a už by snad mohly být hotové.",0,af870d56898ecc01
jasna-flamikova,Z9/29,64,"Mgr. Jasna Flamiková: Já esi, jo, z Fondu mobility byly, myslím, před 2 lety schváleny peníze na cykloboxy, což jsou boxy na zaparkování kol. A teď jsem teda jako překvapená, že, že o tom nevíte? Ale já myslím, že už jsme se tady o tom bavili. No, to je klidně, mně stačí odpověď písemně. A pak jsem se chtěla zeptat teda na ty kamery. To asi bude jednoduchá odpověď, jesi to funguje, nebo jesi to mělo nějakou poruchu, nebo v čem je problém?",0,af870d56898ecc01
jasna-flamikova,Z9/28,1,"Omluveni: Mgr. Jasna Flamiková, RNDr. Jiří Herman, Ph.D., Mgr. Petr Hladík (od 12:35 hod.), Bc. Matěj Hollan, JUDr. Michal Chládek, MBA (od 13:00 hod.), Petr Levíček, MBA, Mgr. Monika Lukášová Spilková, Ph.D. (od 13:00 hod.), Leoš Prokeš (do 11:00 hod.).",0,7ac680d41d8d0dd0
jasna-flamikova,Z9/30,12,"Mgr. Jasna Flamiková: Já bych se chtěla zeptat, protože mě skutečně velmi trápí počet lidí bez domova, kteří se pohybují v centru města, je vidět, že ten počet narůstá. Trápí mě, když mezi nima vidím spoustu lidí, kteří jsou o berli, kteří jsou o 2 berlí, kteří jsou na vozíku, jsou to jednoznačně zranitelné skupiny obyvatel. Chci se zeptat, jestli tato strategie na to nějakým způsobem reaguje? Protože podle mých informací jsou kapacity ubytovacích zařízení v Brně plné.",0,b92d222bc5bd1312
jasna-flamikova,Z9/30,20,"Mgr. Jasna Flamiková: Já bych se chtěla zeptat tadyktomudle, jsem to tam nenašla, když se řešilo osvětlení cyklostezky, které vede lesem od Anthroposu ke Kamenné kolonii, tak se řešilo, aby to osvětlení bylo šetrné a neosvětlovalo tu stezku celou noc, protože vliv toho svícení na ty stromy okolo je negativní. Tak jsem se chtěla zeptat, možná jsem to přehlédla, možná to tam je, v tom materiálu, jestli se tady opět počítá s tím, že to osvětlení bude šetrné, že to nebude zbytečně svítit celou noc? Aby to zbytečně nebralo vitalitu a zdraví těm stromům, které tam jsou, nebo které tam jsou nyní vysázeny nově.",0,b92d222bc5bd1312
jasna-flamikova,Z9/30,64,"Mgr. Jasna Flamiková: Já tady mám jedno poděkování, s takovým postesknutím, a 3 dotazy. To poděkování se týká toho, že před školou na Žerotínově náměstí byly po 2 letech instalovány sloupky, jako opatření proti vjezdu aut na chodník. A to postesknutí souvisí s tím, že to trvalo tak dlouho. Protože shodou okolností se ke mně v posledním půlroce dostaly informace o 5 sražených dětech v Brně. 2 byly děti mých kamarádek, které srazilo auto na silnici, 1 bylo, maminka, která autem srazila jiné dítě na přechodu před školou na Lerchové. Další případ se stal na Václavské, kde couvající řidič najel na nohu dítěti, které tam, na tom chodníku, čekalo na maminku. A ten 5. případ už ani nevím. Takže já jsem si na komisi bezpečnosti dopravy k tomu vyžádala nějaké informace. Zdá se, že pokud tam nedojde jako k velké materiální škodě, nebo k, k šetření policie, tak se to do těch statistik nemusí vůbec dostat. Takže uvidíme, co se vlastně dozvíme. To je tadyktomudlenc. A potom ty dotazy. Já jsem se posledně ptala na fungování těch kamer, vjezdu do centra, a pan radní Kratochvíl říkal, že neví o tom, že by nefungovaly. Tak já bych se chtěla zeptat, jestli vlastně můžu dostat nějaká data o tom, kdy ty kamery na vjezdu do centra fungovaly a kdy nefungovaly? Protože podle mých informací to na té Masarykové prostě nefunguje. Jako druhý dotaz jsem se chtěla zeptat, jaké kroky magistrát, případně rada města učinila v souvislosti s lanovkou, od dubna tohoto roku? Jestli byly zadány nějaké studie, nebo nějaká prověření, nebo něco? Děkuji. A ten poslední dotaz se týká záměru investičního na výstavbu ubytovny, kterou město chtělo zbudovat na Železniční. Jestli se v tom něco děje, případně co se v tom děje?",0,b92d222bc5bd1312
jasna-flamikova,Z9/31,67,"Mgr. Jasna Flamiková: Já bych se chtěla zeptat, jestli už je hotová ta dlouho slibovaná studie k doporučeným místům na měření rychlosti a k bezpečnosti dopravy, VUT, která už je slibovaná, jestli se nepletu, přes 2 roky? Potom jsem se chtěla zeptat, jak to vypadá s úsekovým měřením na Kníničské, o kterém se mluvilo? A pak jsem se chtěla zeptat k sociální oblasti, jestli máme přehled, kolik je volných míst vlastně jako v nějakých nouzových, nouzových místech vlastně přes zimou, pro lidi bez domova, a jestli tyto místa jsou pro všechny využitelná? Protože jsem byla upozorněna na to, že třeba některá místa jsou, ale když je ten člověk třeba na vozíku, a to místo není bezbariérové, tak pro něho třeba není jako využitelné. Tak na toto. A ten poslední dotaz je k tomu, jesli má město přehled o tom, nějakou statistiku, kolik lidí bez domova a za poslední 2 roky ve městě umřelo na ulici?",0,be8083cfb4f00a99
jasna-flamikova,Z9/32,41,"Mgr. Jasna Flamiková: A já mám 3 podněty, které se všechny týkají veřejného prostoru. Ty první 2 se týkají ulice Údolní a dokončené zastávky nad křižovatkou Úvoz x Údolní. Ta křižovatka na Obilňáku je řešená velmi dobře. A tím pádem mě vlastně překvapilo, proč ta zastávka nad tou křižovatkou? Brno má na víc, takle bych to řekla. Brno má na víc, protože má nějaké architektonické hodnoty, protože má nějaké architektonické standardy, které přijala Kancelář architekta města, pro zábradlí, a které kladou důraz na trvanlivost, estetickou kvalitu, údržbu a bezpečnost. Tam, na tu zastávku bylo dané zábradlí, které je asi to nejškaredější, které v Brně máme. Takže to vypadá vedle těch historických domů fakt jako škaredě. Zároveň tam, kde je značník zastávky a končí to zábradlí, takže to je ten prostor, kde by lidé z té zastávky odcházeli, tak tam je strčená takováta elektrokrabice, takže se tam lidem vlastně, z té zastávky, znemožňuje, znemožňuje průchod. Takže bych se chtěla zeptat, proč je to tak řešeno? A další se týká přechodu přes Úvoz, který tam byl nově udělaný. Jsou tam nově lampy, které na strany Obilňáku jsou vedle přechodu, na opačné straně, a jsou na tom, na té lampě i ty značky, a na opačné straně jsou potom značky na samostatné tyči. A ta lampa je uprostřed vstupu na přechod a zároveň pásu pro nevidomé. Takže zase jako dotaz, proč to bylo řešeno tak, že lampa je umístěna v pásu pro nevidomé, uprostřed přechodu? A proč ty značky byly, musely být umístěny zvlášť? No, a ten další, 3. dotaz, se týká trojúhelníkového náměstíčka mezi ulicí Veselá a Českou. Já jsem si všimla, že se kolem toho teďka rozhořela poměrně velká veřejná diskuse mezi lidmi, protože se odstranilo to pítko, historické, a zřejmě se nemá vrátit, má se odstranit ten stánek s květinami, což tam asi zavazet nebude. Ale já jsem vlastně nezaznamenala, že by se tomu prostoru věnovala nějaká větší péče. Ten prostor je z architektonického hlediska mimořádně cenný. Nachází se tam Hotel Avion, nachází se tam dům s fasádou od Pořisky a je to, svrchu, taková jako vizuální, vizuální vstup do mě, do centra města. Takže by si zasloužil mnohem větší péči. Zasloužil by si nějakou, třeba menší architektonickou soutěž, jak, jak to tam bude řešeno, jaká tam bude dlažba, jesi tam bude nějaký vodní prvek, jaké se tam vysází stromy, jak to tam spolu bude komunikovat. Nebo alespoň nějakou odbornou debatu. Takže zase budu ráda za odpověď, co se s tím prostorem bude dít tak, abysme nezabili architektonickou hodnotu toho místa.",0,f2d978b02f87f5fa
jasna-flamikova,Z9/33,22,"Mgr. Jasna Flamiková: Já bych se chtěla vyjádřit tadyktomudle bodu, kdy se vlastně realizace rekonstrukce parku na ulici Bašty přesouvá z realizace z úrod, úrovně Veřejné zeleni města Brna na investiční odbor, přestože Veřejná zeleň města Brna zpracovala i projektovou dokumentaci k této akci. Chtěla bych říct, že z posledních několika let máme několik příkladů toho, že investiční odbor nedokáže dohlídat věci, které se týkají zelené infrastruktury a zeleně, a že tyto akce nekončí dobře a jsou tam mnohá pochybení. Můžu zmínit zbytečné vykácení některých stromů na výstavišti v souvislosti s výstavbou arény, zplundrování zeleně kolem vodojemů, které se dalo udělat mnohem citlivěji, ale z poslední doby bych ráda zmínila i ulici Údolní. Přestože město věnuje spoustu peněz na propagaci toho „Připrav Brno”, máme tady klimatickou změnu, město se ohřívá, tak vlastně jsme si nedokázali město ohlídat, ani to, aby tato zelená infrastruktura byla tak, jak se má, implantována do rekonstrukce ulice Údolní, která stála 400.000.000. Jsem moc ráda, že se tam podařilo dostat stromy, za to skutečně patří velké poděkování všem, kteří se o to zasloužili, nicméně tato výsadba byla udělaná vlastně pouze do výsadbových jám, které jsou poměrně nevelké. Není tam implantováno opatření jako třeba na Mendlově náměstí, kde byly tyto výsadbové jámy pro, propojeny dalším prokořenitelným prostorem. Taková jednoduchá věc, jako je přerušení obrubníku nebo snížení obrubníku, aby při velkém dešti mohla voda stéct například ke stromům, na Obilním trhu, nebo do související zeleně, tak zde opět chybí. Přitom jsme ho dokázali realizovat na Hlinkách. Další věc je, že z hlediska udržitelné mobility, podpory pěší a cyklistické dopravy opět dojde ke zhoršení. Podařilo se tam dostat spoustu parkovacích míst, což znamená, že auta, která se v létě dokáží rozpálit na nějakých 70-80 °C, tak budou ulici Údolní dál rozpalovat a ty stromy vedle toho skutečně nezachrání. Zhorší se průjezd pro městskou hromadnou dopravu. Mně se za tu krátkou dobu, co je Údolní otevřena, už 3x stalo, že jsem stála v tramvaji, protože kvůli parkovacím místům auta, která potřebují něco vyložit nebo něco řešit, tak zastaví na tom silničním páse vedle, a tudíž už tam neprojede tramvaj. Jak si v tom případě poradí cyklista nebo další auta, to se ani neodvažuju jako domýšlet. Včera jsem šla večer přes křižovatku ÚvolníxÚdoz a tam jsou dokončené chodníky, které byly zasypány několikacentimetrovým jemným pískem, a tento písek se vznášel ve vzduchu tak, že tam byly oblaka prachu. Pán, který šel naproti mně, tak si přes ústa pře, přetahoval šátek, aby to nemusel dýchat. A ty auta, která jely z protisměru, tak skutečně byly jako v mlze. Přitom má město Brno vyhlášku proti prachu, která přikazuje firmám, které realizují takové akce, i těm, kteří si to mají hlídat, že, že vlastně prašné věci se mají stříkat. K tomu tam vůbec, vůbec nedošlo. Takže já se prostě obávám, že pokud přesuneme tuto investici z Veřejné zeleně, která si to i projektovala, na investiční odbor, tak nikdo nedohlídá to, aby se to udělalo dobře. Chtěla bych ještě v této souvislosti zmínit Denisovy sady, kde ve, Veřejná zeleň dostala prestižní ocenění Grand Prix z Obce architektů, v roce 2004, za jejich realizaci, a my vlastně teďka bereme důvěru",0,91c18ad4dbe746da
jasna-flamikova,Z9/33,24,"také nejsou levné a byla by potom hrozná škoda, když tato investice přijde vniveč, když ten strom, třeba za 10, nebo za 15 let, uhyne a musí se nahrazovat jiným stromem. To je tak asi všechno. Mgr. Jasna Flamiková: Já jsem si samozřejmě vědoma toho, že do těch jam při výsadbě k těm stromům se dával prokořenitelný substrát, to je samozřejmě dobře, akorát si skutečně myslím, že se mohlo pro ty stromy udělat víc. Co se týká parku na Obilním trhu. Když byly velké deště, tak prostě ta voda po té Údolní valila dolů a valila směrem na Komenského náměstí, možná si pamatujete tam na ty kaluže kolem Besedního domu a, a v těch místech. A mně je vlastně fakt jako divný, že třeba v Kodani vě, už dneska jako dělají parky do dolíků, dělají dětský hřiště do dolíků, dělají to prostě tak, aby když přijde ten přívalovej déšť, aby to částečně ten veřejnej prostor jako tu vodu zbrzdil. Aby se nepřehltila ta kanalizace a zároveň aby ta zachycená voda pomáhala té zeleni a zároveň při tom vypařování ochlazovala město. Tak mně prostě není jasný, jak to, že když jinde to vědí, že my v Brně to nevíme. Děkuju. A, a eště teda jako potvrzuju to, co říká kolegyně Drápalová, jako pokud by tuto investiční akci pod sebou měla Veřejná zeleň, tak má potom při realizaci toho projektu úplně jiné slovo, při tom si dohlídat to, aby ty věci byly udělaný tak, jak z hlediska lidí, který rozumí zeleni, udělaný být mají.",0,91c18ad4dbe746da
jasna-flamikova,Z9/33,24,"Mgr. Jasna Flamiková: Jo. Tak já se, pokud se vracíme k bodu č. 15), já jsem se vlastně nedozvěděla, proč se ta investice musí vzít Veřejné zeleni, přestože to bylo v červenci schváleno, že to bude dělat Veřejná zeleň, a proč vlastně o pár měsíců později rada změnila názor?",0,91c18ad4dbe746da
jasna-flamikova,Z9/33,24,"Mgr. Jasna Flamiková: Ale tady je napsáno - návrh na změnu realizátora investiční akce „Rekonstrukce parku na ulici Bašty”, tak to rozu, mu, rozumím tak, že pokud tady je napsáno změna realizátora investiční akce, že to je změna realizátora investiční akce.",2,91c18ad4dbe746da
jasna-flamikova,Z9/33,25,"Mgr. Jasna Flamiková: Já jsem se chtěla zeptat na totéž, proč se ty finanční prostředky přesouvají z Odboru životního prostředí na marketing, protože se jedná o marketing projektu, kterému Odbor životního prostředí rozumí, a mám trochu pochybnosti, jestli tomu rozumí odbor marketingu. Rozumím tomu, že v souvislosti s plánem adaptace na klimatickou změnu má město nejspíš povinnost zároveň věnovat peníze na to, aby občanům vysvětlovalo, že jsou tydle opatření potřeba. Zároveň mám pocit, že todle je způsob marketingu, kterému se říká greenwashing, tedy že město sice mluví - připrav město na klimatickou změnu, ale ve skutečnosti v těch projektech dělá něco jiného. A já jsem o tom mluvila v tom předchozím bodě. Jako pokud necháme prostě stavbu, aby prach prostě prášil lidem tam, tam do oken, pokud budeme zhoršovat pohyb pro chodce a pro cyklisty a městskou hromadnou dopravu, pokud budeme málo prostoru věnovat zeleni, tak já jako vlastně nevím, v čem je to - připrav město na klimatickou změnu.",0,91c18ad4dbe746da
jasna-flamikova,Z9/33,26,Mgr. Jasna Flamiková - požádala o samostatné hlasování o bodu 27).,4,91c18ad4dbe746da
jasna-flamikova,Z9/33,29,"Mgr. Jasna Flamiková: Já nechci dlouho zdržovat, jenom když jsem si procházela ten materiál, tak mně přišlo zvláštní, že tam není uvedený nějaký konkrétní projekt nebo nějaká vize projektů, do kterých by se toto sdružení pouštělo a které by nějakým způsobem asi teda testovalo. Říkal mi kolega, že něco takové, o něčem takovém mluvili na komisi. Tak jestli je možné zmínit k tomu něco víc?",0,91c18ad4dbe746da
jasna-flamikova,Z9/33,30,"Mgr. Jasna Flamiková: Já jsem poměrně jako zaskočená tím, že z prostředků Fondu mobility se opět podporují pouze, pouze parkovací, parkovací projekty. Když jsem se dívala do důvodové zprávy k tomuto materiálu, tak tam bylo napsáno, že se finanční prostředky Fondu mobility získávají, jsou používány na problematiku parkování a tak dále a tak dále, realizaci dopravního značení a dále na realizaci měkkých opatření z oblasti dopravy, jako jsou kampaně pro zvyšování bezpečnosti účastníků silničního provozu. Předložené akce jsou součástí s vizí Fondu mobility, ale když se podívám na Statut Fondu mobility, tak kromě finanční zajištění problematiky parkování je tady ještě bod 2, a tady se píše: opatření pro pěší a cyklistickou dopravu, bezpečnost dopravy, pěší doprava, bezpečné přechody, bezpečné cesty do školy, K+R+ základních a mateřských škol, bezbariárová řešení, kampaně pro zvyšování bezpečnosti účastníků silničního provozu, zlepšení přístupnosti zastávek MHD, propagace udržitelných druhů dopravy, veřejná doprava, pěší a cyklistická doprava, bikesharing, carsharing a další. Já bych se chtěla zeptat, chtěla bych požádat o nějaké vyhodnocení toho, kolik na jednotlivé cíle toho fondu v tomto volebním období putovalo finančních prostředků? Protože se domnívám, že z toho fondu podporujeme zejména parkování. A že nenaplňujeme dobře cíle fondu, pro který byl tento fond založený.",0,91c18ad4dbe746da
jasna-flamikova,Z9/33,31,"Mgr. Jasna Flamiková: Já bych chtěla poděkovat kolegyni Matonohové, že se tomuto tématu věnuje, protože všichni, co jste na městských částech, nebo máte v okolí nějakou základní školu, víte, jak to tam ráno vypadá a jak nebezpečné situace tam vznikají. My si teďka v komisi bezpečnosti dopravy necháváme zpracovat nějaký materiál, který se týká nehodovosti dětí v Brně, tak jsem zvědavá, co z něho vypadne. Protože během jara v mém okolí došlo asi k 5 nějakým střetům dětí s autem, včetně toho, že auto na chodníku, na Václavské, přejelo dítěti, které tam čekalo na maminku, nohu. Takže pokud my neděláme jako bariéry na těch chodnících a necháváme auta, ať tam najíždí, tak prostě to město neděláme potom bezpečné. Já bych samozřejmě ráda věřila tomu, že se vynakládá dostatek finančních prostředků na ty věci, které se týkají bezpečnosti dopravy, ale vím, že na pitomé sloupky na Žerotinově náměstí jsme čekali 2 roky, než se tam před školou nainstalovaly, a že když jsme debatovali o značení 30 v ulicích, tam, kde je ze souvislosti s rezidentním parkováním zaváděna, tak jsme debatovali dlouze o tom, kolik to bude stát a jestli na to budou peníze. Takže není všechno takové, jak se říká.",0,91c18ad4dbe746da
jasna-flamikova,Z9/33,56,"Mgr. Jasna Flamiková: Já jsem se chtěla zeptat na ten bod 78), protože mi nedává úplně smysl, že spoluvlastnický podíl se prodává v elektronické dražbě. Nemělo by to být nejdřív nabídnuto tomu spoluvlastníkovi?",0,91c18ad4dbe746da
jasna-flamikova,Z9/33,56,"Mgr. Jasna Flamiková: Já jsem se chtěla zeptat, jestli se město pokusilo to nabídnout spoluvlastníkovi? Protože v té elektronické dražbě to může koupit někdo, kdo toho spoluvlastníka v podstatě potom bude vydírat, nebo se ho tam pokusí dostat. Přijde mi to docela nestandardní ze strany města, takový postup.",0,91c18ad4dbe746da
jasna-flamikova,Z9/33,82,"Mgr. Jasna Flamiková: Já jsem chtěla připomenout, že jsme v tom bodě k udržitelné mobilitě žádali vyhodnocení naplňování toho Plánu udržitelné mobility a rozdělování těch prostředků z toho Fondu mobility na ty jednotlivé cíle. A v souvis, v této souvislosti jsem se chtěla zeptat, protože se ke mně dostala informace, že jedna žena dostala pokutu za zaparkování kola na náměstí Svobody, jestli my máme zakázané parkování kol na náměstí Svobody? A další bod, na který jsem se chtěla zeptat, a už jsem ho zmiňovala, byla ta prašnost při dokončování chodníků na Údolní. Jestli skutečně město může dohlídnout na to, aby se to nějakým způsobem kropilo a aby se ten jemný prach nedostával do vzduchu? Protože zrovna jemný prach je jednou z příčinou nárůstu úmrtí a je to úplně zbytečné, aby si to město samo nedokázalo pohlídat. A ten poslední dotaz se týká toho, že když chodím jako po centru, kde jsou černé popelnice, tak tam často vidím, ano, vyhozený kartonový krabice, sklo,",0,91c18ad4dbe746da
jasna-flamikova,Z9/33,84,"Mgr. Jasna Flamiková: Já nechci zdržovat. Já si jenom nejsem jistá, jesi pan ředitel pochopil ten můj dotaz. V podstatě jsem se ptala na to, když přijede svozový vůz k černé popelnici v centru města, kde jsou z půlky narvané kartony, jestli tuto popelnici vyveze, nebo tam nechá nějaký vzkaz pro ten barák, že prostě tudle popelnici vyvážet nebude? Myslím si, že se to teda týká hodně jako firem nebo živnostníků, kteří v tom centru operují, ale zároveň si myslím, že by to město mělo nějak řešit. A že by prostě nemělo nechávat tydlencty věci vyhazovat do černých popelnic. Děkuju. Taky mně stačí písemná odpověď.",0,91c18ad4dbe746da
jasna-flamikova,Z9/34,36,"Mgr. Jasna Flamiková: Já bych se jenom chtěla zeptat u toho materiálu, tam se jedna budova odjímá a další se svěřuje, chtěla jsem se zeptat, jaký tam je rozdíl v těch ubytovacích kapacitách, děkuji. V materiálu jsem to nenašla.",0,75ba75c42ae44f62
jasna-flamikova,Z9/34,36,"Mgr. René Černý,1. náměstek primátorky: Pořád jsme u bodu 11. Mgr. Jasna Flamiková: Aha, pardon, já se ptám k bodu 12.",0,75ba75c42ae44f62
jasna-flamikova,Z9/34,90,"Mgr. Jasna Flamiková: Já bych se chtěla zeptat na dvě věci nebo spíš o jednu poprosit. My jsme posledně žádali o vyhodnocení akčního plánu mobility, to jsme nedostali, takže to bych chtěla urgovat. To, jak se daří městu Brnu naplňovat tyto cíle a potom ten druhý dotaz se týká toho, že jsem v jedné brněnské diskusi zachytila paní, kdy její 16leté díě jelo MHD, mělo koupeno poloviční jízdenku…",0,75ba75c42ae44f62
jasna-flamikova,Z9/35,1,"Omluveni: Mgr. Bc. Marek Viskot (od 10:00 do 13:00hod), Mgr. Vladan Krásný, JUDr. Michal Chládek (od13:00hod), Ing. Karin Podivinská, náměstkyně primátorky, Ing. Daniel Struž, MBA (od 12:00hod), Mgr. Petr Hladík (od 11:00 hod), Mgr. Jaroslav Suchý (od 13:00hod), Leoš Prokeš, MBA (od 12:00hod), Mgr. Jasna Flamiková (od 12:00hod), Mgr. Pavel Outrata.",0,0e845920a9ca9f72
jasna-flamikova,Z9/35,12,"Mgr. Jasna Flamiková: Já jsem se jenom chtěla zeptat, protože jsem se dívala na materiály, které jsou poskytnuté veřejnosti, že tam jsou jména hlasujících členů rady začerněny, tak jsem se chtěla zeptat, jestli to má nějaký důvod, nebo jestli je to nějaká technická chyba.",0,0e845920a9ca9f72
jasna-flamikova,Z9/35,18,"Mgr. Jasna Flamiková: Já jsem se chtěla zeptat, jsem samozřejmě moc ráda, že se vypisuje soutěž na vodní prvek na náměstíčku mezi ulicemi Česká a Veselá, ten prostor si to určitě zaslouží. Zároveň, když jsem se na to ptala posledně, měla jsem pocit, že pan kolega Bořecký říkal, že se tam bude dělat nějaká studie nebo soutěž na celé náměstíčko. A teď jsem se v tom materiálu dočetla, že se vychází z koordinační studie Česká, Solniční a Veselá z roku 2020, kterou dělala Kancelář architekta města. A tak jsem se chtěla zeptat, jestli se to nebude nějakým způsobem aktualizovat, protože přece jen se posouváme v čase, ty názory a nároky na to místo se proměňují. Já koordinační studii neznám, takže nevím, co všechno obsahuje, tak se v podstatě chci doptat na podrobnosti. Děkuji.",0,0e845920a9ca9f72
jasna-flamikova,Z9/35,18,"Mgr. Jasna Flamiková: Já se chci zeptat ještě jednou, v souvislosti se spuštěním oprav ulice České byly zveřejněny vizualizace, kde byly stromy umístěny, řekněme, na ne úplně vhodných místech. Za prvé bych chtěla požádat o koordinační studii, jestli bych mohla dostat, a pak se chci zeptat, jestli vlastně kromě KAMU to prošlo nějakou veřejnou oponenturou. Děkuji.",0,0e845920a9ca9f72
jasna-flamikova,Z9/35,66,"Mgr. Jasna Flamiková: Já bych chtěla promluvit k tomuto bodu, protože tomu území se věnuji už strašně dlouho, ještě od revoluce, kdy areál byl svěřen městu Brnu za podmínky, že zde bude nějaké využití pro veřejnost a pro komunitní rozvoj. Respektuji samozřejmě to, že je potřeba stavět bydlení, jsem ráda, že tam nějaké malé prostory pro komunitní využití vznikají. Zároveň jsem jako v obrovském nesouladu s tím, že si myslím, že smlouva je nevýhodná pro město Brno, a zejména s tím architektonickým řešením. Myslím si, že je naprosto špatně, že se napřímuje komunikace mezi Žabovřesky a ulicí Údolní. Teď je to tam do takového olka, kdo to tam znáte. Když tam jedete, musíte zpomalit a musíte si dát opravdu velký pozor. Ve chvíli, kdy se ta komunikace napřímí, tak tam auta začnou jezdit rychle. Je to lokalita, kde jsou přímo u náměstíčka dvě základní školy, dvě střední školy, několik mateřských školek. Je potřeba bezpečnost zvyšovat, a ne vlastně napřimovat komunikace. Stejně tak je nešťastné to zavlečení tramvaje do toho předprostoru před budoucí plánovanou prodejnu potravin. Takže já budu hlasovat proti a chtěla bych požádat, aby se to dopravní řešení ještě přehodnotilo, protože si myslím, že je špatné a nepovede k větší bezpečnosti, ba naopak.",0,0e845920a9ca9f72
jasna-flamikova,Z9/35,66,"Mgr. Jasna Flamiková: Já bych chtěla říct, že samozřejmě máme zákony, které ovšem spousta řidičů v Brně vůbec nedodržuje, a město Brno se ani nesnaží, aby je dodržovalo. Bavíme se tady tři roky o tom, že by se na některá nebezpečná místa umístily radary k měření rychlosti, a vůle ze strany vedení města je k tomu naprosto nulová. Co se týká nějakého žebříčku nebezpečnosti, tak z posledního místa jsme se hurá přesunuli na předposlední místo mezi bezpečností silnic mezi krajskými městy v České republice. Takže opravdu si nemyslím, že to, že máme nějaké zákony, pomůže tomu, aby ta situace byla bezpečnější. Jinak s tím řešením jako dlouhodobě nesouhlasí většina obyvatel, kteří tam bydlí. Takže jako ano, je to nějak navrženo, ale pořád říkám, že si nemyslím, že je to dobré řešení.",0,0e845920a9ca9f72
jasna-flamikova,Z9/35,69,"Mgr. Jasna Flamiková: Krásný den, já bych se teda taky chtěla zeptat na nějaké změny v dopravě. Já bych se chtěla zeptat na změnu jízdních řádů, která se teď také týká nejvíc cestujících z Líšně a Vinohrad, protože ty změny v městské hromadné dopravě byly zveřejněny pouhé čtyři dny před spuštěním, což nám nepřijde dostatečné pro to, aby se to lidé včas dozvěděli, když to ovlivní každodenní cestování tisíců lidí. Respektuji, že ta dopravní síť je složitá a že jsou někdy změny potřeba, o to víc ale musí být jasné, na základě, čeho se zavádějí, z jakých dat vychází a kdy se vyhodnotí, jestli opravdu fungují. U Líšně a Vinohrad se omezuje část spojů směrem na Starou osadu. Posílení linky číslo 8 může pomoci některým cestujícím, i když podle mých informací jezdí jedna tramvaj za druhou, protože nefunguje přednost pro MHD, ale zároveň další cestující jezdí třeba na Tomkovo náměstí, do Králova Pole nebo dál po městě. Podobně mám pochybnosti u vedení linky číslo 69 přes Ústřední hřbitov, kde už dneska vznikají zpoždění. Proto se chci zeptat a chci požádat o podklady, na základě, jakých podkladů či studií byly tyto změny zavedeny, jestli k nim proběhla diskuse s cestujícími a městskými částmi, a kdy a podle jakých kritérií se bude vyhodnocovat, jestli změny fungují. Zároveň o tyhle podklady chci požádat u změny trasování těch linek 9, 12 a dalších. Děkuji.",0,0e845920a9ca9f72
jasna-flamikova,Z9/36,51,"Mgr. Jasna Flamiková: My jsme skutečně chtěli dát nejdřív návrh na to, aby do toho programu byla napevno zařazena přestávka, protože vnímáme, že sedět tolik hodin vkuse není nejenže nezdravé, ale zároveň to má velký vliv na pozornost zastupitelů o tom, o čem právě hlasují, ale zároveň tím, že i dneska to zastupitelstvo proběhlo způsobem, jakým proběhlo, tak spíš chceme apelovat na to, aby se ty přestávky dělaly, protože si uvědomujeme, že ten přesný čas je prostě obtížné do toho jednacího řádu zařadit. Děkuju.",2,597f2a8effabe498
jasna-flamikova,Z9/36,71,"Mgr. Jasna Flamiková: My jsme při schvalování minulých dotací na Ignis Brunensis slyšeli, že probíhá biologické hodnocení a že podle toho se má rozhodovat o budoucnosti ohňostrojů od roku 27 dál. Teď",0,597f2a8effabe498
jasna-flamikova,Z9/36,140,"Mgr. Jasna Flamiková: Dobrý den, děkuju za slovo, taky budu stručná. Navážu na kolegu Lahodu, protože jsem se už na to v minulosti také ptala. Ty teploty, které teď mají být, budou jako extrémní a chci se zeptat, jestli město má nějaký plán vlastně pro tu krizovou situaci, pomoc zranitelným lidem, zejména seniorům, případně nějaké alternativní úkryty pro lidi v přehřátých bytech. Ten můj druhý dotaz je poměrně jednodušší, chci se zeptat, jestli se chystá rekonstrukce ulice Cejl v nějakých příštích letech, mám pocit, že jsem o tom někde zaslechla, ale nic jsem k tomu nedohledala. Děkuju.",0,597f2a8effabe498
