osoba_id,zasedani,pdf_strana,pasaz,priorita_rejstriku,zdroj_id
jiri-kment,Z9/01,2,"Vít Prýgl Ing. Daniel Struž, MBA KDU-ČSL a Starostové – předseda JUDr. Michal Marek Mgr. Petr Hladík Bc. Jakub Hruška RNDr. Filip Chvátal, Ph.D. Mgr. Jitka Ivičičová Mgr. Filip Leder Mgr. Martin Maleček JUDr. Irena Matonohová Mgr. Jaroslav Suchý Radomír Vondra SPD a Trikolora – předseda doc. MUDr. Tomáš Skřička, CSc. Mgr. Bc. Tomáš Anderle, MBA, LL.M. Mgr. Bc. Blanka Borovská Bc. Jiří Kment Petr Levíček, MBA Leoš Prokeš, MBA Piráti – předseda Mgr. Marek Lahoda Bc. Tomáš Koláčný Mgr. Monika Lukášová Spilková, Ph.D. Mgr. Adam Zemek",0,36036d38da50510d
jiri-kment,Z9/01,13,"Členy Finančního výboru Zastupitelstva města Brna byli zvoleni Bc. Jiří Kment, Mgr. Marek Lahoda, Ing. Daniel Struž, MBA, Ing. Jana Drápalová a Petr Šafařík. Volba neuvolněné/neuvolněného místopředsedkyně/místopředsedy Kontrolního výboru Zastupitelstva města Brna Předseda volební komise vyzval členy Zastupitelstva města Brna k podávání návrhů na funkci neuvolněné/neuvolněného místopředsedkyně/místopředsedy Kontrolního výboru Zastupitelstva města Brna. Člen zastupitelstva Mgr. Marek Lahoda navrhl zvolit do funkce místopředsedkyně Kontrolního výboru Zastupitelstva města Brna Mgr. Moniku Lukášovou Spilkovou, Ph.D. Jiný návrh na zvolení do funkce neuvolněné/neuvolněného místopředsedkyně/místopředsedy Kontrolního výboru Zastupitelstva města Brna podán nebyl. Navržená kandidátka Mgr. Monika Lukášová Spilková, Ph.D., vyslovila souhlas s kandidaturou. Hlasování o volbě místopředsedkyně Kontrolního výboru Zastupitelstva města Brna. Výsledek hlasování: - hlasování se zúčastnilo ………………………. 53 členů Zastupitelstva města Brna - pro Mgr. Moniku Lukášovou Spilkovou, Ph.D. 45 hlasů Hlasování č. 29: 45 - 0 - 5 - 3",4,36036d38da50510d
jiri-kment,Z9/01,13,"Místopředsedkyní Kontrolního výboru Zastupitelstva města Brna byla zvolena Mgr. Monika Lukášová Spilková, Ph.D. Volba neuvolněných členek/členů Kontrolního výboru Zastupitelstva města Brna Předseda volební komise vyzval členy Zastupitelstva města Brna k podávání návrhů na funkci 7 neuvolněných členek/členů Kontrolního výboru Zastupitelstva města Brna. Člen zastupitelstva Bc. Jiří Kment navrhl nezastupitelku Mgr. et Mgr. Janu Novákovou, Mgr. Marek Lahoda navrhl Mgr. Adama Zemka, Ing. Karin Karasová, náměstkyně primátorky, navrhla Víta Prýgla, členka zastupitelstva Ing. Jana Drápalová navrhla Bc. Matěje Hollana, JUDr. Michal Marek navhl Bc. Jakuba Hrušku, JUDr. Robert Kerndl, náměstek primátorky, navrhl nezastupitele",6,36036d38da50510d
jiri-kment,Z9/02,21,"Bc. Jiří Kment: V tomto bodě, už jsem se ptal na finančním výboru, nedostal jsem odpověď, takže bych se chtěl zeptat znovu, jestli by byla možná nějaká podrobnější evaluace tohohle projektu? Protože přece jenom už to probíhá delší dobu, jsou tady jenom takové, nějaké obecné hodnocení, jako že tam byla pozitivní odezva cílové skupiny a že tam zhruba nějaké počty lidí se učily hrát na housle, nějaké počty na kytaru, nějaké počty byly ve sboru. Není zde jakoby úplně jasné, jestli tedy tato investice města Brna, která v současné chvíli bude 2.000.000 Kč, jestli jakoby je, řekněme, k něčemu. Jestli by mně někdo mohl odpovědět, kdo se tímto projektem zabývá?",0,9d9381375d84a343
jiri-kment,Z9/02,26,"Bc. Jiří Kment: Já bych se jenom ještě chtěl zeptat, protože vlastně obrovskou položku tadyvtěchto penězích dělá, pro VISUALY, autorské dílo, umělecký výkon, je to zhruba 1.500.000, tak co si pod tím mám představit? Protože nejsou to vlastně ty instalace, takové ty nafouknuté modely. Tak co to vlastně je, toto?",0,9d9381375d84a343
jiri-kment,Z9/02,28,"Bc. Jiří Kment: Takže v tomto bodě bych měl několik takových doplňujících dotazů, protože vlastně přispíváme na tento projekt nějakých 413.000 Kč, z pozice města, jsou tam nějaké provozní náklady, v těchto penězích, nějaké mzdové náklady, jak jsem se tady dočetl. Osobně si myslím, že by podobné projekty měly pokrývat plně peníze, které na tyto migranty dává vlastně Česká republika, protože, jak jsem se dočetl, na ubytování v bytě, kterých je tady celkem 14, v tomto objektu, dává stát nějakých 5-15.000 Kč, podle obsazenosti, případně 9.000 Kč za pokoj, pro migranty, k tomu tyto osoby mají nárok na nějaké kapesné, což dělá 5.000 Kč měsíčně na jednoho migranta. Takže v těchto nákladech jsou nějaké mzdové náklady, píše se tu, že ty matky se, matky s dětmi, i ty matky se samy podílí vlastně na provozu této budovy, jsou tam pro ně vytvořeny nějaké pracovní pozice. Takže bych se chtěl zeptat, jestli těch 20.000, těch mzdových nákladů, je vlastně, se vlastně platí těmto ubytovaným za to, že se starají jakoby o chod té budovy?",0,9d9381375d84a343
jiri-kment,Z9/02,29,"Bc. Jiří Kment: Já bych chtěl poděkovat za odpověď, je určitě přínosná, říkám si, proč tyto informace nebyly v materiálu? Každopádně je teda obdivuhodné, že z válečné zóny se dostaly až sem, to je určitě skvělé, no, ale i tak si myslím, že by prostě tyto věci měl financovat stát, a ne město Brno.",0,9d9381375d84a343
jiri-kment,Z9/03,22,"Bc. Jiří Kment: Já se omlouvám, ale tohle mi zní celkem alibisticky. Tak, snad máme městskou policii, aby toto řešila.",0,31d42a3a0b7a27be
jiri-kment,Z9/03,30,"Bc. Jiří Kment: Já bych tady jenom chtěl poprosit o opravu, zřejmě překlep, na straně 5/10, chyba součtu. Je tam napsáno, že dostali 3.000.000 a 7.500.000, a dohromady je to 10.000.000. A ono je to dohromady teda 10.500.000.",0,31d42a3a0b7a27be
jiri-kment,Z9/03,41,"Bc. Jiří Kment: Takže vidím, že už žádné příspěvky nejsou, takže je čas na přednesení našeho pozměňovacího návrhu k rozpočtu. Dával jsem ho už i písemně. Navrhujeme vlastně přesunout výdaje na rok 2023 tak, že z Odd. 63 - Finanční operace, § 6310 - Obecné příjmy a výdaje z finančních operací, odebereme 50.000.000 a tyto rozdělíme do Oddílu 31/32 - Vzdělávání a školské služby, to znamená, na mateřské školy 25.000.000, základní 15.000.000 a střediska volného času 5.000.000, a do Odd. Zdravotnictví 5.000.000 Kč. Co se týká odůvodnění, navrhované výdaje finanční, Odd. Finanční operace, na rok 2023 jsou o 19 % vyšší než pro letošní rok, 2022, proto navrhujeme z toho oddílu odebrat těch 50.000.000. Naopak navrhované výdaje Odd. Vzdělávání a školské služby pro rok 2023 jsou o 16,3 % nižší než výdaje tohoto oddílu v roce 2022 a navrhované výdaje Odd. Zdravotnictví jsou oproti výdajům v letošním roce nižší o 5,7 %. Takže to by bylo k zdůvodnění.",2,31d42a3a0b7a27be
jiri-kment,Z9/05,19,"Bc. Jiří Kment: Já jsem se chtěl teda, tak nějak obecně, zeptat, co vlastně se s tím domem pro seniory, domovem pro seniory Nopova bude dít? Protože před volbami to vypadalo, že prostě ho chcete zbourat, kompletně, za nějaké stamiliony že tam nějaká firma postaví nový, město to potom bude splácet. Takže jaké jsou ty plány teďka?",0,855e8c7abe4c7621
jiri-kment,Z9/05,21,"Bc. Jiří Kment: No, já bych se chtěl vrátit k tomu, co říkal pan Kerndl, že vlastně skupiny seniorů z tohoto domova pro seniory přesune do jiných domovů pro seniory. Já si nejsem vědom toho, že bysme měli nějaká volná místa v ostatních domovech pro seniory, nebo aspoň takové množství. Takže opravdu nechápu, jak toto byste chtěli provést? A celkově pořád nerozumím tomu principu, že tady chceme zbourat funkční, poměrně velký domov pro seniory, potom několik let tam stavět nový. Tak pokud teda tady máme nějakého zájemce, který chce stavět nový dům pro seniory, za nějakých 700.000.000, řekněme, no, tak proč nenajdeme nějaké vhodné místo poblíž třeba, nebo někde prostě, na nějakém rozumném místě, tam to nepostavíme a potom tam ty seniory můžeme třeba přesunout? Ale takhle jakoby zbourat seniorům místo, kde jsou třeba už delší dobu, jsou tam zvyklí, potom je někde rozsunovat po městě? A ještě za takovou šílenou částku stavět nový, nový dům pro seniory, kde to na to lůžko fakt vychází, na to nové lůžko to vychází opravdu strašně. Tak, nevím, pořád tomu záměru nějak nerozumím.",0,855e8c7abe4c7621
jiri-kment,Z9/05,21,"Bc. Jiří Kment: Já se musím teda znova zeptat, protože teď tady zas pan Kerndl říkal, řekl, že vlastně 225 lůžek v síti máme. Takže to znamená, že my máme volných 225 míst v domovech pro seniory, kam ty seniory umístíme?",0,855e8c7abe4c7621
jiri-kment,Z9/05,22,"Bc. Jiří Kment: Hm. Takže jsem rád, že to tady konečně zaznělo. Takže vlastně nebudeme obsazovat volná místa seniory, kteří to potřebují. Počkáme si, až tam bude, řekněme, 200 volných míst, přesuneme tam seniory z Nopové. Nevím. Prostě myslím si, že by bylo lepší to postavit na jiném místě, tento dům pro seniory nechat stát do té doby, než bude ten nový třeba hotový, potom se rozhodnout, co s ním. Vždycky je lepší, tak říkajíc, hrabec v hrsti než holub na střeše. Prostě máme tady funkční domov pro seniory, nechme ho fungovat, dokud to půjde, postavme nějaký nový někde jinde. Zbourat funkční dům pro seniory, nepřijímat další nové seniory, kteří potřebují to umístění, aby bylo místo tadynatyto seniory z domu Nopova, nevím, mně to připadá nekoncepční. Uvidíme, co se v tomto vyjedná dál.",0,855e8c7abe4c7621
jiri-kment,Z9/05,36,"Bc. Jiří Kment: Mohl bych se jenom zeptat, kolik už celkem jsme na to dali, protože myslím, že to tam, v tom materiálu, jsem nenašel?",0,855e8c7abe4c7621
jiri-kment,Z9/05,72,"Bc. Jiří Kment: Chtěl bych se zeptat, vlastně tady důvod, proč musíme kupovat třeba ten pozemek 3754/12, je to, že to nebylo v passportu BKOM, u ostatních komunikací přitom jde o ostatní komunikaci. Tak jsem se chtěl zeptat, proč to nebylo v tom passportu?",0,855e8c7abe4c7621
jiri-kment,Z9/05,79,"Bc. Jiří Kment: Já bych se chtěl zeptat pana radního pro dopravu, Kratochvíla, co se vlastně děje na Poříčí, poblíž křižovatky na Vídeňskou, nebo s Vídeňskou? Pravý jízdní pruh tam někdo, nebo prostě zalévá ji betonem, železobetonem, asi 20 cm vysokým, takže to vypadá, že ten pravý jízdní pruh bude zrušen. Takže jsem se chtěl zeptat, co se tam děje? A pokud bude ten pravý jízdní pruh zrušen, jestli bych mohl požádat o nějaké schematické znázornění, jak tam potom ta doprava bude organizována.",0,855e8c7abe4c7621
jiri-kment,Z9/05,80,"Bc. Jiří Kment: Já se musím zeptat ještě znovu, aby to bylo jasné. Takže na tom Poříčí, protože se mě ptají obyvatelé, takže ten beton v tom pravém jízdním pruhu nezůstane, ten je tam jenom dočasně kvůli těm protipovodňovým opatřením, nebo tam už zůstane?",0,855e8c7abe4c7621
jiri-kment,Z9/07,23,"Bc. Jiří Kment: Já jsem se chtěl zeptat, proč toto nebylo součástí rozpočtu, když se to koná každý rok?",0,736feb627c8ee927
jiri-kment,Z9/07,39,"Bc. Jiří Kment: No, já bych si tady jenom dovolil pár poznámek. Přece jenom jde o navýšení o nějakých 40.000.000. Možná by bylo dobré tam dopsat, co už bylo realizováno v tomto projektu, za ty staré ceny. Není uvedeno, jestli ty smlouvy měly inflační doložky, v komisích to nebylo, přitom odbor měl na zpracování nějakých 6 měsíců, a zdá se, že je najednou v časové tísni. Takže, asi tolik.",0,736feb627c8ee927
jiri-kment,Z9/07,39,"Bc. Jiří Kment: V tomto bodě vlastně teďka schvalujeme nějaké výdaje na přípravu tadytoho projektu, nějakých 27.000.000. Co jsem se ale dočetl, tak realizace by měla stát, zhruba, 4.000.000.000. Takže je otázka, jestli skutečně připravovat projekt, na který zřejmě tolik prostředků Brno nenajde a jestli třeba nedělat ty opatření nějaké, jakoby ekonomičtější, které nebudou tak nákladné? Jako příklad uvedu Nový Lískovec, tam chce stavět vlastně obrovskou podzemní nádrž, do které se bude zachytávat dešťová voda, ta se potom bude přečerpávat elektrickými čerpadly do vodoteče. Kdyby se o kousek dál prostě udělal suchý poldr, bylo by to levnější a bylo by to i takové, přírodě bližší opatření.",0,736feb627c8ee927
jiri-kment,Z9/07,41,"Bc. Jiří Kment: Takže, my tento pilotní projekt podporujeme, určitě. Akorát bych chtěl požádat, aby třeba, jestli by to bylo možné, aby Medlánky v tomto případě vedly nějakou evidenci využití, především toho elektrického traktoru, aby se kdyžtak potom to dalo využít při rozhodování, jestli takové stroje koupit i do dalších městských částí, jestli jakoby elektrický traktor bude dost využitelný, vzhledem k tomu, kolik, předpokládám, bude stát.",0,736feb627c8ee927
jiri-kment,Z9/07,42,"Bc. Jiří Kment: No, my určitě tento projekt podporujeme. Akorát, co mě tam trochu pobavilo, že tam je napsáno, že třeba se předpokládá, že v Kuřimi přestoupí řidič automobilu na nádraží na vlak a potom pojede na Českou. No, chtělo by to asi vymyslet, jak postavit v Kuřimi parkovací dům, protože teď se tam zaparkovat třeba vůbec nedá. Ale podporujeme určitě tento projekt, mohl by nějaká auta jakoby vymístit mimo Brno.",0,736feb627c8ee927
jiri-kment,Z9/07,47,"Bc. Jiří Kment: Ano. Vzpomínám si, že toto už tady máme poněkolikáté, nebo aspoň se o tom jednalo v nějakých komisích. Prodej s nájemkyní, jestli tomu dobře rozumím, teďka městská část nemá žádnou možnost tu nájemkyni, jakoby jí ten nájem ukončit, i když tam prostě nebydlí, prokazatelně, dlouhodobě. Možná by bylo stálo za to nějak zvážit, jestli by nebylo možné nějak změnit ty nájemní smlouvy, aby k tomuto nemohlo dojít, aby někdo takhle vlastně blokoval městský byt, aniž by tam bydlel.",0,736feb627c8ee927
jiri-kment,Z9/07,67,"Bc. Jiří Kment: Já bych chtěl jako požádat zpracovatele, aby víc dbal na nějakou přesnost, protože ve smlouvě jsou tam špatně označené, označená čísla těch jednotlivých odstavců. Zhruba od článku 6 je tam místo 6.1 prostě 6.4 a takhle to pokračuje až do konce. Takže, jestli by to bylo možné, je to takový překlep nějaký, ale jestli by to bylo možné opravit?",0,736feb627c8ee927
jiri-kment,Z9/07,67,"Bc. Jiří Kment: V tomto bodě, tam je těch chyb ještě víc teda, bohužel. Třeba v článku 5, 5.1 je tam špatně napsaná cena slovy, v závorce za cenou, která je napsaná číselně. Jestli by se na to někdo mohl podívat, a kdyžtak to spravit, protože takhle je to vlastně nejednoznačné? Navíc je tam uveden nějaký paragraf, myslím v 13. bodě, 234/2204 Sb., ale je to úplně jiný paragraf, které se, který se netýká dané věci, o které se v tomto bodě jedná. Takže opět žádám, aby to bylo opraveno.",0,736feb627c8ee927
jiri-kment,Z9/06,38,"Bc. Jiří Kment: No, takže já už bych k tomu jenom dodal, že mně tady chybí, hlavně, protože ten projekt vlastně pokračuje už mnoho let, chybí mně tady fakt nějaká evaluace, která by tady vždycky přišla jakoby do toho dalšího období. Není jasné, kolik dětí tam vydrží, tadyvtomto projektu, jak se zlepšily jejich schopnosti, jestli třeba tam nechodí jenom prostě, a nic se nenaučí, jakoby, když prostě do něčeho dáváme peníze, chtělo by to nějakým způsobem prostě vždycky ten minulý ročník aspoň, prostě, evaluovat. A to mi tady velice chybí. Paní Matonohová říkala, že je to velmi prospěšný projekt. Rád bych tomu věřil, ale opravdu by to chtělo nějaký výstup z něj.",0,e715158e17e939ea
jiri-kment,Z9/06,44,"Bc. Jiří Kment: No, já bych k tomuhle chtěl jenom dodat, že asi ještě před 5 lety tohle bylo součástí prostě jakoby servisu v té porodnici, že tam ty pracovnice jakoby učily ty ženy, jak ty děti mají kojit. A navíc, pokud je tohle zaměřené na nějaké nižší sociální vrstvy, tak tam spíš to kojení se v mnoha ohledech ani nedoporučuje, protože, řekněme si to na rovinu, pokud žena tam stojí na chodbě a zapaluje jednu cigaretu o druhou a, nebo třeba požívá alkohol, tak není vhodné, aby kojila.",0,e715158e17e939ea
jiri-kment,Z9/06,47,"Bc. Jiří Kment: Já bych jenom chtěl říct, že jsem si teda to pročetl důkladně, pozastavil jsem se tam u TUKE.TV. Nevím, mám obavu, že ten spolek je tak trochu účelový, protože sice si dává za cíl propagovat romskou kulturu, jazyk a hodnoty za účelem obrody romského národa, ale třeba její stránky tadytomuto vůbec neodpovídají. Jsou prostě nedodělané, nefunkční odkazy, jakoby, pokud je to spolek, který se zabývá nějakou prezentací, nějakými, tvorbou nějakých videí, a jejich vlastní stránka je prostě ostuda, tak to taky o tom něco vypovídá. JUDr. Markéta Vaňková, primátorka: Nikdo další není přihlášený, zahajuji hlasování: Hlasování č. 48: 42 - 0 - 6 - 5",0,e715158e17e939ea
jiri-kment,Z9/06,49,"Bc. Jiří Kment: No, já rozhodně nic nemám proti kreativitě, ale pokud jste si přečetli dobře záměry tadytěch projektů, tak spíš to je, takové, no, nevím, jestli ty peníze jsou vydány tam, kde by měly být. Třeba jenom stručně. Je tady projekt Nadace Veronica, za 68.000. Natrhají si nějakou invazivní rostlinu, obarví si tím oblečení, a potom to budou někde vystavovat. Nevím, no, dat na to 68.000? Možná by stačilo, kdyby toto dělali ve svém volném čase.",0,e715158e17e939ea
jiri-kment,Z9/06,54,"Bc. Jiří Kment: Já bych se tady chtěl zeptat. V anotaci je napsáno, že se bude jednat o vyřešení bytové nouze 40 domácností, ale na straně 4/27 se už mluví jenom o 20 nových domácnostech a 80 domácnostech, kde je primárním cílem projektu jakoby to bydlení udržet. Takže, jak je to ve skutečnosti? Protože ten projekt je celkem drahý. Bude stát 25.000.000 Kč.",0,e715158e17e939ea
jiri-kment,Z9/06,89,"Bc. Jiří Kment: Já bych měl dotaz na pana Kratochvíla. Chtěl jsem se zeptat, jestli se něco děje ohledně nedostavěné, mimoúrovňové křižovatky u vozovny Komín, z toho důvodu, že vlastně každé ráno je tam dlouhá kolona aut až na Svrateckou. Opravdu, jakoby tadyty semafory, co tam jsou, tak tu dopravu z Bystrce ráno hodně brzdí. Ta dostavba mimoúrovňové křižovatky u komínské vozovny by tomu hodně pomohla.",0,e715158e17e939ea
jiri-kment,Z9/08,31,"Bc. Jiří Kment: Já bych se chtěl zeptat, jestli v současné době probíhá teda příprava projektu nové magistrátní budovy nebo jestli je, tak říkajíc, u ledu? Protože, když jsem se díval, kolik nás CD CENTRUM COMS stojí, tak je to opravdu hodně. Jenom na osobních nákladech, takže na mzdách, přes 4.000.000. Služby nakupuje zhruba za 1.500.000. Fakticky nic jakoby nevytváří, takže ty náklady jsou opravdu ohromné.",0,1b7d3b44f9e1e083
jiri-kment,Z9/08,32,"Bc. Jiří Kment: Já bych se chtěl zeptat, vlastně tady je uvedeno, že společnost změnila sídlo z Břeclavi do Brna. Tato změna proběhla 11. 4. v obchodním rejstříku, ale smlouva, která je zde přiložena, na 200.000, byla podepsaná až 14. 4., ale přesto je tam ta původní adresa. Chtěl bych se zeptat, jestli ta smlouva není tím pádem neplatná?",0,1b7d3b44f9e1e083
jiri-kment,Z9/08,36,"Bc. Jiří Kment: No, já bych si dovolil jenom takový povzdech nad tím, že náklady tadytéto podivné buňky byly 710.000 Kč, zůstatková hodnota 430.000 Kč. Fakticky jde o to se toho zbavit. Kdyby za podobnou cenu byly po Brně vysázeny stromy, asi by to bylo mnohem přínosnější.",0,1b7d3b44f9e1e083
jiri-kment,Z9/08,40,"Bc. Jiří Kment: No, v tomto bodě jsem se jenom trochu podivil, že v Knihovně Jiřího Mahena budou modernizovat výtahy tím, že je budou měnit. Ty výtahy jsou z roku 2001. Myslím si, že životnost výtahů by měla být podstatně vyšší. A zde je uváděno, technický stav je prý zastaralý a opotřebovaný, nebo technický stav je zastaralý a opotřebovaný, což je takové zvláštní. Každopádně spíše bych asi doporučoval uvést, že se jedná o výměnu, a ne o modernizaci.",0,1b7d3b44f9e1e083
jiri-kment,Z9/08,51,"Bc. Jiří Kment: No, já už bych si dovolil asi jenom povzdech nad tím, kam se z mého pohledu řítí rozpočet města Brna. Mám dojem, že město Brno přichází o jakousi finanční gramotnost, že se tady snaží, v uvozovkách, machrovat, a tak nějak na to úplně nemá. Uvedu příklad, jeden známý bydlí v rozpadlém domě nebo spíš bydlel, neměl na údržbu, přesto si zval drahé auto na půjčku, aby, v uvozovkách, zamachroval před sousedy. Jak to dopadlo, asi víme všichni nebo tak tušíme, no a bojím se, jestli tak nedopadne i město Brno, protože město Brno, když se na něj podíváme tak nějak z vnějšku, infrastrukturně na tom není příliš dobře, silnice se rozpadají, dlažba přímo ve středu města je naprostá tragická, lidé tam zakopávají, přímo na Malinovského náměstí chodník v hrozném stavu, přímo před magistrátní budovou. Prostě infrastruktura v městě Brně není v dobrém stavu a my se tady zavážeme na dalších 25 let platit halu, kterou nutně nepotřebujeme. Tím pádem zase, na tu infrastrukturu bude méně peněz, všecko se bude znova víc rozpadat, vnitřní dluh se bude zvyšovat, té infrastruktury, myslím si, že v současné době prostě by Brno nemělo do tohoto projektu jít vzhledem k tomu, že není financování od státu nebo prostě nějaké jiné dotace, třeba nadnárodní, no, prostě, chtělo by to víc se řídit principy finanční gramotnosti.",0,1b7d3b44f9e1e083
jiri-kment,Z9/08,58,"Bc. Jiří Kment: Já bych se chtěl zeptat, jestli město nějakým způsobem postupuje proti původnímu odhadci Ing. Pavlovském, který, pokud se podívám na ten nový posudek, to odhadl, řekněme, úplně špatně a mohl tím způsobit městu vlastně vysokou škodu.",0,1b7d3b44f9e1e083
jiri-kment,Z9/08,100,"Bc. Jiří Kment: Já bych měl celkem 3 dotazy. První je návrh střednědobého výhledu rozpočtu města Brna na období 2024-2028. Ukazatel zadluženosti roste v těchto letech zhruba na trojnásobek. Měla by se zadluženost pohybovat až na úrovni 9.600.000.000, což je těsně pod limitem zákona o rozpočtové odpovědnosti. Otázka zní, které velké investiční akce jsou ve výhledu zahrnuty? Z jakého stupně projektové dokumentace jsou náklady na realizaci odvozeny a kolik u jednotlivých akcí činí? Zda byly aktualizovány a navýšeny o inflaci? A jaké výsledky hospodaření se u těchto akcí předpokládají? Prosil bych písemnou odpověď. Další bod, z dnešního bodu, vlastně Ibsenky, číslo 162), plyne, že znalecký posudek Ing. Pavlovského byl chybný. Rozdíl toho jeho posudku a nového posudku, které jsou od sebe rok a půl, je nějakých 90.000.000 Kč. A díval jsem se, že vlastně tento stejný odhadce dělal pro Brno i odhad na následně zrušenou privatizaci bytových domů Nováčkova 2, 4, 6. Takže můj dotaz zní, jestli mi můžete poslat, písemně, seznam prodejů, nebo výměn pozemků, u kterých Brno též využilo služby tohoto odhadce? Ideálně jako seznam bodů do zastupitelstva. A 3. interpelace, v Bystrci vlastně byla provedena úprava křižovatky na staré dálnici, poblíž ulice Černého. Chtěl bych se zeptat, protože jsem to nikde nenašel, jaké byly náklady na tento projekt? Podotýkám, že jsou tam nové ostrůvky, nový semafor, nebo nové semafory, zůstal tam starý asfalt, který je plný děr. Úprava prý byla realizována jako součást projektu Rozvoj světelné telematiky v letech 2015-20. Na stejném místě se měl ale realizovat ještě jeden projekt, na který finanční výbor schválil navýšení nákladů na 1.700.000. Je to ORG 2063, Černého, stará dálnice, bezbariérová úprava chodníku. Pokud během příprav bylo zjištěno, že bezbariérovost byla provedena už v rámci jiného projektu, kolik peněz už bylo proinvestováno do přípravy tohoto, teď už vlastně zbytečného, projektu?",4,1b7d3b44f9e1e083
jiri-kment,Z9/09,8,"JUDr. Markéta Vaňková, primátorka, upozornila, že podle čl. 5 odst. 2 Volebního řádu pro volbu neuvolněných předsedů, místopředsedů a členů výborů Zastupitelstva města Brna členem volební komise nemůže být kandidát na funkce volené dle tohoto volebního řádu. Poté vyzvala přítomné členy Zastupitelstva města Brna k podání návrhů na členy volební komise. JUDr. Jiří Oliva, člen Rady města Brna, navrhl Mgr. Bc. Marka Viskota, Bc. Jiří Kment navrhl Mgr. Bc. Blanku Borovskou a JUDr. Robert Kerndl, náměstek primátorky, navrhl JUDr. PhDr. Martina Příborského, EMLE.",8,3662325cd3a42957
jiri-kment,Z9/09,15,"Bc. Jiří Kment: Já bych jenom této příležitosti chtěl využít k tomu, abych se zeptal, jak jsme daleko s avizovanou celoměstskou aplikací, která je i v tomto materiálu?",0,3662325cd3a42957
jiri-kment,Z9/09,22,"Bc. Jiří Kment: Tady bych jenom chtěl upozornit na rozpor částky v textu, kde je 33.025.000, a v tabulce na konci, kde je 32.993.000. Tak jestli by to bylo možné opravit?",0,3662325cd3a42957
jiri-kment,Z9/09,24,"Bc. Jiří Kment: Vlastně tady máme částku, která, kterou bude stát implementace licence koupené od Prahy. Já bych jenom chtěl požádat, jestli by bylo možné i uvést tu částku, za kterou se ta licence z Prahy bude kupovat?",0,3662325cd3a42957
jiri-kment,Z9/09,29,"Bc. Jiří Kment: Já bych se chtěl zeptat, proč byla zvolena forma daru, a nikoliv dotace jako dřív? Protože v případě daru může dojít k zhoršení kontroly těch vynaložených peněz a může to být i precedentní rozhodnutí protom pro jiné, obdobné případy. Bc. Tomáš Aberl, člen Rady města Brna: My jsme přistoupili k této formě, to znamená formě daru, protože jsme chtěli výrazně snížit administrativu právě spolku BCSN, pro který rozděluje potom, nebo efektivně bude rozdělovat ty peníze těm sportovcům. A důvod, proč jsme k tomu vůbec přistoupili, tak je ten, že město Brno je součástí vlastně BSCN, takže my si to budeme hlídat uvnitř, protože i já jsem například vlastně ve výboru BSCN.",0,3662325cd3a42957
jiri-kment,Z9/09,31,"Bc. Jiří Kment: Já bych chtěl požádat o nějaké takové, aspoň ve zkratce, vysvětlení, jak to přihlašování probíhá. Protože jsem se tady dočetl, že budeme vlastně platit nějakých, skoro 1.500.000 za cestování, především do Afriky a jihoamerických zemí, nějakých 50, 100 letenek snad. Takže, jak to probíhá, jestli by ty nějaké zkušenosti s tím přihlášením do UNESCO nebyly možné načerpat i někde třeba blíž než v Africe a Jižní Americe?",0,3662325cd3a42957
jiri-kment,Z9/09,32,"Bc. Jiří Kment: Tadyutohoto bodu bych chtěl upozornit, že jsou tam vysoké příjmy z reklamy, takže by to mohlo kolidovat s veřejnou podporou. Takže v tomto případě budeme proti.",0,3662325cd3a42957
jiri-kment,Z9/09,32,"Bc. Jiří Kment: Budeme hlasovat proti, protože by to mohlo být posuzováno jako nedovolená veřejná podpora.",0,3662325cd3a42957
jiri-kment,Z9/09,41,"Bc. Jiří Kment: Já bych se tady jenom chtěl zeptat, jestli jsem tomu dobře porozuměl, že za nějakých 400.000.000 budeme zužovat hlavní cesty na hřbitově ze 7 m na 3 m a eště tam budeme dělat nějaké štěrkové cesty s trávníky? Připadá mi to jako docela vysoká investice a zároveň zhoršení dostupnosti, třeba když tam bude potřebovat projet se s nákladním autem.",0,3662325cd3a42957
jiri-kment,Z9/09,42,"Bc. Jiří Kment: V tomto případě vlastně vydáváme na nějaké, fakticky nové semafory přes 100.000.000 Kč. Jenom bych tak se chtěl přimluvit, jestli by se našlo i třeba nějakých, řekněme, řádově méně peněz na opravu pěší zóny na Masarykové, na Svoboďáku, protože je to tam opravdu velmi špatné. Nebo i třeba na Maliňáku, před magistrátní budovou. Tam lidé zakopávají o vyvalené dlaždice.",0,3662325cd3a42957
jiri-kment,Z9/09,84,"Bc. Jiří Kment: Já bych se chtěl jenom pro jistotu zeptat. Takže tam jde o to, že vlastně nějaká ta společnost, ta MoJa Development, to tam zrekonstruuje a následně to bude provozovat, je to tak?",0,3662325cd3a42957
jiri-kment,Z9/09,84,"Bc. Jiří Kment: Ještě se chci zeptat, na jak dlouho to potom budou mít, tu koncesi na to užívání?",0,3662325cd3a42957
jiri-kment,Z9/09,86,"Bc. Jiří Kment: Já bych se chtěl zeptat na věc, kterou jsme tady schvalovali minulé volební období, jsou to takzvané chytré koše, které město Brno nakupovalo za 200.000/ks. Úplně náhodou jsem jeden koš potřeboval použít poblíž řeky Svratky, zjistil jsem, že je velmi pravděpodobně nefunkční. Takže bych se chtěl zeptat, chtěl bych požádat o nějakou statistiku stavu těchto košů, seznam lokalit, kde jsou umístěné, a o vyčíslení nákladů na provoz, včetně nějaké té licence, o které se tenkrát mluvilo.",0,3662325cd3a42957
jiri-kment,Z9/11,1,Schválení ověřovatelů zápisu Za ověřovatele zápisu byli navrženi Bc. Jiří Kment a Vít Prýgl.,0,8b2034d2529405ca
jiri-kment,Z9/10,1,Schválení ověřovatelů zápisu Za ověřovatele zápisu byli navrženi Vít Prýgl a Bc. Jiří Kment.,0,eb0d7acd8a1bcc62
jiri-kment,Z9/10,19,"Bc. Jiří Kment: U tohoto bodu možná bych chtěl požádat příště kancelář architekta, jestli by mohli třeba nějakým způsobem snižovat ty náklady, protože přece jenom je to docela hodně. Co jsem se díval na ten rozpis, třeba ubytování 4 lidí na 6 nocí za 72.000, nebo právní poradenství skoro 500.000, snížení počtu návrhů, přes 1.000.000, catering 29 osob na 8 dní, 252.000. Nevím, v době, kdy Brno šetří, by možná bylo příště lepší nějakým způsobem ty investice, ty náklady trošku omezit.",2,eb0d7acd8a1bcc62
jiri-kment,Z9/10,30,"Bc. Jiří Kment: Já bych chtěl požádat, jestli by příště u těchto bodů mohlo být aspoň nějaký hrubý rozpis, třeba na co se ty peníze použijí. Protože jsem se dozvěděl, tam akorát že vlastně stavíme podzemní jímku na vodu, 20 m³, což je cena, včetně umístění, nějakých 50.-100.000 Kč, ale ten projekt je za 1.500.000. Takže, jestli by se třeba jenom, aspoň zhruba, v těchto věcech nedalo tam rozepsat, na jakou akci to vlastně půjde?",0,eb0d7acd8a1bcc62
jiri-kment,Z9/10,31,"Bc. Jiří Kment: Tento projekt, co je to aktualizace akčního plánu, nás vlastně bude stát nějakého, 2.100.000. Já si vždycky říkám, proč to vlastně děláme? Protože vypadá to, že se tím nikdo neřídí, nebo alespoň se tím neřídí vedení města Brna. Pokaždé v těchto akčních plánech je uvedeno, že musíme prostě zvyšovat množství zeleně, snižovat množství CO 2 a podobné věci. To je tam prostě pokaždé. A potom se podíváte po Brně, vidíte, že se všude kácí, místo parku se dělají parkovací domy, třeba před Janáčkovým divadlem, kdy developerovi klidně prodáte 2 000 m² parku. Nebo kolem řeky Svratky. Tam rostly velké stromy, které stínily i silnici, ochlazovaly Brno, teď je tam jenom beton. Takže proč vlastně tady zase za 2.100.000 děláme nějakou aktualizaci, když se tím stejně fakticky nikdo řídit nebude a neřídil?",0,eb0d7acd8a1bcc62
jiri-kment,Z9/10,31,"Bc. Jiří Kment: Je mi líto, ale nemůžu s Vámi souhlasit. Protože třeba kolem té Svratky, to je opravdu tragédie. Bydlí tam známý, zvýšila se tam prokazatelně teplota, extrémně prašnost, fakt, místo těch stromů, které tam dřív byly, je to nějakých, asi 1 500 stromů celkem, tak teď jsou jenom betonové zdi. A lepší to nebude, protože ty vizualizace, které vlastně se k nim vyjadřovalo Povodí Moravy, tak ty stromy, které jsou vizualizované v korytu řeky Svratky, tak ty tam prostě nebudou.",0,eb0d7acd8a1bcc62
jiri-kment,Z9/10,55,"Bc. Jiří Kment: No, já bych chtěl už jenom na závěr tady říct, že Brno, teď tady je taková debata, že Brno vlastně se začíná tvářit jako nějaký ostrov. Ale Brno je fakticky hlavní město Moravy, takže by se tak asi mělo chovat. Není pravda, že by nás nemělo zajímat, co se stane s odpady z Jihomoravského kraje v roce 2030, až bude zakázáno skládkování. Takže moje otázka zní, jestli je možné udělat nějaký kvalifikovaný odhad, kolik dnes zbytek Moravy skládkuje spalitelného odpadu? To si myslím, že je klíčové pro rozšíření spalovny v Brně.",0,eb0d7acd8a1bcc62
jiri-kment,Z9/10,82,"Bc. Jiří Kment: Já bych se chtěl zeptat na 2 věci. První věc, všiml jsem si, že byla zrekonstruována omítka na Nové radnici, směrem z Husovy ulice. Chtěl bych se zeptat, jak znělo zadání, kolik ta oprava stála a kdo to přebíral, pokud možno? A potom druhá věc. Chtěl bych požádat pana náměstka Kratochvíla, jestli by mohl třeba vstoupit do jednání s Jihomoravským krajem ohledně dostavby mimoúrovňové křižovatky u vozovny Komín. Protože pro nás, co jezdíme z Bystrce, nebo kdo jezdí z Kníniček třeba, nebo Komína, tak ráno je tam pokaždé asi kilometrová kolona na ty semafory. A opravdu si myslím, že ta dostavba by tomuto místu hodně pomohla.",0,eb0d7acd8a1bcc62
jiri-kment,Z9/10,83,"Bc. Jiří Kment: Já to jenom musím upřesnit. Nejedná se o tu křižovatku u Uni Hobby, o které samozřejmě vím, jak ten, jak ta výstavba probíhá, nebo to povolování. Jedná se o křižovatku u vozovny Komín, kde vlastně jsou připravené nájezdy už hodně dlouhou dobu, asi 30 let, a je to tam potřeba prostě dostavět, aby se tam netvořily kolony na tom semaforu.",0,eb0d7acd8a1bcc62
jiri-kment,Z9/12,8,"Bc. Jiří Kment: Já bych chtěl reagovat na tu poznámku o tom, jak nám tady vlastně usychá nově vysazovaná zeleň. Určitě bych požádal Zeleň města Brna, aby nějakým způsobem přehodnotilo skladbu tadytěch, té nově vysazované zeleně, protože prostě nejsou voleny vhodné druhy a z toho důvodu usychají. Dneska se zeleň vysazuje i na pouštích, popravdě, vydrží tam, protože jsou vysazované druhy, které mají hluboký hlavní kořen a prostě tu vodu si najdou. Ale pokud v Brně vysazujeme zeleň, která má kořen jen po povrchu, tak samozřejmě, i když je intenzivně zalévána, tak to nevydrží a uschne.",2,36a4e03789f899b5
jiri-kment,Z9/12,13,"Bc. Jiří Kment: No, já bych k tomuto bodu chtěl říct, že vlastně tady hlasujeme o tom, jestli uhradit, zhruba, 500.000 Kč, zhruba teda 50.000 měsíčně za 16 psů, které zabavila policie nějak, z nějaké množírny v Brně. Možná by bylo vhodné nějakým způsobem tadyty dohody s policií změnit, protože je to opravdu velká částka. A další věc, kterou, o kterou mám obavu, že ve chvíli, kdy vlastně zaplatíme tadyty náklady na to umístění psů v útulku, tak už nebude možné vymáhat po tom majiteli té množírny.",0,36a4e03789f899b5
jiri-kment,Z9/12,26,"Bc. Jiří Kment: V tomto bodě mě zaujala formulace, že dodavatel, který měl vlastně vyměnit okna pro Muzeum města Brna, se nejevil dostatečně spolehlivý, a proto byl tímto pověřen vlastně druhý v pořadí. Chtěl jsem se zeptat, spíš bych čekal, že tam bude nějaká formulace taková, že třeba porušil smlouvu, takže byl vybrán, byl nakonec, jako realizoval to ten po něm, jestli je to dostatečně nějak právně ošetřeno, aby tento dodavatel, kterého jsme vlastně takhle zrušili z toho kontraktu, tak jestli, aby potom třeba nepožadoval nějakou náhradu po městě?",0,36a4e03789f899b5
jiri-kment,Z9/12,51,"Bc. Jiří Kment: Já bych chtěl požádat, jestli bych mohl dostat, nebo alespoň dostat k nahlédnutí projektovou dokumentaci chodníků, která, který je, teďka se rekonstruuje, mezi ulicí Černého a Štouračova v Bystrci, je to vlastně vedle Staré dálnice. Jde o to, že v některých etapách výstavby zde není zajištěna obchůzná trasa a lidé musí přebíhat skrz 4proudovou komunikaci, mimo přechod. Takže buď je problém s projektem, nebo ta realizační firma dělá něco, co by podle projektu dělat neměla. Takže z tohoto důvodu, jestli bych mohl tu projektovou dokumentaci vidět? Další věc. Lidé si stěžují, že vlastně nemohou zaparkovat poblíž lékárny na Baštách, která jako jediná tady v širokém okolí otevřená nonstop, využívají i lidé z okolních měst a obcí. Jestli by bylo možné uvažovat o zřízení nějakého bližšího K+R místa třeba, nebo něčeho takového, aby tam prostě tito lidé zbytečně nedostávali pokuty? Takže, to je všechno.",0,36a4e03789f899b5
jiri-kment,Z9/14,6,"Bc. Jiří Kment: Já jsem si ten materiál studoval, chtěl bych se zeptat vlastně paní Spilkové, která to zpracovávala, na nějaké věci k tomu materi, do toho materiálu, protože mi to není úplně jasné. Protože mělo by jít vlastně o integraci menšin v Brně, ale je zde uvedeno, teď budu citovat – „dává smysl podporovat jazykové programy a kurzy pro udržení a rozvoj menšinových jazyků. Ve školách zřizovaných městem podporovat výuku jazyků menšin. Dává smysl také podporovat jazykové překlady knih",0,198b605f95c9e2a9
jiri-kment,Z9/14,19,"Bc. Jiří Kment: Já bych chtěl navázat na tedy ty dotazy k Zoo. Přece jenom jsem i zastupitel za Bystrc, takže se tím taky zabývám. Chtěl bych pana Chvátala požádat, aby se spíš podíval, ne ani tak na financování, ale spíš na takovou nějakou manažerskou kompetentnost vedení Zoo. Protože těch peněz je tam hodně, ale pokud postavíte pavilon za 100.000.000, a ten pavilon je fakticky k ničemu, tak potom peníze chybí jinde a jiné pavilony se do slova a do písmene rozpadají kvůli nedostatečné údržbě. Takže to asi k té Zoo. Potom ještě pan Chvátal mluvil o stromech v Brně. No, jak Brno přistupuje ke stromům, asi můžeme všichni vidět třeba kolem Svratky, i tady ve středu města, kde těch stromů bylo hodně, podle odhadu 1 500 stromů a keřů bylo pokáceno, aby tam vznikly nějaká betonová mola. Takže doufám, že tímto směrem už ne.",0,198b605f95c9e2a9
jiri-kment,Z9/14,41,"Bc. Jiří Kment: Já bych se chtěl zeptat, jestli je tady nějak kontrolováno, že ten žadatel skutečně má právo k té předmětné nemovitosti žádat tadyotu podporu, dotační. Protože třeba 5, paní XXXXXXXXX, ta není vlastníkem toho pozemku, na které vlastně se bude ta dotace vztahovat, má pouze 2/6, další 4/6 má jiný vlastník. Takže si myslím, že by měli buď žádat spolu o tu dotaci, nebo by měla tam být nějaká plná moc.",0,198b605f95c9e2a9
jiri-kment,Z9/14,42,"Bc. Jiří Kment: Takže akorát jde o to, že ten materiál jakoby není v tomto úplně kompletní, ale prostě jsou tam ti žadatelé oba, ti spoluvlastníci. Jestli tomu dobře rozumím?",0,198b605f95c9e2a9
jiri-kment,Z9/14,44,"Bc. Jiří Kment: No, možná, jesi by tento materiál bylo možné příště nějak líp zpracovat? Není tam uvedena celková částka dotace, vazba na schválený rozpočet, jsou tam nějaké odvolávky na přílohy bez čísel, žádné přílohy materiálu nejsou. Takže, jestli by to šlo příště udělat nějak komplexněji?",0,198b605f95c9e2a9
jiri-kment,Z9/14,45,"Bc. Jiří Kment: No, já bych chtěl požádat, jesi by bylo možné, do zápisu, aby nám to tady někdo stručně shrnul. Protože tam dochází k přesunům docela velkých peněz, takovým zvláštním způsobem. I ta žádost je taková nestandardní, že vlastně žádají 2 společnosti fakticky, zapsaný ústav i s.r.o. Takže jesi by to někdo mohl tak nějak shrnout?",0,198b605f95c9e2a9
jiri-kment,Z9/14,67,"Bc. Jiří Kment: Já bych chtěl požádat, jenom krátce, Odbor dopravy. Z veřejných zdrojů jsem zjistil, že vlastně Jihomoravský kraj chystá rekonstrukci další části ulice Stará dálnice, bohužel jenom v úseku křižovatka od prasat, přechod pro chodce. Kdyby bylo možné ještě s nimi nějak dohodnout, aby zrovna rekonstruoval ještě pár desítek metrů za tím přechodem, kde vlastně pak je odbočka dolů, na kruháč? Je v to prostě ve stejně havarijním stavu jako to, co chtějí rekonstruovat. A když tam ta technika už bude, tak aby se to udělalo kdyžtak zaráz.",0,198b605f95c9e2a9
jiri-kment,Z9/16,8,"Bc. Jiří Kment: Řekla jste, že máme hodně s Charko, hodně s Lvovem společného. Můžu se zeptat, co konkrétně?",0,d527a00c9a941791
jiri-kment,Z9/16,18,"Bc. Jiří Kment: Takže, esi tomu dobře rozumím, takže teďka budeme dokončovat vlastně za 16.500.000 něco, co je vlastně nefunkční, šimpanzi tam nikdy nebudou, a potom ještě to budeme za dalších 17.000.000 přestavovat? Je to tak?",0,d527a00c9a941791
jiri-kment,Z9/16,19,"Bc. Jiří Kment: Tak. Vzhledem k tomu, že by bydlím v Bystrci, tak bych k tomu eště něco teda řekl. Opravdu mě mrzí, v jakém stavu je Zoologická zahrada Brno. Celkově, když to tak sleduju, po těch letech, už v té Bystrci bydlím přes 40 let, tak v ten stav, té zoo, se prostě pořád zhoršuje. Lidé to taky tak",0,d527a00c9a941791
jiri-kment,Z9/16,32,"Bc. Jiří Kment: Chtěl bych se jenom zeptat, jesi bysme mohli dostat třeba nějakou vizualizaci nebo nějaké bližší informace, protože tadyztoho popisu není úplně patrné, co tam za těch 21.000.000 vlastně plánujeme stavět, pro těch 30 lidí. Zajímal by mě taky, jesi bude kvůli tomuto projektu docházet k nějakému dalšímu kácení stromů v areálu zoo, protože už dnes tam to kácení je poměrně zásadní.",0,d527a00c9a941791
jiri-kment,Z9/16,37,"Bc. Jiří Kment: Chtěl bych se jen zeptat, proč tady nebyla využita třeba klasická, elektronická dražba, proč to šlo do nabídkového řízení? Přece jenom ta výsledná cena je opravdu, dá se říct, směšná, 40 Kč/m, nějakých 330.000 Kč celkem. A jsou to poměrně velké plochy.",0,d527a00c9a941791
jiri-kment,Z9/16,38,"Bc. Jiří Kment: Já tomu samozřejmě rozumím, ale, řekněme, že chov včel je tam teď, bude tam třeba i za měsíc, ale je to lokalita, která je zatím takovým velkým, jakoby průmyslovým, průmyslovou částí Kuřimi, a je pravděpodobné, že se tam ta Kuřim bude průmyslově rozrůstat do této lokality. Takže prodávat pozemek za tuto směšnou cenu, v této situaci, nepovažujeme to za vhodné.",0,d527a00c9a941791
jiri-kment,Z9/16,63,"Bc. Jiří Kment: Takže, já bych ještě taky takový drobný dotaz k té lanovce se zeptal. Nevím, jak je to doopravdy, ve sdělovacích prostředcích bylo uvedeno, že maximální kapacita je 2 000 osob za hodinu. Chtěl bych se zeptat, jestli je to kapacita počítaná oběma směry, to znamená nahoru i dolů, jakoby dohromady, nebo je to kapacita jedním směrem, to znamená od, od té plánované haly nahoru, do kampusu. To je taková první věc. Potom ještě jedna, bod, co se týkal Brněnských vodovodů a kanalizací a tvorby nějaké nové firmy, nebyl dneska projednáván. Chtěl bych se zeptat, co vede město k tomu, aby se snažilo tvořit nějakou novou firmu, která by snad měla nahradit Brněnské vodovody a kanalizace, nebo nakupovat od této, od Brněnských vodovodů a kanalizací veškeré služby? Proč to vlastně dělat, když Brno už teď má majoritu v BVK? A pokud vykoupí akcie od SUEZ, tak vlastně bude ovládat BVK komplet. Takže proč se snaží vytvořit nějakou novou firmu? Nerozumím tomu důvodu. Potom eště, potom eště poslední dotaz, co se týká zoo, nebo spíš taková prosba, jestli by se třeba všichni zastupitelé tam jeli podívat. Možná by potom ta debata byla taková, nějaká lepší. Viděli bys na vlastní oči sami, že tam ta údržba opravdu není dokonalá. I v takových, třeba drobných věcech, jako že tam nikdo, snad roky, neumyje okna u pavilonu.",0,d527a00c9a941791
jiri-kment,Z9/16,66,"Bc. Jiří Kment: Tak já bych se možná ještě na chvilku vrátil k té lanovce. Děkuji panu Kratochvílovi vlastně za to, že řekl, jaká bude ta kapacita, skutečná. Další věc, co bych se chtěl zeptat, co jsem četl ve sdělovacích prostředcích, maximální rychlost té lanovky, nebo spíš takováta rychlost, kerou se budou ty vozíky pohybovat, tak je prý 18 km/hod. Jestli je toto pravda? A dále bych teda chtěl eště, tak nějak, požádat vedení Brna, aby zvážilo třeba nějaké, nějaké, jesi by se nedalo uvažovat i třeba o nějakých nastupujících, takových typech dopravy, v hromadné, která je už dneska třeba běžná v některých asijských městech, což jsou nějaké třeba autonomní minibusy, které tam už běžně vozí cestující, nepotřebují řidiče, jsou elektrické, takže, takže taky bezemisní. Možná by to bylo vhodné i třeba na této trase a nemusela by se stavět miliardová lanovka.",0,d527a00c9a941791
jiri-kment,Z9/15,11,"Bc. Jiří Kment: Já bych se chtěl jenom ujistit, že jsem správně pochopil, na co ty peníze půjdou, je to nějakých 250.000. Je to tak, že 50.000 je za projekt každého toho holubníku, 50.000 realizace každého holubníku a dalších 50.000 zůstane na ten provoz?",0,f5c65d180b769ffd
jiri-kment,Z9/15,11,"Bc. Jiří Kment: Já bych to jenom teda chtěl doplnit. A můžu se teda zeptat, jak budou ty peníze rozděleny? Protože je to teda 250.000, tak, nevím, a přen, třeba, pro kolik holubů eště ty holubníky se plánují? Protože přece jenom, jesi projekt je z jenom, jenom projekt za 50.000 a dalších 50.000 materiál, tak je to teda opravdu hodně.",0,f5c65d180b769ffd
jiri-kment,Z9/15,12,"Bc. Jiří Kment: Dobře. Takže to budou 2 holubníky, každý pro 32 párů, a celkové náklady 250.000. Je to tak?",0,f5c65d180b769ffd
jiri-kment,Z9/15,21,"Bc. Jiří Kment: Já bych se chtěl zeptat konkrétně. Vlastně jsou tady náklady na přesun 150 zaměstnanců stávajících stavebních úřadů na městských částech, takže bych čekal, že ten jakoby postup bude takový, že prvně se osloví teda ti stávající zaměstnanci v těch městských částech, těch stavebních úřadů. Nějak se s nimi pokusíte domluvit, jestli přejdou, nepřejdou, a potom se bude stavět nějak ten nový tým. Protože přece jenom zkušenosti těch stávajících zaměstnanců, a navíc místní znalost bude opravdu klíčová na tomto novém úřadě. No, ale dozvěděl jsem se, třeba včera, že na jedné velké městské části, brněnské, vůbec nikdo ještě ty úředníky neoslovil. Že s nimi nikdo nejedná a nikdo tam prostě nic neví. Takže byly skutečně už osloveny všechny městské části, v tomto směru?",0,f5c65d180b769ffd
jiri-kment,Z9/15,22,"Bc. Jiří Kment: Hm. Já teda jenom doplním, že tu informaci o té neinformovanosti jsme získali od vedoucího odboru z jedné velké městské části, takže zřejmě tam něco, tak trochu, zahaprovalo, anebo možná není třeba nějaká snaha, aby zrovna tito lidé na tom novém úřadě byli. Těžko říct. To už jenom spekuluji. Takže, jenom bych požádal, aby bylo třeba, byli třeba osloveni dodatečně.",2,f5c65d180b769ffd
jiri-kment,Z9/15,22,"Bc. Jiří Kment: Já bych se chtěl jenom zeptat. Je tam napsáno, že vlastně ty mlžítka na tom Dominikánském náměstí, provoz roční, 124.000 Kč. Za co se tolik peněz tam spotřebuje? Když to vlastně, trocha vody, možná nějaká elektřina?",0,f5c65d180b769ffd
jiri-kment,Z9/15,32,"Bc. Jiří Kment: Hm, já bych se tady chtěl jenom ujistit, jesi jsem to dobře pochopil, takže tady rušíme zástavní právo a zároveň i ten investiční příspěvek?",0,f5c65d180b769ffd
jiri-kment,Z9/15,46,"Bc. Jiří Kment: No, já jenom takovou poznámku. I když ten dům nešel do prodeje, tak pořád z něj městská část získávala peníze z nájmu, nic do něj zpětně neinvestovala. Takže předpokládám, že tyto peníze by do něj mohla třeba zainvestovat teď.",0,f5c65d180b769ffd
jiri-kment,Z9/15,49,"Bc. Jiří Kment: Takže v tomto bodě asi budu mít těch dotazů víc. Jde tady o prodej nějakých 5 ha stavebních pozemků v katastru Kuřimi. Je to sice formou veřejné dražby, ale, přece jenom je to prodáváno v jednom kuse, za velmi nízkou cenu. Když se dobře počítá na metr nějaké 3.000 Kč, což v lokalitě Kuřim je opravdu mimořádně nízká cena, protože tam se pozemky pohybují, klasické, stavební, řekněme, 1 000 m² ně, u nějakých, kolem nějakých 11.000/m. Ale je tam víc problémů. Nejenom ta, ta nízká vyvolávací cena vlastně za celý, za celý ten obrovský pozemek, kdy to vychází na nějakých 187.000.000 včetně DPH, a tedy se zřejmě nepřihlásí příliš zájemců do té aukce, problém je tam taky s tím, že přes pozemek vede březovský vodovod. To je trubka, o průměru 1 m, pokud tou stavbou dojde k jejímu jakémukoliv narušení, tak má Brno opravdu zásadní problém. A vzhledem k tomu, že se tam bude zřejmě pohybovat těžká stavební technika a Brno odmítlo geodeticky oddělit pozemek, pod kterým tato trubka vede, tak to opravdu, do budoucna, může mít pro Brno velmi vážné důsledky. Chtěl bych se zeptat, proč bylo zvoleno, proč byl zvolen prodej v jednom kuse? Když v případě, že by se tento velký pozemek rozparceloval, alespoň na nějaké, řekněme, rozumnější části, v tu chvíli by bylo možné i oddělit pozemek, pod kterým je březovský vodovod. Proč to nebylo alespoň částečně rozparcelováno? Pravděpodobně by Brno získalo z tohoto pozemku mnohem více peněz.",0,f5c65d180b769ffd
jiri-kment,Z9/15,50,"Bc. Jiří Kment: Takže, právě jsem zažil takové menší déjà vu, bych řekl, protože přesně stejně bylo argumentováno, když se prodávaly bytové domy. Když to prodáváme, pane Kmente, jako jeden velký bytový dům, no tak, ta podlahová plocha se musí prodat za 27.000/m. To je přece normální, když prodáváme celý bytový dům. A přesně takhle mi bylo argumentováno ku, o nízké ceně, když se prodávaly tadyty bytové domy. Které, naštěstí, se podařilo ty prodeje nakonec třeba zvrátit. Ale, tohle je ten stejný případ. Říkáte, dražili jste kino, za 6.000.000, vyvolávací cena, prodalo se za 9.000.000. No samozřejmě. Protože se tam přihlásilo třeba 100 zájemců. Protože těch 6, nebo 9.000.000 má skoro každý. Ale řekněte mi, kolik se přihlásí zájemců, když prodáváte za 187.000.000, vyvolávací cenu? Přihlásí se možná 1 developer, nebo možná 2, kteří se samozřejmě znají, takže se domluví a prostě si to potom rozparcelují, tak říkajíc, až potom sami, že jo? A Brno na tom jedině prodělá. Říkáte, kdybysme to rozparcelovali na malé stavební pozemky, Brno by na tom mohlo jedině prodělat. No, já si nemyslím. Když se podíváte do inzerce, stavební pozemky na rodinné domky v Kuřimi jsou skutečně kolem 11.000/m. Ne 3.000/m. Takže, na tom by Brno mohlo jedině vydělat, kdyby to, vlastně udělalo to, co udělá potom ten developer, a samo to rozparcelovalo. Takže, za mě, tento prodej je naprosto proti principům řádného hospodaření, protože Vy, sami, pokud byste měli takto velký pozemek, tak byste ho rozhodně tímto způsobem neprodali. To je asi, za mě, teďka všechno.",0,f5c65d180b769ffd
jiri-kment,Z9/15,50,"Bc. Jiří Kment: No, tak, já to řeknu obecně. Aby dražba fungovala, musí být dostatečný počet dražebníků. A ti dražebníci musí být skutečná konkurence. Pokud v dražbě máte 2 lidi, kteří se předem domluví, ta dražba nefunguje. Takže, v tomto případě Vy sice ten prodej jakoby pokryjete tou dražbou, řeknete, z té dražby vyjde ta nejlepší cena, protože je to přece dražba, ale ve chvíli, kdy prodáváte něco takhle drahého, tak prostě ta dražba fungovat nemusí. To je můj názor. Myslím si, že prodej tohoto pozemku je z těch důvodů, které jsem už tady řekl, velmi špatný nápad. A navíc za těchto podmínek. Uvidíme, jak se rozhodnou zastupitelé.",0,f5c65d180b769ffd
jiri-kment,Z9/15,72,"Bc. Jiří Kment: Já bych měl ještě 2 věci. Zaprvé bych chtěl požádat o, tak nějak, konečnou cenu vlastně chodníku, který se stavěl u nás v Bystrci, mezi ulicí Černého a Štouračova, ke Staré dálnici. Byly tam nějaké vícepráce, určitě, takže jestli bych mohl požádat o tu, o to kompletní vyúčtování poté, co to bylo dokončeno. A druhá věc. Když tu byla otevřena lanovka, s tím, že to bude sloužit jako nějaká skvělá věc pro dopravu, od nové haly, která se staví. Je tam 2 000 lidí na hodinu, to znamená 11 kloubových autobusů. Nikdo tam tu hodinu nebude čekat na lanovku. Radši sedne do toho autobusu, jako u Ronda, a prostě se sveze kamkoliv. Je to opravdu nesmyslnej záměr. Za nás, nepodporujeme.",0,f5c65d180b769ffd
jiri-kment,Z9/13,23,"Bc. Jiří Kment: Já bych chtěl požádat, jestli bysme takhle rozsáhlé materiály mohli dostávat poněkud dřív než včera, pozdě večer jsme tento dostali, má 282 stran, takže není jaksi možné si to vůbec nastudovat.",0,1f55fba1fd91456a
jiri-kment,Z9/13,43,"Bc. Jiří Kment: V tomto bodě vlastně je asi nejdůležitější změnou, že vypadává slovo dotace a nahrazuje se slovem podpora. To považuji za nebezpečné, protože dotace má přísnější podmínky než podpora. A v souvislosti s tím vypadly i nějaké, některé důležité části evidence žádostí. Proto toto nemůžeme podpořit.",0,1f55fba1fd91456a
jiri-kment,Z9/13,65,"Bc. Jiří Kment: V tomto bodě město Brno směňuje pozemek, 492 m² na Vinohradech, za nějaké 2 malé kousky pozemků. V materiálu jsem se dočetl, že městská část Brno-Vinohrady Odboru zemního plánování a rozvoje Magistrátu města Brna, Odbor životního prostředí Magistrátu města Brna a společnost Brněnské vodárny a kanalizace nedoporučily směnu předmětných pozemků v k. ú. Židenice. Rada ji ale doporučuje. Mohl bych se zeptat někoho, nějakého radního, z jakého důvodu se město chce zbavit tadytéto veřejné zeleně, když na Vinohradech vlastně už té zeleně zas tolik nezbývá?",0,1f55fba1fd91456a
jiri-kment,Z9/13,66,"Bc. Jiří Kment: Hm, takže já to tím pádem taky trochu zjednoduším. Takže jde o to, že buď teda ty nároky pana Málka jsou oprávněné, v té Pískovně, nebo nejsou. Chceme to ukončit, dobře, ale proč teda musíme do té směny dávat zrovna pozemek, který je pro Brno, řekněme, důležitý? Je to veřejný prostor, a navíc ho do té směny dáváme za naprosto směšných 1.792 Kč/m 2. I když je to součást připravované rozvojové lokality Zi-14, Pálavské náměstí, když tu lokalitu charakterizujem, rozvíjí nízkopodlažní rezidenční zástavbu, na tento pozemek navazují 3 už přeparcelované pozemky připravené na výstavbu. Tedy předpokládám, že tento, dosud veřejný pozemek, bude taky zaplocen, zřejmě připlocen k těmto nemovitostem, ztratí charakter veřejné zeleně. A to všechno, jak jsem už řekl, za 1.792 Kč/m2. Tohle se mi opravdu nelíbí, takovéto, řekněme, tunelování pozemků města Brna. Určitě by ta dohoda mohla být i jiná.",0,1f55fba1fd91456a
jiri-kment,Z9/13,66,"Bc. Jiří Kment: Hm, takže vlastně máme eště štěstí, že pan Málek nezabořil prst třeba do středu va, Svoďáku. No, ale, co se teda týká té ceny, původně byla stanovena na 4.000 Kč/m2, následně pan Málek si zeznal jiný odhad, je za 1.792 Kč/m2. Tyto odhady ale nepočítají s tím, že vlastně dojde ke změně územního plánu v této lokalitě. A že se fakticky bude jednat o zastavitelný pozemek, který přímo navazuje na parcely, které jsou již nyní oddělené. Tedy ta hodnota toho pozemku je rozhodně vyšší než 1.792 Kč/m2 a komerční hodnota může bejt někde třeba na 10násobku. Proto se mi opravdu nelíbí, že jdeme do směny s takto nízkou cenou. A opět připomínám, že směna nebyla doporučena těmi 4, co jsem tady už jmenoval na začátku. Takže, je samozřejmě na zastupitelích, jak budou hlasovat, ale my budeme rozhodně proti.",0,1f55fba1fd91456a
jiri-kment,Z9/13,67,"Bc. Jiří Kment: Z mé strany se rozhodně nejedná o spekulaci, protože i pan Málek jasně deklaruje, že pozemek hodlá v budoucnu používat jako zahradu. Což znamená, že pozemek si oplotí. To znamená, nebude již součástí veřejné zeleně.",0,1f55fba1fd91456a
jiri-kment,Z9/13,74,"Bc. Jiří Kment: Tak já bych jenom chtěl poděkovat panu Kratochvílovi za projektovou dokumentaci k chodníku u nás, v Bystrci, a chtěl bych se ještě zeptat. Uviděl jsem teďka ve sdělovacích prostředcích, že se",0,1f55fba1fd91456a
jiri-kment,Z9/17,29,"Bc. Jiří Kment: V tomto bodě bych měl asi 2 připomínky. Zaprvé si myslím, že by Brno mělo podporovat spíše pohybové aktivity dětí, nikoliv hraní her na počítači. A zadruhé bych se chtěl zeptat, jesi někdo prověřil ty náklady tadytéto akce, protože třeba je tam napsáno, že celkové náklady jsou 13.000.000 za 4 dny a jenom za internet se třeba utratí 200.000 Kč. Což mi připadá jako dost nadhodnocené.",0,7ebec469c9c23f69
jiri-kment,Z9/17,30,"Bc. Jiří Kment: To samozřejmě vím, že je potřeba dobrý internet, ale přece jenom 200.000 za 4 dny, za internet, určitě není málo. Každopádně sami jste řekli, že tyto věci, že se tady točí hodně peněz. Proto si myslím, že by to měly podporovat především firmy, které ty hry tvoří, protože ty z toho mají největší zisk.",0,7ebec469c9c23f69
jiri-kment,Z9/17,32,"Bc. Jiří Kment: Nyní tu máme vlastně 3 body, takové podobné, kdy je vypouštíme, bankovní záruky ze smluv. Rada města Brna rozhodla o tom, že začne vypouštět tyto bankovní záruky už nějakého 15. 5. 2023. Já se tedy ptám, proč vlastně k tomu dochází až nyní?",0,7ebec469c9c23f69
jiri-kment,Z9/17,32,"Bc. Jiří Kment: Děkuji. Každopádně bych chtěl teda eště jenom tak, pro ostatní, upozornit, pokud to někdo nečetl, že toto nebylo přijato komisí investiční, tyto záměry.",0,7ebec469c9c23f69
jiri-kment,Z9/17,33,"Bc. Jiří Kment: Já bych jenom chtěl upozornit, že tento bod je trochu jiný než ty předchozí. Vlastně bylo tady s, doložení bankovní záruky mělo proběhnout do 6. 5. 2024, takže investor nesplnil tuto smlouvu. Já si myslím, že to nejde řešit ex post vlastně, nějakým dodatkem té smlouvy, ale že by asi měla následovat spíše nějaká žaloba, protože tady už došlo k překročení toho termínu.",0,7ebec469c9c23f69
jiri-kment,Z9/17,34,Bc. Jiří Kment: Jenom bysme chtěli odděleně hlasovat bod Integrace cizinců v městě Brně.,0,7ebec469c9c23f69
jiri-kment,Z9/17,37,"Bc. Jiří Kment: Já bych se jenom ze zajímavosti chtěl zeptat, jaké, jaká vozidla teda byla koupena? Protože částka je nějakých, 2.500.000 Kč, a když jsem se díval do historie tohoto projektu, tak měl být z, měla být zakoupena Dacia Spring a takový, malý náklaďáček značky ALKÉ. A tam to opravdu, ten součet je tak, zhruba, nejmíň o 1.500.000, nebo 1.000.000, aspoň, nižší.",0,7ebec469c9c23f69
jiri-kment,Z9/17,40,"Bc. Jiří Kment: No, tady bych možná jenom navrhl ty startovací byty přejmenovat na sociální byty pro mladé, protože jakoby ta funkce, kterou měl být původně, už tak nějak v průběhu ztratily. I když jsem byl ještě v bytové komisi, tak vlastně ty smlouvy se začaly prodlužovat, fakticky nikdo si tam nenašetřil na nějaký základ pro hypotéku, aby potom si koupil vlastní bydlení.",2,7ebec469c9c23f69
jiri-kment,Z9/17,40,"Bc. Jiří Kment: Tomu samozřejmě rozumím. Právě proto to říkám, že vlastně už ten původní účel těch startovacích bytů fakticky se tímto ztratil. Tím, jakoby tou změnou na tom trhu. Protože už jakoby stejně, i když těm lidem dáme ten startovací byt za to nízké, fakticky sociální, nájemné, tak si nemají šanci našetřit na základ, na tu hypotéku. Takže je otázka, jesi to stále nazývat startovací byty.",0,7ebec469c9c23f69
jiri-kment,Z9/17,41,"Bc. Jiří Kment: No, mě by jenom v tomto bodě zajímalo, protože jsem se to nedočetl, jesi ta nájemkyně, která vlastně už má dítě, které je starší 18 let, jesi pracuje, nebo jesi žije ze sociálních dávek? A jesi řádně plní všechny podmínky nájemní smlouvy a nemá dluh na nájemném?",0,7ebec469c9c23f69
jiri-kment,Z9/17,41,"Bc. Jiří Kment: No, v tomto bodě vlastně chceme dát splátkový kalendář někomu, kdo se bezdůvodně obohatil o nějakých 138.000. Pravděpodobně tedy příspěvky na bydlení užil pro vlastní potřebu a nyní bude 138 měsíců splácet tadytoto, co vlastně neměl na tuto vlastní spotřebu použít. Takže, chtěl jsem se zeptat, jesi jste prověřovali, jesi by nebylo vhodnější udělat nějakou exekuci? Protože, přece jenom je to vysoká částka a ta doba splácení je opravdu extrémní.",0,7ebec469c9c23f69
jiri-kment,Z9/20,12,"Bc. Jiří Kment: Já bych v první řadě chtěl požádat o stejné materiály, jako dostane pan Lahoda, paní Flamiková, paní Drábová, protože tato otázka mě taky zajímá, rád bych se s ní blíže seznámil. Jen bych ještě řekl k vystoupení pana ředitele Dopravního podniku. Tvářil se tady jako oběť, že vlastně mu nadáváme za to, že se Dopravní podnik snaží chovat jako řádný hospodář. No, popravdě, pokud se snaží prosazovat něco, co nemá naprosto, jako ekonomicky, žádný smysl, a jenom to ten Dopravní podnik zatíží a bude to stát skoro 1.000.000.000, tak to mi jako řádné hospodaření moc nepřipadá. A ještě bych tady chtěl reagovat na to, že o těchto projektech se vlastně veřejnosti dávají nějaké vizualizace, aby věděla, jak to bude vypadat. No, tak to mě trošku zarazilo, protože dávali jsme i vizualizace, jako město, třeba toho nábřeží Svratky, a následně se zjistilo, že to zas tak úplně stejně vypadat nebude. Že třeba ty stromy v tom řečišti tam prostě nebudou a bez nich to bude jaksi o něčem úplně jiném.",0,21185e2ff631d16f
jiri-kment,Z9/20,15,"Bc. Jiří Kment: Já bych chtěl podat návrh na změnu usnesení ve znění - Zastupitelstvo města Brna schvaluje návrh obecně závazné vyhlášky a tak dále, jak je to v usnesení, s výjimkou čl. 17, 18 ...",2,21185e2ff631d16f
jiri-kment,Z9/20,26,"Bc. Jiří Kment: Určitě bych podpořil návrh paní Flamikové, protože taky jsem si toho všiml, že třeba stojí auto na trávníku, teďka nějakej, třeba soused ho nahlašuje, řeknou mu, že už nahlášený bylo, že už je řešený, opravdu jako to zbytečně potom zdržuje tu městskou policii, když 10 lidí nahlašuje to stejný auto, protože tam nevidí prostě žádnej lísteček. Takže určitě je dobrý to nějak označit, ty auta, který jsou už v řešení.",2,21185e2ff631d16f
jiri-kment,Z9/20,32,"Bc. Jiří Kment: Já bych tady jenom možná chtěl požádat, na straně 17/19 jsou body 5, 6 a 7, které by se asi daly vypustit. Protože přece jenom to probíhá v USA, takže asi není potřeba, třeba dávat 15 ks čestných vstupenek tady magistrátu, když asi do toho, do těch USA, tam na to nikdo nepojede.",0,21185e2ff631d16f
jiri-kment,Z9/20,32,"Bc. Jiří Kment: No, nemyslím si, že bysme o tom museli hlasovat, pokud to tam může zůstat takhle jako, a nebude vlastně porušena ta smlouva, když třeba to nedodají, ty, ty čestný vstupenky a takový věci, když budou vlastně v té Americe, tak to tam si, si myslím, může zůstat.",0,21185e2ff631d16f
jiri-kment,Z9/20,35,"Bc. Jiří Kment: Tak, teď už správně. Takže já bych chtěl navrhnout změnu usnesení ve znění - Zastupitelstvo města Brna schvaluje návrh obecně závazné vyhlášky, dál jak je to v tom původním usnesení, a na konci, s výjimkou čl. 17, 18, 55, 56. Je to z toho důvodu, že vlastně legislativní, legislativně organizační komise tadytoto nepodpořila, jako celý ten bod, právě tadytyto body jakoby tam taky z toho, tak nějak, vyloučila. Takže z tohoto důvodu bych provedl, jako nechal hlasovat o této změně usnesení.",-1,21185e2ff631d16f
jiri-kment,Z9/20,36,"Bc. Jiří Kment: Je to tam napsaný prostě, v tom, jak jsem to teďka Vám dal.",0,21185e2ff631d16f
jiri-kment,Z9/20,48,"Bc. Jiří Kment: Tady bych se jenom chtěl zeptat, nevím, nejsem v tomto odborník, proč jsou ty ceny toho vybavení tak extrémně nadhodnocené? Protože třeba, co jsem tam rozpočítával, tak talíř tady kupujeme za 100 Kč, i když v běžném maloobchodě je za 15 Kč, nůž 35 Kč, běžně za 7, nebo za 14, miska, jo? Všecko je takový jakoby nadhodnocený a na tom množství to potom hodně naskáče. Tak jsem se chtěl zeptat, jesi to jsou nějaké speciální nádoby, nebo proč to takhle je?",0,21185e2ff631d16f
jiri-kment,Z9/20,75,"Bc. Jiří Kment: Já jsem se dočetl ve veřejných sdělovacích prostředcích, že vlastně se chystá demolice vozovny Komín. Takže, v této souvislosti jsem se chtěl zeptat, jesi by bylo možné poskytnout nějaké průběžné audity stavu té budovy, které se prováděly, předpokládám, v průběhu její životnosti, a následně, jak bylo reagováno na ty zjištěné závady? Protože co jsem se tam i dočetl, tak ta údržba nebyla vždy dokonalá, dokonce některé ty poslední stavební úpravy prý ten stav té budovy naopak zhoršily. Takže, jesi by k tomuto bylo možné dodat nějaké podklady? Protože vlastně, pokud se to zbourá, tak následná stavba bude tak, odhadem, za 2.000.000.000. Takže není to malá částka. No, a ještě na to teda navážu. Vlastně vedle této vozovny Komín jsou nedokončené rampy z ulice Kníničská. My, co jezdíme z Bystrce, tak víme, že tam každý den ráno stojí kolona až na Svrateckou. Takže, jestli třeba se nějak nepohlo jednání s Jihomoravským krajem ohledně dostavby těchto 2 ramp?",0,21185e2ff631d16f
jiri-kment,Z9/18,31,"Bc. Jiří Kment: Možná jenom takových pár drobných poznámek. Myslím si, že ty peníze, které teďka přidělujeme, se nestihnou proinvestovat do konce roku, takže budou zase převáděny, možná bylo lepší, kdyby se přidělovaly až ve chvíli, kdy budou skutečně potřeba a chtěl bych ještě tak nějak možná požádat, aby při tvorbě těchto nových projektů bylo před zahájením výstavby vše konzultováno s danými koordinátory chovu, abysme nedospěli do stejného výsledku, jako třeba s tím pavilonem šimpanzů, kde zatím sice nemáme odpověď na interpelaci, ale není jisté, že skutečně před začátkem stavby to koordinátor chovu, dal tomu dobro vzdání.",2,aeee21aca2ee1a98
jiri-kment,Z9/18,49,"Bc. Jiří Kment: V tomto bodě vlastně prodáváme bytovou jednotku v domě, kde má, kde je město většinový vlastník, ze 41 bytových jednotek má 35 bytových jednotek, takže tady nejde použít ten běžný argument, že doprodáváme nějaké zbytky jakoby, kde už městu třeba patří 1 byt z velkého množství bytů. Chtěl jsem se zeptat proč rozprodáváme vlastně bytový dům, kde město má většinu.",0,aeee21aca2ee1a98
jiri-kment,Z9/18,52,"Bc. Jiří Kment: No, když tu máme pana právního zástupce, tak bych se chtěl zeptat na takovou věc, kterou jsem slyšel, že vlastně spíš jde o to, že když tu historickou budovu, památkově chráněnou, té tělocvičny, prodáme, tak to nabyvatel tak nějak plánuje prostě zbourat a postavit tam něco jiného. Je to tak, nebo není?",0,aeee21aca2ee1a98
jiri-kment,Z9/18,62,"Bc. Jiří Kment: No, já bych se především chtěl zeptat, proč v tomto případě město dělá vlastně práci za stát? Proč prostě si Správa železnic sama neřeší ty pozemky, které potřebuje pro to nádraží. To bude navíc stejně investice státu. Bude to stát nějakých 50 miliard, jak to bylo dobře řečeno, extrémně to zhodnotí všechny ty okolní pozemky všech možných developerů, co už to tam mají skoupené z dřívější doby. Jestli se pamatuji, tak hlavní část těch pozemků se rozprodávala, kdysi ještě myslím, jestli to pan Blažek rozprodával nebo kdo. Prostě bylo to už hodně dávno a bylo to za směšné ceny. Teď už se zhodnocují samozřejmě, protože tam je plán stavět nějaké byznysové centrum obrovské. No, a teďka se zbavíme posledních pozemků, které tam městu zůstaly a úplně zbytečně, protože tohle si měl řešit stát, ty pozemky pro to nádraží, to není záležitost města. Takže, proč se zbavujeme takhle nevýhodně těch pozemků. Děkuji.",0,aeee21aca2ee1a98
jiri-kment,Z9/18,63,"Bc. Jiří Kment: No, za prvé, tady se nejedná o směnu, ale o dvě koupě, to je první věc. Za druhé, pokud má stát výrazně silnější pozici v případě vyvlastňování pozemků pro infrastrukturní nebo veřejně prospěšné stavby, tak by město nemělo v tomto suplovat jeho funkci. Prostě to, co je potřeba pro nádraží si má řešit stát. To by se do toho město nemělo vůbec plést, protože ta jeho pozice je slabší a aby získalo ty pozemky, tak teď vidíme, že musí přijít o velmi lukrativní svoje vlastní pozemky. Takže za mě je to opravdu to, co je tu navrhováno mimořádně nevýhodné a dokončí to takový nějaký proces v tom jižním centru, který započal už kdysi dávno a město prostě všechno fakticky, město a stát zaplatí a developeři si tam potom postaví domy. No, děkuji.",0,aeee21aca2ee1a98
jiri-kment,Z9/19,15,"Bc. Jiří Kment: Já bych jenom chtěl požádat o stejné materiály, jako dostane pan Koláčný, abysme si to také mohli prostudovat.",0,7a2e7987609bcbd0
jiri-kment,Z9/19,17,"Bc. Jiří Kment: Já bych chtěl prvně říct, že my, jako klub, jsme určitě pro pořádání MotoGP, jako snad asi jediní kandidující jsme měli i obnovení MotoGP v našem programu. Takže když se v médiích objevily informace o obnovení MotoGP, určitě jsem z toho byl osobně docela nadšený. Ale potom, když jsem si přečetl ten návrh toho memoranda, tak moje nadšení tak nějak opadlo, dá se říct. Protode to, že je memorandum naprosto nezávazné, to je běžná věc, ale nejhorší na tom je, že memorandum vlastně neřeší tu základní věc, proč MotoGP z Brna zmizelo. Víme, že vlastně to bylo z toho důvodu, že Jihomoravský kraj a Brno odmítly dát nějakých 100.000.000 na nejo, na neje, jakoby takové nějaké ty nejdůležitější požadované opravy tratě, které požadovala Dorna. A jaksi o této věci se v tom memorandu vůbec nemluví. Takže tady se řeší zalistovací poplatek, řeší se, kolik dáme na zalistovací poplatek, ale nějakých, odhaduji, 300.000.000 na opravu tratě se tady vůbec nějak jakoby neuvádí, a není jasné, kdo to teda zaplatí. Jenom chci říct, že vlastně v roce 2008 se měnil povrch tratě naposledy a stálo to 150.000.000. Takže ten odhad, 300.000.000, si myslím, že je, asi, tak nějak blízko realitě. A další věc, která se mi příliš nelíbí, že to bude zajišťovat společnost Autoklub České republiky. Když se podíváte na web INVESTIGACE.CZ, tak zjistíte, že tato společnost není v dobrém stavu. Je zadlužená, prodává majetek, nechová se jakoby transparentně vzhledem k veřejnosti. A vzhledem k tomu, že pobírá vysoké dotace od státu, osobně si myslím, že bylo vhodné před tadytímto vším provést nějaký audit společnosti Autoklub České republiky, aby bylo jasné tedy, na co ty peníze dává, jesi je to zdravá společnost, jesi třeba jí nepošlete peníze a nepoužije třeba na úhrady svých dluhů, nebo těžko říct na co. Takže, za nás asi takhle. Určitě budeme hlasovat pro tadytoto memorandum, ale bylo by dobré dořešit i ty další otázky, které vlastně, i přes přijetí tohoto memoranda, budou obnovení MotoGP blokovat.",2,7a2e7987609bcbd0
jiri-kment,Z9/19,19,"Bc. Jiří Kment: Já bych chtěl ještě dodat takovou, asi poslední poznámku. Samozřejmě taky se mi nelíbí, že město Brno, které je opravdu mimořádně zadlužené a rozpadá se mu infrastruktura, kde nemá na opravy, tak bude dávat 35.000.000 na tuto akci. Ale, na druhou stranu, musíme si uvědomit, že je to opravdu nejlepší možná propagace Brna, v celosvětovém měřítku, jakou si můžeme dovolit. Když kamkoliv přijedete, prostě řeknete Brno, tak pokud někdo Brno zná, tak ukáže něco ve smyslu vroum broum jakoby, že prostě se tam jed, jezdí motorky. Tak to prostě je. Je to po celém světě. My třeba Brno vidíme jako velké město, známé město, ale když se podíváte na mezinárodní srovnání velikosti Brna, tak je na, zhruba, 1.490 místě. Takže, celosvětově Brno opravdu není velké město a tato akce ho mimořádně dobře, celosvětově propaguje.",0,7a2e7987609bcbd0
jiri-kment,Z9/19,20,"Bc. Jiří Kment: Já narážím na to, že město Brno se bude zadlužovat, až na zákonnou hranici, právě kvůli novým stavbám, jako je hala a jiné. Možná Janáčkovo kulturní centrum a lanovka a takové podobné. Takže to zadlužení prostě roste. Jesi dosáhne té zákonné hranice, těžko říct.",0,7a2e7987609bcbd0
jiri-kment,Z9/19,39,"Bc. Jiří Kment: Já bych se jenom chtěl zeptat, jakým způsobem ty exponáty budou vyráběné? Protože se jedná o hodně složité artefakty, takže, bude to stát 500.000, jesi to bude skutečně věrné, nebo to budou jenom nějaké 3D tisky a na tom nějaká třeba projekce?",0,7a2e7987609bcbd0
jiri-kment,Z9/19,100,"Bc. Jiří Kment: No, vzhledem k tomu, že tady jde magistrát proti městské části, proti zájmům tamních obyvatel, tak bych zkusil znovu navrhnout stažení z programu.",0,7a2e7987609bcbd0
jiri-kment,Z9/19,104,"Bc. Jiří Kment: Já bych chtěl 2 věci. Zaprvé - všiml jsem si, že kavárna nad garážovým domem, na Kopečné, která myslím je v majetku města Brna, není už dlouhodobě pronajatá. Zdržují se tam nějaké osoby, které nevím, jesi tam mají co dělat. Každopádně bych chtěl, a jesi by mi někdo mohl sdělit, jak dlouho už není pronajatá, jaké kroky jsou činěny k tomu, aby pronajatá byla? Dále, druhá věc - čestné pohřebiště na hlavním, na hřbitově, Ústředním, je ve velmi špatném stavu. Jesi by bylo možné nějakým způsobem prověřit jeho aspoň částečnou rekonstrukci nebo nějakou údržbu? Protože se tam rozpadá schodiště a vypadá to tam opravdu velmi neutěšeně.",0,7a2e7987609bcbd0
jiri-kment,Z9/19,107,"Bc. Jiří Kment: Tak já ještě poslední věc. V Brně teďka probíhá hodně staveb, způsobuje to velké špinění komunikací. Povinností těch zhotovitelů je ty komunikace uklízet, ale to se prostě neděje, po Brně. To si řekněme na rovinu. Takže prach se šíří do okolí, jsou tam někde už i vrstvy štěrku smíseného s pískem, především na Bauerové a tam v okolí, vlastně kde se staví ta multifunkční hala, a na Poříčí, kde vlastně se staví nějaké to nábřeží. Bylo by možné nějak z pozice města na ty zhotovitele prostě, nějak jim dát najevo, aby to líp uklízeli? Protože viděl jsem tam jenom 1 auto, popravdě, které to uklízelo, to ještě nemělo puštěnou vodu, takže od něj letěl obrovský oblak prachu do města. Myslím si prostě, že by bylo dobré toto řešit a nějakým způsobem donutit ty zhotovitele něco dělat, aby se ta prašnost zvýšila. Imo, když to mají prostě v tom stavebním povolení, že to musí uklízet.",0,7a2e7987609bcbd0
jiri-kment,Z9/21,2,"Bc. Jiří Kment - vznesl návrh na zařazení nového bodu do programu jednání s názvem „Vozovna Komín - odborný posudek soudního znalce“, ke kterému členové Zastupitelstva města Brna obdrželi materiál před zahájením zasedání.",2,f9d440624b7d3d49
jiri-kment,Z9/21,21,"Bc. Jiří Kment: Já bych se chtěl zeptat, jestli je v sále přítomna paní Veronika Rút, majitelka neziskovky Naše kultivovaná města, zapsaný spolek?",0,f9d440624b7d3d49
jiri-kment,Z9/21,21,"Bc. Jiří Kment: Děkuji, takže já budu pokračovat. Určitě všichni zastupitelé dostali takový, nějaký mail od této paní. Není to moc zvykem, že by majitel neziskovky, žadatel o nenárokovou dotaci, posílal, z mého pohledu, tak trochu vyděračský e-mail s tím, že když peníze nepřidělíme, tak se nám, tak říkajíc, podívá na zoubek. Chtěl bych se zeptat, jestli už je to známo, protože akce už proběhla, a žádá se ex post o ty peníze, jaká byla návštěvnost akce a jak to celé finančně dopadlo. Ale když tu paní majitelka neziskovky není, tak to asi nebude známo. Nebo je to městu známo?",0,f9d440624b7d3d49
jiri-kment,Z9/21,21,"Bc. Jiří Kment: Já se omlouvám, jesi sem někoho urazil tím, že jsem řekl majitelka neziskovky, ale tak se paní v e-mailu prezentovala, když psala - moje neziskovka. Bylo by možné oddělit hlasování o penězích",0,f9d440624b7d3d49
jiri-kment,Z9/21,22,"Bc. Jiří Kment: Já ještě teda zopakuju ten svůj požadavek, že bysme hlasovali odděleně pro peň, o penězích pro neziskovku Naše kultivovaná města, z. s.",0,f9d440624b7d3d49
jiri-kment,Z9/21,29,"Bc. Jiří Kment: Takže tadytomu „Brno Expat Centre“ dáváme kolem 6.000.000 ročně. Mě by zajímalo, na co přesně ty peníze používají? Protože, jak jsem se bavil s lidmi z náboru pracovníků, vlastně tadytěchto kvalifikovaných, tak vy, ty velké firmy, které jsou v Brně, tak mají svoje vlastní nábory. Takže koho vlastně nám sem tato společnost jakoby do toho Brna vozí? Co je ještě zajímavé, jeden z členů tohoto spolku je Angličan, narozen v roce 43. Tak nevím, jestli je to ještě aktivní člen, nebo jak to vlastně je? A jsou tam pouze 3 členové, tedy v tomto spolku. Tedy zopakuji otázku, co přesně, na co přesně tyto peníze používají a jestli těch 6.000.000 je, tak nějak, dobře využitých?",0,f9d440624b7d3d49
jiri-kment,Z9/21,29,"Bc. Jiří Kment: Já, z nějaké, třeba písemně, potom, nějaké podklady, z kterých států sem byli ti lidé, tak nějak, přivezeni? Jaké projekty tady pro, jako na jakých projektech se tu podílí, nebo něco takového? Abysme mohli posoudit, jesi je to skutečně, za těch 6.000.000, jakoby dobrá věc.",0,f9d440624b7d3d49
jiri-kment,Z9/21,30,"Bc. Jiří Kment: Toto je vlastně podobné, jesi by bylo možné dodat nějaké konkrétní přínosy tohoto projektu, za 102.000.000 Kč, co se na základě něj tady v Brně vybudovalo, nebo prostě jaký byl přínos pro Brno?",0,f9d440624b7d3d49
jiri-kment,Z9/21,52,"Bc. Jiří Kment: Tak já asi navážu. Je otázkou, proč je ta budova v tak špatném stavu? Proč město do ní nedá ani nějaké základní peníze na nějaké opravy fasády, nebo třeba mříž do sklepu, aby se ze sklepu nestával prostě obrovský odpadkový koš? To je otázka prostě toho, jak se město Brno chová ke svým nemovitostem. No, ale abych to tak nějak zhodnotil, trochu mě tady mrzí, že církev se",0,f9d440624b7d3d49
jiri-kment,Z9/21,54,"Bc. Jiří Kment: Já už to nechci protahovat, jenom bych chtěl doplnit, že skutečně jde mi pouze o tu základní údržbu, která je, finančně, v řádu tisícikorun, nebo desítek tisíc korun, maximálně. To znamená, třeba konkrétně u tohoto objektu, když se na něj podíváte, tam jsou rozbitá okna, okenní tabule. Snad není problém vyměnit sklo v okně? Nebo, například ty otvory do těch sklepních prostor. Není snad problém tam dát mřížku, kterou nejdou prohodit odpadky? Teď se tam bude muset vyvážet snad tuna odpadků, ze sklepních prostor. To je, to jsou naprosto základní věci, kde by se to město o ty svoje budovy mělo starat a tuto základní údržbu, prostě jako majitel, provádět.",0,f9d440624b7d3d49
jiri-kment,Z9/21,66,"Bc. Jiří Kment: Já bych chtěl tady navázat, chtěl bych se zeptat, jesi by bylo možné, vzhledem k dotazům občanů třeba i na různých diskusích, zpracovat nějaký jednoduchý audit činnosti XXXXXXXX XXXXXXXXXXXXX, paní XXXXXXXX? Protože jako ani občanům není úplně jasné jakoby, jak se ta její činnost projevuje a kolik vlastně těch zásahů do těch stavebních prací za rok třeba provede? Jesi jsou to desítky, nebo jestli jsou to jednotky, stovky? Není prostě vůbec jasné jakoby, jak tyto věci se provádí. Takže nějaký, nějaký jednoduchý soupis třeba, že, nevím, za poslední rok bylo provedeno tolik a tolik zásahů tadyvtěch a těch stavbách, které vypadaly tak a tak, prostě něco, aby bylo jasné, co vlastně ten XXXXXXXXXXX té XXXXXXX dělá. Dalš, druhá věc, minule tady bylo řečeno, že bude prováděna rekonstrukce Kníničské, akorát jsem úplně nezaznamenal v jakém úseku. Takže to bych se chtěl zeptat na nějaké podrobnosti. A když už jsme na té Kníničské, když se teď bude vlastně bourat vozovna Komín, možná by bylo vhodné skutečně se podívat na ty nájezdy a s tím krajem dohodnout nějakou spolupráci a konečně nám ty nájezdy vybudovat. Protože třeba dneska tam zase byla fronta až na Svrateckou, a opravdu, z té Bystrce, ráno, se do města jede velmi špatně, právě kůli neexistenci nájezdu z Kníničské na Veslařskou. Mgr. René Černý, 1. náměstek primátorky: Odpovědi budou písemně, ale možná, možná pan radní Kratochvíl přece jenom na něco odpoví teďka z tech do, z těch dotazů.",0,f9d440624b7d3d49
jiri-kment,Z9/22,17,"Bc. Jiří Kment: Určitě se všichni shodneme na tom, že Brno nový územní plán potřebuje. To, s tím souhlasí i náš klub. Ale, za sebe, chci říct, že mám obavu, že prostě v tom dlouhém průběhu toho pořizování se tak nějak ztratil ten původní cíl toho pořízení, to znamená nastavení nějakého kvalitního, vyrovnaného rozvoje Brna v průběhu času. Chybí mi tam prostě nějaká jasná etapizace, která by byla závislá na stupni rozvoje té okolní infrastruktury. Jinak řečeno, prostě ten územní plán dává developerům téměř neomezené možnosti realizace nějakých rezidenčních projektů, odhadem z, pro 170 000 lidí. Ale může to být pr, tím pádem na úkor života součas, kvality života současných obyvatel. Navíc umožňuje třeba i masivní zástavbu lokalit, kde dneska chybí voda, kanalizace i nějaká rozumná silnice, řekněme. Jasně. Už slyším jakoby odpověď, že Brno prostě potřebuje růst za každou cenu, aby zamezilo stěhování lidí za hranice města. S tím souhlasím, ale zase je potřeba, aby ten rozvoj byl prostě v závislosti na tom, co je reálně možné, a ne aby chaoticky tady developeři nastavěli nějaké nové projekty, a potom se teprve řešila infrastruktura. Fakticky, když to tak trošku přeženu, tak, v uvozovkách, dneska někomu tady může nečekaně vyrůst mrakodrap, bez garáží, vedle jeho domu, a už s tím ten člověk nic nenadělá.",0,0a5e067d7f1d3081
jiri-kment,Z9/22,40,"Bc. Jiří Kment: Já bych jenom se tady pozastavil nad tím, že tato komunitní zahrada je poměrně drahá. 700.000 za komunitní zahradu, kde děláme nějakou architektonickou studii, děláme tam drahé mlatové chodníky, vyvýšené záhony za 250.000, nevím. Myslím si, že komunitní zahrada by měla být spíš o té komunitě a spíš ta komunita by si to měla nějakým způsobem, tak jako se to dělalo dřív, prostě zařídit. A neměli bysme tam dělat takovéhle extrémně drahé investice, které ani nedávají smysl. Protože, nevím, jesi máte někdo zahradu, ale mlatový chodník v zahradě, to opravdu je asi zbytečné, když tam vlastně, co se týká vsakování vody, fungují už ty záhony samy o sobě. Takže je mnohem lepší tam dát nějaké třeba dlaždice. Takže jsem se chtěl zeptat, jesi tímto způsobem se budou řešit i další komunitní zahrady v Brně, nebo je to jenom výjimka?",0,0a5e067d7f1d3081
jiri-kment,Z9/22,43,"Bc. Jiří Kment: V tomto bodě bych chtěl upozornit, nevím, jesi je to skutečnost, ale podle Hlídače státu vlastně předchozí smlouva na Dronovou show z roku 2024 nebyla uveřejněna včas, takže, podle toho, co jsem si tam přečetl, je, nikdy nezačala platit a byla automaticky zrušena její platnost od z, počátku. Takže toto bych poprosil, aby někdo z města prověřil, jesi skutečně to tak je.",0,0a5e067d7f1d3081
jiri-kment,Z9/22,73,"Bc. Jiří Kment: V tomto bodě došlo k vyřazení nejlevnějšího účastníka z důvodu nepřiměřeně nízké nabídkové ceny. Chtěl bych se zeptat, jaká byla ta nepřiměřeně nízká nabídková cena?",0,0a5e067d7f1d3081
jiri-kment,Z9/22,76,"Bc. Jiří Kment: Já bych chtěl tady vodevřít takovou otázku vlastně soustavného znečišťování silnic Uhelná a Poříčí, z důvodu, v prvním případě deponie firmy THERMOSERVIS, v druhém případě stavby protipovodňových opatření. Upozorňuji, že povinností zhotovitele, nebo v tomto případě provozovatele, je okamžitě nečistoty odstraňovat, což se dlouhodobě vůbec neděje. Třeba, konkrétně, na Poříčí, u velodromu, tam už je 10 cm hlíny na okraji silnice, uprostřed silnice, to je hlína smísená se štěrkem. Pokud jedete v autě, je to eště celkem v pohodě, protože jedete v těch vyjetých kolejích, ale pokud jedete na motorce, tak už je to opravdu velmi nebezpečné se pohybovat po těchto, opravdu silně a soustavně, znečišťovaných silnicích. Takže bych se chtěl zeptat, kolik pokut a v jaké celkové výši bylo uděleno zhotoviteli protipovodňových opatření a firmě THERMOSERVIS za roky 2023 a 2024?",0,0a5e067d7f1d3081
jiri-kment,Z9/23,29,"Bc. Jiří Kment: Aha, já bych navrhoval tyto body nespojovat, protože tady budeme hlasovat opravdu velmi rozdílně.",0,4658264f1b9b47c0
jiri-kment,Z9/23,29,"Bc. Jiří Kment: No, budeme hlasovat různě u bodu 47), 49) i 50), takže …",0,4658264f1b9b47c0
jiri-kment,Z9/23,29,"Bc. Jiří Kment: Chtěl bych se zeptat, proč se snaží město za každou cenu tento pozemek prodat, když vlastně městská část Žid, Židenice s prodejem nesouhlasí? A i jinak je to ideální místo pro zřízení nějaké nové občanské vybavenosti, případně k stavbě nějakého třeba menšího bytového domu. Pozemky",0,4658264f1b9b47c0
jiri-kment,Z9/23,30,"Bc. Jiří Kment: Samozřejmě toto je jasné, ale může se tam postavit třeba nějaká občanská vybevnost, jak jsem říkal. Každopádně jdete proti stanovisku městské části. Já se ale chci zeptat ještě na něco jiného. Bude to provádět, tu dražbu, Realitní společnost města Brna, odměna dražebníka bude mezi 35.000 a 5.000.000. Chci se v této souvislosti zeptat, jak je to se skutečným provedením dražby, jestli to, jakoby to technické vybavení má koupeno, koupena realitní společnost, anebo jestli to někomu jakoby outsourcuje, a potom ten zisk jakoby jde mimo tuto realitní společnost, té dražby?",0,4658264f1b9b47c0
jiri-kment,Z9/23,57,"Bc. Jiří Kment: V tomto případě bych se chtěl zeptat, jestli je to všechno, jakoby z pohledu Brna, dobře právně ošetřeno? Protože tady dochází k výměně pozemků, kdy vlastně ten, kdo získá městský pozemek, ho získá okamžitě, ale město Brno ten pozemek získá zřejmě někdy v roce 2030. A není jisté, podle toho, co je v katastru nemovitostí, jestli vůbec ho získá, protože je tam vlastně zákaz zcizení,",0,4658264f1b9b47c0
jiri-kment,Z9/23,58,"Bc. Jiří Kment: Já si prostě myslím, že pokud je v současné době ten pozemek tímto způsobem fakticky zaplombován, v tom veřejném seznamu, v tom katastru nemovitostí, tak prostě není možné takovouhle smlouvu uzavírat. O smlouvě budoucí, do roku 2030, když tam prostě bude ta zástava do roku 2034. Takže, já si opravdu myslím, že toto by město nemělo schvalovat.",0,4658264f1b9b47c0
jiri-kment,Z9/23,58,"Bc. Jiří Kment: Já tomu samozřejmě, tomuto rozumím, ale tam není prostě žádná jistota, navíc, jak, jak říkám, je to v tom katastru uvedeno jasně, ta zástava tam bude do roku 2034. Takže pravděpodobně nezanikne.",0,4658264f1b9b47c0
jiri-kment,Z9/23,68,"Bc. Jiří Kment: Já bych se chtěl zeptat na 2 věci. První věc, minule jsem tady dával interpelaci, dozvěděl jsem se, že ohledně znečišťování komunikací byla udělena, za poslední 2 roky, pouze 1 pokuta, na ulici Uhelná. Na ulici Poříčí naprosto žádná, i když ten stav tam opravdu není moc utěšený. Chtěl jsem se zeptat, kdo konkrétně, tady na magistrátu, toto má v gesci a na koho se teda, nebo na kterého úředníka se obracet? Případně, jestli na magistrátu někdo provádí nějaké třeba každodenní kontroly tadytěchto nejhůře zasažených míst, kde opravdu jakoby ti stavebníci, nebo ti provozovatelé neplní svoje povinnosti dlouhodobě? Je tam vrstva kamení, hlíny, u okraje prakticky pořád, i když to třeba částečně vyčistí. Na tom Poříčí, tam nejsou řešeny vůbec čisticí zóny, které by měly být právě z tohoto důvodu také čištěny, aby ty náklaďáky se tam z toho bahna, nejhoršího, oklepaly. Takže zajímalo by mě, kdo konkrétně toto řeší a zda je to nějak řešeno, jakoby je tam prováděna nějaká pravidelná kontrola?",2,4658264f1b9b47c0
jiri-kment,Z9/23,69,"Bc. Jiří Kment: Děkuji za odpověď, pane Černý. Ale nemůžu ji bohužel přijmout, protože už i ve stavebním povolení, třeba na tom Poříčí, je definované, že by, jak by to mělo být čištěno, jaké jsou tam ty čisticí zóny. Zhotovitel to prostě nerespektuje, nečistí to dostatečně intenzivně, takže je potřeba prostě toto s, už z úrovně města řešit. Protože potom dochází k opravdu zvýšené prašnosti, je to i nebezpečné, třeba pro jednostopá vozidla, tam najet do toho nepořádku, kdy je tam až třeba 3 cm u, poblíž Riviéry, nebo poblíž toho bývalého, nebo současného takovéhotoho oválu pro ty cyklisty. Ty okraje prostě ty auta nevyčistí. Je opravdu potřeba v tomto jednat s, se zhotovitelem. Chci ale odevřít eště jednu otázku. Čestné pohřebiště na Ústředním hřbitově. Neproběhla tam naprosto žádná rekonstrukce. Tento rok máme 80. výročí ukončení 2. světové války. Opravdu to tam nevypadá důstojně. Nápisy na pomnících jsou nečitelné, schodiště je rozpadlé, všecko špinavé. Takže, požádal bych vedení města, aby se tímto zabývalo, abysme si při oslavách konce 2. světové války neutrhli ostudu.",2,4658264f1b9b47c0
jiri-kment,Z9/23,69,"Bc. Jiří Kment: Já bych se tedy ještě pana Chvátala zeptal. Budou ty práce hotové do konce dubna, aby v květnu bylo možné tam, nějakým důstojným způsobem, konec války oslavit?",0,4658264f1b9b47c0
jiri-kment,Z9/25,24,"Bc. Jiří Kment: Já jsem se chtěl zeptat, proč tadyvtom bodě nebylo zvolena forma aukce, i když teda je pravda, že to chce ten jeden, konkrétní developer, protože i ty odhady byly velmi rozdílné, takže při tom přímém",0,e988b29ad183637c
jiri-kment,Z9/25,47,"Bc. Jiří Kment: No, já bych tu debatu chtěl asi teďka tak nějak vztáhnout k tomu, co je vlastně nejdůležitější. My tady nehospodaříme se svými penězi. My tady hospodaříme s penězi daňových poplatníků. Takže pro nás musí být klíčové, aby ty peníze byly vydávány principem řádného hospodaření. Pokud je tam nějaký, nějaká, nějaké podezření na vydávání peněz, řekněme, příliš, nějak, coby, který by nemusely být vydány, tak je potřeba to zkontrolovat. A ten externí audit, sice se zdá ta cena třeba poměrně vysoká, třeba bude v řádu statisíců, ale když se podíváte dobře do toho materiálu, tak tam možná došlo k zbytečným výdajům v řádu milionů. Takže je to jiný řád. A určitě ten externí audit pomůže, nebo, předpokládám, že pomůže zefektivnit fungování, a ty trhy se tím pádem můžou stát i kvalitnějšími. Protože nebudeu vydávány peníze za to, za co být vydávány nemusí.",0,e988b29ad183637c
jiri-kment,Z9/25,52,"Bc. Jiří Kment: Já bych se chtěl zeptat na 2 věci. První věc je požádat, aby vlastně na 80. výročí ukončení 2. světové války bylo investováno něco do údržby čestného pohřebiště na hlavním hřbitově. Díval jsem se, pořád to není, nevypadá moc reprezentativně. Takže aspoň třea obnovit ty nápisy na těch, nějakých náhrobcích. Aspoň to tam nějak vyčistit, opravit ty základní věci. Druhá věc - obrátili se na mě občané, že vlastně ten nový územní plán, ten, to jeho, ta jeho interaktivní mapa nefunguje tak dobře, jako to bylo v případě toho starého. Že vlastně když si vyberete nějaké, nějakou konkrétní parcelu, tak ne, nezjistíte po kliknutí na tu parcelu, jaké jsou na ní, jaké jsou na ní vlastně regulace. Dřív jste klikli, hned jste zjistili, jak třeba vysoký dům se tam dá stavět, nebo jakou plochu může mít. Dneska to nezjistíte, musíte prohledávat vlastně tu textovou část, někdy se Vám velmi špatně dohledává. Takže jesi toto by nebylo možné nějak upravit? Aby vlastně ta digitalizace lidem přinesla nějaké zjednodušení a nemuseli chodit na stavební úřady, nebo na KAM, a vyptávat se, protože tam, v té interaktivní mapě, nemůžou ty základní věci najít.",0,e988b29ad183637c
jiri-kment,Z9/24,23,"Bc. Jiří Kment: A k tomuto bodu budu mít asi víc věcí. V první řadě se chci zeptat, jesi je součástí materiálu nějaká, oficiální žádost vlastně toho, kdo si to chce koupit, z toho PORG? Protože se mi ji tam nepodařilo najít.",0,0f8748a98e03e9ac
jiri-kment,Z9/24,23,"Bc. Jiří Kment: Já se omlouvám, já tam tu scanu prostě taky nevidím, takže, ale i tak to tam bylo jako nějaké takové, nějaká taková už, jako spíš pozdní, to nebyla prostě ta klasická žádost, kerá by měla jít oficiálně od toho, kdo má právo jednat za tu společnost, podpis, prostě formálně správná žádost. Tam stejně, jako nikde jsem ji tam nenašel. No ale, když budu pokračovat, to je první věc, toto, především musíme si uvědomit, že prodáváme opravdu rozměrný objekt se zastavěnou plochou přes 3 400 m, na opravdu velice lukrativní adrese, přímo na Mendlově náměstí. A chceme tento objekt prodat za, buď 120, nebo dokonce 90.000.000, když se odečte těch 30, co tam prý nainvestovali. Já si opravdu myslím, že v tomto případě, vzhledem k tomu posudku, který jsem si dobře přečetl, by bylo vhodné ještě před prodejem provést nějaký, nechat, nechat udělat nějaký oponentní odhad. Protože ta cena mi připadá opravdu velmi nízká. Navíc se tam pracuje s různými koeficienty, kdy je ta cena uměle snižována, jak snižováním užitečné podlahové plochy, tak na konci prostě to odhadce vynásobí 0,5 a výslednou cenu prostě řekne, že to je komerční cena. Takže určitě tato obrovská budova by si zasloužila, když se bavíme o těchto penězích, minimálně ještě jeden posudek.",0,0f8748a98e03e9ac
jiri-kment,Z9/24,24,"Bc. Jiří Kment: Je mi líto prostě, ale z mého pohledu ten odhad není v dostatečné výši. Prostě jsou tam takové různé věci, které tu cenu snižují. Skoro tady zažívám takové trochu déjà vu, protože úplně stejné argumenty jsem poslouchal, když se tady prodávaly baráky na Nováčkové. Všichni víte, jak to skončilo. Nakonec se zjistilo, že ten odhad skutečně nebyl v pořádku, a oponentní posudek nakonec řekl, že ta cena měla být zhruba dvojnásobná. Takže, opravdu, v tomto případě, když prodáváme takhle zásadně, zásadní budovu, 3 400 m² zastavěné plochy, tak bych opravdu chtěl požádat, aby byl zhotoven oponentní odhad. Protože, nemyslím si, že nás tak moc tlačí čas, aby to nešlo udělat. A v současné chvíli tedy navrhuji tento bod na stažení, s tím, že ho budem projednávat, až bude oponentní odhad.",0,0f8748a98e03e9ac
jiri-kment,Z9/24,25,"Bc. Jiří Kment: No, já už bych chtěl jenom připomenout ostatním zastupitelům, že prostě jsme povinni jednat jako řádní hospodáři. A pokud ten posudek je takto nízký, za tak obří budovu, tak prostě, za mě, to není v pořádku.",0,0f8748a98e03e9ac
jiri-kment,Z9/24,26,"Bc. Jiří Kment: Já se ptám přímo pana Olivy - je to problém, prostě udělat na, na tu cenu druhý posudek? Tlačí nás nějak čas? Jako potřebujeme to zprivatizovat prostě okamžitě, dneska? Jako nepřipadá mi to, jako vzhledem k té vysoké ceně, jako měli by si ti zastupitelé být přece jistí, že je to v pořádku. Tak proč třeba jste okamžitě, když už jste dělali jeden posudek, neudělali třeba i ten oponentní? Třeba někdo z Ostravy, jako třeba na té Nováčkové tenkrát, jako někdo prostě, jako nevázaný k tomu Brnu.",0,0f8748a98e03e9ac
jiri-kment,Z9/24,27,"Bc. Jiří Kment: Hm, já bych v tom případě měl dotaz na pana ředitele, jak to teda budou financovat, když jim banka nepůjčí? A druhá věc, bude tam teda pouze vždycky všechno, všechny místnosti, které tam budou, pouze pro školské využití? Nebo tam plánují třeba i nějaké vestavby, protože tam je velký jakoby prostor pro takovéto věci, třeba potom komerční využití, nebo bydlení?",0,0f8748a98e03e9ac
jiri-kment,Z9/24,28,"Bc. Jiří Kment: Tak snad už naposledy. Prostě, je mi líto, ale, za mě, ta cena je řádově nižší, než by měla být. Třeba připomenu, že v Bystrci jsme nedávno stavěli školku, jednotřídní, stála nějakých 80.000.000. A toto je budova, která má fakt plochu 3 400 m. To není žádná malá budova, jako tam používal pan znalec ke srovnání. Takže, je to na každém zastupiteli.",0,0f8748a98e03e9ac
jiri-kment,Z9/26,17,"Bc. Jiří Kment: My tento bod samozřejmě podpoříme, protože jsme velmi rádi, že se MotoGP vrací do Brna. Na druhou stranu jsem se chtěl zeptat, město Brno dává nějakých 35.000.000, má město Brno nějaký mechanismus, kterým si pohlídá, na co Autoklub České republiky ty peníze využije? Vzhledem k tomu, že Autoklub je značně zadlužená a ne zrovna transparentně hospodařící společnost?",0,e5fe37ddafdb66a3
jiri-kment,Z9/26,27,"Bc. Jiří Kment: Já bych tady jenom chtěl, možná upozornil na nějaký překlep, protože vyúčtování má proběhnout do 21. 11. 2025, a to je stejná doba, do které má být provedena obnova památky. Já si myslím, že to vyúčtování by mělo mít odstup, třeba měsíc, aby se to stihlo zpracovat.",2,e5fe37ddafdb66a3
jiri-kment,Z9/26,29,"Bc. Jiří Kment: No, já bych se chtěl zeptat, první věc, proč tadyztohoto spolku vystoupil STAREZ? Jsem si ten, toho všiml, že místo něj tam je teďka nějaká jiná společnost. A zadruhé, možná by bylo dobré v tom materiálu uvést, kolika těch sportovců, nebo těch bývalých olympioniků, se tadyto přerozdělení tě, té pomoci týká? Kolik jich je v takovém nějakém, špatném finančním rozpoložení? Protože jak jsem se tak díval, tak vlastně to přerozdělení těch peněz spotřebuje víc peněz, než se potom dá těm sportovcům. Takže, je to takové, řekněme, ne moc efektivní. A pokud třeba jsem se díval do Wikipedie, tak v Brně moc tadytěch olympioniků není, to možná je tak 10, možná, maximálně 20 lidí. Tak, možná by bylo dobré i tadyten počet těch lidí, o které se jedná, tam příště uvést.",0,e5fe37ddafdb66a3
jiri-kment,Z9/26,31,"Bc. Jiří Kment: Tady to vlastně přidělujeme takové jako zastřešující společnosti, která pod sebou má další 3 společnosti, které fakticky ty peníze dostávají a podepisují to. Já bych chtěl jenom požádat o kontrolu, protože jedna z těch společností nemá eště za rok 2023 zveřejněnou výsledovku, takže, a v předchozích letech byla zadlužená. Takže, jesi před tím přidělením dotace by toto mohli třeba doplnit?",0,e5fe37ddafdb66a3
jiri-kment,Z9/26,37,"Bc. Jiří Kment: No, mě tady docela zarazily vysoké náklady na opravy těch sociálních bytů, že se tam musí třeba měnit dveře, i včetně futer, za statisíce. Tak jsem se chtěl zeptat, jesi je nějak doložitelné, z Brna-severu, že tam skutečně, jak to má být, podle zákona, prováděli v těch bytech, sociálních, pravidelné kontroly, jesi do ti nájemníci prostě neničí? Protože ty opravy, které se tam provádí, to, podle mě, není možné, aby se stalo prostě za měsíc. To tam museli dlouhodobě ti nájemníci ničit a teď to vlastně má město zaplatit.",0,e5fe37ddafdb66a3
jiri-kment,Z9/26,43,"Bc. Jiří Kment: Já bych se jenom chtěl zeptat, jesi na tom pozemku Brno něco konkrétního plánuje? Protože přece jenom vykupujeme proužek, 10metrový, nějakého pole, za 4.700/m, takže jesi už tam něco konkrétního má být, nebo to by z, nakupujem jenom tak, do zásoby?",0,e5fe37ddafdb66a3
jiri-kment,Z9/26,53,"Bc. Jiří Kment: No, my tady vlastně teďka máme 87) – 91) body, kde vlastně uznáváme vlastnické právo, fakticky vydržení pozemků. Já bych chtěl asi ke všem těm bodům říct, že možná, jesi, se chtěl zeptat, jesi město uvažuje o nějakém systematickém řešení tadytéto problematiky? Protože se to tady vrací každé zastupitelstvo, neustále prostě město přichází o pozemky, které jsou vydrženy, protože někdy v minulosti si to někdo připlotil, městský pozemek ke svému pozemku, po 20 letech prostě zažádá o vydržení. Město tak přichází možná o statisíce, možná o miliony, protože to jsou většinou pozemky v nějakých zastavěných lokalitách. Chtěl jsem se zeptat, jesi město uvažuje o nějakém systematickém řešení tadytéto problematiky?",0,e5fe37ddafdb66a3
jiri-kment,Z9/26,53,"Bc. Jiří Kment: Tak já bych to možná ještě dodal, protože těchto případů budou možná stovky, možná spíš tisíce ve městě, takže asi 1 člověk to zvládat nebude. Je potřeba, aby ta efektivita byla výrazně vyšší. Tak bych chtěl možná panu radnímu navrhnout, jesi by nezvážil využití třeba umělé inteligence, která by mohla ty data tak říkajíc předžvýkat, a ten úředník by potom vlastně jenom kontroloval její výstupy, jesi skutečně se jedná o tento problém, nebo jesi tam ten problém není, a jak je vážný. Takže jenom, abysme prostě tu efektivitu zvýšili a začalo se řešit hnedka, aby zase další pozemky, po těch 20 letech, nespadly tadydotohoto problému a neměli jsme to tady opakovaně, stále.",0,e5fe37ddafdb66a3
jiri-kment,Z9/26,54,"Bc. Jiří Kment: Já bych jenom chtěl ještě doplnit, jenom, že nám skutečně teďka jde o čas. Že jsme tlačení časem. Takže je potřeba tu efektivitu odhalování tadytěch pozemků, kter, kde hrozí to vydržení, skutečně zrychlit a v tom je ta umělá inteligence skvělá. Protože, co můžeme jí dat za data? Máme katastrální mapu a máme vizuálně viditelné hranice pozemků, které tvoří nějaké ploty, nebo nějaké, prostě něco, je to vždycky v tom terénu viditelné. Když si to ten člověk posune, ten plot je jasně vidit, že je prostě uprostřed nějaké parcely. Myslím si, že by to šlo velice jednoduše natrénovat, a tomu úředníkovi, kterého přijmete, by to tu práci značně ulehčilo a hlavně zrychlilo. Protože on sám, kolik udělá denně případů? Možná 10, 20, ale my potřebujeme prostě jich dělat stovky. Aby se to rychle pořešilo a nedocházelo k dalším vydržením.",0,e5fe37ddafdb66a3
jiri-kment,Z9/26,65,"Bc. Jiří Kment: Prvně jsem se chtěl zeptat, proč jsme tento rok nedostali nějaké pozvánky na nějaké akce k, ke konci 2. světové války? Předpokládám, že něco Brno bude organizovat. Druhá věc, konkrétní městské domy, Křídlovická 57, 59, nedávno byly rekonstruovány, ale všiml jsem si, že spodní okna těch domů jsou nyní zatlučena OSB deskami. Tak si říkám, proč u nově rekonstruovaných domů vlastně jsou zaslepená okna? Jesi chystáte nějaké bourání těch domů? Nebo co se s nimi bude dít?",0,e5fe37ddafdb66a3
jiri-kment,Z9/27,14,"Bc. Jiří Kment: Já jsem původně k tomuto bodu nechtěl vystupovat, ale vzhledem k tomu, že jsme řešili například fiasko s výběhem šimpanzů, tak bych se tady chtěl nového vedení zastat, aji té zprávy o stavu zoo, protože tam byly zjištěny skutečnosti, které skutečně jako nesvědčí o dobrém manažerském vedení, minimálně tohoto projektu. Navíc, jak víte, jsem tu už 2. volební období, v tom 1. jsme třeba řešili další projekty, které pan ředitel chtěl v zoo dělat, jedno z nich byla třeba nějaká výstava pohyblivých ještěrů, nebo něco takového. Nebylo to vůbec připravené, jakoby z finančního hlediska, nebylo tam vůbec nic jako, prostě žádná čísla tam nebyla. To se nakonec už v investiční komisi podařilo tento projekt ukončit, že nebyl realizován. Mimochodem, součástí toho projektu měla být výstavba třeba mnoha velkých hal, kde měly tadyty pohyblivé, jakési, no, loutky, být. No, a co se týká té údržby, tak tady skutečně musím potvrdit to, co je napsáno v té zprávě. Byli, byl jsem tam už v 1. volebním období a skutečně ta údržba jako byla naprosto nedostatečná. Třeba, když řeknu pavilon A, to je ten pavilon plazů, tam nahoře, tak, jako já si myslím, podle toho stavu tam neproběhla žádná údržba dalimu, v předchozích 10 letech, na té konstrukci. Je to celé rezavé, nepůsobí to dobře na ty návštěvníky. Teď teprve ta, to vedení zoo se s tím snaží trochu něco dělat. I když je to samozřejmě už problém, protože ta nulová údržba v těch předchozích letech ten stav velice zhoršila. No a, co na to dál říct, no, jako. Myslím si, že to hodnocení je v pořádku.",0,1ac7d00d7789f14d
jiri-kment,Z9/27,24,"Bc. Jiří Kment: Já bych se chtěl zeptat, jesi spíš Brno neuvažuje o nějakém mobilním analyzátoru, nebo třeba i více mobilních analyzátorech, protože, řekněme si to na rovinu, tu největší prašnost v Brně způsobuje provoz několika subjektů, trvale, plus velké stavby, které se provádí na území města Brna. Takže, protože tadytito zhotovitelé prostě nectí žádná pravidla, takže se práší do širokého okolí. Takže by bylo spíše lepší možná mít ty analyzátory mobilní a na ty exponovaná místa, kde se něco, v uvozovkách, děje, je prostě umístit a potom to s těmi provozovateli řešit.",0,1ac7d00d7789f14d
jiri-kment,Z9/27,34,"Bc. Jiří Kment: A já bych se chtěl zeptat, jesi by bylo možné vyčíslit, kromě těchto peněz, kolik ještě Divadlu Bolka Polívky, těmto oboum společnostem, vlastně dávají firmy z Koncernu města Brna? Protože jsem si všiml, že některé mu posílají docela značné částky. Takže jesi by bylo možné nějaké souhrnné vyčíslení?",0,1ac7d00d7789f14d
jiri-kment,Z9/27,36,"Bc. Jiří Kment: Tady bych chtěl jenom možná poznamenat, že ta společnost nezveřejňuje žádné výkazy, což by asi, pravděpodobně měla. A taky, že tato, tento projekt zřejmě duplikuje činnost jiných projektů, které už provádí město Brno, mám takový pocit. Takže jesi je to dostatečně efektivní?",0,1ac7d00d7789f14d
jiri-kment,Z9/29,2,"Bc. Jiří Kment: Chtěl bych navrhnout bod, který jsme právě teď rozdali, na stůl, s názvem Návrh na provedení mimořádné kontroly TIC BRNO, příspěvková organizace. Jesi to můžu rovnou uvéct, nebo stačí takto?",2,af870d56898ecc01
jiri-kment,Z9/29,20,"Bc. Jiří Kment: Asi i ostatní cítí, že toto už tady jednou bylo, akorát se to jmenovalo CD CENTRUM COMS. Takže vlastně znovu začínáme dělat to, co už jsme minule zrušili, někdy. Bylo by možné nějak vyčíslit, kolik nás stála tato, tento záměr, když jsme to řešili právě tím CD CENTRUM COMS? Protože teď to evidentně bude stát další velké peníze, jenom organizace soutěže 8.500.000, takže, a vlastně děláme to stejné, co už jsme jednou ukončili.",0,af870d56898ecc01
jiri-kment,Z9/29,61,"Bc. Jiří Kment: Takže my jsme se rozhodli předložit bod s názvem Návrh na provedení mimořádné kontroly TIC BRNO, příspěvkové organizace. Vlastně určitě víte, že se zabývám, s kolegou Leošem Prokešem, otázkou TIC BRNO dlouhou dobu. Poté, co jsme vlastně obdrželi nějaké takové náměty, tak jsme se rozhodli předložit tento bod, který by vlastně znamenal, že pokud bude schválen, tak odbor kontroly Magistrátu města Brna prověří v TIC BRNO majetek, jestli všechen evidovaný majetek skutečně ještě TIC BRNO vlastní. Takže určitě, jesi se na něco potřebujete zeptat, prosím.",2,af870d56898ecc01
jiri-kment,Z9/29,62,"Bc. Jiří Kment: No, bylo toho řečeno hodně, takže nevím, jesi budu reagovat ve správném pořadí. Za mě je tento bod hlasovatelný. Protože Vy, jako primátorka, můžete prostě změnit, jako zadat prostě, změnit ten plán těch kontrol. Prostě může tam být další kontrola, není to žádný problém. Tento bod se netýká toho auditu, který byl, ten externí audit zpracovávaný. Je tam sice zmíněn ten audit, ale je to prostě",0,af870d56898ecc01
jiri-kment,Z9/29,63,"Bc. Jiří Kment: No, dobře. Já si myslím, že bude nejlepší, když počkáme, až si všichni zastupitelé nastudují tento audit, externí, a potom se o tom můžeme na příštím zastupitelstvu třeba pobavit, už prostě kvalifikovaně. Ale, prosím, nezadávejte nic umělé inteligenci, která pouze provede nějakou nejlepší aproximaci, a ty výstupy můžou být opravdu velmi zkreslené. Je skutečně potřeba si to nastudovat osobně.",0,af870d56898ecc01
jiri-kment,Z9/29,64,"Bc. Jiří Kment: Chtěl bych jenom eště tady znova říct, že, požádat, aby všem zastupitelům tere byl zaslán ten externí audit TIC BRNO, aby příště jsme si měli o čem promluvit. A druhá věc. Byli tady vlastně občané z Podnásepní 2, tak jestli by bylo možné, aby byli zastupitelé informováni o tom, jaké kroky jsou tam činěny, a například, zda ti problematičtí lidé budou nějakým způsobem vystěhováni? Nebo nějaké další kroky, co bych navrhl, třeba nějaké, nějaký čipový zámek na dveře, aby tam prostě",2,af870d56898ecc01
jiri-kment,Z9/29,65,"Bc. Jiří Kment: Já bych k tomu jenom dodal, že problém tadyté dlažby v Brně je taky v tom, že ona je prostě špatně položena. Ty škvíry, pokud jsou takhle obrovské a je to určeno pro projezd, pro pojezd osobními automobily, no tak samozřejmě se to vyláme. To je něco, jako kdybyste zámkovou dlažbu dali 2 cm od sebe. To by prostě nedrželo. Takže, především by si měl asi BKOM ohlídat pokládku tadytěch dlažeb, aby ty kostky, žulové, byly prostě těsně u sebe, aby se nemohly neustále vyvalovat. Protože prostě té prosívky tam dost nebude nikdy, ona se pořád bude vyplavovat, ale pokud ty dlaž, ty kostky, dlažební, budou těsně u sebe, tak ta dlažba nebude takhle rychle degradovat.",0,af870d56898ecc01
jiri-kment,Z9/28,26,Bc. Jiří Kment: Já bych se chtěl jenom ze zajímavosti zeptat. Vykupujeme tady vlastně za 83.000.000 pozemků a pak je budeme měnit s hasiči. Kde ty pozemky těch hasičů jsou?,0,7ac680d41d8d0dd0
jiri-kment,Z9/28,34,"Bc. Jiří Kment: V tomto bodě dochází k poměrně vysokému navýšení prostředků na mzdy, třeba Knihovna Jiřího Mahena plus 4.500.000 na nové pozice. Mě tady zaujal Fundraiser Filharmonie Brno, který z 0,5 úvazku se má zvyšovat na celý úvazek. Chtěl bych se zeptat, jestli jeho činností, jeho činnost přinesla Filharmonii alespoň tu částku, kterou vlastně dělá, dělají náklady na tuto pozici?",0,7ac680d41d8d0dd0
jiri-kment,Z9/28,35,"Bc. Jiří Kment: Takže, kdyžtak, jesi by to šlo nějak zjistit, jestli ten Fundraiser získá z těch soukromých zdrojů alespoň těch 800.000 ročně, což dělají náklady na jeho pozici?",0,7ac680d41d8d0dd0
jiri-kment,Z9/28,43,"Bc. Jiří Kment: Já bych se jenom chtěl zeptat, tadyvtěch smlouvách, vždycky jsou v těch nějaké takové podmínky, které by měly být splněny, není tam ale uvedeno, jestli splněny byly. Jesi by bylo možný to tam třeba příště uvéct? Protože tam se měnily ty firmy, s kterými se vlastně ty smlouvy uzavírají, dělají se tam docela velké změny a není to tam jasně uvedeno.",0,7ac680d41d8d0dd0
jiri-kment,Z9/28,47,"Bc. Jiří Kment - požádal o společné hlasování o bodech 74) a 75), dále o bodech 76) - 81) a nakonec společné hlasování o bodech 82) - 87).",2,7ac680d41d8d0dd0
jiri-kment,Z9/28,87,"Bc. Jiří Kment: Vzhledem k tomu, že neustále privatizujem nějaké bytové jednotky, tak bych se chtěl zeptat, kolik bytů bylo Brnem postaveno za toto volební období, to znamená od roku 2022? A kolik bytů bylo za stejnou dobu privatizováno, a to včetně těch, které byly, kde byly celé bytové domy vystěhovány a prodány developerovi? A ještě druhý dotaz, kolik právníků, případně advokátů, mají jednotlivé odbory Magistrátu města Brna a společnosti v koncernu města Brna? Stačí počet úvazků. A také kolik externích právníků nebo advokátů si tito najímají? A pokud to je možné vyčíslit, tak i náklady na ty vlastní právníky a na ty externí.",0,7ac680d41d8d0dd0
jiri-kment,Z9/28,88,"Bc. Jiří Kment: Hm, děkuji. Mně jde čistě o to srovnání, protože vím, že se tady třeba privatizovaly ty bytové domy, tady poblíž Zvonařky, tu každý, každé zastupitelstvo se privatizují nějaké bytové jednotky. Takže jde mi čistě o to srovnání, protože vlastně jste měli v programu, že budete navyšovat počet obecních bytů, tak jestli se to daří?",0,7ac680d41d8d0dd0
jiri-kment,Z9/30,29,"Bc. Jiří Kment: Já jsem se chtěl zeptat, jesi se Vám podařilo najít účetní závěrky společnosti, které ty peníze dáváme? Protože mně se podařilo najít poslední, z roku 2022, a myslím si, že podmínkou tadyté dotace by mělo být, že společnost řádně vkládá účetní závěrky do veřejných, tam, kde se to, na to můžeme podívat. Další věc, je to nějakých 6.100.000 na překladatelské služby pro nějaké, zřejmě migranty, kteří do Brna přichází. Není tam specifikováno, z jakých jazyků se překládá, kdo vlastně to dělá, protože ta společnost žádné zaměstnance nemá. Takže, za mě, je tam málo informací v tom bodě a chtěl bych se zeptat, esi teda někdo, řekněme, z právního oddělení, esi dokáže najít ty účetní závěrky?",0,b92d222bc5bd1312
jiri-kment,Z9/30,29,"Bc. Jiří Kment: Tak když už tu pana z Expat Centre máme, tak bych se zeptal, o jaké cizince …",0,b92d222bc5bd1312
jiri-kment,Z9/30,29,"Bc. Jiří Kment: Jo. Dobře. Díky. Takže o jaké cizince se jedná? Jesi máte tyto informace? Protože si myslím, že pokud jsou to skutečně expati, tak by si ty překladatele možná mohli zařídit nějak sami, nebo to nějak po, vyřešit sami a nemuseli bysme za to platit 6.100.000.",0,b92d222bc5bd1312
jiri-kment,Z9/30,30,"Bc. Jiří Kment: Je mi líto, já k tomu eště teda dodám, protože, poslední věc. Pokud ti lidé, kteří sem takhle přichází, se nenaučí česky, tak prostě se do té společnosti nezačlení. Vy vlastně jim takhle umožňujete, aby se česky učit nemuseli, fakticky z nich děláte takové, ty digitální nomády, kteří přijdou do Brna, potom zase odejdou třeba do Německa, nebo někam, kamkoliv jinam. Tomuto já neříkám začlenění. A navíc, skutečně, pokud se jedná o expaty, o lidi, kteří tvoří vysokou přidanou hodnotu, tak si myslím, že tyto služby si můžou zařídit sami. A nemusíme to platit my, z daní občanů.",0,b92d222bc5bd1312
jiri-kment,Z9/30,31,"Bc. Jiří Kment: Já si myslím, že město by se mělo chovat předvídatelně a transparentně vůči všem. Takže v tomto případě bych zkusil navrhnout stažení bodu.",0,b92d222bc5bd1312
jiri-kment,Z9/30,33,"Bc. Jiří Kment: A já jsem se pouze chtěl zeptat, není tam důvod prodloužení tadyté realizace? A pokud to bylo třeba kvůli dodavateli, jesi tam proti němu byla dána nějaká penalizace, třeba daná smlouvou?",0,b92d222bc5bd1312
jiri-kment,Z9/30,35,"Bc. Jiří Kment: Tato věc, ta už se nám tady vrací docela dlouhou dobu, co si pamatuji, už byla v minulém volebním období, kdy se tam, kdy tam bylo záměr stavět jakousi obří betonovou zeď, za těmi baráky. Já bych řekl to takhle. Kamenná kolonie má nejvyšší hodnotu v tom geniu loci, který tam je a který, si myslím, že by mohl být stavbou nějakých těchto opatření výrazně poškozen. Protože, co jsem si přečetl, mají tam být nějaké šílené sítě, ploty. Takže je otázka, jak to následně bude vypadat. Chtěl jsem se taky zeptat, jesi teda to někdo projednával s těmi lidmi, kteří tam bydlí, nebo kteří tam mají ty nemovitosti? Protože třeba když se řešila, řešilo osvětlení té stezky, co vede od Kamenné kolonie k Riviéře, tak místní byli výrazně proti. Je to i nesmysl z hlediska toho, že tam třeba v zimě přespávají ti ptáci, jak jsme tady už řešili kvůli lanovce, ale stejně to prostě město prosadilo, i přes odpor lidí, kteří tadyvté Kamenné kolonii proti tomu dokonce sepsali petici. Takže jsem se chtěl př, primárně zeptat, jesi tento záměr byl nějak projednáván a jak se dotkne toho genia loci Kamenné kolonie?",0,b92d222bc5bd1312
jiri-kment,Z9/30,35,"Bc. Jiří Kment: O to právě nám šlo. Aby se nějak vyvážila ta, jakoby cíl, aby to tam bylo bezpečnější, ale aby se nezničilo to prostředí.",0,b92d222bc5bd1312
jiri-kment,Z9/31,15,"Bc. Jiří Kment: Já bych jenom chtěl zareagovat na to, co jsem tady slyšel o těch obecních bytech. Protože my jsme podávali interpelaci a podle té to vypadá, že se zatím ani jeden obecní byt nepostavil, nový. Co se týká té Bystrce, tam předpokládám, že bylo mluveno o vlastně obecních bytech v bytovém domě pro seniory. To znamená v novém domově důchodců, který se tam staví. Ale to nejsou běžné obecní byty. Takže, nevím, esi to do toho přímo počítat.",2,be8083cfb4f00a99
jiri-kment,Z9/31,16,"Bc. Jiří Kment: Já bych jenom eště chtěl požádat, jesi by v té zprávě paní Podivinské o těch obecních bytech, nových, mohlo být dodáno třeba eště, kolik těch obecních bytů jsme vlastně ročně zprivatizovali? Protože to tady je na každém zastupitelstvu. Někdy se dokonce privatizují nebo prodávají i celé bytové domy, pokud na ně developer ukáže, že si tam chce postavit něco jiného. Takže takto. A ještě možná, jaké jsou počty momentálně neobsazených obecních bytů? Protože mám zprávu, že to jsou vyšší stovky, a také by tam mohl třeba někdo bydlet, řekněme, i třeba bez nějaké drahé rekonstrukce.",0,be8083cfb4f00a99
jiri-kment,Z9/31,67,"Bc. Jiří Kment: Jenom 2 drobnosti. Chtěl bych se zeptat, jesi by bylo možné vyčíslit, jaké byly náklady na zřízení kvetoucích pásů na Nových sadech, protože se teď o nich znova mluví, a jaké jsou roční náklady? A druhá věc, pan Kratochvíl tady zmínil, že se bude nějak přestavovat ulice Veveří, tak se chci zeptat, jesi se bude jednat o nějaké, takové to zklidnění, až téměř umrtvení, anebo to zůstane alespoň tak, jak je to teď? Protože se jedná o důležitou tranzitní komunikaci.",0,be8083cfb4f00a99
jiri-kment,Z9/32,19,"Bc. Jiří Kment: Já bych se jenom chtěl zeptat, pokud je tu někdo z Vinohrad, slyšel jsem, že vlastně důvodem, proč Vinohrady nemají na opravy, tak jsou velmi nízké nájmy, které dělají nějakých 40-70 Kč/m2. Chtěl bych se zeptat, jesi je to pravda? Protože pokud jsou ty nájmy takto nízké, tak skutečně chápu, že není na opravy městských bytů.",0,f2d978b02f87f5fa
jiri-kment,Z9/32,20,"Bc. Jiří Kment: Já bych jenom tady chtěl říct, že městská část Brno-Bystrc nechce tento pozemek prodávat. Myslíme si, že stačí pronájem. Chtěl bych požádat zastupitele, aby nehlasovali pro tento prodej, protože to bude zbytečný precedent v této lokalitě.",0,f2d978b02f87f5fa
jiri-kment,Z9/32,28,"Bc. Jiří Kment: Já bych jenom se chtěl zeptat, esi by nám to tady někdo mohl uvést? Protože to je velice složitý bod. Jsou tam nějaké soudy, probíhající. Chtěl bych vědět, jsou tam vlastně 2 varianty, jakou šanci prostě máme v obou těch variantách?",0,f2d978b02f87f5fa
jiri-kment,Z9/33,12,"Bc. Jiří Kment: My jsme si chtěli osvojit návrh občanky, který zde přednesla, bohužel jsme zjistili, že je nehlasovatelný. Proto bych chtěl navrhnout jiné usnesení zastupitelstvu, ve znění: „Zastupitelstvo města Brna prohlašuje, že nepodporuje sjezd Sudetoněmeckého landsmanšaftu v Brně, ani demonstrativní pochod z Pohořelic do Brna“. Tento návrh mám písemně a prosím, aby byl zastupitelstvem ohla, odhlasován.",2,91c18ad4dbe746da
jiri-kment,Z9/33,12,"Mgr. René Černý, 1. náměstek primátorky: Já jenom si nejsem jistý, jestli tyto Vaše příspěvky patří do bodu č. 2), který je určen pro podněty občanů. A dovolte mi, abych vzhledem k návrhu, který předkládá pan zastupitel, Jiří Kment, to znamená, že navrhuje, navrhuje ut, usnesení pro Zastupitelstvo města Brna, tak abych vyhlásil přestávku pro poradu předsedů všech politických klubů. Děkuji. Přestávka bude trvat 15 minut.",2,91c18ad4dbe746da
jiri-kment,Z9/33,12,"Bc. Jiří Kment: Vzhledem k tomu, že to, co jsme podali, vlastně bylo jenom návrh usnesení, tak bych teďka chtěl podat návrh na zařazení bodu ve znění: „Zastupitelstvo města Brna podporuje, nebo nepodporuje",2,91c18ad4dbe746da
jiri-kment,Z9/33,13,"Bc. Jiří Kment: No, pane předsedající, jde o to, že tady máme opravdu velkou skupinu občanů. Myslím si, že mají právo prostě bez nějakéhokoliv zdržování slyšet, jak se k této otázce staví zastupitelé města Brna. Nemá cenu to zdržovat, všichni víme, co tady Meeting Brno chce pořádat, program je veřejně známý. Někdo hlasoval pro dotaci pro Meeting Brno, někdo proti dotaci. Zahlasujme si. Ať občané ví, na čem jsou.",0,91c18ad4dbe746da
jiri-kment,Z9/33,14,"Bc. Jiří Kment: Dobře. Děkuji. Děkuji. Můžu teda pokračovat, pane předsedající?",0,91c18ad4dbe746da
jiri-kment,Z9/33,14,"Bc. Jiří Kment: Já si myslím, že ten bod, který jsem navrhl k zařazení, je naprosto jasný, neobsahuje žádné právní kličky, žádnou vatu, žádné nesmysly okolo, které, kterých by se pak někdo mohl chytat. Prostě je o tom, jestli teda podporujete, nebo nepodporujete sjezd Sudetoněmeckého landsmanšaftu v rámci akce Meeting Brno, v květnu 26, v Brně. Nic jiného tam není. Je to prostě jasně definované. Vyjádřeme se k tomu. Hlasujte tak, jak uznáte za vhodné, nebo se zdržte, ale vyjádřeme se k tomu.",2,91c18ad4dbe746da
jiri-kment,Z9/33,18,"Bc. Jiří Kment: … je to tak. Ten první totiž, to byl vlastně návrh usnesení, toto je návrh bodu. Takže ano. Ten druhý, druhý návrh.",2,91c18ad4dbe746da
jiri-kment,Z9/33,19,"Bc. Jiří Kment: Samozřejmě, co se týká podporuje/nepodporuje, tak vyberte jednu variantu, budeme hlasovat o jedné, nebo druhé variantě.",0,91c18ad4dbe746da
jiri-kment,Z9/33,35,"Bc. Jiří Kment - požádal o samostatné hlasování o bodech 39), 40) a 46).",2,91c18ad4dbe746da
jiri-kment,Z9/33,51,"Bc. Jiří Kment: Já bych jenom chtěl připomenout, že Odbor dopravy v tomto bodě nedoporučuje prodej, protože je to kus silnice.",0,91c18ad4dbe746da
jiri-kment,Z9/33,81,"Bc. Jiří Kment: Já bych chtěl požádat Odbor dopravy, zda by třeba 1x týdně nemohli vyjet na silnice, především v okolí velkých staveb, nebo developerských projektů, protože všude na těch silnicích se objevuje hlína, štěrk, písek a je to opravdu nebezpečné. Vzhledem k tomu, že teď začínají třeba jezdit i motorkáři, tak je fakt potřeba se tomu věnovat a těm znečišťovatelům ty pokuty dávat. Protože nemají, co jsem tak viděl po Brně, žádnou snahu ty silnice čistit.",0,91c18ad4dbe746da
jiri-kment,Z9/34,2,Bc. Jiří Kment navrhl zařazení dvou nových bodů na program Zastupitelstva města Brna s názvy:,2,75ba75c42ae44f62
jiri-kment,Z9/34,2,Bc. Jiří Kment požádal o zařazení dvou nově navržených bodů před bod 3).,2,75ba75c42ae44f62
jiri-kment,Z9/34,9,"Karel Chole: No jenom takovou mírně technickou poznámku k Vašemu jednání. V rámci dvou schválených bodů, kerý jste neschválili, co navrhoval Jiří Kment, tak Vám chci jenom říct tuhle poznámku. Ti, co hlasovali pro neschválení a zrušení toho zařazení těchhle dvou bodů, tak jste obyčejní vlastizrádci. A Vy, co jste se zdrželi hlasování, anebo jste nehlasovali vůbec, tak jste taky vlastizrádci, a navíc zbabělci k tomu! Takže tohle Vám chcu vzkázat. A jinak.",0,75ba75c42ae44f62
jiri-kment,Z9/34,11,"Bc. Jiří Kment: Jenom krátce bych chtěl panu Zemkovi připomenout, že to, že na té druhé části Moravského náměstí můžou lidé trávit volný čas, je právě zásluhou toho, že tady 23 000 Rudoarmějců zemřelo při osvobozování Brna. Takže odstranění památníku je opravdu mimořádně nevhodné.",0,75ba75c42ae44f62
jiri-kment,Z9/34,29,"Bc. Jiří Kment: Děkuji paní primátorce, že mluvila tak hezky, smířlivě a politicky korektně. Souhlasím s tím, dívejme se do minulosti, do budoucnosti, ale nesnažme se zároveň přepisovat minulost, a ještě u toho tak trochu měnit, co se vlastně stalo. Když se podívám tady na to usnesení, které vlastně koalice nám tady předložila, je zde napsáno například, že bereme na vědomí skutečnost jednoznačné vyjádření týkající se nedotknutelnosti Benešových dekretů ze strany Sudetoněmeckého krajanského sdružení. To jsme prokázali, že není tak úplně pravda, protože ve svých dokumentech pořád chtějí Benešovy dekrety revidovat a k této otázce se vracet. Dále je tu napsáno připravenost Sudetoněmeckého krajanského sdružení k pokračování dialogu vedoucího ke smíření a porozumění mezi národy. My máme s Německem naprosto standardní mezinárodní vztahy, takže nabízí něco, co už fakticky existuje. Proto jsem se rozhodl na základě návrhu občanů a Obrany národa 2 vlastně zde dát protiusnesení, které za okamžik předám v písemné formě. Nyní bych ho přečetl. „Zastupitelstvo města Brna nesouhlasí s konáním 76. Sudetoněmeckého sněmu na území statutárního města Brna ve dnech 22. až 25. května 2026. Považuje konání akce za nevhodné, provokativní a necitlivé vůči obětem nacistické okupace, druhé světové války a jejich pozůstalým. Konstatuje, že Sudetoněmecké krajanské sdružení je historicky spojeno s požadavky směřujícími ke zpochybňování poválečného uspořádání a právních aktů Československa, včetně Benešových dekretů. Důrazně odmítá jakékoliv snahy o relativizaci viny nacistického režimu a následků druhé světové války. Vyzývá organizátory, aby od konání této akce na území statutárního města Brna upustili. Schvaluje výpověď smlouvy o poskytnutí individuální investiční dotace uzavřené se spolkem Meeting Brno. Ukládá Radě města Brna zajistit bez zbytečného odkladu podání výpovědi této smlouvy a realizovat veškeré kroky vedoucí k pozastavení vyplácení zbývajících částí dotace“. Děkuji, předložím písemně.",2,75ba75c42ae44f62
jiri-kment,Z9/35,36,"Bc. Jiří Kment: Já bych se tady jenom chtěl ujistit, my jsme jim tedy dali dotaci a oni ještě vůbec ani nemají stavební povolení, je to tak?",0,0e845920a9ca9f72
jiri-kment,Z9/35,39,"Bc. Jiří Kment: Je to docela objemný materiál, já bych to chtěl zkrátit, jestli jsem to správně pochopil. Statutární město Brno tedy vloží do této akce pozemek zdarma, financuje výstavbu, což bude nějaké 2 miliardy korun zhruba, co jsem tak slyšel, vznikne 150 lůžek a Jihomoravský kraj si to začlení do svého systému a bude o nich rozhodovat, je to tak?",0,0e845920a9ca9f72
jiri-kment,Z9/35,40,"Bc. Jiří Kment: Rozhodně nezpochybňuji přínos zařízení, pouze kdyby to bylo možné odhadnout, jak se k dnešnímu dni pohybují předpokládané náklady na tento projekt.",0,0e845920a9ca9f72
jiri-kment,Z9/35,43,"Bc. Jiří Kment: Já jsem se tady na to díval, takže to znamená, že zhruba 20 let je tady nelegální stav, kdy to společenství vlastníků není zapsáno v obchodním rejstříku? Děkuji.",0,0e845920a9ca9f72
jiri-kment,Z9/35,43,"Bc. Jiří Kment: Já se na to ptám z toho důvodu, že mi není jasné, proč to město si to nějak neohlídalo, protože je to jeho majetek, že jo, takže je mi to takové zvláštní. Děkuji.",0,0e845920a9ca9f72
jiri-kment,Z9/35,45,"Bc. Jiří Kment: Já jenom takovou drobnost, možná je tam na straně 5/17 druhý odstavec drobná chyba v letopočtu. Je tam napsáno dobyly účinnosti 26. 11. 2024 až, a je to opět rok 24, ale zřejmě by tam měl být rok 26. Takže jenom, jestli to někdo může pro jistotu zkontrolovat. Děkuji.",0,0e845920a9ca9f72
jiri-kment,Z9/35,59,Bc. Jiří Kment - požádal o samostatné hlasování o bodu 100) a 102).,2,0e845920a9ca9f72
jiri-kment,Z9/35,60,"Bc. Jiří Kment: V tomto bodě, pokud ho přijmeme, hrozí opravdu nebezpečný precedent, protože vyměňujeme pozemek, který potřebuje Ředitelství silnic a dálnic pro výstavbu obchvatu, za městský byt. Tam je těch problémů víc, vaše koalice se dohodla, že bude zvyšovat procentuální počet městských bytů v Brně, bylo to nějakých 15 %, zvýšilo se to na 12 %, tedy spíše snížilo. Je to i nebezpečné v tom, že vlastně teď každý, kdo by chtěl s městem něco směňovat, tak si může říct, že za to bude chtít městské byty. A to opravdu si myslím, že není v pořádku, protože městských bytů není dost a bylo by lepší, kdyby jich bylo ještě víc, než je teď. Ale je to i z dalšího pohledu jako špatné, protože, a to tady kritizuji opakovaně, je skvělé, že město Brno se snaží urychlit výstavbu velkého městského okruhu, ale za jakou cenu? Pokud ti vlastníci to nechtějí prodat, tak by to město mělo prostě předat tomu ŘSD, ať si to dořeší sami, protože ŘSD může tento pozemek vyvlastnit. Město Brno to udělat nemůže, takže se vlastně zbavuje tímto nesmyslným způsobem lukrativních pozemků, které jsou takto vyváděny z majetku úplně zbytečně. Není to nutné. A v tomto případě je vyveden z majetku i městský byt, děkuji.",0,0e845920a9ca9f72
jiri-kment,Z9/36,19,"Karel Kočí: Dobrý den, moje jméno je Karel Kočí a jsem tu kvůli interpelaci ohledně sjezdu sudetského landsmanšaftu. Dostal jsem tady jako nějakou odpověď. Ta odpověď absolutně neodpovídá vůbec tomu, co jsem po Vás žádal. To znamená, jako, jaký je zájem českého národa, občana, na konání Sudetoněmeckého landsmanšaftu v Brně? Bylo mně odpovězeno, bla bla bla, tady nějaký řeči, že Sudetoněmecký landsmanšaft je akce, kterou pořádá soukromej subjekt Meeting Brno, přitom všichni se politicky tady za to postavili, samozřejmě včetně pana prezidenta na hradě, takže o nějakym dobročinné akci nemůže být řeči. Je to čistě politická akce. A pak jste mně poslali, že jednoznačné vyjádření týkající se nedotknutelnosti Benešových dekretů ze strany Sudetoněmeckého landsmanšaftu, že jste vzali na vědomí 14. dubna 2026, jo. A že skutečnost, že Zastupitelstvo města Brna bylo dne 19. května 2015 schválena Deklarace smíření a společné budoucnosti. Tak bych Vám rád řekl, že zaprvé zadarmo jste drazí tady, protože vůbec nečtete a nemáte informace, anebo to děláte teda schválně. Tadydle zde je zásadní prohlášení Sudetoněmeckého krajanského sdružení z roku, teda z 28. února 2015, jo. A teď Vám přečtu, to je přímo jako originál, odstavec 4. Naše úkoly a cíle. Sudetoněmecké krajanské sdružení usiluje o to, aby se Česká republika zrušila platnost i nadále účinných dekretů, zákonů o nařízení vydaných v letech 1945-1946 prezidentem republiky, vládou nebo parlamentem tehdejšího Československa, které nařizovaly, respektive legalizovaly skutkový stav bezpráví, kolektivní zbavení práv, vyvlastněním, nucené práce, vyhnání a vraždy. Jo, takže v podstatě není to nic jiného, než Vy jste schválili to, aby byly zrušeny Benešovy dekrety. A aby to bylo úplně aktuální, tak tadydle máme originál teďka Mladé fronty z 12. května, tady to můžu ukázat, přímo Bernd Posselt, šéf Sudetoněmeckého landsmanšaftu, jasně říká, s dekrety nemohu souhlasit. Takže jak Vy vlastně jednáte? Jednáte v zájmu českých občanů? Nejednáte, určitě. To znamená, Vy jste v podstatě kolaboranti, protože kolaborant je ten, který jedná proti zájmu svých voličů. Je to tak? A ještě něco Vám řeknu. Já jsem si tady připravil to, co jsem tady, já jsem tady byl už třikrát, čtyřikrát, paní Vaňkovou rád vítám v práci teda, že ju tady vidím. A tadydle mám originál toho, co jsem zde říkal minule, abyste viděli, že to skladuju a že to vnímám jako obrovské bezpráví a zradu na českém národu napříč politickým spektrem. To znamená, to se týká tady těch liberálně-progresivických stran. Jediná strana, která se toho zastala, byla SPD, tady pan Jiří Kment, kterej opravdu otevřel tuto závažnou věc, která se netýká tady nějakýho kopání do balónu, ale historie a budoucnosti českého národa. Takže to nejsou žádné kšefty, to jsou prostě budoucnost, budoucnost národa jako takového. A ještě Vám přečtu jednu věc, když dovolíte, jsem trošku indisponovaný, jak Jan Žižka, ale já věřím, že to zvládnu. Takže toto byly historie.",2,597f2a8effabe498
jiri-kment,Z9/36,25,Bc. Jiří Kment: Děkuji. My bychom si rádi tento návrh občana osvojili a dáme písemně návrh na usnesení. Děkuji.,2,597f2a8effabe498
jiri-kment,Z9/36,38,"Bc. Jiří Kment: Děkuji. Víte, jak to tady poslouchám, tak vlastně je tady taková základní věc. Kdo chce, ten hledá možnosti, a kdo nechce, ten hledá důvody. Já mám pocit, že prostě vedení města hledá důvody, proč tady tu stavbu neustále oddalovat, zdržovat, až prostě pan xxxxxxx ztratí zájem a prostě se na to tady s prominutím vykašle. Protože to je prostě, buď je to totální nekompetentnost, anebo je to záměr. Já bych chtěl říct, že to, co říkal pan Hladík, určitě jsou otázky, které jsem taky chtěl podat. Máme tady dokonce rozporné odpovědi, že město si objednalo posudek ceny se zohledněním všech relevantních skutečností. Odhadce říká, že to tam nemělo být. Takže co se to tady děje? Jako tak. Já říkám, že ten posudek ceny, který si objednalo město, je prostě špatný. Je naprosto prostě neakceptovatelný. Že by za něj ani město nemělo platit. Protože to hrozně připomíná z minulého volebního období, jestli si vzpomínáte, když Brno prodávalo panelák na Ibsenové. Fakt mě to normálně teďka úplně se vrátilo jako takové déjà vu, kdy město se snažilo prodat panelák na Ibsenové a nechalo si udělat fakticky cinknutý znalecký posudek, to už teď můžu říct, a tam byla cena za metr asi 30 000, jo, v tom paneláku. Ten posudek jsem tady rozporoval, hádal jsem se tady s panem odhadcem, říkal jsem mu, že přece nemůže panelák odhadovat do srovnání dávat nějaké baráky mokré, které jsou na demolici. Že to prostě nejde. Takhle jsem se s ním tady hádal, vy jste tady na mě syčeli, že přece nemůžu rozporovat znalecký posudek. Můžu. A pak se ukázalo, že ten posudek byl naprosto špatný, protože se nechal udělat nový posudek od nějaké ostravské vysoké školy, nebo odkud to bylo. Ten byl asi dvakrát nebo třikrát vyšší, samozřejmě, co se týká té ceny toho paneláku. No samozřejmě, protože už to porovnávali prostě s relevantními nemovitostmi. No a teď jsme vlastně ve stejném okamžiku, jako jsme byli u té Ibsenové, no. Tam jenom připomínám, že to pak skončilo trestním stíháním některých i politiků, některých úředníků tady na magistrátu, myslím i toho soudního znalce, protože tam šlo opravdu o stovky milionů. No a teďka jsme tady vlastně znova. No tak máme tady posudek, který je naprosto o ničem, který sice tam má nějaké koeficienty, ale vůbec ta cena prostě určená tímto znaleckým posudkem je nesmysl. A od tohoto se odpichujete a chcete, aby to ten zájemce zaplatil. Jo, jedná se tady o nějakých 200 milionů, řekněme, což vzhledem k té investici obrovské, která tady má být z těch soukromých peněz, tak je taky naprosto irelevantní. Přece kdybyste to chtěli nějak rozumně teda ukončit, tak řeknete: ""No dobře, nemůžeme započítat náklady na demolici, no tak prostě město tu demolici uhradí."" I tak se to tomu městu vyplatí, protože prostě on tady zainvestuje nějaké třeba 2 až 3 miliardy do té stavby. Jo, takže uvažujme prostě pragmaticky, nesnažme se to zdržovat, protože všichni víme, že tam už je nějaká studie, která to tam chce komplet zastavit bytovými domy a jediná zelená plocha, která tam má zůstat, tak je právě to místo po tom stadionu. Takže opravdu nechoďme touto cestou, netvařte se teda, že to jako by chcete posouvat dál, když to vypadá podle té nekompetentnosti, co tady vidím, že to teda asi dál posouvat nechcete. Jo dohodněme se, pokud je problém s tou cenou té demolice, že to nemůžeme tam započítat, no tak ať to zdemoluje město na své náklady, ale ať už se to konečně začne stavět. Děkuji.",0,597f2a8effabe498
jiri-kment,Z9/36,40,"Bc. Jiří Kment: Děkuji. Já bych chtěl ještě teda znova vyzvat pana odhadce, aby nám tady znova teda to nějak vysvětlil, protože tady je zásadní rozpor v tom, co vlastně říká město a co říká pan odhadce. To znamená, jestli tam teda měl zohlednit ty všechny relevantní skutečnosti, anebo neměl. Děkuji.",0,597f2a8effabe498
jiri-kment,Z9/36,41,"Bc. Jiří Kment: No, chci říct, že to je odpočinek, který jsem ani nechtěl, protože pan Černý mi vzal slovo dřív, než jsem stihl dokončit vlastně to, co jsem tady chtěl říct, proč jsem řešil ten posudek. Jde o to, že vlastně ten posudek, který vypracovalo město, na něj se vztahuje tzv. presumpce správnosti posudku. Ale ve chvíli, kdy vlastně pan odhadce tady řekl, že ten posudek dělal jiným způsobem, než bylo městem požadováno, tak my můžeme tuto presumpci správnosti tím pádem zrušit, posudek nebrat na vědomí, tím pádem jediný posudek bude pana xxxxxxx a posuneme se okamžitě o velký kus dál. Není to tak? Děkuji.",0,597f2a8effabe498
jiri-kment,Z9/36,42,"Bc. Jiří Kment: Já se tedy zkusím zeptat jinak. Můžeme prohlásit ten posudek města Brna v tuto chvíli za chybný, když pan odhadce řekl, že ho dělal na základě jiných požadavků, než bylo městem deklarováno? Můžeme ho prohlásit za chybný, abychom ho prostě zrušili a už se tímto posudkem města, touto vysokou cenou, dál nezabývali?",0,597f2a8effabe498
jiri-kment,Z9/36,44,"Bc. Jiří Kment: Děkuji, už jenom krátce. Mým cílem je prostě, aby se tady ta výstavba stadionu maximálně rychle pohnula dopředu. Pokud budeme zase dělat nějaké revizní posudky, bude to trvat dlouho. Proto opakovaně říkám, že ve chvíli, kdy z vyjádření pana odhadce je zřejmé, že padla presumpce správnosti posudku města Brna, měli bychom tento posudek prostě přestat brát v úvahu a řídit se jediným posudkem, který v současnosti máme a u kterého ta presumpce správnosti nepadla, a to je posudek",0,597f2a8effabe498
jiri-kment,Z9/36,45,"Bc. Jiří Kment: No tak procesní postup. Pan odhadce jasně řekl, že ten posudek vypracovával na základě jiných požadavků, než tvrdí město, že na něj na ten posudek mělo. Takže tady dochází k nějaké zmatečnosti a tím pádem ten posudek prostě nemůže být správný.",0,597f2a8effabe498
jiri-kment,Z9/36,93,"Bc. Jiří Kment: To se jedná o ten bod, kde jsme vlastně teďka dostali ten dodatek, jestli se nepletu, tu druhou nabídku té firmy Pandora, je to tak? Nebo Randora?",0,597f2a8effabe498
jiri-kment,Z9/36,93,"Bc. Jiří Kment: A proč v tomto případě teda, když je to vlastně pozemek, který je běžně přístupný ze dvou stran, proč se to má prodávat jakoby přímým prodejem, navíc ještě zájemci, který nenabídl nejvyšší částku? Proč to nejde třeba do nějakého aukce, aby město skutečně získalo komerční cenu za ten pozemek?",0,597f2a8effabe498
jiri-kment,Z9/36,95,"Bc. Jiří Kment: No, mně jakoby není úplně jasný, o čem se tady bavíme. My přece musíme řešit všecko jako řádní hospodáři, a pokud tady je nějaká jiná firma, která za stejný pozemek nabízí výrazně vyšší cenu, tak jak to můžeme prostě odhlasovat, že to přímým prodejem prodáme firmě, která nabízí nižší cenu? Já tomu jako nerozumím, jestli, toto prostě nemůže být v pořádku. A navíc, opravdu to město Brno potřebuje tak nutně prodat? Opravdu to tam nemůžou postavit bez tohoto pozemku? Dyť víte, jak to bylo teďka na Kamenným vrchu, my jsme tam začali stavět, neměli jsme pozemky, trvalo to 10 let, než se to vyřešilo. Tady pozemky máme, prostě se jich zbavujeme za nějakou dumpingovou cenu. Podle mě to prostě není v pořádku. Děkuji.",0,597f2a8effabe498
jiri-kment,Z9/36,95,"Bc. Jiří Kment: Jako já na té dumpingové ceně prostě musím trvat, protože dobře víte, jak to vypadalo třeba na Milady Horákové, kde se město rozhodovalo prodat dva takové zdevastované bytové domy. Odhad byl 31 milionů. V dražbě se to prodalo za 131 milionů. Takže tam byl nárůst zhruba čtyřnásobný. A myslím si, že v případě takto lukrativních pozemků by ten nárůst mohl být i tady.",0,597f2a8effabe498
jiri-kment,Z9/36,99,"Bc. Jiří Kment: Je mi líto, ale já už tohle fakt nemůžu dál poslouchat jako. Pán tady má málem nad hlavou svatozář, ale jaksi opomněl říct, že vlastně ty protipovodňovky se dělají kvůli těm developerům, aby to jižní centrum mohli zastavět. To není primárně kvůli městu, to je kvůli těm developerům, oni by tam jinak prostě nemohli stavět. My jsme ty protipovodňovky zaplatili a v těch výměnách mezi náma, to teda na tom město taky zrovna nevydělalo, protože třeba do výměny šel taky ten dům na Dornychu nebo ty dva bytové domy, taky, prostě úplně cena jako, která by v dražbě byla výrazně vyšší. No, klidně tady neposloucháte to rádi, ale prostě tak to je.",0,597f2a8effabe498
jiri-kment,Z9/36,99,"Bc. Jiří Kment: To nejsou litánie. To je prostě o tom, že víte, jak jsme přišli o pozemky v jižním centru v minulosti a teď přicházíme o ten zbytek. A takovýmhle dost jakoby fakticky na tajňačku nám tady předložíte bod, o kterým se vlastně původně vůbec nemělo debatovat a měli jsme přijít o dalších 3 000 metrů. Za nějakých 27 000 za metr. Pohoda, no. Jo, smějte se, v pohodě, jako není problém, ale prostě takhle se nehospodaří s majetkem města. Kdyby to byl Váš majetek, tak takhle taky s ním nehospodaříte. Jo, a vy se máte chovat k majetku města tak, jako kdyby byl Váš vlastní. To bych Vám chtěl připomenout. Děkuji.",0,597f2a8effabe498
jiri-kment,Z9/36,136,"Bc. Jiří Kment: Určitě ano. Jde o to, že vlastně tato síň na Kounicových kolejích není příliš dobře financovaná. Je tam pouze, financovány, jsou tam nějaké provozní náklady minimální, a bylo by vhodné, aby se s historií vlastně, co se dělo na Kounicových kolejích, i s historií, řekněme, druhé světové války a to, co se dělo po druhé světové válce, mohly prostě seznámit i třeba děti ze základních, středních škol. Takže z tohoto důvodu jsme podali tento námět a chtěli bysme najít nějaké dodatečné financování, aby toto bylo možné.",0,597f2a8effabe498
jiri-kment,Z9/36,137,"Bc. Jiří Kment: Samozřejmě děkuji panu Kerndlovi za vyslovenou důvěru, že zpracuji ten materiál tak, jak by si přál. Ale myslím si, že ani ten bod, který je takto navržený, vlastně to usnesení, není nic proti ničemu. Jde o to, že město Brno by samo mohlo prověřit prostě, v jakém je to tam stavu. Všichni víme, jak to tam vypadá. Prostě chtělo by to tam trochu zainvestovat. Když můžem investovat do jiných věcí, třeba jsme dnes schválili za 480 000, že nějak budeme zjišťovat, kudy šel Havel s Dalajlámou, no tak snad by těch půl milionu se našlo i na tuto pamětní síň. Děkuji.",0,597f2a8effabe498
jiri-kment,Z9/36,138,"Bc. Jiří Kment: Dobře. Takže já to připravím. Samozřejmě líp, když je tady sice 1 500 úředníků na magistrátu, ale žádný se tím nemůže zabývat, tak předložím na záříjovém zastupitelstvu.",0,597f2a8effabe498
