osoba_id,zasedani,pdf_strana,pasaz,priorita_rejstriku,zdroj_id
jiri-oliva,Z9/01,2,"ČSSD VAŠI STAROSTOVÉ – předseda JUDr. Jiří Oliva Mgr. Břetislav Štefan Mgr. Bc. Marek Viskot Zelení a Žít Brno – předseda Ing. Jana Drápalová Mgr. Jasna Flamiková Bc. Matěj Hollan Poté JUDr. Markéta Vaňková, primátorka, upozornila, že jednání se řídí platným Jednacím řádem Zastupitelstva města Brna. Jmenování zapisovatelek a pověření právní asistencí Zapisovatelkami jednání byly jmenovány Jana Sovová a Marie Doubravová, zaměstnankyně Organizačního odboru MMB, a právní asistencí byly pověřeny JUDr. Hana Doležalová a Mgr. Nikol Wagnerová, zaměstnankyně Právního oddělení Organizačního odboru MMB. Složení slibu členů Zastupitelstva města Brna Primátorka JUDr. Markéta Vaňková konstatovala, že všem přítomným členům Zastupitelstva města Brna, zvoleným ve volbách do zastupitelstev obcí konaných ve dnech 23. a 24. 9. 2022, bylo předáno „Osvědčení o zvolení členem Zastupitelstva města Brna“ podle § 53 zákona č. 491/2001 Sb., o volbách do zastupitelstev obcí a o změně některých zákonů, v platném znění. V období od zvolení rezignovala na svůj mandát dne 19. 10. 2022 Bc. Petra Quittová. Prvním náhradníkem na kandidátní listině Lid. a Star. (KDU-ČSL+St. a nez.) byl Mgr. Jaroslav Suchý, který se v souladu s § 56 odst. 1 zákona o volbách do zastupitelstev obcí stal dne 20. 10. 2022 členem Zastupitelstva města Brna. Před složením slibu primátorka JUDr. Markéta Vaňková upozornila přítomné členy Zastupitelstva města Brna, že odmítnutí složit slib nebo složení slibu s výhradou má za následek okamžitý zánik mandátu dle § 55 zákona č. 491/2001 Sb., o volbách do zastupitelstev obcí a o změně některých zákonů, v platném znění. Ing. Oliver Pospíšil, tajemník Magistrátu města Brna, přednesl slib stanovený v § 69 odst. 2 zákona o obcích: „Slibuji věrnost České republice. Slibuji na svou čest a svědomí, že svoji funkci budu vykonávat svědomitě, v zájmu města a jeho občanů, a řídit se Ústavou a zákony České republiky.“ Poté jmenovitě vyzval všechny přítomné členy Zastupitelstva města Brna, aby složili slib pronesením slova „slibuji“ a stvrdili jej podpisem na připravených listinách. Následně všech 54 členů Zastupitelstva města Brna složilo bez výhrad slib stanovený zákonem o obcích. Určení ověřovatelů zápisu a schválení programu ustavujícího zasedání Zastupitelstva města Brna Za ověřovatele zápisu byli navrženi JUDr. Robert Kerndl, Vít Prýgl a Mgr. Jaroslav Suchý. K hlasování o návrhu na ověřovatele zápisu bylo přistoupeno bez rozpravy. Hlasování je dále uváděno v pořadí: pro - proti - zdržel se - nehlasoval. Hlasování č. 1: 53 - 0 - 0 - 1",6,36036d38da50510d
jiri-oliva,Z9/01,6,"nyní navržen pouze k vzetí na vědomí. Dále uvedla, že v souladu s tímto volebním řádem je třeba zvolit volební komisi, která bude sledovat průběh voleb a vyhotovovat a podepisovat zápis o průběhu a výsledku voleb. Poté ještě upozornila, že podle článku 4 odst. 2 volebního řádu nemůže být členem volební komise kandidát na tyto volené funkce. JUDr. Markéta Vaňková, primátorka, vyzvala přítomné členy Zastupitelstva města Brna k podání návrhů na členy volební komise. JUDr. Jiří Oliva navrhl Mgr. Bc. Marka Viskota, Ing. Karin Karasová navrhla Ing. Karla Kalivodu a Mgr. Bc. Marek Viskot navrhl Mgr. Břetislava Štefana. Hlasování o složení volební komise: Hlasování č. 7: 53 - 0 - 1 - 0",10,36036d38da50510d
jiri-oliva,Z9/01,9,Členem Rady města Brna pro územní plánování byl zvolen Ing. arch. Petr Bořecký. Volba členky/člena Rady města Brna pro majetek Předseda volební komise vyzval členy Zastupitelstva města Brna k podávání návrhů na funkci členky/člena Rady města Brna pro majetek. Člen zastupitelstva Mgr. Břetislav Štefan navrhl zvolit do funkce člena Rady města Brna pro majetek JUDr. Jiřího Olivu. Jiný návrh na zvolení do funkce členky/člena Rady města Brna pro majetek podán nebyl. Navržený kandidát JUDr. Jiří Oliva vyslovil souhlas s kandidaturou a přednesl kandidátský projev. Dotazy vzneseny nebyly. Hlasování o volbě člena Rady města Brna pro majetek. Výsledek hlasování: - hlasování se zúčastnilo …………………… 54 členů Zastupitelstva města Brna - pro JUDr. Jiřího Olivu …………………… .. 41 hlasů Hlasování č. 17: 41 - 5 - 6 - 2,4,36036d38da50510d
jiri-oliva,Z9/01,9,Členem Rady města Brna pro majetek byl zvolen JUDr. Jiří Oliva. Volba členky/člena Rady města Brna pro školství Předseda volební komise vyzval členy Zastupitelstva města Brna k podávání návrhů na funkci členky/člena Rady města Brna pro školství. Člen zastupitelstva JUDr. Michal Marek navrhl zvolit do funkce členky Rady města Brna pro školství JUDr. Irenu Matonohovou. Jiný návrh na zvolení do funkce členky/člena Rady města Brna pro školství podán nebyl. Navržená kandidátka JUDr. Irena Matonohová vyslovila souhlas s kandidaturou a přednesla kandidátský projev. Dotazy vzneseny nebyly. Hlasování o volbě členky Rady města Brna pro školství. Výsledek hlasování: - hlasování se zúčastnilo …………………… 54 členů Zastupitelstva města Brna - pro JUDr. Irenu Matonohovou …………… 41 hlasů Hlasování č. 18: 41 - 5 - 7 - 1,4,36036d38da50510d
jiri-oliva,Z9/01,13,"Místopředsedou Finančního výboru Zastupitelstva města Brna byl zvolen JUDr. Michal Marek. Volba neuvolněných členek/členů Finančního výboru Zastupitelstva města Brna Předseda volební komise vyzval členy Zastupitelstva města Brna k podávání návrhů na funkci 5 neuvolněných členek/členů Finančního výboru Zastupitelstva města Brna. Člen zastupitelstva doc. MUDr. Tomáš Skřička, CSc., navrhl Bc. Jiřího Kmenta, Bc. Tomáš Koláčný navrhl Mgr. Marka Lahodu, Ing. Karin Karasová, náměstkyně primátorky, navrhla Ing. Daniela Struže, MBA, členka zastupitelstva Mgr. Jasna Flamiková navrhla Ing. Janu Drápalovou a JUDr. Jiří Oliva, člen Rady města Brna, navrhl nezastupitele Petra Šafaříka. O všech kandidátech na člena Finančního výboru Zastupitelstva města Brna bylo hlasováno společně. Výsledek hlasování: - hlasování se zúčastnilo …………………… 54 členů Zastupitelstva města Brna - všichni navržení kandidáti obdrželi ……… 53 hlasů Hlasování č. 28: 53 - 0 - 1 - 0",6,36036d38da50510d
jiri-oliva,Z9/01,13,"Mgr. Michala Chládka, JUDr. Jiří Oliva, člen Rady města Brna, navrhl nezastupitele Jiřího Idese. O všech kandidátech na členku/člena Kontrolního výboru Zastupitelstva města Brna bylo hlasováno společně. Výsledek hlasování: - hlasování se zúčastnilo …………………… 54 členů Zastupitelstva města Brna - všichni navržení kandidáti obdrželi ………. 54 hlasů Hlasování č. 30: 54 - 0 - 0 - 0",2,36036d38da50510d
jiri-oliva,Z9/01,14,"Ides. Volba neuvolněné/neuvolněného předsedkyně/předsedy Výboru pro národnostní menšiny Zastupitelstva města Brna Předseda volební komise vyzval členy Zastupitelstva města Brna k podávání návrhů na funkci předsedkyně/předsedy Výboru pro národnostní menšiny Zastupitelstva města Brna. Člen zastupitelstva JUDr. Michal Marek navrhl Mgr. Jitku Ivičičovou, JUDr. Jiří Oliva, člen Rady města Brna, navrhl Mgr. Břetislava Štefana. Na základě odkazu JUDr. Markéty Vaňkové, primátorky, na sjednanou dohodu v rámci koaličního vyjednávání člen zastupitelstva JUDr. Michal Marek vzal zpět návrh kandidatury Mgr. Jitky Ivičičové. Navržený kandidát na funkci předsedy Výboru pro národnostní menšiny Zastupitelstva města Brna Mgr. Břetislav Štefan vyslovil souhlas s kandidaturou. Hlasování o volbě předsedy Výboru pro národnostní menšiny Zastupitelstva města Brna. Výsledek hlasování: - hlasování se zúčastnilo …………… 54 členů Zastupitelstva města Brna - pro Mgr. Břetislava Štefana ..……... 47 hlasů Hlasování č. 31: 47 - 2 - 5 - 0",4,36036d38da50510d
jiri-oliva,Z9/01,17,"Martina Drdlu, MSc., narozeného X. X. XXXX, bytem XXXXXXXXX XXXXX, XXX XX XXXX, jako zástupce JUDr. Ph.Dr. Martina Příborského, EMLE, člena Zastupitelstva města Brna, jako náhradníka k zastupování na všech valných hromadách společnosti Technologický Park Brno, a. s.“ 13. Změny v orgánech obchodních společností s menší než 100% majetkovou účastí statutárního města Brna JUDr. Markéta Vaňková, primátorka – v úvodu bodu sdělila, že návrhy na změny ve funkcích členů představenstev a členů dozorčích rad budou uváděny k jednotlivým společnostem, v pořadí představenstvo, dozorčí rada, a pokud budou podány nějaké návrhy nad rámec těch, které již obdržela, je nutné tyto návrhy dodat písemně. Automotodrom Brno, a.s. – člen zastupitelstva doc. MUDr. Tomáš Skřička, CSc., se omluvil za nedorozumění, když v bodu 12) uvedl, že písemně navrhl člena zastupitelstva Petra Levíčka, MBA, jako zástupce na valných hromadách společnosti namísto jeho navržení do funkce člena dozorčí rady společnosti. JUDr. Markéta Vaňková, primátorka, sdělila, že člen zastupitelstva Petr Levíček, MBA, může být delegován do obou zmíněných funkcí. Doc. MUDr. Tomáš Skřička, CSc., oba návrhy potvrdil. Brněnské vodárny a kanalizace, a.s. – návrhy kandidátů do představenstva: Ing. David Grund, Ing. Jaroslav Folprecht, Ing. Daniel Struž, MBA. JUDr. Jiří Oliva, člen Rady města Brna, navrhl dalšího kandidáta Mgr. Bc. Marka Viskota. Návrhy kandidátů do dozorčí rady: PhDr. Martin Krytinář a Ludvík Kadlec. Jihomoravská rozvojová společnost, s.r.o. – návrh kandidátky do dozorčí rady: Kristýna Černá. Jiný kandidát navržen nebyl. KORDIS JMK, a.s. – návrhy kandidátů do představenstva: Mgr. Jiří Dvořáček a Ing. Jan Seitl. Návrhy kandidátů do dozorčí rady: Vít Prýgl, Ing. Pavel Jankůj. Doc. MUDr. Tomáš Skřička, CSc., navrhl dalšího kandidáta Ak. arch. Tomáše Kotase. Technologický Park Brno, a.s. – návrhy kandidátů do představenstva: Ing. David Trllo, Dipl.-Kfm. Dalimil Ospalý, Ing. Karel Kalivoda, prof. Ing. Vladislav Musil a JUDr. Michal Marek. Návrh kandidáta do dozorčí rady: Ing. David Geryk. JUDr. Jiří Oliva, člen Rady města Brna, navrhl dalšího kandidáta Mgr. Břetislava Štefana. JUDr. Markéta Vaňková, primátorka – nechala hlasovat o odvolání předchozích členů představenstev a dozorčích rad výše uvedených společností a zároveň o přednesených návrzích na nové členy představenstev a dozorčích rad těchto společností: Hlasování č. 37: 47 - 2 - 5 - 0",1,36036d38da50510d
jiri-oliva,Z9/02,37,"Schválené usnesení: 1. ZMB bere na vědomí že Bytový odbor MMB dne 1. 11. 2022 obdržel oznámení, kterým se JUDr. Jiří Oliva, člen Rady města Brna, vzdal - pověření k zastupování statutárního města Brna jako člena bytových družstev:",0,9d9381375d84a343
jiri-oliva,Z9/03,11,"JUDr. Jiří Oliva, člen Rady města Brna: Já jenom úplně krátkou reakci. Pane Kirchnere, prosím Vás, nepřekrucujte to, co včera na tom jednání jsem řekl. Já jsem neřekl, že obchvat Tuřan není priorita města Brna. Já jsem říkal, že je to investice Jihomoravského kraje, že tam je memorandum, město Brno má nějaká práva",0,31d42a3a0b7a27be
jiri-oliva,Z9/03,36,"JUDr. Jiří Oliva, člen Rady města Brna: Co se týče té právní věci, tak 18. ledna, ve středu, by mělo před městským soudem proběhnout další jednání ve věci žaloby o vyklizení těch několika stánků a očekává se, že už na tom jednání by měl padnout rozsudek.",0,31d42a3a0b7a27be
jiri-oliva,Z9/03,51,"JUDr. Jiří Oliva, člen Rady města Brna: Ona, já se dívám, že ona se tam hlásí vzadu paní starostka, ona, a já asi vím, co chce říct, ona mě poprosila, abysme ten bod dneska stáhli z jednání zastupitelstva. Takže, za mě, klidně můžeme stáhnout. Nemám s tím problém.",0,31d42a3a0b7a27be
jiri-oliva,Z9/05,76,"JUDr. Jiří Oliva, člen Rady města Brna: Ona, paní primátorka toho hodně řekla za mě. Tam je, princip je takový, že městské části, ze statutu, samozřejmě samy mohou nabývat nemovitosti, potom to jenom, až dodatečně, městu Brnu oznámí. V některých případech se i takto děje. A tam tu debatu jsme vedli v tom, že je potřeba vidět a trošku rozlišovat mezi tím, kde je ten celoměstský zájem a kde je vlastně ten zájem víceméně ten lokální, místní, té městské části, kde je samozřejmě lepší, aby to nabývala ta městská část. A když ty peníze ta městská část nemá, tak jsme uvažovali o tom, že je vhodné jí s tím pomoct tadytouhletou bezúročnou půjčkou. A co se týče potom příjmu z prodeje, případného, tak to je zase řešeno ve statutu, kdy městské části, obecně, mají 20 % výtěžku z toho prodeje a v případě, že vyklidí bytový dům, tak tam je možnost až těch 30 %.",0,855e8c7abe4c7621
jiri-oliva,Z9/05,77,"JUDr. Jiří Oliva, člen Rady města Brna: Já ještě možná, ten územní plán v současné podobě a ten návrh nového územního plánu, tak je, bude ve žlutým. Takže tam, co vlastně bránilo nějakýmu tomu rozvoji celé té lokality, tak byl ten soudní spor s panem Procházkou, který, nebo s touhle společností, který teď byl teda pravomocně vyřešen, takže z toho pohledu si myslím, že není potřeba čekat na nový územní plán. A já sám, ale mě to taky teda jako vůbec netěší, rozumím Ti, a já to vidím trošičku jako analogii, jak když byl v tom PARU úspěšný ten projekt zazelenění těch přístřešků, schodů na, v tom přednádražním prostoru, ale řeklo se, že prostě není rozumný to teďka dělat, když to celý budeme předělávat a rekonstruovat. Tak, stejně tak tadytohleto je záležitost projektu v nějaké přestavbové lokalitě, která se bude měnit, a ten statický posudek a posudek na ten stadion, co jsme viděli, tak prostě, on chtě nechtě bude muset být demolovaný. Takže z tohodlenctoho pohledu je to zajímavá věc, ale ne ve správnou chvíli a ve správné době.",2,855e8c7abe4c7621
jiri-oliva,Z9/06,15,"JUDr. Jiří Oliva, člen Rady města Brna: Já teda se přiznávám, že nejsem odborník na kulturu, ale jako Brňák teda se k tomuhle musím vyjádřit. Já se domnívám, oprávněně domnívám, že Bolek Polívka a jeho divadlo je jeden ze symbolů města Brna. To není ledajaká scéna. To není ledajaké divadlo. To je skutečně fenomén známý daleko za hranicemi města Brna. Nesnižuju nějak umělecký soubor v Redutě, ale nevím, jestli je tak známý za hranicemi Brna, jako divadlo Bolka Polívky. A nikoho z nás to netěší, do jaké té situace, nikdo to nezavinil, se to dostalo. Že opravdu se snažíme, paní primátorka se snaží najít řešení, aby to Divadlo Bolka Polívky nepadlo. Aby v Brně neskončilo. Ale ta diskuse, která v posledních tedy dnech tady je, tak se domnívám, že někteří možná na tom i ten zájem mají, jo? Od té doby, co, možná od té doby, co Bolek Polívka se vyfotil s paní primátorkou na nějakém plakátku, tak mám dojem, že někteří by byli nejradši, kdyby Divadlo Bolka Polívky v Brně skončilo. To mně přijde prostě nešťastné. Pokud se tady, v uvozovkách, priorativně, mluví o něm, jako o soukromém divadlu, jo, jako, jak kdyby to bylo něco podřadného, tak, Národní divadlo zase, nikdo nezpochybňuje tu uměleckou hodnotu, ale městský rozpočet Národní divadlo stojí řádově, ročně, z rozpočtu města, 500.000.000. Z peněz daňových poplatníků. Divadlo Bolka Polívky, jednotky milionů, na dotacích, jo? Takže asi není vhodné tady nadřazovat někoho a někoho prostě ostrakizovat jenom proto, že dělá dobrou kulturu, aniž by, aniž by sál veřejné prostředky nějakou měrou, větší, než je nezbytně nutné. Takže, takže mě tady vopravdu tahleta debata mrzí a já doufám, že se Divadlo Bolka Polívky podaří zachránit, protože je to skutečně fenomén. A jak říkám, já, byť nemám kulturu na starosti, tak udělám všechno pro to, aby, i když leckdo bude házet klacky pod nohy, tak aby, aby se Divadlo Bolka Polívky zachránilo. Pan ředitel Glaser nežije ve vzduchoprázdnu, jo? Mně je, pro mě, osobně, je ten postoj pana ředitele, mě docela mrzí, protože pochopil jsem, že on hledá důvody a způsoby, jak tu situaci nevyřešit, na rozdíl od toho, aby hledal způsoby, jak tu situaci vyřešit. Předkládá různé argumenty, a podle mě, někdy i pseudoargumenty, jak to nejde, jo? Ale my chceme hledat řešení, jak to jde. Jak Divadlo Bolka Polívky zachránit. Takže doufám, že se to podaří.",0,e715158e17e939ea
jiri-oliva,Z9/06,21,"JUDr. Jiří Oliva, člen Rady města Brna: Já už jenom stručně k dotazu pana zastupitele Skřičky ohledně toho Králíkova divadla. Já jsem, když jsem byl před nějakou dobou předseda představenstva Veletrhů, tak já jsem se tam s tím docela podrobně seznámil. Veletrhy mají ten technický stav zdokumentovaný, podrobně, a tam je bezpečnostní problém, možná ještě větší, než je na tom Jakubáku. Teďka tam je špatný strop a bez těch zásadních investic, bez té úpravy se tam ani částečně hrát nedá.",0,e715158e17e939ea
jiri-oliva,Z9/06,63,"JUDr. Jiří Oliva, člen Rady města Brna: Já už jsem právě nechtěl zdržovat, jak jsem viděl, že se ta diskuse chýlí ke konci, ale tak, já toho využiju, aby se paní primátorka mohla napit. Jenom, v té koaliční smlouvě samozřejmě ten význam slova privatizace, tak není myšlen v tom nejširším, jazykovém, obecném smyslu slova, ale je právě myšlen, právě na ten proces, který byl nastartován před nějakými těmi 20 lety, kdy byla ta pravidla privatizace městských bytových domů, kdy se právě ty domy prodávaly těm nájemníkům. Ne třetím subjektům, ale tem nájemníkům. Čili to je ten, ta interpretace, ten obsahový význam toho slova privatizace v té koaliční smlouvě, tak jak jsme ji, myslím, všichni podepisovali, když, a chápali jsme to v tomto významu. Takže, jinak já jsem velkým, velkým zastáncem toho, aby město byty stavělo, a ne je prodávalo, obecně. Ale, tak jako každé pravidlo, tak samozřejmě někdy výjimka potvrzuje pravidlo. A tadytohleto, to opravdu není bytový dům, to je fakticky rodinný dům. A z ekonomickýho hlediska nemá význam ho držet a opravovat ho, v majetku města, kvůli 2 bytům. Ty náklady prostě se tam nevyplácí. A bude daleko efektivnější, když ten výtěžek, z té dražby, půjde do Fondu bytové výstavby, a z toho se, ať už postaví, nebo opraví nějaké bytové domy, kde to prostě bude dávat smysl. Takže, z tohodle pohledu já to taky podporuju. Tak. Jo.",0,e715158e17e939ea
jiri-oliva,Z9/06,64,"JUDr. Jiří Oliva, člen Rady města Brna: Já jenom takhle. Obsahově s tím naprosto souhlasím, ale, podle mě, to usnesení je nadbytečné, protože to už vyplývá ze schválených dokumentů, ze statutu FBV a i ze statutu, jo? Takže, to tak je.",0,e715158e17e939ea
jiri-oliva,Z9/08,80,"JUDr. Jiří Oliva, člen Rady města Brna: Já se omlouvám, já už musím na to reagovat, na tu otázku těch garáží. My se, jako vedení města, k té problematice garáží jako, začasté staveb na cizím pozemku, to znamená staveb, kde je odlišný vlastník pozemků a vlastník té stavby, tak se snažíme přistupovat systémově. Několikrát jsme to řešili na Poradě vedení a Porada vedení odsouhlasila 5 lokalit, ve kterých, které považuje za, z hlediska města za strategické, kde bude přistupovat k odstranění těch garáží. Těch 5 lokalit nevzniklo náhodou. Byly dotazovány příslušné magistrátní odbory, zejména Odbor dopravy a myslím si, že OÚPR a tak dále, aby předestřely, z jejich pohledu, lokality garáží, těch garážových dvorů, nebo těch hnízd garáží, které je potřeba řešit systémově a vykupovat. Na základě tadytohoto jsme na Poradě vedení identifikovali 5 těchto garážových dvorů a tam to začneme řešit. Začneme to řešit nejprve v lokalitě Rybkova, protože ono to samozřejmě vezme nějaký čas, to bude docela dlouhý proces, takže to budeme řešit postupně. A rozhodli jsme o tom, že to budeme řešit tím, že nabídneme těm majitelům garáží věcnou cenu. To znamená, nikoli obvyklou, jo, nikoli cenu tržní, ale cenu věcnou. Když to řeknu velice zjednodušeně, tak cenu těch cihel a toho plechu. I to je víc, než podle zákona musíme. Protože existuje konstantní judikatura na to, že v případě, že odpadne nebo neexistuje soukromoprávní titul k užívání cizího pozemku vlastníkem té cizí budovy, tak vlastník pozemku má právo domáhat se vyklizení tohoto pozemku. To je konkrétně případ, jakým způsobem vedeme soudní spor s panem Procházkou ohledně těch garáží v lokalitě bývalého Bobycentra, vedle toho stadionu, té ruiny toho stadionu. Takže to je docela komplexní problematika a já se obávám, že tadytímhletím vyzobáváním jednotlivých garáží v jednotlivých lokalitách a akceptací v podstatě těch cen vycházejících z trhu, to znamená těch tržních cen, což jsou v podstatě ty nabídky předkupního práva, tak že do té, do toho systému, který Porada vedení",0,1b7d3b44f9e1e083
jiri-oliva,Z9/08,87,"JUDr. Jiří Oliva, člen Rady města Brna: Jo, já jenom vysvětlím ten posudek. On totiž v tom původním materiálu ten posudek není, ani není o něm zmínka, a to je pravděpodobně z toho důvodu, že ta cena, která je v tom materiálu odhadnutá magistrátními úředníky, tak je pro město výhodnější, jo? To znamená, navíc ještě ten posudek už není aktuální, že jo, on je z května 21, ale ta cena, která byla stanovená oddělením realitní ekonomiky, tak vychází do té směny pro město líp, cirka o 400.000, takže z hlediska toho Majetkový odbor tam ten posudek pravděpodobně neuváděl. Nicméně vzhledem k té diskusi, která tady byla ráno, jak někteří občané tady k tomuto bodu vystupovali, tak jsem seznal, že by asi bylo správné, aby i tady tenhle ten posudek, byť se z něho nevychází, tak aby zastupitelé měli k dispozici. Takže omlouvám se za to, že to je takhle těsně teď před tím hlasováním na stůl, ale není to přímo podklad pro to rozhodování, jak říkám, protože ta cena z něho nevychází, ale je to jakýsi další argument v té diskusi. Případné.",0,1b7d3b44f9e1e083
jiri-oliva,Z9/08,99,"JUDr. Jiří Oliva, člen Rady města Brna: Já myslím že, já se omlouvám, já jsem to asi ještě nikdy neudělal, ale poprvní to teda říkám, že jsem se uklikl. Takže zpochybňuji hlasování. Omlouvám se.",0,1b7d3b44f9e1e083
jiri-oliva,Z9/09,8,"JUDr. Markéta Vaňková, primátorka, upozornila, že podle čl. 5 odst. 2 Volebního řádu pro volbu neuvolněných předsedů, místopředsedů a členů výborů Zastupitelstva města Brna členem volební komise nemůže být kandidát na funkce volené dle tohoto volebního řádu. Poté vyzvala přítomné členy Zastupitelstva města Brna k podání návrhů na členy volební komise. JUDr. Jiří Oliva, člen Rady města Brna, navrhl Mgr. Bc. Marka Viskota, Bc. Jiří Kment navrhl Mgr. Bc. Blanku Borovskou a JUDr. Robert Kerndl, náměstek primátorky, navrhl JUDr. PhDr. Martina Příborského, EMLE.",8,3662325cd3a42957
jiri-oliva,Z9/10,62,"JUDr. Jiří Oliva, člen Rady města Brna: Já jenom jsem chtěl říct, že ten návrh pana starosty Grunda, že jsme probírali a že s tím nemám problém, že s tím takto souhlasím, jak to navrhuje, to vyřazení.",2,eb0d7acd8a1bcc62
jiri-oliva,Z9/12,1,"Omluveni: Bc. Matěj Hollan, Petr Levíček, MBA, JUDr. Jiří Oliva, člen Rady města Brna, Vít Prýgl.",0,36a4e03789f899b5
jiri-oliva,Z9/14,13,"Doc. MUDr. Tomáš Skřička, CSc., navrhl Mgr. Bc. Blanku Borovskou, Ing. Karin Podivinská, náměstkyně primátorky, navrhla Ing. Karla Kalivodu a JUDr. Jiří Oliva, člen Rady města Brna, navrhl Mgr. Bc. Marka Viskota.",4,198b605f95c9e2a9
jiri-oliva,Z9/14,14,"JUDr. Jiří Oliva, člen Rady města Brna, navrhl Mgr. Břetislava Štefana, Ing. Jana Drápalová navrhla JUDr. Kristýnu Fuchsovou s tím, že tuto kandidátku již navrhovala při doplňující volbě do Výboru pro národnostní menšiny Zastupitelstva města Brna v souvislosti s rezignací Mgr. Jasny Flamikové, konané na zasedání Zastupitelstva města Brna č. Z9/07 dne 16. 5. 2023, a má její písemný souhlas s kandidaturou. Doc. MUDr. Tomáš Skřička, CSc., navrhl doc. PhDr. Jiřího Pernese, Ph.D., a poskytl podrobné odůvodnění pro svůj návrh. RNDr. Filip Chvátal, Ph.D., člen Rady města Brna, navrhl PhDr. Martina Krytináře.",6,198b605f95c9e2a9
jiri-oliva,Z9/16,11,"JUDr. Jiří Oliva, člen Rady města Brna: Já jenom stručně, stručně na to zareaguju. Já jsem byl přítomen jednání majetkové komise 18. ledna letošního roku, kde se tahle záležitost, jenom tenhle konkrétní bod, se zhruba hodinu, za Vaší přítomnosti, pane Kirchnere, probíral. A tam jste slyšel ten, podle mého názoru, zásadní argument, a to to, že v memorandu mezi městem Brnem a Jihomoravským krajem je bohužel ta záležitost řešena tak, že Jihomoravský kraj, pro který, protože to je investor, pro který město Brno, potažmo BKOM, ty výkupy dělá, takže akceptuje pouze zlomek té ceny, a že tohle je docela problém. A je potřeba to řešit primárně s Jihomoravským krajem, narovnáním toho smluvního vztahu. A Vy, na základě té debaty, Vy jste tam byl a přede všemi přítomnými jste ten svůj návrh stáhl. Je to i v zápise z té komise. Vy jste potom dal ten upravený návrh, ten projednávala komise 21. 3., komise majetková, ta ho stáhla z programu, tam jsem nebyl, ale předpokládám, že to bylo právě proto, že není pořád dořešená ta záležitost s tím Jihomoravským krajem. Nicméně, pokud samozřejmě Vy i přesto tedy trváte na tom, a myslím si, že Vám to bylo docela podrobně vysvětleno panem předsedou majetkové komise na té komisi, tak, i pokud i přesto trváte na tom, aby to prostě",2,d527a00c9a941791
jiri-oliva,Z9/16,12,"JUDr. Jiří Oliva, člen Rady města Brna: Já jenom stručně. To memorandum samozřejmě platné je, ale problém je, že na základě toho memoranda prostě ten kraj neakceptuje ty ceny, za které je potřeba vykupovat.",0,d527a00c9a941791
jiri-oliva,Z9/16,37,"JUDr. Jiří Oliva, člen Rady města Brna: To bylo, jo, můžu? Tak. To bylo po diskusi na té komisi majetkové, tak tam se přikláněli k té dražbě, a v, ale vzhledem k tomu účelu, ten chov včel, poté, co jsme vlastně na radě obdrželi ten přípis toho zájemce, že, že to nejsou jako nějaké komerční aktivity, ono o to původně měl zájem město Kuřim, jak nám deklaroval, nebo mně deklaroval pan starosta, proto jsme do toho nabídkového řízení zahrnuli i město Kuřim, která teda potom nepodala nabídku. A v podstatě pan starosta deklaroval, že ten záměr toho chovu včel, že tam podporuje, že je to prostě taková, jako nějaká nekomerční aktivita. Takže z toho důvodu, z toho účelu jsme se rozhodli to nedávat na radě do té dražby, ale udělali jsme to nabídkové řízení.",0,d527a00c9a941791
jiri-oliva,Z9/16,53,"JUDr. Jiří Oliva, člen Rady města Brna: Já možná, protože je to na stůl, tomu se omlouváme, ten doplněk, tak já to teda trošičku vysvětlím. On je to v zásadě marginální případ. Je to výkup veřejného prostranství a my jsme měli takovou diskusi s městskou částí, s panem starostou Malečkem, který byl toho názoru, že celá ta plocha není charakteru veřejného prostranství. My jsme to ještě prozkoumávali a mezitím přišel dopis, kde nám vyúčtovala ta paní majitelka bezdůvodné obohacení za užívání veřejného prostranství. A na základě toho, pardon, jsme v radě vlastně přehodnotili to stanovisko, i s ohledem na to, že",0,d527a00c9a941791
jiri-oliva,Z9/16,54,"JUDr. Jiří Oliva, člen Rady města Brna: On, ona, je souhlas s tím, že ta problematika těch veřejných prostranství je v zákoně o obcích upravena docela nešťastným způsobem. A my i zvažujeme, že až bude nějaká nejbližší novelizace zákona o obcích, tak že navrhneme, byť teda samozřejmě nemáme legislativní iniciativu, ale, ale prostřednictvím příslušných subjektů navrhneme legislativní úpravu. Tam jde o to, že vlastně zákon říká, že veřejným prostranstvím jsou, a teďka tam má vlastně demonstrativní výčet, kde má plochy veřejné zeleně, což je vlastně tadytenhleten případ, a obdobné, jo? A vlastně k tomu existuje judikatura, že nejde o to, jestli obec se rozhodne, že to bude, nebo nebude veřejné prostranství, že už tím charakterem, že je to veřejně přístupné a že to má, že to má charakter té veřejné zeleně, ploch veřejných zelení, nebo obdobných, tak že to splňuje ten charakter toho veřejného prostranství, a můžou vlastně ti vlastníci za to účtovat to bezdůvodné obohacení. Bohužel teda obci, jo, která je tadyvtomhletom případě tímto zatížena. Takže to je jako stručně, ve stručnosti. Pravda je, že ta situace je, není úplně jednoduchá, je k tomu určitá judikatura, která se vyvíjí. A musím říct, že třeba teď, nedávno, možná, kdy to bylo, minulý týden, teď to je úplně čerstvý, tak město, teda nepravomocně, vyhrálo spor o bezdůvodné obohacení z titulu, které, kde bylo město žalovaným. A bylo žalováno právě společností LP EXPO, pana Procházky, z titulu bezdůvodného obohacení za užívání střechy garáže ve vlastnictví společnosti LP EXPO, to je ta slavná garáž u Boby, kde připravujeme exekuční vyklizení, podle pravomocného rozsudku, teda v jiném čísle jednacím. No a tam vlastně ten soud, když dal městu zapravdu, tak argumentoval tím, že není možné, není možné, aby ten vlastník jen na základě toho, že si ten pozemek neoplotí a je veřejně přístupný, tak aby, aby vlastně byla ta obec nucena strpět to užívání formou veřejného prostranství a platit za to tu částku toho bezdůvodného obohacení, jo? Čili, ale říkám, je to, to je rozsudek městského soudu, který, předpokládám, že se společnost LP EXPO odvolá, zatím tak bylo vždycky, takže není důvod se domnívat, že to bude teďka jinak, takže bude pravděpodobně ještě přezkoumáván stupně, ve vyšších instancí, soudy vyšších instancí. Říkám, takže ta formulace v tom zákoně není šťastná. Bylo by daleko lepší to řešit lepší formulací v zákoně. A jak říkám, my se budeme snažit při nejbližší příležitosti o to, aby to bylo pro města, řekněme, předvídatelnější a příznivější.",0,d527a00c9a941791
jiri-oliva,Z9/16,55,"JUDr. Jiří Oliva, člen Rady města Brna: Že řekne, že to neví, z hlavy. Ale nevím, jestli to ví paní doktorka? Ale tam je právě, právě gró té judikatury, jak jsem říkal, je v tom, že není rozhodující, jestli ta obec to zařadí do toho seznamu, jestli ta obec rozhodne o tom, že to chce, nebo nechce mít jako veřejné prostranství, ale že to splňuje ty faktické znaky toho veřejného prostranství ze zákona, jo? A v tom, to je právě ten problém. Ale, ale říkám, nevím, jestli paní JUDr. Vaďurová ví, jestli to tam je zařazeno, to, to neumím teď říct, ale samozřejmě jsme, jsme schopni to zjistit na počkání.",0,d527a00c9a941791
jiri-oliva,Z9/15,49,"JUDr. Jiří Oliva, člen Rady města Brna: Takle, k té vyvolávací ceně, jednak ta cena vyvolávací je v podstatě ta cena, kterou stanovil jako cenu obvyklou těchto pozemků znalecký posudek. To je posouzení znalce a já nejsem znalec, mně to úplně nepřísluší nějak komentovat. V každém případě, každý znalecký posudek je revidován, každý znalecký posudek, který si nechá zpracovat Majetkový odbor, také revidován odborníky z Majetkového odboru, jestli splňuje veškeré náležitosti, jestli, jestli prostě je v pořádku. A tadyktomuhletomu znaleckému posudku nebyly žádné výhrady ze strany odborníků z Majetkového odboru, takže nemám důvod pochybovat o správnosti tohoto posudku. Ale samozřejmě je to dražba. To znamená, dá se předpokládat, a děje se to, že ta finální cena bude jiná, vyšší, jo? Můžu namátkou říct, že teď vlastně v nejbližším, v nejbližší minulosti jsme vydražili například kino Čas, což tady bylo taky, na zastupitelstvu, tam byla vyvolávací cena nějakých 6.000.000, taky podle znaleckého posudku, prodalo se to za 9. Pozemky mezi garážemi, na kterých se dají stavět garáže, 2, vyvolávací cena taky byla nějakých, teď nechcu říct přesně, nějakých 200.000, prodalo se to za 800.000, jo? Čili ta vyvolávací cena samozřejmě není ta cena, za kterou se to prodá. A ta skutečná, cena obvyklá, to znamená ta cena, která je dosažena na tom trhu, tak to je právě ta cena, která je dosažena v dražbě. Všechno ostatní, ty znalecké posudky, tak to jsou jenom nějaké aproximace, kolik by tak, zhruba, teoreticky, ta cena mohla být. Ale ve skutečnosti ta cena, která je dosažená v té dražbě, tak to je ta cena reálná, ta cena obvyklá. Takže o tom, že je nízká, ono, takle, ono i z taktických důvodů, a je to možné, a děje se to, že ta vyvolávací cena klidně může být stanovena i nižší, než je cena, která je vlastně z toho znaleckého posudku, právě proto, aby se tam třeba přilákalo víc zájemců, jo? Protože, že jo, ty dražby jsou zveřejněny, ti zájemci to, potencionální, samozřejmě sledují, ty zveřejněné dražby, a když je ta cena nižší, tak se dá předpokládat, že to přiláká víc lidí a že se tam budou štychovat, přehazovat se vlastně, v té dražbě, a, že jo, pak může zafungovat i nějaký efekt vlastně, psychologický, kdy už člověk se té dražby účastní, a ono je to takový trošičku, v uvozovkách, gambling, takže potom skutečně může jako dojít i k tomu, že někdo třeba přihodí i to, co by ještě předtím ani neuvažoval, že přihodí. Takže, takže z mýho pohledu ta vyvolávací cena není stanovena špatně, říkám, ale není to ta cena, za kterou se to bude prodávat. Co se týče toho březovského vodovodu, tak ten má samozřejmě svoje ochranné pásmo, které, které stanoví, co se, co se v okolí toho, toho březovského vodovodu a v jakém, v jakém prostoru dá realizovat. Zase, je to věc, kterou samozřejmě ten znalec, předpokládám, že ten znalec, jako je to znalec, tak, že ji uvažoval do té ceny, kterou v podstatě stanovil tím znaleckým posudkem. Je to omezení, ale které zase samozřejmě bude mít vliv na to, kam až se ta cena reálná, dosažená vydražením, může dostat. Co se týče toho rozparcelování, tam samozřejmě, to je, to je jako určitá taková spekulace. Tam, na, v tom pozem, na tom pozemku podle územního plánu můžou být i individuelní rodinné domy, řekněme, nebo i bytové domy. A je to samozřejmě na tom",0,f5c65d180b769ffd
jiri-oliva,Z9/15,50,"JUDr. Jiří Oliva, člen Rady města Brna: Rek, to je, tadyto, to, jestli rozparcelovat, nebo nerozparcelovat, samozřejmě, já Vám neberu Váš názor, já mám jiný. Ve finále samozřejmě rozhodne, rozhodne zastupitelstvo. Já jenom k těm bytovým domům. To, se obávám, že Vy se bavíte o privatizaci, což je něco jiného než prodej vlastně celých těch bytových domů, které jsou volné, jo? To ses vlastně teď, teď, v poslední době, tak se prodala ta Vranovská 12, která byla prázdná, která se prodala v dražbě jako celek. A taky se to ne, nerozprodávalo, a šlo to teoreticky udělat, že by se tam udělalo prohlášení vlastníka, prodávaly by se ty jednotlivé byty, ale je těžko říct, jak by si to pak opravili. Stejně tak, v minulém volebním období, se prodala Milada Horáková, že jo, ten rohový dům. A taky se to prodávalo jako celek, jo? Ale to je něco jinýho než privatizace, jo? To jsou, to jsou trošičku jiný procesy. Takže, a to, o čem Vy se bavíte vlastně, o té rozdílnosti ceny, tak si myslím, že se bavíte spíš o té Ibsence, kde tam skutečně byly ty 2 znalecké posudky, které se tedy docela podstatně lišily. Ale říkám, to byla privatizace.",0,f5c65d180b769ffd
jiri-oliva,Z9/15,51,"JUDr. Jiří Oliva, člen Rady města Brna: To, co říká pan náměstek Černý, tak je samozřejmě pravda. A mě, protože ta debata baví, já jsem to ještě, o přestávce jsem to konzultoval s paní Ing. Vidovičovou, která je vlastně šéfkou cenařů na Majetkovém odboru, my samozřejmě jsme taky vedeni snahou, tím, věřte mně, že my jsme opravdu vedeni tou snahou, aby město z toho vytěžilo co nejvíc. Tam není žádný jiný úmysl, opravdu, ať město z toho vytěží co nejvíc. Ale ta lokalita je trošičku ještě komplikovanější. Jednak ty pozemky jsou v ZPF a je tam, co se týče bonity, tak je tam ochrana, ochranná třída I, což, vzhledem k současné podobě zákona o ochraně ZPF, tak samozřejmě může být určitá komplikace. A určitě by si s tím líp poradil velký, jeden velký developer, zkušený, než x drobných, v podstatě, nechci, aby to vyznělo priori, priorativně, ale, ale laiků, nebo amatérů, jo, kteří by si tam třeba svépomocí chtěli stavět svoje rodinné domky. A další, vlastně komplikace trošičku, v té lokalitě, tak je doprava. Já jsem o tom mluvil i, jsme v kontaktu s panem starostou Kuřimi, který mě na to upozorňoval, a zase, ta vyřešení té dopravy, to je do toho území, tak jak bude, pravděpodobně, ta, to město Kuřim mít požadavky na výstavbu, tak to je skutečně oříšek pro nějakého zkušeného a silného hráče, pro nějakého zkušeného developera, který na to má týmy lidí. A obávám se, že kdyby si to vopravdu kupovali ti jednotliví, drobní vlastníci těch jednotlivých parcelek, tak by toho kýženého efektu ani nedosáhli. Nebo nemuseli dosáhnout, jo? Takže, takže vopravdu není to tak, že my bysme se zprčili a za každou cenu to chtěli prodat jako celek a nehleděli napravo nalevo. Ale je to rozhodnutí, které vychází z racionálních úvah v té konkrétní lokalitě, toho konkrétního případu.",0,f5c65d180b769ffd
jiri-oliva,Z9/13,7,"JUDr. Markéta Vaňková, primátorka, upozornila, že podle čl. 5 odst. 2 Volebního řádu pro volbu neuvolněných předsedů, místopředsedů a členů výborů Zastupitelstva města Brna členem volební komise nemůže být kandidát na funkce volené dle tohoto volebního řádu. Poté vyzvala přítomné členy Zastupitelstva města Brna k podání návrhů na členy volební komise. Ing. Jana Drápalová navrhla Bc. Matěje Hollana, JUDr. Jiří Oliva, člen Rady města Brna, navrhl Mgr. Bc. Marka Viskota, doc. MUDr. Tomáš Skřička, CSc., navrhl Mgr. Bc. Blanku Borovskou. JUDr. Markéta Vaňková, primátorka, nechala o návrzích na členy volební komise hlasovat.",10,1f55fba1fd91456a
jiri-oliva,Z9/13,65,"JUDr. Jiří Oliva, člen Rady města Brna: Tam je takovýá širší souvislost tadystímto materiálem, ono je to tam samozřejmě v té důvodové zprávě uvedeno. Protože pan Málek je významný vlastník pozemků v lokalitě Pískovny Černovice, a když to velice zjednoduším, tak on zažaloval Pískovnu Černovice o nějaké bezdůvodné, bezdůvodné obohacení. Probíhá tam několik soudních sporů. V minulém volebním období Zastupitelstvo města Brna schválilo a bylo uzavřeno memorandum o spolupráci mezi městem",0,1f55fba1fd91456a
jiri-oliva,Z9/13,66,"JUDr. Jiří Oliva, člen Rady města Brna: Na ty pozemky byl, na cenu těch pozemků, obvyklou cenu, byl zpracován znalecký posudek, probíhala tam nějaká jednání, k tomu se možná potom blíže by vyjádřila paní vedoucí Majetkového odboru. Nedomnívám se, že by tahleta cena, která vychází z těch znaleckých posudků, tak byla taková, že bychom ji měli zpochybňovat, respektive, já nemám důvod pochybovat o tom, že ti znalci, kteří oceňovali tu cenu obvyklou, tak že, že nějakým způsobem pochybili. Stejně tak ani Oddělení realitní ekonomiky, což jsou pracovníci Majetkového odboru, specielní vlastně oddělení tam je, jsou to pracovníci, kteří denně v podstatě stanovují ceny, to znamená, znají, jakým způsobem se ta cenová hladina v Brně pohybuje u jednotlivých druhů pozemků, a nerozporovali tadytyhlety znalecké posudky. Takže z toho důvodu já nemám pochybnost o tom, že ta cena je správná, a je to cena obvyklá. A proč zrovna tyto pozemky? Protože právě tadytoto jsou ty pozemky, o které pan Málek stál, který, lidově řečeno, si do nich zabořil prst, prostě trval na tom, aby to byly právě tyto pozemky, a jsou to i pozemky vlastně zmíněné v tom memorandu, jo? Takže, a z hlediska nutnosti držet tyto pozemky ve vlastnictví města, ano, obvykle samozřejmě veřejná prostranství se neprodávají, to je, to je obecná zásada. Nicméně není to absolutní zásada, lze z ní rozhodnutím zastupitelstva udělat výjimku. A z mého pohledu, soukromého, to není takový charakter pozemku, který by naprosto nezbytně, nutně město muselo vlastnit.",0,1f55fba1fd91456a
jiri-oliva,Z9/17,3,"JUDr. Jiří Oliva, člen Rady města Brna: Jo. Děkuji za slovo. Dobrý den, dobré ráno, dámy a pánové. Já jenom stručně budu reagovat na pana starostu, protože my jsme se o tom bavili, já jsem jenom předpokládal, že pan starosta vlastně to bude navrhovat až vlastně v projednání toho bodu, to stažení, ne teďka z programu. Ale dobře, tak já k tomu teda jenom stručně řeknu, nemám problém se stažením, ten bod je sem předložen pouze a výhradně na žádost pana Kirchnera, sám bych ho v téhle fázi nepředkládal. Jenom pro doplnění, informace pro všechny členy, tak, i pro pana Kirchnera, včera tento bod projednávala Rada města Brna a jednomyslně přijala usnesení, že nesouhlasí s navrženými podmínkami směny pana Kirchnera. Takže nemám problém se stažením.",0,7ebec469c9c23f69
jiri-oliva,Z9/17,49,"JUDr. Jiří Oliva, člen Rady města Brna: Co se týče toho průkazu erginské náročnosti budovy, tak ten bude oficielně předán, ve smyslu smlouvy, čl. 6 odstavec 4, a nechá, a protože jsem věděl o tom dotazu od paní kolegyně Drápalové, tak jsem ho nechal namnožit. Takže teďka vlastně by Vám měl být rozdán jako doplněk k tomuto bodu, který obsahuje právě ten průkaz energetické náročnosti. Omlouvám se, že to de teďka, až tak na stůl, že to nešlo dřív. Teďka Vám to budou rozdávat, tak nevím, jestli tu dobu ještě mám mluvit, nebo radši poprosím paní primátorku, jestli by třeba ten bod ná, nepřerušila, že bysme se k němu vrátili, až to bude rozdáno, a můžete se do toho podívat. Nicméně takle, ono tam žádné překvapení nebude, že jo, v tom, protože ta budova energeticky je poplatná době, ve které vznikla, konstrukci, jak byla postavena. Respektive, 1 budova, oni jsou to 3 budovy, že jo? Takže ty budovy",0,7ebec469c9c23f69
jiri-oliva,Z9/17,50,"JUDr. Jiří Oliva, člen Rady města Brna: No, ty jsem neuváděl, protože ty náklady samozřejmě uvidíme, jaké budou v tom provozu, jo? Tam, v současné době tam pošta v podstatě ty budovy, až na část, nevyužívá, jo? Je tam eště část úředníků pošty, na té Benešové, tam dokonce by ještě měli být i po nabytí vlastně ti ú, někteří úředníci pošty, i po nabytí vlastnického práva městem Brnem, že by se nam uzavíráli nájemní smlouvu. Takže samozřejmě ta energetická náročnost, pravděpodobně, bude jiná, když ta budova bude plně osídlená a bude tam stoprocentní provoz, než tak, jak je tomu teďka. Takže, ale nevím, jestli někdo z OSM na to není schopen odpovědět kvalifikovaněji než já, teda.",0,7ebec469c9c23f69
jiri-oliva,Z9/20,74,"JUDr. Jiří Oliva, člen Rady města Brna: Jo. Já ještě k tomu doplním, k tomu procesu, ať na to nemusíme odpovídat písemně, ať na to nemusíme myslet. Tak co se týče toho Mendlova náměstí, tak tam vlastně teď čekáme na vyjádření",0,21185e2ff631d16f
jiri-oliva,Z9/18,11,"JUDr. Jiří Oliva, člen Rady města Brna: Já jenom k tem posudkům. Situace je taková, že co se týče objemu za, objemu finančních prostředků za zpracování znaleckých posudků, tak už jsme se začali, už v minulém roce, blížit zákonné hranici pro nutnost zadání veřejné zakázky. Proto loni proběhla veřejná zakázka, která vybrala vlastně 8 znalců, kteří splnili ty kvalifikační kritéria. A ty parametry té veřejné zakázky byly takové, že Majetkový odbor je musí rotovat v pořadí, v jakém byli vybráni, jo? To znamená, že je nesmí přeskakovat, bohužel, jako je to docela nepraktické, ale taková, tak, takto vlastně je uzavřena ta rámcová smlouva. Takto vlastně právní kancelář, MT Legal, která administrovala tu zakázku, nám sdělila, že musíme postupovat. To znamená, nelze ty znalce libovolně přeskakovat v tom pořadí, v jakém byli vysoutěženi. Nad rámec tadytohoto tedy ale uvádím, že Vy, nejenom ústně, ale i písemně, jste se Majetkovému odboru vyjádřil, že nesouhlasíte s, se zpracováním nového znaleckého posudku. A to je ten důvod, proč Vás Majetkový odbor nekontaktoval dále.",0,aeee21aca2ee1a98
jiri-oliva,Z9/18,51,"JUDr. Jiří Oliva, člen Rady města Brna: Já stručně k té historii. V tom území dlouhodobě společnost TELE - SPORT připravuje záměr výstavby s, rekreačně sportovního areálu Anthropos, což je i jedna z podmínek, ke kterým se město zavázalo, když bezúplatně převzalo, převedlo na sebe vlastnictví části pozemků v té lokalitě",0,aeee21aca2ee1a98
jiri-oliva,Z9/18,53,"JUDr. Jiří Oliva, člen Rady města Brna: Já se omlouvám kolegovi Aberlovi, že ho před, předběhnu, ale jenom odpovím vlastně tady na to. Technicky ta záležitost je upravena v článku IV. té smlouvy, kde je jednoznačně stanoveno, že nesmí, nesmí nabyvatel ten objekt zdemolovat, aniž by tam postavil repliku, a stejně tak musí, musí dbát všech rozhodnutí památkářů v té věci. Samozřejmě, my nevíme, v jakém statickém stavu to je, protože ona, řekněme si na rovinu, ten objekt není v dobrém technickém stavu, a teoreticky, i samozřejmě, ale i prakticky, se může stát, že statik řekne, tak jak se nám to třeba stalo v tom strážním domku na vodojemech, že prostě byl památkově chráněný, ale nešel zachránit, takže prostě památkáři souhlasili s tím, že se tam zboří a na jeho místě se postaví replika. Obdobně vlastně i teďka to nové sídlo STAREZ, že jo. Taky, taky se to tímhlenctím způsobem řeší. Takže jde o to, že pokud by se musel zbourat, tak se na jeho místě musí postavit vlastně ta replika a musí být dbáno všech rozhodnutí památkářů, jinak je tam vlastně výhrada zpětné koupě. Takže to je, to je vlastně v tom článku IV. Když jsem to řekl tak jako docela zjednodušeně.",0,aeee21aca2ee1a98
jiri-oliva,Z9/18,58,"JUDr. Jiří Oliva, člen Rady města Brna: Jo. Tak. Snad se pan ministr nebude zlobit, že ho předběhnu. Co se týče těch dotazů. Tak, když začnu odzadu. Co se týče cenotvorby. Tak, ty znalecké posudky, které byly zpracovány, byly zpracovány na cenu obvyklou. Na straně 20, toho materiálu, máte sdělení Oddělení realitní ekonomiky Majetkového odboru, které vždycky, standardně, nejenom v tomhle případě, ale vždycky, ty posudky přezkoumává. A tady je vlastně ten závěr Oddělení realitní ekonomiku, že nebyly zjištěny zásadní nedostatky znalcem stanovenou obvyklou cenu, v závorce - respektive tržní hodnotu, lze akceptovat. Takže to je stanovisko Oddělení realitní ekonomiky. K samotné té cenotvorbě je zde přítomen pan znalec, Ing. Janas, takže toho bych potom vyzval, ať se tadyktéto výtce pana kolegy vyjádří. Co se týče toho vyvlastnění, té možnosti vyvlastnění. Tak tam, v minulém volebním období, si město nechávalo zpracovat od pana Mgr. Procházky a společnosti Frank Bold několik, já jsem viděl 2, 2 právní analýzy, které se vlastně tady, přímo touhletou možností zabývaly. A ta jedna z těch analýz, a jedna z těch analýz tam vzpomíná i rozsudek Nejvyššího správního soudu č. j. 7 As 174/2014, který je, mimo jiné, citován i tadyvtom komentáři, zákonu o vyvlastnění, a byl i publikován ve Sbírce soudních rozhodnutí Nejvyššího správního soudu. A já si ho tady, s dovolením, část dovolím odcitovat. „Na směnu skutečně není právní nárok. Nicméně, pokud vyvlastnitel ke směně nepřistoupí, ačkoliv vhodnými pozemky disponuje, a neexistuje důvod, aby je nesměnil, může stěží obhájit tvrzení, že se mu nepodařilo získat požadovaná práva k předmětným pozemkům dohodou. To je, že splnil podmínku dle § 5 odstavec 1, zákona o vyvlastnění. Má-li vyvlastnitel k dispozici 2 pro něj prakticky ekvivalentní řešení, v závorce - koupě, nebo směna za pozemky, které nemá důvod nesměnit - závorka uzavřít, musí dát přednost řešení, které upřednostňuje vyvlastňovaný. Možnost volby z více zcela rovnocenných variant je zde jednou z mála kompenzací za to, že vyvlastňovaný zcizuje své pozemky nedobrovolně.“ A tak dále. Samozřejmě lze namítnout, že ty pozemky, o které má zájem vyvlastňovaný, tak nejsou v majetku statutárního města Brna, ale jsou v majetku jím vlastněné, 100% vlastněné akciové společnosti, která je součást koncernu. To znamená matka, statutární město Brno, může přímo uplatňovat řídící vliv. Takže je otázka, skutečně, já to nevím, to je pravděpodobně dosud neřešená, judikaturně, záležitost, jak by soud na tuhletu, na tuhletu záležitost nazíral. A pouštět se do nějakého soudního řízení, ve kterém bysme mohli získat nějaký zajímavý judikátek, po 5 až 10 letech, s vědomím toho, že by proti nám stál perfektně právně, určitě nejlepšími advokáty yyzbrojená protistrana, to asi by rychlosti realizaci toho železničního uzlu úplně nepřispělo. Samozřejmě ten, ta protistrana, jak s ní bylo jednáno, jednání ze začátku vedl BKOM, tak prostě o prodej nemají zájem, mají zájem pouze o směnu. Při znalosti tadytohoto judikátu, a i při znalosti de lege ferenda, nové právní úpravy, tak jak ji zatím koncipovalo Ministerstvo spravedlnosti, nový zákon o vyvlastnění v navrženém § 8, zatím to tedy není úplně v legislativním procesu, tak v podstatě tadytenhleten judikát víceméně inkorporuje i do textu zákona. Takže ta právní teorie, praxe, evidentně tadytímhletím směrem jde. Za tohodletoho stavu věcí je skutečně otázka, jestli pouštět se do nějakých soudních sporů o vyvlastnění, by nebyl nepřiměřený hazard.",0,aeee21aca2ee1a98
jiri-oliva,Z9/18,60,"JUDr. Jiří Oliva, člen Rady města Brna: Já jenom co se týče toho vyvlastnění. Tak tam kromě té ceny obvyklé, tak na základě paragrafu 10 odstavec 2, tak náleží i další náhrady tomu vyvlastňovanému, náhrada stěhovacích nákladů, nákladů spojených se změnou místa podnikání a dalších obdobných nákladů, které účelně vynaloží, a tak dále. To oni nepožadují, jo. Takže z mého pohledu je to naopak výhodnější než to vyvlastnění. Tady tahle ta záležitost, co se týče té porovnávané ceny, tak jasně, takhle jsou někteří, jsou někteří developeři a subjekty, kteří chtějí směňovat s městem, nebudu jmenovat konkrétně jednoho, který má pozemek zhruba 1.000 metrů komunikace v hodnotě plus mínus 2.000.000 a chce to směnit za majetek města. Konkrétně Hybešovu 16 v hodnotě plus mínus 50.000.000. To je samozřejmě naprostý nepoměr a tady tohleto vždycky odmítáme a možná to budeme mít někdy v budoucnosti na zastupitelstvu tady ten případ, že to budeme rozhodovat, jo, ale já osobně se nedomnívám, že tady je nějaký hrubý nepoměr ve chvíli, kdy pozemky Brněnských komunikací jsou 306.000.000, pozemky ČSAD a té TOREY 186.000.000, řádově, tak z mého subjektivního pohledu se o žádný hrubý nepoměr nejedná. A zase je otázka, jak by se na to ten soud díval, jo. Je možný, že by, že by dal městu zapravdu, ale taky je možný, že ne a že by po nějakých těch 5, 10 letech jsme se dostali na začátek a zjistili jsme, že prostě jsme prohráli tady tohle to soudní řízení. Takže, ale já nechci si hrát na nějakého odborníka. Je tady přítomný pan Mgr. Procházka, který byl spoluautorem těch právních stanovisek, které si dřív město zadávalo k tomu, k té možnosti vyvlastnění. Takže já dám, nebo požádám, požádám pana Mgr. Procházku, aby se k té eventualitě vyvlastnění taky vyjádřil.",0,aeee21aca2ee1a98
jiri-oliva,Z9/18,62,"JUDr. Jiří Oliva, člen Rady města Brna: Já jenom, já jenom, takhle z mýho pohledu. Proč no, protože my jako město, aspoň já to říkám za sebe, máme zájem na tom, aby sem těch 50 miliard na tu investici toho nového nádraží přiteklo, a to není jediná věc a spíš je to standardem, že město řeší majetkoprávní přípravu staveb investovaných státem, jo. Například Velký městský okruh, a tak dále. To je spíš pravidlo než výjimka.",0,aeee21aca2ee1a98
jiri-oliva,Z9/21,52,"JUDr. Jiří Oliva, člen Rady města Brna: Rozumím té připomínce, ale ono bez toho to prostě nepude, jo? Pokud chceme tu Chleborádovu vilu získat, tak ta směna, v podstatě, za tu, za ten školský objekt je jediná možnost, jak ji získat. Tam vlastně, ta jednání, nebo ty pokusy o získání té Chleborádoby vily, s přetržkami, samozřejmě delšími přetržkami, jsou už více než 30 let, jo? Poprvní město se snažilo v roce, co jsem zjišťoval, v roce 94 tu Chleborádobu vilu získat a vždycky to ztroskotalo na tom, že se nenašel vhodný objekt, který by Biskupství brněnské akceptovalo do směny. A prodat, jako za peníze, ji samozřejmě, pardon, samozřejmě nechtějí, oni ji chtějí směňovat. Takže tadytohleto, to je, pokud chceme tu Chleborádovu vilu, jako že vnímám, opravdu, už těch 3 desetiletí, že ji město chce, tak to je jediná možnost. Já si nepřisuzuji v tom žádnou zásluhu, to skutečně paní primátorka s panem biskupem předjednala, že by vlastně Biskupství brněnské, poprvé v těch 30 letech, uvažovalo o tom, že teda se té Chleborádoby vily zbaví a že by vlastně chtěli vdechnout nový život té, v současné době nevyužívané, školské budově na Jánské 22. Protože, jenom připomínám, že v současné době město pro ni nemá školské využití, naopak Biskupství brněnské tam plánuje zřídit církevní školu, takže tam bude ta budova opět sloužit školským účelům, což nám přijde docela rozumné. Takže skutečně, prostě to jinak nejde. A já si myslím, že je to opravdu velice dobrý počin, tadytahletá směna, i to, že se podařilo dojednat všechny ty další náležitosti s tím spojené, jako například, že Biskupství brněnské akceptovalo, že tam bude vlastně cena obvyklá, proti cině obvyklé, respektive tržní, protitržní, s doplatkem. Takže město ještě obdrží doplatek přes těch 50.000.000, i ve vztahu k těm dalším nájemním smlouvám, jak tam jsou. Takže, z mýho pohledu, je to absolutní maximum toho, co se dalo dojednat, a je to pro město, si myslím, velice dobré.",0,f9d440624b7d3d49
jiri-oliva,Z9/21,53,"JUDr. Jiří Oliva, člen Rady města Brna: Já, já jenom doplním slova pana tajemníka, která jsou samozřejmě pravdivá. Já jsem část minulýho volebního období měl na starosti tu správu majetku a zajímali se, zabývali jsme se tady i budoucím osudem tadytéhleté budovy. V podstatě jsme připravovali nějakou rekonstrukci, ale tá, samozřejmě ty přípravy vážně nemohly začít, dokud jsme neměli rozhodnuto, co v té budově bude. A skutečně zvažovali se různé varianty, včetně, jak říkal pan tajemník, toho, že by vlastně se předělala na magistrátní objekt, což by samozřejmě bylo docela nákladné. A myslím, že se to velmi pěkně vyřešilo tím, jak se nám naskytla možnost koupit ty objekty od České pošty, které vůbec předělávat nemusíme, které prostě úřední budovy jsou, a když to přeženu, tak stačí tam jenom vyměnit koberce a vymalovat. Takže, takže prostě ono to mělo určitý vývoj a samozřejmě všechny tadyty úvahy o tom budoucím využití ustaly ve chvíli, kdy jsme zjistili, že by Biskupství brněnské o to mělo zájem, o tu budovu, a že by tam vrátilo ten školní život. Takže, takže ono to není tak, jakože by jsme jako o tomhle problému nevěděli, že bysme to zanedbali, ale ono samozřejmě to mělo nějaký vývoj v čase a, a hledali jsme to řešení nejlepší. A troufám si říct, že tohle, to, co teď máme tady, o čem",0,f9d440624b7d3d49
jiri-oliva,Z9/22,50,"JUDr. Jiří Oliva, člen Rady města Brna: V podstatě ty diskuse o tom, s kterou z těch variant při prodeji tadytohoto pozemku jít, tak ty byly komplikované a dlouhé. A nakonec jsme se, i vzhledem k tomu, jak je to významný a hodnotný pozemek, tak jsme se rozhodli, aby zastupitelstvo mělo možnost vyjádřit se k oběma těm variantám, protože obě dvě ty varianty jsou zcela legitimní, transparentní a lze jimi pokračovat. A ty diskuse skutečně pořád probíhají, čehož je dokladem i to, že včera, na poradě předsedů klubů, tak jsme opět jako tu záležitost diskutovali, s tím, že by se dalo hlasovat prvně, tak jak tady pan 1. náměstek předeslal, o té variantě B, tedy koncesní řízení, s tím ale, že by vlastně jsme tam ještě doplnili 1 odrážku, do té varianty B. Vy jste to v písemné podobě, tadytento můj návrh na usnesení, dostali teď, asi před půlhodinou Vám byl rozdán, já ho tady pro jistotu přečtu: Zastupitelstvo města Brna ukládá Radě města Brna zajistit vypracování komplex, kompletního návrhu zadání koncesního řízení, včetně podmínek a kritérií jejich hodnocení, a tento návrh předložit Zastupitelstvu města Brna, bezodkladně. Čili bylo by to o tom, že teď vlastně se, pokud by, pokud by prošla ta varianta B, tak by se odstartoval ten proces té, to hledání nastavení těch optimálních koncesních podmínek a tyto ještě, předtím, než by ta koncese byla zveřejněna, tak by, a zahájena, tak by byly předloženy k definitivnímu schválení, nebo neschválení Zastupitelstvu města Brna.",2,0a5e067d7f1d3081
jiri-oliva,Z9/22,50,"JUDr. Jiří Oliva, člen Rady města Brna: Takle, samozřejmě ty podmínky té koncese se teprv budou tvořit. Ale ne, ani sem nezaznamenal, že by někde někoho napadlo, byť jen si pomyslet na to, že bysme to měli uzavřené, jo? Takže samozřejmě uvidíme, jaké budou ty podmínky koncese, ale myslím si, že opravdu je na místě, aby to bylo co nejotevřenější a tran, a co nej, nejtransparentnější.",0,0a5e067d7f1d3081
jiri-oliva,Z9/23,30,"JUDr. Jiří Oliva, člen Rady města Brna: Ten pozemek není svěřený městské části, to znamená, to stanovisko městské části o nesouhlasu s prodejem není nějakým způsobem závazné, je to konzultativní stanovisko, které jsme samozřejmě vnímali. Na druhou stranu, musím říct, že není pravdou, že by město nemělo dostatek pozemků pro výstavbu dostupného bydlení. Máme jich dost a ten problém leží úplně někde jinde než v tom, že bychom neměli pozemky. A tadytohleto, to je malý pozemek, jo, to je skutečně pozemek spíš určený pro nějaký rodinný dům, nebo nějaký, úplně malý, bytový objekt. A ze zkušenosti, a co vím, když jsem měl na starosti bydlení, a myslím, že kolegové z Bytového odboru mně to potvrdí, že ono není, není úplně účelné, nebo respektive takto. Ta, ta strašlivá byrokracie, co se týče povolování staveb, tak jí musíte projít, ať stavíte 300bytový, obrovský dům, nebo jestli stavíte 3bytový dům, jo? To znamená, veškerá ta agenda, která s tím je spojená, tak je v podstatě stejná, jestli stavíte obrovský komplex, nebo, nebo malinký, takřka rodinný dům. Malý bytový dům. Takže z hlediska efektivnosti činnosti Bytového odboru je prostě logičtější stavět ty velké bytové komplexy, protože, řekněme si na rovinu, 3, 3 byty úplně nezmění situaci s dostupností bydlení v Brně, a naopak zaměstnají agendu těch pracovníků Bytového odboru, který se tím budou zabývat, a mezitím by třeba se mohli zabývat výstavbou nějakého domu pro 50, 100 bytů, jo? Takže, takže to je můj názor, osobní, proč jsem hlasoval, tak jak jsem hlasoval. Samozřejmě každý na to může mít jiný názor, ale myslím si, že opravdu, a ne, ne myslím si, vím, že město těch pozemků má dost, kde může stavět dostupné bydlení. A opravdu ten problém je jinde.",0,4658264f1b9b47c0
jiri-oliva,Z9/23,30,"JUDr. Jiří Oliva, člen Rady města Brna: Jo. Tak já nemám úplně v gesci tu realitní společnost, což je vlastně bývalý COMS, přejmenovaný, ale, podle toho, co vím, tak si troufnu odpovědět, že ty dražby dělají oni sami, nikomu to neoutsourcují, mají pro to člověka, mají proto software. Opakovaně to už dělali pro město. A myslím si, a to asi nemluvím jenom za sebe, že s jejich prací je ve městě velká spokojenost.",0,4658264f1b9b47c0
jiri-oliva,Z9/23,58,"JUDr. Jiří Oliva, člen Rady města Brna: Jo, děkuju za ten dotaz, jo, to je dotaz na místě. Ona to je velice komplikovaná záležitost, jak určitě jste z té důvodové zprávy poznali, není to jednoduchá věc, celá ta směna. A, nebo celý, celá ta směna, to budoucí nabytí. A ono to jinak udělat nejde, jo? Úplně, samozřejmě, 100% jistota toho, že ty 2 pozemky, respektive ten 1 pozemek a část toho druhého pozemku, v budoucnu město nabyde, ta úplně 100% jistota není, ale je tedy důvodný předpoklad, právně to ošetřeno je nejlíp, jak to v této chvíli možné ošetřit je. A skutečně, my předpokládáme, že tá společnost, je to v jejich zájmu tam ten, ten pozemek, ten pozemek zastaví tou budovou toho bytového, nebo polyfunkčního domu. A to je samozřejmě to, kde je, kde je to slabé místo. To znamená, k té sm, k tomu budoucímu nabytí by nedošlo, pokud by k té zástavbě nedošlo, z nějakého důvodu. Že by nebylo možné ten pozemek oddělit, jo? Ale ve chvíli, kdy oni to postaví, tak s, ty parametry vlastně té budoucí smlouvy jsou takové, že potom oni vlastně tadytuhletu záležitost musí dořešit tak, aby vlastně město ty pozemky nabylo. Takže, je to, říkám, z mého pohledu je to, líp ošetřit to nejde, ale úplně 100% jistota samozřejmě není, jo? Ale je, řekl bych, ta jistota velmi vysoká. Možná, pokud by mě třeba chtěl někdo doplnit, nebo opravit, z Majetkového odboru, má možnost, ale já to vnímám takto, jo?",0,4658264f1b9b47c0
jiri-oliva,Z9/23,58,"JUDr. Jiří Oliva, člen Rady města Brna: Ne, takhle. Ta smlouva budoucí je limitována vlastně časem do roku 2030, potom zaniká. Ale podmínka, jedna z těch vlastně kumulativních podmínek pro uzavření té budoucí kupní smlouvy je právě to, že tadytahleta omezení, ty zástavy a ta omezení zaniknou, jo? Ješ, ještě před tím rokem 30.",0,4658264f1b9b47c0
jiri-oliva,Z9/23,58,"JUDr. Jiří Oliva, člen Rady města Brna: Je samozřejmě maximálně do roku 34, ale předpokládá se, že tá zástava zanikne právě dřív, jo? Že pokud by tam přetrvávala, tak by samozřejmě ta kupní smlouva nemohla být uzavřena, jo? Takže to je maximální limit, na kterou byla vlastně sjednána tá, a to teď teda nevím úplně přesně, to ale předpokládám, že tak jak to u zástavních práv bývá, že prostě tá zástava, že jo, to je to, akce, co dycky …",0,4658264f1b9b47c0
jiri-oliva,Z9/23,58,"JUDr. Jiří Oliva, člen Rady města Brna: Jo. Jsem si myslel, že já jsem to vypnul, které zajišťuje ten úvěr, respektive tu pohledávku, takže je zajištěna na dobu splácení té pohledávky, což je samozřejmě maximální možná, maximální možná délka. A předpokládá se, a tak je s tím uvažováno, že vlastně ten závazek, který zajišťuje to zástavní právo, zanikne dříve. To znamená, zanikne i to zástavní právo, jo? Ale říkám, ale to, to, to předpokládám. To teďka jako vopravdu, jako úplně Vám přesně neřeknu, že, nevím, já jsem ty zástavní smlouvy nečetl, ale prostě tak to bývá.",0,4658264f1b9b47c0
jiri-oliva,Z9/23,59,"JUDr. Jiří Oliva, člen Rady města Brna: Takhle, já to beru tak, za mě je ten materiál taky právně v pořádku. Pokud tadytohleto ujištění nestačí a chcete to písemně, já bych byl nerad, aby prostě byly nějaké otazníčky, protože opravdu já to taky vnímám, že ten materiál je pro město výhodný a bohulibý, protože, a to by možná řekl kolega, náměstek pro sociální oblast, v podstatě bude řešit ubytovnu pro lidi, kteří neměli úplně v životě moc štěstí, někdy, takže já bych nerad, abysme to tlačili nějak na sílu, nebo aby tady byly nějaké pochybnosti, nebo aby někdo měl nějakou obavu. Já si myslím, že ten materiál se připravoval docela dlouhou dobu, a pokud by to pomohlo rozptýlit nějaké, z mého pohledu, třeba neodůvodněné, ale byť tedy obavy, tak já klidně, ať se to stáhne a ať se tam dá nějaké eště další, jo, další tedy, jo, Tomáš prosí, tak nějaké právní stanovisko. A pokud to pomůže průchodnosti, lepší, toho materiálu na příštím zastupitelstvu, tak ho předložíme příště, jo? Jako já v tom sám, za sebe, nevidím problém, a říkám, fakt si myslím, že je to dobrá věc pro město, je to dobrá směna, vyřešíme tím nějaký, nějakou sociální oblast, jo? Ale nechci, aby tady byly nějaké zbytečné otazníčky, které prostě můžeme pak písemně třeba rozptýlit.",0,4658264f1b9b47c0
jiri-oliva,Z9/23,61,"JUDr. Jiří Oliva, člen Rady města Brna: Tak. Já se teda moc omlouvám panu předsedajícímu, já bych nedoporučoval teďka tadytyhlety body slučovat a poprosím, aby byly projednány zvlášť. Ten důvod pochopíte záhy.",0,4658264f1b9b47c0
jiri-oliva,Z9/23,62,"JUDr. Jiří Oliva, člen Rady města Brna: Tady, já se moc omlouvám, ale ještě potřebujeme si něco tadyktomuto bodu vyjasnit, což jsem teďka zjistil, na poslední chvíli, takže navrhuji stažení bodu 112).",0,4658264f1b9b47c0
jiri-oliva,Z9/23,62,"JUDr. Jiří Oliva, člen Rady města Brna: Tak. A to je ten druhý důvod, proč jsem nechtěl ty body spojovat. A tady bych, po konzultaci s panem starostou, který mě o to poprosil, a to z důvodu, že mají ten pozemek pronajatý, v současné době, a ta stavba v nejbližší době ještě se nepředpokládá, že by měla být zahájena, tak bych si dovolil navrhnout a načíst ještě doplnění toho usnesení, tak, že bychom tam doplnili větu na konec - a to ke dni zahájení realizace stavby bytových domů Terezy Novákové. To znamená, že by vlastně jsme schválili odsvěření, ale účinností to odsvěření by nabylo, jakmile se zahájí stavba. To znamená, do té doby by vlastně městská část mohla brát z toho pozemku užitky, což mně přijde docela logické.",0,4658264f1b9b47c0
jiri-oliva,Z9/25,25,"JUDr. Jiří Oliva, člen Rady města Brna: Zákon nám samozřejmě nepřikazuje, abychom prodávali ve veřejné dražbě, my se snažíme tam, kde to je aspoň trošku rozumné, tak v té dražbě, tak jít cestou veřejné dražby. Tadytohleto není úplně ten případ. Protože, jestli to tam dobře znáte, tak to je v podstatě přestavbové území. Developer, CTP, tam, tadytento brownfield, tak to skončím, byl brownfield, že jo, ta Vlněna, tak tam podstavil v podstatě nové objekty, které jsou pěkné, slou, moderní, slouží tomu účelu, a v podstatě tadyzté zanedbané části města Brna tak tvoří víceméně výstavní čtvrť. No, a tím, jak se tá čtvrť proměňuje, tak v podstatě tadytyhlety domy jsou tam, nechci říct, už trošičku jako pěst na oko, ale, ale nezapadají do toho celkového konceptu. Takže, už před, myslím, 4 roky vlastně ten developer požádal, aby mohl koupit ty domy za účelem toho, aby je zboural a v podstatě pokračoval v té revitalizaci toho celého území, s tím, že pokud bychom prodávali, nikoli napřímo, tak by samozřejmě existovalo určité, nechci říct riziko, ale určitá pravděpodobnost toho, že by to koupil někdo, kdo by, někdo jiný, kdo by vlastně ty domy tam zachoval. Což právě tadyvtomhletom případě není úplně ten účel. Takže, a já teda jako nejsem jako samozřejmě nadšený z toho, že se to neprodává v dražbě, já ty dražby mám rád a preferuji je, takže jsem měl jednání s CTP, kde jsem tedy, kde jsem tedy navrhl ten postup, aby se zpracovaly 2 znalecké posudky a prodávalo se to za cenu toho vyššího, jo? Abysme měli skutečně jistotu, že prodáváme dobře. Protože je to docela, docela podstatná, velik, velká majetková transakce. Mimochodem, obdobný postup jsme zvolili v té velké transakci, v té velké směně na Černovické terase, v té lokalitě Pískovny, která tady byla před nedávnem v zastupitelstvu. No, a skutečně tedy došlo k tomu, že jsme nechali zpracovat ty 2 znalecké posudky, přičemž vidíte v tom ten obrovský rozdíl, jo? To jsme fakt nečekali. Pan Ing. Janas, 134, něco, ten 2. posudek, 225, bez daně, jo? Bez DPH, to je ještě potřeba říct. Takže, takže ta cena, ta cena toho 2. znaleckého posudku, kterou tedy opravdu nikdo nečekal, jo, tak je docela značná. A spíš musím říct, že se divím společnosti CTP, že to za tu cenu chce koupit, ale oni mají takovou politiku, takže z hlediska té ceny je to pro město, si myslím, docela, velmi, velmi výhodný obchod. A je potřeba říct, že když odečteme, ze Statutu, co se dává městské části, těch 20 %, to jsme schvalovali na minulém zastupitelstvu, tak těch 80 % výtěžku půjde do Fondu bytové výstavby, kterému to velmi pomůže. A budou tedy jako účelově tadyty prostředky z toho prodeje určeny pro bytovou výstavbu města Brna, nebo rekonstrukce, prostě pro to, co je Fond bytové výstavby určen, jo? Takže to mě, to mě naplňuje klidem a optimismem tadyvtomhletom materiálu. A eště, možná jako na dokreslení, ten záměr byl zveřejněn na úřední desce a na Majetkový odbor skutečně se obrátilo několik, několik osob, nevím, jestli fyzické, nebo právnické osoby, s dotazem na cenu, za kolik jako by se to prodávalo, že by o to měly zájem. Ale ve chvíli, kdy jim byla sdělena tá cena, 225.000.000, tak už se nikdo neozval, jo? Takže, opravdu, myslím si, že ani kdybysme to prodávali v té dražbě, tak bysme prostě vyšší cenu určitě tadyvtomhletom případě, kon, v tomhletom konkrétním případě nedostali.",4,e988b29ad183637c
jiri-oliva,Z9/25,25,"JUDr. Jiří Oliva, člen Rady města Brna: Tak pokud vím, v té lokalitě byty vznikají, možná, jestli je tady už pan ředitel Dospěl, z CTP, kterého jsem zval na projednání, aby otázky tohoto typu mohl zodpovědět on? Akorát já jsem mu taky říkal, aby přišel až tak v 10 hod., co jsem fakt nepočítal s tím, že to nabere takové ostré tempo, to zastupitelstvo, dneska. To, co tam vznikne, je dáno územním plánem, jo? Pokud bysme, pokud bysme kupujícího chtěli zavazovat nad rámec obecně územně plánovacích dokumentací, územní",0,e988b29ad183637c
jiri-oliva,Z9/25,26,"JUDr. Jiří Oliva, člen Rady města Brna: Ne, já tomu rozumím, říkám, já jsem fakt příznivce těch dražeb. Musím říct, že zase tadytohleto, tu dražbu té Milady Horákové, co vzpomínáš, tak z té celé, dlouhé řady dražeb, které už tady proběhly, tak je v podstatě exces, jo? Kde byl vopravdu tak veliký rozdíl mezi tou vyvolávací cenou, a na základě toho posudku tam bylo evidentní, že ten posudek byl podstřelený. A v té dražbě ten, ten vydražitel, co za to dal, tak když jsem se ptal jako na to, názor ostatních developerů, kteří tomu rozumějí, tak říkali, že to prostě přehnali, že to jako tu hodnotu nemá. Takže to bych nebral jako úplně nějaký referenční vzorek. Protože pak jsme dražili řadu dalších, obdobných objektů, tam, teď si, teď si nemůžu vzpomenout na tu ulici, nemůžu vzpomenout na tu, název ulice, ale to je jedno, prostě proběhl, proběhla celá řada jako dražeb obdobných objektů, kde naopak došlo k tomu, že, že v té 1. dražbě to nebylo prodáno, jo? Že to bylo prodáno až v opakované dražbě, že naopak ten posudek to přestřelil, jo? A těch, těch případů bylo docela dost, jo? To jsme měli na Hybešovu, na Hybešové, měli jsme to tady, na Pekařské, měli jsme to na té ulici, co si nemůžu vzpomenout ten její název, Vranovská, na Vranovské, jo? Takže, takže, říkám, ten, chápu tu argumentaci, ale ten případ té Milady Horákové je spíš výjimka potvrzující pravidlo.",0,e988b29ad183637c
jiri-oliva,Z9/25,27,"JUDr. Jiří Oliva, člen Rady města Brna: Tak, já, takhle, nebrání tomu nic, to je rozhodnutí tohoto zastupitelstva. To je rozhodnutí všech nás, co tady jsme, jo? Takže je to, jak říkám, je to možnost legitimní, stejně legitimní možnost je ta, která je navržena, to znamená přímý prodej tomu sousedovi, který, který celou tu lokalitu rozvíjí, podle určitého konceptu. Á ten model toho, že byly zpracovány 2 znalecké posudky a prodává se to za cenu vyššího, přičemž ten vyšší je významně vyšší, jo, významně vyšší oproti tomu druhému, tak je legitimní. Připomínám, že skutečně není povinnost, není zákonná povinnost prodávat v dražbách. My dem nad, v té transparentnosti, nad rámec zákona, jo? Takže, ale je to rozhodnutí tohoto zastupitelstva, samozřejmě.",0,e988b29ad183637c
jiri-oliva,Z9/24,23,"JUDr. Jiří Oliva, člen Rady města Brna: Je, akorát já ji teď tedy budu muset taky najít, na které to je straně. No, ono to není, to je, to tady nemám číslovaný. Tam je vlasně, nemám tu, já nemám to číslo té strany tady, bohužel, ale je to vlasně, jak je ten dopis, MENDLÁK, německé zemské gymnázium, vážená praní primátorko, jo. Kolikátá je to strana? 42, jo, 42, děkuju. Mně jak špatně tiskne tiskárna, takže já to mám tady vytištěný, takže tam nemám ty čísla těch stránek. Tak to se omlouvám.",0,0f8748a98e03e9ac
jiri-oliva,Z9/24,23,"JUDr. Jiří Oliva, člen Rady města Brna: My jsme se tadytímto skutečně velice vážně a odpovědně zabývali, dokonce když začala ta jednání, někdy v létě, loňského roku, tak jsme si toho pana znalce i pozvali na poradu vedení a kladli jsme mu otázky. Já nebudu nějakým způsobem obhajovat ten posudek, ani mně to nepřísluší, nemám k tomu ani vzdělání, ani pravomoc. Zval jsem pana znalce na dnešní jednání zastupitelstva, on se teda, bohužel, omluvil, že je mimo Brno, takže tady dnes není. Ale my jsme tady, říkám, my jsme tadytohleto řešili a jedním vlastně z těch, z těch výstupů, z toho řešení, když jsme měli včera mimořádnou radu, tak je ten dodatek. A já tedy se, předně omlouvám, že ten dodatek máte teď tady na stůl, ale, jak říkám, je to dáno tím, že jsme teprve včera na radě, protože ta jednání pořád probíhala, tak jsme o tomto rozhodli. Já jenom stručně řeknu, o čem je ten dodatek. Vlastně to, co Vy máte teď v těch řádných materiálech, tak to je o tom, že se prodává za cenu 120.000.000. Což je tedy výš, než je, docela dost výš, než je tá cena, která vyšla podle toho znaleckého posudku. My jsme průběžně jednali se zástupci společnosti PORG, panem Martinem Romanem, který mimochodem je tady přítomen a předpokládám, že potom k tomu bude také chtít něco říct. A vlastně z těch jednání vyplynulo, že by PORG si následně chtěl uplatňovat to zhodnocení, vlastně o co zhodnotil tu budovu těmi, ať už opravami, nebo investicemi, tak jak vlastně vyplývá z toho § 2220 nového občanského zákoníku. My jsme tadynatoto reagovali a vlastně ty 2 varianty, co jsou Vám teď vlastně předkládány, tak doplňují tu smlouvu, a to tak, že ta varianta 1 doplňuje tu smlouvu vlasně, v čl. IV, o ten odst. 1, kdy kupující se vyloženě výslovně z, vzdá nároku na jakékoliv zhodnocení, na to, aby mu prostě, ať už městská část, nebo město Brno, protože ze zákona jako by to mělo být nárokováno vůči pronajímateli Pronajímatelem byla ta městská část, ale to jsou detaily, do toho nechcu zabíhat. Takže by se vzdával jako toho nároku, jo? Úplně. Ta varianta B je, že by se ta smlouva doplňovala taky o ten odst. 8, čl. IV, kde by se vzdával toho, co je nad 10.000.000. To znamená, že by se tam udělal znalecký posudek na zhodnocení toho, o co ses, ta budova zhodnotila těmi vnosy, těmi investicemi. A město, potažmo městská část by vlastně kompenzovala jenom částku, která by vyšla z toho znaleckého posudku, nejvýše však těch 10.000.000, a těch, toho, co je na, nad 10.000.000, tak by se vlastně ten kupující vzdal toho nároku.",0,0f8748a98e03e9ac
jiri-oliva,Z9/24,25,"JUDr. Jiří Oliva, člen Rady města Brna: Jo, já, děkuju, já eště k té ceně. Říkám, já opravdu nebudu, nebo nechci mluvit za pana znalce, ale my, když jsme byli na té poradě, tehdy, když jsme si ho zvali, tak on vlastně tam tehdy měl cenu, 52.100.000, to léto, a právě odůvodňoval to tím, že tam jsou ta omezující, ty omezující podmínky té městské části, vlastně. Ta městská část potom ty omezující podmínky zúžila, jo? Tam vlastně některé ty omezující podmínky z toho vypadly, ale zůstala tam vlastně ta hlavní omezující podmínka, kterou městská část požadovala, aby tam vlastně bylo, teda na 99 let, to provozování toho školského zařízení, zapsanýho v tom registru škol. Takže, a je to vlastně tam sankcionováno tím právem zpětné koupě, takže to vnímám, že ten znalec považoval vlastně za to, proč, proč tu cenu stanovoval tak, jak takovou, takovou, jakou ji stanovoval. Ale to, co mě teda významně uklidňuje, tak je to, že my bychom neprodávali za cenu tadytohoto znaleckého posudku, prodávali bysme to výrazně výš, za těch 120.000.000, s tím, že navíc bychom, jak je to teďka navrženo v těch dodatcích, tak v té variantě A bysme se zbavili jakýchkoliv budoucích nároků toho kupujícího na případné zhodnocení té budovy, a v té variantě B nároků nad 10.000.000.",0,0f8748a98e03e9ac
jiri-oliva,Z9/24,25,"JUDr. Jiří Oliva, člen Rady města Brna: No ne, tak ona nepřestane platit těch 99 let. Takže, potom, co bude po 99 letech, tak toho já už, nevím, to se asi už nedožiju, ale těch 99 let ten závazek je platný a vymahatelný, jo? A co se týče jako toho školství, samozřejmě, jednoznačně je pravda, že na prvním místě se máme starat o to veřejné vzdělávání, což taky děláme, jako město a městské části. Na druhou stranu, z mého pohledu, je velmi dobře, i jako z hlediska prestiže Brna a celkově vzdělávání a takového toho vzdělá, vzdělanostního magnetu města Brna, že tady tak renomovaná a skutečně erudovaná instituce, jako PORG, je, že není jenom v Praze. A já myslím, že to je právě, a z mého pohledu, to je opravdu ten důvod, proč se tadytímto vážně zabývat, protože jsem rád a chci, aby PORG tady zůstal. V Brně.",0,0f8748a98e03e9ac
jiri-oliva,Z9/24,26,"JUDr. Jiří Oliva, člen Rady města Brna: Je to tak, ten čas nás tlačí a ten důvod, si myslím, že nejlépe vystihne pan Martin Roman, v té své řeči, kterou, předpokládám, bude mít.",0,0f8748a98e03e9ac
jiri-oliva,Z9/26,43,"JUDr. Jiří Oliva, člen Rady města Brna: Já souhlasím samozřejmě s tím, co říkal kolega Abr, Aberl. Á jenom, když se vlastně podíváte na tu majetkovou mapu, tak tam v tom území je město v podstatě dominantním vlastníkem, a to jsou 2 takové soukromé proužky, vklíněné do toho vlastnictví města. Takže, i kdyby tam město nemělo žádné rozvojové plány, jako že je má, tak, i tak by to samozřejmě stálo za to koupit a scelit celý to území.",0,e5fe37ddafdb66a3
jiri-oliva,Z9/26,53,"JUDr. Jiří Oliva, člen Rady města Brna: Ano, uvažuje. A nejenom uvažuje, už jsme i některá opatření přijali. On je to vopravdu problém, jo? Tam vlastně nový občanský zákoník stanoví to mimořádné vydržení oproti tomu řádnému vydržení, které vlastně tam nejenom ta lhůta, že jo, 10 a 20 let, ale tam hlavně jsou ty podmínky toho vydržení, že jo. Kdy pro to řádné vydržení, tak tam judikatura požadovala ten domnělý nabývací titul, ale u toho mimořádného vydržení tam vlasně, podle té současné judikatury Nejvyššího soudu, tak tam vlastně se nevyžaduje ani řádnost a poctivost té držby, jo? Takže tam stačí, když, když on byl v přesvědčení, že ta jeho držba nepůsobí nikomu újmu, a tadytohleto vlasně, nebo rozpor tohoto vlastně musí prokazovat ten, kdo popírá tu držbu, jo? Nese tu důkazní břemeno. Takže my, a to reálně prostě jako prakticky nejde prokázat, jo, v 99 % případů. Takže je to, je to prostě problém a budem se tady s tím pravděpodobně i dál setkávat. My jsme udělali, nebo teď, teďka vlastně bude organizační změna, kdy by vlastně na Majetkovém odboru mělo být vytvořeno 1 nové funkční místo, které by právě mělo řešit, systémově, to, abychom tak v těchto případech šli. A tam, kde vlastně ještě je to možné, to znamená, tam ještě, kde neuběhla ta 20letá vydržecí doba, tak aby vlastně jsme činili kroky k tomu přerušení té vydržecí doby. Protože, bohužel, jako systémově se to v minulosti nějakým způsobem neřešilo, víceméně když se na to náhodně přišlo, ale, ale nešlo se po tom systémově. A teda další některá opatření jsme ještě přijali při přípravě těch materiálů, aby vlastně tadytyhlety záležitosti, kde by hrozilo to mimořádné vydržení, tak aby se prověřovaly a odpovídajícím způsobem potom se připravovaly ty materiály pro, jako podklady pro jednání orgánů města.",0,e5fe37ddafdb66a3
jiri-oliva,Z9/26,53,"JUDr. Jiří Oliva, člen Rady města Brna: To je dobrý podnět. Já zrovna teďka čtu knížku, proč se nebát umělé inteligence, a je to docela zajímavý. Takže zkusíme, zkusíme se zamyslet, jak bysme toho využili, tu umělý, umělou inteligenci, když je fakt, že ono tadyvtěch případech je část té práce, spočívá v tom, že je potřeba to tam vlastně přímo zjistit, v tom terénu. Ale já zase varuju před nějakým přehnaným optimismem, protože ono většinou se jedná o ty pozemky, které tam takhle vlastně jsou připloceny a v rozporu s tím skutečným stavem užívány už desítky let. A vlastně pokud tá vydržecí lhůta už proběhne, tak pak už tam k tomu vydržení dojde, jo? Tam my už s tím pak nic neuděláme. Tam jde o to, aby",0,e5fe37ddafdb66a3
jiri-oliva,Z9/26,55,"JUDr. Jiří Oliva, člen Rady města Brna: My samozřejmě tu součinnost těch městských částí vítáme a děkujeme za ni. A ten nový člověk určitě bude muset být v kontaktu s městskými částmi a využívat to jejich unikátní, místní know how, to je jasné. Co se týče té umělý inteligence, já jsem nechtěl polekat pana tajemníka, my jsme spolu byli na takovém školení umělé inteligence a oba dva jsme viděli ty možnosti, limity. Já vůbec, v žádným případě nejsu odborník. Já jenom teď čtu tu knížku, proč se nebát umělé inteligence, takže já se jí teď nebojím. Ale nechtěl jsem slíbit to, že tu umělou inteligenci jako na to použijeme, ale že budeme hledat možností, jak to udělat, pokud by to mělo být efektivní. Protože prostě budem hledat všechny možnosti, jak efektivně tu záležitost, a nejenom tudle, ale i jiné záležitosti řešit prostě tak, aby, aby to bylo efektivní. A pokud k tomu povede cesta umělou inteligencí, tak ať to tak je. Pokud ne, no, tak holt se to prostě nebude ještě moc využívat, prostě zkusíme to a uvidíme.",0,e5fe37ddafdb66a3
jiri-oliva,Z9/27,90,"JUDr. Jiří Oliva, člen Rady města Brna: Já nevím, jestli jsem kompetentní mluvit za celou radu, nicméně vedení města v tomto volebním období přistupuje, já dycky řikám, ke svěření jako k šafránu, jo? Že se svěřuje jenom tam, kde opravdu je to do očí bijící, jak to dává smysl, a v jiných případech se nesvěřuje. Tady, když se podíváte, tak vlastně ty okolní pozemky svěřeny nejsou. Takže ty případy, kdy se svěřuje, tak je například, když je vlastně pozemek uprostřed, nesvěřený pozemek uprostřed svěřených pozemků, takže vlastně ani ta jeho správa samostatně nedává nějak smysl. Tadytohleto, to ten případ není. Takže tady, v tomto případě se rada držela nějakého toho nepsaného úzu v tomto volebním období, jak přistupuje ke svěřování. Co se týče komise majetkové, tak zase, já neumím komentovat, jak jednotliví členové komise majetkové přistupovali k tomu hlasování, jednou z členkou komise majetkové je paní starostka, která pravděpodobně tam byla schopná argumentovat tak, že většinu členů komise majetkové přesvědčila. Ale, jak řikám, to asi je spíš spekulace.",0,1ac7d00d7789f14d
jiri-oliva,Z9/27,90,"JUDr. Jiří Oliva, člen Rady města Brna: No, já teda dám návrh na stažení tohoto bodu, on ten přístup tadyvtomto je, eště to trošku jako dovysvětlím. Jak jsem říkal, ten přístup. Tam jde o to vlasně, aby ty pozemky tvořily nějaký funkční celek, že jo? Tady vlasně, tenhlencten pozemek sousedí s těmi svěřenými jenom částečně, ale dominantní, ty s, ty sousední pozemky vlastně nejsou ani ve vlastnictví města Brna, jo? Tam, kde",2,1ac7d00d7789f14d
jiri-oliva,Z9/29,7,"JUDr. Robert Kerndl, náměstek primátorky, navrhl Ing. Davida Trlla, Ing. Karin Podivinská, náměstkyně primátorky, navrhla Ing. Karla Kalivodu, RNDr. Filip Chvátal, Ph.D., náměstek primátorky, navrhl Petra Bořeckého (Lidovci a Starostové), člena Rady města Brna, a JUDr. Jiří Oliva, člen Rady města Brna, navrhl Mgr. Bc. Marka Viskota.",4,af870d56898ecc01
jiri-oliva,Z9/29,55,"JUDr. Jiří Oliva, člen Rady města Brna: Já bych možná teda ještě doplnil, co se týče obsahu toho, co včera vlastně ta rada projednala a schválila, jak jsme vlastně diskutovali na Sněmu starostů tu záležitost, kdy nově už není možné",0,af870d56898ecc01
jiri-oliva,Z9/29,58,"JUDr. Jiří Oliva, člen Rady města Brna: Tak já se pokusím vyplnit ten čas, protože musíme aktualizovat to znění přílohy 3, která vlastně obsahuje, nově bude obsahovat veškerý ten svěřený majetek o ty majetkové dispozice, které jsme schválili dnes, na zastupitelstvu, a které tedy z toho důvodu samozřejmě tam, v tom návrhu, nemohly být zohledněny. Takže, to je ten papír, ten materiál, který jste teď dostali, který Vám teď byl rozdán. Já se zeptám, možná právní porady, jestli to musím číst? Jo, právní porada je zaneprázdněná. Tak já to, já to přečtu. Já tama zatím aspoň vyplním tedyten čas. Takže, do přílohy 3 statutu doplnit - Změna, změnu v souvislosti se schválenou směnou pozemku na dnešním jednání zastupitelstva Brna: • u městské části Brno-jih se v rámci kategorie III doplňuje pozemek p. č. 614/6, k. ú. Horní Heršpice a ve sloupci „svěřeno“ bude uvedeno „od právní, od právních účinků vkladu“.",2,af870d56898ecc01
jiri-oliva,Z9/29,58,"JUDr. Jiří Oliva, člen Rady města Brna: … a dokázal jsem, že umím číst, ještě.",0,af870d56898ecc01
jiri-oliva,Z9/28,20,"JUDr. Jiří Oliva, člen Rady města Brna: Tak já ještě, za klub Sociální demokracie, řeknu náš názor. Je supr, že soukromý investor chce investovat takovéto peníze do sportovní infrastruktury, to je perfektní, tleskáme tomu a město by mu mělo vyjít maximálně vstříc. Co se týče lokality, tak jednoznačně podporujeme lokalitu za Lužánkami. A pevně věřím a doufám a držím palce soukromému investorovi, že se mu podaří co nejrychleji vyřešit všechny ty překážky v té lokalitě, s panem Procházkou. Takže jsme pro stadion za Lužánkami.",0,7ac680d41d8d0dd0
jiri-oliva,Z9/28,26,"JUDr. Jiří Oliva, člen Rady města Brna: Tam je předpoklad, že bychom tadytyto pozemky směňovali za pozemky na Veveří. Tam vlasně stát, respektive hasiči mají takovou pěknou stavební parcelu. Je to pozemek po, vlastně proluka taková, takže by se tam daly stavět buď nějaké dostupné byty, družstevní bydlení, nebo myslím si, že určitě něco takového by tam bylo dobré. A potom bychom měli zájem tady vlastně do této směny ještě dát budovu ubytovny ve Slatině na, bývalé ubytovny, vona už tak nefunguje, na pozemku města, takže bychom si scelili vlastnictví budovy a pozemků pod ní. A shodou okolností tady přesně od té definici té směny, která by měla proběhnout, to znamená, jestli tam bude i ta budova, tak bude v pátek, v 10 hod., na Majetkovém odboru se zástupci státu jednáno.",0,7ac680d41d8d0dd0
jiri-oliva,Z9/28,83,"JUDr. Jiří Oliva, člen Rady města Brna: Ano, paní starostka mně to říkala před jednáním, teď je, takže já s tím souhlasím. Stáhneme to a budeme dál jednat.",0,7ac680d41d8d0dd0
jiri-oliva,Z9/30,8,"JUDr. Jiří Oliva, člen Rady města Brna: Já nechci zdržovat, já jenom na to krátce zareaguji, protože tam, v tom příspěvku, co jste říkal, tak část toho byla pravda, ale část byla minimálně zavádějící, protože je pravda, že rada schválila záměr přímého prodeje, ale na základě toho Vy jste nemohli už, jak Vy řikáte, očekávat, že už jenom podepíšete smlouvu. Protože o tom prodeji nerozhoduje rada, ale zastupitelstvo. Rada v podstatě",0,b92d222bc5bd1312
jiri-oliva,Z9/30,9,"JUDr. Jiří Oliva, člen Rady města Brna: Já už nechcu zdržovat, já jenom poslední větu, ať z toho není tady naše diskuse. Já opravdu, já nevím, jak to zastupitelstvo rozhodne, zastupitelstvo je suverén, ono může, nemusí tu dražbu schválit, a stejně tak tu vyvolávací cenu. Já nevím, jakou zastupitelstvo rozhodne, že stanoví vyvolávací cenu. Ono může stanovit takovou i onakou, jo? To je opravdu suverénní rozhodnutí zastupitelstva. A to, co teďka, doteď bylo, ta trampota, kterou Vy popisujete, a já z toho opravdu, já neřvu nadšením z toho, že se to zveřejňovalo na přímý prodej, na dražbu, a pak zase se to měnilo. To jako z toho opravdu nejsem nadšený. Ale to opravdu bylo jenom ve vztahu k tomu záměru, aby",0,b92d222bc5bd1312
jiri-oliva,Z9/30,32,"JUDr. Jiří Oliva, člen Rady města Brna: Jo. Já jenom úplně stručně. Vy jste to vlastně říkal, když jste se dotýkal nějaké té ústavněprávní konformity té stávající právní úpravy, ale nikdo z nás není zákonodárce, tady, nebo, myslím, možná někdo je? Nevím. Já rozhodně nejsem. A dejte se, neviděl, jestli je někdo ve sněmovně, teď mně to úplně, ale, ale v každým případě my nejsme, jako zastupitelský orgán města, oprávněni posuzovat ústavněprávní konformitu stávající právní úpravy. K tomu je příslušný výhradně Ústavní soud. A my se prostě musíme řídit, mně taky třeba může přijít, subjektivně, ta 5letá lhůta, stanovená v zákoně, jako krátká vzhledem k délce trvání územních a stavebních řízení v téhle republice. Ale prostě zákon tak stanoví a my se jím musíme řídit. Takže my tady opravdu nejsme schopni posuzovat ústavněprávní konformitu té právní úpravy.",0,b92d222bc5bd1312
jiri-oliva,Z9/30,33,"JUDr. Jiří Oliva, člen Rady města Brna: Če, jenom stručně. Já jsem nemluvil o tom, že nemůže mít svůj názor na to, nebo že nemůžem mít tu iniciativu. Já jsem mluvil o tom, že jediný, kdo to může definitivně posoudit, je Ústavní soud.",0,b92d222bc5bd1312
jiri-oliva,Z9/30,42,"JUDr. Jiří Oliva, člen Rady města Brna: Tak já, já jestli můžu, jednak k tomu prodeji. Tak ono, my jsme to probírali, ještě to minulé volební období, v současném volební období jsme se taky k tomu vraceli, a víceméně já to vnímám tak, že na tom prodeji toho celého technoparku, těch, v podstatě těch akcií, tak že shoda vlastně úplná nalezena nebyla. A tadytohleto, to znamená prodej těch pozemků, tak na tom shoda byla. Čili bylo přistoupeno k tomuto, a my se na to samozřejmě díváme z pohledu města a z pohledu té akciové společnosti, tak s nimi bylo jednáno několikrát, byli, v podstatě celé představenstvo, včetně generálního ředitele, pozváni na poradu vedení, kde jsme tadytohleto docela důkladně probírali. A neměl jsem žádnou indicii, a myslím si, že ani nikdo z kolegů, ale nechci mluvit za ně, že by tohleto společnost, respektive její statutární orgány považovaly za nevýhodné pro společnost. Ale to je samozřejmě otázka společnosti.",0,b92d222bc5bd1312
jiri-oliva,Z9/31,15,"JUDr. Jiří Oliva, člen Rady města Brna: Já jsem se z, aktivně přihlásil, protože ta jednání s panem Škrdlíkem, respektive s Brněnkou vůbec nebyla jednoduchá, ale musím říct, že zhruba před 14 dny proběhlo poslední jednání, na kterém se nalezla shoda obou budoucích potenciálních smluvních stran, to znamená pana Škrdlíka a, neříkám města Brna, protože za město Brno může mluvit jedině zastupitelstvo, ale mě a příslušných úředníků dotčených odborů, na textaci a podmínkách té směnné smlouvy, a vlastně i budoucí, budoucí směnné smlouvy a budoucí nájemní smlouvy. Takže teď se to zprocesovává a v nejbližší době, jak to bude možné, by to mělo být předloženo orgánům města. Takže mělo by to přijít na zastupitelstvo, kde o tom budeme moct všichni rozhodovat.",0,be8083cfb4f00a99
jiri-oliva,Z9/32,28,"JUDr. Jiří Oliva, člen Rady města Brna: Tam v podstatě jde o to, že je tam podílové spoluvlastnictví, a ta soukromá podílová spoluvlastnice tak požádala o odkup, přičemž nebyla, toto nebylo odsouhlaseno, v podstatě tam nebyla dohoda na ceně. A protože konstantní judikatura Nejvyššího soudu řiká, že nikdo nemůže být nucen proti své vůli setrvávat ve spoluvlastnictví, takže každý spoluvlastník má právo na to, aby podal, pokud se nedohodnou, mimosoudně, tak aby podal na soud návrh na vypořádání toho spoluvlastnictví. Zákon řiká, že jsou v podstatě 3 možnosti, jak vypořádat podílové spoluvlastnictví. Pokud je ta věc reálně dělitelná, což jsou typicky pozemky, tak se dává přednost, přímo to v zákoně tak je, že se soud musí touhle variantou zabývat jako přednostní, tak fyzické rozdělení té věci. V případě, že by to nebylo možné, tak potom přikázání jednomu z těch spoluvlastníků, za náhradu, s tím, že vlastně tam jsou zákonné podmínky, že ten, ten, komu je to přikázáno, to, do toho výlučného vlastnictví, tak s tím musí souhlasit. A musí být solventní. Protože musí samozřejmě zaplatit tomu druhému, těm dalším spoluvlastníkům, náhradu. No, a pokud ani tadytahleta varianta by nepřicházela v úvahu, tak pak 3. možnost ze zákona je prodej dražbou a rozdělení té hotovosti, toho výtěžku dražby, mezi ty jednotlivé spoluvlastníky podle výše těch spoluvlastnických podílů. Takže tady, protože se město nedohodlo s tím spoluvlastníkem, tak jsme dali návrh na, na vypořádání spoluvlastnictví soudem, s tím, že ten soud se zabýval právě tím reálným rozdělením té věci, ale, ale v podstatě přišel na, nebo ne, je to názor soudu, přestože jsou to pozemky, které teoreticky reálně dělitelné jsou, tak, keré jsou dělitelné, typicky, tak soud řekl, že v tomto případě fakticky ten, ta šířka a ten přístup k těm pozemkům znemožňuje, aby rozhodl tadytím prvním zákonným způsobem, to znamená tím fyzickým, reálným rozdělením. A přišel k tomu druhému tedy, zákonnému způsobu, to znamená přikázání do výlučného vlastnictví jednoho zo spoluvlastníků za náhradu. Takže soud vlastně přiřkl to výlučné vlastnictví té spoluvlastnici, s tím, že má zaplatit městu náhradu, kterou určil znalecký posudek. Ta cena vyšla na těch 1.300/m, kolik tam je, a vzhledem k těm realizovaným, realizovaným prodejům v okolí, tak se domnívá naše oddělení realitní ekonomiky, že ta cena je akceptovatelná. Čili z našeho pohledu, a z mého pohledu, to v zásadě dobře dopadlo a město dostane odpovídající finanční částku a spoluvlastnice bude mít celý, celý pozemek ve svém výlučném vlastnictví. Takže asi není, z mého pohledu, třeba proti tomu brojit nějakým odvoláním. Ostatně to nedoporučuje ani právní zástupce.",6,f2d978b02f87f5fa
jiri-oliva,Z9/33,7,"Mgr. René Černý, 1. náměstek primátorky, upozornil, že podle čl. 5 odst. 2 Volebního řádu pro volbu neuvolněných předsedů, místopředsedů a členů výborů Zastupitelstva města Brna členem volební komise nemůže být kandidát na funkce volené dle tohoto volebního řádu. Poté vyzval přítomné členy Zastupitelstva města Brna k podání návrhů na členy volební komise. JUDr. Jiří Oliva, člen Rady města Brna, navrhl Mgr. Bc. Marka Viskota, Bc. Kateřina Jarošová, MBA, navrhla Ing. Karla Kalivodu, JUDr. Robert Kerndl, náměstek primátorky, navrhl Mgr. Vladana Krásného.",8,91c18ad4dbe746da
jiri-oliva,Z9/33,7,"JUDr. Jiří Oliva, člen Rady města Brna, navrhl Ing. Filipa Hrůzu, Ph.D., krátce kandidáta představil a poskytl jeho písemný souhlas s navrženou kandidaturou.",2,91c18ad4dbe746da
jiri-oliva,Z9/33,55,"JUDr. Jiří Oliva, člen Rady města Brna: Takle, tadytenhleten dům, já nevím, jestli všichni jste ho viděli fyzicky, jak vypadá? On opravdu jako úplně vhodný k rekonstrukci není, jo? To, to prostě jako nedává smysl. A hlavně z ekonomického hlediska a hlavně teda, Tome, on už byl vlastně zařazený jako výhledově do prodeje dražbou v minulém volebním období, když tys měl pod sebou vlastně majetkové záležitosti. A čekalo se vlastně na to, až se schválí novej územní plán, protože tam vlasně, v té parcele, bylo to vyúst, v minul, minulém územním plánu vyústění toho tunelu a čekalo se, až se vlastně schválí nový územní plán, až tam nebude ten tunel, že by se dal prodat, protože mu to zvýší hodnotu té nemovitosti. Takže to není vůbec jako nic nového, co teď tady je jako dáváno. A von, vlastně to už je opakovaná dražba, že jo, on už se jedna dražba konala, byla neúspěšná, nikdo se do ní nepřihlásil, Takže, jinak samozřejmě obecně to, co Ty řikáš, já s tím souhlasím, jo? Že město by ty domy mělo opravovat, a ne je prodávat, jasně, obecný princip, ale tohle je zrovna ta výjimka, která potvrzuje pravidlo.",0,91c18ad4dbe746da
jiri-oliva,Z9/33,56,"JUDr. Jiří Oliva, člen Rady města Brna: To je taky, tadytoto je taky opakovaná dražba. To už tady bylo a ta dražba byla neúspěšná, nikdo se do ní nepřihlásil. A ten spoluvlastník má možnost se do té dražby přihlásit a dražit. A právě to má v ruce, že kdykoliv může udělat vyšší příhoz, to znamená, má v ruce to, že když bude akceptovat tu cenu, tak mu to nikdo nemůže vyfouknout.",0,91c18ad4dbe746da
jiri-oliva,Z9/33,80,"JUDr. Jiří Oliva, člen Rady města Brna: Jo, já ještě doplním kolegu radního. Nemůžeme sice poskytovat z toho živého koncesního řízení informace, ale co můžu poskytnout, tak je, že vlastně jsme na radě schválili záměr prodeje těch pozemků. Udělali jsme znalecký posudek. Požádali jsme o stanoviska, například městskou část Krpole, aby vlastně opravdu, jakmile bude formálně ukončeno to koncesní řízení, tak abysme nemuseli čekat na nějaké další formality, vyvěšení na úřední desce a tak dále, ale abysme okamžitě, v podstatě bez prodlení, mohli dát tu kupní smlouvu s těmi prvky koncese do orgánů města ke schválení, aby prostě ten stadion se mohl stavět co nejdřív.",2,91c18ad4dbe746da
jiri-oliva,Z9/34,71,"JUDr. Jiří Oliva, člen Rady města Brna: Tam nás na poslední chvíli ÚZSVM požádal, že by potřeboval ještě něco prověřit ohledně pozemku parcelní číslo 5184/29 v k. ú. Řečkovice, takže poprosím o vyjmutí tady tohoto pozemku z usnesení. Písemně jsem to dal, takže písemně ten návrh je.",4,75ba75c42ae44f62
jiri-oliva,Z9/35,47,"JUDr. Jiří Oliva, člen Rady města Brna: Já s tím protinávrhem nemám problém, to je typická situace, kdy žádné řešení není úplně správně a tím, že bychom to neprodali vůbec, tak je to asi takové to nejmenší zlo. Situace se vyvinula tak, že my dáváme nabídková řízení typicky, kdy to není vhodné pro dražbu, protože právě okruh těch zájemců, kteří by to mohli využívat, ten pozemek, je omezený, typicky sousedi, ale není samozřejmě vyloučeno, že se do toho nabídkového řízení nemůže přihlásit někdo úplně jiný, což se tady stalo a významně přebil cenu, takže nebylo by asi úplně správné to prodávat přímo té paní sousedce za nižší cenu, protože bychom vlastně popřeli princip nabídkového řízení a potom by to mohlo dehonestovat další nabídková řízení, které bude město dělat, protože by si řekli lidi, no tak proč bychom vlastně šli do nějakého nabídkového řízení, když stejně to je k ničemu. Takže asi varianta, prodej vůbec neuskutečnit, je takové to nejmenší zlo a připojuji se k tomu a budu hlasovat pro to, abychom pozemek neprodávali. Děkuji",2,0e845920a9ca9f72
jiri-oliva,Z9/36,26,"JUDr. Jiří Oliva, člen Rady města Brna: Tak, dobrý den. Vážené dámy, vážení pánové, já teda s dovolením si vezmu slovo, protože ty dotazy od zástupce fanoušků samozřejmě jsou naprosto legitimní a je potřeba je všechny perfektně zodpovědět. A možná ta odpověď pana advokáta Krále fanoušky neuspokojila, že nebyla dostatečně vypovídající a obsáhlá. Tak já mu zkusím trošku pomoct a budu říkat věci, informace z toho probíhajícího koncesního řízení a nejsem si jistý, jak moc je můžu říkat, do jaké podrobnosti. Takže bych poprosil pana doktora Krále ze společnosti Solkind, aby kdykoliv, když budu říkat něco, co nemám říkat, aby mně vstoupil do řeči a zarazil mě nebo opravil, protože bych zase nerad porušil zákon tím, že bych říkal něco, co má zůstat utajeno. Tak, jak to vlastně začalo? To klidně můžete k mikrofonu, jo, ať mně skočíte do řeči hned, ať já nemusím pak mít dlouhé pomlky. Tak. Takže přišel zájemce, který chtěl koupit pozemky, aby tam vybudoval fotbalový stadion. Někdo. Nefunguje.",0,597f2a8effabe498
jiri-oliva,Z9/36,26,"JUDr. Jiří Oliva, člen Rady města Brna: Jo. Haló? Jo. Tak, já jsem na tom minulém zastupitelstvu, ne minulém, ale na posledním zastupitelstvu, které se tady tím zabývalo, tak jsem říkal, že pokud se objeví nějaký soukromý investor, který chce vybudovat kulturní, sportovní, jakoukoliv veřejnou infrastrukturu na své náklady a na své riziko, tak mu samozřejmě to město má maximálně vyjít vstříc, protože tím uleví rozpočtu města Brna, jinak by to město muselo budovat tu infrastrukturu samo. A na tom se nezměnila ani vteřina, ani čárka, na tom trvám i nyní. A já si troufám říct, že skutečně jsme jako vedení města od začátku k tomu takto přistupovali. Napřed byla zřízena nějaká ta pracovní skupina, která ale neměla oporu v zákoně. A my jsme i na základě vlastně dřívější právní analýzy společnosti Solkind, tehdy MT Legal, tak jsme věděli, že pokud chceme prodat pozemky pro stavbu stadionu a zároveň chceme v té smlouvě zavázat toho",0,597f2a8effabe498
jiri-oliva,Z9/36,34,"JUDr. Jiří Oliva, náměstek primátorky: Tak děkuju za slovo. No, já to uvedu na pravou míru a asi nejlíp to uvedu na pravou míru, když budu přímo citovat z těch dokumentů. A každý si o tom může udělat obrázek. Takže napřed budu citovat z objednávky, kterou Majetkový odbor ten posudek zadal ze dne 16. 3. 2026. Objednáváme u Vás vypracování znaleckého posudku těch nemovitostí, já to nebudu číst, ty nemovitosti, okres Brno-město a teď, a to s přihlédnutím k obsahu zadávací dokumentace, návrhu změny územního plánu a vedenému soudnímu sporu o určení vlastnického práva ke komunikacím, do závorky dotčený pozemek je parcela číslo 1077/05, závorka uzavřít. No, protože těch ostatních parcel, které jsou předmětem prodeje, se ten soudní spor netýká. To znamená, Majetkový odbor uložil znalci přímo, aby tady tyhle ty záležitosti zohlednil v posudku. Teď budu citovat z posudku společnosti Nemovitosti s.r.o. Myslím, že to máte v materiálech, můžete mě kontrolovat, strana 10, bod 3.6.5 Vliv probíhajícího soudního řízení na stanovenou hodnotu. Ve vztahu k pozemku parcelní číslo 1077/5 je dle sdělení objednatele veden soudní spor o určení vlastnického práva ke komunikacím. K datu ocenění je jako vlastník zapsáno statutární město Brno a nebylo doloženo rozhodnutí, které by omezovalo dispoziční oprávnění vlastníka. Existence soudního řízení představuje prvek právní nejistoty, který může být potenciálními nabyvateli vnímán jako rizikový faktor a může ovlivnit vyjednávací podmínky nebo průběh případné transakce. Znalec nemůže předjímat výsledek soudního řízení ani odborně odhadnout případné důsledky, v závorce finanční či jiné majetkoprávní vypořádání, závorka uzavřít, které mohou z řízení vyplynout. Z tohoto důvodu není dopad sporu ve výsledné hodnotě samostatně oceněn a je vnímán jako obecné riziko právní nejistoty. A abysme si to úplně dokreslili, tak teď budu citovat ze znaleckého posudku společnosti EQSA, to je ten znalecký posudek, který si zadala Zbrojovka. A tam jsme na straně 3, s nadpisem Skutečnosti sdělené zadavatelem mající vliv na přesnost závěru znaleckého posudku, dvojtečka, v rámci zpracování tohoto znaleckého posudku nebylo s ohledem na zadavatelem vymezený znalecký úkol uvažováno s existencí stavebních objektů na předmětných pozemcích ani s náklady spojenými s jejich případnou demolicí i odstraněním. Současně tento znalecký posudek nezohledňuje skutečnost, že je veden soudní spor týkající se vlastnického práva ke komunikacím nacházejícím se na pozemku parcelní číslo 1077/5 v k. ú. Ponava.",2,597f2a8effabe498
jiri-oliva,Z9/36,39,"JUDr. Jiří Oliva, člen Rady města Brna: Já se omlouvám, že přeskočím ostatní řádně přihlášené, ale jenom k tomu zadání toho posudku. To zadání posudku vyplývá ze zákona a majetkový odbor tak zadává každý posudek, jo, protože ani nemůže jinak. Zákon, zase ten paragraf 39 zákona o obcích, odstavec 2 říká: ""Při úplatném převodu majetku se cena sjednává zpravidla ve výši, která je v daném místě a čase obvyklá, nejde-li o cenu regulovanou státem. Odchylka od ceny obvyklé musí být zdůvodněna, jde-li o cenu nižší než obvyklou. Není-li odchylka od ceny obvyklé zdůvodněna, je právní jednání neplatné."" To znamená, zákon říká, cena obvyklá je ten základ. A proto každá objednávka na znalecký posudek, nevím o takové, která by byla jiná, když tak, jestli je to jinak, tak mi zase někdo může doplnit nebo opravit. Takže podle mých informací každá zakázka na znalce je na cenu obvyklou, tak jak to chce zákon. To znamená, i ta zakázka z toho 16. 3. 2026, jak jsem citoval, jo, říká cenu obvyklou. A pak ještě zohledněte ty právní spory a tady ty další věci, jo, jak jsem citoval. Ale ani nemůžeme jinak, jo. A myslím si, že když by se to právě zadalo jinak a vyšla jiná cena než cena obvyklá, respektive nižší, tak to by bylo první, co byste zpochybňovali.",0,597f2a8effabe498
jiri-oliva,Z9/36,41,"JUDr. Jiří Oliva, člen Rady města Brna: Tak já na to hned zareaguju. Zase, já jsem to už četl, možná jste to nepostřehl, když jsem četl tu objednávku z toho 16. 3. 2026, kde se objednávala ta cena obvyklá. A teďka vlastně ty parcely. A to s přihlédnutím k obsahu zadávací dokumentace, jo? Takže už v tom zadání se ukládalo znalci, aby to, že tam probíhá to koncesní řízení, v té době nebyla známá smlouva, samozřejmě, byla známá zadávací dokumentace, takže prostě znalec měl přihlédnout k obsahu zadávací dokumentace. Prostě to z toho vyplývá, z toho zadání. To je prostě černé na bílém, jo? Takže to je jedna věc. Druhá věc, vlastně, jak říkals z té dražby, že ta cena, co vyjde z dražby, tak že je ta cena obvyklá. No takhle, já jsem si to taky dlouho myslel, jo. A v zásadě si to myslím doteď, protože co může být jiného, opravdu, co projde tím trhem než to, co projde tou dražbou. Ale když jsem v úplně jiném případu šel do hloubky a hledal jsem k tomu relevantní judikaturu, tak jsem dohledal jeden judikát Nejvyššího soudu, jeho číslo si jako úplně z hlavy nepamatuju, který ale říká, že cena, která vyjde z dražby, z veřejné dražby, může nebo nemusí být cena obvyklá. Fakt je, že ten judikát se zabýval dražbou exekuční, jo, podle občanského soudního řádu, který se použije podpůrně pro exekuční dražby, že jo, nemovitostí. Takže to je trošku jiný případ, než byly dražby podle bývalého zákona 26/2000, který teď už je samozřejmě zrušený a nahrazen novým zákonem o dražbách, ale ten princip je stejný. No a na to konto Ministerstvo vnitra vydalo metodický pokyn, právě jak se dívat na ceny, které jsou dosaženy v dražbách, jestli je to ta cena obvyklá. A právě to ministerstvo, k mému údivu, vycházelo právě tady z toho judikátu, kdy v podstatě opisuje to odůvodnění tak, že záleží na těch okolnostech, že ta cena může nebo nemusí být cena obvyklá, záleží na tom, jak to bylo zveřejněno, a tak dál, jo. Ale v zásadě nestaví se za ty dražby, jo. A říkám, podle mě tam je pochybení tady, nebo prostě nedokonalost tady toho právního názoru je v tom, že přejímá ty exekuční dražby na všechny ostatní, i dobrovolné dražby, jo. Takže to bych vytkl tomu stanovisku Ministerstva vnitra, ale prostě existuje, jo. Já se s tím neztotožňuji, ale jenom tím chci říct, že vlastně ta problematika není tak úplně jednoduchá, jak se může zdát na první pohled a jak by napovídal zdravý selský rozum, jo. No, ale jestli můžu, já jsem předběhl někoho, ale když už mám slovo. Anebo ne, já si odpočnu a pak se ještě přihlásím.",0,597f2a8effabe498
jiri-oliva,Z9/36,42,"JUDr. Jiří Oliva, člen Rady města Brna: Já ještě totiž bych chtěl vaši pozornost přitáhnout k jiné otázce, kterou tady budeme řešit velice v brzké době, jestli bude nějaké to mimořádné, nebo nejpozději asi na tom zářijovém zastupitelstvu, co tady bude. A to z jednoho prostého důvodu, protože to taky nebude jednoduchá věc, a abyste měli dost času o tom popřemýšlet, jak vlastně se k tomu postavíme. Jde o to, že vlastně teďka probíhají nějaká ta jednání Zbrojovky s panem xxxxxxxxx, a jakmile budou zdárně ukončena, což pevně věřím a Zbrojovce v tom mimořádně fandím, aby to dotáhli do zdárného konce, tak Zbrojovka, a zase legitimně, naprosto správně bude chtít, aby město Brno odkoupilo ty nemovitosti, které dnes nezpochybnitelně vlastní pan",0,597f2a8effabe498
jiri-oliva,Z9/36,44,"JUDr. Jiří Oliva, člen Rady města Brna: Já jenom, já zase omlouvám se, že přeskočím, já jenom reaguju na kolegu Hladíka. To je přesně pravda, to, že vlastně ta nemovitost má hodnotu pouze pro jeden subjekt, a to jsme souhlasili se Zbrojovkou, aby právě ten znalecký úkol pro pana inženýra xxxxxx byl takový, že se nebudou uvažovat v tom znaleckém posudku právní vady. Protože právní vada té nemovitosti, těch garáží, je taková, že existuje pravomocné rozhodnutí, které bylo potvrzeno Nejvyšším a Ústavním soudem, a i v exekučním řízení už proběhly všechny opravné prostředky, tak, že ty garáže zmizí, pokud by je nekoupilo Brno. To znamená, mají zápornou hodnotu pro každého jiného než pro město, jo? Proto jsme tady tohle to, na rozdíl od toho posudku nemovitosti, kde jsme říkali, ať se to zohlední, tak tady jsme souhlasili s tím, že ty právní zátěže, ty právní vady se nebudou zohledňovat. A proto panu inženýru xxxxxxx vyšlo těch 88,5 a alternativně 230 000 000 za ty garáže. A právě proto, jak říkala správně paní primátorka, že je to docela nejednoduchá problematika, tak jsem na ni upozornil dopředu, abyste všichni měli dost času si ji nastudovat.",2,597f2a8effabe498
jiri-oliva,Z9/36,101,"JUDr. Jiří Oliva, člen Rady města Brna: Já teda, já jsem taky k tomuhle bodu vůbec nechtěl mluvit, protože to není bod, který předkládá Majetkový odbor, jo, to není můj bod, takže já jsem k němu nechtěl mluvit, ale jako asi a já nebudu vůbec osobní ani impertinentní, já jenom, že samozřejmě musíme všichni jednat s péčí v řádného hospodáře. Nikdo se tady nechce nechat zavřít nebo minimálně chodit něco někam vysvětlovat. To asi nikdo z nás nemá zapotřebí. A právě proto jsme před několika hodinami nemohli jenom tak mávnout rukou nad posudkem společnosti Nemovitosti s. r. o. ohledně fotbalového stadionu a nemohli jsme ho jenom tak mírniks tírniks my, jako laici zneplatnit. Jo. Pár hodin to je, co se to tady jako diskutovalo. Takže, vono je to nepříjemná situace docela, jo, protože já musím potvrdit všechno to, co říkal pan Meister v tom, jak městu skutečně MS Invest pomohl s výkupem pozemku od pana xxxx, který já osobně, když jsem s ním mluvil, tak požadoval něco mezi 90 a 100 miliony, přestože v té době posudek byl na nějakých 32 milionů a následný posudek po změně územního plánu, ten finální, byl na 25 milionů. Prostě nikdy bych Vám takovouhle, s prominutím, prasárnu nemohl sem předložit do zastupitelstva, abyste o ní hlasovali. Jo? A MS Invest jako jediný z investorů, přestože samozřejmě těch investorů je tam víc, tak udělal to, že šel za panem xxxx, domluvil se s ním, koupil to, já nevím za kolik, ale městu to prodal za 25 ten pozemek. Jo? To je podle mě jako naprosto seriózní a je vopravdu škoda, že Vás nenapadlo to spojit tady s touhletou transakcí, ale obávám se, že v současné chvíli, ve chvíli, kdy opravdu máme čerstvou nabídku nějakou tady na 35 000 za metr, která teda byla včera doručena pravděpodobně datovkou na BKOM, byť si o tom můžeme myslet co chceme, tak je to problematický dneska hlasovat. Já jsem ještě uvažoval o tom, protože ta odpovědnost je na BKOMu, ta odpovědnost je na Brněnských komunikacích, jo, tak jestli třeba to usnesení, co je předloženo, že udělujeme ten předchozí souhlas, tak jestli nedoplnit tak, že ho udělujeme, souhlas uzavření té kupní smlouvy za podmínky, že BKOM nebude disponovat jinou výhodnější nabídkou, ale vono by to asi tu záležitost moc nevyřešilo. Prostě BKOM se s tím bude muset nějak vypořádat. Já nevím, jestli to, co tam píše ta paní doktorka, jestli je pravda, že vopravdu jako se nekomunikovalo, to fakt nevím, ale to je potřeba asi vopravdu vyjasnit a je to blbá, trapná situace vůči MS Invest, jo. Nevím, co tím Randora sleduje, ale asi dneska je vopravdu problém to hlasovat, jo.",0,597f2a8effabe498
jiri-oliva,Z9/36,132,"JUDr. Jiří Oliva, člen Rady města Brna: Já mám jenom technickou úpravu toho návrhu, a to tak, abysme vypustili tu odrážku 1 a 2, to jsou ty pozemky v k. ú. Štýřice, protože dneska jsme ten bod stáhli.",2,597f2a8effabe498
jiri-oliva,Z9/36,132,"JUDr. Jiří Oliva, člen Rady města Brna: No, protože jsme dneska stáhli ten bod, co se týče Štýřic, katastrální území, takže bychom teď měli v tom návrhu té obecně závazné vyhlášky toto vypustit, jo. Takže je to ta odrážka 1 a 2. Já to kdyžtak napíšu písemně, to bude možná lepší.",2,597f2a8effabe498
