osoba_id,zasedani,pdf_strana,pasaz,priorita_rejstriku,zdroj_id
marketa-vankova,Z9/01,1,"ZÁPIS o průběhu ustavujícího zasedání Zastupitelstva města Brna č. Z9/01 konaného od 8:00 hodin dne 20. října 2022, v zasedací síni Nové radnice, Dominikánské náměstí č. 1, včetně přijatých usnesení a protokolů o výsledcích hlasování _________________________________________________________________________________ 1. Technický bod Zasedání Zastupitelstva města Brna bylo zahájeno v 8:00 hodin dosavadní primátorkou města Brna JUDr. Markétou Vaňkovou. Při jednání bylo přítomno 54 členů Zastupitelstva města Brna. Omluven: Petr Levíček, MBA. Primátorka JUDr. Markéta Vaňková konstatovala, že zasedání bylo řádně svoláno tak, aby se v souladu s § 91 odst. 1 zákona č. 128/2000 Sb., o obcích (obecní zřízení), v platném znění (dále jen zákona o obcích), konalo do 15 dnů ode dne uplynutí lhůty pro podání návrhu soudu na neplatnost voleb nebo neplatnost hlasování, neboť žádný návrh na neplatnost voleb nebo hlasování nebyl podán. Informace o konání zasedání, podle § 93 odst. 1 zákona o obcích, byla na úřední desce Magistrátu města Brna zveřejněna v souladu se zákonem, a to od 13. října 2022 do 20. října 2022. JUDr. Markéta Vaňková, primátorka, v úvodu upozornila na skutečnost, že jednání Zastupitelstva města Brna je audiovizuálně přenášeno prostřednictvím internetových stránek města a přenos je zaznamenáván, archivován a následně bude zveřejněn. Přítomné občany města Brna informovala, že vzadu ve středové uličce zasedací síně mají k dispozici materiály pro veřejnost. Dále JUDr. Markéta Vaňková, primátorka, sdělila, že byly ustaveny kluby zastupitelů města Brna, jejichž členy se stali všichni členové zastupitelstva zvolení za následující politické subjekty (dle počtu získaných mandátů): SPOLEČNĚ – ODS a TOP 09 – předseda JUDr. Robert Kerndl Bc. Tomáš Aberl Kristýna Černá Ing. David Grund RNDr. Jiří Herman, Ph.D. JUDr. Michal Chládek, MBA Mgr. Vladan Krásný Ing. Petr Kratochvíl Ing. Andrea Pazderová JUDr. PhDr. Martin Příborský, EMLE doc. RNDr. Anna Putnová, Ph.D., MBA MUDr. Dagmar Seidlová, Ph.D. Ing. David Trllo Ing. Pavel Urubek JUDr. Markéta Vaňková Libor Zábranský ANO 2011 – předsedkyně Ing. Karin Karasová Petr Bauer Ing. arch. Petr Bořecký Mgr. René Černý MUDr. Alena Gruberová Bc. Kateřina Jarošová, MBA Ing. Karel Kalivoda Ing. Pavel Kříž, Ph.D. RNDr. Miroslav Kubásek, Ph.D. Mgr. René Novotný Mgr. Pavel Outrata 1",6,36036d38da50510d
marketa-vankova,Z9/01,2,"ČSSD VAŠI STAROSTOVÉ – předseda JUDr. Jiří Oliva Mgr. Břetislav Štefan Mgr. Bc. Marek Viskot Zelení a Žít Brno – předseda Ing. Jana Drápalová Mgr. Jasna Flamiková Bc. Matěj Hollan Poté JUDr. Markéta Vaňková, primátorka, upozornila, že jednání se řídí platným Jednacím řádem Zastupitelstva města Brna. Jmenování zapisovatelek a pověření právní asistencí Zapisovatelkami jednání byly jmenovány Jana Sovová a Marie Doubravová, zaměstnankyně Organizačního odboru MMB, a právní asistencí byly pověřeny JUDr. Hana Doležalová a Mgr. Nikol Wagnerová, zaměstnankyně Právního oddělení Organizačního odboru MMB. Složení slibu členů Zastupitelstva města Brna Primátorka JUDr. Markéta Vaňková konstatovala, že všem přítomným členům Zastupitelstva města Brna, zvoleným ve volbách do zastupitelstev obcí konaných ve dnech 23. a 24. 9. 2022, bylo předáno „Osvědčení o zvolení členem Zastupitelstva města Brna“ podle § 53 zákona č. 491/2001 Sb., o volbách do zastupitelstev obcí a o změně některých zákonů, v platném znění. V období od zvolení rezignovala na svůj mandát dne 19. 10. 2022 Bc. Petra Quittová. Prvním náhradníkem na kandidátní listině Lid. a Star. (KDU-ČSL+St. a nez.) byl Mgr. Jaroslav Suchý, který se v souladu s § 56 odst. 1 zákona o volbách do zastupitelstev obcí stal dne 20. 10. 2022 členem Zastupitelstva města Brna. Před složením slibu primátorka JUDr. Markéta Vaňková upozornila přítomné členy Zastupitelstva města Brna, že odmítnutí složit slib nebo složení slibu s výhradou má za následek okamžitý zánik mandátu dle § 55 zákona č. 491/2001 Sb., o volbách do zastupitelstev obcí a o změně některých zákonů, v platném znění. Ing. Oliver Pospíšil, tajemník Magistrátu města Brna, přednesl slib stanovený v § 69 odst. 2 zákona o obcích: „Slibuji věrnost České republice. Slibuji na svou čest a svědomí, že svoji funkci budu vykonávat svědomitě, v zájmu města a jeho občanů, a řídit se Ústavou a zákony České republiky.“ Poté jmenovitě vyzval všechny přítomné členy Zastupitelstva města Brna, aby složili slib pronesením slova „slibuji“ a stvrdili jej podpisem na připravených listinách. Následně všech 54 členů Zastupitelstva města Brna složilo bez výhrad slib stanovený zákonem o obcích. Určení ověřovatelů zápisu a schválení programu ustavujícího zasedání Zastupitelstva města Brna Za ověřovatele zápisu byli navrženi JUDr. Robert Kerndl, Vít Prýgl a Mgr. Jaroslav Suchý. K hlasování o návrhu na ověřovatele zápisu bylo přistoupeno bez rozpravy. Hlasování je dále uváděno v pořadí: pro - proti - zdržel se - nehlasoval. Hlasování č. 1: 53 - 0 - 0 - 1",6,36036d38da50510d
marketa-vankova,Z9/01,3,"Schválení programu ustavujícího zasedání ZMB č. Z9/01 JUDr. Markéta Vaňková, primátorka, zdůvodnila tyto změny programu: - zařazení nových bodů: 15) Uložení úkolů neuvolněným členkám/členům Zastupitelstva města Brna 16) Určení člena Zastupitelstva města Brna pro spolupráci s Odborem územního plánování a rozvoje Magistrátu města Brna při pořizování územně plánovací dokumentace a jejích změn JUDr. Markéta Vaňková, primátorka, nechala hlasovat o navrženém programu zasedání včetně nově navržených bodů: Hlasování č. 2: 54 - 0 - 0 - 0",-3,36036d38da50510d
marketa-vankova,Z9/01,3,"Schválený program zasedání Zastupitelstva města Brna č. Z9/01: 1. Technický bod (složení slibu členů Zastupitelstva města Brna, zapisovatelé, právní asistence, ověřovatelé zápisu, schválení programu zasedání ZMB) 2. Stanovení počtu členek/členů Rady města Brna 3. Zřízení výborů Zastupitelstva města Brna a stanovení počtu jejich členek/členů 4. Určení funkcí, pro které budou členky/členové Zastupitelstva města Brna dlouhodobě uvolněny/uvolněni 5. Volební řád pro volbu primátora, náměstků primátora, dalších členů Rady města Brna a pro volbu dalších dlouhodobě uvolněných členů Zastupitelstva města Brna a volební komise pro jejich volbu 6. Volba primátorky/primátora města Brna 7. Volba náměstkyň/náměstků primátorky/primátora města Brna 8. Volba dalších členek/členů Rady města Brna 9. Volba dalších dlouhodobě uvolněných členek/členů Zastupitelstva města Brna 10. Volební řád pro volbu neuvolněných předsedů, místopředsedů a členů výborů Zastupitelstva města Brna a volební komise pro jejich volbu 11. Volba neuvolněných předsedkyň/předsedů, místopředsedkyň/místopředsedů a členek/členů výborů Zastupitelstva města Brna 12. Delegování zástupkyň/zástupců statutárního města Brna na valné hromady obchodních společností s menší než 100% majetkovou účastí města 13. Změny v orgánech obchodních společností s menší než 100% majetkovou účastí statutárního města Brna 14. Harmonogram zasedání Zastupitelstva města Brna do konce roku 2022 a v roce 2023 15. Uložení úkolů neuvolněným členkám/členům Zastupitelstva města Brna 16. Určení člena Zastupitelstva města Brna pro spolupráci s Odborem územního plánování a rozvoje Magistrátu města Brna při pořizování územně plánovací dokumentace a jejích změn Bod 3) byl opětovně projednán po bodu 10). Zápis obsahuje doslovný přepis rozpravy k jednotlivým bodům. Technické, provozní a organizační záležitosti jsou zapsány ve zkrácené podobě. 2. Stanovení počtu členek/členů Rady města Brna Primátorka JUDr. Markéta Vaňková v úvodu tohoto bodu informovala, že v § 99 odst. 3 zákona o obcích, v platném znění, je stanoveno, že počet členů rady obce je lichý a činí nejméně 5 a nejvýše 11 členů. V tomto počtu je zahrnuta funkce primátora a funkce náměstků primátora, kteří jsou ze zákona členy rady. Stejně jako v minulém volebním období bylo navrženo, aby Rada města Brna měla 11 členů. K hlasování o návrhu usnesení bylo přistoupeno bez rozpravy: Hlasování č. 3: 54 - 0 - 0 - 0",2,36036d38da50510d
marketa-vankova,Z9/01,3,"počet členek/členů Rady města Brna na 11 členek/členů. 3. Zřízení výborů Zastupitelstva města Brna a stanovení počtu jejich členek/členů Primátorka JUDr. Markéta Vaňková úvodem tohoto bodu informovala, že povinnost zřídit finanční výbor a kontrolní výbor je dána zákonem o obcích, neboť funkční období výborů předchozího Zastupitelstva města Brna zaniklo spolu se zánikem původního zastupitelstva. Dále sdělila, že",0,36036d38da50510d
marketa-vankova,Z9/01,4," Finančního výboru Zastupitelstva města Brna na 7 členek/členů,  Kontrolního výboru Zastupitelstva města Brna na 9 členek/členů, · Výboru pro národnostní menšiny Zastupitelstva města Brna na 13 členek/členů. 4. Určení funkcí, pro které budou členky/členové Zastupitelstva města Brna dlouhodobě uvolněny/uvolněni JUDr. Markéta Vaňková, primátorka, upozornila, že v navrženém usnesení k tomuto bodu nejsou uvedeny gesce, a proto navrhla následující změnu a doplnění usnesení: - v pořadí čtvrtá/čtvrtý náměstkyně/náměstek primátorky/primátora města Brna - další členové Rady města Brna: člen Rady města Brna pro dopravu a správu městských účastí člen Rady města Brna pro sport a informační technologie člen Rady města Brna pro územní plánování člen Rady města Brna pro majetek člen Rady města Brna pro školství člen Rady města Brna pro participativní rozpočet, Brno bezbariérové, zdravé město a prorodinnou politiku - uvolnění členové Zastupitelstva města Brna: pro oblast marketingu a PR pro oblast inovací a spolupráce s výzkumnými organizacemi předseda Kontrolního výboru Zastupitelstva města Brna S námitkou proti tomuto návrhu nikdo nevystoupil, proto JUDr. Markéta Vaňková, primátorka, přistoupila k hlasování o výše navržené změně usnesení: Hlasování č. 5: 47 - 0 - 7 - 0",10,36036d38da50510d
marketa-vankova,Z9/01,4,"Navržená změna byla přijata. Poté JUDr. Markéta Vaňková, primátorka, přistoupila k projednání 2. části usnesení k bodu 4) spočívající ve svěření zabezpečování úkolů v samostatné působnosti: · primátorce/primátorovi města Brna v oblasti financí a rozpočtu, zahraničních vztahů a kultury · první/prvnímu náměstkyni/náměstkovi primátorky/primátora města Brna v oblasti investic a implementace evropských fondů · v pořadí druhé/druhému náměstkyni/náměstkovi primátorky/primátora města Brna v oblasti životního prostředí a vodního, lesního hospodářství a zemědělství, · v pořadí třetí/třetímu náměstkyni/náměstkovi primátorky/primátora města Brna v oblasti městské energetiky a sociální péče · v pořadí čtvrté/čtvrtému náměstkyni/náměstku primátorky/primátora města Brna v oblasti bytové problematiky a správy majetku",0,36036d38da50510d
marketa-vankova,Z9/01,5,"K výše uvedenému návrhu nikdo s námitkou nevystoupil, proto JUDr. Markéta Vaňková, primátorka, přistoupila k hlasování: Hlasování č. 6: 45 - 0 - 7 - 2",2,36036d38da50510d
marketa-vankova,Z9/01,5,"2. ZMB svěřuje  primátorce/primátorovi města Brna zabezpečování úkolů v samostatné působnosti v oblasti financí a rozpočtu, zahraničních vztahů a kultury,  první/prvnímu náměstkyni/náměstkovi primátorky/primátora města Brna zabezpečování úkolů v samostatné působnosti v oblasti investic a implementace evropských fondů,  v pořadí druhé/druhému náměstkyni/náměstkovi primátorky/primátora města Brna zabezpečování úkolů v samostatné působnosti v oblasti životního prostředí a vodního, lesního hospodářství a zemědělství,  v pořadí třetí/třetímu náměstkyni/náměstkovi primátorky/primátora města Brna zabezpečování úkolů v samostatné působnosti v oblasti městské energetiky, a sociální péče, · v pořadí čtvrté/čtvrtému náměstkyni/náměstku primátorky/primátora města Brna v oblasti bytové problematiky a správy majetku. 5. Volební řád pro volbu primátora, náměstků primátora, dalších členů Rady města Brna a pro volbu dalších dlouhodobě uvolněných členů Zastupitelstva města Brna a volební komise pro jejich volbu JUDr. Markéta Vaňková, primátorka – v úvodu informovala, že volba primátora města Brna, jeho náměstků, dalších členů Rady města Brna a dalších dlouhodobě uvolněných členů Zastupitelstva města Brna se řídí podle platného Volebního řádu pro volbu primátora, náměstků primátora, dalších členů Rady města Brna a pro volbu dalších dlouhodobě uvolněných členů Zastupitelstva města Brna (dále jen volební řád) schváleného na ustavujícím zasedání v roce 2014, který je 5",0,36036d38da50510d
marketa-vankova,Z9/01,6,"nyní navržen pouze k vzetí na vědomí. Dále uvedla, že v souladu s tímto volebním řádem je třeba zvolit volební komisi, která bude sledovat průběh voleb a vyhotovovat a podepisovat zápis o průběhu a výsledku voleb. Poté ještě upozornila, že podle článku 4 odst. 2 volebního řádu nemůže být členem volební komise kandidát na tyto volené funkce. JUDr. Markéta Vaňková, primátorka, vyzvala přítomné členy Zastupitelstva města Brna k podání návrhů na členy volební komise. JUDr. Jiří Oliva navrhl Mgr. Bc. Marka Viskota, Ing. Karin Karasová navrhla Ing. Karla Kalivodu a Mgr. Bc. Marek Viskot navrhl Mgr. Břetislava Štefana. Hlasování o složení volební komise: Hlasování č. 7: 53 - 0 - 1 - 0",10,36036d38da50510d
marketa-vankova,Z9/01,6," Mgr. Bc. Marek Viskot - předseda  Mgr. Břetislav Štefan · Ing. Karel Kalivoda 6. Volba primátorky/primátora města Brna JUDr. Markéta Vaňková, primátorka – v úvodu tohoto bodu informovala, že členové Zastupitelstva města Brna obdrželi materiál s příslušným usnesením, které bude uvedeno v zápisu ze zasedání, a upozornila, že o tomto usnesení se nehlasuje, je to konstatování výsledků uskutečněných voleb. Poté vyzvala předsedu volební komise Mgr. Bc. Marka Viskota, aby se v souladu s volebním řádem ujal řízení volby. Předseda volební komise vyzval členy Zastupitelstva města Brna k podávání návrhů na funkci primátorky/primátora města Brna. Člen Zastupitelstva města Brna JUDr. Robert Kerndl podal návrh na zvolení JUDr. Markéty Vaňkové do funkce primátorky města Brna. Jiný návrh na zvolení do funkce primátorky/primátora města Brna podán nebyl. Navržená kandidátka na primátorku města Brna JUDr. Markéta Vaňková vyslovila souhlas s kandidaturou a přednesla svůj kandidátský projev. Dotazy vzneseny nebyly. Hlasování o volbě primátorky města Brna: Hlasování č. 8: Neplatné hlasování",6,36036d38da50510d
marketa-vankova,Z9/01,6,"Primátorkou města Brna byla opětovně zvolena JUDr. Markéta Vaňková, která pokračovala v řízení ustavujícího zasedání Zastupitelstva města Brna. Schválené usnesení: ZMB volí v souladu s ustanovením § 84 odst. 2 písm. m) zákona č. 128/2000 Sb., o obcích (obecní zřízení), v platném znění, pro volební období 2022–2026,",0,36036d38da50510d
marketa-vankova,Z9/01,7,"V úvodu projednávání tohoto bodu JUDr. Markéta Vaňková, primátorka, upozornila, že v rámci bodu č. 4) byla určena i funkce 4. náměstkyně/náměstka primátorky města Brna, tudíž proběhne volba i do této funkce. Průběh voleb řídil Mgr. Bc. Marek Viskot, předseda volební komise. Volba 1. náměstkyně/náměstka primátorky města Brna Předseda volební komise vyzval členy Zastupitelstva města Brna k podávání návrhů na funkci 1. náměstkyně/náměstka primátorky města Brna. Členka zastupitelstva Ing. Karin Karasová navrhla zvolit do funkce 1. náměstka primátorky města Brna Mgr. Reného Černého. Jiný návrh na zvolení do funkce 1. náměstkyně/náměstka primátorky města Brna podán nebyl. Navržený kandidát Mgr. René Černý vyslovil souhlas s kandidaturou a přednesl kandidátský projev. Dotazy vzneseny nebyly. Hlasování o volbě 1. náměstka primátorky města Brna. Výsledek hlasování: - hlasování se zúčastnilo ………………… 54 členů Zastupitelstva města Brna - pro Mgr. Reného Černého …………….. 42 hlasů Hlasování č. 10: 42 - 5 - 7 - 0",10,36036d38da50510d
marketa-vankova,Z9/01,7,"V pořadí 2. náměstkem primátorky města Brna byl zvolen Mgr. Jaroslav Suchý. Volba v pořadí 3. náměstkyně/náměstka primátorky města Brna Předseda volební komise vyzval členy Zastupitelstva města Brna k podávání návrhů na funkci v pořadí 3. náměstkyně/náměstka primátorky města Brna. JUDr. Markéta Vaňková, primátorka, navrhla zvolit do funkce v pořadí 3. náměstka primátorky města Brna JUDr. Roberta Kerndla. Jiný návrh na zvolení do funkce 3. náměstkyně/náměstka primátorky města Brna podán nebyl. Navržený kandidát JUDr. Robert Kerndl vyslovil souhlas s kandidaturou a přednesl kandidátský projev. Dotazy vzneseny nebyly. Hlasování o volbě v pořadí 3. náměstka primátorky města Brna. Výsledek hlasování: - hlasování se zúčastnilo …………………… 54 členů Zastupitelstva města Brna - pro JUDr. Roberta Kerndla ……………….. 42 hlasů Hlasování č. 12: 42 - 5 - 7 - 0",6,36036d38da50510d
marketa-vankova,Z9/01,8,"JUDr. Roberta Kerndla v pořadí třetím náměstkem primátorky města Brna, Ing. Karin Karasovou v pořadí čtvrtou náměstkyní primátorky města Brna. 8. Volba dalších členek/členů Rady města Brna Průběh voleb řídil Mgr. Bc. Marek Viskot, předseda volební komise, opět podle platného volebního řádu, který určuje, že volba probíhá u každé další členky/člena Rady města Brna jednotlivě. JUDr. Markéta Vaňková, primátorka, upozornila, že oproti předloženému materiálu k tomuto bodu se bude volit o 1 členku/člena Rady města Brna méně, vzhledem ke zvolení 4. náměstkyně primátorky města Brna. Volba členky/člena Rady města Brna pro dopravu a správu městských účastí Předseda volební komise vyzval členy Zastupitelstva města Brna k podávání návrhů na funkci členky/člena Rady města Brna pro dopravu a správu městských účastí. JUDr. Robert Kerndl, náměstek primátorky, navrhl zvolit do funkce člena Rady města Brna pro dopravu a správu městských účastí Ing. Petra Kratochvíla. Jiný návrh na zvolení do funkce členky/člena Rady města Brna pro dopravu a správu městských účastí podán nebyl. Navržený kandidát Ing. Petr Kratochvíl vyslovil souhlas s kandidaturou a přednesl kandidátský projev. Dotazy vzneseny nebyly. Hlasování o volbě člena Rady města Brna pro dopravu a správu městských účastí. Výsledek hlasování: - hlasování se zúčastnilo …………………… 54 členů Zastupitelstva města Brna - pro Ing. Petra Kratochvíla ……....………... 41 hlasů Hlasování č. 14: 41 - 5 - 7 - 1",8,36036d38da50510d
marketa-vankova,Z9/01,10,"Dlouhodobě uvolněnou členkou Zastupitelstva města Brna pro oblast inovace a spolupráce s výzkumnými organizacemi byla zvolena doc. RNDr. Anna Putnová, Ph.D., MBA. JUDr. Markéta Vaňková, primátorka – vyhlásila v souladu s Jednacím řádem Zastupitelstva města Brna přestávku v jednání do 11:00 hod.",0,36036d38da50510d
marketa-vankova,Z9/01,11,"Pokračování po přestávce JUDr. Markéta Vaňková, primátorka – přistoupila k dokončení voleb dlouhodobě uvolněné/uvolněného členky/člena Zastupitelstva města Brna, a to předsedkyně/předsedy Kontrolního výboru Zastupitelstva města Brna. Volba dlouhodobě uvolněné/uvolněného předsedkyně/předsedy Kontrolního výboru Zastupitelstva města Brna Předseda volební komise vyzval členy Zastupitelstva města Brna k podávání návrhů na funkci dlouhodobě uvolněné/uvolněného předsedkyně/předsedy Kontrolního výboru Zastupitelstva města Brna. Člen zastupitelstva Mgr. Bc. Tomáš Anderle, MBA, LL.M., navrhl zvolit do funkce dlouhodobě uvolněného předsedy Kontrolního výboru Zastupitelstva města Brna doc. MUDr. Tomáše Skřičku, CSc. Členka zastupitelstva Ing. Jana Drápalová navrhla zvolit do funkce dlouhodobě uvolněného předsedy Kontrolního výboru Zastupitelstva města Brna Bc. Matěje Hollana. Navržení kandidáti, doc. MUDr. Tomáš Skřička, CSc., i Bc. Matěj Hollan, vyslovili souhlas s kandidaturou a přednesli kandidátské projevy. Dotazy vzneseny nebyly. Hlasování o volbě dlouhodobě uvolněného předsedy Kontrolního výboru Zastupitelstva města Brna, v abecedním pořadí. Výsledek hlasování: - hlasování se zúčastnilo ………… 51 členů Zastupitelstva města Brna - pro Bc. Matěje Hollana …………. 4 hlasy Hlasování č. 22: 4 - 12 - 30 - 5",6,36036d38da50510d
marketa-vankova,Z9/01,11,"Bc. Kateřinu Jarošovou, MBA, členkou Zastupitelstva města Brna pro oblast marketingu a PR, doc. RNDr. Annu Putnovou, Ph.D., MBA, členkou Zastupitelstva města Brna pro oblast inovací a spolupráce s výzkumnými organizacemi, doc. MUDr. Tomáše Skřičku, CSc., předsedou Kontrolního výboru Zastupitelstva města Brna. 10. Volební řád pro volbu neuvolněných předsedů, místopředsedů a členů výborů Zastupitelstva města Brna a volební komise pro jejich volbu JUDr. Markéta Vaňková, primátorka – v úvodu sdělila, že členové Zastupitelstva města Brna obdrželi k tomuto bodu materiál, včetně platného volebního řádu pro veřejnou volbu provedenou hlasovacím zařízením, a vzhledem k tomu, že dle zákona o obcích je předsedou vždy člen zastupitelstva a dle schváleného statutu výborů Zastupitelstva města Brna je předsedou a místopředsedou vždy člen zastupitelstva, podala návrh na změnu volebního řádu, a to konkrétně čl. 2 bodu 3 na znění: Na člena výboru může kandidovat každá fyzická osoba mající trvalé bydliště na území statutárního města Brna, která nebyla zvolena předsedou či místopředsedou výboru, do něhož se volí, s výjimkou Kontrolního výboru a Finančního výboru, jehož členem nemůže rovněž být podle ustanovení § 119 odst. 1 zákona č. 128/2000 Sb., o obcích, v platném znění, primátor a náměstci primátora. Vzhledem k tomuto návrhu na úpravu předloženého volebního řádu podala JUDr. Markéta Vaňková, primátorka, návrh na změnu první části usnesení k bodu 10), a to ve znění: Zastupitelstvo města Brna schvaluje Volební řád pro volbu neuvolněných předsedů, místopředsedů a členů výborů zastupitelstva města Brna, který tvoří přílohu č… tohoto zápisu. Poté JUDr. Markéta Vaňková, primátorka, nechala o upravené první části usnesení a upraveném",2,36036d38da50510d
marketa-vankova,Z9/01,12,"Úprava byla přijata. Dále bylo nezbytné zvolit novou volební komisi pro volby neuvolněných předsedů, místopředsedů a členů výborů Zastupitelstva města Brna. JUDr. Markéta Vaňková, primátorka, vyzvala přítomné členy Zastupitelstva města Brna k podání návrhů na členy volební komise. Ing. Daniel Struž, MBA, navrhl RNDr. Miroslava Kubáska, Ph.D., Mgr. Břetislav Štefan navrhl Mgr. Bc. Marka Viskota, který dále ještě navrhl Ing. Karla Kalivodu. Hlasování o složení volební komise: Hlasování č. 25: 52 - 0 - 0 - 2",4,36036d38da50510d
marketa-vankova,Z9/01,12,"Komise si ze svého středu volí předsedu, který dle článku 4 odst. 3 schváleného volebního řádu průběh voleb řídí. Předsedou volební komise byl členy volební komise zvolen Mgr. Bc. Marek Viskot. Schválené usnesení: 1. ZMB schvaluje Volební řád pro volbu neuvolněných předsedů, místopředsedů a členů výborů Zastupitelstva města Brna, který tvoří přílohu č. 1 tohoto zápisu. 2. ZMB volí volební komisi pro volbu neuvolněných předsedkyň/předsedů, místopředsedkyň/místopředsedů a členek/členů výborů Zastupitelstva města Brna, pro volební období 2022–2026, ve složení: Mgr. Bc. Marek Viskot - předseda Ing. Karel Kalivoda, RNDr. Miroslav Kubásek, Ph.D. 11. Volba neuvolněných předsedkyň/předsedů, místopředsedkyň/místopředsedů a členek/členů výborů Zastupitelstva města Brna JUDr. Markéta Vaňková, primátorka – v úvodu tohoto bodu informovala, že členové Zastupitelstva města Brna obdrželi materiál s příslušným usnesením, které bude uvedeno v zápisu ze zasedání, a upozornila, že o tomto usnesení se nehlasuje, je to konstatování výsledků uskutečněných voleb. Poté vyzvala předsedu volební komise Mgr. Bc. Marka Viskota, aby se v souladu s volebním řádem ujal řízení volby. Volba neuvolněné/neuvolněného předsedkyně/předsedy Finančního výboru Zastupitelstva města Brna Předseda volební komise seznámil přítomné členy Zastupitelstva města Brna s pořadím prováděných voleb a poté je vyzval k podání návrhů na funkci předsedkyně/předsedy Finančního výboru Zastupitelstva města Brna. JUDr. Robert Kerndl, náměstek primátorky, navrhl do funkce předsedkyně Finančního výboru Zastupitelstva města Brna Ing. Andreu Pazderovou. Jiný návrh na zvolení do funkce předsedkyně/předsedy Finančního výboru Zastupitelstva města Brna podán nebyl. Navržená kandidátka Ing. Andrea Pazderová vyslovila souhlas s kandidaturou. V souladu s volebním řádem kandidáti na funkce neuvolněných předsedkyň/předsedů, místopředsedkyň/místopředsedů a členek/členů výborů Zastupitelstva města Brna nevystupují se svým prohlášením a neodpovídají na případné dotazy. Hlasování o volbě předsedkyně Finančního výboru Zastupitelstva města Brna. Výsledek hlasování: - hlasování se zúčastnilo …………… 53 členů Zastupitelstva města Brna - pro Ing. Andreu Pazderovou ……... 44 hlasů Hlasování č. 26: 44 - 1 - 8 - 0",8,36036d38da50510d
marketa-vankova,Z9/01,14,"Místopředsedou Výboru pro národnostní menšiny Zastupitelstva města Brna byl zvolen JUDr. Michal Chládek, MBA. Volba neuvolněných členek/členů Výboru pro národnostní menšiny Zastupitelstva města Brna Předseda volební komise vyzval členy Zastupitelstva města Brna k podávání návrhů na funkci 4 neuvolněných členek/členů Výboru pro národnostní menšiny Zastupitelstva města Brna. Člen zastupitelstva Leoš Prokeš, MBA, navrhl nezastupitele Akopa Chodžajana, Ing. Jana Drápalová navrhla Mgr. Jasnu Flamikovou, Mgr. Marek Lahoda navrhl Bc. Tomáše Koláčného, Ing. Karin Karasová, náměstkyně primátorky, navrhla nezastupitelku Bc. Sabinu Benešovou, člen zastupitelstva JUDr. Michal Marek navrhl Mgr. Jitku Ivičičovou. JUDr. Markéta Vaňková, primátorka, na základě právní porady navrhla přerušení projednávání bodu 11), opětovné zařazení a projednání bodu 3) Zřízení výborů Zastupitelstva města Brna a stanovení počtu jejich členek/členů z důvodu zájmu o navýšení počtu členek/členů Výboru pro národnostní menšiny Zastupitelstva města Brna. 3. Zřízení výborů Zastupitelstva města Brna a stanovení počtu jejich členek/členů JUDr. Markéta Vaňková, primátorka, navrhla hlasovat o revokaci usnesení o počtu členek/členů Výboru pro národnostní menšiny Zastupitelstva města Brna a o změně usnesení spočívající v navýšení počtu ze 13 na 15 členů: Hlasování č. 33: 53 - 0 - 1 - 0",6,36036d38da50510d
marketa-vankova,Z9/01,15," Finančního výboru Zastupitelstva města Brna na 7 členek/členů,  Kontrolního výboru Zastupitelstva města Brna na 9 členek/členů, · Výboru pro národnostní menšiny Zastupitelstva města Brna na 15 členek/členů. JUDr. Markéta Vaňková, primátorka – po odsouhlasení navýšení počtu členek/členů Výboru pro národnostní menšiny Zastupitelstva města Brna na 15 navrhla dokončit volbu členů tohoto výboru v rámci přerušeného bodu 11). 11. Volba neuvolněných předsedkyň/předsedů, místopředsedkyň/místopředsedů a členek/členů výborů Zastupitelstva města Brna Pokračování volby neuvolněných členek/členů Výboru pro národnostní menšiny Zastupitelstva města Brna",4,36036d38da50510d
marketa-vankova,Z9/01,15,"Členy Výboru pro národnostní menšiny Zastupitelstva města Brna byli zvoleni Akop Chodžajan, Mgr. Jasna Flamiková, Bc. Tomáš Koláčný, Bc. Sabina Benešová a Mgr. Jitka Ivičičová. JUDr. Markéta Vaňková, primátorka, upozornila, že v případě Výboru pro národnostní menšiny Zastupitelstva města Brna musí nadpoloviční většinu jeho členů tvořit zástupci národnostních menšin. Proto je nutné, aby předseda tohoto výboru oslovil příslušné spolky národnostních menšin se žádostí o delegování kandidátů na členy výboru, jak je uvedeno v navrženém usnesení k bodu 11). JUDr. Markéta Vaňková, primátorka – přistoupila k hlasování o návrhu na uložení povinnosti předsedovi Výboru pro národnostní menšiny Zastupitelstva města Brna připravit doplňující volbu členek/členů tohoto výboru na příští zasedání Zastupitelstva města Brna: Hlasování č. 35: 54 - 0 - 0 - 0",6,36036d38da50510d
marketa-vankova,Z9/01,16,"*** ZMB ukládá předsedovi Výboru pro národnostní menšiny Zastupitelstva města Brna připravit návrh na doplňující volbu členek/členů Výboru pro národnostní menšiny Zastupitelstva města Brna a předložit jej na příští zasedání Zastupitelstva města Brna. T: do příštího zasedání Zastupitelstva města Brna *** úkol č.: [Z9/01/11] zodpovídá: předseda Výboru pro národnostní menšiny [75] termín: [viz usnesení] 12. Delegování zástupkyň/zástupců statutárního města Brna na valné hromady obchodních společností s menší než 100% majetkovou účastí města JUDr. Markéta Vaňková, primátorka, v úvodu projednání tohoto bodu sdělila, že u některých společností již obdržela návrhy na delegování zástupců statutárního města Brna a jejich náhradníků na valné hromady společností. U některých společností očekává návrhy v rámci tohoto zasedání Zastupitelstva města Brna. Automotodrom Brno, a.s. – člen zastupitelstva doc. MUDr. Tomáš Skřička, CSc., uvedl, že písemně navrhl člena zastupitelstva Petra Levíčka, MBA, jako zástupce k zastupování na všech valných hromadách společnosti Automotodrom Brno, a.s. Návrh na náhradníka podán nebyl. Brněnské vodárny a kanalizace, a.s. – byl navržen člen zastupitelstva Ing. David Grund, jako zástupce, Ing. Karin Karasová, náměstkyně primátorky, jako náhradnice. Jihomoravská rozvojová společnost, s.r.o. – byla navržena členka zastupitelstva Kristýna Černá, jako zástupce, Mgr. René Černý, 1. náměstek primátorky, jako náhradník. KORDIS JMK, a.s. – byl navržen Ing. Petr Kratochvíl, člen Rady města Brna, jako zástupce, Ing. arch. Petr Bořecký, člen Rady města Brna, jako náhradník. Technologický Park Brno, a.s. – byl navržen Martin Drdla, MSc., jako zástupce, člen zastupitelstva JUDr. PhDr. Martin Příborský, EMLE, jako náhradník. Jiné návrhy zástupců statutárního města Brna a jejich náhradníků delegovaných na valné hromady výše uvedených společností předloženy nebyly. JUDr. Markéta Vaňková, primátorka – nechala hlasovat o předložených návrzích na delegování zástupců a jejich náhradníků u výše uvedených společností: Hlasování č. 36: 47 - 1 - 5 - 1",1,36036d38da50510d
marketa-vankova,Z9/01,17,"Martina Drdlu, MSc., narozeného X. X. XXXX, bytem XXXXXXXXX XXXXX, XXX XX XXXX, jako zástupce JUDr. Ph.Dr. Martina Příborského, EMLE, člena Zastupitelstva města Brna, jako náhradníka k zastupování na všech valných hromadách společnosti Technologický Park Brno, a. s.“ 13. Změny v orgánech obchodních společností s menší než 100% majetkovou účastí statutárního města Brna JUDr. Markéta Vaňková, primátorka – v úvodu bodu sdělila, že návrhy na změny ve funkcích členů představenstev a členů dozorčích rad budou uváděny k jednotlivým společnostem, v pořadí představenstvo, dozorčí rada, a pokud budou podány nějaké návrhy nad rámec těch, které již obdržela, je nutné tyto návrhy dodat písemně. Automotodrom Brno, a.s. – člen zastupitelstva doc. MUDr. Tomáš Skřička, CSc., se omluvil za nedorozumění, když v bodu 12) uvedl, že písemně navrhl člena zastupitelstva Petra Levíčka, MBA, jako zástupce na valných hromadách společnosti namísto jeho navržení do funkce člena dozorčí rady společnosti. JUDr. Markéta Vaňková, primátorka, sdělila, že člen zastupitelstva Petr Levíček, MBA, může být delegován do obou zmíněných funkcí. Doc. MUDr. Tomáš Skřička, CSc., oba návrhy potvrdil. Brněnské vodárny a kanalizace, a.s. – návrhy kandidátů do představenstva: Ing. David Grund, Ing. Jaroslav Folprecht, Ing. Daniel Struž, MBA. JUDr. Jiří Oliva, člen Rady města Brna, navrhl dalšího kandidáta Mgr. Bc. Marka Viskota. Návrhy kandidátů do dozorčí rady: PhDr. Martin Krytinář a Ludvík Kadlec. Jihomoravská rozvojová společnost, s.r.o. – návrh kandidátky do dozorčí rady: Kristýna Černá. Jiný kandidát navržen nebyl. KORDIS JMK, a.s. – návrhy kandidátů do představenstva: Mgr. Jiří Dvořáček a Ing. Jan Seitl. Návrhy kandidátů do dozorčí rady: Vít Prýgl, Ing. Pavel Jankůj. Doc. MUDr. Tomáš Skřička, CSc., navrhl dalšího kandidáta Ak. arch. Tomáše Kotase. Technologický Park Brno, a.s. – návrhy kandidátů do představenstva: Ing. David Trllo, Dipl.-Kfm. Dalimil Ospalý, Ing. Karel Kalivoda, prof. Ing. Vladislav Musil a JUDr. Michal Marek. Návrh kandidáta do dozorčí rady: Ing. David Geryk. JUDr. Jiří Oliva, člen Rady města Brna, navrhl dalšího kandidáta Mgr. Břetislava Štefana. JUDr. Markéta Vaňková, primátorka – nechala hlasovat o odvolání předchozích členů představenstev a dozorčích rad výše uvedených společností a zároveň o přednesených návrzích na nové členy představenstev a dozorčích rad těchto společností: Hlasování č. 37: 47 - 2 - 5 - 0",1,36036d38da50510d
marketa-vankova,Z9/01,19,"Schválené usnesení: ZMB určuje Ing. arch. Petra Bořeckého za člena zastupitelstva spolupracujícího s Odborem územního plánování a rozvoje Magistrátu města Brna při pořizování územně plánovací dokumentace a jejích změn ve smyslu zákona č. 183/2006 Sb., o územním plánování a stavebním řádu (stavební zákon), v platném znění, pro volební období 2022-2026. Ustavující zasedání Zastupitelstva města Brna ukončila (ve 12:30 hod.) JUDr. Markéta Vaňková, primátorka města Brna. JUDr. Markéta Vaňková v. r. Mgr. René Černý v. r.",0,36036d38da50510d
marketa-vankova,Z9/04,1,"Zasedání zahájila a řídila primátorka města Brna JUDr. Markéta Vaňková (dále jen JUDr. Markéta Vaňková, primátorka).",0,a43c0850f687c0a3
marketa-vankova,Z9/04,1,"JUDr. Markéta Vaňková, primátorka, upozornila na skutečnost, že jednání Zastupitelstva města Brna je audiovizuálně přenášeno prostřednictvím internetových stránek města a přenos je zaznamenáván, archivován a následně bude zveřejněn.",4,a43c0850f687c0a3
marketa-vankova,Z9/04,1,"JUDr. Markéta Vaňková, primátorka, sdělila, že při prezenci členové Zastupitelstva města Brna obdrželi: • doplněk k bodu 28), který byl dne 24. 1. 2023 vložen na chráněné internetové datové úložiště • Výpis usnesení Finančního výboru Zastupitelstva města Brna k bodům projednávaným na tomto zasedání, který byl dne 23. 1. 2023 vložen na chráněné internetové datové úložiště • Informativní zprávu – Podání adresovaná Zastupitelstvu města Brna, která byla dne 23. 1. 2023 včetně vlastních podání vložena na chráněné internetové datové úložiště. Podání ZMB byla rovněž k dispozici v listinné formě ve složce „K nahlédnutí pro členy ZMB“ v jednacím sálu • Informace o hlasování členů Rady města Brna neuvedené v předložených materiálech k bodům programu Zastupitelstva města Brna č. Z9/04",0,a43c0850f687c0a3
marketa-vankova,Z9/04,2,"Schválení programu zasedání Zastupitelstva města Brna č. Z9/04 JUDr. Markéta Vaňková, primátorka, zdůvodnila tyto změny programu:",0,a43c0850f687c0a3
marketa-vankova,Z9/04,2,"JUDr. Markéta Vaňková, primátorka, dále upozornila, že: - u bodu 32) se upravuje název, který nově zní: Návrh na poskytnutí dotací organizacím poskytujícím služby zdravotnické, služby v oblasti podpory rodinné politiky, podpory neformálních pečovatelů a podpory prevence domácího násilí na rok 2023, s tím, že úprava názvu bodu nemá vliv na text usnesení.",6,a43c0850f687c0a3
marketa-vankova,Z9/04,2,"JUDr. Markéta Vaňková, primátorka – odpověděla na dotaz Leoše Prokeše, MBA, s tím, že k tomuto bodu probíhají další jednání se smluvním partnerem.",0,a43c0850f687c0a3
marketa-vankova,Z9/04,2,"JUDr. Markéta Vaňková, primátorka, upozornila, že nebylo nezbytné číst usnesení k nově navrženému bodu, vždy je ale nutné uvést název navrhovaného bodu a zdůvodnění pro jeho zařazení na program zasedání.",4,a43c0850f687c0a3
marketa-vankova,Z9/04,2,"Poté JUDr. Markéta Vaňková, primátorka, hodlala přistoupit k hlasování o návrhu doc. MUDr. Tomáše Skřičky, CSc., na zařazení nového bodu 86) Návrh pověření Kontrolního výboru Zastupitelstva města Brna provedením kontroly na program zasedání Zastupitelstva města Brna.",2,a43c0850f687c0a3
marketa-vankova,Z9/04,2,"Následně JUDr. Markéta Vaňková, primátorka, přistoupila k hlasování o návrhu doc. MUDr. Tomáše Skřičky, CSc., na zařazení nového bodu 86) Návrh pověření Kontrolního výboru Zastupitelstva města Brna provedením kontroly na program zasedání: Hlasování č. 2: 40 - 0 - 7 - 5",2,a43c0850f687c0a3
marketa-vankova,Z9/04,2,"Dále JUDr. Markéta Vaňková, primátorka, nechala hlasovat o návrzích na změny v programu zasedání Zastupitelstva města Brna, které uvedla v rámci Technického bodu.",-3,a43c0850f687c0a3
marketa-vankova,Z9/04,11,"JUDr. Markéta Vaňková, primátorka: Můžete hovořit, možná trošku blíž k mikrofonu, není Vás úplně dobře slyšet, ale máte ho zapnutý.",0,a43c0850f687c0a3
marketa-vankova,Z9/04,11,"JUDr. Markéta Vaňková, primátorka: Můžete to dokončit, jako časový limit uplynul, ale pokud budete směřovat nějak k závěru, tak je to v pohodě.",0,a43c0850f687c0a3
marketa-vankova,Z9/04,11,"JUDr. Markéta Vaňková, primátorka: Prosím o shrnutí toho podstatného.",0,a43c0850f687c0a3
marketa-vankova,Z9/04,12,"JUDr. Markéta Vaňková, primátorka: Bude reagováno písemně. O tom problému samozřejmě víme a hlásí se pan starosta Maleček, takže bude reagovat přímo tady.",0,a43c0850f687c0a3
marketa-vankova,Z9/04,14,"JUDr. Markéta Vaňková, primátorka: Tak, zeptám se jenom, jestli ještě pořád k Ibsenové?",0,a43c0850f687c0a3
marketa-vankova,Z9/04,14,"JUDr. Markéta Vaňková, primátorka: Aha, tak pardon, pardon, já se omlouvám, proto jsem se ptala, jestli je to ještě k Ibsenové, vydržte. Pokud to není k Ibsenové, tak teď dám prostor paní náměstkyni Podivinské, aby zareagovala.",0,a43c0850f687c0a3
marketa-vankova,Z9/04,14,"JUDr. Markéta Vaňková, primátorka: Tak. Děkuji za reakci a teď prostor pro dalšího občana, k dalšímu tématu.",0,a43c0850f687c0a3
marketa-vankova,Z9/04,15,"JUDr. Markéta Vaňková, primátorka: Tak děkujeme za podněty. Zeptám se, jestli je ještě nějaký další občan? Tak, vypadá to, že není, takže děkuji všem, kteří přišli na jednání zastupitelstva, a my budeme pokračovat dále v programu. Končím tedy bod č. 2) a budeme pokračovat bodem č. 22).",0,a43c0850f687c0a3
marketa-vankova,Z9/04,18,"JUDr. Markéta Vaňková, primátorka: Já myslím, že konečné rozhodnutí bude známo poté, co budeme hlasovat. A každý, z předložených materiálů, má možnost si zvážit, jestli chce Divadlo Bolka Polívky, když to takto zjednoduším, touto částkou podpořit, nebo ne. A myslím si, že každý z nás si dovede představit, jaký přínos toto divadlo pro Brno má, a vyjádří to svým hlasováním. Všechny podstatné informace jsou v poměrně obsáhlém materiálu. Poprosím další debatu k této, k tomuto bodu? Není nikdo přihlášený, tak zahájím hlasování: Hlasování č. 27: 41 - 1 - 8 - 3",0,a43c0850f687c0a3
marketa-vankova,Z9/04,25,"JUDr. Markéta Vaňková, primátorka – navrhla společně hlasovat o bodech 48) – 62) vztahujících se k prodejům pozemků.",4,a43c0850f687c0a3
marketa-vankova,Z9/04,25,"JUDr. Markéta Vaňková, primátorka – přistoupila k samostatnému hlasování o bodech dle vznesených požadavků.",0,a43c0850f687c0a3
marketa-vankova,Z9/04,26,"JUDr. Markéta Vaňková, primátorka – navrhla společné hlasování o bodech 54) – 58) vztahujících se k prodejům pozemků.",4,a43c0850f687c0a3
marketa-vankova,Z9/04,29,"JUDr. Markéta Vaňková, primátorka – navrhla společně hlasovat o bodech 64) - 66) vztahujících se k nabytí pozemků.",4,a43c0850f687c0a3
marketa-vankova,Z9/04,30,"JUDr. Markéta Vaňková, primátorka – navrhla společné hlasování o bodech 69) – 73) vztahujících se k nabídkám předkupních práv ke stavbám.",4,a43c0850f687c0a3
marketa-vankova,Z9/04,32,"JUDr. Markéta Vaňková, primátorka – v úvodu projednání tohoto bodu informovala, že v původním materiálu bylo variantní usnesení, Rada města Brna však přijala nové usnesení, které zastupitelé",0,a43c0850f687c0a3
marketa-vankova,Z9/04,33,"obdrželi formou doplňku. Ve znění tohoto doplňku poté nechala JUDr. Markéta Vaňková, primátorka, hlasovat o přijetí usnesení k bodu 74): Hlasování č. 59: 40 - 0 - 9 - 2",0,a43c0850f687c0a3
marketa-vankova,Z9/04,34,"JUDr. Markéta Vaňková, primátorka: Materiál je variantní, Rada města Brna podpořila variantu A – nesouhlasí, hlasování tam bylo 7 pro, nikdo proti, 3 se zdrželi.",0,a43c0850f687c0a3
marketa-vankova,Z9/04,34,"JUDr. Markéta Vaňková, primátorka: Děkuji za doplnění. Nějaké další podněty do diskuse? Tak, pokud tomu tak není, budu už dávat hlasovat, tak jak jsem avizovala, o variantě A - nesouhlasí, a to v souladu s rozhodnutím Rady města Brna. Takže zahajuji hlasování: Hlasování č. 61: 33 - 1 - 16 - 2",0,a43c0850f687c0a3
marketa-vankova,Z9/04,34,"JUDr. Markéta Vaňková, primátorka – navrhla společně hlasovat o bodech 77) – 79) vztahujících se k nabídkám na využití předkupních práv dle § 101 stavebního zákona k pozemkům.",4,a43c0850f687c0a3
marketa-vankova,Z9/04,36,"JUDr. Markéta Vaňková, primátorka: Někdo další do diskuse? Případně, jestli chce někdo reagovat? Není tomu tak, takže můžeme přistoupit k hlasování. Zahajuji hlasování: Hlasování č. 65: 40 - 2 - 7 - 3",0,a43c0850f687c0a3
marketa-vankova,Z9/04,37,"JUDr. Markéta Vaňková, primátorka – v úvodu projednávání tohoto bodu upřesnila, že v rámci usnesení, v bodě 3., kde Zastupitelstvo města Brna ukládá Radě města Brna zajistit přípravu žádosti o poskytnutí podpory na projekt, se doplňuje termín, a to do 28. 2. 2023.",0,a43c0850f687c0a3
marketa-vankova,Z9/04,37,"JUDr. Markéta Vaňková, primátorka: Tak, očekávám, jestli se přihlásí předkladatel? Přihlásí. Tak, pane docente, máte slovo.",0,a43c0850f687c0a3
marketa-vankova,Z9/04,38,"JUDr. Markéta Vaňková, primátorka: Dobře. Chtělo by se mi říct, že rozhodnutí je obecnější pojem než usnesení, ale nebudu se v tom příliš dál už patlat. A zeptám se předkladatele, jestli se ztotožňuje s návrhem pana zastupitele Hladíka, to znamená, že by to usnesení končilo slovem domů? Tak, pane docente, máte slovo.",2,a43c0850f687c0a3
marketa-vankova,Z9/04,38,"JUDr. Markéta Vaňková, primátorka: Dobře. Děkuji. Nevidím teďka už nikoho dalšího přihlášeného, budeme tedy hlasovat o usnesení, které zní – Zastupitelstvo města Brna pověřuje Kontrolní výbor Zastupitelstva města Brna provedením kontroly privatizace městských bytových domů. Zahajuji hlasování: Hlasování č. 67: Neplatné hlasování",0,a43c0850f687c0a3
marketa-vankova,Z9/04,38,"JUDr. Markéta Vaňková, primátorka: Tak, ještě se mně hlásí pan náměstek, takže todle hlasování nebudeme ukončovat, budeme hlasovat ještě jednou, předpokládám. Pan náměstek Kerndl.",0,a43c0850f687c0a3
marketa-vankova,Z9/04,38,"JUDr. Markéta Vaňková, primátorka: Takže poprosím, že bychom začali hlasovat znovu, jenom, jak to mám udělat? Teďka todle ukončím a zahájím znovu, jo? Tak. Takže s nahlášenou podjatostí a zahajuji hlasování o návrhu usnesení: Hlasování č. 68: 51 - 0 - 1 - 0",2,a43c0850f687c0a3
marketa-vankova,Z9/04,39,"JUDr. Markéta Vaňková, primátorka: Jo. Tak fajn, to teda nebylo úplně k bodu č. 3), ale to nevadí. Tak, končím projednání bodu č. 3), protože to je bez usnesení, a přistupujeme k bodu č. 4), neboli interpelace. A máte prostor.",2,a43c0850f687c0a3
marketa-vankova,Z9/04,39,"JUDr. Markéta Vaňková, primátorka: Já to doplním ještě, a předpokládáme, že v nejbližších týdnech to bude projednávat Rada města Brna. Čekali jsme na rozhodnutí představenstva. Tak, nějaké další příspěvky? Pan zastupitel Prokeš.",0,a43c0850f687c0a3
marketa-vankova,Z9/04,40,"Mgr. Jasna Flamiková: Já nevím, jestli bude pan Kratochvíl odpovídat. Já bych kdyžtak počkala. JUDr. Markéta Vaňková, primátorka: Já myslím, že asi bude reagovat až písemně.",0,a43c0850f687c0a3
marketa-vankova,Z9/04,41,"JUDr. Markéta Vaňková, primátorka, ukončila zasedání Zastupitelstva města Brna (v 9:55 hod.).",0,a43c0850f687c0a3
marketa-vankova,Z9/02,1,"Zasedání zahájila a řídila primátorka města Brna JUDr. Markéta Vaňková (dále jen JUDr. Markéta Vaňková, primátorka).",0,9d9381375d84a343
marketa-vankova,Z9/02,1,"JUDr. Markéta Vaňková, primátorka, upozornila na skutečnost, že jednání Zastupitelstva města Brna je audiovizuálně přenášeno prostřednictvím internetových stránek města a přenos je zaznamenáván, archivován a následně bude zveřejněn.",4,9d9381375d84a343
marketa-vankova,Z9/02,1,"Dále JUDr. Markéta Vaňková, primátorka, přivítala na zasedání Zastupitelstva města Brna Petra Levíčka, MBA, člena zastupitelstva, který se z důvodu nemoci nemohl zúčastnit ustavujícího zasedání a spolu s ostatními složit slib člena Zastupitelstva města Brna.",0,9d9381375d84a343
marketa-vankova,Z9/02,1,"Po složení slibu vyzvala JUDr. Markéta Vaňková, primátorka, členy Zastupitelstva města Brna k podání návrhů na ověřovatele zápisu.",2,9d9381375d84a343
marketa-vankova,Z9/02,1,"JUDr. Markéta Vaňková, primátorka, sdělila, že při prezenci členové Zastupitelstva města Brna obdrželi: • doplněk k bodu 5), který byl dne 14. 11. 2022 vložen na chráněné internetové datové úložiště • doplněk k bodu 24), který byl dne 14. 11. 2022 vložen na chráněné internetové datové úložiště • doplněk k bodu 37), který byl dne 14. 11. 2022 vložen na chráněné internetové datové úložiště",0,9d9381375d84a343
marketa-vankova,Z9/02,2,"Schválení programu zasedání Zastupitelstva města Brna č. Z9/02 JUDr. Markéta Vaňková, primátorka, zdůvodnila tyto změny programu:",0,9d9381375d84a343
marketa-vankova,Z9/02,2,"JUDr. Markéta Vaňková, primátorka, dále upozornila, že: - u bodu 5) se upravuje název, který nově zní: Návrh zvýšení počtu členů Výboru pro národnostní menšiny Zastupitelstva města Brna a volba dalších členů, - v názvu bodu 81) se upravuje text: návrh dispozice s pozemky na návrh nabytí pozemků, a k uvedeným úpravám sdělila, že nemají vliv na texty usnesení.",6,9d9381375d84a343
marketa-vankova,Z9/02,2,"Dále ještě JUDr. Markéta Vaňková, primátorka, navrhla zařadit projednání bodu 12) Návrh Dodatku č. 29 Smlouvy o závazku veřejné služby a kompenzaci z veřejné přepravy cestujících, uzavřené mezi statutárním městem Brnem a Dopravním podnikem města Brna, a.s., jako první bod po dopolední přestávce, s tím, že členové Zastupitelstva města Brna obdrží k tomuto bodu doplněk k materiálu ve znění projednaném na schůzi Rady města Brna dne 14. 11. 2022.",6,9d9381375d84a343
marketa-vankova,Z9/02,2,"Poté JUDr. Markéta Vaňková, primátorka, nechala hlasovat o návrzích na změny v programu zasedání Zastupitelstva města Brna, které uvedla v rámci Technického bodu.",-3,9d9381375d84a343
marketa-vankova,Z9/02,6,"JUDr. Markéta Vaňková, primátorka, v úvodu projednání bodu sdělíla, že členové Zastupitelstva města Brna obdrželi materiál k tomuto bodu včetně platného volebního řádu pro veřejnou volbu provedenou hlasovacím zařízením a doplněk k materiálu, dle něhož se navrhuje stanovit počet členů Výboru pro národnostní menšiny Zastupitelstva města Brna na 17 a schválit nová znění volebního řádu a statutu výboru. Vzhledem k nezbytnosti přijetí těchto 3 usnesení navrhla JUDr. Markéta Vaňková, primátorka, hlasovat nejprve o nich, a poté provést volbu volební komise a členů výboru.",4,9d9381375d84a343
marketa-vankova,Z9/02,6,"JUDr. Markéta Vaňková, primátorka, upozornila, že podle čl. 5 odst. 2 Volebního řádu pro volbu neuvolněných předsedů, místopředsedů a členů výborů Zastupitelstva města Brna členem volební komise nemůže být kandidát na funkce volené dle tohoto volebního řádu. Poté vyzvala přítomné členy Zastupitelstva města Brna k podání návrhů na členy volební komise. Mgr. Břetislav Štefan navrhl Mgr. Bc. Marka Viskota, Mgr. Bc. Marek Viskot navrhl Mgr. Břetislava Štefana a Mgr. Martin Maleček navrhl Mgr. Jitku Ivičičovou.",8,9d9381375d84a343
marketa-vankova,Z9/02,6,"JUDr. Markéta Vaňková, primátorka, upozornila, že při této volbě musí nadpoloviční většinu tvořit zástupci národnostních menšin. V doplňku k materiálu tohoto bodu bylo navrženo nejdříve hlasovat o 9 členech zastupujících národnostní menšiny a poté o posledním členovi, který národnostní menšiny nezastupuje.",4,9d9381375d84a343
marketa-vankova,Z9/02,7,"JUDr. Markéta Vaňková, primátorka, z časových důvodů přerušila dokončení voleb členů Výboru pro národnostní menšiny Zastupitelstva města Brna a přistoupila k bodu 2) Dotazy, připomínky a podněty občanů, obvykle projednávaném v 8:30 hod.",0,9d9381375d84a343
marketa-vankova,Z9/02,8,"JUDr. Markéta Vaňková, primátorka: Tak, podněty jsou zaznamenány, poprosím dalšího občana či občanku.",0,9d9381375d84a343
marketa-vankova,Z9/02,9,"JUDr. Markéta Vaňková, primátorka: Paní Burešová, jenom úplně krátkou reakci. Dali jsme Vám prostor výrazně delší, než předpokládá jednací řád, navíc jste tady opakovaně, se mnou jste tu záležitost také opakovaně, osobně řešila, takže my ty Vaše argumenty poměrně známe, takže skutečně poprosím jenom o krátkou reakci.",0,9d9381375d84a343
marketa-vankova,Z9/02,9,"JUDr. Markéta Vaňková, primátorka: Paní Burešová, já se omlouvám, tady to není úplně správná platforma, kde to řešit. Všichni shodně konstatujete, že ta věc bohužel nejde vyřešit smírně, z toho důvodu je řešena soudně. Čeká se teď na rozhodnutí soudu vyššího stupně a všechny tyto argumenty, které uvádíte, tak by měly zaznít u toho soudního jednání. Bohužel, pokud dvě strany, které jsou v nějakém sporu, nemohou najít nějaké smírné řešení, tak právě proto náš právní řád předpokládá, že ten spor bude vyřešen u nezávislého soudu. My ty Vaše argumenty známe, ale je zřejmé z těch všech jednání, která probíhala, že v tuto chvíli na straně městské části není vůle ke smírnému řešení. Městská část má svoje argumenty, Vy máte ty argumenty opačné a skutečně bohužel bude, bohužel pro Vás, bude muset rozhodnout nezávislý soud, který už v prvním stupni dal za pravdu městské části. My jsme to opakovaně spolu řešily, radila jsem Vám i jak postupovat v případě, že nemáte dostatek finančních prostředků na právního zástupce, takže ta problematika je projednaná s námi poměrně, jako bych řekla, podrobně, takže skutečně teď musíte vyčkat rozhodnutí krajského soudu, kde všechny tyto argumenty, které uvádíte, tak můžete uvést. A pokud Vám bude dáno za pravdu, tak se k tomu městská část bude muset postavit tak, že bude se chovat v souladu s tím soudním rozhodnutím. A to už jsme si řekly opakovaně na osobních jednáních a skutečně se omlouvám, ten čas, který jste měla, byl už několikrát vlastně vyčerpán a dali jsme Vám prostor, abyste se vyjádřila. Neříkáte nic nového.",0,9d9381375d84a343
marketa-vankova,Z9/02,10,"JUDr. Markéta Vaňková, primátorka: Paní Burešová, znovu opakuji, všechny tyto argumenty prosím uveďte u toho soudního jednání a soud tyto argumenty posoudí. My je posoudit nemůžeme, v tuto chvíli už je to prostě ve fázi soudního sporu. Je to na městské části, pokud by chtěla s Vámi vést smírné jednání, může tak kdykoli učinit, ale my tady, jako Zastupitelstvo města Brna, nemůžeme vstupovat do vztahu mezi městskou částí a Vámi, jako nájemkyní bytu. Tím spíš, že je to řešeno již několik měsíců, dokonce let, soudně. Takže prosím, všechny argumenty, které máte, uplatněte u toho soudu a nezávislý soud rozhodne. Takže Vám děkuji a pro dnešek se obávám, že Vám víc nemůžeme pomoci. Na shledanou.",0,9d9381375d84a343
marketa-vankova,Z9/02,10,"JUDr. Markéta Vaňková, primátorka: Tak, poprosím, jestli je tam nějaký další občan, který by chtěl vystoupit v tomto bodě? Tak, vypadá to, že žádný další občan zde není, můžeme tedy pokračovat v přerušeném bodě č. 5), protože nám zůstává ještě zvolit posledního člena výboru. Poprosím tedy znovu předsedu volební komise, aby se v souladu s volebním řádem ujal řízení volby.",0,9d9381375d84a343
marketa-vankova,Z9/02,17,"JUDr. Markéta Vaňková, primátorka: Poprosím pana vedoucího Vaněčka.",0,9d9381375d84a343
marketa-vankova,Z9/02,17,"JUDr. Markéta Vaňková, primátorka: Dívám se, jestli stačí takto, odpověď? Vypadá to, že ano. Žádný další přihlášený není, zahajuji hlasování: Hlasování č. 32: 45 - 5 - 0 - 4",0,9d9381375d84a343
marketa-vankova,Z9/02,18,"JUDr. Markéta Vaňková, primátorka: Zeptám se, jestli je tady pan ředitel Šolc, který by chtěl případně reagovat? Já můžu, pouze za sebe, říct, že předpokládám, že chtěl mít jistotu, že pokud pořídí jiné vybavení, než bylo původně záměrem, že s tím budou zastupitelé souhlasit. Ale pan ředitel už bude mluvit sám.",0,9d9381375d84a343
marketa-vankova,Z9/02,19,"JUDr. Markéta Vaňková, primátorka: Nějaké další dotazy? Pokud nejsou, tak zahajuji hlasování: Hlasování č. 37: 52 - 0 - 0 - 2",0,9d9381375d84a343
marketa-vankova,Z9/02,19,"JUDr. Markéta Vaňková, primátorka: Tak poprosím, jestli je tady paní ředitelka Petišková, nebo její zástupkyně? Vidím kolegyni.",0,9d9381375d84a343
marketa-vankova,Z9/02,19,"JUDr. Markéta Vaňková, primátorka: Určitě ano. Nějaké další dotazy? Pokud nejsou, tak přistoupíme k hlasování a podle návrhu pana zastupitele Levíčka budeme hlasovat samostatně. Takže nejprve budeme hlasovat o schválení položky pod písmenem a), to znamená CED. Zahajuji hlasování: Hlasování č. 38: 47 - 5 - 0 - 2",2,9d9381375d84a343
marketa-vankova,Z9/02,19,"JUDr. Markéta Vaňková, primátorka: Usnesení bylo přijato. Nyní budeme hlasovat o schválení položky pod písmenem b), tedy Knihovně Jiřího Mahena. Zahajuji hlasování: Hlasování č. 39: 52 - 0 - 0 - 2",0,9d9381375d84a343
marketa-vankova,Z9/02,19,"JUDr. Markéta Vaňková, primátorka: Usnesení bylo přijato. Nyní budeme hlasovat o položce pod bodem c), tedy Domu umění města Brna. Zahajuji hlasování: Hlasování č. 40: 46 - 0 - 4 - 4",0,9d9381375d84a343
marketa-vankova,Z9/02,20,"JUDr. Markéta Vaňková, primátorka: Usnesení bylo přijato. A nyní budeme hlasovat o schválení položky pod písmenem d), tedy TIC Brno. Zahajuji hlasování: Hlasování č. 41: 50 - 0 - 4 - 0",0,9d9381375d84a343
marketa-vankova,Z9/02,20,"JUDr. Markéta Vaňková, primátorka: Usnesení taktéž bylo přijato. Tím máme projednán celý bod 32) a můžeme pokračovat bodem 33). Jo, nemáme, pardon, ještě musíme schválit rozpočtové opatření, to znamená, to usnesení pod bodem 2), rozpočtové opatření dle tabulky, která tvoří přílohu tohoto zápisu. Zahajuji hlasování: Hlasování č. 42: 48 - 0 - 5 - 1",0,9d9381375d84a343
marketa-vankova,Z9/02,21,"JUDr. Markéta Vaňková, primátorka: Tak, hlásí se paní předsedkyně finančního výboru, paní starostka Pazderová.",0,9d9381375d84a343
marketa-vankova,Z9/02,22,"JUDr. Markéta Vaňková, primátorka: Děkuji za reakci a ještě pan náměstek Suchý doplní.",0,9d9381375d84a343
marketa-vankova,Z9/02,22,"JUDr. Markéta Vaňková, primátorka: Nikdo další není přihlášený, takže zahajuji hlasování: Hlasování č. 47: 49 - 4 - 1 - 0",0,9d9381375d84a343
marketa-vankova,Z9/02,23,"JUDr. Markéta Vaňková, primátorka – navrhla společně hlasovat o bodech 40), 41) a 42) týkajících se spolufinancování sportovních projektů s NSA.",4,9d9381375d84a343
marketa-vankova,Z9/02,25,"JUDr. Markéta Vaňková, primátorka: Poprosím Františka Kubeše, aby se nachystal, protože předpokládám, že pan ředitel hvězdárny tady není. A za mě, ty formální dotazy samozřejmě, které byly položeny, tak budou nějakým způsobem zodpovězeny. Ale za mě, těžko se očekává, že akce bude mít tak velký úspěch, respektive možná přirozená skromnost pana ředitele, ho vedla k tomu, že neočekával návštěvnost 70 000 lidí na Kraví hoře a 10 000 lidí na Festivalu vědy, a přála bych všem ředitelům příspěvkových organizací, aby byli takto skromní a jejich akce měly mnohem větší návštěvnost, než původně předpokládali, což s sebou bohužel ale dále nese zvýšené náklady. A teď poprosím Františka Kubeše o formální zodpovězení.",0,9d9381375d84a343
marketa-vankova,Z9/02,26,"JUDr. Markéta Vaňková, primátorka: Tak, zeptám se pana vedoucího Kubeše, jestli chce ještě zareagovat?",0,9d9381375d84a343
marketa-vankova,Z9/02,26,"JUDr. Markéta Vaňková, primátorka: Opět poprosím pana vedoucího Kubeše o reakci ve vztahu ke změně materiálu.",0,9d9381375d84a343
marketa-vankova,Z9/02,26,"JUDr. Markéta Vaňková, primátorka: Ještě nějaké dotazy? Pan zastupitel Kment.",0,9d9381375d84a343
marketa-vankova,Z9/02,27,"JUDr. Markéta Vaňková, primátorka: Ještě nějaké další dotazy? Tak za mě jenom, protože, tak jak vyplynulo i z diskuse, tento bod, byť v jiné podobě, již byl projednáván, tak já opakovaně sdělím moje stanovisko. Je samozřejmě nezbytné, aby všichni ředitelé příspěvkových organizací, včetně pana ředitele Duška, dodržovali všechny zákonné předpisy. Je na příslušném vedoucím odboru, aby, pokud je předkládán tadytakovýto materiál k projednání radě a následně zastupitelstvu, tak aby si byl jistý, že nedošlo k porušení žádných právních předpisů. Lze připustit, že minimálně na nějakou částku mohla být ta žádost podána již před akcí, ale na druhé straně, pokud vše bylo dodrženo a pokud nám zákon umožňuje tento postup, tak já si skutečně, za sebe, myslím, že akce tohoto typu, která byla extrémně úspěšná, si prostě naši podporu zaslouží, byť není úplně šťastné, že ty peníze schvalujeme zpětně. Myslím si, že pro pana ředitele Duška to bude dostatečný signál k tomu, aby na příští rok měl dopředu schválené finanční prostředky v dostatečném množství, a za mě, skutečně by byla škoda, kdyby akce tohoto typu neprobíhaly. Doplňuje to prostě ostatní aktivity a možnosti vyžití v letním období, které město Brno nabízí. A ukázalo se skutečně, že to bylo velmi úspěšné.",0,9d9381375d84a343
marketa-vankova,Z9/02,27,"JUDr. Markéta Vaňková, primátorka: Tak, není nikdo další přihlášený, můžeme přistoupit k hlasování. Zahajuju hlasování: Hlasování č. 51: 35 - 8 - 5 - 5",0,9d9381375d84a343
marketa-vankova,Z9/02,28,"JUDr. Markéta Vaňková, primátorka: Poprosím pana vedoucího Poláka.",0,9d9381375d84a343
marketa-vankova,Z9/02,29,"JUDr. Markéta Vaňková, primátorka: Nějaké další dotazy? Pan zastupitel Kment.",0,9d9381375d84a343
marketa-vankova,Z9/02,29,"JUDr. Markéta Vaňková, primátorka: Tak, já jenom malý dovětek. Od začátku uprchlické krize jsme, jako město Brno, pomáhali ukrajinským uprchlíkům nad rámec toho, co poskytoval stát, zejména v těch prvních týdnech a měsících, si myslím, že i ta pomoc města byla nenahraditelná. Samozřejmě nechávám v tuto chvíli bokem veškeré neziskové organizace, bez kterých by to vůbec nešlo, takže jsem moc ráda, že i nadále město Brno pomáhá. A tak jak před několika desítkami minut říkal pan náměstek Suchý u jiného bodu, tak já tady mohu pouze konstatovat, myslím, že kdybyste kdokoliv se na Ptašínského šel podívat, tak jak jsem to udělala já, před pár měsíci, tak by Vaše myšlenky byly úplně jiné, než mohla vyplývat dnešní diskuse. Skutečně to stojí za to, vidět tu realitu matek s dětmi, kterým jsme nabídli, jako město Brno, tuto pomoc. Není nikdo další, kdo by se hlásil, takže zahájíme hlasování: Hlasování č. 53: 50 - 4 - 0 - 0",0,9d9381375d84a343
marketa-vankova,Z9/02,37,"JUDr. Markéta Vaňková, primátorka – z důvodu opomenutí doplnění návrhu kandidáta pro funkci náhradníka pro zastupování statutárního města Brna, jako člena Bytových družstev, na členských schůzích Bytových družstev, prohlásila hlasování za zmatečné. Dle usnesení Rady města Brna byl na tuto funkci navržen Ing. arch. Petr Bořecký, člen Rady města Brna. JUDr. Markéta Vaňková, primátorka, nechala opětovně hlasovat o přijetí usnesení k bodu 62), včetně navrženého náhradníka pro zastupování statutárního města Brna, Ing. arch. Petra Bořeckého, člena Rady města Brna: Hlasování č. 71: 54 - 0 - 0 - 0",2,9d9381375d84a343
marketa-vankova,Z9/02,38,"JUDr. Markéta Vaňková, primátorka – navrhla společné hlasování o bodech 63) – 66) týkajících se návrhů na prodej částí pozemků.",6,9d9381375d84a343
marketa-vankova,Z9/02,40,"JUDr. Markéta Vaňková, primátorka – navrhla společně hlasovat o bodech 69), 70) a 71) týkajících se nabídek předkupních práv ke stavbám.",4,9d9381375d84a343
marketa-vankova,Z9/02,41,"JUDr. Markéta Vaňková, primátorka – upozornila na usnesení předložené variantně, dle doporučení Rady města Brna navrhla hlasovat o variantě A – nesouhlasit s využitím nabídky předkupního práva.",8,9d9381375d84a343
marketa-vankova,Z9/02,41,"JUDr. Markéta Vaňková, primátorka – navrhla společné hlasování o bodech 73) – 78) týkajících se nabídek předkupních práv ke stavbám a dle § 101 stavebního zákona k pozemkům.",4,9d9381375d84a343
marketa-vankova,Z9/02,47,"JUDr. Markéta Vaňková, primátorka: Je to ve znění doplňku, který jste obdrželi.",0,9d9381375d84a343
marketa-vankova,Z9/02,48,"JUDr. Markéta Vaňková, primátorka: Poprosím paní radní Matonohovou.",0,9d9381375d84a343
marketa-vankova,Z9/02,48,"JUDr. Markéta Vaňková, primátorka: Takže provedeme opravu. Paní starostka Drápalová.",0,9d9381375d84a343
marketa-vankova,Z9/02,48,"JUDr. Markéta Vaňková, primátorka: Budeme očekávat tento návrh v rámci projednávání rozpočtu. Paní radní Matonohová.",2,9d9381375d84a343
marketa-vankova,Z9/02,48,"JUDr. Markéta Vaňková, primátorka: Tak, nevidím žádného dalšího přihlášeného, můžeme přistoupit k hlasování. Zahajuju hlasování: Hlasování č. 90: 47 - 0 - 4 - 3",0,9d9381375d84a343
marketa-vankova,Z9/02,49,"JUDr. Markéta Vaňková, primátorka: Tak. Poprosím paní vedoucí Vorlíčkovou, jestli tady je, jestli, abych já to nemusela v té smlouvě rychle dohledávat. Jenom než paní vedoucí přijde, tak řeknu, že ta situace vyvolána tím, že v tuto chvíli není Mendlovo náměstí ještě připraveno na umístění sochy, zatímco autor už je připraven sochu umístit. Tudíž jsme na to reagovali tímto způsobem. Ale jestli je tam konkrétní ustanovení, které by pamatovalo na to, na co se pan zastupitel Koláčný ptá, to nevím, takže Katku Vorlíčkovou poprosím, paní vedoucí.",0,9d9381375d84a343
marketa-vankova,Z9/02,50,"JUDr. Markéta Vaňková, primátorka: Tak. Vypadá to, že odpověď byla dostatečná. Nebyla, pan zastupitel Koláčný.",0,9d9381375d84a343
marketa-vankova,Z9/02,50,"JUDr. Markéta Vaňková, primátorka: Poprosím zase paní vedoucí.",0,9d9381375d84a343
marketa-vankova,Z9/02,50,"JUDr. Markéta Vaňková, primátorka: Tak, děkuji za doplnění. Nikdo další se nehlásí a všichni se těší na Hrachovinu. Tak, takže můžeme přistoupit k hlasování. Zahajuji hlasování: Hlasování č. 93: 42 - 0 - 9 - 3",0,9d9381375d84a343
marketa-vankova,Z9/02,50,"JUDr. Markéta Vaňková, primátorka: Tak. Máme 10:31, což by znamenalo, že máme již minutu mít přestávku. Nicméně máme před sebou poslední 3 body, jestli to správně počítám? Ano, bod č. 95), bod č. 12) a interpelace. 3 body. A pan náměstek Kerndl.",2,9d9381375d84a343
marketa-vankova,Z9/02,50,"JUDr. Markéta Vaňková, primátorka: Jo. I s interpelacemi. Já jenom se dívám na paní JUDr. Doležalovou, můžeme hlasováním prodloužit, že? Dobře. Takže v tuto chvíli to bude o našem rozhodnutí, jestli chceme mít přestávku a pokračovat v 11, nebo jestli budeme pokračovat až do vyčerpání programu. Takže v tuto chvíli dávám návrh na pokračování jednání až do vyčerpání všech bodů programu. Zahajuji hlasování: Hlasování č. 94: 49 - 1 - 3 - 1",4,9d9381375d84a343
marketa-vankova,Z9/02,50,"JUDr. Markéta Vaňková, primátorka: Takže budeme dále pokračovat. Tedy bod č. 95).",0,9d9381375d84a343
marketa-vankova,Z9/02,51,"JUDr. Markéta Vaňková, primátorka – dle schváleného programu zasedání přistoupila k projednání přeřazeného bodu 12).",0,9d9381375d84a343
marketa-vankova,Z9/02,51,"JUDr. Markéta Vaňková, primátorka: V průběhu jednání Vám bylo rozdáno doplnění a já poprosím pana ředitele Seitla, jestli tady je, jestli by nám udělal úvod tadyktomuto bodu.",0,9d9381375d84a343
marketa-vankova,Z9/02,52,"JUDr. Markéta Vaňková, primátorka: V tuto chvíli stačí, děkujeme. A dotazy už se nám tady objevují, takže pan starosta Krásný.",0,9d9381375d84a343
marketa-vankova,Z9/02,52,"JUDr. Markéta Vaňková, primátorka: To bychom si přáli všichni. Nicméně jsme rádi alespoň za to rozhodnutí, že nemusíme zdražovat jízdné. Paní zastupitelka Flamiková.",0,9d9381375d84a343
marketa-vankova,Z9/02,53,"JUDr. Markéta Vaňková, primátorka: Pan Seitl. Myslím si, že ta odpověď je ale jasná.",0,9d9381375d84a343
marketa-vankova,Z9/02,53,"JUDr. Markéta Vaňková, primátorka: Paní zastupitelko, pan Seitl se k tomu vyjádří. Můžete nám říct konkrétní linku, konkrétní čas, který vidíte v jízdním řádu, aktuálním, jinak a v návrhu nového jízdního řádu také jinak? Ať se bavíme o konkrétní lince.",2,9d9381375d84a343
marketa-vankova,Z9/02,53,"JUDr. Markéta Vaňková, primátorka: Třeba jedničku, se podívejte na jedničku, na tramvaj č. 1.",0,9d9381375d84a343
marketa-vankova,Z9/02,54,"JUDr. Markéta Vaňková, primátorka: Jako, ano, jako je to obecné a jako, protože mě jako mrzí, že jako obecně, Vy říkáte něco, pan Seitl říká něco jiného. Tak si to uveďme na konkrétním případu, která linka, z Vašeho pohledu, má teď zrušený spoj mezi 4. a 5. hod.?",0,9d9381375d84a343
marketa-vankova,Z9/02,54,"JUDr. Markéta Vaňková, primátorka: Ten čas? 44, pan tajemník to tady má vedle mě otevřeno …",0,9d9381375d84a343
marketa-vankova,Z9/02,54,"JUDr. Markéta Vaňková, primátorka: No, tak 4:40 máme v současném jízdním řádu.",0,9d9381375d84a343
marketa-vankova,Z9/02,54,"JUDr. Markéta Vaňková, primátorka: A to je to, co Vám říkal pan ředitel Seitl, že je to nějaké obecné vymezení toho, kdy je denní a noční provoz. Takže máte tam někde, že by linka 44 od 11. 12. nejela 4:40? To jsme si vybrali hezké číslo a hezký čas, samé čtyřky. Jako možná to tak je, já nevím, já se jenom ptám, jestli tomu tak je?",0,9d9381375d84a343
marketa-vankova,Z9/02,54,"JUDr. Markéta Vaňková, primátorka: A na to Vám pan Seitl odpovídal, že je to obecné vymezení toho, jak se rozlišuje denní a noční provoz, a řekl Vám, že všechny ty časy byly zachovány. Proto se na to takto ptám, aby všichni zastupitelé, kteří o tom budou rozhodovat, tak aby věděli, jestli skutečně u linky, když máme tedy konkrétní, u linky 44, tak jestli třeba teď první, která podle jízdního řádu jede 4:40, tak jestli od 11. 12. bude, nebo nebude jezdit.",0,9d9381375d84a343
marketa-vankova,Z9/02,54,"JUDr. Markéta Vaňková, primátorka: Dobře. Si myslím, že tady asi tu shodu nenajdeme, tak poprosím pana ředitele Seitla, jestli může obecně, nebo i konkrétně znovu odpovědět?",0,9d9381375d84a343
marketa-vankova,Z9/02,55,"JUDr. Markéta Vaňková, primátorka: A pan Zemek, pan zastupitel Zemek to doplní.",0,9d9381375d84a343
marketa-vankova,Z9/02,55,"JUDr. Markéta Vaňková, primátorka: Děkuji i za toto vyjádření, protože asi není v tomto sále většího fandy veřejné dopravy, než je pan zastupitel Zemek. Takže jeho postoj je obzvlášť významný. Pan zastupitel Hollan.",0,9d9381375d84a343
marketa-vankova,Z9/02,56,"JUDr. Markéta Vaňková, primátorka: Reakce, pan radní Kratochvíl.",0,9d9381375d84a343
marketa-vankova,Z9/02,57,"JUDr. Markéta Vaňková, primátorka: V tuto chvíli nevidím nikoho dalšího přihlášeného, takže děkuji i panu řediteli a můžeme přistoupit k hlasování. Zahajuju hlasování: Hlasování č. 96: 44 - 0 - 7 - 1",0,9d9381375d84a343
marketa-vankova,Z9/02,58,"JUDr. Markéta Vaňková, primátorka: Tak, hlásí se pan Kratochvíl, možná nám ještě neutekl úplně pan Seitl, já jenom úplně na úvod. Nepochopila jste správně to, jak je služba využívána v jiných městech. Ten princip je zcela jiný, než Vy jste popsala. Ten princip je takový, že z určitého místa budou dané osoby dovezeny na nejbližší spoj městské hromadné dopravy a dále pokračují veřejnou hromadnou dopravou. To znamená, je to naopak podpora toho, aby městská hromadná doprava byla využívána co možná nejvíce. A Vaše čtvrť byla zvolená jako testovací, právě s ohledem na to, že tam ta síť městské hromadné dopravy není tak velká, jak je tomu v jiných částech města Brna, ani ta intenzita těch spojů tam není tak velká. Pokud se tadytento provoz osvědčí, jako že já mám z praxe už informace o tom, že je to poměrně oblíbené, i třeba u studentů, kteří tuto službu využívají, tak to zanalyzujeme a budeme se bavit o tom, jestli tuto službu případně budeme využívat i v jiných částech města Brna, s tím, že pokud by tomu tak bylo, tak využití této služby by bylo součástí běžné městské hromadné dopravy a to jízdné by bylo v rámci jízdného za městskou hromadnou dopravu. Ale možná, s bližšími podrobnostmi, Petr Kratochvíl už se odhlásil, tak možná pan vedoucí Seitl, jestli má ještě nějaké podrobnosti.",0,9d9381375d84a343
marketa-vankova,Z9/02,58,"JUDr. Markéta Vaňková, primátorka: Myslím si, že ten systém byl poměrně jasně popsán. Na začátku jste říkala, že mu nerozumíte a že si myslíte, že není potřebný, teď říkáte, že není, že není možno, aby ho využívali i jiní občané. Říkali jsme, že je to pilotní projekt. Tak poté, co pilotní projekt skončí, tak ho, jak jsem říkala a jak říkal pan ředitel, budeme analyzovat a ano, tento projekt probíhá pomocí aplikace. Pan ředitel.",0,9d9381375d84a343
marketa-vankova,Z9/02,58,"JUDr. Markéta Vaňková, primátorka: Zeptám se, jestli jsou nějaké další dotazy? Pan zastupitel Hollan.",0,9d9381375d84a343
marketa-vankova,Z9/02,59,"JUDr. Markéta Vaňková, primátorka: Tak, pan Hollan další dotaz.",0,9d9381375d84a343
marketa-vankova,Z9/02,59,"JUDr. Markéta Vaňková, primátorka: Po dohodě s panem náměstkem Suchým konstatuji, že Vám bude odpovězeno písemně. Nějaké další dotazy? Pan zastupitel Hollan.",0,9d9381375d84a343
marketa-vankova,Z9/02,59,"JUDr. Markéta Vaňková, primátorka: Tak, viděla jsem, že pan předseda kontrolního výboru si dělal poznámku, nějaké další dotazy? Pokud tomu tak není, tak Vám všem děkuji za dnešní účast na jednání Zastupitelstva města Brna a přeji Vám krásný zbytek dne.",0,9d9381375d84a343
marketa-vankova,Z9/02,60,"JUDr. Markéta Vaňková, primátorka, ukončila zasedání Zastupitelstva města Brna (v 11:15 hod.).",0,9d9381375d84a343
marketa-vankova,Z9/03,1,"Zasedání zahájila a řídila primátorka města Brna JUDr. Markéta Vaňková (dále jen JUDr. Markéta Vaňková, primátorka).",0,31d42a3a0b7a27be
marketa-vankova,Z9/03,1,"JUDr. Markéta Vaňková, primátorka, upozornila na skutečnost, že jednání Zastupitelstva města Brna je audiovizuálně přenášeno prostřednictvím internetových stránek města a přenos je zaznamenáván, archivován a následně bude zveřejněn.",4,31d42a3a0b7a27be
marketa-vankova,Z9/03,1,"JUDr. Markéta Vaňková, primátorka, sdělila, že při prezenci členové Zastupitelstva města Brna obdrželi:  doplněk k bodu 68), který byl dne 12. 12. 2022 vložen na chráněné internetové datové úložiště  doplněk k bodu 93), který byl dne 12. 12. 2022 vložen na chráněné internetové datové",0,31d42a3a0b7a27be
marketa-vankova,Z9/03,2,"Schválení programu zasedání Zastupitelstva města Brna č. Z9/03 JUDr. Markéta Vaňková, primátorka, zdůvodnila tyto změny programu:",0,31d42a3a0b7a27be
marketa-vankova,Z9/03,2,"JUDr. Markéta Vaňková, primátorka, dále upozornila, že: - v názvu bodu 60) se upravuje text: úprava celkových nákladů projektu na návrh rozpočtového opatření, s tím, že úprava názvu bodu nemá vliv na text usnesení.",6,31d42a3a0b7a27be
marketa-vankova,Z9/03,3,"Poté JUDr. Markéta Vaňková, primátorka, nechala hlasovat o návrzích na změny v programu zasedání Zastupitelstva města Brna, které uvedla v rámci Technického bodu.",-3,31d42a3a0b7a27be
marketa-vankova,Z9/03,6,"JUDr. Markéta Vaňková, primátorka: Návrh byl schválen. Dále přírodní vědy, prof. Jiří Fajkus. Zahajuji hlasování: Hlasování č. 6: 49 - 0 - 0 - 0",2,31d42a3a0b7a27be
marketa-vankova,Z9/03,6,"JUDr. Markéta Vaňková, primátorka: Návrh byl přijat. Nyní lékařské vědy a farmacie, prof. Suchý. Zahajuji hlasování: Hlasování č. 7: 49 - 0 - 0 - 0",2,31d42a3a0b7a27be
marketa-vankova,Z9/03,6,"JUDr. Markéta Vaňková, primátorka: Návrh byl schválen. Nyní oblast společenské vědy, PhDr. Samek, asi. Zahajuji hlasování: Hlasování č. 8: 50 - 0 - 0 - 0",2,31d42a3a0b7a27be
marketa-vankova,Z9/03,6,"JUDr. Markéta Vaňková, primátorka: Návrh byl schválen. Nyní oblast architektura a urbanismus, Ing. Vydrová. Zahajuju hlasování: Hlasování č. 9: 50 - 0 - 0 - 0",2,31d42a3a0b7a27be
marketa-vankova,Z9/03,6,"JUDr. Markéta Vaňková, primátorka: Návrh byl schválen. Oblast výtvarné umění a design, prof. Liběna Rochová Svobodová. Zahajuji hlasování: Hlasování č. 10: 49 - 0 - 0 - 1",2,31d42a3a0b7a27be
marketa-vankova,Z9/03,7,"JUDr. Markéta Vaňková, primátorka: Návrh byl schválen. V oblasti hudba, pan Pololáník. Zahajuji hlasování: Hlasování č. 11: 50 - 0 - 0 - 0",2,31d42a3a0b7a27be
marketa-vankova,Z9/03,7,"JUDr. Markéta Vaňková, primátorka: Návrh byl schválen. Oblast literární činnost, pan Němec. Zahajuji hlasování: Hlasování č. 12: 48 - 0 - 0 - 2",2,31d42a3a0b7a27be
marketa-vankova,Z9/03,7,"JUDr. Markéta Vaňková, primátorka: Návrh byl schválen. Oblast dramatického umění, David Radok, pan Radok. Zahajuju hlasování: Hlasování č. 13: 49 - 0 - 0 - 1",2,31d42a3a0b7a27be
marketa-vankova,Z9/03,7,"JUDr. Markéta Vaňková, primátorka: Návrh byl schválen. Oblast sportu, pan Procházka. Zahajuju hlasování: Hlasování č. 14: 49 - 0 - 0 - 1",2,31d42a3a0b7a27be
marketa-vankova,Z9/03,7,"JUDr. Markéta Vaňková, primátorka: Návrh byl schválen. Oblast mezinárodní spolupráce, pan Dr. Hechtner. Zahajuju hlasování: Hlasování č. 15: 49 - 0 - 0 - 0",2,31d42a3a0b7a27be
marketa-vankova,Z9/03,7,"JUDr. Markéta Vaňková, primátorka: Návrh byl schválen. Oblast zásluhy o svobodu a demokracii, pan Mgr. Vácha. Zahajuji hlasování: Hlasování č. 16: 43 - 5 - 0 - 1",2,31d42a3a0b7a27be
marketa-vankova,Z9/03,7,"JUDr. Markéta Vaňková, primátorka: Návrh byl schválen. Oblast mimořádný přínos městu Brnu, prof. Zlatuška. Zahajuji hlasování: Hlasování č. 17: 45 - 5 - 0 - 0",2,31d42a3a0b7a27be
marketa-vankova,Z9/03,7,"JUDr. Markéta Vaňková, primátorka: Návrh byl schválen. A oblast in memoriam, pan Mgr. Koudelka. Zahajuju hlasování: Hlasování č. 18: 48 - 0 - 0 - 2",2,31d42a3a0b7a27be
marketa-vankova,Z9/03,7,"JUDr. Markéta Vaňková, primátorka: Návrh byl schválen. To znamená, jsme se vypořádali s bodem 1, usnesení, a nyní budeme hlasovat o bodu 2, usnesení – jiné, a to, že neudělujeme Cenu města Brna pro oblast žurnalistika",2,31d42a3a0b7a27be
marketa-vankova,Z9/03,9,"- na Z8/01. zasedání Zastupitelstva města Brna dne 20. 11. 2018 pod bodem č. 14 byla JUDr. Markéta Vaňková, primátorka města Brna, jmenována do funkce členky zastupující statutární město Brno na jednáních (valných hromadách) dobrovolného svazku obcí České dědictví UNESCO, Ing. Marek Fišer byl jmenován jako její zástupce, a Ing. arch. Iveta Černá byla jmenována jako členka výkonného výboru dobrovolného svazku obcí České dědictví UNESCO za statutární město Brno, - na Z8/08. zasedání Zastupitelstva města Brna dne 3. 9. 2019 pod bodem č. 13 byl Bc. Tomáš Koláčný jmenován jako 2. zástupce za členku JUDr. Markétu Vaňkovou a Mgr. Monika Lukášová Spilková, Ph.D., byla jmenována jako 3. zástupkyně za členku JUDr. Markétu Vaňkovou k zastupování statutárního města Brna na jednáních (valných hromadách) dobrovolného svazku obcí České dědictví UNESCO.",0,31d42a3a0b7a27be
marketa-vankova,Z9/03,9,"JUDr. Markéta Vaňková, primátorka: Tady uvádím, že Rada města Brna doporučila zastupitelstvu, aby tou osobou byla Kateřina Jarošová. Otevírám diskusi. Není nikdo přihlášený, pan zastupitel Skřička.",0,31d42a3a0b7a27be
marketa-vankova,Z9/03,10,"JUDr. Markéta Vaňková, primátorka: Ještě jednou to jméno, prosím.",0,31d42a3a0b7a27be
marketa-vankova,Z9/03,10,"JUDr. Markéta Vaňková, primátorka: Děkuji. Tak, tady jenom poprosím právní poradu, když jsou to jména, tak hlasujeme nejprve o tom druhém jménu, jako že je to protinávrh, takže druhé jméno. Dobře. Ještě někdo do diskuse? Pokud tomu tak není, tak budeme nejprve hlasovat o návrhu pana zastupitele Skřičky, to znamená o tom, že by se tímto zástupcem stal pan Oleg Beznosik. Zahajuji hlasování: Hlasování č. 25: 8 - 3 - 34 - 6",2,31d42a3a0b7a27be
marketa-vankova,Z9/03,10,"JUDr. Markéta Vaňková, primátorka: Návrh nebyl přijat. A nyní budeme tedy hlasovat o původním návrhu, tak jak to vyplynulo z usnesení Rady města Brna, to znamená návrh na Kateřinu Jarošovou. Zahajuji hlasování: Hlasování č. 26: 41 - 0 - 9 - 0",2,31d42a3a0b7a27be
marketa-vankova,Z9/03,10,"JUDr. Markéta Vaňková, primátorka: Je to záležitost, kterou aktuálně debatujeme. Konkrétně jsme se tím zabývali na včerejší poradě vedení, kde nám byla představena dislokační studie, která je už nějakým způsobem zpracována,",0,31d42a3a0b7a27be
marketa-vankova,Z9/03,10,"JUDr. Markéta Vaňková, primátorka: Pan radní Kratochvíl bude reagovat.",0,31d42a3a0b7a27be
marketa-vankova,Z9/03,11,"JUDr. Markéta Vaňková, primátorka: Zeptám se, jestli jsou ještě nějaké dotazy k tomuto bodu? Pokud nejsou, tak přistoupíme k hlasování. Zahajuji hlasování: Hlasování č. 27: 41 - 0 - 8 - 2",0,31d42a3a0b7a27be
marketa-vankova,Z9/03,12,"JUDr. Markéta Vaňková, primátorka: Tak, nejsme úplně jako ve fázi debaty tady, jako je to pro občany. Nicméně pokud pan starosta Vondra chce nějak krátce zareagovat, ale jenom jako upozorňuji všechny, že nejsme v bodě, ve kterém by se mělo takto debatovat a kde bych měla dávat slovo zastupitelům, ale krátká reakce, pane starosto.",0,31d42a3a0b7a27be
marketa-vankova,Z9/03,12,"JUDr. Markéta Vaňková, primátorka: Tak, dobře. Poprosím dalšího občana.",0,31d42a3a0b7a27be
marketa-vankova,Z9/03,12,"JUDr. Markéta Vaňková, primátorka: Já Vás poprosím, časový limit už uplynul, tak jestli to můžete nějak spíš směřovat ke konci, to Vaše vystoupení? A pan radní Kratochvíl Vám odpoví.",0,31d42a3a0b7a27be
marketa-vankova,Z9/03,12,"JUDr. Markéta Vaňková, primátorka: Dobře. Tak pan radní Kratochvíl, reakce.",0,31d42a3a0b7a27be
marketa-vankova,Z9/03,13,"společně s panem náměstkem Černým. Toho jsem ještě neměl čas, omlouvám se, zastihnout, protože jsme včera byli všichni nějakým způsobem na různých poradách. Takže, jestli můžu, my tam máme společnej nějakej termín, myslím v lednu, co si pamatuji, tak my bysme se domluvili a přijeli bysme na to místo. Nicméně upozorňuji na to, že to zásadně je sjezd v podstatě, který dělá ŘSD, který by měl právě tu těžkou dopravu odvést v podstatě do těch Černovických teras, a to bez součinnosti ŘSD nejsme úplně schopni vyřešit. To je prostě, bohužel, fakt, no. To je asi v tuto chvíli všechno. JUDr. Markéta Vaňková, primátorka: Tak, děkuji. Poprosím dalšího občana.",0,31d42a3a0b7a27be
marketa-vankova,Z9/03,13,"JUDr. Markéta Vaňková, primátorka: Děkujeme, určitě o tom ty osoby, které jsou za to zodpovědné, budou přemýšlet.",0,31d42a3a0b7a27be
marketa-vankova,Z9/03,13,"JUDr. Markéta Vaňková, primátorka: To se mělo řešit v době, kdy jsme schvalovali program. S tím, že těch bodů, které se vztahují k územnímu plánu, je tam poměrně velké množství, takže předpokládám, spíš vzhledem k tomu, že ten návrh nebyl podán v době, kdy jsme jednali o tom, jak bude dnešní jednání zastupitelstva města probíhat, tak předpokládám spíš, že ty body necháme na projednání tak, v té číselné řadě, jak bylo navrženo a jak bylo schváleno. Tak, poprosím dalšího občana. Tak, pokud tady není žádný další občan, tak. Ano, tak, dobrý den.",2,31d42a3a0b7a27be
marketa-vankova,Z9/03,14,"JUDr. Markéta Vaňková, primátorka: Kolegové vnímali Vaše prosby. Zeptám se, jestli je tady nějaký další občan, který by chtěl vystoupit? Vypadá to, že není, dívám se i do Rytířského sálu, ani tam nevidím žádné posunky, že by někdo byl přítomen a chtěl vystoupit. To znamená, končíme projednání bodu č. 2) a můžeme pokračovat bodem č. 12).",0,31d42a3a0b7a27be
marketa-vankova,Z9/03,14,"JUDr. Markéta Vaňková, primátorka: Ta problematika je řešena, samozřejmě, tak jak jste to popsal, tak vedení města vnímá to fungování dané kulturní komunity. na druhou stranu také vnímáme, že ty likusáky nejsou v úplně dobrém technickém stavu. Zároveň je nutno pořád si uvědomovat, že ta významná část toho areálu je ve vlastnictví VUT, nikoli města Brna, proto bude poměrně podrobné jednání, v lednu je svoláno, kde budou všichni významní aktéři a budou se domlouvat na tom, jak v dané lokalitě pokračovat, tak aby to bylo ku prospěchu občanů města Brna, kteří chodí na Kraví horu, a zároveň aby byly zohledněny i ty zájmy té významné komunity, která v místě působí. Takže z toho důvodu máme za to, že tento materiál je odůvodněný. Nějaké další dotazy? Pokud tomu tak není, tak můžeme přistoupit k hlasování. Zahajuji hlasování: Hlasování č. 28: 48 - 1 - 1 - 1",0,31d42a3a0b7a27be
marketa-vankova,Z9/03,15,"JUDr. Markéta Vaňková, primátorka: Jo, tak vydržte, já poprosím pana Jurčíka, jestli by se mohl už nachystat, tím, že je avizováno více dotazů, tak. Tak, a můžete, pane zastupiteli.",0,31d42a3a0b7a27be
marketa-vankova,Z9/03,17,"JUDr. Markéta Vaňková, primátorka: Jak pan zastupitel Hollan avizoval, už to byl poslední dotaz, takže jenom se dívám, jestli tomu tak skutečně je. Děkuju za zodpovězení všech dotazů a zeptám se, jestli někdo k tomuto bodu ještě chce také diskutovat? Pokud ne, tak přistoupíme k hlasování. Zahajuju hlasování: Hlasování č. 30: 45 - 2 - 3 - 1",0,31d42a3a0b7a27be
marketa-vankova,Z9/03,19,"JUDr. Markéta Vaňková, primátorka: Nikdo další se nehlásí, takže můžeme přistoupit k hlasování. Zahajuju hlasování: Hlasování č. 31: 49 - 0 - 0 - 2",0,31d42a3a0b7a27be
marketa-vankova,Z9/03,22,"JUDr. Markéta Vaňková, primátorka: Reakce, pan radní Bořecký.",0,31d42a3a0b7a27be
marketa-vankova,Z9/03,22,"JUDr. Markéta Vaňková, primátorka: Děkuji za reakci. Nějaké další dotazy? Pan zastupitel Kment.",0,31d42a3a0b7a27be
marketa-vankova,Z9/03,23,"JUDr. Markéta Vaňková, primátorka: To samozřejmě máme a na téma možnosti zásahu městské policie můžeme vést poměrně složitou a dlouhou diskusi. Nějaké další příspěvky k tomuto bodu, Mendlovo náměstí? Pokud nejsou, tak zahajuji hlasování: Hlasování č. 43: 46 - 0 - 5 - 0",0,31d42a3a0b7a27be
marketa-vankova,Z9/03,23,"JUDr. Markéta Vaňková, primátorka: Otevírám diskusi. Nikdo není přihlášený, zahajuji hlasování, kdo je. A, pardon, tak, pan zastupitel Hollan. Takže končím hlasování, jako ve smyslu, teda pokud se pan Hollan nespletl a chce mluvit do diskuse? Jo. Takže končíme hlasování, nebylo jakokdyby dokončeno: Hlasování č. 44: Neplatné hlasování",0,31d42a3a0b7a27be
marketa-vankova,Z9/03,23,"JUDr. Markéta Vaňková, primátorka: Zeptám se, jestli jsou nějaké další dotazy? Nevypadá to, takže zahájí hlasování: Hlasování č. 45: 48 - 0 - 1 - 2",0,31d42a3a0b7a27be
marketa-vankova,Z9/03,27,"JUDr. Markéta Vaňková, primátorka: Poprosím o reakci paní ředitelku Janulíkovou.",0,31d42a3a0b7a27be
marketa-vankova,Z9/03,28,"JUDr. Markéta Vaňková, primátorka: Tu odpověď poskytla paní ředitelka. Paní ředitelka, jako ředitelka příslušné příspěvkové organizace, tak učinila ty kroky, které považovala za vhodné, za nutné, k tomu, abychom byli úspěšní. Ten závěr je takový, jaký máte v materiálu. Já, osobně, jsem nejednala s ministerstvem, nemám informace o tom, že by někdo, z minulosti, z politiků, protože v mezidobí máme volby, tak že by jednal, ale možná o tom jenom nemám informace. Ale znovu opakuji, že paní ředitelka má tolik kompetencí k tomu, aby tuto záležitost řešila. A s tím závěrem, byť se nám nelíbí, ale tak jsme s ním, tak jsme ho akceptovali a dospěli jsme tedy k závěru, že je potřeba tuto ztrátu uhradit",0,31d42a3a0b7a27be
marketa-vankova,Z9/03,28,"JUDr. Markéta Vaňková, primátorka: Tak, děkuji za doplnění. Tak, vypadá to, že už žádné další doplňující dotazy nejsou, takže přistoupíme k hlasování. Zahajuji hlasování: Hlasování č. 54: 47 - 0 - 3 - 1",0,31d42a3a0b7a27be
marketa-vankova,Z9/03,30,"JUDr. Markéta Vaňková, primátorka: Nějaké další dotazy, podněty k tomuto bodu? Pokud nejsou, tak zahajuji hlasování: Hlasování č. 58: 47 - 0 - 5 - 0",0,31d42a3a0b7a27be
marketa-vankova,Z9/03,31,"JUDr. Markéta Vaňková, primátorka: Materiál, který je předložen, tak navrhuje, abychom vzali na vědomí Návrh rozpočtu statutárního města Brna na rok 2023, kde se počítá s celkovými zdroji a výdaji v objemu 19.500.000.000 Kč. Současně se dává návrh na schválení Návrhu rozpočtu města Brna, tedy bez rozpočtu městských částí, s celkovými zdroji a výdaji v objemu 18.100.000.000 Kč. Ráda bych konstatovala, že vedení města se návrhem rozpočtu intenzivně zabývalo již od září tohoto roku. V novém složení vedení města Brna řešilo návrh rozpočtu přibližně 1 měsíc. Finální verzi návrhu rozpočtu schválila Rada města Brna 23. listopadu tohoto roku. Je nutno konstatovat, že při tvorbě rozpočtu, stejně tak jako to bylo v případě tvorby rozpočtu na rok 2020 a 2021, jsme byli hodně ovlivněni negativními dopady covidu, stejně tak jako v letošním roce, bohužel, i válečným konfliktem na Ukrajině, v jehož důsledku, nebo mimo jiné v důsledku tohoto konfliktu došlo k poměrně výraznému nárůstu cen energií. Z tohoto důvodu budeme, stejně jako tomu bylo v letošním roce, v průběhu celého roku 2023 pečlivě sledovat vývoj daňových příjmů města Brna a s ohledem na vývoj daňových příjmů budeme případně rozpočet korigovat, stejně tak jak jsme to dělali letošní rok. Mohu konstatovat, že s ohledem na dobrý výběr daní v letošním roce jsme zvyšovali tu příjmovou stránku o 1.800.000.000 Kč. Obdobně se to bude promítat i v návrhu rozpočtu na rok 2023, který v tuto chvíli počítá s výběrem daní v objemu 13.600.000.000 Kč, což je o 2.500.000.000 více než tomu bylo na rok 2022. Bohužel musím konstatovat, že v návrhu rozpočtu máme meziroční nárůst běžných výdajů o 1.700.000.000 Kč, což je samozřejmě velká částka, nicméně bych chtěla říci, že v této částce jsou zejména dopady vyšších cen energií, dále jsou to legislativní změny v oblasti platů a také navýšení prostředků pro městské části, dle Statutu města Brna. Je možné,",2,31d42a3a0b7a27be
marketa-vankova,Z9/03,32,"JUDr. Markéta Vaňková, primátorka: Já krátká reakce k multifunkční hale. V tuto chvíli nepadlo to definitivní rozhodnutí o tom, že se hala začne stavět, nemohlo ani padnout, protože zatím nemáme vlastně všechny potřebné kroky k tomu, aby se s výstavbou mohlo zahájit. To nejvýznamnější, co nám v tuto chvíli chybí, tak je ukončené notifikační řízení neboli notifikace od Evropské komise. Předpokládám, že jste všichni zavnímali, že ani napodruhé se nám nepodařilo vybrat koncesionáře. My jsme se na Radě města Brna rozhodli, že nebudeme vypisovat v pořadí 3. koncesní řízení, ale rozhodli jsme se, že provozovatelem bude přímo společnost ARENA BRNO, s tím, že v tuto chvíli s touto novou informací budeme tedy pokračovat v tom notifikačním řízení. Pokud budeme mít notifikační řízení ukončeno, což bude někdy v průběhu roku 2023, tak budeme, vzhledem k aktuální finanční situaci, dále rozhodovat, jestli stavba má být zahájena, nebo jestli dojde třeba k nějakému posečkání, tak jak jste to naznačil. Takže, z mého pohledu, je důležité v rozpočtu s touto částkou počítat, protože je možné, že hala se začne stavět v průběhu roku 2023, nicméně jsme si vědomi toho, že budeme muset vyhodnocovat aktuální situaci. Co se týče ostatních investičních akcí, těch menších, jak Vy říkáte, já jsem v tom svém úvodním slovu konstatovala, že v tuto chvíli, co se týče investičních akcí, jsou tam skutečně pouze zasmluvněné akce, s výjimkou tadytěch 2 velkých projektů, to znamená Janáčkovo kulturní centrum a multifunkční hala. My samozřejmě",0,31d42a3a0b7a27be
marketa-vankova,Z9/03,33,"JUDr. Markéta Vaňková, primátorka: Velice krátce. Festivalů v Brně je poměrně velké množství, včetně nových festivalů, které zde zahájily své působení v posledních letech. Při vyhodnocování toho množství finančních prostředků, které jsou na festivaly dávány, tak nakonec došlo k tomu, že festival TrutnOFF BrnoON nemá v rozpočtu žádné finanční prostředky. Nelze úplně vyloučit, že nějaké finanční prostředky by případně mohly být poskytnuty v průběhu roku. Nevidím to ale jako úplně reálné, byť vnímám, že pořadatelé festivalu jednají s Jihomoravským krajem a je možné, že získají peníze od Jihomoravského kraje a festival se konat bude, nicméně co se týče rozpočtu města Brna, tak tam ten návrh pro letošní rok v tuto chvíli není. Byly tam naopak dány peníze pro třeba jiné festivaly, nebo konkrétně 1 festival, který byl v roce 2022 nový a neměl tím pádem v původním rozpočtu roku 2022 příslušnou položku, konkrétně je to festival ŠTETL FEST. Takže došlo k určitému přerozdělení těch peněz v rámci jednotlivých festivalů, což jste asi postřehli. Z mého pohledu by, v tuto chvíli, to rozložení festivalů, které bude město Brno podporovat, mělo odpovídat pestré nabídce festivalů a také zájmu diváků nebo návštěvníků konkrétních akcí.",2,31d42a3a0b7a27be
marketa-vankova,Z9/03,33,"JUDr. Markéta Vaňková, primátorka: Já možná ještě obecně řeknu, že my jsme si nastavili to pravidlo při tvorbě rozpočtu, že budou překlopeny všechny běžné výdaje, které byly schváleny v rozpočtu 22, při tom prvotním schvalování, ne ty částky, které tam byly postupně zapojovány v průběhu roku 22, s tím, že jsme si řekli, že žádné další běžné výdaje do rozpočtu vlastně nepůjdou. Nicméně, protože jsem chtěla, aby byla možnost nějakým způsobem reagovat na aktuální situaci, tak vlastně dostali všichni možnost při tvorbě rozpočtu, aby pokud ušetří z těch běžných výdajů roku 22 to, co bylo schváleno jako rozpočet 22, úplně na začátku, při schvalování v prosinci, takže vlastně o tu částku, o kterou poníží ty běžné výdaje, tak mohou ty běžné výdaje navýšit na nové akce, na nové aktivity. V oblasti kultury se tomu tak právě stalo. To je to, na co se teď tážeš. Právě nejvíce patrné je to u těch festivalů. A došlo prostě k přerozdělení těch peněz u festivalů tak, aby ta celková částka odpovídala té částce, která byla schválena v roce 22. Ale umožnilo to pořádat i festivaly, a už jsem o tom hovořila, třeba ŠTETL FEST, který byl velmi úspěšný, ale v tom původním rozpočtu na rok 22 ty peníze neměl. Takže, tak jak už to tady bylo nadefinováno, u Pop Messe došlo ke snížení z 6.000.000 na 3.000.000. My jsme samozřejmě, nebo já, osobně,",0,31d42a3a0b7a27be
marketa-vankova,Z9/03,35,"JUDr. Markéta Vaňková, primátorka: Já úplně velice krátce. K multifunkční hale už jsem se vyjadřovala a ano, veškeré kapitálové investice jsou vždy určitým politickým vyjádřením současného vedení města, s výjimkou samozřejmě takových těch nezbytných investičních akcích, o kterých tady bylo opakovaně dnes hovořeno, což je třeba investice do vodohospodářské infrastruktury. Co se týče energií, tak jak jsem už konstatovala, máme tam 700.000.000 rezervu, obecně na navýšení ceny energií, samozřejmě primárně počítáme s tím, že to bude navýšení ceny energií, ať už přímo pro město, nebo v rámci třeba městských firem. Připomenu, že nejvíc jsme asi v loňském roce poskytovali peníze Dopravnímu podniku, s ohledem na navýšení cen energií, ale samozřejmě budeme řešit i školy a další třeba příspěvkové organizace zřízené městem. V tuto chvíli neumím říci, jestli budeme schopni případně podpořit Váš návrh na nějakou podporu obyvatel města Brna ve vztahu k energiím. Myslím si, že v tuto chvíli je to předčasné, protože uvidíme, jaká ta situace skutečně bude při zásazích státu, kdy došlo k nějakému zastropování energií. Myslím si, že jasněji bude skutečně až v těch měsících, prvních měsících příštího roku, kdy budou třeba chodit vyúčtování. Vím, že teď už má někdo třeba zvednuté zálohy, ale skutečně ty reálné dopady, si myslím, že budou patrné spíš v těch dalších měsících. A pokud by nastala nějaká extrémní situace, kdy by občané města Brna potřebovali, nebo jejich část třeba potřebovala nějakou pomoc, můžeme o tom minimálně vést diskusi, stejně tak, jak jsme vedli diskusi v covidu, které skupiny obyvatel města Brna, nebo části třeba podnikatelů by mělo město podporovat, byť to není primárně úkol města. I v tom covidu jsme to říkali, že tadytyto dopady, negativní, musí nést stát, nebo nese stát a město může mít jenom nějakou doplňkovou formu pomoci. Takže uvidíme, tu debatu případně povedeme. Co se týče těch negativních dopadů, já jsem ráda, že my jsme si jednoznačně definovali, že nechceme zvyšovat jízdné v městské hromadné dopravě, což si myslím, že je třeba takový krok, který je pro Brňany poměrně důležitý, že tadystímto můžou počítat, že po dobu ekonomické krize jim zůstane jízdné v MHD stejné, byť by samozřejmě jsme mohli vést i debaty o tom, jestli, s ohledem na zvyšující se ceny energií, nemá dojít třeba k navýšení jízdného.",2,31d42a3a0b7a27be
marketa-vankova,Z9/03,35,"JUDr. Markéta Vaňková, primátorka: Tak. Já se přiznám, že teď úplně nejsem schopná reagovat, jestli to v rozpočtu je, nebo není. Předpokládám, že spíše ne, pokud máme to obecné pravidlo, že jsou tam pouze zasmluvněné akce, protože ve vztahu k podchodu žádná smlouva doposud uzavřena nebyla. Nicméně samozřejmě s rekonstrukcí podchodu počítáme, předpokládám, že ty aktivity jsou dále činěny, ale přiznám se, teď nemám úplně aktuální informace, takže někdo z kolegů by mě případně …",0,31d42a3a0b7a27be
marketa-vankova,Z9/03,35,"JUDr. Markéta Vaňková, primátorka: Doplnil, ale jako na tom byla prostě shoda, že ten podchod, pokud je to vlastně v tuto chvíli právně možné, tak že máme zájem na tom, aby nějak zkultivován byl. A tak jak jsem o tom hovořila obecně, prostě v průběhu roku, když se ukáže, že je některá akce, která je městem nebo vedením města podporována, tak že je skutečně připravena, a budou dostatečné daňové výnosy, tak budeme prostě i tyto investiční akce zapojovat. Takže já, osobně, za sebe, říkám, podchod je rozhodně jedna z akcí, která by, za mě, měla být realizována, pokud bude připravena. Pan zastupitel Hollan, nebo nevím, on se dívá Petr Kratochvíl, že by reagoval? Tak mu dám slovo.",0,31d42a3a0b7a27be
marketa-vankova,Z9/03,35,"JUDr. Markéta Vaňková, primátorka: A ještě doplnění, pan radní Oliva, také k podchodu.",0,31d42a3a0b7a27be
marketa-vankova,Z9/03,36,"JUDr. Markéta Vaňková, primátorka: Takže děkuji za doplnění i tadytohoto. A teď tedy od podchodu dál, pan zastupitel Hollan.",0,31d42a3a0b7a27be
marketa-vankova,Z9/03,37,"JUDr. Markéta Vaňková, primátorka: Matěji, já se Ti omlouvám, je 10:30, přestávka do 11:00. V 11:00 můžeš pokračovat.",0,31d42a3a0b7a27be
marketa-vankova,Z9/03,37,"JUDr. Markéta Vaňková, primátorka: Ne, ale já, nebo tak, pokud směřujeme, třeba během minuty, ke konci …",0,31d42a3a0b7a27be
marketa-vankova,Z9/03,37,"JUDr. Markéta Vaňková, primátorka: Ale stejně se nebude moct reagovat, že jo? Protože máme to v jednacím řádu, není přestávka, možná, protože Tys nebyl v minulém volební období zastupitel, tak možná Ti utekla změna jednacího řádu. Tadyta dopolední přestávka se nevyhlašuje předsedajícím, ale je pevně stanovená v jednacím řádu, 10:30-11:00. Takže z toho důvodu, pro všechny, 30 min. na oddech, občerstvení a v 11:00 se budeme těšit zase na viděnou …",0,31d42a3a0b7a27be
marketa-vankova,Z9/03,37,"JUDr. Markéta Vaňková, primátorka: A na další debatu o kultuře.",0,31d42a3a0b7a27be
marketa-vankova,Z9/03,38,"JUDr. Markéta Vaňková, primátorka: Přichystáni, takže můžeme pokračovat a pan zastupitel Hollan může pokračovat ve svém příspěvku, jenom, Matěji, nevidím Tě přihlášeného. Máš kartu? Jakože nemyslím teď přihlášeného k diskusi, ale úplně jako při, jo, už, tak. Tak prosím, pan zastupitel Hollan.",0,31d42a3a0b7a27be
marketa-vankova,Z9/03,40,"JUDr. Markéta Vaňková, primátorka: Jakmile to bude předloženo, tak se tím určitě budeme zabývat. A navíc, není to nová věc. Vy jste o tom hovořila i v rámci nějakých našich předchozích jednáních, takže vnímám, že o tom přemýšlíte již delší dobu. Pan zastupitel Hollan.",0,31d42a3a0b7a27be
marketa-vankova,Z9/03,41,"JUDr. Markéta Vaňková, primátorka: Poprosím další zastupitele. Pan zastupitel Kment.",0,31d42a3a0b7a27be
marketa-vankova,Z9/03,41,"JUDr. Markéta Vaňková, primátorka: Reakce, paní předsedkyně finančního výboru, paní Pazderová.",0,31d42a3a0b7a27be
marketa-vankova,Z9/03,42,"JUDr. Markéta Vaňková, primátorka: V tuto chvíli nevidím nikoho přihlášeného. Jenom konstatuji, že i občané samozřejmě mají možnost v tomto bodě promluvit, takže se jenom dívám do sálu, jestli tady není někdo, kdo by chtěl vystoupit, z řad občanů. Vypadá to, že není, takže můžeme přistoupit k hlasování. Máme 1 pozměňovací návrh, a to je tedy návrh klubu SPD a těch dalších subjektů, všech, nebudu je všechny vyjmenovávat, ale je to tedy ten návrh, který byl prezentován panem Kmentem. Máte ho všichni, písemně byste ho měli mít před sebou, takže se dívám, jestli tomu tak je, abych ho nemusela celý číst, znovu, a můžeme tedy přistoupit k hlasování o tomto pozměňovacím návrhu. Ne? Aha, tak pardon, takže Vy ho nemáte, tak to se omlouvám, tak já ho, pro jistotu, ještě rychle tedy shrnu. Ale je to tak, jak to načetl pan Kment, to znamená z Odd. 63 - Finanční operace, z § 6310, vzít částku 50.000.000 a tu převést do Odd. 31/32 - Vzdělávání a školské služby, a to konkrétně, na mateřské školy 25.000.000, na základní školy 15.000.000, na střediska volného času 5.000.000 a do Odd. 35 – Zdravotnictví, na všeobecnou ambulantní péči, 5.000.000. Takže budeme hlasovat o tomto pozměňovacím návrhu, který byl podán panem zastupitelstvem Kmentem, coby zástupcem celého klubu. Zahajuji hlasování: Hlasování č. 63: 6 - 3 - 36 - 7",2,31d42a3a0b7a27be
marketa-vankova,Z9/03,42,"JUDr. Markéta Vaňková, primátorka: Návrh nebyl schválen. Žádný další návrh, pozměňovací, nemáme, budeme tedy nyní hlasovat o rozpočtu jako celku, tak jak byl navržen. Zahajuji hlasování: Hlasování č. 64: 40 - 5 - 7 - 0",2,31d42a3a0b7a27be
marketa-vankova,Z9/03,45,"JUDr. Markéta Vaňková, primátorka – upozornila na variantní návrh usnesení, s tím, že Rada města Brna jednomyslně schválila variantu B, a tudíž nechala o variantě B hlasovat.",6,31d42a3a0b7a27be
marketa-vankova,Z9/03,49,"JUDr. Markéta Vaňková, primátorka – upozornila na variantní návrh usnesení, s tím, že Rada města Brna jednomyslně schválila variantu A, a tudíž nechala o variantě A hlasovat.",6,31d42a3a0b7a27be
marketa-vankova,Z9/03,49,"JUDr. Markéta Vaňková, primátorka – upozornila na variantní návrh usnesení, s tím, že Rada města Brna opětovně jednomyslně schválila variantu A, a tudíž nechala o variantě A hlasovat.",6,31d42a3a0b7a27be
marketa-vankova,Z9/03,51,"JUDr. Markéta Vaňková, primátorka: Paní starostka chce něco doplnit? Nebo, jenom, že je to tak? Dobře. Takže máme návrh na stažení, takže zahajuji hlasování, kdo je pro stažení tohoto bodu z programu jednání Zastupitelstva města Brna: Hlasování č. 82: 50 - 1 - 1 - 0",2,31d42a3a0b7a27be
marketa-vankova,Z9/03,51,"JUDr. Markéta Vaňková, primátorka: Návrh byl schválen, bod byl stažen.",2,31d42a3a0b7a27be
marketa-vankova,Z9/03,51,"JUDr. Markéta Vaňková, primátorka – navrhla společně hlasovat o bodech 69) – 74) vztahujících se k nabytí pozemků.",4,31d42a3a0b7a27be
marketa-vankova,Z9/03,52,"JUDr. Markéta Vaňková, primátorka – nechala společně hlasovat o bodech 71) – 74) vztahujících se k nabytí pozemků.",0,31d42a3a0b7a27be
marketa-vankova,Z9/03,54,"JUDr. Markéta Vaňková, primátorka – upozornila na variantní návrh usnesení, s tím, že Rada města Brna jednomyslně schválila variantu B, a tudíž nechala o variantě B hlasovat.",6,31d42a3a0b7a27be
marketa-vankova,Z9/03,54,"JUDr. Markéta Vaňková, primátorka – navrhla společné hlasování o bodech 77) – 82) vztahujících se k nabídkám předkupního práva ke stavbám.",4,31d42a3a0b7a27be
marketa-vankova,Z9/03,55,"JUDr. Markéta Vaňková, primátorka – nechala společně hlasovat o bodech 79) – 82) vztahujících se k nabytí pozemků.",0,31d42a3a0b7a27be
marketa-vankova,Z9/03,60,"JUDr. Markéta Vaňková, primátorka: Pan vedoucí Kubeš už se hezky postavil, tak ho poprosím, aby přistoupil k mikrofonu a informoval o aktuálním stavu káznice.",0,31d42a3a0b7a27be
marketa-vankova,Z9/03,61,"JUDr. Markéta Vaňková, primátorka: Nikdo další se nehlásí, tak přistoupíme k hlasování. Zahajuji hlasování: Hlasování č. 98: 45 - 0 - 5 - 2",0,31d42a3a0b7a27be
marketa-vankova,Z9/03,62,"JUDr. Markéta Vaňková, primátorka: Ano, bylo to tak. A v záznamu to také budeme mít. Paní zastupitelka Drápalová.",0,31d42a3a0b7a27be
marketa-vankova,Z9/03,62,"JUDr. Markéta Vaňková, primátorka: Pan radní to rád zopakuje. A také to říkal v tom svém úvodním vystoupení.",0,31d42a3a0b7a27be
marketa-vankova,Z9/03,62,"JUDr. Markéta Vaňková, primátorka: Teď budeme mít zkoušku ohněm, jestli se nám podaří spojit s panem starostou Krásným, on-line. Vladane?",0,31d42a3a0b7a27be
marketa-vankova,Z9/03,62,"JUDr. Markéta Vaňková, primátorka: Tak. Nikdo další, eště pan zastupitel Štefan.",0,31d42a3a0b7a27be
marketa-vankova,Z9/03,63,"JUDr. Markéta Vaňková, primátorka: Tak. Vypadá to, že nikdo další se k bodu 91) nehlásí, takže přistoupíme k hlasování. Zahajuju hlasování: Hlasování č. 99: 46 - 0 - 5 - 1",0,31d42a3a0b7a27be
marketa-vankova,Z9/03,67,"JUDr. Markéta Vaňková, primátorka: Nepočítá se s tím, že by na této akci byl zástupce vedení města. Vedení města svou vůli, nebo své přesvědčení o tom, že je to prestižní akce a že si je vědomo prestižnosti této akce, vyjadřuje právě tím, že toto finančně podporuje, pokud samozřejmě dojde ke schválení tohoto bodu. A myslím si, že paní ředitelka Filharmonie bude dostatečně zastupovat město Brno prostřednictvím dané příspěvkové organizace. Zástupci vedení města budou v Brně a budou pracovat. Nějaké další dotazy? Děkuji. Takže poprosím o hlasování. Zahajuji hlasování: Hlasování č. 110: 49 - 0 - 0 - 2",0,31d42a3a0b7a27be
marketa-vankova,Z9/03,67,"JUDr. Markéta Vaňková, primátorka: Usnesení bylo přijato. Děkuji všem.",0,31d42a3a0b7a27be
marketa-vankova,Z9/03,67,"JUDr. Markéta Vaňková, primátorka: Já mohu obecně konstatovat, že ten rozsah sice byl znám již při ustavujícím zastupitelstvu, nicméně nebylo možno úplně jednoznačně vyhodnotit, jak to bude časově náročné, protože v předchozím období nebyl příslušný člen rady, respektive on to byl pan náměstek Koláčný, uvolněn pouze tadyprotuto oblast, takže se těžko dalo nadefinovat, kolik času skutečně zabere přímo tadytato agenda. Po zvážení těch posledních týdnů, kdy se tomu pan zastupitel Příborský věnoval, tadytěchto, těmto aktivitám, tak bylo vyhodnoceno, že z pozice neuvolněného zastupitele to časově není možné zvládat. Tolik za mě. Možná jenom na doplnění, v celkovém kontextu, protože samozřejmě je to návrh na to, aby byl další ze členů zastupitelstva uvolněn, tak já jenom připomínám, že na ustavujícím zastupitelstvu bylo rozhodnuto o tom, že bude uvolněno 14 členů zastupitelstva, což byl stejný počet jako v minulém volebním období. Teď bychom tedy",2,31d42a3a0b7a27be
marketa-vankova,Z9/03,68,"JUDr. Markéta Vaňková, primátorka – v úvodu informovala, že při volbě je nutné postupovat v souladu s volebním řádem, který je součástí materiálu a o kterém se hlasuje standardním způsobem.",0,31d42a3a0b7a27be
marketa-vankova,Z9/03,68,"JUDr. Markéta Vaňková, primátorka, vyzvala přítomné členy Zastupitelstva města Brna k podání návrhů na minimálně 3 členy volební komise. Zastupitel Ing. Daniel Struž, MBA, navrhl RNDr. Miroslava Kubáska, Ph.D., JUDr. Robert Kerndl, náměstek primátorky, navrhl Ing. Pavla Urubka a zastupitel Mgr. Břetislav Štefan navrhl Mgr. Bc. Marka Viskota.",4,31d42a3a0b7a27be
marketa-vankova,Z9/03,68,"Předseda volební komise vyzval členy Zastupitelstva města Brna k podávání návrhů na funkci dlouhodobě uvolněné členky/uvolněného člena Zastupitelstva města Brna pro oblast strategického rozvoje, metropolitní spolupráce a integrovaných územních investic (ITI). JUDr. Markéta Vaňková, primátorka, navrhla zvolit do funkce dlouhodobě uvolněného člena Zastupitelstva města Brna pro oblast strategického rozvoje, metropolitní spolupráce a integrovaných územních investic (ITI) JUDr. PhDr. Martina Příborského, EMLE. Jiný návrh na zvolení do funkce dlouhodobě uvolněné členky/uvolněného člena Zastupitelstva města Brna pro oblast strategického rozvoje, metropolitní spolupráce a integrovaných územních",6,31d42a3a0b7a27be
marketa-vankova,Z9/03,69,"JUDr. Markéta Vaňková, primátorka: Dovolím si konstatovat, že Vám byl rozdán doplněk k tomuto bodu. A ten doplněk, a vidím, že je tady veřejnost, hned Vám dám slovo, jenom dokončím tu moji informaci. Ten doplněk je o tom, že jsme získali včera, v odpoledních hodinách, vyjádření Ministerstva vnitra k dalšímu postupu, doporučovanému, a to se odrazilo i v návrhu usnesení. Nicméně, pokud se nehlásí žádný zastupitel do tohoto bodu, což v tuto chvíli nevidím, tak dám prostor pro vyjádření občanů.",2,31d42a3a0b7a27be
marketa-vankova,Z9/03,70,"JUDr. Markéta Vaňková, primátorka: I Vy samozřejmě máte možnost se vyjádřit, já pak budu reagovat na ten doplněk, o kterém jsem hovořila.",0,31d42a3a0b7a27be
marketa-vankova,Z9/03,70,"JUDr. Markéta Vaňková, primátorka: Já možná jenom doplním, v čem spočívá ten doplněk, o kterém jsem hovořila, a stanovisko Ministerstva vnitra. Vy, pravděpodobně, vnímáte, že v době od našeho rozhodnutí, když jsme schválili prodej domu a zároveň zástavní smlouvu, tak že došlo k určitým skutečnostem i ve vztahu tadyktomuto domu a v aktuální situaci jest to tak, že my, v tuto chvíli, na příslušném odboru nemáme k dispozici žádné podklady k prodeji tadytohoto domu, s výjimkou té jediné, té 1., schválené zástavní smlouvy. Proto jsme se obrátili na Ministerstvo vnitra, jak máme dále postupovat v této záležitosti. A odpovědí Ministerstva vnitra, když to úplně zjednoduším a zkrátím a řeknu ten závěr, tak je, že dle Ministerstva vnitra bychom měli nejprve zjistit k dané věci více informací, než přistoupíme k dalším krokům, jako jsou podpisy konkrétních smluv či schvalování smluv nových. Z toho důvodu tedy, v doplňku, který byl dán zastupitelům, je i nový návrh usnesení, který spočívá v tom, že schvalujeme odklad realizace usnesení toho původního, z 21. června 2022, a zároveň schvalujeme odklad rozhodování o zřízení dalšího zástavního práva, a to do doby, než bude známo více informací ohledně prověřování prodeje bytových domů Ibsenova 9, 10, 11. Neboli to je přesně podle toho, co nám doporučilo Ministerstvo vnitra. Samozřejmě o tom budeme vést diskusi, je to návrh usnesení, který bude předmětem hlasování. Takže nemůžu teď předjímat, jak hlasování dopadne. Tak, pořád jsme v diskusi, takže stále je možnost, zejména zastupitelů, aby se k této věci vyjádřili.",2,31d42a3a0b7a27be
marketa-vankova,Z9/03,71,"JUDr. Markéta Vaňková, primátorka: My o tom budeme dále podrobně debatovat. Tak jak jste konstatovala, ano, ten dodatek byl dán na poslední chvíli. Ještě včera, na pravidelném jednání předsedů, jsem tu informaci neměla, o půl čtvrté, to vyjádření ministerstva nám přišlo až poté. To znamená, ani na jednání předsedů jsme tuto záležitost nemohli v tomto smyslu projednat a počítali jsme s jinou variantou. A, nicméně, vzhledem k tomu, že jsme toto vyjádření dostali, tak pokládáme za vhodné dnes se tímto zabývat, což právě činíme. A samozřejmě budeme zvažovat, jaké další možnosti my máme ve vztahu k tomu, abychom zjistili více informací, jestli se budeme obracet přímo na Policie České republiky, jestli si případně necháme zpracovat nějaké právní stanovisko. Ale v tuto chvíli žádný konkrétní další návrh není, což je patrno z těch navržených usnesení. Je to skutečně v tuto chvíli jenom o schválení toho odkladu realizace. Nicméně je to záležitost samozřejmě významná, takže budeme přemýšlet, jak s tím naložit dále. Bc. Matěj Hollan: Podle toho, co je v médiích o této části kauzy, v souvislosti s Ibsenovou, tak je to i to, že policie řeší, aniž by teďka byly nějaké jasné závěry, i tu cenu, 36.000/m, co tam z posudku vyplývá. Tady, opakovaně, i dřív, bylo upozorňováno na cenu, že může být podezřele nízká. Na kontrolním výboru, na mou žádost, se bude prověřovat i celý postup, dosavadní, od roku 2015, nebo jak to definujeme, při pořizování posudků, už od té doby, jak se dostaly ty které nemovitosti na seznam, v roce 2016, který se schvaloval, potom i další postup, včetně prověřování tadytěchto věcí. Teď, tady si myslím, že ta předběžná opatrnost je skutečně na místě. Jak je vidět z těch dalších nemovitostí, ta policie nezmiňuje ty konkrétní nemovitosti náhodou, ví celkem, proč asi zasahovala, proč šetří ty konkrétní nemovitosti. A tohle je jedna z těch, kde mohla být páchána trestná činnost, i v této fázi. Takže tady je potřeba z gruntu prověřit všechno. A dokud to nebude uzavřeno, i z pohledu kontrolního výboru, tak určitě není vhodné jakkoliv dále, jakýmikoliv kroky pokračovat v tom procesu. A je potřeba teď jednoznačně setrvat a celý ten proces si velmi podrobně zmapovat.",2,31d42a3a0b7a27be
marketa-vankova,Z9/03,71,"JUDr. Markéta Vaňková, primátorka: Žádný další zastupitel se nehlásí a máme tady veřejnost ještě.",0,31d42a3a0b7a27be
marketa-vankova,Z9/03,72,"JUDr. Markéta Vaňková, primátorka: My jsme si tadytoho samozřejmě vědomi. My jsme počítali s tím, že pokud by to nebylo předmětem dnešního jednání, protože jsme chtěli mít to stanovisko Ministerstva vnitra, tak jsme byli připraveni dokonce posouvat termín lednového zastupitelstva o týden dopředu, aby to bylo právě před tím Vaším termínem, který máte ve vztahu k bance. A právě proto to projednáváme dnes, protože to stanovisko Ministerstva vnitra prostě přišlo, takže teď máme ty informace, které, z mého pohledu, jsou důležité pro to rozhodnutí. A to opakuji, i pro zastupitele, pokud bychom to dnes neprojednávali, museli bychom lednové zastupitelstvo z 24. ledna posunovat na 17. ledna. Takže i to je ten důvod, proč to tady máme, v tomto znění, projednáváno dnes. Argumenty, které tady padají ze strany, ať už právního zástupce, nebo samotných obyvatel Ibsenovy, samozřejmě vnímáme, argumenty o stavu domu tady opakovaně byly projednávány, když jsme projednávali prodej. Nicméně, teď je nová situace, ze které, si myslím, že nemá radost nikdo z těch, kteří o tom budou hlasovat. A samozřejmě vnímáme Váš postoj. Bohužel ale, prostě je to situace, s kterou se musíme nějak vyrovnat. A já, třeba za sebe, vnímám, že to prostě nemá dobré řešení. Ale prostě jsme tady proto, abysme nějakým způsobem rozhodli. I podle toho, co máme za informace, včetně toho, že jsme si vědomi toho, že po Vás banka bude, pravděpodobně, vymáhat, nebo uplatňovat tu smluvní sankci. Tak, v tuto chvíli se nikdo další nehlásí, takže bych přistoupila k hlasování. Jak jsem avizovala, budu dávat hlasovat o usnesení, tom nově navrženém, který máte v doplňku. Je to tedy to usnesení, že bereme na vědomí stanovisko Ministerstva vnitra a schvalujeme odklad, jednak realizace původního usnesení, a zároveň odklad rozhodování o zřízení dalšího zástavního práva, do doby, než bude známo více informací. Zahajuji hlasování: Hlasování č. 115: 43 - 0 - 0 - 6",0,31d42a3a0b7a27be
marketa-vankova,Z9/03,73,"JUDr. Markéta Vaňková, primátorka: Tak. A nyní bychom měli přistoupit k bodu č. 3), to jsou interpelace. Máme na to 3 minuty, než, a samozřejmě můžeme pokračovat 14:30, nicméně, ještě než dám slovo zastupitelům, tak bych chtěla se vrátit jenom takto, slovně, ke 2 bodům, a to je rozpočet a ten balík bodů k územnímu plánu. Ve vztahu k rozpočtu bych chtěla moc poděkovat paní Červencové a celému jejímu týmu a samozřejmě také paní předsedkyni finančního výboru za celý ten proces tvorby rozpočtu. Vím, že to nebylo jednoduché, tak jako každý rok, navíc nám do toho vpadlo změna, změna vedení, takže o to to bylo samozřejmě složitější, že ten proces neprobíhal úplně tak, v těch intervalech, jak jsme zvyklí v těch běžných letech. Takže skutečně velké díky. Práce, která na tom byla odvedena, je obrovská. A za mě, já se připojuji k paní předsedkyni finančního výboru, ten rozpočet je, na tu aktuální situaci, z mého pohledu, sestaven velmi dobře. Nicméně práce, která byla, tak velmi děkuji. A vlastně obdobné poděkování za celý ten balík bodů k územnímu plánu. Děkuji Petrovi Bořeckému a zase všem, kteří se na tom podíleli, protože, z mého pohledu, v poměrně krátkém čase se podařilo tyto změny nachystat. Tak jak bylo již opakovaně uváděno, byli jsme limitováni tím prosincovým zastupitelstvem, ale podařilo se to. A jsem přesvědčená o tom, že je to ku prospěchu rozvoje města Brna, tak jak jsme to tady vysvětlovali. Takže tolik ještě za mě, poděkování, které mělo možná zaznít v těch bodech, ale učinila jsem ho aspoň takto, dodatečně. A nyní můžeme na ty interpelace.",2,31d42a3a0b7a27be
marketa-vankova,Z9/03,74,"JUDr. Markéta Vaňková, primátorka: A teď se jenom zeptám, jestli je někdo další, kdo se chce přihlásit do interpelací? A vzhledem k tomu, že vidím 2 přihlášené, tak Vám všem popřeji dobrou chuť a potkáme se 14:30.",2,31d42a3a0b7a27be
marketa-vankova,Z9/03,75,"JUDr. Markéta Vaňková, primátorka: Bude také odpovězeno písemně, na oba dva dotazy. Paní zastupitelka Flamiková.",0,31d42a3a0b7a27be
marketa-vankova,Z9/03,75,"JUDr. Markéta Vaňková, primátorka: Bude odpovězeno písemně. Tak, v tuto chvíli nevidím nikoho přihlášeného, ale samozřejmě pořád je prostor a možnost. Pokud ne, tak než se rozloučím, tak bych Vás všechny chtěla pozvat na setkání v 6 hod. v Křížové chodbě. Připomínám jenom, že je to setkání jednak zastupitelů, ale i vedoucích odborů. Už loňského roku jsme udělali tento koncept, že jsme ty původní 2 akce, 2 večery, spojili v jeden, protože máme za to, že nejsou politici na jedné straně, a úředníci na druhé, ale že patříme všichni dohromady. Takže budu velmi ráda, když se s Vámi v podvečerních hodinách v Křížové chodbě setkám. Pro Ty, se kterými bych se případně večer neviděla, tak si dovolím Vám popřát krásné, klidné vánoční svátky s těmi, se kterými je chcete trávit, a do nového roku hlavně zdraví. A budu se těšit na viděnou příští rok na, nejpozději, na lednovém zastupitelstvu.",0,31d42a3a0b7a27be
marketa-vankova,Z9/03,76,"JUDr. Markéta Vaňková, primátorka, ukončila zasedání Zastupitelstva města Brna (ve 14:45 hod.).",0,31d42a3a0b7a27be
marketa-vankova,Z9/05,1,"Zasedání zahájila a řídila primátorka města Brna JUDr. Markéta Vaňková (dále jen JUDr. Markéta Vaňková, primátorka).",0,855e8c7abe4c7621
marketa-vankova,Z9/05,1,"JUDr. Markéta Vaňková, primátorka, upozornila na skutečnost, že jednání Zastupitelstva města Brna je audiovizuálně přenášeno prostřednictvím internetových stránek města a přenos je zaznamenáván, archivován a následně bude zveřejněn.",4,855e8c7abe4c7621
marketa-vankova,Z9/05,1,"JUDr. Markéta Vaňková, primátorka, sdělila, že při prezenci členové Zastupitelstva města Brna obdrželi: • doplněk k bodu 33), který byl dne 27. 2. 2023 vložen na chráněné internetové datové úložiště • Výpis usnesení Finančního výboru Zastupitelstva města Brna k bodům projednávaným na tomto zasedání, který byl dne 27. 2. 2023 vložen na chráněné internetové datové úložiště • Informativní zprávu – Podání adresovaná Zastupitelstvu města Brna, která byla dne 27. 2. 2023 včetně vlastních podání vložena na chráněné internetové datové úložiště. Podání ZMB byla rovněž k dispozici v listinné formě ve složce „K nahlédnutí pro členy ZMB“ v jednacím sálu • Informace o hlasování členů Rady města Brna neuvedené v předložených materiálech k bodům programu Zastupitelstva města Brna č. Z9/05",0,855e8c7abe4c7621
marketa-vankova,Z9/05,2,"Schválení programu zasedání Zastupitelstva města Brna č. Z9/05 JUDr. Markéta Vaňková, primátorka, zdůvodnila tyto změny programu:",0,855e8c7abe4c7621
marketa-vankova,Z9/05,2,"JUDr. Markéta Vaňková, primátorka, dále navrhla předřadit projednání nově navržených bodů 128) a 129) po bodu 27).",4,855e8c7abe4c7621
marketa-vankova,Z9/05,2,"JUDr. Markéta Vaňková, primátorka, upozornila, že: - u bodu 10) se upravuje název, který nově zní: Návrh rozpočtového opatření – aktualizace rozpočtu zdrojů a výdajů města Brna na rok 2023, - v názvu bodu 61) se upravuje text: úprava názvu projektu na změna názvu projektu, a k uvedeným úpravám sdělila, že nemají vliv na texty usnesení.",6,855e8c7abe4c7621
marketa-vankova,Z9/05,2,"Poté JUDr. Markéta Vaňková, primátorka, nechala hlasovat o návrzích na změny v programu zasedání Zastupitelstva města Brna, které uvedla v rámci Technického bodu.",-3,855e8c7abe4c7621
marketa-vankova,Z9/05,7,"JUDr. Markéta Vaňková, primátorka: Hlásí se pan Prokeš, nebo je to omyl? Tak, já už jsem Vás vypla, tak, hlasování stále probíhá, ukončuji hlasování: Hlasování č. 7: 45 - 4 - 0 - 2",0,855e8c7abe4c7621
marketa-vankova,Z9/05,7,"JUDr. Markéta Vaňková, primátorka: Pane zastupiteli, stále mně blikáte, že se hlásíte do diskuse. Asi omylem se hlásíte do diskuse místo, nebo chcete mluvit, nebo nechcete?",0,855e8c7abe4c7621
marketa-vankova,Z9/05,8,"JUDr. Markéta Vaňková, primátorka: Aha, tak pardon. Tak, tak mluvte.",0,855e8c7abe4c7621
marketa-vankova,Z9/05,8,"JUDr. Markéta Vaňková, primátorka: Tak, pominu, že už máme odhlasováno, a nicméně odpovím Vám. A zároveň teda si myslím, že jsem tam dávala dostatečně dlouhou dobu pro přihlášení, že jsem s tím počítala, že bude diskuse, tak to se jenom omlouvám. Ale okomentuji to já, okomentuji to tak, že jsme navázali s tímto městem spolupráci v době covidu. Protože v době, kdy jsme měli poměrně velký počet nakažených, tak na Tchaj-wanu bylo těch nakažených úplně minimálně, takže jsme se pokusili zjistit nějaké jejich know-how, jak postupovali pro to, aby právě ta, ten počet nakažených byl minimální. Měli jsme opakované on-line telefonáty s tehdejším starostou tohoto města, v době, kdy bylo téměř nemožné sehnat respirátory, tak jsme od tohoto města dostali darem přibližně 3 000 respirátorů, které jsme využili v sociálních službách. Následně, když už nebyla tak akutní doba covidu, tak jsme opět měli on-line telefonát se starostou tohoto města, kde jsme se bavili i o dalších záležitostech, které jsou pro naše města podobná, nebo která by mohla být přínosem. Takovým hlavním tématem, které jsme diskutovali, je oblast smart city, kde jsou oni, jako obecně, jedno z město Tchaj-wanu, na poměrně vysoké úrovni. Domlouvali jsme se, v rámci těchto on-line jednání, že bychom rádi tu spolupráci prohlubovali, a za tím účelem by mělo být právě uzavřeno tadytoto memorandum. Ano, pan Prokeš.",0,855e8c7abe4c7621
marketa-vankova,Z9/05,8,"JUDr. Markéta Vaňková, primátorka: Je to Váš názor, který jste vyjádřil hlasováním. Takže si myslím, že samozřejmě tuto možnost máte, tuto jste využil a tím je to jasně dáno. Já jenom upozorňuju pány, že v rámci jednacího řádu jsme už po projednání toho bodu. Ani jeden z Vás nenavrhl bezprostředně po hlasování zpochybnění hlasování, ani nenavrhl návrat do tohoto bodu, takže bych možná byla radši, kdybychom se mohli už věnovat dalšímu bodům. A znovu říkám, že jsem přesvědčená o tom, že na začátku bylo poměrně jako dlouhá doba k tomu, abyste se mohli přihlásit, protože jsem počítala s tím, že k tomuto bodu diskuse bude. Tak, v tuto chvíli tedy nevidím nikoho přihlášeného, a pokud byste něco chtěli, tak se k tomu můžeme vrátit ještě k interpelacím. Ráda budu vést diskusi na téma, jaká je účinnost látkově šitých roušek a respirátorů. Bod č. 7).",4,855e8c7abe4c7621
marketa-vankova,Z9/05,9,"JUDr. Markéta Vaňková, primátorka: Jestli se nemýlím, tak všechny tyto body byly projednány finančním výborem, což zrovna u bodů tohoto typu je zásadní. Ve finančním výboru by měly všechny politické subjekty mít své zástupce, jestli se nemýlím, takže určitě byla možnost se tadyktomuto vyjádřit. Myslím, že to můžu zobecnit, doufám, že se nebudu plést, že jsou to výsledky našeho koaličního jednání o rozpočtu. My jsme při tvorbě rozpočtu jednoznačně deklarovali, že některé věci tam nejsou zařazeny a že se budeme vracet k debatě o zařazení dalších položek do rozpočtu v průběhu roku, i s přihlédnutím na to, jaké bude plnění příjmů do rozpočtu, s tím, že takto jsme učinili, a z toho důvodu jsou tyto body v tuto chvíli předkládány k rozhodnutí zastupitelstvu.",0,855e8c7abe4c7621
marketa-vankova,Z9/05,9,"JUDr. Markéta Vaňková, primátorka: Já jenom jako přemýšlím. Je to vlastně určitá úprava rozpočtu, a když se tvoří rozpočet, tak to má taky přesně nějaký stanovený proces. A také při tvorbě rozpočtu, jako takového, se ty věci neprojednávají v těch jednotlivých dílčích komisích. Takže tady je to vlastně jako obdobný postup. Ten, tím zásadním orgánem skutečně předtím, než to přijde do projednání na radu",0,855e8c7abe4c7621
marketa-vankova,Z9/05,10,"JUDr. Markéta Vaňková, primátorka: My možná pár, pár poznámek. Komise nejsou kontrolním orgánem, komise jsou poradním orgánem rady. Co se týče konkrétní hodnoty dané zakázky, tak ta je vždy stanovená v rámci výběrového řízení, ať už v režimu zákona, anebo mimo režim zákona o zadávání veřejných zakázek. Takže tu cenu v tom rozpočtu stejně nemůžete brát jako za cenu, která je ta konečná a která bude reálná. Takže tam, si myslím, že členové komise by neměli ani možnost se k tomu vyjádřit, protože neví, jak to nakonec dopadne, jak to bude vysoutěženo. Takže skutečně nemám za to, že by bylo nezbytně nutné, aby tyto případy komise projednávaly.",0,855e8c7abe4c7621
marketa-vankova,Z9/05,11,"JUDr. Markéta Vaňková, primátorka: Paní zastupitelko, já se omluvím, jak dlouho, jak dlouho to bude ještě trvat? Máme po 8:30, kdy máme přistoupit k občanům.",0,855e8c7abe4c7621
marketa-vankova,Z9/05,11,"JUDr. Markéta Vaňková, primátorka: Dobře. Děkuji. Tak, máme 8:33, takže již 3 minuty máme být v bodě č. 2), což jsou Dotazy, připomínky a podněty občanů. Takže se zeptám, jestli jsou tady nějací občané, kteří by chtěli hovořit? Ano, dobrý den.",0,855e8c7abe4c7621
marketa-vankova,Z9/05,11,"JUDr. Markéta Vaňková, primátorka: Pan náměstek Suchý chce reagovat.",0,855e8c7abe4c7621
marketa-vankova,Z9/05,12,"JUDr. Markéta Vaňková, primátorka: Tak. Nějaký další občan? Nevypadá to, takže končím projednání bodu č. 2) a vracíme se do bodu č. 10).",0,855e8c7abe4c7621
marketa-vankova,Z9/05,12,"JUDr. Markéta Vaňková, primátorka: Ještě reakce na paní zastupitelku Drápalovou. Já jenom, možná pro připomenutí, zopakuji, že komise jsou poradní a iniciativní orgán rady. Rada je spokojena s tím, jaké výstupy z komisí má. Na druhé straně, finanční výbor je kontrolní orgán Zastupitelstva města Brna a má kontrolovat hospodaření obce. Máte-li tedy, v našem případě statutárního města Brna. Máte-li tedy jakékoliv jako podněty a dotazy k materiálům, o kterých teď hovoříme, tak ta ideální platforma, před jednáním zastupitelstva, je právě finanční výbor. Někdo něco dalšího k bodu č. 10)? Pokud ne, tak přistoupíme k hlasování. Zahajuju hlasování: Hlasování č. 10: Neplatné hlasování",0,855e8c7abe4c7621
marketa-vankova,Z9/05,12,"JUDr. Markéta Vaňková, primátorka: Paní zastupitelka Flamiková se hlásí? A chce mluvit, anebo se spletla? Eště jste se hlásila. Dobře. Tak, ruším hlasování. Paní zastupitelko, můžete mluvit.",0,855e8c7abe4c7621
marketa-vankova,Z9/05,12,"JUDr. Markéta Vaňková, primátorka: Prosím Vás, všechny, možná jako, já tam, skutečně si myslím, že dávám dost prostoru, tak se, prosím, hlaste, ať nemusíme pak rušit hlasování, případně se k tomu bodu vracet. Tak, prosím, můžete mluvit.",0,855e8c7abe4c7621
marketa-vankova,Z9/05,12,"JUDr. Markéta Vaňková, primátorka: Děkuji za názor. Ještě někdo se chce přihlásit k bodu č. 10)? Není tomu tak. Tak zahajuji hlasování: Hlasování č. 11: 42 - 0 - 8 - 1",0,855e8c7abe4c7621
marketa-vankova,Z9/05,13,"JUDr. Markéta Vaňková, primátorka: Nikdo další není přihlášený, zahajuji hlasování: Hlasování č. 16: 45 - 5 - 0 - 1",0,855e8c7abe4c7621
marketa-vankova,Z9/05,16,"JUDr. Markéta Vaňková, primátorka: Požadavky všech příspěvkových organizací z oblasti kultury byly vyšší než ty, které jsou navrhovány.",0,855e8c7abe4c7621
marketa-vankova,Z9/05,16,"JUDr. Markéta Vaňková, primátorka: V rámci nezřizované scény budete mít možnost u bodu 33) navrhnout snížení navrhovaných dotací a můžete navrhnout změnu usnesení v tom smyslu, že některé z těch nezřizovaných subjektů mohou ty částky poskytnout našim příspěvkovým organizacím.",0,855e8c7abe4c7621
marketa-vankova,Z9/05,16,"JUDr. Markéta Vaňková, primátorka: Já jsem mluvila obecně o nezřizované scéně. Někdo další do diskuse k bodu č. 22)? Není tomu tak, zahajuji hlasování: Hlasování č. 23: 42 - 0 - 8 - 2",0,855e8c7abe4c7621
marketa-vankova,Z9/05,20,"JUDr. Markéta Vaňková, primátorka: Teď je přihlášený pan Lahoda, pak je přihlášený pan náměstek, který bude reagovat asi na všechny ty věci, které tady padají. Takže pan zastupitel Lahoda.",0,855e8c7abe4c7621
marketa-vankova,Z9/05,20,"JUDr. Markéta Vaňková, primátorka: Děkuji, že myslí někdo i na mě. Pan zastupitel Hollan.",0,855e8c7abe4c7621
marketa-vankova,Z9/05,22,"JUDr. Markéta Vaňková, primátorka: Tak, prosím, někdo další do diskuse k domovu pro seniory Nopova? Není tomu tak, zahajuji hlasování: Hlasování č. 27: 39 - 3 - 8 - 2",0,855e8c7abe4c7621
marketa-vankova,Z9/05,22,"JUDr. Markéta Vaňková, primátorka: Jistě máte nastudovány i další body, takže víte, že budeme rozhodovat i o příspěvku na dronovou show, takže si myslím, že je z toho patrné, že město vyhledává i ty nové možnosti zábavy ve smyslu, o kterém hovoříte.",0,855e8c7abe4c7621
marketa-vankova,Z9/05,23,"JUDr. Markéta Vaňková, primátorka: Někdo další do diskuse? Pan zastupitel Lahoda.",0,855e8c7abe4c7621
marketa-vankova,Z9/05,23,"JUDr. Markéta Vaňková, primátorka: Poprosím pana Geislera, případně jsem viděla i pana Morávka, jsem zahlédla někde vzadu v sále, takže poprosím jednoho či druhého či oba dva pány o vyjádření.",0,855e8c7abe4c7621
marketa-vankova,Z9/05,23,"JUDr. Markéta Vaňková, primátorka: Vidím pana Morávka hned za zády, tak jestli ještě doplní?",0,855e8c7abe4c7621
marketa-vankova,Z9/05,23,"JUDr. Markéta Vaňková, primátorka: Nějaké další dotazy k tomuto bodu? Není tomu tak, zahajuji hlasování: Hlasování č. 28: 38 - 3 - 8 - 3",0,855e8c7abe4c7621
marketa-vankova,Z9/05,24,"JUDr. Markéta Vaňková, primátorka: Usnesení bylo přijato. Pan zastupitel Hollan?",0,855e8c7abe4c7621
marketa-vankova,Z9/05,24,"JUDr. Markéta Vaňková, primátorka: Nějaký jiný procesní návrh?",2,855e8c7abe4c7621
marketa-vankova,Z9/05,24,"JUDr. Markéta Vaňková, primátorka: Tak, děkuji. Bod č. 129).",0,855e8c7abe4c7621
marketa-vankova,Z9/05,24,"JUDr. Markéta Vaňková, primátorka: Tak nevím, jestli na to bude schopný reagovat pan vedoucí odboru? Tomáš Pivec, je tady někde?",0,855e8c7abe4c7621
marketa-vankova,Z9/05,25,"JUDr. Markéta Vaňková, primátorka: V bodu 28) tam máme změnu účelu použití investičního transferu na Brno-středu. Je to z jedné základní školy na druhou základní školu a je to ta vtipná, až absurdní jako příhoda, jak jsme původně měli určenou příspěvkovou organizaci, která neexistuje.",0,855e8c7abe4c7621
marketa-vankova,Z9/05,25,"JUDr. Markéta Vaňková, primátorka: Tak. Jsem ráda, že jsme se trošku rozveselili, takže se zeptám, jestli má ještě někdo jiný nějaké dotazy k tomuto bodu? Bod č. 28). Není tomu tak, zahajuji hlasování: Hlasování č. 31: 51 - 0 - 1 - 0",0,855e8c7abe4c7621
marketa-vankova,Z9/05,27,"JUDr. Markéta Vaňková, primátorka: Poprosím Katku Vorlíčkovou a paní ředitelku Petiškovou. No, paní ředitelka tady není, tak zástupce.",0,855e8c7abe4c7621
marketa-vankova,Z9/05,28,"JUDr. Markéta Vaňková, primátorka: Jestli chce kolegyně z Domu umění doplnit tedy? Marcela Hájková, DiS., vedoucí ekonomického útvaru Domu umění města Brna, příspěvkové organizace: Já k tomu nemám, za Dům umění, co dodat. My si myslíme, že ta spolupráce s muzeem je jako kvalitní a stojí to za podporu.",0,855e8c7abe4c7621
marketa-vankova,Z9/05,28,"JUDr. Markéta Vaňková, primátorka: Nějaké další dotazy? Není tomu tak, přistoupíme k hlasování. Zahajuju hlasování: Hlasování č. 37: 52 - 0 - 0 - 0",0,855e8c7abe4c7621
marketa-vankova,Z9/05,31,"JUDr. Markéta Vaňková, primátorka: Tak, můžeme vést debatu o tom, jestli něco je, či není nezbytně nutné. Z mého pohledu je to rozhodně projekt, který si zaslouží podpory. Myslím si, že byť jde o určitou formu vzdělávání, respektive snahu o to, ty děti z dětských domovů, nebo ty mladé dospělé z dětských domovů, kteří se dostávají do toho běžného života, tak jim nějak napomoci i na poli případného podnikání, což není úplně obvyklé, tak si myslím, že to je na pomezí vzdělávání a právě nějaké sociální pomoci. A z tohoto pohledu, pro mě, jak už jsem řekla, je to rozhodně projekt, který si podporu zaslouží. Jestli je nezbytně nutný, nebo tak, nevím, jak jste to přesně definoval, to samozřejmě je otázka pro každého jednotlivého zastupitele, který vyjádří svou vůli hlasováním. Nějaké další dotazy? Pokud tomu tak není, tak přistoupíme k hlasování. Zahajuju hlasování: Hlasování č. 45: 45 - 0 - 5 - 2",0,855e8c7abe4c7621
marketa-vankova,Z9/05,32,"JUDr. Markéta Vaňková, primátorka: Někdo další do diskuse, případně nějaké doplnění? Já se jenom ještě dívám do důvodové zprávy, protože já mám za to, že tadytento bod se netýká jenom atomového krytu, ale týká se i ostatních činností daného subjektu, třeba ve FRANZ KAFKA ŠPITÁL a podobně. Nicméně důvodová zpráva nějak hovoří, pan zastupitel Hollan vyjádřil nějaký svůj názor, nikdo další se do diskuse nehlásí, takže můžeme přistoupit k hlasování. Zahajuji hlasování: Hlasování č. 46: 45 - 0 - 5 - 2",0,855e8c7abe4c7621
marketa-vankova,Z9/05,36,"JUDr. Markéta Vaňková, primátorka: Poprosím Františka Kubeše.",0,855e8c7abe4c7621
marketa-vankova,Z9/05,36,"JUDr. Markéta Vaňková, primátorka: Tak poprosím zase pana vedoucího Kubeše, aby z jeho oblasti projednávání vysvětlil ten mechanismus.",0,855e8c7abe4c7621
marketa-vankova,Z9/05,36,"JUDr. Markéta Vaňková, primátorka: Nějaké další dotazy k bodu č. 56)? Není tomu tak, zahajuji hlasování: Hlasování č. 57: 44 - 0 - 5 - 3",0,855e8c7abe4c7621
marketa-vankova,Z9/05,38,"JUDr. Markéta Vaňková, primátorka: Tak, pan vedoucí Hloušek, jestli bude vědět, z OIEF?",0,855e8c7abe4c7621
marketa-vankova,Z9/05,38,"JUDr. Markéta Vaňková, primátorka: Nějaké další dotazy? Paní zastupitelka Drápalová.",0,855e8c7abe4c7621
marketa-vankova,Z9/05,38,"JUDr. Markéta Vaňková, primátorka: Nějaké další dotazy? Není tomu tak, takže děkuji i panu vedoucímu a přistoupíme k hlasování. Zahajuju hlasování: Hlasování č. 63: 52 - 0 - 0 - 0",0,855e8c7abe4c7621
marketa-vankova,Z9/05,42,"JUDr. Markéta Vaňková, primátorka: Dáte to, prosím, písemně? Otázka hlasovatelnosti tohoto návrhu je samozřejmě k diskusi, jestli můžeme rušit něco, co přijala zastupitelstva městských částí, ale každý asi se rozhodne sám, když bude hlasovat o tomto návrhu. Paní zastupitelka Drápalová.",2,855e8c7abe4c7621
marketa-vankova,Z9/05,42,"JUDr. Markéta Vaňková, primátorka: Paní zastupitelka ráda odpoví. Já bych využila, a slyšela jsem to tady i jako od mých kolegů, že na toto je přiléhavé označení, zda to bude, či nebude směroplatné. Tak. Paní zastupitelka Lukášová a Spilková.",0,855e8c7abe4c7621
marketa-vankova,Z9/05,42,"JUDr. Markéta Vaňková, primátorka: Dobře. A nevím, esi se s touto odpovědí spokojí paní zastupitelka Drápalová, ale diskusi nechám na Vás, samozřejmě. Paní zastupitelka Drápalová.",0,855e8c7abe4c7621
marketa-vankova,Z9/05,42,"JUDr. Markéta Vaňková, primátorka: Ano, původní návrh byl zrušuje, v písemném návrhu je doporučuje zrušit a dále by to tedy pokračovalo tak, jak to je – Seznam domů doporučených městské části Brno-sever a tak dále. Další diskuse? Není tomu tak, takže budeme nyní hlasovat o návrhu na změněné usnesení v č. 1 usnesení, na základě návrhu paní zastupitelky Lukášové Spilkové, a to usnesení tedy zní: Zastupitelstvo města Brna doporučuje zrušit Seznam domů doporučených městské části Brno-sever a městské části Brno-střed k prodeji, který tvoří přílohu tohoto zápisu. Zahajuji hlasování: Hlasování č. 72: 17 - 4 - 25 - 4",2,855e8c7abe4c7621
marketa-vankova,Z9/05,43,"JUDr. Markéta Vaňková, primátorka: Usnesení nebylo přijato. Nyní budeme tedy hlasovat o návrhu usnesení jako celku. To znamená, 1 - bere na vědomí seznam a 2 - neschvaluje zařazení. Zahajuji hlasování: Hlasování č. 73: 46 - 0 - 3 - 2",2,855e8c7abe4c7621
marketa-vankova,Z9/05,50,"JUDr. Markéta Vaňková, primátorka – navrhla společně hlasovat o bodech 79) – 84) vztahujících se k prodejům pozemků.",4,855e8c7abe4c7621
marketa-vankova,Z9/05,50,"JUDr. Markéta Vaňková, primátorka – přistoupila ke společnému hlasování o bodech 81) – 84).",0,855e8c7abe4c7621
marketa-vankova,Z9/05,52,"JUDr. Markéta Vaňková, primátorka – navrhla společné hlasování o bodech 86) – 99) vztahujících se k bezúplatnému nabytí pozemků.",4,855e8c7abe4c7621
marketa-vankova,Z9/05,59,"JUDr. Markéta Vaňková, primátorka – navrhla společně hlasovat o bodech 101) – 104) vztahujících se k nabytí pozemků.",4,855e8c7abe4c7621
marketa-vankova,Z9/05,61,"JUDr. Markéta Vaňková, primátorka – navrhla společné hlasování o bodech 108) – 111) vztahujících se k uznání vlastnických práv.",4,855e8c7abe4c7621
marketa-vankova,Z9/05,65,"JUDr. Markéta Vaňková, primátorka – navrhla společně hlasovat o bodech 112) – 115) vztahujících se k předkupním právům ke stavbám.",4,855e8c7abe4c7621
marketa-vankova,Z9/05,65,"JUDr. Markéta Vaňková, primátorka – přistoupila k samostatnému projednávání bodů dle požadavku doc. MUDr. Tomáše Skřičky, CSc.",0,855e8c7abe4c7621
marketa-vankova,Z9/05,66,"JUDr. Markéta Vaňková, primátorka – přistoupila ke společnému hlasování o bodech 114) a 115).",0,855e8c7abe4c7621
marketa-vankova,Z9/05,67,"JUDr. Markéta Vaňková, primátorka – upozornila na variantní návrh usnesení, s tím, že Rada města Brna podpořila variantu A – nesouhlasí s využitím předkupního práva, a tudíž nechala o variantě A hlasovat.",6,855e8c7abe4c7621
marketa-vankova,Z9/05,69,"JUDr. Markéta Vaňková, primátorka – nechala opětovně hlasovat o přijetí usnesení k bodu 119).",0,855e8c7abe4c7621
marketa-vankova,Z9/05,70,"JUDr. Markéta Vaňková, primátorka: Ano, takže to 1. ruší, a to 2. schvaluje? Dobře. Tak, někdo další do diskuse? Není tomu tak, tak zahajuji hlasování o bodu 1 usnesení, takže zastupitelstvo ruší usnesení. Zahajuji hlasování: Hlasování č. 98: 52 - 0 - 0 - 0",0,855e8c7abe4c7621
marketa-vankova,Z9/05,71,"JUDr. Markéta Vaňková, primátorka: Toto usnesení bylo přijato. A nyní budeme hlasovat o 2. části usnesení, to znamená 2 - schvaluje směnu. Zahajuji hlasování: Hlasování č. 99: 44 - 0 - 5 - 3",0,855e8c7abe4c7621
marketa-vankova,Z9/05,72,"JUDr. Markéta Vaňková, primátorka: Tak. Otázka, proč to nebylo v passportu. Možná poprosíme paní vedoucí Baborovskou.",0,855e8c7abe4c7621
marketa-vankova,Z9/05,72,"JUDr. Markéta Vaňková, primátorka: Případně kdyby chtěl doplnit tedy pan Pospíšek z Odboru dopravy, tak má tu možnost. Mezitím pan Prokeš.",0,855e8c7abe4c7621
marketa-vankova,Z9/05,72,"JUDr. Markéta Vaňková, primátorka: Tak vidím, že jde pan Pospíšek mezitím. A pak se hlásí paní Pazderová.",0,855e8c7abe4c7621
marketa-vankova,Z9/05,72,"JUDr. Markéta Vaňková, primátorka: Tak. A asi, tak komplexní pohled na důležitost nabytí těchto pozemků, paní starostka Pazderová.",0,855e8c7abe4c7621
marketa-vankova,Z9/05,72,"JUDr. Markéta Vaňková, primátorka: Děkuji za doplnění. Nějaké další dotazy, podněty do diskuse k tomuto bodu? Není tomu tak, zahajuji hlasování: Hlasování č. 100: 46 - 0 - 6 - 0",0,855e8c7abe4c7621
marketa-vankova,Z9/05,73,"JUDr. Markéta Vaňková, primátorka – vyhlásila v souladu s Jednacím řádem Zastupitelstva města Brna přestávku v jednání do 11:00 hod.",0,855e8c7abe4c7621
marketa-vankova,Z9/05,73,"JUDr. Markéta Vaňková, primátorka – přistoupila k projednávání bodu 123) dle schváleného programu zasedání Zastupitelstva města Brna.",0,855e8c7abe4c7621
marketa-vankova,Z9/05,74,"JUDr. Markéta Vaňková, primátorka – požádala o technickou pomoc pro Ing. arch. Petra Bořeckého, který ohlásil nefunkční hlasovací zařízení.",4,855e8c7abe4c7621
marketa-vankova,Z9/05,75,"JUDr. Markéta Vaňková, primátorka: Tak. Asi na tuto otázku není úplně jednoduchá odpověď. Obecně, při rozhodování o majetkových dispozicích tak zohledňujeme více aspektů. Tadyutohoto pozemku nebylo úplně, nebo u těchto pozemků nebylo úplně jednoznačné, zda tam cítíme tu potřebu toho celoměstského zájmu, proto ta debata byla vedena s městskou částí, jestli skutečně má město tyto nemovitosti nabývat, nebo ne. Nakonec jsme dospěli tedy k tomuto řešení. To znamená, pokud městská část skutečně trvá na tom, že jsou pro městskou část nezbytné, tak že k jejich nabytí může dojít, ale na druhou stranu máme za to, že městská část by měla nějakým způsobem participovat na kupní ceně. Protože městská část nemá dostatek finančních prostředků, tak je to řešeno formou zápůjčky. Není to úplně",0,855e8c7abe4c7621
marketa-vankova,Z9/05,76,"JUDr. Markéta Vaňková, primátorka: Tak, děkuji za doplnění. Nějaké další dotazy, případně debata k tomuto bodu? Není tomu tak, takže zahajuji hlasování k bodu č. 130): Hlasování č. 105: 42 - 0 - 5 - 2",0,855e8c7abe4c7621
marketa-vankova,Z9/05,77,"JUDr. Markéta Vaňková, primátorka: Ano, je to rozhodnutí porady vedení, někdy z minulého, nebo z předminulého týdne, a blíže asi pan radní Aberl, který má na starosti sport.",0,855e8c7abe4c7621
marketa-vankova,Z9/05,77,"JUDr. Markéta Vaňková, primátorka: Vypadá to, že k tomuto tématu, nebo eště se hlásí pan zastupitel Koláčný, tak eště předpokládám, že to bude ke stejnému tématu, takže má slovo.",0,855e8c7abe4c7621
marketa-vankova,Z9/05,78,"JUDr. Markéta Vaňková, primátorka: V tuto chvíli asi nevidím už k tomuto tématu nikoho, takže dávám slovo paní zastupitelce Flamikové.",0,855e8c7abe4c7621
marketa-vankova,Z9/05,79,"JUDr. Markéta Vaňková, primátorka: K tomu prvnímu dotazu, Jaselská, kácení stromů, veřejný prostor, tak se hlásil pan radní Bořecký.",0,855e8c7abe4c7621
marketa-vankova,Z9/05,79,"JUDr. Markéta Vaňková, primátorka: K těm ostatním 3 dotazům bude odpovězeno písemně. Tak, nyní pan zastupitel Lahoda.",0,855e8c7abe4c7621
marketa-vankova,Z9/05,79,"JUDr. Markéta Vaňková, primátorka: Tak, pan radní Bořecký s odpovědí.",0,855e8c7abe4c7621
marketa-vankova,Z9/05,79,"JUDr. Markéta Vaňková, primátorka: Tak, ještě pan náměstek Černý.",0,855e8c7abe4c7621
marketa-vankova,Z9/05,80,"JUDr. Markéta Vaňková, primátorka: Tak, děkujeme za pochvalu, dívám se a vidím pana vedoucího, který se usmívá, takže jedno velké pozitivum dnešního dne. Takže děkujeme za pochvalu, děkujeme panu vedoucímu za přístup, který zvolil, a slovo má pan zastupitel Kment.",0,855e8c7abe4c7621
marketa-vankova,Z9/05,80,"JUDr. Markéta Vaňková, primátorka: Pan předseda představenstva tady není, takže dávám slovo panu radnímu Kratochvílovi.",0,855e8c7abe4c7621
marketa-vankova,Z9/05,81,"JUDr. Markéta Vaňková, primátorka: Paní zastupitelka Drápalová, nevím, jestli chce ještě reagovat?",0,855e8c7abe4c7621
marketa-vankova,Z9/05,83,"JUDr. Markéta Vaňková, primátorka: Tak, v tuto chvíli nevidím nikoho přihlášeného a jenom, protože jsem v tuto chvíli byla jenom takovým pasivním posluchačem té diskuse, tak co mě nezaujalo nejvíce? Matěji, nepsaná ustanovení ujednání koaliční smlouvy, to si skutečně nedovedu představit, jaká by byla, a pokud by i byla, což já, za sebe, říkám, že nejsou, pokud jsem byla jedním z vyjednavačů, tak netuším, jak by ses k nim mohl dostat? Tak to možná si někdy, zákulisně, můžeme říci, jak si představuješ, že by k něčemu takovému mohlo dojít.",0,855e8c7abe4c7621
marketa-vankova,Z9/05,83,"JUDr. Markéta Vaňková, primátorka, ukončila zasedání Zastupitelstva města Brna (ve 12:00 hod.).",0,855e8c7abe4c7621
marketa-vankova,Z9/07,1,"Zasedání zahájila a řídila primátorka města Brna JUDr. Markéta Vaňková (dále jen JUDr. Markéta Vaňková, primátorka).",0,736feb627c8ee927
marketa-vankova,Z9/07,1,"JUDr. Markéta Vaňková, primátorka, upozornila na skutečnost, že jednání Zastupitelstva města Brna je audiovizuálně přenášeno prostřednictvím internetových stránek města a přenos je zaznamenáván, archivován a následně bude zveřejněn.",4,736feb627c8ee927
marketa-vankova,Z9/07,1,"JUDr. Markéta Vaňková, primátorka, sdělila, že při prezenci členové Zastupitelstva města Brna obdrželi: • doplněk k bodu 114), který byl dne 15. 5. 2023 vložen na chráněné internetové datové úložiště • materiál k bodu, který nově navrhl k zařazení do programu jednání člen Zastupitelstva města Brna, Bc. Matěj Hollan • Výpis usnesení Finančního výboru Zastupitelstva města Brna k bodům projednávaným na tomto zasedání, který byl dne 15. 5. 2023 vložen na chráněné internetové datové úložiště • Informativní zprávu – Podání adresovaná Zastupitelstvu města Brna, která byla dne 15. 5. 2023 včetně vlastních podání vložena na chráněné internetové datové úložiště. Podání ZMB byla rovněž k dispozici v listinné formě ve složce „K nahlédnutí pro členy ZMB“ v jednacím sálu • Informace o hlasování členů Rady města Brna neuvedené v předložených materiálech k bodům programu Zastupitelstva města Brna č. Z9/07",2,736feb627c8ee927
marketa-vankova,Z9/07,2,"Schválení programu zasedání Zastupitelstva města Brna č. Z9/07 JUDr. Markéta Vaňková, primátorka, zdůvodnila tyto změny programu:",0,736feb627c8ee927
marketa-vankova,Z9/07,2,"JUDr. Markéta Vaňková, primátorka, upozornila, že: - v názvu bodu 18) se upravuje text: z kapitálových výdajů Odboru sportu MMB na kapitálových výdajů Odboru investičního MMB, a k uvedené úpravě sdělila, že nemá vliv na text usnesení.",4,736feb627c8ee927
marketa-vankova,Z9/07,2,"Poté JUDr. Markéta Vaňková, primátorka, nechala hlasovat o návrzích na změny v programu zasedání Zastupitelstva města Brna, které uvedla v rámci Technického bodu.",-3,736feb627c8ee927
marketa-vankova,Z9/07,6,"JUDr. Markéta Vaňková, primátorka, informovala o průběhu výběrového řízení na funkci ředitele/ky DROM, romské středisko, a představila Ing. Jiřího Frolce, kterého Rada města Brna jmenovala do této funkce s účinností od 17. 4. 2023. Dotazy vzneseny nebyly.",0,736feb627c8ee927
marketa-vankova,Z9/07,6,"Dále JUDr. Markéta Vaňková, primátorka, informovala o průběhu výběrového řízení na funkci vedoucí/ho Odboru registru vozidel a řidičů MMB a představila Mgr. Jana Ireina, kterého Rada města Brna jmenovala do této funkce s účinností od 1. 5. 2023. Dotazy vzneseny nebyly.",0,736feb627c8ee927
marketa-vankova,Z9/07,6,"Úvodem JUDr. Markéta Vaňková, primátorka, uvedla, že členové Zastupitelstva města Brna k tomuto bodu obdrželi materiál včetně platného volebního řádu pro veřejnou volbu provedenou hlasovacím zařízením.",0,736feb627c8ee927
marketa-vankova,Z9/07,6,"JUDr. Markéta Vaňková, primátorka – nejprve nechala hlasovat o 1. části usnesení dle předloženého materiálu k bodu 5) ve znění: Zastupitelstvo města Brna bere na vědomí - rezignaci Mgr. Jasny Flamikové na funkci členky Výboru pro národnostní menšiny Zastupitelstva města Brna, - Volební řád pro volbu neuvolněných předsedů, místopředsedů a členů výborů Zastupitelstva města Brna schválený na Z9/02. zasedání Zastupitelstva města Brna konaném dne 15. 11. 2022: Hlasování č. 6: 49 - 0 - 0 - 0",-3,736feb627c8ee927
marketa-vankova,Z9/07,6,"JUDr. Markéta Vaňková, primátorka, upozornila, že podle čl. 5 odst. 2 Volebního řádu pro volbu neuvolněných předsedů, místopředsedů a členů výborů Zastupitelstva města Brna členem volební komise nemůže být kandidát na funkce volené dle tohoto volebního řádu. Poté vyzvala přítomné",4,736feb627c8ee927
marketa-vankova,Z9/07,7,"členy Zastupitelstva města Brna k podání návrhů na členy volební komise. Ing. Jana Drápalová navrhla Mgr. Jasnu Flamikovou, Ing. Karin Podivinská, náměstkyně primátorky, navrhla Petra Bauera, doc. MUDr. Tomáš Skřička, CSc., navrhl Mgr. Bc. Blanku Borovskou a Mgr. Pavel Outrata navrhl Mgr. Bc. Marka Viskota. Po právní konzultaci s JUDr. Hanou Doležalovou, vedoucí Právního oddělení Organizačního odboru MMB, že je přípustný sudý počet členů volební komise, nechala JUDr. Markéta Vaňková, primátorka, o návrzích na členy volební komise hlasovat.",6,736feb627c8ee927
marketa-vankova,Z9/07,7,"Volba člena/členky Výboru pro národnostní menšiny Zastupitelstva města Brna JUDr. Markéta Vaňková, primátorka, upozornila, že o usnesení se nehlasuje, je to konstatování výsledků uskutečněné volby, a požádala předsedu volební komise, aby se v souladu s volebním řádem ujal řízení volby.",8,736feb627c8ee927
marketa-vankova,Z9/07,8,"JUDr. Markéta Vaňková, primátorka – z důvodu časové prodlevy žádosti Mgr. Jasny Flamikové požádala o právní konzultaci JUDr. Hanu Doležalovou, vedoucí Právního oddělení Organizačního odboru MMB, která prohlásila, že zpochybnění hlasování by mělo být skutečně bezprostředně po hlasování, nicméně není to stanoveno zákonem, ale pouze jednacím řádem, takže pokud by byl všeobecný konsensus, dá se hlasovat opětovně. Mgr. Jasna Flamiková – vyjádřila svůj názor, že hlasování by mělo být zopakováno i v případě volby kandidáta Olega Beznosika.",4,736feb627c8ee927
marketa-vankova,Z9/07,8,"JUDr. Markéta Vaňková, primátorka – po právní konzultaci s JUDr. Hanou Doležalovou, vedoucí Právního oddělení Organizačního odboru MMB, prohlásila, že toto hlasování nebylo zpochybněno, a tudíž není nutné je opakovat.",0,736feb627c8ee927
marketa-vankova,Z9/07,8,"JUDr. Markéta Vaňková, primátorka – nechala tedy opětovně hlasovat o kandidátce JUDr. Kristýně Fuchsové.",0,736feb627c8ee927
marketa-vankova,Z9/07,9,"JUDr. Markéta Vaňková, primátorka: Jo, pardon, ještě pan radní Kratochvíl se hlásí s reakcí, tak vydržte, paní Hofmannová.",0,736feb627c8ee927
marketa-vankova,Z9/07,9,"JUDr. Markéta Vaňková, primátorka: Takže téma 30 máme v tuto chvíli za sebou. A poprosím tedy paní Hofmannovou.",0,736feb627c8ee927
marketa-vankova,Z9/07,10,"JUDr. Markéta Vaňková, primátorka: Určitě ano, samozřejmě, ráda si materiály převezmu, nastuduju si je, i s mými kolegy, a vyhodnotíme situaci a určitě se potkáme, ať už jenom samy spolu, anebo třeba ve formě setkání s celým vedením v rámci porady vedení. Takže děkuji za podklady.",0,736feb627c8ee927
marketa-vankova,Z9/07,11,"JUDr. Markéta Vaňková, primátorka: Jenom velmi rychlá reakce. To rozhodnutí je rozhodnutí státní správy, takže my, jako zastupitelé, s tím nemůžeme moc co dělat. Ale každopádně děkuji za příspěvek.",0,736feb627c8ee927
marketa-vankova,Z9/07,11,"JUDr. Markéta Vaňková, primátorka: Zeptám se, jestli je tady pan ředitel Havránek nebo pan ředitel? Je tady pan ředitel Havránek. A jestli je schopný reagovat na místě, tak ho poprosím.",0,736feb627c8ee927
marketa-vankova,Z9/07,12,"JUDr. Markéta Vaňková, primátorka: Ten ekonomický model, o kterém jste hovořili, tak my ho nazýváme spíše provozním modelem. Asi Vám, jako jednomu ze zaměstnanců, se ty informace nedonesly, nicméně ten provozní model byl poměrně podrobně projednán s paní ředitelkou Kučerovou a s panem náměstkem Fürlem, jestli se nemýlím, byl u toho také. Zodpověděli jsme si tam mnoho otázek, domluvili jsme se na tom, že z úrovně filharmonie nám mají být ještě nějaké věci upřesněny. Jestli se nemýlím, bylo to minulý týden, kdy na poradě vedení byl opět pan náměstek, domluvili jsme se, že nám ještě některé věci dodá písemně. Čekáme tedy na tyto výstupy ze strany Filharmonie Brno, pak přistoupíme k dalším krokům.",0,736feb627c8ee927
marketa-vankova,Z9/07,12,"JUDr. Markéta Vaňková, primátorka: Krátká reakce. Tam je zcela zásadní komunikace s Masarykovou univerzitou, která je v tuto chvíli uživatelem předmětných prostor a provozuje kino Scala, zjednodušeně řečeno. A jak jsme sdělili médiím, tak komunikace mezi námi a Masarykovou univerzitou probíhá vlastně od počátku, kdy se zjistil ten havarijní stav budovy. Hledáme samozřejmě náhradní řešení, ale, jak jsem řekla, vše záleží na dohodě s Masarykovou univerzitou. A v tuto chvíli postupujeme v souladu s ní.",0,736feb627c8ee927
marketa-vankova,Z9/07,12,"JUDr. Markéta Vaňková, primátorka: V tuto chvíli žádné závěry padnout nemohly, protože ještě není jasné, kdy a v jakém rozsahu bude rekonstrukce činěna. A to z toho důvodu, že ty základní, zásadní sondy, které nám odpoví tuto otázku, budou činěny v létě, protože vyžadují, aby v dané budově nebyl žádný provoz.",0,736feb627c8ee927
marketa-vankova,Z9/07,13,"JUDr. Markéta Vaňková, primátorka: Ano, je to přesně tak, jak říkáte, je to unikátní, nenahraditelný prostor. Proto jakékoliv náhradní prostory už nebudou tak unikátní. Právě proto, že jsou nenahraditelné. A o tom všem jednáme s Masarykovou univerzitou, poměrně intenzivně. Jinak platí vše, co jsem řekla předtím. Děkuji a poprosím dalšího občana.",0,736feb627c8ee927
marketa-vankova,Z9/07,14,"JUDr. Markéta Vaňková, primátorka: Vy jste tady byla opakovaně, my jsme spolu, i my dvě jsme spolu, i opakovaně, mluvily. Já znovu říkám, je to primárně záležitost městské části, Vy to sama vnímáte, víte, my, jako město, jsme tam měli omezené možnosti. Ale co je zcela zásadní, tak celý ten spor proběhl soudním řízením. Vy teď říkáte, že žádáte o obnovu řízení, samozřejmě máte prostě ty právní možnosti, jak postupovat. Ale pokud je tady prostě, z mého pohledu, rozsudek soudu, tak my, v tuto chvíli, do toho, jako město, zasahovat nemůžeme, protože prostě to prvotně bylo na základě jednání s městskou částí. Já jsem Vám doporučila, v té době, kdy jsme o tom spolu hovořily, že byste si měla najít právníka, i jsem Vám doporučila postup, jak tak učinit ve spolupráci s Českou advokátní komorou, abyste ty právní služby nemusela hradit, protože jsou možnosti, jak využít bezplatného právního poradenství. Toto všechno jsme spolu probraly. A v tuto chvíli my, jako zastupitelé města Brna, protože ten byt skutečně není v kompetenci města, je svěřen městské části, tak v tuto chvíli my s tím nic dělat nemůžeme. A bavili jsme se o tom opakovaně. Chodíte sem pravidelně, takže ty informace samozřejmě máme.",0,736feb627c8ee927
marketa-vankova,Z9/07,14,"JUDr. Markéta Vaňková, primátorka: Já se omlouvám, už se o tom bavíme poměrně dlouho a stále dokola. Já z toho udělám nějaký závěr. Je to primárně věc městské části, řešte to, pokud chcete nějaké mimosoudní vyrovnání, řešte to s městskou částí. Pokud Vám reálně hrozí, jako hrozí, jako že hrozí, že budete muset opustit tento byt, tak Vám doporučuji, a prosím Vás o to, navštivte naše Kontaktní místo pro bydlení na Malinovského náměstí. Je to přesně to místo a ta instituce, která Vám pomůže s Vaší bytovou situací. Řekne Vám, jaké máte možnosti, o co se můžete ucházet, jak Vám může být přidělen, případně, sociální byt, pokud na to budete splňovat kritéria, jaké máte prostě jiné možnosti. Je to prostě naše služba z úrovně města Brna, jak pracujeme s osobami, které potřebují pomoc v jakékoliv otázce ze strany bydlení. Takže, co se týče Vašeho stávajícího bytu, který užíváte, s městskou částí, pokud potřebujete pomoci, abyste nezůstala na ulici, prosím, jděte na Kontaktní místo pro bydlení, Malinovského náměstí. Pan starosta Maleček.",0,736feb627c8ee927
marketa-vankova,Z9/07,15,"JUDr. Markéta Vaňková, primátorka: Jasně. Paní Burešová, já myslím, že v tuto chvíli už stačilo skutečně. Jednak jste mnohokrát přetáhla ten limit stanovený jednacím řádem, jednak o tom případu skutečně víme jako poměrně hodně, z Vašich jako častých návštěv i z těch písemných podkladů, a platí to, co jsem prostě řekla už. Rozhodně nechceme, abyste zůstala na ulici. Kontaktní místo pro bydlení, je to náš, magistrátní prostě projekt, takže tam Vám pomůžou. A v tuto chvíli prostě nemá cenu se vracet do historie a hovořit o tom, jak to bylo s tou sítí. O tom bylo prostě rozhodnuto městskou částí, soudem a teď jsme prostě v nějaké další fázi. A skutečně už poprosím dalšího občana. Děkuji. Už dalšího občana poprosím. Děkuji.",0,736feb627c8ee927
marketa-vankova,Z9/07,15,"JUDr. Markéta Vaňková, primátorka: Poprosím o reakci, buď Katku Vorlíčkovou, případně Vám bude odpovězeno písemně. No, asi, jestli můžete, paní vedoucí, tak, tak pojďte.",0,736feb627c8ee927
marketa-vankova,Z9/07,15,"JUDr. Markéta Vaňková, primátorka: Dobře. Takže jednoduše řečeno, ve chvíli, kdy bude zahájeno výběrové řízení na zhotovitele stavby, jako takové, tak ve spolupráci s tím bude i výběr zhotovitele varhan. Přípravné kroky jsou učiněny.",0,736feb627c8ee927
marketa-vankova,Z9/07,15,"JUDr. Markéta Vaňková, primátorka: Víme, kolik bylo již vybráno?",0,736feb627c8ee927
marketa-vankova,Z9/07,16,"JUDr. Markéta Vaňková, primátorka: Jo. Takže 700.000 na varhany máme vybráno. Kolik je předpokládaná hodnota? Myslím, jsou to desítky milionů, že?",0,736feb627c8ee927
marketa-vankova,Z9/07,16,"JUDr. Markéta Vaňková, primátorka: Dobře. Takže tímto prosím všechny podporovatele Janáčkova kulturního centra, že by možná mohli přispět více. Ani ten koncert, který byl zmiňován, nebyl plně vyprodán. Takže, tak, jak, budeme rádi za každou korunu. Takhle jednoduše to řeknu. Děkuju. V tuto chvíli mně to takto stačí. Pan zastupitel Hladík.",0,736feb627c8ee927
marketa-vankova,Z9/07,16,"JUDr. Markéta Vaňková, primátorka: Pan náměstek Suchý říká – máme, zařídíme, předáme. Určitě i na Váš zastupitelský klub. Tak, nevidím žádného dalšího občana, jestli je tomu tak? Takže můžeme skončit bod č. 2) a můžeme přistoupit k bodu č. 6).",0,736feb627c8ee927
marketa-vankova,Z9/07,16,"JUDr. Markéta Vaňková, primátorka: Otevírám diskusi a zároveň se sama do diskuse zapojuji, když konstatuji, že oproti materiálu, který Vám byl předložen, je navrhováno ještě jeho doplnění, nikoliv usnesení, ale ve vyhlášce samotné, a to v článku 1, kdy se, kdy se tedy mají vložit nové případy. Je tam 2x PonavaFest a nově bychom tam vložili ještě Koncert SUM 41, který by se konal z 12. na 13. 6., a vymezení doby nočního klidu by bylo od 23:00 hod. do 6:00 hod. do rána. Je to v katastrálním území Pisárky, neboli, jestli se nemýlím, mělo by to být na výstavišti. Jo. Je to na výstavišti. A tuto žádost jsme dostali včera, během dne, proto to načítám takto, přímo na jednání zastupitelstva. A nyní tedy, jak jsem říkala, otevírám diskusi. Není nikdo přihlášený, takže zahájím hlasování a jenom tedy opakuji, usnesení se nemění, ale v rámci vyhlášky, jako takové, se připojí jedna akce, kterou jsem nadefinovala. Zahajuji hlasování: Hlasování č. 13: 49 - 0 - 0 - 2",0,736feb627c8ee927
marketa-vankova,Z9/07,17,"JUDr. Markéta Vaňková, primátorka: Já jenom pár krátkých poznámek. Vy jste, pane zastupiteli, sám říkal, že jste ten akční plán vypracoval již v tom volebním období, kdy jste měl možnost být radním pro sociální záležitosti. Ani",0,736feb627c8ee927
marketa-vankova,Z9/07,19,"JUDr. Markéta Vaňková, primátorka: Tak já myslím, že tečku tomu dám já, pokud se někdo další nepřihlásí. Pane zastupiteli, já bych Vám chtěla říct, platí vše, co jsem řekla předtím. My prostě, naše koalice, i ta předchozí koalice, ty předchozí 4 roky, děláme v sociální oblasti skutečně velké množství práce, aktivit. Myslím si, že rozhodně Brno by nemělo být označováno za město, které se nevěnuje sociálním případům. Osoby bez domova jsou samozřejmě jedna z těch výtečí, nebo výseků těch sociálně ohrožených osob. I vůči tadytéto skupině osob mám za to, že děláme poměrně velké množství aktivit, i ve srovnání s jinými městy. V projektech zabydlování pokračujeme, to už jsem řekla, to nebudu opakovat. A teď to důležité na závěr. Pane zastupiteli, je zřejmé, že máme na některé věci rozdílné názory. Máme jiné životní postoje, máme určitý světonázor. Je jako těžko zhodnotit, který je lepší, protože to se asi objektivně, asi zhodnotit nedá. Já jenom tady, z tohoto místa říkám, že já svoji funkci primátorky, se vším, co to obnáší, vykonávám nejlépe, jak umím, ve prospěch všech občanů města Brna. Tudíž nejen těch, kteří mě zvolili, ale skutečně ve prospěch všech občanů města Brna. A já si myslím, že pokud byste někdy měl tu možnost a seděl byste tadyvtomto křesle a měl tu možnost rozhodovat o směřování Brna, tak že to budete také dělat ve prospěch všech občanů města Brna, tak, aby byli spokojeni a aby tadyvtom městě rádi žili. A znovu opakuji, já to dělám nejlíp, jak umím, a jsem přesvědčena o tom, že žádné zásadní chyby neděláme. Tak. A pokud není nikdo další přihlášený do diskuse, tak můžeme přistoupit k hlasování o návrhu Matěje Hollana, který zní: Ukládá náměstkovi pro, Zastupitelstvo města Brna ukládá náměstkovi pro sociální oblast, JUDr. Robertu Kerndlovi, a náměstkyni pro bydlení, Ing. Karin Podivinské, předložit na příštím zasedání zastupitelstva Akční plán ukončování bezdomovectví. Zahajuji hlasování: Hlasování č. 15: Neplatné hlasování",2,736feb627c8ee927
marketa-vankova,Z9/07,19,"JUDr. Markéta Vaňková, primátorka: Paní zastupitelka Ivičičová se hlásí?",0,736feb627c8ee927
marketa-vankova,Z9/07,19,"JUDr. Markéta Vaňková, primátorka: Dobře, takže končím hlasování a zahajujeme hlasování znovu. Zahajuji hlasování: Hlasování č. 16: 4 - 7 - 20 - 18",0,736feb627c8ee927
marketa-vankova,Z9/07,19,"JUDr. Markéta Vaňková, primátorka: Návrh nebyl přijat. A nyní budeme hlasovat o materiálu, tak jak byl navržen. Zahajuji hlasování: Hlasování č. 17: 43 - 0 - 4 - 3",2,736feb627c8ee927
marketa-vankova,Z9/07,22,"JUDr. Markéta Vaňková, primátorka: Poprosím pana Geislera o reakci.",0,736feb627c8ee927
marketa-vankova,Z9/07,23,"JUDr. Markéta Vaňková, primátorka: Nikdo další se nehlásí, vypadá to tedy, že odpověď byla dostačující. Takže zahajuji hlasování: Hlasování č. 25: 38 - 7 - 2 - 4",0,736feb627c8ee927
marketa-vankova,Z9/07,23,"JUDr. Markéta Vaňková, primátorka: Součástí rozpočtu byla nižší částka, tadytoto bylo požadované navýšení tak, aby ta akce mohla probíhat ve větším rozsahu, než tomu bylo obvyklé v předchozích letech, s tím, že už minulý rok, 2022, ten větší rozsah byl dán. Ale i loňského roku jsme to zapojovali do rozpočtu až v průběhu roku. Činíme tak nyní stejně. Není nikdo další přihlášený, zahajuji hlasování: Hlasování č. 27: 44 - 0 - 5 - 2",0,736feb627c8ee927
marketa-vankova,Z9/07,25,"JUDr. Markéta Vaňková, primátorka: Multifunkční hala, jak už vyplývá z jejího názvu, je stavbou jak pro sport, tak pro kulturu. V rámci sportu je asi pro 30 sportovních odvětví, jedno z nich je lední hokej. Nepředpokládáme tedy, že by se veškerá činnost a aktivity hokejového klubu Kometa měly přenést do multifunkční haly. To by bylo naprosto mimo vlastně to základní poslání a účel multifunkční haly, neboli odpověď je - v Rondu i nadále bude působit hokejový klub Kometa. Nějaké další dotazy? Pokud nejsou, tak zahajuji hlasování: Hlasování č. 32: 47 - 0 - 1 - 3",0,736feb627c8ee927
marketa-vankova,Z9/07,25,"JUDr. Markéta Vaňková, primátorka: Jedno z hlavních kritérií bylo to, že se tam bude pořádat mistrovství Evropy. Nějaké další dotazy? Pan zastupitel Skřička.",0,736feb627c8ee927
marketa-vankova,Z9/07,25,"JUDr. Markéta Vaňková, primátorka: Nikdo další není přihlášený, zahajuju hlasování: Hlasování č. 33: 48 - 0 - 1 - 2",0,736feb627c8ee927
marketa-vankova,Z9/07,29,"JUDr. Markéta Vaňková, primátorka: Dobře. A vnímám to tak, když se dívám na usnesení, že tedy žádáte o oddělené hlasování v rámci celé té tabulky? Tak můžete to nějak blíž specifikovat? Aspoň pokud hovoříte o církvích, jestli aspoň můžeme sloučit některé ty žadatele? Zkuste si to, prosím, písemně nějak připravit a já dám mezitím prostor, teda myslela jsem, že dám prostor, ale mezitím se pan zastupitel Hollan odhlásil.",0,736feb627c8ee927
marketa-vankova,Z9/07,29,"JUDr. Markéta Vaňková, primátorka: Jo, jo, jo, vnímám, tak. Tak, někdo další do diskuse? Pokud tomu tak není, tak já se jenom teďka podívám na usnesení, jo. Takže bychom teď tedy hlasovali odděleně, jako kdyby o tom tedy bodu 1, podbodu 1, poskytnutí neinvestičních dotací, a bude to žadatelům uvedených v tabulce pod body, a teď budeme tedy hlasovat o bodech 1 a 2, dohromady. Takže zahajuji hlasování, žadatelé 1-2: Hlasování č. 41: 47 - 0 - 0 - 4",0,736feb627c8ee927
marketa-vankova,Z9/07,29,"JUDr. Markéta Vaňková, primátorka: Usnesení bylo přijato, vůči žadatelům 1 a 2. Nyní budeme hlasovat to stejné vůči žadatelům 3-14, uvedeným v tabulce. Takže zahajuji hlasování: Hlasování č. 42: 44 - 0 - 5 - 2",0,736feb627c8ee927
marketa-vankova,Z9/07,29,"JUDr. Markéta Vaňková, primátorka: I toto usnesení bylo přijato. A nyní budeme hlasovat dohromady o žadatelích 5-19. Zahajuji hlasování: Hlasování č. 43: 49 - 0 - 0 - 2",0,736feb627c8ee927
marketa-vankova,Z9/07,29,"JUDr. Markéta Vaňková, primátorka: Usnesení bylo přijato. Vzhledem k tomu, že prošla všechna 3 hlasování, znamená to, že vlastně bylo schváleno, jako celek, i to usnesení 1, podbod 1. To znamená, nemusíme dělat žádné úpravy v podbodu 2 a 3, to znamená, nechávám v tuto chvíli hlasovat o podbodech 2 a 3 dohromady, tak jak byly navrženy. Zahajuji hlasování: Hlasování č. 44: 44 - 0 - 5 - 2",0,736feb627c8ee927
marketa-vankova,Z9/07,32,"JUDr. Markéta Vaňková, primátorka: Dobře. Takže 5minutová pauza.",0,736feb627c8ee927
marketa-vankova,Z9/07,32,"JUDr. Markéta Vaňková, primátorka: Takže můžeme přistoupit k hlasování o návrhu Moniky Lukášové Spilkové, která, který spočívá v tom, že v části 2 usnesení bude – schvaluje ve výši 90.000 Kč. Teď se ukáže soudržnost koalice a opozice. Zahajuji hlasování: Hlasování č. 51: 36 - 1 - 10 - 4",2,736feb627c8ee927
marketa-vankova,Z9/07,32,"JUDr. Markéta Vaňková, primátorka: Usnesení bylo schváleno tadyvtomto znění. Děkuji. A budeme eště v tuto chvíli tedy hlasovat, což jsem mohla možná nechat hlasovat předtím, ale to nevadí, o té 1, to znamená – bere na vědomí žádost o prominutí povinnosti, odvodu a tak dále. Zahajuji hlasování: Hlasování č. 52: 43 - 0 - 6 - 2",0,736feb627c8ee927
marketa-vankova,Z9/07,36,"JUDr. Markéta Vaňková, primátorka: Není nikdo další přihlášený, zahajuji hlasování: Hlasování č. 62: 44 - 0 - 5 - 2",0,736feb627c8ee927
marketa-vankova,Z9/07,36,"JUDr. Markéta Vaňková, primátorka – vyhlásila v souladu s Jednacím řádem Zastupitelstva města Brna přestávku v jednání do 11:00 hod.",0,736feb627c8ee927
marketa-vankova,Z9/07,37,"JUDr. Markéta Vaňková, primátorka – přistoupila k projednávání bodu 51) dle schváleného programu zasedání Zastupitelstva města Brna.",0,736feb627c8ee927
marketa-vankova,Z9/07,37,"JUDr. Markéta Vaňková, primátorka: Někdo další do diskuse? Není tomu tak, zahajuji hlasování: Hlasování č. 64: 44 - 0 - 6 - 1",0,736feb627c8ee927
marketa-vankova,Z9/07,38,"JUDr. Markéta Vaňková, primátorka: Prosím o reakci pana vedoucího Pospíška.",0,736feb627c8ee927
marketa-vankova,Z9/07,39,"JUDr. Markéta Vaňková, primátorka: Tak, nikdo další se nehlásí, hlásí. Pan zastupitel Kment.",0,736feb627c8ee927
marketa-vankova,Z9/07,39,"JUDr. Markéta Vaňková, primátorka: Tak poprosím, příště, při přípravě toho materiálu tam uvádět víc podrobností. Někdo další do diskuse? Není tomu tak. Zahajuji hlasování: Hlasování č. 67: 39 - 0 - 9 - 3",0,736feb627c8ee927
marketa-vankova,Z9/07,39,"JUDr. Markéta Vaňková, primátorka: Reakce pan radní Bořecký.",0,736feb627c8ee927
marketa-vankova,Z9/07,41,"JUDr. Markéta Vaňková, primátorka: Jak už bylo opakovaně řečeno, my jsme se na radě města, nebo respektive, ona to byla porada, možná rada, nevím, dohodli, že tento projekt bude představen na Sněmu starostů, aby mohli všichni starostové se rozhodnout, jestli se chtějí do tohoto projektu připojit, nebo ne. V tuto chvíli se ten projekt týká těch městských částí, které byly označeny. Není nikdo další přihlášený? Zahajuji hlasování: Hlasování č. 68: 50 - 0 - 0 - 0",0,736feb627c8ee927
marketa-vankova,Z9/07,41,"JUDr. Markéta Vaňková, primátorka: Děkuji za doplnění. Samozřejmě ta skutečnost, jestli některá městská část pořídí tadytuto movitou věc z vlastních prostředků, bez dotací, je přínosná. Zahajuji hlasování: Hlasování č. 69: 49 - 0 - 1 - 0",0,736feb627c8ee927
marketa-vankova,Z9/07,42,"JUDr. Markéta Vaňková, primátorka: Nikdo další není přihlášený, zahajuji hlasování: Hlasování č. 70: 47 - 0 - 2 - 1",0,736feb627c8ee927
marketa-vankova,Z9/07,43,"JUDr. Markéta Vaňková, primátorka: Tak, možná škoda, mohli jsme se i pobavit. Nicméně v tomto názoru se asi neshodneme. My, nebo pokud mluvím za sebe, tak podporujeme aktivity Knihovny Jiřího Mahena, máme za to, že veškeré aktivity, i ty, které nejdou s tím mainstreamem, tak jsou vhodné právě proto, aby děti a dospívající měli dostatek informací. Ale nevidím na tom nic špatného, že máme prostě na tuto věc rozdílný názor. Pan zastupitel Skřička.",0,736feb627c8ee927
marketa-vankova,Z9/07,43,"JUDr. Markéta Vaňková, primátorka: Tak, dnes to máme i s vtipem. Je někdo další přihlášený do diskuse k tomuto tématu? K tomuto bodu není nikdo, zahajuji hlasování: Hlasování č. 72: 43 - 1 - 4 - 2",0,736feb627c8ee927
marketa-vankova,Z9/07,44,"JUDr. Markéta Vaňková, primátorka: Poprosím paní náměstkyni Podivinskou.",0,736feb627c8ee927
marketa-vankova,Z9/07,45,"JUDr. Markéta Vaňková, primátorka: Tak. Nikdo další se nehlásí do diskuse, zahajuji hlasování: Hlasování č. 73: 40 - 0 - 9 - 2",0,736feb627c8ee927
marketa-vankova,Z9/07,47,"JUDr. Markéta Vaňková, primátorka: Tak já si myslím, asi nevím, jestli má cenu se do toho pouštět, ale myslím si, že je to jasné. Buď je tam smlouva na dobu neurčitou, historicky, u nově přidělovaných bytů v naprosté většině se dává už pouze doba určitá, která se následně prodlužuje, pokud ten nájemce plní svoje podmínky, nebo podmínky, které má dané k nájmu. Myslím si, že všechny městské části se snaží s tím bytovým fondem hospodařit tak, aby u těch nájemců, které, kteří neplní své povinnosti, tak měly jednodušší možnost ukončení toho nájemního vztahu, ale prostě i v souladu s naším právním řádem. Prostě někdy ty cesty nejsou úplně jednoduché. Takže asi, nebo za mě, prostě si nemyslím, že by město a městské části v tuto chvíli mohly dělat výrazně víc, než dělají. A bohužel někdy to končí tadytakto, že než podstupovat dlouhý spor, byli jsme tady toho dnes i vlastně svědkem, jak může dopadnout nějaký spor s nájemcem, kdy je dána výpověď, následně je to řešeno soudem, tak, prostě nemá to někdy rychlé a jednoduché řešení. Takže, takže myslím si, že, tak jak je to nastaveno, tak je to správně. Někdo další do diskuse? Není tomu tak, zahajuji hlasování: Hlasování č. 78: 40 - 0 - 11 - 0",0,736feb627c8ee927
marketa-vankova,Z9/07,53,"JUDr. Markéta Vaňková, primátorka – navrhla společně hlasovat o bodech 74) – 83) vztahujících se k prodejům pozemků a částí pozemků.",4,736feb627c8ee927
marketa-vankova,Z9/07,53,"JUDr. Markéta Vaňková, primátorka – přistoupila ke společnému hlasování o bodech 75) – 83).",0,736feb627c8ee927
marketa-vankova,Z9/07,55,"JUDr. Markéta Vaňková, primátorka – navrhla společné hlasování o bodech 84) – 89) vztahujících se k nabytí pozemků a částí pozemků.",4,736feb627c8ee927
marketa-vankova,Z9/07,57,"JUDr. Markéta Vaňková, primátorka – navrhla společně hlasovat o bodech 91) a 92) vztahujících se k nabytí komunikačních staveb.",4,736feb627c8ee927
marketa-vankova,Z9/07,58,"JUDr. Markéta Vaňková, primátorka – navrhla společné hlasování o bodech 93) a 94) vztahujících se k bezúplatnému nabytí pozemků.",4,736feb627c8ee927
marketa-vankova,Z9/07,59,"JUDr. Markéta Vaňková, primátorka – navrhla společně hlasovat o bodech 95) – 100) vztahujících se k nabídkám předkupních práv ke stavbám.",4,736feb627c8ee927
marketa-vankova,Z9/07,59,"JUDr. Markéta Vaňková, primátorka – přistoupila ke společnému hlasování o bodech 96) a 97).",0,736feb627c8ee927
marketa-vankova,Z9/07,67,"JUDr. Markéta Vaňková, primátorka: Tak, nejsou žádné další podněty do diskuse, zahajuji hlasování: Hlasování č. 103: 48 - 0 - 1 - 1",0,736feb627c8ee927
marketa-vankova,Z9/07,67,"JUDr. Markéta Vaňková, primátorka: Děkuji za podnět, zpracovatel určitě vnímá. Nikdo další není přihlášený, zahajuji hlasování: Hlasování č. 104: 40 - 0 - 7 - 3",0,736feb627c8ee927
marketa-vankova,Z9/07,69,"JUDr. Markéta Vaňková, primátorka: Než dám prostor k diskusi, tak jenom konstatuji, že tento materiál projednala včerejší mimořádná Rada města Brna a podpořila variantu A, v rámci variant. A dále ještě upozorňuji, že máte k dispozici doplněnou důvodovou zprávu. A nyní pan zastupitel Zemek. Mgr. Adam Zemek: Já bych chtěl navrhnout, jestli by se nemohlo nejdříve hlasovat o variantě B, protože my máme za to, že developer, který vlastní pozemky v hodnotě stovek milionů až miliard, je velice silný partner a není potřeba, aby město tomuto developerovi takovýmto způsobem vycházelo vstříc, když není schopen dodržovat závazky, které plynou ze smlouvy, kterou uzavřel s městem Brnem.",0,736feb627c8ee927
marketa-vankova,Z9/07,69,"JUDr. Markéta Vaňková, primátorka: Jenom velice krátká reakce. My jsme to debatovali poměrně podrobně, my jsme to z jedné rady stahovali, pak jsme to znovu zařazovali. Obecně jsme proti promíjení smluvních pokut. Měli jsme tady dnes i jeden materiál, kde jsme takto také hlasovali. Ten důvod, proč nyní se rada rozhodla podpořit variantu A, je ten, že my jsme v těch smlouvách, které byly uzavírány, tak jsme uplatňovali, nebo dávali jsme do těch smluv při jednání s těmi jednotlivými investory právě tadytu povinnost bankovní záruky. Vlastně formou, nebo tou cestou uzavírání tadytěchto smluv jdeme přibližně, prostě, nechci teď říct, ať to není v záznamu špatně, ale prostě není to úplně dlouhá doba. A v rámci tadytéto doby jsme ve spolupráci s investory dospěli k tomu, že některá ta ustanovení nejsou úplně optimální. A jedno z těch ustanovení, která, které s těmi investory bylo poměrně hojně diskutováno, bylo právě to ustanovení o povinnosti mít bankovní záruku. Protože v té smlouvě jsou další, jiné možnosti záruk toho, že ta druhá smluvní strana má splnit ty svoje závazky. Takže my jsme dospěli k tomu závěru, že u nově uzavíraných smluv již nebude toto ustanovení do těch smluv aplikováno. Není to v zásadách. My máme schváleny ty zásady s investory, tam se této problematice vůbec nevěnujeme, takže není potřeba, z tohodle pohledu, ty zásady měnit. Nicméně jsme dospěli k tomu, jak jsem již řekla, při jednání s investory, kdy jsme vlastně hodnotili, jak vlastně tato spolupráce probíhá, že tadyto ustanovení, o těch bankovních zárukách, prostě je nadbytečné. A z toho důvodu, právě v tomto případě, navrhujeme prominutí, protože už do budoucna to po dalších investorech chtít nebudeme. To znamená, ten argument, který uvádí tento investor, nám připadá takový, že je možno mu vyhovět. Takže to jenom na zdůvodnění. Ono je to v tom doplnění té důvodové zprávy, ale možná ne tak podrobně, nebo možná, když to prostě řeknu vlastními slovy, tak to bude lépe pochopitelné. A teď jenom poprosím paní JUDr. Doležalovou o právní pomoc. Protože když jsou varianty, chápu, že když je, nebo chápu prostě, když je protinávrh, tak hlasujeme nejprve o protinávrhu. Ale u variant, nevím, jestli tam není ten princip jiný?",2,736feb627c8ee927
marketa-vankova,Z9/07,69,"JUDr. Markéta Vaňková, primátorka: Děkuji, pan zastupitel Zemek.",0,736feb627c8ee927
marketa-vankova,Z9/07,69,"JUDr. Markéta Vaňková, primátorka: Jasně, to je samozřejmě legitimní názor. Já možná jenom doplním, že uzavření té smlouvy je ryze na dobrovolnosti. A dále bych eště chtěla doplnit to, co jsem říkala předtím, že k tomu skutečně",0,736feb627c8ee927
marketa-vankova,Z9/07,70,"JUDr. Markéta Vaňková, primátorka: Takže tato část usnesení byla přijata. A nyní tedy, na návrh pana zastupitele Zemka, budeme hlasovat nejprve o variantě B, to znamená – nesouhlasí s prominutím smluvní pokuty. A já jenom opakuji, ještě jednou, že rada včera jednomyslně podpořila variantu A. Takže zahajuji hlasování o variantě B: Hlasování č. 109: 8 - 0 - 30 - 12",2,736feb627c8ee927
marketa-vankova,Z9/07,70,"JUDr. Markéta Vaňková, primátorka: Usnesení nebylo přijato. To znamená, nyní budeme hlasovat o variantě A, to znamená – souhlasí s prominutím slovní pokuty a tak dále. Zahajuji hlasování: Hlasování č. 110: 35 - 0 - 11 - 4",0,736feb627c8ee927
marketa-vankova,Z9/07,71,"JUDr. Markéta Vaňková, primátorka – v úvodu projednání bodu 118) sdělila, že Rada města Brna doporučila Ing. Bc. Pavla Pospíška, vedoucího Odboru dopravy MMB, k zastupování statutárního města Brna na valné hromadě obchodní společnosti Automotodrom Brno, a.s.",0,736feb627c8ee927
marketa-vankova,Z9/07,72,"JUDr. Markéta Vaňková, primátorka: Také děkuji, ale obecně jsem to řekla v rámci té odpovědi na, zaměstnanci filharmonie, a je to prostě tak. Pan zastupitel Lahoda.",0,736feb627c8ee927
marketa-vankova,Z9/07,73,"JUDr. Markéta Vaňková, primátorka: Bude odpovězeno písemně. Pan zastupitel Hollan.",0,736feb627c8ee927
marketa-vankova,Z9/07,74,"JUDr. Markéta Vaňková, primátorka, ukončila zasedání Zastupitelstva města Brna (ve 12:20 hod.).",0,736feb627c8ee927
marketa-vankova,Z9/06,1,"Zasedání zahájila a řídila primátorka města Brna JUDr. Markéta Vaňková (dále jen JUDr. Markéta Vaňková, primátorka).",0,e715158e17e939ea
marketa-vankova,Z9/06,1,"JUDr. Markéta Vaňková, primátorka, upozornila na skutečnost, že jednání Zastupitelstva města Brna je audiovizuálně přenášeno prostřednictvím internetových stránek města a přenos je zaznamenáván, archivován a následně bude zveřejněn.",4,e715158e17e939ea
marketa-vankova,Z9/06,1,"JUDr. Markéta Vaňková, primátorka, sdělila, že při prezenci členové Zastupitelstva města Brna obdrželi: • doplněk k bodu 6), který byl dne 3. 4. 2023 vložen na chráněné internetové datové úložiště • doplněk k bodu 7), který byl dne 3. 4. 2023 vložen na chráněné internetové datové úložiště • doplněk k bodu 23), který byl dne 3. 4. 2023 vložen na chráněné internetové datové úložiště • doplněk k bodu 45), který byl dne 3. 4. 2023 vložen na chráněné internetové datové úložiště • materiál k bodu 53), který byl dne 3. 4. 2023 vložen na chráněné internetové datové úložiště • materiál k nově navrženému bodu 112), který byl dne 3. 4. 2023 vložen na chráněné internetové datové úložiště • materiál k nově navrženému bodu 113), který byl dne 4. 4. 2023 vložen na chráněné internetové datové úložiště 1",0,e715158e17e939ea
marketa-vankova,Z9/06,2,"Schválení programu zasedání Zastupitelstva města Brna č. Z9/06 JUDr. Markéta Vaňková, primátorka, zdůvodnila tyto změny programu:",0,e715158e17e939ea
marketa-vankova,Z9/06,2,"Dále JUDr. Markéta Vaňková, primátorka, sdělila, že původně avizovaný bod 111) Záměr poskytnutí dotace České provincii Kongregace sester sv. Cyrila a Metoděje na výstavbu Cyrilometodějské mateřské školy Brno nebude navržen na zařazení z důvodu nepodání žádosti o dotaci ze strany Kongregace do integrovaného regionálního operačního programu.",0,e715158e17e939ea
marketa-vankova,Z9/06,2,"JUDr. Markéta Vaňková, primátorka, poté ještě navrhla předřadit projednání nově navrženého bodu 113) před bodem 5).",4,e715158e17e939ea
marketa-vankova,Z9/06,2,"JUDr. Markéta Vaňková, primátorka, upozornila, že: - do názvu bodu 14) se doplňuje text: návrh Zásad a Metodiky participativního rozpočtu statutárního města Brna, - v názvu bodu 20) se vypouští text: a zapojení Fondu rozvoje a rezerv, - u bodu 34) se upravuje název, který nově zní: Zapojení Fondu rezerv a rozvoje v souvislosti s poskytnutím účelových investičních a neinvestičních transferů městským částem na projektové dokumentace a realizace ploch zeleně - návrh rozpočtového opatření, - u bodu 48) se upravuje název, který nově zní: Návrh na poskytnutí individuální investiční dotace z rozpočtu města Brna na realizaci památníku deportovaným občanům z města Brna a okolních obcí v době nacistické okupace na 5. nástupišti hlavního nádraží; návrh rozpočtového opatření, - do názvu bodu 54) se doplňuje text: Zpětvzetí žaloby a, - v názvu bodu 80) se upravuje termín konání ZMB: z 25. 5. 2020 na 12. 5. 2020, a k uvedeným úpravám sdělila, že nemají vliv na texty usnesení.",6,e715158e17e939ea
marketa-vankova,Z9/06,3,"JUDr. Markéta Vaňková, primátorka: Děkuji, paní zastupitelko, předpokládám, že v souladu s jednacím řádem máte materiál pro nás k dispozici písemně?",0,e715158e17e939ea
marketa-vankova,Z9/06,4,"JUDr. Markéta Vaňková, primátorka: Děkuji. Pan zastupitel Prokeš.",0,e715158e17e939ea
marketa-vankova,Z9/06,4,"JUDr. Markéta Vaňková, primátorka: Tak. Já jsem Vám špatně rozuměla, hlásí se paní zastupitelka Drápalová, jenom upozorňuji, že v rámci Technického bodu, když je zařazování nových bodů, nebo návrh na zařazení nových bodů, tak se hlasuje bez rozpravy. Takže poprosím všechny, aby dodržovali tento procesní postup. A jenom, protože se přiznám, že jsem panu zastupiteli nerozuměla, tak jestli paní zastupitelka případně krátce zareaguje, pokud se to vztahovalo k definici toho usnesení. A pro případ dalších zastupitelstev, abychom byli komfortní, tak poprosím předkladatele, aby v souladu s jednacím řádem ty materiály měli písemně, což máte v 1 vyhotovení, ale je to nepříjemné, protože kdybyste to rozdali, tak jak bývá zvykem, všem zastupitelům, tak už by se každý zastupitel teď mohl podívat do návrhu usnesení a nemuseli jsme se tady zdržovat, vzájemně. Děkuji. Paní zastupitelka Drápalová",2,e715158e17e939ea
marketa-vankova,Z9/06,4,"JUDr. Markéta Vaňková, primátorka: Tak, děkuji. Nevidím nikoho dalšího přihlášeného, z toho důvodu budeme tedy v souladu s jednacím řádem nejprve hlasovat o návrhu na stažení bodů, tak jak jsem já navrhla, to znamená, jsou to body 76) a 77). Zahajuji hlasování: Hlasování č. 2: 50 - 0 - 0 - 2",6,e715158e17e939ea
marketa-vankova,Z9/06,4,"JUDr. Markéta Vaňková, primátorka: Návrh byl schválen. Nyní budeme samostatně hlasovat o zařazení bodů, které jsem navrhovala zařadit já, to znamená, jsou to body 110), 112) a 113). Zahajuji hlasování: Hlasování č. 3: 52 - 0 - 0 - 0",2,e715158e17e939ea
marketa-vankova,Z9/06,4,"JUDr. Markéta Vaňková, primátorka: Tyto body byly zařazeny. A nyní budeme jednotlivě hlasovat o návrhu na zařazení bodů, tak jak byly navrženy jednotlivými zastupiteli. Takže nejprve budeme hlasovat o zařazení bodu, který se vztahuje k participativnímu rozpočtu, a tedy bodu, který navrhovala paní zastupitelka Drápalová. Zahajuji hlasování: Hlasování č. 4: 17 - 1 - 28 - 6",2,e715158e17e939ea
marketa-vankova,Z9/06,5,"JUDr. Markéta Vaňková, primátorka: Bod nebyl zařazen. Nyní budeme hlasovat o návrhu na zařazení bodu ve vztahu k vlakové dopravě na vídeňské letiště, podle návrhu pana zastupitele Hollana. Zahajuji hlasování: Hlasování č. 5: 10 - 2 - 30 - 11",2,e715158e17e939ea
marketa-vankova,Z9/06,5,"JUDr. Markéta Vaňková, primátorka: Ani tento návrh na zařazení bodu nebyl schválen. Nyní tedy budeme hlasovat o programu jako celku. Zahajuji hlasování: Hlasování č. 6: 51 - 1 - 0 - 1",2,e715158e17e939ea
marketa-vankova,Z9/06,9,"JUDr. Markéta Vaňková, primátorka: Velmi rádi bychom řekli na plnou pusu něco jednoduchého. Věřte, že tak složitý právní problém, který je prodej těchto domů, nelze zjednodušit. A věřte, tak jak říkala paní náměstkyně Podivinská, že se tomu věnujeme poměrně intenzivně a že bychom i my byli nejradši, kdybychom mohli tento problém vyřešit. A tak jak, já Vás vidím, tak jak řekla paní náměstkyně Podivinská, máte svého právního zástupce, proto jste si ho zvolili. Je vhodné, nebo bylo by vhodné, abyste se vždy informovala u něj. On má ty nejaktuálnější informace. A velice krátce, protože už to není v souladu s jednacím řádem, abyste hovořila potřetí.",0,e715158e17e939ea
marketa-vankova,Z9/06,9,"JUDr. Markéta Vaňková, primátorka: Obecně bych chtěla říct, protože předpokládám, že příspěvků k Divadlu Bolka Polívky tady bude více, že se souhrnně vyjádřím v rámci bodu, který bude následovat ihned po bodu Dotazy, připomínky a podněty občanů.",0,e715158e17e939ea
marketa-vankova,Z9/06,11,"JUDr. Markéta Vaňková, primátorka: Tak, byť to vypadá, že nám k mikrofonu jde občan, tak tomu tak není, to je náš pan vedoucí odboru. Takže pokud je tady nějaký další občan, který chce hovořit, tak má prostor. Není tomu tak. Dobře, děkuji. Takže můžeme ukončit bod č. 2) a přejdeme k nově zařazenému bodu č. 113).",0,e715158e17e939ea
marketa-vankova,Z9/06,11,"JUDr. Markéta Vaňková, primátorka: A já na úvod tadytohoto bodu poprosím pana vedoucího Odboru investičního, pana Tomáše Pivce, aby zahájil projednání tohoto bodu informacemi o technickém stavu budovy, ve které se v tuto chvíli nachází Divadlo Bolka Polívky.",0,e715158e17e939ea
marketa-vankova,Z9/06,11,"JUDr. Markéta Vaňková, primátorka: Velmi děkuji, v tuto chvíli to takto stačí. Kdyby byly nějaké dotazy na technický stav, tak Vás, pane vedoucí, budu zase žádat o doplnění. Nyní dovolte mně, abych se k celé situaci vyjádřila. Bylo nyní, na začátku, řečeno, jak vlastně celý ten problém vznikl. Znovu bych chtěla upozornit na to, a připomenout, že nejde o nějaké zanedbání technického stavu, že my jsme naopak dlouhodobě připravovali rekonstrukci tadytéto budovy. A právě při zjišťování aktuálního stavu došlo, v únoru tohoto roku, k tomu, že jsme zjistili, že je tam havarijní stav, který si vyžádal zavření, jak divadla, tak kina Scala, ze dne na den. Od té doby velmi intenzivně řešíme, jak s danou situací dále naložit. Musím říci, že jsem ráda, že se podařilo nalézt řešení, že oba dva tyto subjekty, to znamená, jak Divadlo Bolka Polívky, tak kino Scala, může teď, byť v nějakém omezeném režimu, fungovat až do 30. června. Na druhé straně, oba dva tyto subjekty stále mají nad sebou tu hrozbu, že pokud se ta situace zhorší, budou muset z hodiny na hodinu zavřít. Tím, že jsme věděli, že nepůjde tedy o rekonstrukci plánovanou, tak jak tomu bylo ještě před tím únorem tohoto roku, bylo potřeba řešit",0,e715158e17e939ea
marketa-vankova,Z9/06,13,"JUDr. Markéta Vaňková, primátorka: Toto byl úkol, který nám měl zodpovědět vrcholný manažer Národního divadla Brno, a zatím, jak jsem řekla, nemáme všechny adekvátní informace pro další rozhodnutí.",0,e715158e17e939ea
marketa-vankova,Z9/06,13,"JUDr. Markéta Vaňková, primátorka: Tak, chce pan zastupitel Hollan pokračovat? Protože mezitím už je přihlášený někdo jiný do diskuse. Tak, Matěji?",0,e715158e17e939ea
marketa-vankova,Z9/06,15,"JUDr. Markéta Vaňková, primátorka: Já poprosím, buď pana vedoucího Pivce, nebo Radka Řeřichu, jestli mají teď aktuální informace o jednání se spoluvlastníkem? Nemají.",0,e715158e17e939ea
marketa-vankova,Z9/06,17,"JUDr. Markéta Vaňková, primátorka: Já tady jenom úplně krátká reakce. A znovu jako, obecně, se o to pokusím, jo? Skutečně my hledáme prostor, kde bude moct Divadlo Bolka Polívky fungovat od 1. září. Optimálně bychom skutečně chtěli, aby v tom prostoru, do kterého přijde, tak mohl pokračovat. Byť tady samozřejmě padají ty argumenty, že se za 3, za 4, za 5, možná za 6 let bude moct vrátit na Jakubské náměstí, tak si myslím, že pro divadlo dočasnost trvající 5 let prostě není už žádná dočasnost. Dočasnost by to byly ty 2 roky, které jsme původně plánovali. A samozřejmě varianty, jako třeba Králíkovo divadlo, jsme také prověřovali. Ale to jsou všechno, nebo jsme o nich uvažovali, ale to jsou všechno věci, které si vyžádají, nebo by vyžádali, jednak výrazné finanční prostředky, víme, jaký je problém s Králíkovým divadlem, a rozhodně by se nám nepodařilo prostě tu scénu připravit k 1. září. Což je i problém toho Sálu Břetislava Bakaly. Což znovu opakuji, je v tuto chvíli preferovaná varianta, ale nevíme jistě, a intenzivně na tom pracujeme, jestli ten sál bude připraven do té divadelní podoby. Protože v tuto chvíli to není divadelní podoba k 1. září. Tak to jenom na upřesnění. A skutečně, byť si mnozí můžou myslet mnohé, tak těch různých variant, které by přicházely do úvahy, jsme skutečně zvažovali poměrně velké množství, jak z úrovně Odboru kultury, tak z úrovně Odboru investičního. A skutečně se snažíme nalézt to nejlepší možné řešení, ale je jasné, že vždy to bude nějaký kompromis. Prostě pokud tady nemáme v tuto chvíli žádné volné divadlo, které by bylo prázdné a bylo v tuto chvíli uzpůsobeno tomu, aby tam mohla být divadelní činnost, tak prostě jakékoliv jiné řešení bude určitým kompromisem. A vždy bude někdo, kdo bude v té chvíli tím aktérem, tak bude nějak dotčen. A to tak prostě je. Na druhé straně, prostě my řešíme nějakou věc, která, jak už to tady padla, jsme nezavinili, ty technické problémy s tím stropem, na které se přišlo v únoru, tak byly způsobeny již při výstavbě, v 20. letech minulého století. Takže to není prostě žádné pochybení kterýchkoliv radních či zastupitelů, ať už těchto, nebo předchozích, nebo třeba před 20 lety. A my prostě tu situaci musíme vyřešit. A o to se snažíme a zároveň jako prosíme o to, aby i ti ostatní, kteřích se to týká, tak aby vyjádřili určitou empatii a určitou jako vůli spolupracovat a najít řešení. Nikoli vlastně říkat, že žádné řešení není. Protože my jsme tady od toho, abychom to řešení našli.",0,e715158e17e939ea
marketa-vankova,Z9/06,19,"JUDr. Markéta Vaňková, primátorka: Takže poprosím o písemné návrhy usnesení. Předpokládám, že je máte, pane zastupiteli, již připraveny? Tak předat, prosím, zástupcům Organizačního odboru. A paní zastupitelka Drápalová.",2,e715158e17e939ea
marketa-vankova,Z9/06,20,"JUDr. Markéta Vaňková, primátorka: Já jenom zopakuju, já už jsem to říkala, když o tom mluvil pan zastupitel Hladík. Králíkovo divadlo by samozřejmě bylo krásným unikátním prostorem. Ale ta rekonstrukce, jednak by trvala dlouhou dobu, a jednak je to náklad třeba 500.000.000. My, v tuto chvíli, řešíme, že potřebujeme Divadlo Bolka Polívky někam umístit od 1. září. Protože máme povoleno užívat tu budovu do 30. 6., od statika, a následně je samozřejmě letní sezóna, divadlo bude hrát na letní scéně, tak jak všechny ostatní roky předtím, ale od 1. září hledáme nějakou variantu. A to rozhodně není rekonstrukce Králíkova divadla. My jsme zvažovali i variantu, že by Divadlo Bolka Polívky působilo na výstavišti, tak jak tomu bylo, když se opravovalo Janáčkovo divadlo. Nicméně, v tuto chvíli, vzhledem k tomu, jak je na tom společnost Veletrhy Brno, tak my si nemůžeme dovolit říci, že by tam to divadlo fungovalo za nějaké symbolické nájemné. Protože Veletrhy Brno jsou akciovou společností, obchodní společností, která není v takové kondici, aby si mohla dovolit dávat symbolické nájemné. A zase pro Divadla Bolka Polívky, pokud by nedostal nějaké výrazné dotace, a výrazné, tím myslím jako třeba desetinásobné, než má teď, tak by zase toto divadlo nemohlo platit tak vysoké nájemné Veletrhům. To, že tam působilo Národní divadlo, před lety, a nájemné se platilo Veletrhům, tak bylo samozřejmě fajn. Ale řekněme si, kdo to platil? Opět to bylo z rozpočtu města Brna. Protože veškeré peníze, které využívá Národní divadlo, tak získává z našeho rozpočtu. Samozřejmě ne, omlouvám se, ne veškeré, jistá míra soběstačnosti tam je a pevně věřím, že se bude i nadále zvyšovat. Nebo, nevím, jestli to slovo „i“ bylo úplně správné. Ale těch variant, které jsme zvažovali, bylo skutečně poměrně velké množství. A možná ještě krátká reakce na paní zastupitelku Drápalovou. Skutečně, jak já říkám, my jsme těch variant zvažovali velmi velké množství. Intenzivně na tom pracovaly ty 2 odbory, jak už jsem o tom hovořila. To, že jsme panu řediteli Glaserovi zadali nějaký úkol, manažerský, a chtěli jsme od něj právě nějaké vyjádření a nějaký návrh řešení, tak mělo směřovat k tomu, abychom měli nějakou tu variantu. A já jsem říkala, my víme, že nenajdeme optimální variantu, my prostě hledáme variantu, která v tomto, nebo v této situaci je nejméně bolestivá. A rozhodně si nemyslím, že bychom Vás o tom informovali pozdě. Protože dřív jsme prostě ty informace nijak souhrnně neměli, jo? Nemělo, za mě, cenu Vám říkat – je varianta výstaviště, je varianta Králíkovo divadlo, které ale by stálo 500.000.000, je varianta jít do nějakého kulturního domu, je varianta Sál Břetislava Bakaly. My jsme potřebovali všechny ty varianty prověřit a udělat z toho nějaký závěr. Abychom mohli udělat ten závěr, tak jsme potřebovali i součinnost dalších subjektů. A myslím si, že tento okamžik, kdyby bylo zastupitelstvo bývalo příští týden, bylo by to ještě lepší, protože bychom měli více informací třeba o těch technických požadavcích na rekonstrukci, nebo ty úpravy Sálu Břetislava Bakaly, tak by to bylo ještě lepší, protože bychom Vám mohli dát komplexnější informaci. Ale toto načasování, které je, tak si myslím, že bylo nejbližší možné. Nevidím jako kdyby to, že jsme jako měli Vás nějak intenzivněji informovat o těch jednotlivých, zvažovaných variantách. Tak to je jenom na doplnění.",2,e715158e17e939ea
marketa-vankova,Z9/06,21,"JUDr. Markéta Vaňková, primátorka: Velmi děkuji. Pan zastupitel Hollan.",0,e715158e17e939ea
marketa-vankova,Z9/06,21,"JUDr. Markéta Vaňková, primátorka: Dobrý den, pane řediteli, jsem ráda, že Vás vidím. Trošku mě mrzí, že jste se nemohl dostavit na včerejší poradu vedení, velmi jsme stáli o Vaši přítomnost. Ale těším se na viděnou na radě, zítra v 10 hod. A teď máte samozřejmě slovo.",0,e715158e17e939ea
marketa-vankova,Z9/06,22,"JUDr. Markéta Vaňková, primátorka: Já naprosto smířlivě, pane řediteli. Mě skutečně mrzí, že o těchto závěrech jste prvně neinformoval Radu města Brna, tak jak bylo dohodnuto. Ten termín jste měl stanovený na 10 dnů. Byl to termín, o který jste sám požádal, Vy jste chtěl 7 dnů, domluvili jsme se na termínu 10 dnů právě z důvodu mé zahraniční cesty. Skutečně jsem předpokládala, že se potkáme hned v pondělí, to znamená 11. den, skutečně i s tím vědomím, že dnes je Zastupitelstvo města Brna. Skutečně si nemyslím, že obecné zdůvodnění toho, že máte důležité jednání v Praze, bez nějaké bližší specifikace, je vhodným postojem ke zřizovateli, v této situaci, kdy skutečně řešíme záležitost, která je poměrně zásadní a která vyžaduje i docela rychlá rozhodnutí. Nicméně, jak jsem řekla, budeme se na Vás těšit zítra, na Radě města Brna, kde Vám budeme nějaké naše postoje tadyktomuto sdělovat. To, že jste poslal ten písemný materiál, samozřejmě kvituji, ale skutečně si myslím, že bylo vhodnější nám ho osobně představit, a velmi mě mrzí, že jste si ten čas nenašel. Nicméně, tu debatu dále povedeme a věřím, že bude konstruktivní. Klidně už se můžete posadit a já, vzhledem k tomu, jo, eště se hlásí Vladan Krásný, už jsem to chtěla tak jako hezky ukončit, ale možná to hezky přede mnou ukončí pan zastupitel Krásný, takže mu dávám slovo.",2,e715158e17e939ea
marketa-vankova,Z9/06,22,"JUDr. Markéta Vaňková, primátorka: Ještě paní zastupitelka Drápalová.",0,e715158e17e939ea
marketa-vankova,Z9/06,22,"JUDr. Markéta Vaňková, primátorka: Poprosím zase pana vedoucího Pivce, jestli může reagovat? A, pojďte, pane vedoucí. A zároveň říkám, že v oblasti toho statického posouzení se hodně angažoval pan tajemník, který tady bohužel dnes není. Takže on měl poměrně velké množství informací, i z toho titulu, že je odborníkem na tuto problematiku. A já, naprosto laicky, jenom řeknu, tak jak to vnímám já, že není úplně reálné získat to povolení statika, aby se tam ta činnost provozovala, zejména v zimních měsících. Protože je velká obava z toho, že kdyby došlo k nasněžení a ta střecha by byla zatížena tím sněhem, tak",0,e715158e17e939ea
marketa-vankova,Z9/06,23,"JUDr. Markéta Vaňková, primátorka: Tak. Zeptám se, jestli chce k tomuto tématu ještě v tuto chvíli někdo promluvit, dřív, než přistoupíme k hlasování o jednotlivých návrzích usnesení? Není tomu tak. Tak, já úplně na závěr si dovolím ještě jednu větu, možná dvě, možná tři. Myslím si, že bylo řečeno mnohé z těch faktických věcí. Ale já si skutečně dovolím ještě jednu takovou, jako emotivní poznámku. Byla jsem to já, kdo volal Bolkovi Polívkovi, v únoru, s tím, že musí zavřít divadlo ze dne na den. Myslím si, že není mnoho lidí, ať už z jakéhokoliv oboru, kteří by tuto informaci vzali s takovým nadhledem a nonšalancí, jak to udělal Bolek Polívka. Nechci se dotknout žádného ředitele naší příspěvkové organizace. Byť asi vnímáme, že ti ředitelé tu situaci mají trošku jednodušší, oproti těm ředitelům soukromých divadel, právě proto, že nad nimi vždy stojí ten silný zřizovatel, který nenechá tu svou příspěvkovou organizaci padnout. Ale chtěla bych říct, že bych pak čekala od těch osob, které my jsme si vybrali do čela našich příspěvkových organizací, že ve chvíli, kdy zřizovatel bude potřebovat nějakou pomoc, tak že od těch svých vrcholných manažerů bude mít nějakou empatii, solidaritu a nějakou snahu vyjít svému zřizovateli vstříc. A velmi mě mrzí, že v tomto případě se tomu tak nestalo. Děkuji. A nyní můžeme přistoupit k hlasování o návrzích Matěje Hollana. Tak, zahajuji hlasování: Hlasování č. 7: 6 - 7 - 23 - 15",0,e715158e17e939ea
marketa-vankova,Z9/06,23,"JUDr. Markéta Vaňková, primátorka: Návrhy nebyly přijaty. Nyní poprosím hlasovat o usnesení, tak jak bylo navrženo v předloženém materiálu. Je to jednoduché, je to – bere na vědomí zprávu o realokaci Divadla Bolka Polívky. Zahajuji hlasování: Hlasování č. 8: 46 - 1 - 5 - 1",2,e715158e17e939ea
marketa-vankova,Z9/06,23,"JUDr. Markéta Vaňková, primátorka, informovala o průběhu výběrového řízení na funkci vedoucí/ho Odboru přestupků v dopravě MMB a představila Mgr. Josefa Dočkala, kterého Rada města Brna jmenovala do této funkce s účinností od 1. 3. 2023. Dotazy vzneseny nebyly.",0,e715158e17e939ea
marketa-vankova,Z9/06,23,"Dále JUDr. Markéta Vaňková, primátorka, informovala o průběhu výběrového řízení na funkci vedoucí/ho Odboru správy majetku MMB a představila Ing. Richarda Elledera, kterého Rada města Brna jmenovala do této funkce s účinností od 1. 3. 2023. Dotazy vzneseny nebyly.",0,e715158e17e939ea
marketa-vankova,Z9/06,23,"A dále ještě JUDr. Markéta Vaňková, primátorka, informovala o průběhu výběrového řízení na funkci vedoucí/ho Odboru územního plánování a rozvoje MMB a představila Mgr. Viktora Poledníka, kterého Rada města Brna jmenovala do této funkce s účinností od 2. 3. 2023. Dotazy vzneseny nebyly.",0,e715158e17e939ea
marketa-vankova,Z9/06,27,"JUDr. Markéta Vaňková, primátorka: Dobře. Pan radní Kratochvíl.",0,e715158e17e939ea
marketa-vankova,Z9/06,27,"JUDr. Markéta Vaňková, primátorka: Výborně. Tak, zkusíme zahlasovat, byť už by měla být přestávka. Takže zahajuji hlasování o návrzích paní zastupitelky Flamikové. Zahajuji hlasování: Hlasování č. 13: Neplatné hlasování",0,e715158e17e939ea
marketa-vankova,Z9/06,27,"JUDr. Markéta Vaňková, primátorka: To už víme z minulého volebního období, že když se zmáčkne špatně, tak se to nedá zvrátit, že? A Petr mně odešel. Tak to mě mrzí. To jsme se tady tomu vždycky smáli, spolu. Ale nicméně hlásí se pan Novotný.",0,e715158e17e939ea
marketa-vankova,Z9/06,27,"JUDr. Markéta Vaňková, primátorka: Chybné hlasování. Takže, končím hlasování a budeme…",0,e715158e17e939ea
marketa-vankova,Z9/06,27,"JUDr. Markéta Vaňková, primátorka: Jo, jo, super. Takže končím hlasování a budeme hlasovat znovu. Takže, nyní zahajuji hlasování a hlasujeme o návrzích paní zastupitelky Flamikové: Hlasování č. 14: 3 - 1 - 37 - 11",0,e715158e17e939ea
marketa-vankova,Z9/06,27,"JUDr. Markéta Vaňková, primátorka: Usnesení nebylo přijato. A nyní budeme hlasovat o usnesení, tak jak bylo navrženo v materiálu. Zahajuji hlasování: Hlasování č. 15: 47 - 2 - 2 - 1",0,e715158e17e939ea
marketa-vankova,Z9/06,27,"JUDr. Markéta Vaňková, primátorka: Usnesení bylo přijato. Děkuji všem. Přestávka do 11 hod.",0,e715158e17e939ea
marketa-vankova,Z9/06,27,"JUDr. Markéta Vaňková, primátorka – přistoupila k projednávání bodu 11) dle schváleného programu zasedání Zastupitelstva města Brna.",0,e715158e17e939ea
marketa-vankova,Z9/06,29,"JUDr. Markéta Vaňková, primátorka: Hlásí se paní radní Matonohová, která je on-line. Tak uvidíme, jak to bude fungovat. Haló? Tak bohužel, neslyšíme. Paní radní, poprosím o nějaký signál, že slyšíte aspoň Vy nás.",0,e715158e17e939ea
marketa-vankova,Z9/06,29,"JUDr. Markéta Vaňková, primátorka: Jo. Teď jsem tam nějaký náznak hlasu slyšela. Poprosím techniky, můžete to nějak zesílit? Nebo nějak zjistit, kde je problém?",0,e715158e17e939ea
marketa-vankova,Z9/06,29,"JUDr. Markéta Vaňková, primátorka: Ne úplně dobře, ale hlas, hlas zní.",0,e715158e17e939ea
marketa-vankova,Z9/06,30,"JUDr. Markéta Vaňková, primátorka: Nějaké další dotazy? Není tomu tak. Tak můžeme přistoupit k hlasování. Zahajuju hlasování: Hlasování č. 20: 48 - 0 - 5 - 0",0,e715158e17e939ea
marketa-vankova,Z9/06,32,"JUDr. Markéta Vaňková, primátorka: To znamená i v rámci té, jo, 1. odrážky. A jenom o tom Cyklocargo překladiště, nebo o všech jednotlivých?",0,e715158e17e939ea
marketa-vankova,Z9/06,32,"JUDr. Markéta Vaňková, primátorka: Dobře, děkuju. Pan radní Kratochvíl.",0,e715158e17e939ea
marketa-vankova,Z9/06,34,"JUDr. Markéta Vaňková, primátorka: Nikdo další není, a je přihlášený do diskuse. Pan zastupitel Lahoda.",0,e715158e17e939ea
marketa-vankova,Z9/06,34,"JUDr. Markéta Vaňková, primátorka: V tuto chvíli to tedy vypadá, že není nikdo přihlášený. Budeme tedy hlasovat nejprve odděleně o tom, že schvalujeme přesun v rámci kapitálových a běžných výdajů Fondu mobility na financování projektu Cyklocargo překladiště. Takže tadytoto usnesení. Zahajuju hlasování: Hlasování č. 27: 44 - 5 - 2 - 1",0,e715158e17e939ea
marketa-vankova,Z9/06,34,"JUDr. Markéta Vaňková, primátorka: Usnesení bylo přijato. Nyní budeme hlasovat o – schvaluje přesun v rámci kapitálových a běžných výdajů Fondu mobility na financování projektů. A budou to všechny ty ostatní, co jsou v usnesení, s výjimkou Cyklocargu překladiště. Zahajuji hlasování: Hlasování č. 28: 49 - 0 - 0 - 3",0,e715158e17e939ea
marketa-vankova,Z9/06,34,"JUDr. Markéta Vaňková, primátorka: Usnesení bylo přijato. A nyní budeme hlasovat o té 2. odrážce, to znamená, schvaluje rozpočtové opatření a tak dále. Zahajuji hlasování: Hlasování č. 29: 51 - 0 - 0 - 1 Schválené usnesení: ZMB schvaluje ­ přesun v rámci kapitálových a běžných výdajů Fondu mobility na financování projektů Vlnitá – parkoviště, Cyklocargo překladiště, Parkování na ulici Rysova, Parkovací dům Šumavská (Akademické náměstí), Řezáčova – parkoviště, Pastelky u škol a Edukační kampaň – Hasiči Brno,",0,e715158e17e939ea
marketa-vankova,Z9/06,37,"JUDr. Markéta Vaňková, primátorka: Reakce, paní radní Matonohová.",0,e715158e17e939ea
marketa-vankova,Z9/06,37,"JUDr. Markéta Vaňková, primátorka: A teď ještě přemýšlím, hlásí se ještě paní radní Matonohová? Jo. Tak paní radní. Protože kdo je on-line, tak mně to tady bliká trošku jinak. Tak paní radní Matonohová. JUDr. Irena Matonohová, členka Rady města Brna: Já bych chtěla požádat pana zastupitele, abychom toto téma nezlehčovali podobným způsobem, jakým se mu to podařilo, a nevím, jestli úmyslně, nebo neúmyslně. Pane zastupiteli, já se domnívám, že jde skutečně o věc. Jde o to, aby děti, které chtějí se učit hrát na hudební nástroj, aby tuto možnost dostaly. A myslím si, že k tomuto účelu jaksi nemusí být povoláni ti nejerudovanější umělci. Čili já se opravdu domnívám, že pokud je naplněna tato základní premisa,",0,e715158e17e939ea
marketa-vankova,Z9/06,38,"JUDr. Markéta Vaňková, primátorka: V tuto chvíli to vypadá, že není nikdo přihlášený. Tak přistoupíme k hlasování. Zahajuji hlasování: Hlasování č. 34: 43 - 0 - 6 - 3",0,e715158e17e939ea
marketa-vankova,Z9/06,41,"JUDr. Markéta Vaňková, primátorka: Není nikdo další přihlášený, tak přistoupíme k hlasování. Zahajuji hlasování: Hlasování č. 38: 40 - 0 - 9 - 3",0,e715158e17e939ea
marketa-vankova,Z9/06,44,"JUDr. Markéta Vaňková, primátorka: Začíná se mně ta debata líbit. Jestli jako eště trošku, jako to bude veselejší, tak já se s Vámi podělím o vlastní zkušenost, kojení dvojčat. A nyní dávám slovo paní primářce Seidlové, která to možná vrátí do té odborné diskuse.",0,e715158e17e939ea
marketa-vankova,Z9/06,45,"JUDr. Markéta Vaňková, primátorka: Divadlo je dnes naším oblíbeným tématem. Pan radní Kratochvíl.",0,e715158e17e939ea
marketa-vankova,Z9/06,45,"JUDr. Markéta Vaňková, primátorka: Vypadá to, že už nikdo další není přihlášený, já jenom, osobně, za sebe. Když za mnou přišel, a podle mě už jsou to třeba 2, 2,5 roků, nějak tak, pan primář Weinberger s tím návrhem, že by se v této oblasti dalo dělat víc, byly tam s ním i další kolegyně, jehož, jejichž jména si v tuto chvíli, bohužel, nevzpomenu, tak jsem byla jednoznačně pro, bez ohledu na osobní, či neosobní zkušenost. Takže budu ráda, když tento projekt bude podpořen. Děkuji. A vzhledem k tomu, že se nikdo dál nehlásí, tak zahajuji hlasování: Hlasování č. 43: 47 - 5 - 0 - 1",2,e715158e17e939ea
marketa-vankova,Z9/06,47,"Bc. Jiří Kment: Já bych jenom chtěl říct, že jsem si teda to pročetl důkladně, pozastavil jsem se tam u TUKE.TV. Nevím, mám obavu, že ten spolek je tak trochu účelový, protože sice si dává za cíl propagovat romskou kulturu, jazyk a hodnoty za účelem obrody romského národa, ale třeba její stránky tadytomuto vůbec neodpovídají. Jsou prostě nedodělané, nefunkční odkazy, jakoby, pokud je to spolek, který se zabývá nějakou prezentací, nějakými, tvorbou nějakých videí, a jejich vlastní stránka je prostě ostuda, tak to taky o tom něco vypovídá. JUDr. Markéta Vaňková, primátorka: Nikdo další není přihlášený, zahajuji hlasování: Hlasování č. 48: 42 - 0 - 6 - 5",0,e715158e17e939ea
marketa-vankova,Z9/06,49,"JUDr. Markéta Vaňková, primátorka: Nějaké další dotazy, podněty? Nejsou, zahajuji hlasování: Hlasování č. 51: 45 - 0 - 6 - 1",0,e715158e17e939ea
marketa-vankova,Z9/06,52,"JUDr. Markéta Vaňková, primátorka: Nikdo další není přihlášený, zahajuju hlasování: Hlasování č. 58: 43 - 0 - 5 - 4",0,e715158e17e939ea
marketa-vankova,Z9/06,54,"JUDr. Markéta Vaňková, primátorka: Poprosím o odpověď pány, pana vedoucího Hlouška a pana vedoucího Jurčíka.",0,e715158e17e939ea
marketa-vankova,Z9/06,54,"JUDr. Markéta Vaňková, primátorka: Tak, děkuji za reakci. Nějaké další dotazy? Pokud nejsou, tak zahajuji hlasování: Hlasování č. 64: 46 - 0 - 5 - 1",0,e715158e17e939ea
marketa-vankova,Z9/06,55,"Mgr. Bc. Tomáš Anderle, MBA, LL.M.: Jednoznačně stojím za jasně specifikovaným cílem projektu, což je zlepšení dostupnosti a celkových podmínek vzdělávání v mateřských školách, ve vazbě na populační a společenský vývoj městské části Brno-Líšeň. A to prostřednictvím dobudování kapacity mateřské školy RADOST. Jsem přesvědčen, že modernizace a přístavba je přínosem, jednak pro děti, ale i jejich zákonné zástupce, a pro městskou část Brno-Líšeň. Proto budu stejně jako na komisi hlasovat pro. Ale dovolte mi, abych, prostě neodpustím si komentář k obsahu. Hrozbu spatřuji v samotném záměru projektu. A to se Specifickým cílem 4.1, a to je zlepšování rovného přístupu k inkluzivním službám, a v tomto věku s poněkud svéráznou terminologií – odolnosti pro distanční a on-line vzdělávání a odbornou přípravu. K inkluzi už jsem hovořil. Já jsem pro, aby se děti vzdělávaly v menších skupinkách, inkluze byla, dle mého názoru, nepovedeným projektem. Ale, co jsem chtěl říct? To distanční vzdělávání u dětí se mně moc nelíbí. Nechtěl bych to brat jako prioritu. Distanční vzdělávání bylo rozšířeno zejména v zemích s velkou rozlohou, jako je třeba Kanada, USA, nebo pro těžce tělesně postižené jedince. Kromě toho, distanční vzdělávání bych zahrnul spíš do andragogického pojetí, vzdělávání dospělých. Děti potřebujou i vychovávat. Pedagogika je nauka o, je věda o, nejenom o vzdělávání, ale i o výchově, o permanentném, přímém působení vzdělavatele na vzdělávaného. Ta osobnost toho dítěte eště není zformovaná. To dítě se musí zformovat, formovat. Na to, prosím Vás, nezapomeňme. K tomu, proto, proto tadyk hovořím. A, prosím Vás, eště k té odborné přípravě. Distančně se, prosím Vás, nikdo nic, odborně, prakticky nenaučí. To musí probíhat interakcí objekt a, objektu a subjektu. Musí si to ten žák vyzkoušet. A eště poslední věc. Musíme dbát i na socializaci. Distanční vzdělávání není o socializaci a děti potřebujou sociální interakci, sociální komunikaci, sociální styk a další. JUDr. Markéta Vaňková, primátorka: Paní radní Matonohová.",0,e715158e17e939ea
marketa-vankova,Z9/06,55,"JUDr. Irena Matonohová, členka Rady města Brna: Mohu? JUDr. Markéta Vaňková, primátorka:",0,e715158e17e939ea
marketa-vankova,Z9/06,56,"JUDr. Markéta Vaňková, primátorka: Není nikdo další přihlášený, zahajuji hlasování: Hlasování č. 65: 48 - 0 - 0 - 3",0,e715158e17e939ea
marketa-vankova,Z9/06,59,"JUDr. Markéta Vaňková, primátorka: Budeme hlasovat odděleně. Pan zastupitel Štefan.",0,e715158e17e939ea
marketa-vankova,Z9/06,59,"JUDr. Markéta Vaňková, primátorka: Ten dotaz zněl na komisi? Jo. Komise bydlení. No, tak to by se musel asi vyjádřit každý, jednotlivý člen té komise, proč hlasoval, tak jak hlasoval. Pan zastupitel Štefan.",0,e715158e17e939ea
marketa-vankova,Z9/06,60,"JUDr. Markéta Vaňková, primátorka: Co se týče podkladů na komisi, tak možná, jestli je tady paní vedoucí Marešová, jestli může doplnit? Protože nevím, kdo, kdo jiný by byl schopný podat informace o tom, co dostala komise za podklady. A mezitím dávám prostor panu starostovi Kuncovi.",0,e715158e17e939ea
marketa-vankova,Z9/06,61,"JUDr. Markéta Vaňková, primátorka: Ještě se zeptám, jestli chcete doplnit tedy tu informaci od paní vedoucí Marešové, nebo tím, že reagoval pan starosta, tak Vám to stačí?",0,e715158e17e939ea
marketa-vankova,Z9/06,61,"JUDr. Markéta Vaňková, primátorka: Stačí, super, děkuji. Tak, není nikdo další přihlášený, takže budeme hlasovat odděleně, tak jak navrhl pan zastupitel Koláčný. Takže nejprve budeme hlasovat o tom, že schvalujeme městské části Brno-Židenice použití části VHČ na financování přístavby šaten a jídelny v objektu Základní školy Gajdošova do výše 25.000.000 Kč. Zahajuji hlasování: Hlasování č. 73: 43 - 0 - 5 - 3",2,e715158e17e939ea
marketa-vankova,Z9/06,61,"JUDr. Markéta Vaňková, primátorka: Usnesení bylo přijato. Nyní o té 2. části usnesení, takže zase schvalujeme městské části Brno-Židenice využití VHČ k financování záchrany smuteční síně na hřbitově v městské části Brno-Židenice do výše 5.000.000 Kč. Zahajuji hlasování: Hlasování č. 74: 41 - 0 - 6 - 4",0,e715158e17e939ea
marketa-vankova,Z9/06,62,"JUDr. Markéta Vaňková, primátorka: Možná bychom si mohli dát slohové cvičení k tomu, co to je privatizace. Případně jste nedočetl návrh usnesení, ale my navrhujeme prodej veřejnou dražbou. Paní náměstkyně Podivinská.",2,e715158e17e939ea
marketa-vankova,Z9/06,63,"JUDr. Markéta Vaňková, primátorka: Tak děkuji za to, že jste mně ocitoval Wikipedii, nebo odkud jste to citoval. Já si myslím, že smysl toho ustanovení v koaliční smlouvě, se znalostí několika předchozích let postupu města Brna, je poměrně jasné. My jsme se zavázali, že nebudeme nadále prodávat byty nájemníkům za zvýhodněné ceny, což bylo z některých stran vnímáno negativně. Tadytoto chceme dodržet. Samozřejmě nemá cenu teď asi se dopodrobna pouštět do diskusí, jak je to třeba s domy, kde již privatizace byla nějakým způsobem zahájena, třeba u domu Ibsenova. Nicméně dávám slovo panu Štefanovi.",0,e715158e17e939ea
marketa-vankova,Z9/06,63,"JUDr. Markéta Vaňková, primátorka: Nikdo další není přihlášený. Ale byl, někdo se odhlásil. Já jsem se teď, si vzala do ruky hrnek s čajem, že se napiju, a najednou, nikdo přihlášený. Pan radní Oliva.",0,e715158e17e939ea
marketa-vankova,Z9/06,63,"JUDr. Markéta Vaňková, primátorka: Děkuji, dostatečný čas na to, abych se napila. Pan zastupitel Lahoda.",0,e715158e17e939ea
marketa-vankova,Z9/06,64,"JUDr. Markéta Vaňková, primátorka: Děkujeme za podnětný návrh, ale myslím, že se budeme věnovat něčemu efektivnějšímu. Pan zastupitel Hollan.",2,e715158e17e939ea
marketa-vankova,Z9/06,64,"JUDr. Markéta Vaňková, primátorka: Předložte to, prosím, písemně. Zeptám se, jestli ještě někdo další je přihlášený do diskuse? Pan radní Oliva.",0,e715158e17e939ea
marketa-vankova,Z9/06,64,"JUDr. Markéta Vaňková, primátorka: Nicméně návrh byl předložen, takže. Matěj Hollan.",2,e715158e17e939ea
marketa-vankova,Z9/06,64,"JUDr. Markéta Vaňková, primátorka: Dobře, děkuji. Takže můžeme přistoupit k hlasování o návrhu usnesení, tak jak bylo předloženo. Zahajuji hlasování: Hlasování č. 77: 42 - 0 - 9 - 1",2,e715158e17e939ea
marketa-vankova,Z9/06,66,"JUDr. Markéta Vaňková, primátorka – navrhla společně hlasovat o bodech 72) – 75) vztahujících se k prodejům pozemků.",4,e715158e17e939ea
marketa-vankova,Z9/06,66,"JUDr. Markéta Vaňková, primátorka – přistoupila ke společnému hlasování o bodech 74) a 75).",0,e715158e17e939ea
marketa-vankova,Z9/06,67,"JUDr. Markéta Vaňková, primátorka – vyhlásila v souladu s Jednacím řádem Zastupitelstva města Brna přestávku v jednání a současně upozornila, že z důvodu její účasti, případně účasti dalších členů Zastupitelstva města Brna, na posledním rozloučení s armádním generálem ve výslužbě, Emilem Bočkem, ve 14:00 hod., se zahájení odpoledního jednání odkládá na 15:00 hod., nebo později.",4,e715158e17e939ea
marketa-vankova,Z9/06,67,"JUDr. Markéta Vaňková, primátorka – přistoupila k projednávání bodu 78) dle schváleného programu zasedání Zastupitelstva města Brna.",0,e715158e17e939ea
marketa-vankova,Z9/06,68,"JUDr. Markéta Vaňková, primátorka – navrhla společné hlasování o bodech 79) – 87) vztahujících se k nabytí komunikačních staveb, nabytí pozemků a částí pozemků.",4,e715158e17e939ea
marketa-vankova,Z9/06,68,"JUDr. Markéta Vaňková, primátorka – přistoupila ke společnému hlasování o bodech 79) a 80).",0,e715158e17e939ea
marketa-vankova,Z9/06,69,"JUDr. Markéta Vaňková, primátorka – přistoupila ke společnému hlasování o bodech 82) – 87).",0,e715158e17e939ea
marketa-vankova,Z9/06,72,"JUDr. Markéta Vaňková, primátorka – navrhla společně hlasovat o bodech 88) – 92) vztahujících se k nabídkám předkupních práv ke stavbám.",4,e715158e17e939ea
marketa-vankova,Z9/06,72,"JUDr. Markéta Vaňková, primátorka – přistoupila ke společnému hlasování o bodech 88) – 91).",0,e715158e17e939ea
marketa-vankova,Z9/06,76,"JUDr. Markéta Vaňková, primátorka – navrhla společně hlasovat o bodech 100) – 107) vztahujících se k žádostem o vzdání se práva na část nájemného představující zvýšení nájemného o inflaci. Ke všem těmto bodům obdrželi členové Zastupitelstva města Brna doplňky, v rámci kterých bylo i změněné usnesení. V původních návrzích usnesení bylo, že Zastupitelstvo města Brna neschvaluje vzdání se práva na část nájemného, v předložených doplňcích bylo navrženo vzdání se práva na část nájemného, a to ve výši 50 %.",4,e715158e17e939ea
marketa-vankova,Z9/06,81,"JUDr. Markéta Vaňková, primátorka: Tak děkuji za dlouhosáhlé vyjádření. Já jenom krátkou reakci. Já pevně věřím, že kontrolní výbor vše řádně prošetří. Možná jenom připomenu, že akce Skolíme Koliště se poprvé konala v roce 2021, s finančními náklady přibližně stejnými, jako to bylo v roce 2022. Pokud mě paměť neklame, tak v roce 2021 se nekonaly komunální volby ve městě Brně, kde by působily jakékoliv politické subjekty. Oba dva tyto ročníky akce Skolíme Koliště nebyly primárně charitativním během, nebo nějakým, i vrcholovým během, obě dvě ty akce byly, nebo oba dva ty ročníky této akce byly prezentovány jako rodinná akce, která spojuje rekreační i výkonnostní sport, ale také s atraktivním kulturním programem pro děti, dospívající, mladší i starší. A prvotním cílem této akce, již v roce 2021, bylo zviditelnit Sociální nadační fond města Brna a Jihomoravského kraje. To je jeho původní název, teď aktuálně používaný název Sociální nadační fond. Ráda bych řekla, ale myslím si, že není asi v tuto chvíli potřeba zacházet do podrobností, že ten fond funguje poměrně dlouhou dobu. Ve chvíli, kdy jsem se stala primátorkou, tak jsem se bezprostředně poté stala i předsedkyní správní rady tohoto Sociálního nadačního fondu. A logicky tedy jsem i nějakou tváří po celou dobu těch 4 let, nebo 4,5 let, kdy jsem v této funkci. Tyto akce nebyly jediné, akcí, které pořádá Sociální nadační fond pro to, aby se zviditelnil, je větší množství, přes různé výstavy osob, kterým pomáháme, po prostě aktivity, podpory jednotlivých subjektů. Já jsem moc ráda, že se toho můžu účastnit, že se nám daří pomáhat osobám ve městě Brně, které, mě to Monika Škorpíková krásně naučila, za ty roky, které nám propadají tím sociálním sítem běžné sociální pomoci. Právě na ty Sociální nadační fond míří. Ty příběhy, které jsem měla za ty 4,5 roku možnost poznat, seznámit se s nimi, jsou skutečně velmi zajímavé, dojemné. A já jsem skutečně ráda a myslím si, že je fajn jakákoliv aktivita, která podporuje vědomost o činnosti našeho Sociálního nadačního fondu. Co se týče toho ročníku, Skolíme Koliště 2022, který tak velmi zajímá našeho kolegu, pana Hollana, tak já musím říci, že jsem velmi ráda, že se toho ročníku ujaly i známé osobnosti, kromě Bolka Polívky tam bylo více známých osobností. A ten princip toho běhu, škoda, že jste tam nebyli, spočíval v tom, že 10 známých osobností, včetně mě a Bolka Polívky, mělo zároveň 10 významných klientů Sociálního nadačního fondu, osob s nějakým handicapem, a běželi jsme závod 500 m, kdy vždy ten garant, ta nějaká ta známější osobnost, běžela s tím klientem Sociálního nadačního fondu. Za mě to byl jeden z nejhezčích dnů mého života, protože vidět radost těch dětí, které se ocitly najednou v blízkosti známých osobností, byly najednou ony, většinou to byly děti, ony těmi hvězdami, kolem kterých pobíhali fotografové a měli zájem o to, aby jim vykládaly své příběhy a bavily se s nimi. To skutečně je něco, na co se nezapomíná. Chápu, naprosto to chápu, že práce opozičního zastupitele vede i k tomu, aby hledal problémy a upozorňoval na nekalosti. Také chápu",0,e715158e17e939ea
marketa-vankova,Z9/06,82,"JUDr. Markéta Vaňková, primátorka: Děkuji za názor, pan náměstek Kerndl.",0,e715158e17e939ea
marketa-vankova,Z9/06,83,"JUDr. Markéta Vaňková, primátorka: Tak já úplně, jak polopaticky, jo? Chci-li něco uvést v život a aby o tom lidé věděli, my jsme chtěli, aby lidé věděli o Sociálním nadačním fondu. Řekli jsme si, již v roce 2021, že jedna z těch aktivit, nebyly komunální volby, opakuji, že jedna z těch aktivit by mohlo být zábavné rodinné odpoledne spojené s během. Abychom na tuto akci, kde byl právě prezentován Sociální nadační fond a městské firmy, přilákali co možná nejvíc lidí, bylo potřeba tu akci zviditelnit. Je pravdou, že v roce 2021 jsme neměli na plakátech známou osobnost typu Bolka Polívky, znova opakuji, že vyšlo z našeho průzkumu v roce 2021, že je to nejznámější kulturní, žijící, brněnská osobnost. Přišlo tam méně lidí, než jsme předpokládali. Bylo krásně, zpíval tam Uhlíř, všichni jsme si to užili. Na ten další ročník už se nám podařilo zařídit Kašpárka v rohlíku, doufali jsme tedy, že přijde více rodin s dětmi. Ale proto, abysme tam ty rodiny nalákali, a ty děti, tak jsme skutečně potřebovali mít plakát, který zaujme. Protože pokud, a takových plakátů máme pro Sociální nadační fond taky velké množství, kdo jsou ty klienti, já jsem o tom hovořila, měli jsme krásnou výstavu, kde byli ti klienti. Máme dokonce fotografa, který je určitým způsobem postižený a pracuje pro náš Sociální nadační fond. Ale abychom přilákali na rodinnou akci více lidí, tak prostě potřebujeme tomu nějakou tvář dát. A tím, že je, tou tváří byl Bolek Polívka, pro mě to byla radost. Já jsem mu za to děkovala, že byl ochoten tam jít, že byl ochoten startovat, že byl ochoten dělat svoje vtípky, že ti lidé se tam bavili. A nezlobte se na mě, paní zastupitelko, kdyby to byl plakát, kde budou klienti Sociálního nadačního fondu, tak to prostě ty lidi nenaláká, aby tam přišli. A to jako bylo jediné, jediný motiv, který jsme měli. Myslím si, že se nám to povedlo. A znovu jakokdyby říkám, plánujeme 3. ročník a já pevně věřím, že bude úspěšný. A skutečně Vás tam všechny zvu, abyste viděli, že to není prostě žádná akce, která má zastírat něco jiného. Přijďte se tam pobavit, uvidíte sami, jestli je to akce, která si zaslouží podpory, nebo ne.",0,e715158e17e939ea
marketa-vankova,Z9/06,84,"JUDr. Markéta Vaňková, primátorka: Mě jenom mrzí, jako já už se do té debaty asi nechci úplně moc pouštět, ale mě jenom mrzí, že v době, kdys to měl, Matěji, na starosti, taks tak nečinil. A teď nám radíte, jak tak činit máme. Takže já si myslím, že nejlepší bude, že vždy ta osoba, která je za to zodpovědná, to udělá podle toho svého nejlepšího vědomí a svědomí, a výsledky ať si pak zváží ty osoby, ke kterým ta pomoc směřuje. A myslím si, že víc na tom asi nevymyslíme.",0,e715158e17e939ea
marketa-vankova,Z9/06,84,"JUDr. Markéta Vaňková, primátorka: Tak. Ještě někdo k akci Skolíme Koliště? Případně k jakékoliv jiné zprávě, které teď projednáváme? Pokud tomu tak není, tak ukončuji bod č. 3), který je bez usnesení, a otevírám bod interpelace.",2,e715158e17e939ea
marketa-vankova,Z9/06,85,"JUDr. Markéta Vaňková, primátorka: Určitě, rádi odpovíme písemně, protože se přiznám, že k druhému a třetímu tématu nic nevím, k prvnímu tématu bude odpovězeno a zároveň možná se pobavte se svojí zástupkyní v představenstvu, jestli se pořád nemýlím, paní předsedkyně představenstva je pořád ta, která byla navržena Vámi, byla teď poměrně aktivní i na Tchaj-wanu v rámci Smart City veletrhu, kde také Technologický park prezentoval určité záležitosti, takže i možná ona bude schopna dát nějaké bližší informace.",0,e715158e17e939ea
marketa-vankova,Z9/06,85,"JUDr. Markéta Vaňková, primátorka: Také bude odpovězeno písemně.",0,e715158e17e939ea
marketa-vankova,Z9/06,87,"JUDr. Markéta Vaňková, primátorka: Tak, dívám se, jestli chce někdo z kolegů reagovat? Pokud tomu tak není, tak Vám bude odpovězeno písemně.",0,e715158e17e939ea
marketa-vankova,Z9/06,87,"JUDr. Markéta Vaňková, primátorka: Prosím reakci, pan radní Kratochvíl.",0,e715158e17e939ea
marketa-vankova,Z9/06,88,"JUDr. Markéta Vaňková, primátorka: Reakce, pan radní Kratochvíl.",0,e715158e17e939ea
marketa-vankova,Z9/06,89,"JUDr. Markéta Vaňková, primátorka: Děkujeme taktéž. Pan zastupitel Krásný.",0,e715158e17e939ea
marketa-vankova,Z9/06,89,"JUDr. Markéta Vaňková, primátorka: Tak já také děkuju, děkuju samozřejmě oběma pánům starostům za poděkování mé osobě, ale já vidím smějící se, nebo usmívající se paní radní Matonohovou, která u těch jednání byla, a samozřejmě náš pan náměstek pro energetiku. To byly ty 2 osoby, které si to celé odpracovaly. Takže díky patří zejména jim. Pan zastupitel Kment.",0,e715158e17e939ea
marketa-vankova,Z9/06,89,"JUDr. Markéta Vaňková, primátorka, ukončila zasedání Zastupitelstva města Brna (v 16:50 hod.).",0,e715158e17e939ea
marketa-vankova,Z9/08,1,"Zasedání zahájila a řídila primátorka města Brna JUDr. Markéta Vaňková (dále jen JUDr. Markéta Vaňková, primátorka).",0,1b7d3b44f9e1e083
marketa-vankova,Z9/08,1,"JUDr. Markéta Vaňková, primátorka, upozornila na skutečnost, že jednání Zastupitelstva města Brna je audiovizuálně přenášeno prostřednictvím internetových stránek města a přenos je zaznamenáván, archivován a následně bude zveřejněn.",4,1b7d3b44f9e1e083
marketa-vankova,Z9/08,1,"JUDr. Markéta Vaňková, primátorka, sdělila, že při prezenci členové Zastupitelstva města Brna obdrželi: • doplněk k bodu 4), který byl dne 19. 6. 2023 vložen na chráněné internetové datové úložiště • doplněk k bodu 24), který byl dne 19. 6. 2023 vložen na chráněné internetové datové úložiště • doplněk k bodu 132), který byl dne 19. 6. 2023 vložen na chráněné internetové datové úložiště • doplněk k bodu 149), který byl dne 19. 6. 2023 vložen na chráněné internetové datové úložiště • materiál k nově navrženému bodu 157), který byl dne 19. 6. 2023 vložen na chráněné internetové datové úložiště • materiál k nově navrženému bodu 158), který byl dne 19. 6. 2023 vložen na chráněné internetové datové úložiště • materiál k nově navrženému bodu 162), který byl dne 19. 6. 2023 vložen na chráněné internetové datové úložiště 1",0,1b7d3b44f9e1e083
marketa-vankova,Z9/08,2,"Schválení programu zasedání Zastupitelstva města Brna č. Z9/08 JUDr. Markéta Vaňková, primátorka, zdůvodnila tyto změny programu:",0,1b7d3b44f9e1e083
marketa-vankova,Z9/08,2,"JUDr. Markéta Vaňková, primátorka, dále navrhla projednání bodu 24) Multifunkční sportovní a kulturní hala ve městě Brně – úvěrová a finanční dokumentace v 10:00 hod a nově navržený bod 162) Zrušení usnesení Zastupitelstva města Brna č. Z8/39 ze dne 21. 6. 2022, bod č. 134) k majetkové dispozici - prodej bytového domu Ibsenova 9, 10, 11 včetně pozemků, záměr prodeje bytového domu Ibsenova 9, 10, 11 včetně pozemků, navrhla projednat po bodu 24).",4,1b7d3b44f9e1e083
marketa-vankova,Z9/08,2,"JUDr. Markéta Vaňková, primátorka, upozornila, že: - u bodu 41) se upravuje název, který nově zní: Návrh rozpočtového opatření – zapojení Fondu rezerv a rozvoje v souvislosti s realizací PARO projektů, - u bodu 67) se upravuje název, který nově zní: Festival Meeting Brno 2023 – návrh na poskytnutí návratné finanční výpomoci; návrh rozpočtového opatření, a k uvedeným úpravám sdělila, že nemají vliv na texty usnesení.",6,1b7d3b44f9e1e083
marketa-vankova,Z9/08,2,"Poté JUDr. Markéta Vaňková, primátorka, nechala hlasovat o návrzích na změny v programu zasedání Zastupitelstva města Brna, které uvedla v rámci Technického bodu.",-3,1b7d3b44f9e1e083
marketa-vankova,Z9/08,8,"JUDr. Markéta Vaňková, primátorka – na základě požadavků občanů přítomných v zasedacím sálu navrhla hlasovat o možnosti, aby se v průběhu jednání Zastupitelstva města Brna mohly k různým bodům vyjádřit i osoby, které nesplňují zákonnou podmínku spočívající v bydlišti ve městě Brně.",4,1b7d3b44f9e1e083
marketa-vankova,Z9/08,8,"Poté JUDr. Markéta Vaňková, primátorka, navrhla přijmout usnesení ve znění: „Zastupitelstvo města Brna schvaluje udělení slova fyzickým osobám nesplňujícím podmínky dle § 16 a § 17 zákona č. 128/2000 Sb. o obcích, ve znění pozdějších předpisů, které budou chtít vystoupit na dnešním zasedání Zastupitelstva města Brna, a stanoví pro ně obecný limit k vystoupení, to jest maximálně 2 minuty“.",4,1b7d3b44f9e1e083
marketa-vankova,Z9/08,8,"JUDr. Markéta Vaňková, primátorka: Upozorňuji, že k tomuto bodu máte doplněk. Na včerejší mimořádné radě jsme eště doplňovali jednu akci.",0,1b7d3b44f9e1e083
marketa-vankova,Z9/08,8,"JUDr. Markéta Vaňková, primátorka: Nějaké další návrhy? Nejsou, takže nejprve budeme hlasovat o návrhu pana zastupitele Marka, změna u Černovických hodů o týden dříve. Zahajuji hlasování: Hlasování č. 6: 46 - 0 - 0 - 3",2,1b7d3b44f9e1e083
marketa-vankova,Z9/08,9,"JUDr. Markéta Vaňková, primátorka: Návrh byl přijat. A nyní budeme hlasovat o usnesení, tak jak bylo navrženo, ve znění doplňku, jak jsem avizovala. Zahajuji hlasování: Hlasování č. 7: 47 - 0 - 0 - 2",2,1b7d3b44f9e1e083
marketa-vankova,Z9/08,9,"JUDr. Markéta Vaňková, primátorka: Někdo další do diskuse? Není tomu tak, tak budu dávat hlasovat o návrhu pana zastupitele Skřičky, že Zastupitelstvo města Brna doporučuje městské části Brno-s, ne, městské části Brno-Žabovřesky, aby vyhlásila soutěž na pojmenování lávky v k. ú. Žabovřesky, tak, soutěž, aby vyhlásila soutěž. Zahajuji hlasování: Hlasování č: 9 13 - 6 - 23 - 7",2,1b7d3b44f9e1e083
marketa-vankova,Z9/08,9,"JUDr. Markéta Vaňková, primátorka: Návrh nebyl přijat. Budeme tedy hlasovat o usnesení, tak jak bylo navrženo. Zahajuji hlasování: Hlasování č: 10 39 - 4 - 1 - 5",2,1b7d3b44f9e1e083
marketa-vankova,Z9/08,10,"JUDr. Markéta Vaňková, primátorka: Takže budeme mít doplněné usnesení, takže ukládá odboru Organizačnímu a OKU prověřit všechny okolnosti a tak dále. Není nikdo další přihlášený, tudíž zahajuji hlasování: Hlasování č. 11: 48 - 0 - 0 - 1",0,1b7d3b44f9e1e083
marketa-vankova,Z9/08,10,"JUDr. Markéta Vaňková, primátorka: Chcete to jako usnesení? Máte to, případně, písemně, nebo je to jenom apel, který si příslušné osoby, které to mají na starosti, mají vzít k srdci?",0,1b7d3b44f9e1e083
marketa-vankova,Z9/08,10,"JUDr. Markéta Vaňková, primátorka: Nějaké další podněty k tomuto bodu? Pokud nejsou, tak zahajuji hlasování: Hlasování č. 13: 43 - 0 - 5 - 2",0,1b7d3b44f9e1e083
marketa-vankova,Z9/08,13,"JUDr. Markéta Vaňková, primátorka: To asi není úplně dotaz na zastupitele města Brna. Nicméně zaevidujeme ho a v nějaké formě Vám bude odpovězeno.",0,1b7d3b44f9e1e083
marketa-vankova,Z9/08,13,"JUDr. Markéta Vaňková, primátorka: Připomeneme si to při projednání bodu 143).",0,1b7d3b44f9e1e083
marketa-vankova,Z9/08,15,"JUDr. Markéta Vaňková, primátorka: Tak, děkujeme. My jsme, my jsme moc neviděli na ty nápisy a z Vašeho slovního projevu vyplývalo, že arénu podporujete. Takže za to děkujeme.",0,1b7d3b44f9e1e083
marketa-vankova,Z9/08,15,"JUDr. Markéta Vaňková, primátorka: Takže opět si to připomeneme u bodu 143), už jste 3. vystupující. Vedeme to v patrnosti. Dobrý den, opětovně.",0,1b7d3b44f9e1e083
marketa-vankova,Z9/08,16,"JUDr. Markéta Vaňková, primátorka: Já jenom za sebe konstatuji, že strážníci i strážnice městské policie, z mého pohledu, jak mám možnost je poslední roky sledovat, jsou naprosto profesionální, a nemyslím si, že by si zasloužili takovouto obecnou kritiku. Tak, zeptám se, jestli je tady nějaký další občan, který by chtěl vystoupit v bodě podněty, dotazy, připomínky? Tak, někdo, něco se tam děje v zadních řadách, ale nevypadá to, že by někdo šel k mikrofonu. Z toho důvodu mám tedy za to, že asi nikdo další není přihlášený. A úplně krátce, ale předpokládám, že ti, kteří mluvili, už odešli, ale taky pro Vás, pro zastupitele, ke kavárně Jaga. Jednání s paní provozovatelkou Šolcovou probíhají, budeme se snažit najít takové řešení, aby provoz mohl být zachován v nějakých jiných prostorách, nicméně situace skutečně není jednoduchá. A vše to začalo bohužel tím špatným statickým stavem budovy, kde je Scala a Divadlo Bolka Polívky. To je asi vše k těm připomínkám, ty ostatní věci budou zodpovězeny písemně. Případně na ně bylo reagováno ze strany kolegy. Tak, takže končím projednání tohoto bodu a můžeme pokračovat bodem č. 11).",0,1b7d3b44f9e1e083
marketa-vankova,Z9/08,16,"JUDr. Markéta Vaňková, primátorka, požádala o právní pomoc, zda je možné o kandidátech pouze hlasovat, zda není nutná jejich volba, a to v pořadí, v jakém byly návrhy podány.",6,1b7d3b44f9e1e083
marketa-vankova,Z9/08,17,"JUDr. Markéta Vaňková, primátorka: Tak, poprosím o reakci někoho z BKOM, to znamená, buď pan ředitel Borový, anebo David Grund. Jo, hlásí se David Grund.",0,1b7d3b44f9e1e083
marketa-vankova,Z9/08,17,"JUDr. Markéta Vaňková, primátorka: Zeptám se, jestli někdo další chce do diskuse, respektive, jestli odpověď byla dostačující? Není nikdo přihlášený, zahajuji hlasování: Hlasování č. 17: 50 - 0 - 1 - 1",0,1b7d3b44f9e1e083
marketa-vankova,Z9/08,27,"JUDr. Markéta Vaňková, primátorka: Chcete to nějak vtělit do návrhu usnesení?",2,1b7d3b44f9e1e083
marketa-vankova,Z9/08,27,"JUDr. Markéta Vaňková, primátorka: Tak, další někdo do diskuse? Není tomu tak, tak zahajuji hlasování: Hlasování č. 50: Neplatné hlasování",0,1b7d3b44f9e1e083
marketa-vankova,Z9/08,27,"JUDr. Markéta Vaňková, primátorka: Usnesení nebylo přijato. Bod č. 49) Návrh na poskytnutí investičních dotací v rámci dotačního programu Podpora vytváření zelených střech. Hlásí se Vladan Krásný k tomuto bodu?",2,1b7d3b44f9e1e083
marketa-vankova,Z9/08,27,"JUDr. Markéta Vaňková, primátorka: Dobře, takže se vracíme k bodu 48) - EKOFILM. A zahajuji znovu hlasování: Hlasování č. 51: 24 - 7 - 13 - 9",0,1b7d3b44f9e1e083
marketa-vankova,Z9/08,29,"JUDr. Markéta Vaňková, primátorka: Poprosím pana vedoucího Božka.",0,1b7d3b44f9e1e083
marketa-vankova,Z9/08,29,"JUDr. Markéta Vaňková, primátorka: Tak, děkuji za reakci. Zeptám se, jestli jsou nějaké další dotazy? Pan zastupitel Anderle ještě.",0,1b7d3b44f9e1e083
marketa-vankova,Z9/08,29,"JUDr. Markéta Vaňková, primátorka: Nevím, jestli chce pan vedoucí ještě zareagovat, ale asi by řekl totéž, že vycházíme z návrhu žadatele.",2,1b7d3b44f9e1e083
marketa-vankova,Z9/08,29,"JUDr. Markéta Vaňková, primátorka: Pan zastupitel Anderle, znovu.",0,1b7d3b44f9e1e083
marketa-vankova,Z9/08,29,"JUDr. Markéta Vaňková, primátorka: Dobře. Já bych za protiprávní jednání považovala spíš, kdybychom žadateli nabízeli více peněz, než o kolik žádá. Ale je to samozřejmě úhel pohledu. Někdo další do diskuse? Není tomu tak. Zahajuji hlasování: Hlasování č. 55: 42 - 1 - 6 - 3",0,1b7d3b44f9e1e083
marketa-vankova,Z9/08,31,"JUDr. Markéta Vaňková, primátorka: Zeptám se, jestli k tomuto bodu chce ještě někdo další vystupovat? Není tomu tak. Zahajuji hlasování: Hlasování č. 58: 40 - 0 - 9 - 2",0,1b7d3b44f9e1e083
marketa-vankova,Z9/08,32,"JUDr. Markéta Vaňková, primátorka: Tak poprosím pana Štěpánka, jestli je schopný zareagovat, z Odboru kultury.",0,1b7d3b44f9e1e083
marketa-vankova,Z9/08,32,"JUDr. Markéta Vaňková, primátorka: Vzpomněla jsem si na svá advokátní léta. Ano, krásné. Tak nějaká další debata? Není tomu tak, takže zahajuji hlasování: Hlasování č. 61: 41 - 1 - 7 - 3",0,1b7d3b44f9e1e083
marketa-vankova,Z9/08,36,"JUDr. Markéta Vaňková, primátorka: Nějaké další podněty do diskuse k tomuto bodu? Nejsou. Zahajuji hlasování: Hlasování č. 68: 43 - 6 - 1 - 2",0,1b7d3b44f9e1e083
marketa-vankova,Z9/08,40,"JUDr. Markéta Vaňková, primátorka: Dáme si na to příště v materiálu pozor. Nikdo další není přihlášený do diskuse? Zahajuji hlasování: Hlasování č. 79: 40 - 0 - 6 - 4",0,1b7d3b44f9e1e083
marketa-vankova,Z9/08,47,"JUDr. Markéta Vaňková, primátorka: Na úvod mi dovolte pár slov. Projekt multifunkční haly, předpokládám, je všem v tomto sále znám, přesto bych chtěla říct, že je to strategický projekt, byl to strategický projekt již v minulém volebním období, zůstal strategickým projektem i volebního období nebo funkčního období současného. Máme za sebou poměrně intenzivní práci na tomto projektu, připomenu jenom, že v tuto chvíli máme již vybraného zhotovitele, se zhotovitelem je i podepsána smlouva a zhotovitel v souladu se smlouvou pouze čeká na udělení pokynu k zahájení stavby. Také připomenu, že se nám bohužel nepodařilo vybrat koncesionáře, z toho důvodu tedy v tuto chvíli předpokládáme, že by při zahájení provozování haly provozovatelem byla přímo společnost ARENA BRNO, která byla založena městem Brnem v souvislosti s připravovanou stavbou multifunkční haly. Dále bych chtěla říct, že intenzivně jsme samozřejmě řešili financování této stavby, financování jako takové je předmětem právě dnešního projednání a předpokládám, že k němu bude vedena ta hlavní debata. Poslední věc, která je ještě asi důležitá zmínit z těch formálních náležitostí, které je potřeba splnit, aby mohla být stavba zahájena, je tak zvaná notifikace ze strany Evropské komise ve vztahu k veřejné podpoře. Tady očekáváme rozhodnutí někdy v půlce července, nicméně, uvidíme, jak to dopadne, já jsem v těchto případech vždy opatrná, takže nechci říkat, že tomu tak skutečně bude i když všechny indicie nasvědčují tomu, že bychom to kladné rozhodnutí Evropské komise měli právě v půlce července mít, a to by byla ta poslední vlastně překážka toho, aby se stavba mohla zahájit. Za sebe možná jenom takovou osobní poznámku, když jsme ten projekt rozjížděli, bylo to před covidem, bylo to před válkou na Ukrajině, byla jsem osobně přesvědčena, že je to projekt, který Brno potřebuje, bez kterého se sice obejde, ale Brno se tím vzdává možnosti pořádání různých, ať už kulturních nebo sportovních aktivit. Já za sebe uvedu jednu osobní zkušenost, kdy jsem na jaře letošního roku, s rodinou se vypravila do pražské O2 areny, poslechnout si koncert brněnské filharmonie. Myslím si, že to asi není to, co bychom si jako Brňané přáli, abychom na akce tohoto typu museli jezdit mimo naše město, jenom připomenu nebo uvedu, že to byla akce, kde bylo několik tisíc návštěvníků, což by nám samozřejmě právě stavba multifunkční haly umožňovala. Pak přišel covid a válka na Ukrajině, ta situace se poměrně zkomplikovala, byl to taky jeden z důvodů nebo ten hlavní důvod, proč se nám nepodařilo vysoutěžit koncesionáře, přiznám se, že jsem v té době velmi zvažovala, jestli ten projekt multifunkční haly za současné ekonomické situace je tím správným projektem, nicméně v tuto chvíli otevřeně a na přímo říkám, že mám za to, že se ekonomická situace ustálila a že rozpočtové možnosti města Brna nám umožňují tento projekt zrealizovat a skutečně jsem přesvědčena tak, jak jsem byla na začátku, že je to prostě něco, co Brno potřebuje. Tolik za mě na úvod. Mám tady informace o tom, že je tady spoustu hostů, to je ten důvod, proč jsem na začátku dnešního jednání zastupitelstva nechávala hlasovat o tom, že promluvit mohou i osoby, které by k tomu nebyly oprávněny dle Zákona o obcích, takže určitě, vítám Vás tady všechny, kteří budete chtít vyjádřit jakýkoliv svůj názor ke stavbě multifunkční haly, nicméně podle jednacího řádu, teď, ten postup bude takový, že nejprve budou hovořit zastupitelé, budeme reagovat buď my, z řad Rady města Brna nebo tady máme poměrně velké množství kolegů, kteří se na tom podíleli, od právníků přes ekonomy, takže reagovat budeme",0,1b7d3b44f9e1e083
marketa-vankova,Z9/08,48,"JUDr. Markéta Vaňková, primátorka: Já odpovím na část těch dotazů. Co se týče JKC, tak naprosto odmítám tvrzení, že bychom cokoli blokovali, těším se na debatu na závěr dnešního zastupitelstva, možná pro ty, co to neví, tak výběrové řízení na zhotovitele bylo zahájeno minulý týden a důvody, proč tomu bylo až s jistým časovým odstupem ráda vysvětlím v jiném bodě a jenom pro upřesnění toho mého zážitku, schválně jsem to říkala, že tam byla návštěvnost několik tisíc osob, což se nám do Janáčkova kulturního centra skutečně nevleze. Co se týče toho, proč o tom rozhodujeme nyní, když nemáme ještě notifikaci, je to z jednoho prostého důvodu, pokud notifikaci v průběhu měsíce července získáme, jak jsem říkala, je to ta poslední věc, která by nám bránila k zahájení stavby a rádi bychom stavbu zahájili a neradi bychom svolávali mimořádné zastupitelstvo v letních měsících, proto projednáváme ten bod nyní. Co se týče provozovatele, jak jsem říkala v tom svém úvodu, byla dvě neúspěšná koncesní řízení, také jsem řekla, že hlavním důvodem byla tehdejší ekonomická situace, tak to prostě je, koncesní řízení mělo svá pravidla, probíhalo podle zákona, takže nějaké schůzky, nevím, kterou konkrétně máš Tome na mysli, ale prostě nejsou úplně relevantní na to, že se dodržel postup podle zákona tak, jak koncesní řízení probíhalo. Samozřejmě nezastírám, že já bych byla raději, kdybychom koncesionáře měli, nicméně reagujeme na situaci tak, jak je a já pevně věřím tomu, že ve chvíli, kdy stavba multifunkční haly bude probíhat a bude spět ke svému závěru, že se třeba budeme moci vrátit k jednání o provozovateli jiném, než je ARENA BRNO, na druhé straně, pokud by tomu tak nebylo, tak jsme v tuto chvíli připraveni na to, že tím provozovatelem v té první fázi, společnost ARENA BRNO bude. Bylo to jenom část dotazů, takže se zeptám kolegů, jestli někdo chce reagovat na ty zbývající. Petr Kratochvíl.",0,1b7d3b44f9e1e083
marketa-vankova,Z9/08,51,"JUDr. Markéta Vaňková, primátorka: Tak v tuto chvíli to vypadá, že žádný zastupitel není přihlášený a jak jsem avizovala, vím, že jsou tady hosté, takže poprosím teď kdokoliv z Vás přítomných, zejména já mám informace, že jste tady zástupci sportovců, tak poprosím, abyste postupně chodili k mikrofonu, vždy se představili, plus, za jaký sport nebo prostě z jaké oblasti jste a vyjádřili co chcete vyjádřit.",0,1b7d3b44f9e1e083
marketa-vankova,Z9/08,52,"JUDr. Markéta Vaňková, primátorka: Velmi děkuji a teď my bohužel ještě musíme si splnit jednu formalitu. Vzhledem k tomu, že máme z jednacího řádu 10:30 mít přestávku, tak Vás poprosím o hlasování, že prodlužujeme dobu jednání zastupitelstva do doby vyčerpání programu bodu číslo 24). Zahajuji hlasování: Hlasování č. 93: 46 - 1 - 0 - 6",0,1b7d3b44f9e1e083
marketa-vankova,Z9/08,53,"JUDr. Markéta Vaňková, primátorka: Tak v tuto chvíli to vypadá, že nechce mluvit nikdo z veřejnosti, ani nemám přihlášeného žádného zastupitele, zahajuji hlasování: Hlasování č. 94: 40 - 3 - 9 - 1",0,1b7d3b44f9e1e083
marketa-vankova,Z9/08,54,"JUDr. Markéta Vaňková, primátorka – vyhlásila přestávku v jednání do 11:15 hod.",0,1b7d3b44f9e1e083
marketa-vankova,Z9/08,54,"JUDr. Markéta Vaňková, primátorka – přistoupila k projednávání bodu 162) dle schváleného programu zasedání Zastupitelstva města Brna.",0,1b7d3b44f9e1e083
marketa-vankova,Z9/08,55,"JUDr. Markéta Vaňková, primátorka: Tak nikdo další ze zastupitelů není přihlášený, a tedy veřejnost. Chápu to správně?",0,1b7d3b44f9e1e083
marketa-vankova,Z9/08,58,"JUDr. Markéta Vaňková, primátorka: Takže zahajuji hlasování: Hlasování č. 95: 6 - 4 - 25 - 13",0,1b7d3b44f9e1e083
marketa-vankova,Z9/08,58,"JUDr. Markéta Vaňková, primátorka: Návrh na stažení nebyl přijat. Pokračujeme v diskusi. Pan zastupitel Kment.",2,1b7d3b44f9e1e083
marketa-vankova,Z9/08,58,"JUDr. Markéta Vaňková, primátorka: Tak vypadá to, že už nikdo není přihlášený Tak, paní místopředsedkyně.",0,1b7d3b44f9e1e083
marketa-vankova,Z9/08,58,"JUDr. Markéta Vaňková, primátorka: Paní náměstkyně. Bylo tady hrozně špatně slyšet.",0,1b7d3b44f9e1e083
marketa-vankova,Z9/08,58,"JUDr. Markéta Vaňková, primátorka: Tak, byla bych ráda, kdybychom upustili od nějakých osobních invektiv. A není v tuto chvíli nikdo přihlášený, takže můžeme. Paní náměstkyně.",0,1b7d3b44f9e1e083
marketa-vankova,Z9/08,58,"JUDr. Markéta Vaňková, primátorka: A já za sebe říkám, že ten dotaz je bezpředmětný, protože vy jste tu žádost podali a tím pádem jste ten následující proces určili. Takže nemá cenu se vracet do minulosti. Těžko předjímat rozhodnutí zastupitelstva, které má 55 členů, o tom, jak by bylo postupováno v případě, který nenastal. Na to Vám prostě nedokážeme odpovědět. Tak nikdo další není přihlášený, takže zahajuji hlasování: Hlasování č. 96: 37 - 0 - 11 - 0",0,1b7d3b44f9e1e083
marketa-vankova,Z9/08,60,"JUDr. Markéta Vaňková, primátorka – nechala o návrhu Mgr. Suchého, náměstka primátorky, hlasovat: Hlasování č. 97: 19 - 5 - 15 - 10",2,1b7d3b44f9e1e083
marketa-vankova,Z9/08,61,"JUDr. Markéta Vaňková, primátorka – navrhla společně hlasovat o bodech 93) – 101) vztahujících se k prodejům pozemků a částí pozemků.",4,1b7d3b44f9e1e083
marketa-vankova,Z9/08,61,"JUDr. Markéta Vaňková, primátorka – přistoupila ke společnému hlasování o bodech 93) – 97).",0,1b7d3b44f9e1e083
marketa-vankova,Z9/08,63,"JUDr. Markéta Vaňková, primátorka – navrhla společné hlasování o bodech 99) – 101) vztahujících se k prodejům částí pozemků.",4,1b7d3b44f9e1e083
marketa-vankova,Z9/08,66,"JUDr. Markéta Vaňková, primátorka – navrhla společně hlasovat o bodech 104) – 110) vztahujících se k nabytí pozemků.",4,1b7d3b44f9e1e083
marketa-vankova,Z9/08,66,"JUDr. Markéta Vaňková, primátorka – přistoupila ke společnému hlasování o bodech 104) – 109).",0,1b7d3b44f9e1e083
marketa-vankova,Z9/08,68,"JUDr. Markéta Vaňková, primátorka – navrhla společné hlasování o bodech 111) – 118) vztahujících se k bezúplatnému nabytí pozemků.",4,1b7d3b44f9e1e083
marketa-vankova,Z9/08,73,"JUDr. Markéta Vaňková, primátorka – navrhla společně hlasovat o bodech 120) – 131) vztahujících se k nabídkám předkupních práv ke stavbám.",4,1b7d3b44f9e1e083
marketa-vankova,Z9/08,73,"JUDr. Markéta Vaňková, primátorka – přistoupila ke společnému hlasování o bodech 120) – 123).",0,1b7d3b44f9e1e083
marketa-vankova,Z9/08,76,"JUDr. Markéta Vaňková, primátorka: Tak děkujeme, že víme, jak rozhodlo zastupitelstvo. A má to nějaký vliv na návrh na změnu usnesení?",2,1b7d3b44f9e1e083
marketa-vankova,Z9/08,76,"JUDr. Markéta Vaňková, primátorka: Někdo další do diskuse? Není tomu tak. Takže budeme hlasovat o návrhu pana zastupitele, a starosty zároveň, Ledera, a bude to - 1. bere na vědomí a 2. souhlasí s využitím. Dobře, tak tady proběhla, s tím, že pokud, protože pan zastupitel nám nedal písemný návrh, nebo se ke mně nedostal, takže pokud by tam bylo, že souhlasíme, tak tam musí být pak ještě to doplňující usnesení, že schvalujeme uzavření smlouvy a tak dále. Tak. Takže jsme připraveni všichni hlasovat? A opakuji, pro jistotu, hlasujeme pozitivně, takže souhlasíme s využitím předkupního práva a na to by navazovala usnesení s tím spojená. Takže zahajuji hlasování: Hlasování č. 110 23 - 0 - 12 - 15",2,1b7d3b44f9e1e083
marketa-vankova,Z9/08,76,"JUDr. Markéta Vaňková, primátorka: Usnesení nebylo přijato. Příště možná procesně, pokud jsou takové nějaké informace, tak je dodat nějak, s nějakým předstihem, ať se o tom můžeme jako bavit, jako víc věcně. Ale to, nemá to vliv na usnesení. Jenom jako, že možná je to škoda, pokud tydle informace byly dříve, tak, stejně tak, jak máme informace k jiným bodům, třeba od pana starosty Malečka, tak prostě se to dalo udělat dříve. A pan starosta Leder chce zareagovat.",0,1b7d3b44f9e1e083
marketa-vankova,Z9/08,76,"JUDr. Markéta Vaňková, primátorka: Bod už byl schválen. Respektive, nebyl schválen, ale bylo o něm rozhodnuto. Takže jako není co stahovat, protože o tom bodu bylo rozhodnuto. To, že jsme ho neschválili, ale neznamená, že bychom ho měli stahovat. Jo, aha, pardon, pardon, pardon, pardon, pardon, ano, omlouvám se, moje chyba. Dobře. Takže návrh na stažení, hlasujeme bez diskuse o návrhu na stažení. Zahajuji hlasování: Hlasování č. 111 46 - 0 - 3 - 1",2,1b7d3b44f9e1e083
marketa-vankova,Z9/08,76,"JUDr. Markéta Vaňková, primátorka: Tak, hlásí se pan, tak, takže, to byl, jsme hlasovali o návrhu na stažení. Takže tento návrh byl stažen, ale pravděpodobně budeme mít nějaké jiné procesní návrhy. Pan zastupitel Lahoda.",2,1b7d3b44f9e1e083
marketa-vankova,Z9/08,77,"JUDr. Markéta Vaňková, primátorka: Lhůtu, museli bychom rozhodnout dnes, abychom mohli využít předkupní právo. Tak. Nicméně teď je, teď je odhlasováno, že bod byl stažen. Pokud mezi zastupiteli je vůle vrátit tento bod do hry, samozřejmě procesní možnost máme, ale abychom mohli, ti, kteří nehlasovali pro, hlasovat případně pro, tak potřebujeme skutečně relevantní informace. Takže jestli se tady jsou schopni zástupci OÚPR a Odboru dopravy s panem starostou Lederem nějakým způsobem domluvit, tak samozřejmě zastupitelstvo ještě nekončí, prostor tady stále je. Ale v tuto chvíli přecházíme k dalším bodům, a to jsou body 125) – 129).",0,1b7d3b44f9e1e083
marketa-vankova,Z9/08,77,"JUDr. Markéta Vaňková, primátorka – navrhla společně hlasovat o bodech 125) – 129) vztahujících se k nabídkám předkupních práv ke stavbám.",4,1b7d3b44f9e1e083
marketa-vankova,Z9/08,80,"JUDr. Markéta Vaňková, primátorka: Tak. A bude to stejné asi jak v tom předchozím bodě. To znamená, tam by bylo, souhlasí s využitím předkupního práva a následně schvaluje ještě všechny potřebné věci. A pan starosta Maleček.",0,1b7d3b44f9e1e083
marketa-vankova,Z9/08,81,"JUDr. Markéta Vaňková, primátorka: Tak, děkuji za vyjádření gesčně příslušného radního. Zeptám se, jestli jsou nějaké další podněty do diskuse? Pokud ne, tak budeme hlasovat o protinávrhu, to znamená – bere na vědomí, souhlasí a schvaluje. Zahajuji hlasování: Hlasování č. 115: 11 - 2 - 27 - 10",2,1b7d3b44f9e1e083
marketa-vankova,Z9/08,81,"JUDr. Markéta Vaňková, primátorka: Protinávrh nebyl přijat. Budeme hlasovat o návrhu, tak jak byl původně navržen, návrhu usnesení. Zahajuji hlasování: Hlasování č. 116: 32 - 0 - 12 - 5",2,1b7d3b44f9e1e083
marketa-vankova,Z9/08,81,"JUDr. Markéta Vaňková, primátorka – navrhla společné hlasování o bodech 133) – 136) vztahujících se k nabídkám předkupních práv ke stavbám.",4,1b7d3b44f9e1e083
marketa-vankova,Z9/08,84,"JUDr. Markéta Vaňková, primátorka: Někdo další do diskuse? Není tomu tak, tak zahajuji hlasování: Hlasování č. 120: Neplatné hlasování",0,1b7d3b44f9e1e083
marketa-vankova,Z9/08,84,"JUDr. Markéta Vaňková, primátorka: Usnesení nebylo přijato. Bod č. 140) Návrh směny pozemků v k. ú. Bystrc, Komín, Líšeň a Žabovřesky.Tak, pan náměstek Kerndl.",2,1b7d3b44f9e1e083
marketa-vankova,Z9/08,84,"JUDr. Markéta Vaňková, primátorka: Dobře. Takže zpochybněné hlasování. Takže znovu hlasování k bodu č. 139). Zahajuji hlasování: Hlasování č. 121: 30 - 5 - 12 - 3",0,1b7d3b44f9e1e083
marketa-vankova,Z9/08,88,"JUDr. Markéta Vaňková, primátorka: Někdo další do diskuse? Já jenom připomenu, i když už to tady padlo, vystupovali k tomu ráno 3 občané, celkem 2, kteří podporují protinávrh pana starosty, a plus ten přímý účastník té směny, jestli to tady vyčtu, jak se jmenoval, Kopecký, jo, pan Kopecký, to byl ten poslední z těch 3, který o tom hovořil, včetně nějakých konsekvencí ve vztahu k jinému majetku, který je v jeho vlastnictví a který je využíván pro potřeby města. Tak nějaké příspěvky do diskuse? Nejsou, tak tím pádem budeme hlasovat nejprve o návrhu pana starosty Ledera, to znamená návrh na změnu usnesení, všichni byste to měli mít písemně. Takže to nebudu předčítat. Zahajuji hlasování. Hlasování č. 125: Neplatné hlasování",2,1b7d3b44f9e1e083
marketa-vankova,Z9/08,88,"JUDr. Markéta Vaňková, primátorka: Končím hlasování a zároveň se hlásí pan Hollan. Je to zpochybnění, nebo je to omyl? Takže máme zpochybněné hlasování. Tak hlasovat znovu o návrhu pana starosty Ledera. Zahajuji hlasování: Hlasování č. 126: 14 - 1 - 19 - 14",2,1b7d3b44f9e1e083
marketa-vankova,Z9/08,88,"JUDr. Markéta Vaňková, primátorka: Návrh nebyl přijat. Matěj Hollan se stále hlásí, chce hovořit, nebo? Nechce. Děkuji. Takže budeme hlasovat o návrhu usnesení, tak jak bylo navrženo v podkladech. To znamená, bere na vědomí a schvaluje. Zahajuji hlasování: Hlasování č. 127: Neplatné hlasování",2,1b7d3b44f9e1e083
marketa-vankova,Z9/08,88,"JUDr. Markéta Vaňková, primátorka: Usnesení nebylo přijato. Tak, Pavel Urubek se hlásí.",0,1b7d3b44f9e1e083
marketa-vankova,Z9/08,89,"JUDr. Markéta Vaňková, primátorka: Dobře. Tak eště jednou hlasování. Zahajuji hlasování o návrhu usnesení, tak jak bylo původně navrženo. Zahajuji hlasování: Hlasování č. 128: Neplatné hlasování",2,1b7d3b44f9e1e083
marketa-vankova,Z9/08,89,"JUDr. Markéta Vaňková, primátorka: Usnesení bylo přijato. Tak, pan starosta Maleček.",0,1b7d3b44f9e1e083
marketa-vankova,Z9/08,89,"JUDr. Markéta Vaňková, primátorka: Tak. Opět zpochybnění hlasování. Tak do třetice všeho dobrého i zlého. Zahajuju hlasování o původním návrhu usnesení: Hlasování č. 129: 29 - 5 - 13 - 2",2,1b7d3b44f9e1e083
marketa-vankova,Z9/08,89,"JUDr. Markéta Vaňková, primátorka: Usnesení nebylo přijato. S napětím se dívám do sálu, teda bylo, pardon, pardon, bylo přijato, tak. S napětím se dívám do sálu, jestli někdo nezpochybní hlasování počtvrté. Není tomu tak. Tak znovu opakuji, usnesení bylo přijato.",0,1b7d3b44f9e1e083
marketa-vankova,Z9/08,92,"JUDr. Markéta Vaňková, primátorka: Myslím si, že v důvodové zprávě je vyjádření OSP, které vysvětluje postoj i hlasování rady, nebo minimálně mé osoby v rámci jednání v radě. Tak. Někdo další do diskuse? Není tomu tak. Zahajuji hlasování: Hlasování č. 133: 32 - 4 - 11 - 3",0,1b7d3b44f9e1e083
marketa-vankova,Z9/08,93,"JUDr. Markéta Vaňková, primátorka: Tak já asi poprosím buď někoho z Odboru investičního, paní Chudáčkovou, anebo právní poradu, protože se přiznám, že v tuto chvíli nejsem schopna říct jednoznačně.",0,1b7d3b44f9e1e083
marketa-vankova,Z9/08,93,"JUDr. Markéta Vaňková, primátorka: Akorát že v tom materiálu máme – za 3. souhlasí s prominutím a za 4. nesouhlasí s prominutím smluvní pokuty.",0,1b7d3b44f9e1e083
marketa-vankova,Z9/08,93,"JUDr. Markéta Vaňková, primátorka: A jestli se dívám, tak je to úplně stejný text.",0,1b7d3b44f9e1e083
marketa-vankova,Z9/08,93,"JUDr. Markéta Vaňková, primátorka: No, ale nemáme to tam variantně. Takže to je asi, má pan zastupitel Lahoda asi pravdu, v tom smyslu. Jaký je rozdíl mezi bodem 3 a 4? Ty body se vylučují, je tomu tak?",0,1b7d3b44f9e1e083
marketa-vankova,Z9/08,94,"JUDr. Markéta Vaňková, primátorka: Ano. Takže je nemůžeme, tak materiál není zpracován správně. Protože kdybychom to odhlasovali takto, jak je to navrženo, tak bychom přijali usnesení 2, která jdou proti sobě. Dívám se na to správně? Proto se Vás na to ptám.",0,1b7d3b44f9e1e083
marketa-vankova,Z9/08,94,"JUDr. Markéta Vaňková, primátorka: Dobře. Takže, takže děkuju za dopřesnění. Chybička se vloudí. To znamená, rada rozhodla o té variantě, která je souhlasná, to znamená v souladu s rozhodnutím rady já budu nechávat hlasovat, pokud nebude nějaký protinávrh, o bodech 1, 2, 3, s tím, že 3 je souhlasí. A nebudeme hlasovat o bodě č. 4, který je nesouhlasí. Tak. Zeptám se, jestli je ještě někdo do diskuse k tomuto bodu? Nevypadá, takže nechávám hlasovat o usnesení pod body 1, 2, 3. Zahajuji hlasování: Hlasování č. 136: 36 - 0 - 11 - 2",2,1b7d3b44f9e1e083
marketa-vankova,Z9/08,95,"JUDr. Markéta Vaňková, primátorka: Někdo další do diskuse? Není tomu tak. Zahajuji hlasování: Hlasování č. 138: 35 - 0 - 10 - 4",0,1b7d3b44f9e1e083
marketa-vankova,Z9/08,96,"JUDr. Markéta Vaňková, primátorka: Tady máte v materiálu variantní usnesení, Rada města Brna rozhodla, nebo schválila variantu A. Tudíž pokud nebude jiný návrh, budu dávat návrh na hlasování o varitantě A. Ale budu dávat návrh na hlasování po odrážkách, protože ještě v rámci té varianty A jsou 2 podusnesení. Jedno je schvaluje, druhé je neschvaluje. Tak. Diskuse k tomuto bodu? Pokud není, tak ten proces, jak jsem nastínila. To znamená, nyní dávám hlasovat, půjdeme úplně postupně, ať v tom nemáme zmatek. Takže, 1. bere na vědomí, to znamená bod č. 1 – bere na vědomí: Hlasování č. 144: 49 - 0 - 1 - 0",2,1b7d3b44f9e1e083
marketa-vankova,Z9/08,96,"JUDr. Markéta Vaňková, primátorka: Usnesení bylo přijato. A nyní hlasujeme o variantě A bodu 2 – schvaluje. Zahajuji hlasování: Hlasování č. 145: 49 - 0 - 1 - 0",0,1b7d3b44f9e1e083
marketa-vankova,Z9/08,96,"JUDr. Markéta Vaňková, primátorka: Usnesení bylo přijato. A nyní varianta A, bod 3 - neschvaluje. Zahajuji hlasování: Hlasování č. 146: 43 - 0 - 3 - 4",0,1b7d3b44f9e1e083
marketa-vankova,Z9/08,98,"JUDr. Markéta Vaňková, primátorka – upozornila na variantní návrh usnesení a navrhla hlasování o přijetí usnesení ve variantě A – souhlasí.",10,1b7d3b44f9e1e083
marketa-vankova,Z9/08,99,"JUDr. Markéta Vaňková, primátorka: Tak, hlásí se pan radní Oliva.",0,1b7d3b44f9e1e083
marketa-vankova,Z9/08,99,"JUDr. Markéta Vaňková, primátorka: Zpochybněné hlasování, hlasujeme ještě jednou. Takže – bere na vědomí, souhlasí. Možná pro doplnění, Rada města Brna usnesení nepřijala. Tak, zahajuji hlasování. Aha, nějak nám to nehlasuje. Jo, já musím ukončit. Tak, tak teď snad? To je to zpochybněné hlasování. Nějak jsme se zasekli. Už. Tak, takže zahajuji hlasování: Hlasování č. 149: Neplatné hlasování",0,1b7d3b44f9e1e083
marketa-vankova,Z9/08,99,"JUDr. Markéta Vaňková, primátorka: A, zpochybnění hlasování. To už je dnes takový kolorit. Petr Kratochvíl.",0,1b7d3b44f9e1e083
marketa-vankova,Z9/08,99,"JUDr. Markéta Vaňková, primátorka: Tak, dobře. Tak. Ještě jednou pro všechny, kdo by případně jako nevěděli, jestli se uklikli, nebo neuklikli. Hlasujeme o usnesení, které je – souhlasí s plným členstvím. A říkám, rada nepřijala usnesení. Tak. Zahajuji hlasování: Hlasování č. 150: 23 - 6 - 18 - 3",0,1b7d3b44f9e1e083
marketa-vankova,Z9/08,99,"JUDr. Markéta Vaňková, primátorka: Není důvod se omlouvat. Řízení bylo zahájeno ve středu, ve věstníku se to objevilo teprve včera. Tak. Někdo další do diskuse? Paní zastupitelka Drápalová.",0,1b7d3b44f9e1e083
marketa-vankova,Z9/08,99,"JUDr. Markéta Vaňková, primátorka: Reakce, pan náměstek Kerndl.",0,1b7d3b44f9e1e083
marketa-vankova,Z9/08,100,"JUDr. Markéta Vaňková, primátorka: Reakce paní starostka Drápalová?",0,1b7d3b44f9e1e083
marketa-vankova,Z9/08,100,"JUDr. Markéta Vaňková, primátorka: Pan radní Kratochvíl se hlásí, možná reakce k těm, k té přepravě?",0,1b7d3b44f9e1e083
marketa-vankova,Z9/08,102,"JUDr. Markéta Vaňková, primátorka: Tak, já děkuji Petrovi. Stalo se jediné, že máme 13:04, a vzhledem k tomu, že jsou 3 další přihlášení, tak to vidím na pokračování po obědě. A k JKC já možná jenom dodám poslední větu. Petr říká, že překážky odpadly v březnu, za mě překážky odpadly 15. 5., kdy nám pan architekt Hrůša předložil projektovou dokumentaci, která je potřebná ke změně, zase k další změně před dokončením. A to jsou ty změny, které vyplynuly z dohody s Intrem. Takže do 15. 5. my jsme neměli projektovou dokumentaci, na základě které se bude stavět. Ale já už bych se k tomu asi, jako za sebe, nevracela. Já jsem ráda, že výběrové řízení je vypsáno, že máme v tuto chvíli všechny podklady, na základě kterých se dá soutěžit. A moje jediné přání k JKC je, aby skutečně ta cena, která byla vysoutěžena, odpovídala té předpokládané ceně, což je 2.400.000.000, protože pokud jsem tázána, jestli něco může ještě zhatit stavbu, tak já, osobně, otevřeně říkám, pokud by ta cena, vysoutěžená, převyšovala nějakým významným způsobem tu předpokládanou cenu, tak by to samozřejmě problém být mohl. A nyní tedy přestávka do 14:30.",0,1b7d3b44f9e1e083
marketa-vankova,Z9/08,102,"JUDr. Markéta Vaňková, primátorka: Tak, provozní model máme zpracovaný, s filharmonií i nadále probíhají jednání o budoucí představě provozování. Nicméně ty podklady, které teď máme od externí agentury, tak jsou pro nás v tuto chvíli dostačující. Co se týče vypsání výběrového řízení, padlo to tady dnes již několikrát. Výběrové řízení bylo vypsáno minulou středu, ve věstníku se to objevilo včerejšího dne. Takže výběrové řízení v tuto chvíli probíhá. Nabídky v 1. kole jsou podávány, nebo lhůta pro podání je 15. srpna. Co se týče garáží, v tuto chvíli nepočítáme s tím, že by garáže byly otevřeny předtím, než dojde k zahájení stavby. Tak. Teď tam mně svítí pan zastupitel Hollan, ale já se přiznám, že já totiž nevidím zrovna do toho místa a jestli tam je, nebo není? Není. Takže pan zastupitel Hollan mluvit nebude, pan zastupitel Koláčný zde také není. Takže se zeptám, jestli jsou tady, jestli se přihlásí někdo další? Tak. Pan zastupitel Skřička.",0,1b7d3b44f9e1e083
marketa-vankova,Z9/08,103,"JUDr. Markéta Vaňková, primátorka: Tak. Asi to necháme na písemné odpovědi. Nebo jestli pan radní Aberl chce zareagovat? Tak. Odpovíme písemně.",0,1b7d3b44f9e1e083
marketa-vankova,Z9/08,103,"JUDr. Markéta Vaňková, primátorka: Jo, aha, dobře, děkuju. Já tady dnes nějak špatně slyším. Tak, někdo další ještě s nějakými dotazy? Nevypadá to, tím pádem Vám všem děkuji, i za to, že jste, a, Vladan Krásný ještě něco hezkého na závěr? Tak prosím, Vladane.",0,1b7d3b44f9e1e083
marketa-vankova,Z9/08,104,"JUDr. Markéta Vaňková, primátorka, ukončila zasedání Zastupitelstva města Brna (ve 14:45 hod.).",0,1b7d3b44f9e1e083
marketa-vankova,Z9/09,1,"Zasedání zahájila a řídila primátorka města Brna JUDr. Markéta Vaňková (dále jen JUDr. Markéta Vaňková, primátorka).",0,3662325cd3a42957
marketa-vankova,Z9/09,1,"JUDr. Markéta Vaňková, primátorka, upozornila na skutečnost, že jednání Zastupitelstva města Brna je audiovizuálně přenášeno prostřednictvím internetových stránek města a přenos je zaznamenáván, archivován a následně bude zveřejněn.",4,3662325cd3a42957
marketa-vankova,Z9/09,1,"Dále JUDr. Markéta Vaňková, primátorka, oznámila, že klub zastupitelů ZMB dosud nazvaný „ČSSD VAŠI STAROSTOVÉ“ se dne 17. 8. 2023 přejmenoval na klub „Sociální demokracie“ (zkratka: SOCDEM).",0,3662325cd3a42957
marketa-vankova,Z9/09,1,"JUDr. Markéta Vaňková, primátorka, sdělila, že při prezenci členové Zastupitelstva města Brna obdrželi: • doplněk k bodu 59), který byl dne 4. 9. 2023 vložen na chráněné internetové datové úložiště • materiál k nově navrženému bodu 163), který byl dne 4. 9. 2023 vložen na chráněné internetové datové úložiště • Výpis usnesení Finančního výboru Zastupitelstva města Brna k bodům projednávaným na tomto zasedání, který byl dne 4. 9. 2023 vložen na chráněné internetové datové úložiště • Informace o hlasování členů RMB neuvedené v předložených materiálech k bodům programu ZMB č. Z9/09",0,3662325cd3a42957
marketa-vankova,Z9/09,2,"Schválení programu zasedání Zastupitelstva města Brna č. Z9/09 JUDr. Markéta Vaňková, primátorka, zdůvodnila tyto změny programu:",0,3662325cd3a42957
marketa-vankova,Z9/09,2,"Dále JUDr. Markéta Vaňková, primátorka, navrhla předřadit projednání nového bodu 163) po Technickém bodu.",4,3662325cd3a42957
marketa-vankova,Z9/09,2,"JUDr. Markéta Vaňková, primátorka, nechala hlasovat o návrzích na změny v programu zasedání Zastupitelstva města Brna, které uvedla v rámci Technického bodu.",-3,3662325cd3a42957
marketa-vankova,Z9/09,7,"JUDr. Markéta Vaňková, primátorka, v úvodu projednání bodu sdělila, že členové Zastupitelstva města Brna obdrželi materiál k tomuto bodu včetně platného volebního řádu pro veřejnou volbu provedenou hlasovacím zařízením.",0,3662325cd3a42957
marketa-vankova,Z9/09,7,"Nejprve nechala JUDr. Markéta Vaňková, primátorka, hlasovat o prvních 2 částech usnesení dle předloženého materiálu k bodu 163), tedy o navýšení počtu členů Výboru pro národnostní menšiny Zastupitelstva města Brna na 19 členů a současně o vzetí na vědomí Volebního řádu pro volbu neuvolněných předsedů, místopředsedů a členů výborů Zastupitelstva města Brna schváleného na Z9/02. zasedání Zastupitelstva města Brna konaném dne 15. 11. 2022: Hlasování č. 5: 50 - 0 - 0 - 0",0,3662325cd3a42957
marketa-vankova,Z9/09,7,"Poté JUDr. Markéta Vaňková, primátorka, přistoupila k volbě volební komise.",0,3662325cd3a42957
marketa-vankova,Z9/09,8,"JUDr. Markéta Vaňková, primátorka, upozornila, že podle čl. 5 odst. 2 Volebního řádu pro volbu neuvolněných předsedů, místopředsedů a členů výborů Zastupitelstva města Brna členem volební komise nemůže být kandidát na funkce volené dle tohoto volebního řádu. Poté vyzvala přítomné členy Zastupitelstva města Brna k podání návrhů na členy volební komise. JUDr. Jiří Oliva, člen Rady města Brna, navrhl Mgr. Bc. Marka Viskota, Bc. Jiří Kment navrhl Mgr. Bc. Blanku Borovskou a JUDr. Robert Kerndl, náměstek primátorky, navrhl JUDr. PhDr. Martina Příborského, EMLE.",8,3662325cd3a42957
marketa-vankova,Z9/09,8,"JUDr. Markéta Vaňková, primátorka, upozornila, že o usnesení se nehlasuje, je to konstatování výsledků uskutečněné volby, a požádala předsedu volební komise, aby se v souladu s volebním řádem ujal řízení volby.",8,3662325cd3a42957
marketa-vankova,Z9/09,10,"JUDr. Markéta Vaňková, primátorka: Nikdo další není přihlášený k tomuto bodu, to znamená, ukončuji projednání bodu 163) a již 7 min. bychom měli být v bodě č. 2), to znamená Dotazy, připomínky a podněty občanů.",0,3662325cd3a42957
marketa-vankova,Z9/09,11,"JUDr. Markéta Vaňková, primátorka: A vidím paní Burešovou už u mikrofonu, tak dobrý den, vítám Vás na jednání zastupitelstva, máte slovo.",0,3662325cd3a42957
marketa-vankova,Z9/09,12,"JUDr. Markéta Vaňková, primátorka: Paní Burešová, já se omlouvám, už mluvíte 9 min., čas jste několikrát překročila, pan starosta Maleček se hlásí, takže na to bude nějakým způsobem reagovat. A skutečnosti, které uvádíte, už tady uvádíte opakovaně. Není to prostě pro nás nic nového. Takže pan starosta Maleček.",0,3662325cd3a42957
marketa-vankova,Z9/09,13,"JUDr. Markéta Vaňková, primátorka: Tak, paní Burešová, velmi krátce, už jenom reakci. Myslím si skutečně, že všechno už podstatné jste řekla.",0,3662325cd3a42957
marketa-vankova,Z9/09,13,"JUDr. Markéta Vaňková, primátorka: Paní Burešová, tak Vás poprosím o ukončení. Děkuji. Tak, poprosím další občany, pokud jsou tady přítomni? Vypadá to, že ne, to znamená, končíme bod č. 2) Dotazy, připomínky a podněty občanů a můžeme přikročit k bodu č. 5).",0,3662325cd3a42957
marketa-vankova,Z9/09,15,"JUDr. Markéta Vaňková, primátorka: Někdo další do diskuse? Není nikdo přihlášený, tak zahajuji hlasování: Hlasování č. 13: 42 - 0 - 6 - 2",0,3662325cd3a42957
marketa-vankova,Z9/09,15,"JUDr. Markéta Vaňková, primátorka: Nějaké další dotazy? Není tomu tak, tak zahajuji hlasování: Hlasování č. 14: 45 - 0 - 6 - 0",0,3662325cd3a42957
marketa-vankova,Z9/09,16,"JUDr. Markéta Vaňková, primátorka: Nějaké další dotazy či návrhy, případně na změnu usnesení? Není tomu tak, zahajuji hlasování: Hlasování č. 15: 36 - 1 - 12 - 2",2,3662325cd3a42957
marketa-vankova,Z9/09,18,"JUDr. Markéta Vaňková, primátorka: Dobře. Nějaké další podněty, dotazy? Pokud nejsou, tak vždycky budeme hlasovat jako kdyby i o 1. bere na vědomí žádost a o 2. schvaluje, k tomu konkrétnímu subjektu. Takže nyní zahajuji hlasování o - bere na vědomí žádost o prominutí Paspoint a schvaluje prominutí povinnosti odvodu Paspoint. Zahajuji hlasování: Hlasování č. 24: 50 - 0 - 0 - 1",0,3662325cd3a42957
marketa-vankova,Z9/09,18,"JUDr. Markéta Vaňková, primátorka: Usnesení bylo přijato. Nyní budeme hlasovat o EkoInkubátoru. To znamená - bere na vědomí žádost o prominutí a schvaluje prominutí povinnosti odvodu, vše u EkoInkubátoru. Zahajuju hlasování: Hlasování č. 25: 45 - 6 - 0 - 0",0,3662325cd3a42957
marketa-vankova,Z9/09,18,"JUDr. Markéta Vaňková, primátorka: Usnesení bylo přijato. A nakonec budeme hlasovat o společnosti Kunštát PRO FUTURO. To znamená - bere na vědomí žádost a schvaluje prominutí EkoInkubátor. Teda, pardon, Kunštát PRO FUTURO. Zahajuji hlasování: Hlasování č. 26: 51 - 0 - 0 - 0",0,3662325cd3a42957
marketa-vankova,Z9/09,22,"JUDr. Markéta Vaňková, primátorka: Tak. Předpokládám, a případně poprosím pana vedoucího Jelínka, že správný údaj je ten v rozpočtovém opatření, schvalujeme rozpočtové opatření, to znamená, v důvodové zprávě to může být upraveno. Pokud by to bylo naopak, jo, pan Jelínek kýve hlavou, že tomu tak je. To znamená, můžeme hlasovat o usnesení, tak jak bylo navrženo, a chyba je v důvodové zprávě. Zahajuji hlasování: Hlasování č. 37: 50 - 0 - 1 - 1",0,3662325cd3a42957
marketa-vankova,Z9/09,23,"JUDr. Markéta Vaňková, primátorka: Tak. Nikdo další se do diskuse nehlásí, paní Gruberová.",0,3662325cd3a42957
marketa-vankova,Z9/09,23,"JUDr. Markéta Vaňková, primátorka: Tak, dívám se, jestli to chce ještě někdo doplnit, dovysvětlit? Myslím si, že to není nutné. Kdyby Odbor sociální péče měl za to, že domov pro seniory tyto peníze potřebuje, tak by určitě tento materiál nepředkládal. Tím jsem si jistá. Takže, a, ještě pan zastupitel Anderle.",0,3662325cd3a42957
marketa-vankova,Z9/09,23,"JUDr. Markéta Vaňková, primátorka: Tak paní zastupitelka Gruberová.",0,3662325cd3a42957
marketa-vankova,Z9/09,23,"JUDr. Markéta Vaňková, primátorka: Tak, děkuji za dovysvětlení. Tak, v tuto chvíli se nikdo další nehlásí, můžeme tedy přistoupit k hlasování. Zahajuji hlasování: Hlasování č. 40: 46 - 4 - 2 - 0",0,3662325cd3a42957
marketa-vankova,Z9/09,24,"JUDr. Markéta Vaňková, primátorka: Nějaké další dotazy? Nevypadá to. Zahajuji hlasování: Hlasování č. 43: 45 - 0 - 6 - 1",0,3662325cd3a42957
marketa-vankova,Z9/09,29,"JUDr. Markéta Vaňková, primátorka: Jsou nějaké další dotazy? Není tomu tak, není tomu tak, tak za, á, tak je tomu tak, tak nehlasujeme ještě. Pan zastupitel Koláčný. Hlasování č. 56: Neplatné hlasování",0,3662325cd3a42957
marketa-vankova,Z9/09,29,"JUDr. Markéta Vaňková, primátorka: Nikdo další není přihlášený, zahajuji hlasování: Hlasování č. 57: 47 - 0 - 5 - 0",0,3662325cd3a42957
marketa-vankova,Z9/09,31,"JUDr. Markéta Vaňková, primátorka: Tak, zeptám se, jestli je tady pan Carda ze Společně? Výborně, takže ho poprosím k mikrofonu.",0,3662325cd3a42957
marketa-vankova,Z9/09,31,"JUDr. Markéta Vaňková, primátorka: Jsi zaplý, ale dej si to asi víc k ústům.",0,3662325cd3a42957
marketa-vankova,Z9/09,31,"JUDr. Markéta Vaňková, primátorka: Počkáme, jestli se přihlásí někdo další, či zda ta odpověď byla dostačující? Vypadá to, že nikdo další se nehlásí, takže děkuji, my můžeme přistoupit k hlasování. Zahajuji hlasování: Hlasování č. 62: 43 - 1 - 4 - 4",0,3662325cd3a42957
marketa-vankova,Z9/09,32,"JUDr. Markéta Vaňková, primátorka: Pardon, já jsem neslyšela závěr té věty, takže v tomto případě?",0,3662325cd3a42957
marketa-vankova,Z9/09,32,"JUDr. Markéta Vaňková, primátorka: Jo, dobře, děkuji. Já jsem nevěděla, jestli tam není nějaký návrh na změnu usnesení. Dobře. Nějaké další dotazy, podněty? Pokud tomu tak není, tak zahajuji hlasování: Hlasování č. 63: 41 - 6 - 2 - 2",2,3662325cd3a42957
marketa-vankova,Z9/09,33,"JUDr. Markéta Vaňková, primátorka – upozornila na změnu v navržené částce pro individuální neinvestiční dotaci z původních 200.000 Kč na 90.000 Kč. Tato změna byla předmětem doplňku k materiálu.",4,3662325cd3a42957
marketa-vankova,Z9/09,35,"JUDr. Markéta Vaňková, primátorka – upozornila na změnu v navrženém usnesení ve znění doplňku.",4,3662325cd3a42957
marketa-vankova,Z9/09,40,"JUDr. Markéta Vaňková, primátorka: Poprosím pana vedoucího Poláka.",0,3662325cd3a42957
marketa-vankova,Z9/09,40,"JUDr. Markéta Vaňková, primátorka: Není nikdo další přihlášený, zahajuji hlasování: Hlasování č. 78: 41 - 6 - 0 - 4",0,3662325cd3a42957
marketa-vankova,Z9/09,42,"JUDr. Markéta Vaňková, primátorka: Nikdo další není přihlášený, zahajuji hlasování: Hlasování č. 81: 42 - 3 - 3 - 3",0,3662325cd3a42957
marketa-vankova,Z9/09,42,"JUDr. Markéta Vaňková, primátorka: Není nikdo další přihlášený, zahajuji hlasování: Hlasování č. 82: 44 - 6 - 0 - 1",0,3662325cd3a42957
marketa-vankova,Z9/09,43,"JUDr. Markéta Vaňková, primátorka: Není nikdo další přihlášený, zahajuju hlasování: Hlasování č. 83: 43 - 0 - 7 - 1",0,3662325cd3a42957
marketa-vankova,Z9/09,44,"JUDr. Markéta Vaňková, primátorka – upozornila, že Rada města Brna nepřijala navržené usnesení, bylo hlasováno 5 pro, 0 proti, 3 se zdrželi.",4,3662325cd3a42957
marketa-vankova,Z9/09,50,"JUDr. Markéta Vaňková, primátorka – navrhla společně hlasovat o bodech 92) – 111) vztahujících se k prodejům pozemků a částí pozemků.",4,3662325cd3a42957
marketa-vankova,Z9/09,50,"JUDr. Markéta Vaňková, primátorka – přistoupila k projednání bodu 92).",0,3662325cd3a42957
marketa-vankova,Z9/09,51,"JUDr. Markéta Vaňková, primátorka – přistoupila ke společnému hlasování o bodech 94) – 100).",0,3662325cd3a42957
marketa-vankova,Z9/09,55,"JUDr. Markéta Vaňková, primátorka – přistoupila ke společnému hlasování o bodech 106) – 111).",0,3662325cd3a42957
marketa-vankova,Z9/09,57,"JUDr. Markéta Vaňková, primátorka – navrhla společné hlasování o bodech 112) – 123) vztahujících se k nabytí nemovitostí.",4,3662325cd3a42957
marketa-vankova,Z9/09,57,"JUDr. Markéta Vaňková, primátorka – přistoupila k projednání bodu 112).",0,3662325cd3a42957
marketa-vankova,Z9/09,58,"JUDr. Markéta Vaňková, primátorka – přistoupila ke společnému hlasování o bodech 113) – 123).",0,3662325cd3a42957
marketa-vankova,Z9/09,64,"JUDr. Markéta Vaňková, primátorka – navrhla společně hlasovat o bodech 127) – 140) vztahujících se k bezúplatným nabytím pozemků.",4,3662325cd3a42957
marketa-vankova,Z9/09,73,"JUDr. Markéta Vaňková, primátorka – navrhla společně hlasovat o bodech 141) – 147) vztahujících se k nabídkám předkupních práv ke stavbám, přičemž u bodu 146) byl navržen souhlas s využitím předkupního práva.",4,3662325cd3a42957
marketa-vankova,Z9/09,73,"JUDr. Markéta Vaňková, primátorka: Poprosím paní vedoucí Baborovskou.",0,3662325cd3a42957
marketa-vankova,Z9/09,73,"JUDr. Markéta Vaňková, primátorka: Vypadá to, že odpověď byla dostačující, nikdo další se nehlásí do diskuse, takže zahajuji hlasování k bodům 141) – 147) dle návrhu usnesení, tak jak jste je měli v materiálech. Zahajuji hlasování: Hlasování č. 112: 49 - 0 - 1 - 2",2,3662325cd3a42957
marketa-vankova,Z9/09,82,"JUDr. Markéta Vaňková, primátorka – vyhlásila v souladu s Jednacím řádem Zastupitelstva města Brna přestávku v jednání do 11:00 hod.",0,3662325cd3a42957
marketa-vankova,Z9/09,83,"JUDr. Markéta Vaňková, primátorka – upozornila, že všichni členové Zastupitelstva města Brna obdrží doplněk k bodu 24), a poté přistoupila k projednávání bodu 159) dle schváleného programu zasedání Zastupitelstva města Brna.",4,3662325cd3a42957
marketa-vankova,Z9/09,84,"JUDr. Markéta Vaňková, primátorka: Ano, já to tak chápu a pan vedoucí kýve hlavou, že také, samozřejmě s výjimkou těch jednotek, které zůstanou ve vlastnictví, nebo v užívání společnosti STAREZ.",0,3662325cd3a42957
marketa-vankova,Z9/09,84,"JUDr. Markéta Vaňková, primátorka: Tak to se přiznám, že nevím, takže to poprosím, jestli ví pan vedoucí, jak je to nastaveno? Jestli už je tam, v tuto chvíli, ta koncese takto nadefinována? Protože teď ten bod je o tom prohlášení vlastníka o rozdělení těch jednotek? Pan vedoucí ví, neví? Neví. Nejsme schopni v tuto chvíli říct. Pan zastupitel Prokeš.",0,3662325cd3a42957
marketa-vankova,Z9/09,84,"JUDr. Markéta Vaňková, primátorka: Určitě. Můžeme v souladu s jednacím řádem bez rozpravy. Zahajuji hlasování, návrh na stažení tohoto bodu z programu: Hlasování č. 127: 11 - 0 - 28 - 13",2,3662325cd3a42957
marketa-vankova,Z9/09,84,"JUDr. Markéta Vaňková, primátorka: Návrh nebyl přijat, takže vedeme dále diskusi k bodu 162). Není nikdo přihlášený, zahajuji hlasování: Hlasování č. 128: 43 - 0 - 8 - 1",2,3662325cd3a42957
marketa-vankova,Z9/09,84,"JUDr. Markéta Vaňková, primátorka – po projednání bodu 162) požádala přítomné členy Zastupitelstva města Brna o opětovné zařazení a projednání bodu 24) z důvodu chybně navrženého usnesení, které nekorespondovalo s rozhodnutím Rady města Brna. Administrativním nedopatřením nebyl členům Zastupitelstva města Brna poskytnut doplněk k bodu 24) se správným zněním usnesení. Následně byl doplněk rozdán po dopolední přestávce.",4,3662325cd3a42957
marketa-vankova,Z9/09,84,"JUDr. Markéta Vaňková, primátorka – v souladu s Jednacím řádem Zastupitelstva města Brna navrhla hlasovat o opětovném zařazení a projednání bodu 24): Hlasování č. 129: 50 - 0 - 2 - 0",4,3662325cd3a42957
marketa-vankova,Z9/09,85,"JUDr. Markéta Vaňková, primátorka: A já jenom upřesním, byť ten doplněk tedy máte před sebou, že dochází ke změně názvu, vypadne na konci – změna realizátora projektu, takže je to pouze návrh rozpočtového opatření, aktualizace rozpočtu Odboru participace Magistrátu města Brna. A ta změna spočívá v tom, že tam není ta 1. odrážka z toho původního usnesení, to znamená změna realizátoru projektu a tak dále a tak dále, a celé to začíná, to usnesení, tedy až tou 2. odrážkou, a to je navýšení celkových nákladů na akci „Klubovny pro děti v Tuřanech“. A dál už je to beze změn. Otevírám diskusi tadyktomuto materiálu. Paní náměstkyně Podivinská.",2,3662325cd3a42957
marketa-vankova,Z9/09,85,"JUDr. Markéta Vaňková, primátorka: Dobře. Tak ještě v rámci toho doplňku tedy bude v té 2. odrážce vymazáno to spojení - ve výši 10 % z předpokládané částky - a bude tam teda jenom navýšení celkových nákladů z částky 2.250.000, nebo 2.250 tis., na 2.700.000, jo? Tak tadystouto úpravou ještě budeme hlasovat. Tak ještě někdo do diskuse k tomuto bodu? Pokud ne, tak zahajuji hlasování o tom usnesení ve znění doplňku a zároveň s odstraněním toho údaje o 10 % ve 2. odrážce. Zahajuji hlasování: Hlasování č. 130: 42 - 0 - 7 - 3",0,3662325cd3a42957
marketa-vankova,Z9/09,86,"JUDr. Markéta Vaňková, primátorka: Vzhledem k charakteru dotazu bude odpovězeno písemně.",0,3662325cd3a42957
marketa-vankova,Z9/09,87,"JUDr. Markéta Vaňková, primátorka, ukončila zasedání Zastupitelstva města Brna (v 11:35 hod.).",0,3662325cd3a42957
marketa-vankova,Z9/11,1,"Zasedání zahájila a řídila primátorka města Brna JUDr. Markéta Vaňková (dále jen JUDr. Markéta Vaňková, primátorka) a konstatovala, že zasedání bylo svoláno v souladu s čl. 3 odst. 2 Jednacího řádu Zastupitelstva města Brna k projednání naléhavých záležitostí.",0,8b2034d2529405ca
marketa-vankova,Z9/11,1,"JUDr. Markéta Vaňková, primátorka, upozornila na skutečnost, že jednání Zastupitelstva města Brna je audiovizuálně přenášeno prostřednictvím internetových stránek města a přenos je zaznamenáván, archivován a následně bude zveřejněn.",4,8b2034d2529405ca
marketa-vankova,Z9/11,1,"JUDr. Markéta Vaňková, primátorka, sdělila, že při prezenci členové Zastupitelstva města Brna obdrželi: • doplněk k bodu 3), který byl dne 18. 10. 2023 vložen na chráněné internetové datové úložiště • doplňky k bodům 3), předložené paní Drápalovou, panem Hollanem a CÍSAŘ, ČEŠKA, SMUTNÝ, advokátní kanceláří",0,8b2034d2529405ca
marketa-vankova,Z9/11,2,"JUDr. Markéta Vaňková, primátorka: Dřív, než přistoupíme k hlasování o programu, tak bych chtěla říci, v návaznosti na minulé Zastupitelstvo města Brna, že ta situace od minulého týdne se nám procesně vyvinula. Společnost Metrostav, to znamená ta společnost, která byla vybrána jako nejúspěšnější uchazeč z toho jednoho, tak podala písemně své stanovisko, že prodlužuje lhůtu k uzavření smlouvy do konce tohoto roku. To znamená, není to do konce října, jak jsme předpokládali minulý týden. Z toho důvodu tedy je zřejmé, že v tuto chvíli bychom mohli to naše rozhodnutí ještě z tohoto důvodu oddálit, nicméně mám za to, a proto to zastupitelstvo dnešní se koná, že je vhodné tu záležitost projednat, tak jak jsme se dohodli a jak bylo vlastně přijato usnesení ten minulý týden. To znamená, skutečně navrhuji, aby dnes jsme danou záležitost projednali na základě podkladů, které máme k dispozici. Ale, předpokládám sice, že všichni o té skutečnosti víte, o prodloužení toho termínu, ale kdyby tomu tak nebylo, tak to pro jistotu, pro informovanost Vás všech sděluji. Tak. A zeptám se, jestli jsou nějaké návrhy ve vztahu k programu, doplnění nebo změny? Pokud tomu tak není, tak budeme hlasovat o programu, jako celku, tak jak byl navržen. Zahajuji hlasování: Hlasování č. 2: 48 - 0 - 2 - 2",2,8b2034d2529405ca
marketa-vankova,Z9/11,2,"JUDr. Markéta Vaňková, primátorka: Na programu tedy máme 2 body, bod č. 2) a bod č. 3). Tyto body spolu úzce souvisí. Proto navrhuji, že budeme projednávat oba dva tyto body společně. Zeptám se, jestli má někdo nějaký jiný návrh, že bychom jednali odděleně o bodu 2) a odděleně o bodu 3)? Není tomu tak, aha, tak je tomu tak. Paní zastupitelka Drápalová.",2,8b2034d2529405ca
marketa-vankova,Z9/11,2,"JUDr. Markéta Vaňková, primátorka: Dobře, není problém. Takže otevírám diskusi k bodu č. 2).",0,8b2034d2529405ca
marketa-vankova,Z9/11,3,"JUDr. Markéta Vaňková, primátorka: Vypadá to, že nikdo další není přihlášený. Přiznala jsem se, že jsem v tom vystoupení paní zastupitelky Drápalové nevnímala nějaký, jako konkrétní dotaz na Teplárny, proto zástupce Tepláren nevyzývám, aby odpovídali. Samozřejmě, pokud by chtěli jakkoli reagovat, tak mohou. Tak. Nikdo přihlášený není, tím pádem můžeme přistoupit k hlasování o bodu č. 2), a to je tedy - zastupitelstvo bere na vědomí informace podané obchodní společností Teplárny Brno. Zahajuji hlasování: Hlasování č. 3: 48 - 0 - 3 - 1",0,8b2034d2529405ca
marketa-vankova,Z9/11,8,"JUDr. Markéta Vaňková, primátorka: Pan zastupitel Hladík, on-line. Petře, není tě slyšet. Není pořád slyšet, není. Petře, není slyšet. Tak. Pan ministr se pokusí asi znovu pře, připojit, mezitím, tím pádem dám, nebo už, už nám naběhl, tak zkusíme. Petře? Pořád nic, pořád neslyšíme. Neslyšíme. Zkouší to tady i jako naše technická podpora nějak zjišťovat, jestli není problém u nás. Petře, já dám mezitím teda slovo někomu dalšímu a třeba se to tady, u nás nějak vyřeší. Pan zastupitel Lahoda.",0,8b2034d2529405ca
marketa-vankova,Z9/11,9,"JUDr. Markéta Vaňková, primátorka: Zkusíme znovu se spojit s panem ministrem. Mám informaci, že by se to mohlo podařit přes Teams? Tak jenom, jako jsem dostala pokyn, že mám říct, že mu uděluju slovo a že zkusíme je pustit. Tak, už ho dokonce vidím. Tak, Petře, zkus, jestli to bude teď fungovat?",0,8b2034d2529405ca
marketa-vankova,Z9/11,11,"JUDr. Markéta Vaňková, primátorka: A já to možná jenom lehce doplním. Pokud by se představenstvo společnosti SAKO opakovaně neobracelo na Radu města Brna s žádostí o dílčí usnesení, tak si myslím, že bychom tady neseděli. Tak. Někdo další do diskuse? Pan zastupitel Leder.",0,8b2034d2529405ca
marketa-vankova,Z9/11,11,"JUDr. Markéta Vaňková, primátorka: Reakce, pan náměstek Kerndl.",0,8b2034d2529405ca
marketa-vankova,Z9/11,13,"JUDr. Markéta Vaňková, primátorka: Já jenom organizačně. V jednacím řádu máme, pro běžné zastupitelstvo, že v 10:30 je přestávka. Vzhledem k tomu, že jsme začínali v 9 hod., vzhledem k tomu, že máme na projednání jenom tento bod, tak bych navrhovala, že pojedeme bez přestávky teď, a uvidíme. Samozřejmě, pokud bychom dospěli k nějakému pozdějšímu času, tak nějaká přestávka by pravděpodobně, asi na oběd, byla. Pan zastupitel Leder.",0,8b2034d2529405ca
marketa-vankova,Z9/11,13,"JUDr. Markéta Vaňková, primátorka: No, já to nechám asi jako obecně, jestli je jako v sále někdo, kdo by chtěl tadynaten dotaz odpovědět? Pan zastupitel Leder využívá svých právních znalostí. Jo, pan Procházka tam je.",0,8b2034d2529405ca
marketa-vankova,Z9/11,15,"JUDr. Markéta Vaňková, primátorka: Tak. K odpovědi se hrdě hlásí pan radní Kratochvíl.",0,8b2034d2529405ca
marketa-vankova,Z9/11,18,"JUDr. Markéta Vaňková, primátorka: Pan zastupitel Hollan. Neslyšíme Tě, Matěji. A jenom můžu konstatovat, jak k Tobě, tak k panu ministrovi, že to je možná ten důvod, proč v jednacím řádu máme, že se mají zastupitelé, kteří chtějí být připraveni, připojeni on-line, o to požádat předchozího praco, předchozí den, do konce pracovní doby, aby se mohlo to připojení vyzkoušet, jestli funguje. Matěji, neslyšíme Tě. Ne. Ne, mě někdo tady vypíná eště, ne, není slyšet zvuk, Tvůj. Pana zastupitele Hollana bohužel neslyšíme, já poprosím techniky, ať se to pokusí nějak vyřešit. A mezitím slovo má pan zastupitel Skřička.",0,8b2034d2529405ca
marketa-vankova,Z9/11,18,"JUDr. Markéta Vaňková, primátorka: Počkám, jestli je někdo v sále, máme tady spoustu odborníků, připraven nějak zareagovat? Můžete si to rozmyslet, případně, kolegové, a dám mezitím slovo panu zastupiteli Krásnému.",0,8b2034d2529405ca
marketa-vankova,Z9/11,20,"JUDr. Markéta Vaňková, primátorka: Tak. A mám informaci, že Matěj Hollan by měl být schopný se připojit přes Teams. Tak to zkusíme?",0,8b2034d2529405ca
marketa-vankova,Z9/11,22,"JUDr. Markéta Vaňková, primátorka: Byl tam Matěj Hollan, ale zmizel. Asi už je na jednání s panem bývalým primátorem, Bémem.",0,8b2034d2529405ca
marketa-vankova,Z9/11,25,"JUDr. Markéta Vaňková, primátorka: Tak. V tuto chvíli není přihlášený žádný zastupitel, já se zeptám osob přítomných v sále, nezastupitelů, jestliš chce někdo reagovat? Vidím tam nějakou paní, jestli je to, já se přiznám, já totiž špatně, začínám špatně vidět. Ale předpokládám, že je to paní v černém prostě. Jo. Už to vidím výborně, je to paní či slečna.",0,8b2034d2529405ca
marketa-vankova,Z9/11,26,"JUDr. Markéta Vaňková, primátorka: Zeptám se, jestli někdo další do diskuse, ať už ze zastupitelů, nebo z nezastupitelů? Paní zastupitelka Drápalová.",0,8b2034d2529405ca
marketa-vankova,Z9/11,26,"JUDr. Markéta Vaňková, primátorka: Dobře. O tom hlasujeme, podle jednacího řádu, bez rozpravy. Takže návrh na stažení bodu. Technická, pan náměstek Suchý.",2,8b2034d2529405ca
marketa-vankova,Z9/11,26,"JUDr. Markéta Vaňková, primátorka: Pauza 5 min., bude stačit? Tak. 5minutová pauza. Poprosím ale, vraťte se, pokud už směřujeme k hlasování, tak ať to dotáhneme do oběda, ať nemusíme dělat nějakou dlouhou, obědovou přestávku.",0,8b2034d2529405ca
marketa-vankova,Z9/11,26,"JUDr. Markéta Vaňková, primátorka: Tak. Padl návrh na stažení tohoto bodu z projednání programu, takže o něme, o něm budeme v tuto chvíli hlasovat. To znamená, zahajuji hlasování o návrhu, bod č. 3), je stažen z projednání: Hlasování č. 4: 10 - 7 - 14 - 20",2,8b2034d2529405ca
marketa-vankova,Z9/11,26,"JUDr. Markéta Vaňková, primátorka: Návrh nebyl přijat, nebyl schválen, takže pokračujeme v projednání tohoto bodu. Tak. Vypadá to, že se nikdo nehlásí, pan zastupitel Novotný.",2,8b2034d2529405ca
marketa-vankova,Z9/11,27,"JUDr. Markéta Vaňková, primátorka: Tak. A jestli jsem to pochopila správně, protože to usnesení je naformulováno v bodě 3), napřed máme bod č. 1 - je bere na vědomí, a pak jsou vlastně varianty, že ten Váš návrh směřoval k tomu, aby tajně bylo hlasováno o těch variantách?",2,8b2034d2529405ca
marketa-vankova,Z9/11,27,"JUDr. Markéta Vaňková, primátorka: Dobře, děkuji. Já poprosím právní poradu o vyjádření se k možnosti tajného hlasování.",0,8b2034d2529405ca
marketa-vankova,Z9/11,27,"JUDr. Markéta Vaňková, primátorka: Dobře, děkuji. To mně přijde jako smysluplný návrh. Tak. A hlásí se pan, a teď nevím, kdo byl první? Jo. Pan Lahoda.",2,8b2034d2529405ca
marketa-vankova,Z9/11,27,"JUDr. Markéta Vaňková, primátorka: Dobře. Tak, Tomáš Koláčný.",0,8b2034d2529405ca
marketa-vankova,Z9/11,27,"JUDr. Markéta Vaňková, primátorka: Odborníci měli prostor promluvit. Já jsem se jasně ptala, jestli kdokoliv z přítomných chce reagovat. A, za mě, spousta těch otázek byla řečnických, některé z nich samozřejmě byly věcné, na velké množství otázek bylo odpovězeno v písemných podkladech. A já si myslím, že každý zastupitel, pokud má pocit, že mu na nějakou otázku nebylo zodpovězeno, tak může vyjádřit ten svůj názor v hlasování, že nemá dostatek informací. A sama, třeba paní zastupitelka Drápalová, se, pokládala dotaz, ale pokládala ho stylem, my už jsme to sice slyšeli v pondělí na projednání, my už jsme to",0,8b2034d2529405ca
marketa-vankova,Z9/11,28,"JUDr. Markéta Vaňková, primátorka: Tak asi, asi těžko budete Vy vyzývat SAKO, aby se vyjádřili k otázkám, které položil pan zastupitel Krásný, pokud pan zastupitel Krásný netrvá na odpovědích. Právě proto jsem říkala, že velká část těch otázek byla řečnických. Takže přijde mně to trošku úsměvné. A samozřejmě, kolegové ze SAKA mají prostor, jestli jako chtějí reagovat, tak samozřejmě můžou, k tomu jsem opakovaně vyzývala. Takže, pokud jako chcete, kdokoliv, kdo jste přítomní v sále, reagovat na cokoliv, co tady padlo, tak máte prostor. Ten prostor Vám nikdo neupírá. Paní zastupitelka Drápalová.",0,8b2034d2529405ca
marketa-vankova,Z9/11,29,"JUDr. Markéta Vaňková, primátorka: Tak. Já poprosím ještě právní poradu ohledně toho hlasování, veřejné, tajné, s tím, že máme distančně připojené některé ze zastupitelů.",0,8b2034d2529405ca
marketa-vankova,Z9/11,29,"JUDr. Markéta Vaňková, primátorka: Ano. Reagovat na to, jestli je možné, aby, pokud samozřejmě by o tom rozhodlo zastupitelstvo, protože o tajné volbě budeme hlasovat, o tom návrhu, jo? Zatím k tomu vedeme diskusi, ale samozřejmě, pokud by mělo být tajné hlasování, tak o tom musíme napřed hlasovat, že, že chceme tajné hlasování. Tak jestli, kdyby toto bylo podpořeno, tak jestli je možné, že, nebo jak prostě naložit s osobami, které jsou on-line?",2,8b2034d2529405ca
marketa-vankova,Z9/11,29,"JUDr. Markéta Vaňková, primátorka: Dě, děkuju tadyzato právní posouzení. Paní zastupitelka Drápalová.",0,8b2034d2529405ca
marketa-vankova,Z9/11,30,"JUDr. Markéta Vaňková, primátorka: Pan zastupitel Hollan, jestli je to tak?",0,8b2034d2529405ca
marketa-vankova,Z9/11,30,"JUDr. Markéta Vaňková, primátorka: Tak. Poprosím ještě znovu vyjádření právníka, i když předpokládám, že na nic moc jiného jako nepřijdeme.",0,8b2034d2529405ca
marketa-vankova,Z9/11,30,"JUDr. Markéta Vaňková, primátorka: Je to, je to takový lehký paradox. Ano.",0,8b2034d2529405ca
marketa-vankova,Z9/11,31,"JUDr. Markéta Vaňková, primátorka: Dobře. Já už jsem tady říkala na minulém zastupitelstvu, v nějakém svém příspěvku, že jsem u některých osob zvyklá na pejorativní hodnocení jiných osob. A zároveň jsem tím chtěla jako naznačit, že si nemyslím, že to patří jako mezi pravidla slušného lidského chování. A ten můj postoj mám stále. Paní zastupitelka Drápalová.",0,8b2034d2529405ca
marketa-vankova,Z9/11,31,"JUDr. Markéta Vaňková, primátorka: Dobře. Já se to pokusím shrnout zase trošku selským rozumem. Jak zákon o obcích, tak jednací řád hovoří o tom, že tajné hlasování je možné. Více to rozvedeno není. Ani v zákoně o obcích, ani v jednacím řádu. Jednací řád je dokument, který si přijalo Zastupitelstvo města Brna. Jakýkoliv procesní postup v rámci zastupitelstva, který není upraven jednacím řádem, a zároveň není v rozporu se zákonem, tak si může to zastupitelstvo na tom svém jednání upravit. Tady padl návrh na to, aby bylo hlasováno tajně, v těch variantách, já jsem dostala v mezidobí písemný návrh toho usnesení, a to usnesení zní - Zastupitelstvo města Brna souhlasí v souladu s ustanovením čl. 8, odst. 7 jednacího řádu zastupitelstva, s tím, aby hlasování o částech usnesení navržených ve variantách pod bodem č. 3 proběhlo prostřednictvím tajného hlasování. To znamená, že členové Zastupitelstva města Brna účastnící se tohoto zasedání prezenčně, hlasují tajně. Takto zní celý návrh usnesení, to znamená, je tam, do toho návrhu usnesení vtěleno to, že tajná volba se bude,",2,8b2034d2529405ca
marketa-vankova,Z9/11,32,"JUDr. Markéta Vaňková, primátorka: Já opakovaně říkám, opakovaně, a myslím, že v tom záznamu to je opakovaně, že kdokoliv je tady přítomný, ať už ze společnosti SAKO, nebo ze společnosti Teplárny, tak má možnost se vyjádřit. Co se týče těch konkrétních částek, máte je uvedené v té komplexní analýze, která je prvním dokumentem, který, který schvalujeme, tam jsou ty přesné částky stanoveny, i kolik byla předpokládaná cena, i kolik byla vysoutěžená cena. Je tam informace i o tom, že to byl pouze jediný, jediný zájemce o tadytuto zakázku. Takže ta informace je v písemném materiálu. Pan zastupitel Aberl.",0,8b2034d2529405ca
marketa-vankova,Z9/11,33,"JUDr. Markéta Vaňková, primátorka: A vzhledem k tomu, že jsem dostala informaci o tom, že si právníci z našeho Odboru organizačního ráno volali o právní radu na Ministerstvo vnitra, tak dávám znovu slovo právníkům, pro doplnění informace, kterou máme.",0,8b2034d2529405ca
marketa-vankova,Z9/11,33,"JUDr. Markéta Vaňková, primátorka: Jednání zastupitelstva je audo, audiovizuálně přenášeno a zaznamenáváno. To znamená, tadytoto sdělení, které tady padlo, bude v tom zápise. A každý, kdo bude chtít tento právní názor, v budoucnu, jakkoli využít, tak ho bude mít přímo v zápise z jednání zastupitelstva. Nevím, Tome, jak, když seš on-line, bys ho chtěl písemně? Máme Ti to posílat mailem?",0,8b2034d2529405ca
marketa-vankova,Z9/11,33,"JUDr. Markéta Vaňková, primátorka: Dobře, pan, pan Mgr. Procházka si chystá odpověď a dávám, a dávám, dávám prostor panu zastupiteli Kubáskovi. Není slyšet, není slyšet, paní, pane zastupiteli? Zase eště neslyšíme. Není slyšet, bohužel. Poprosím zase techniky, ať se zkusí nějakým způsobem s tím vypořádat. Pan magistr už je připraven. Tak, můžete.",0,8b2034d2529405ca
marketa-vankova,Z9/11,33,"JUDr. Markéta Vaňková, primátorka: Tak jste nám to výrazně zjednodušil. Tak. Zkus, zkusíme, zkusíme pana zastupitele Kubáska, jestli teda se nepodaří přihlásit? Teda, že bychom ho slyšeli? Není slyšet. Takže opět asi pošleme odkaz přes Teams, nebo, já nevím, jestli to vyjádření bude nějaké složité, jestli nezavolat třeba někomu",0,8b2034d2529405ca
marketa-vankova,Z9/11,34,"JUDr. Markéta Vaňková, primátorka: Ne, ne, tak spojení telefonicky se taky nepodařilo. Tak. Tady snaha o telefonické připojení a mezitím pan zastupitel Lahoda.",0,8b2034d2529405ca
marketa-vankova,Z9/11,34,"JUDr. Markéta Vaňková, primátorka: Jistě, Marku. A také jsem řekla, pokuds dobře poslouchal, že dnes nejedeme podle jednacího řádu, že nebyla přestávka 10:30, a zároveň jsem řekla, že pokud se to bude prodlužovat do nějakých pozdějších hodin, že si asi nějakou pauzu na oběd uděláme. Takže děkuji Ti za Tvé jako připomenutí času, pane, pane profesore, už je čas, ale myslím si, že teď to jako bylo trošku zbytečné.",0,8b2034d2529405ca
marketa-vankova,Z9/11,34,"JUDr. Markéta Vaňková, primátorka: A já znovu, a já znovu upozorňuju, že být pejorativní, podle mě, není v rámci zásad slušného chování. Tak. Už máme pana Kubáska.",0,8b2034d2529405ca
marketa-vankova,Z9/11,34,"JUDr. Markéta Vaňková, primátorka: Tak to, to je, to je, to je pro mě jako, jako, jako takový, jako zásadní okamžik jako dnešního dne, že v sále je tady poměrně velké množství právníků, a musel nám to rozuzlení poskytnout kolega, který, který, teda jestli se nemýlím, tak právní vzdělání nemá. Ale možná se mýlím. Tak. Dobře. Neboli, vracím se k tomu, co jsem říkala já, prostě tím, že to není upraveno, tak pokud my si to odhlasujeme, což samozřejmě nevíme, jestli si odhlasujeme, tak si tím vlastně upravíme ten jednací řád a to pravidlo si nastavíme. Tak. V tuto chvíli Vás poprosím, že si, já dám návrh na, na hlasování, že prodlužujeme, jo, pan náměst, eš, nebo ne, první, co dám, tak že dám v tuto chvíli návrh na hlasování, že prodlužujeme jednání zastupitelstva bez určení času. Ale znovu říkám, jako vnímám, že tady nebudeme jako do 3 bez oběda. Jenom jako chci tomu dát aspoň nějaký celek, aspoň to nějak jakokdyby ukončit. Takže v tuto chvíli prosím o hlasování. Prodlužujeme jednání zastupitelstva, zatím na neurčito. Zahajuju hlasování: Hlasování č. 5: 45 - 3 - 1 - 1",2,8b2034d2529405ca
marketa-vankova,Z9/11,35,"JUDr. Markéta Vaňková, primátorka: Takže pokr, takže to bylo schváleno a pokračujeme dál. Pan zastupitel Koláčný.",0,8b2034d2529405ca
marketa-vankova,Z9/11,35,"JUDr. Markéta Vaňková, primátorka: Tome, myslím si, že toto, jako, tak prostě nefunguje. Prostě my, jakýmkoliv svým hlasováním, které, když je jako nějaké usnesení, jako navrženo, tak prostě rozhodujeme. A rozhodují zastupitelé na základě prostě návrhu a ten návrh na změnu jednacího řádu je vtělen do toho návrhu usnesení na tajné hlasování, s uvedením toho, že toto se vztahuje na ty, kteří jsou přítomni prezenčně. Takže ten návrh na tu změnu toho konkrétního procesního postupu je jasně dán, je dán písemně, já ho tady písemně mám. A my nejednáme o změně jednacího řádu jako, jako navždy. My jednáme, prostě budeme jednat, až o tom dám hlasovat, o té změně jednacího řádu pro tuto konkrétní situaci. A tam to bylo naplněno, já ten písemný návrh mám a o něm budeme písemně hlasovat. Teda, písemně o něm hlasovat nebudeme, budeme o něm hlas, hlasovat prostřednictvím hlasovacích zařízení. Pan zastupitel Koláčný eště s reakcí.",2,8b2034d2529405ca
marketa-vankova,Z9/11,35,"JUDr. Markéta Vaňková, primátorka: Ano. Tak já se to pokusím vysvětlit eště jednou. A přečtu ten návrh usnesení. Návrh usnesení zní - Zastupitelstvo města Brna souhlasí v souladu s ustanovením čl. č. 8, odst. 7, Jednacího řádu Zastupitelstva města Brna s tím, aby hlasování o částech usnesení navržených ve variantách pod bodem č. 3 proběhlo prostřednictvím tajného hlasování. To znamená, že členové Zastupitelstva města Brna účastnící se tohoto zasedání prezenčně hlasují tajně. Je to úprava jednacího řádu pro tuto konkrétní situaci, pro hlasování v bodě č. 3, a to ani ne pro hlasování celé, ale jenom pro hlasování o variantách, které jsou v tom návrhu usnesení uvedeny.",2,8b2034d2529405ca
marketa-vankova,Z9/11,35,"JUDr. Markéta Vaňková, primátorka: Já myslím, že se motáme v kruhu. Všechny jako dotazy, které byly položeny, za mě, byly zodpovězeny, ve vztahu, teď mluvím ve vztahu k problematice tajného hlasování, stejně o tomto návrhu musíme hlasovat, jo? Pořád jako připomínám, že o tom musíme hlasovat, a uvidíme, jestli tento návrh bude, nebo nebude podpořen. Paní zastupitelka Flamiková.",2,8b2034d2529405ca
marketa-vankova,Z9/11,36,"JUDr. Markéta Vaňková, primátorka: Tak. Takže já myslím, vzhledem k tomu, že teď už se nám nikdo nehlásí, tak půjdeme postupně. Budeme hlasovat tedy, v tuto chvíli, o návrhu usnesení, zjednodušeně řečeno, na to tajné hlasování, s tím, že tajné hlasování by se vztahovalo k těm osobám, které se účastní zasedání prezenčně. Tak. Takže, prosím, hlasujeme o tajném hlasování. Zahajuji hlasování: Hlasování č. 6: Neplatné hlasování",2,8b2034d2529405ca
marketa-vankova,Z9/11,36,"JUDr. Markéta Vaňková, primátorka: Ano. Hlasujeme o tajném hlasování. Pro 30, proti 12, zdrželo se 7. A Jarek Suchý hlásí co?",0,8b2034d2529405ca
marketa-vankova,Z9/11,36,"JUDr. Markéta Vaňková, primátorka: Takže zpochybněné hlasování. Takže znovu hlasujeme o tom návrhu pana zastupitele Novotného, o tajném hlasování. Tak znovu hlasujem. Zahajuji hlasování: Hlasování č. 7: 28 - 14 - 6 - 3",2,8b2034d2529405ca
marketa-vankova,Z9/11,36,"JUDr. Markéta Vaňková, primátorka: Návrh byl schválen. Tak. Takže víme, že o těch variantách, 1, 2, 3, budeme hlasovat tajně. Nyní máme tedy návrh paní zastupitelky Flamikové, jestli už ho máme písemně? Jo. Tak, děkuji. A ten návrh tedy je, zní - zastupitelstvo bere na vědomí, že si je vědomo všech negativních dopadů na společnost SAKO, tak na společnosti, SAKO, Teplárny, Brno, mezitím je čárka, tak nevím, jestli to znamená Teplárny Brno, nebo Teplárny, Brno, asi Brno samostatně, i Jihomoravský kraj, které nastanou v případě ukončení projektu výstavby 3. kotle. Tak. Takže zahajuji hlasování o tomto návrhu paní zast, zastupitelky Flamikové: Hlasování č. 8: 6 - 0 - 9 - 34",2,8b2034d2529405ca
marketa-vankova,Z9/11,36,"JUDr. Markéta Vaňková, primátorka: Takže tento, toto usnesení nebylo přijato. Tak. A nyní můžeme přistoupit k hlasování, v rámci bodu 3), o té první části usnesení, to znamená, první část usnesení byla - Zastupitelstvo města Brna bere na vědomí, a teď je tam vyjmenovaných 15 konkrétních dokumentů, a bereme na vědomí jejich obsah. Tak. Zahajuji hlasování o této části usnesení - bere na vědomí: Hlasování č. 9: 30 - 0 - 3 - 14",0,8b2034d2529405ca
marketa-vankova,Z9/11,36,"JUDr. Markéta Vaňková, primátorka: Takže toto usnesení také bylo přijato. A nyní tedy se dostáváme k těm jednotlivým variantám, s tím, že bylo schváleno tajné hlasování, a já teď přemýšlím, jestli je vhodnější udělat chvíli přestávku, aby případně mohlo být nachystáno technicky, a, a tím pádem přemýšlím, jestli udělat krátkou přestávku, nebo dlouhou přestávku. Krátkou? Dobře. Tak jo. Takže přes, přestávka 15 min., do 13:30. 13:30 se tady sejdeme a budeme pokračovat dále.",0,8b2034d2529405ca
marketa-vankova,Z9/11,36,"JUDr. Markéta Vaňková, primátorka: Tak. Tak Vás všechny vítám, poprosím, kdo jste tady a chcete se dál podílet na dnešním zasedání zastupitelstva, tak se přihlašte pomocí hlasovacích karet, ať vidíme, jestli jsme usnášeníschopní. Jsme usnášeníschopní, výborně. Takže, vzhledem k tomu, že tedy bylo odsouhlaseno, že bude volba probíhat, teda volba, hlasování bude probíhat tajně, tak potřebujeme, v souladu s čl. 8, části b, odst. 6 jednacího řádu, ke schválení sčitatelů, nebo sčitatelek. Já navrhuji, aby sčitatelkami byly kolegyně, Nikol Wagnerová, Eva Hyttychová a Eva Hotárková. Jenom sděluji, že není stanoven maximální počet sčitatelů, minimální také ne. Vzhledem k tomu, že je tam množné číslo, tak musí být minimálně 2, my, my navrhujeme 3, ale samozřejmě můžete navrhovat doplnění těchto, těchto osob. Takže se zeptám, jestli je nějaký návrh na doplnění osob sčitatelů? A znovu opakuji a navrhuji Nikol Wagnerovou, Evu Hyttychovou a Evu Hotárkovou. Nikdo není přihlášený, takže zahajuju hlasování o tom, že Zastupitelstvo města Brna schvaluje tyto 3 dámy jako sčitatelky",2,8b2034d2529405ca
marketa-vankova,Z9/11,37,"JUDr. Markéta Vaňková, primátorka: Takže návrh byl schválen, sčiča, sčitatelky byly tedy schváleny. A nyní, nejprve bychom přistoupili k tomu, vidím, že on zůstal Tomáš Koláčný a Miroslav Kubásek, takže jim dám prostor k hlasování, tak jak k němu dochází, když jsou připojeni on-line. Tak. Hlásím se mně tady někdo do diskuse v průběhu hlasování, to je moc fajn, tak paní zastupitelka Drápalová.",2,8b2034d2529405ca
marketa-vankova,Z9/11,37,"JUDr. Markéta Vaňková, primátorka: Děkuji za informaci. Pan zastupitel Lahoda.",0,8b2034d2529405ca
marketa-vankova,Z9/11,37,"JUDr. Markéta Vaňková, primátorka: Také děkuji, na shledanou. Tak. A já budu pokračovat v tom, co jsem měla započato, on-line vidím Tomáše Koláčného a Miroslava Kubáska, Tomáše Koláčného už tam nevidím, a vidím tam Matěje Hollana. To znamená, tyto 2 osoby, pokud chtějí, tak mají možnost hlasovat, tak jak jsou zvyklí, ale abychom to mohli zaznamenat, tak poprosím, aby Vy, všichni ostatní, jste si vytáhli v tuto chvíli hlasovací karty. Já si ji tam eště chvilku ponechám, abych mohla mluvit, ale pak si ji také vytáhnu. Tak. Eště tam vidím jednu, jo, výborně. Takže, teď není tedy přihlášen nikdo jiný, po, nikdo, pouze máme kolegy on-line. Tak, už nemáme ani pana Tomáše Koláčného, ale máme pořád posledního mušketýra tam, Miroslava Kubáska, a ten bude mít možnost tedy hlasovat. Tak. Já poprosím, že zahájím hlasování, a pan Kubásek má možnost se vyjádřit. Takže zahajuji hlasování jenom pro, a řeknu to tedy obecně, pro všechny, kteří jsou připojeni on-line. Takhle obecně, a zahajuji pro ně hlasování: Hlasování č. 11: Neplatné hlasování",0,8b2034d2529405ca
marketa-vankova,Z9/11,37,"JUDr. Markéta Vaňková, primátorka: Pro byl 1. Tak, tím máme za sebou tadytu fázi, umožnit hlasování osobám, které nebyly prezenčně přítomni. My teď vyjedeme protokol tadyztohoto hlasování a ten protokol pak bude připojen k tomu protokolu tajného hlasování. Tak. A teď, ještě s, jo, a eště se přiznám, že jsem to udělala špatně, protože já jsem neřekla, že hlasujeme o variantě A. Jo. Tak, takže to se omlouvám. Takže eště jednou. A tím pádem já zpochybňuji hlasování a omlouvám se, to byla skutečně moje chyba. Takže pane Kubásko, moc se omlouvám, ale eště to budeme muset udělat jednou. A zahájím jenom pro Vás hlasování. Však to je dobře, že je máte venku, jo? Tak mějte je venku, prosím, ty karty. Já jsem to spletla, takže pořád to platí jenom pro pana Kubáska. A já dám hlasovat pro ty, kteří jsou on-line připojení, o tom, kdo je pro, a je to, budeme, budou ti, co jsou on-line připojení, hlasovat o variantě A. To znamená, varianta A vyslovuje předchozí souhlas s udělením koncernového pokynu s názvem Ukončení přípravy a tak dále a tak dále. Takže zahajuji pro osoby, které jsou on-line, hlasování: Hlasování č. 12: 1-0-0-0",0,8b2034d2529405ca
marketa-vankova,Z9/11,37,"JUDr. Markéta Vaňková, primátorka: Tak, děkuji a omlouvám se ještě jednou. Takže tuto fázi máme za sebou. A nyní přistoupíme k té tajné volbě. Tajná volba bude probíhat následovně. V tuto chvíli budou přítomným členům zastupitelstva předány, oproti podpisu, hlasovací lístky k variantě A. Pudem postupně, po těch variantách. Takže teď se rozdávají hlasovací lístky k variantě A. Tak. A do toho Vám budu, prosím, ještě říkat k tomu procesu. Máte samozřejmě možnost odmítnout ten hlasovací lístek a odmítnutí hlas, převzetí hlasovacího lístku znamená neúčast na hlasování, a tudíž má i dopad do usnášeníschopnosti zastupitelstva. To znamená, usnášeníschopní budeme, pokud bude minimálně 28 zastupitelů, kteří převezmou hlasovací lístek. Poté, eště pořád probíhá ten proces",0,8b2034d2529405ca
marketa-vankova,Z9/11,39,"JUDr. Markéta Vaňková, primátorka, ukončila zasedání Zastupitelstva města Brna (ve 14:05 hod.).",0,8b2034d2529405ca
marketa-vankova,Z9/10,1,"Zasedání zahájila a řídila primátorka města Brna JUDr. Markéta Vaňková (dále jen JUDr. Markéta Vaňková, primátorka).",0,eb0d7acd8a1bcc62
marketa-vankova,Z9/10,1,"JUDr. Markéta Vaňková, primátorka, upozornila na skutečnost, že jednání Zastupitelstva města Brna je audiovizuálně přenášeno prostřednictvím internetových stránek města a přenos je zaznamenáván, archivován a následně bude zveřejněn.",4,eb0d7acd8a1bcc62
marketa-vankova,Z9/10,1,"JUDr. Markéta Vaňková, primátorka, sdělila, že při prezenci členové Zastupitelstva města Brna obdrželi: • doplněk k bodu 7), který byl dne 9. 10. 2023 vložen na chráněné internetové datové úložiště • doplněk k bodu 32), který byl dne 10. 10. 2023 vložen na chráněné internetové datové úložiště • doplněk k bodu 114), který byl dne 9. 10. 2023 vložen na chráněné internetové datové úložiště • Výpis usnesení Finančního výboru Zastupitelstva města Brna k bodům projednávaným na tomto zasedání, který byl dne 9. 10. 2023 vložen na chráněné internetové datové úložiště • Informativní zprávu – Podání adresovaná Zastupitelstvu města Brna, která byla dne 9. 10. 2023 včetně vlastních podání vložena na chráněné internetové datové úložiště. Podání ZMB byla rovněž k dispozici v listinné formě ve složce „K nahlédnutí pro členy ZMB“ v jednacím sálu",0,eb0d7acd8a1bcc62
marketa-vankova,Z9/10,2,"Schválení programu zasedání Zastupitelstva města Brna č. Z9/10 JUDr. Markéta Vaňková, primátorka, zdůvodnila tyto změny programu:",0,eb0d7acd8a1bcc62
marketa-vankova,Z9/10,2,"Dále JUDr. Markéta Vaňková, primátorka, navrhla projednat bod č. 7) Projekt OHB II - linka K1 (SAKO Brno, a.s.) v 9:30 hod.",4,eb0d7acd8a1bcc62
marketa-vankova,Z9/10,2,"JUDr. Markéta Vaňková, primátorka, vyzvala přítomné členy Zastupitelstva města Brna k případnému přednesení dalších návrhů ke změnám programu zasedání.",2,eb0d7acd8a1bcc62
marketa-vankova,Z9/10,2,"JUDr. Markéta Vaňková, primátorka, nechala podle Jednacího řádu Zastupitelstva města Brna nejprve hlasovat o návrzích na stažení bodů 70), 72), 74), 77), 78), 81) a 118) z programu jednání: Hlasování č. 2: Neplatné hlasování",0,eb0d7acd8a1bcc62
marketa-vankova,Z9/10,2,"JUDr. Markéta Vaňková, primátorka – vysvětlila Bc. Matějovi Hollanovi postup při schvalování programu zasedání Zastupitelstva města Brna.",0,eb0d7acd8a1bcc62
marketa-vankova,Z9/10,2,"JUDr. Markéta Vaňková, primátorka – prohlásila hlasování o stažení bodů za zmatečné o nechala o stažení bodů 70), 72), 74), 77), 78), 81) a 118) opětovně hlasovat.",0,eb0d7acd8a1bcc62
marketa-vankova,Z9/10,11,"JUDr. Markéta Vaňková, primátorka: Paní Burešová, já se omlouvám, už jste výrazně překročila ten časový limit. Já jsem Vás nechala promluvit, Vy sem chodíte každé zastupitelstvo, my ty Vaše argumenty známe.",0,eb0d7acd8a1bcc62
marketa-vankova,Z9/10,11,"JUDr. Markéta Vaňková, primátorka: A já mohu jenom, pouze konstatovat, že prostě je postupováno podle soudního rozhodnutí, které je i vykonatelné. Jinak by ten výkon rozhodnutí nemohl být proveden. Paní náměstkyně Podivinská.",0,eb0d7acd8a1bcc62
marketa-vankova,Z9/10,11,"JUDr. Markéta Vaňková, primátorka: Budete mít samozřejmě možnost vystoupit i u bodu 35), pokud byste tady zůstal, pokud ne, tak zastupitelé slyšeli, co jste měl na srdci tadyktomuto bodu.",0,eb0d7acd8a1bcc62
marketa-vankova,Z9/10,11,"JUDr. Markéta Vaňková, primátorka: Já se omlouvám, dejte si mikrofon trošku víc k ústům, my Vás, rukou, když si ho takhle, mechanicky, dáte trošku dolů, tak my Vás budeme lépe slyšet. Perfektní.",0,eb0d7acd8a1bcc62
marketa-vankova,Z9/10,12,"JUDr. Markéta Vaňková, primátorka: Perfektně, děkuji. Tak jak jsem říkala Vašemu předřečníkovi, budete se moci vyjádřit ještě v bodě 7), začneme ho projednávat v 9:30. Pokud byste tady nebyla, tak si to budeme samozřejmě pamatovat, co jste nám řekla.",0,eb0d7acd8a1bcc62
marketa-vankova,Z9/10,12,"JUDr. Markéta Vaňková, primátorka: Opět opakuji, budeme ten bod projednávat v 9:30. Bude fajn, když si vyslechnete i argumenty přímo od zastupitelů a od odborníků, nikoli jenom to, co se píše v tisku. Tak, poprosíme dalšího občana, je-li takový, který by chtěl promluvit v tomto bodě? Není tomu tak, takže ukončuji projednání bodu č. 2) a budeme pokračovat bodem č. 24).",0,eb0d7acd8a1bcc62
marketa-vankova,Z9/10,15,"JUDr. Markéta Vaňková, primátorka – upozornila na doplněk č. 1 k tomuto bodu s doplněným usnesením v předposlední odrážce.",4,eb0d7acd8a1bcc62
marketa-vankova,Z9/10,20,"JUDr. Markéta Vaňková, primátorka: A teď se pokusíme spojit s panem zastupitelem Lahodou. Včera nám to nevyšlo, tak doufám, že budeme mít dnes více štěstí. Marku?",0,eb0d7acd8a1bcc62
marketa-vankova,Z9/10,20,"JUDr. Markéta Vaňková, primátorka: Tak pan zastupitel Lahoda, ještě asi nějaké doplňující dotazy?",0,eb0d7acd8a1bcc62
marketa-vankova,Z9/10,21,"JUDr. Markéta Vaňková, primátorka: Tak. Je to takhle dostačující pro pana zastupitele Lahodu? Vypadá to, že ano. A pan zastupitel Hladík.",0,eb0d7acd8a1bcc62
marketa-vankova,Z9/10,21,"JUDr. Markéta Vaňková, primátorka: Tak. Děkuji za opětovnou odpověď. Tak. Nikdo další se nehlásí k tomuto bodu, to znamená, můžeme přistoupit k hlasování, bod č. 44), tedy zahajuji hlasování: Hlasování č. 45: 36 - 7 - 6 - 3",0,eb0d7acd8a1bcc62
marketa-vankova,Z9/10,24,"JUDr. Markéta Vaňková, primátorka: Tak, poprosím návrh usnesení písemně. Paní zastupitelka Flamiková.",2,eb0d7acd8a1bcc62
marketa-vankova,Z9/10,25,"JUDr. Markéta Vaňková, primátorka: Tak, máme pís, zatím nevidím nikoho dalšího přihlášeného, máme ten písemný návrh na změnu usnesení? Paní zastupitelka Drápalová.",2,eb0d7acd8a1bcc62
marketa-vankova,Z9/10,25,"JUDr. Markéta Vaňková, primátorka: Návrh usnesení není variantní. Pokud máme něco v důvodové zprávě, neznamená to, že je to obsaženo v návrhu usnesení. Pokud někdo navrhuje změnu usnesení, tak ho, v souladu s jednacím řádem, je povinen předložit písemně. Myslím si, že není tak složité z té důvodové zprávy to usnesení opsat. Pan zastupitel Zemek.",2,eb0d7acd8a1bcc62
marketa-vankova,Z9/10,25,"JUDr. Markéta Vaňková, primátorka: Tak. Takže již mám ten písemný návrh před sebou, to znamená, návrh na usnesení je: Zastupitelstvo města Brna neschvaluje navýšení dotace společnosti SNIP & COMPANY na projekt IGNIS BRUNENSIS v letech 2024-2027. To znamená, budeme teď hlasovat o protinávrhu pana zastupitele Zemka - zastupitelstvo neschvaluje. Zahajuji hlasování: Hlasování č. 53: 16 - 3 - 19 - 14",2,eb0d7acd8a1bcc62
marketa-vankova,Z9/10,25,"JUDr. Markéta Vaňková, primátorka: Usnesení nebylo přijato. Pan zastupitel Trllo se nehlásí, určitě? Co, Davide?",0,eb0d7acd8a1bcc62
marketa-vankova,Z9/10,25,"JUDr. Markéta Vaňková, primátorka: Tak. Výborně. Tak. Takže usnesení nebylo přijato a budeme hlasovat o usnesení, tak jak bylo navrženo. Pokud někdo nemá jiný návrh? Nevypadá to tak. Takže budeme hlasovat o usnesení - schvaluje navýšení a zároveň pověřuje vedoucího kanceláře marketingu. Zahajuju hlasování: Hlasování č. 54: 32 - 6 - 8 - 6",2,eb0d7acd8a1bcc62
marketa-vankova,Z9/10,28,"JUDr. Markéta Vaňková, primátorka: Zeptám se, jestli je tady buď paní ředitelka? Anebo, pokud není, tak, ředitelka knihovny jsem myslela, a pokud není, tak poprosím Katku Vorlíčkovou.",0,eb0d7acd8a1bcc62
marketa-vankova,Z9/10,28,"JUDr. Markéta Vaňková, primátorka: Tak. Vypadá to, že odpověď bylo asi dostačující, nikdo další se do diskuse nehlásí. Zahajuji hlasování: Hlasování č. 58: 44 - 6 - 1 - 1",0,eb0d7acd8a1bcc62
marketa-vankova,Z9/10,30,"JUDr. Markéta Vaňková, primátorka: Poprosím o reakci, jestli ale bude vědět, pan vedoucí Hloušek? Trošku jsem doufala, že tam bude připodepsán pan vedoucí Vaněček, ale není. Tak je to na Vás.",0,eb0d7acd8a1bcc62
marketa-vankova,Z9/10,30,"JUDr. Markéta Vaňková, primátorka: A hlásí se nám pan starosta Štefan, tak nám možná v tom udělá víc jasno.",0,eb0d7acd8a1bcc62
marketa-vankova,Z9/10,30,"JUDr. Markéta Vaňková, primátorka: Tak, děkuji za doplnění, paní zastupitelka Drápalová.",0,eb0d7acd8a1bcc62
marketa-vankova,Z9/10,30,"JUDr. Markéta Vaňková, primátorka: Někdo další do diskuse? Není tomu tak, tak děkujeme, pane vedoucí. Zahajuji hlasování: Hlasování č. 62: 48 - 0 - 1 - 3",0,eb0d7acd8a1bcc62
marketa-vankova,Z9/10,31,"JUDr. Markéta Vaňková, primátorka: Tak. Dovolím si s Vámi nesouhlasit. Myslím si, že se, jako město Brno, snažíme naplňovat ty naše povinnosti, nebo ty závazky, ke kterým jsme se zavázali tím, že jsme se připojili k paktu starostů a primátorů a vytvořili jsme tadytento akční plán SECAP, zapojujeme i další subjekty. A samozřejmě jsou některé projekty, které si bohužel vyžádají i kácení dřevin. Je to samozřejmě téma, které je velmi složité a diskutované, nicméně mám za to, že vždy se při těch projektech, které jsou činěny z úrovně města Brna, snažíme o maximální zachování zeleně. Stejně tak se snažíme o vytvoření nových zelených ploch, jako je tomu třeba na Moravském náměstí, které bylo rekonstruováno poměrně nedávno. Tak. Někdo další do diskuse? Pan zastupitel Kment.",0,eb0d7acd8a1bcc62
marketa-vankova,Z9/10,32,"JUDr. Markéta Vaňková, primátorka: Svůj názor jsem řekla. Myslím si, že není potřeba, abych ho dále rozváděla. Tak. Nikdo další není přihlášený do diskuse, zahajuji hlasování: Hlasování č. 63: 44 - 0 - 7 - 0",0,eb0d7acd8a1bcc62
marketa-vankova,Z9/10,33,"JUDr. Markéta Vaňková, primátorka: Já bych na úvod uvedla, že jsme měli včera pro zastupitele prezentaci komplexní analýzy, která v této věci byla zpracovávána. Já jsem avizovala již včera na tom jednání zastupitelů, že dnes, v rámci zastupitelstva, dojde k obdobnému postupu, to znamená, opět bude předmětná analýza nyní prezentována všem zastupitelům a veřejnosti. To znamená, začneme tím, že poprosím externí kolegy, ale abychom tak mohli učinit, tak si musíme odhlasovat, že souhlasíme s tím, aby v tomto bodu vystupovaly i osoby, které by běžně, podle zákona o obcích, neměly možnost na zastupitelstvu, na Zastupitelstvu města Brna vystoupit. To znamená, poprosím Vás o to, že budeme hlasovat o usnesení, které teď přečtu: Zastupitelstvo města Brna schvaluje udělení slova fyzickým osobám nesplňujícím podmínky dle § 16 a § 17 zákona č. 128/2000 Sb. o obcích, ve znění pozdějších předpisů, které budou chtít vystoupit na dnešním zasedání Zastupitelstva města Brna. Tak. A poprosím o hlasování tadyktomuto usnesení. Zahajuji hlasování: Hlasování č. 67: 48 - 0 - 1 - 3",0,eb0d7acd8a1bcc62
marketa-vankova,Z9/10,33,"JUDr. Markéta Vaňková, primátorka: Takže návrh byl přijat. A v tuto chvíli tedy poprosím pana Kučeru z Advokátní kancelář CÍSAŘ, ČEŠKA, jestli by mohl přijít za námi. Dnes budeme všichni mluvit, nebo budete Vy všichni mluvit od toho pultíku. A předám Vám slovo.",2,eb0d7acd8a1bcc62
marketa-vankova,Z9/10,35,"JUDr. Markéta Vaňková, primátorka: Ještě jednou dobrý den, pane, jo, můžete mluvit, prosím. My, jak tady přepínáme různě mikrofony, tak můžete už mluvit a my Vás slyšíme.",0,eb0d7acd8a1bcc62
marketa-vankova,Z9/10,40,"JUDr. Markéta Vaňková, primátorka: Hlásí se paní zastupitelka Drápalová a já ještě na jednu takovou poznámku, kterou jsem v té mé úvodní řeči neuvedla, ve vztahu k CO2, a bylo by mně to líto. Již dnes zmiňovaný SECAP, jak jsem říkala, připojili jsme se k paktu starostů a primátorů, my se tady snažíme několik let pracovat intenzivně na tom, abychom snižovali emise CO 2, to, že jsme se zavázali je snížit do roku 2030 o 40 %. My tady děláme kampaně k občanům města Brna, k firmám, aby se zapojovali, aby prostě jakýmkoliv možným prostředkem snižovali CO2. A pak rozhodneme o tom, že my sami, naším vlastním projektem, ty emise CO2 zvýšíme. Mně to přijde i ve vztahu prostě k těm partnerům, které se tady snažíme nějakým způsobem motivovat, docela nekomfortní. A pokud by se skutečně ukázalo, jakože já jsem o tom přesvědčená, že prostě dojde k navýšení CO 2, protože ty úspory na druhé straně tam nejsou, minimálně z CZT, jak jsme to teď slyšeli, u skládek na území města Brna taky žádná úspora CO2 není. Pokud v rámci úspor CO2 počítáme s tím, že dojde k menší zátěži právě proto, že nebude skládkováno, tak to určitě nebude na území města Brna. Tak si myslím, že to prostě taky není správný postup.",0,eb0d7acd8a1bcc62
marketa-vankova,Z9/10,43,"JUDr. Markéta Vaňková, primátorka: Už čtvrt hodiny jsme měli mít přestávku, to znamená přestávka do 11:15. A když se vrátíme, bude pokračovat pan Lahoda, kterému se tímto omlouvám, že jsem mu nedala slovo jako prvnímu, byl první přihlášený, nicméně, jak je na on-line, tak mně to tady bliká prostě jinak. Takže se, Marku, omlouvám a po přestávce to bude Tvoje.",0,eb0d7acd8a1bcc62
marketa-vankova,Z9/10,43,"JUDr. Markéta Vaňková, primátorka: Jako zvuk slyšíme, ale je pravdou, že není úplně výrazný.",0,eb0d7acd8a1bcc62
marketa-vankova,Z9/10,44,"JUDr. Markéta Vaňková, primátorka: Já jenom krátce zareaguji. Co se týče rizik ukončení projektu, tak k tomu se vztahuje jedna z těch odrážek z těch dotazů, a to je, já to hledám, jo, informaci, jaká výše újmy společnosti vznikne v případě udělení jednotlivých variant koncernových pokynů. To znamená, jedna z těch variant je i ukončení, což je asi to nejzásadnější, co nás by mělo zajímat. Ale samozřejmě, pokud budeš chtít tam doplnit ještě obecnější dotaz na rizika ukončení projektu, je to takové vágní, ale určitě ten návrh může být. A může být o něm hlasováno. Co se týče, já jenom úplně krátce, já se pořád snažím, jako kdyby na to jít skutečně jako co nejjednodušeji. A opět ty úspory, jako CO 2. Ty sáms tam hovořil o tom, že ta úspora bude v rámci toho, že určitý ten objem nebude skládkován a bude spalován. A já znovu opakuji, ano, on nebude skládkován někde jinde, v rámci České republiky, a bude spalován u nás v Brně. Já bych chápala ten argument, kdybychom měli v Brně skládku a řekli bychom: my nebudeme v Brně skládkovat a místo toho, abychom v Brně skládkovali, tak budeme ten odpad spalovat. A dojde tím pádem k úspoře CO 2. Ale tak to není. To je prostě skládkování, které probíhá na jiných místech České republiky, a místo toho, aby se neskládkovalo v rámci České republiky, tak se bude spalovat v Brně. Takže úspora - matematicky ano, nikoli na území města Brna. A znovu se vracím, vracím k tomu, že my bychom měli jednat v zájmu občanů města Brna.",2,eb0d7acd8a1bcc62
marketa-vankova,Z9/10,45,"JUDr. Markéta Vaňková, primátorka: Marku, já jsem tam zahlédla, Tys tam ukazoval nějaký list papíru, ne, jo, že neslyšíš. Ehm, tak, jo. Tak to je problém, no. Tak, to neumím technicky. Nevím, no, a prostě my jsme tady slyšeli, omlouvám se, to, to on-line připojení někdy může s sebou nést tadytyto problémy. Nicméně byl to jeden, pouze jeden z těch aspektů a důležité je, že to slyšeli ostatní zastupitelé. Tak nyní pan zastupitel Hladík.",0,eb0d7acd8a1bcc62
marketa-vankova,Z9/10,46,"JUDr. Markéta Vaňková, primátorka: Zeptám se, jestli v tuto chvíli chce některý z dotázaných odpovědět nebo jestli to necháme na písemné vyhotovení odpovědí? Písemné. Paní zastupitelka Drápalová.",0,eb0d7acd8a1bcc62
marketa-vankova,Z9/10,47,"JUDr. Markéta Vaňková, primátorka: Já poprosím všechny, kteří mají pocit, že by měly ty dotazy být nějakým způsobem doplněny, tak abyste je napsali písemně. Protože v rámci celého toho Vašeho slovního příspěvku se ty dotazy různě jako opakují, nejsou třeba úplně přesně definovány, tak abychom o tom, samozřejmě o tom můžeme hlasovat, návrh usnesení, který jsem předložila já, obsahuje prostě nějaké okruhy dotazů, takže klidně, kdo chcete, tak předložte návrhy na doplnění těch dotazů. A budeme o nich hlasovat. A jenom, teďka formálně, jestli už mě teď slyší kolegové na on-line? Protože jsem věděla, nebo měla jsem informace, že neslyšíte. Výborně, takže teď už slyšíte. Jenom mám informaci, pokud se to nepodaří odstranit, že, jo, a tak už se to odstranilo. Takže tím pádem dobrý. Chvilku to vypadalo, že budete hlasovat s papírem, že budete muset psát pro, proti, zdržel se. Tak jsem ráda, že se to nakonec podařilo rozjet. Tak. Pan zastupitel Hollan.",2,eb0d7acd8a1bcc62
marketa-vankova,Z9/10,47,"JUDr. Markéta Vaňková, primátorka: Klidně dám slovo Markovi Lahodovi.",0,eb0d7acd8a1bcc62
marketa-vankova,Z9/10,47,"JUDr. Markéta Vaňková, primátorka: Tak, pan ředitel už jde k mikrofonu.",0,eb0d7acd8a1bcc62
marketa-vankova,Z9/10,49,"JUDr. Markéta Vaňková, primátorka: Já nemám vůbec ambice reagovat na všechno. Mně stačila úplně ta úvodní věta, že CO 2 není strašák. Proč tedy máme SECAP? Proč apelujeme na všechny firmy v Brně, aby snižovaly CO 2 do roku 2030 o 40 %? Asi bychom to měli celé přehodnotit. Možná kolega z SPD měl pravdu. Pan zastupitel Hladík.",0,eb0d7acd8a1bcc62
marketa-vankova,Z9/10,49,"JUDr. Markéta Vaňková, primátorka: Petře, děkuji. Já jsem zvyklá na Tvé pejorativní vyjádření k ostatním osobám, takže mě to úplně nepřekvapuje. Věz pouze, že jak panu řediteli, tak mně, tak panu náměstkovi Kerndlovi celé znění memoranda je poměrně podrobně známo.",0,eb0d7acd8a1bcc62
marketa-vankova,Z9/10,50,"Bc. Matěj Hollan: Ještě asi znovu k tomu CO2. Protože mně to přijde, ta hraná nevědomost, jakým způsobem funguje na atmosféru CO2, a ten údiv nad tím, že by nemuselo vadit, když se v Brně vypustí CO 2, pokud to v celkové bilanci znamená menší emise skleníkových plynů, jako nějaká snaha hrát potom, případně před vyšetřovacími orgány, pokud by tadytuhle věc prošetřovaly, nějakou nevědomost, že jste tomu projektu nerozuměla, že vlastně Vám jenom někdo něco navykládal. Tak aby to tady jasně zaznělo, a už to říkali kolegové, ale je potřeba to evidentně říci ještě 10x dokola, i ten příští týden. Je to opravdu jedno, kolik se vypustí v Brně. Záleží na té celkové bilanci, kolik se z toho odpadu uvolní skleníkových plynů. Nejlepší je recyklace, dáme to dál do oběhu, i tam ale můžou prostě přicházet nějaké, nějaké emise, někde ne zanedbatelné, u toho recyklování. Je to pak to spalování, nejhorší ze všeho je skládkování, protože to eště ze sebe dostává metan. A kromě všech dalších jako negativních doprovodných jevů je to ten důvod, proč se má se skládkováním přestat. Takže to efektivní spalování je klimaticky relevantní opatření. A například ta úmluva starostů a primátorů, to je prostě nějaký papír, na ten se nejde právně odvolávat. Je skvělé, že ho město podepsalo, ale ten je vystavený racionálně, ta celá úmluva. Takže když se odůvodní, i v rámci SECAP, proč se dělá takovéto opatření, tak ten SECAP není nějakej, jako hloupý nástroj, který říká, přesně tadynatěchle km² se musí dosahovat toho a toho. Ten se taky zabývá celkovými bilancemi. Ještě bych rád se dostal k tomu, že je hodně zajímavé sledovat tu genezi, kterou jsme v posledních 3, nebo 3,5 měsících došli až do dnešní situace. Ještě v červnu je tady článek Mladé fronty - „Miliardové investice, tisícové úspory. Brno se zbavuje závislosti na plynu“, a jedno z těch stěžejních věcí je právě dostavba, výstavba 3. kotle. Když to tady, když si tady vygooglím - podle náměstka brněnské primátorky, Roberta Kerndla, který má na starosti energetiku, bude úspora, díky novému kotli na odpad, záviset na tom, nakolik se spalováním bude získávat horká voda, a nakolik elektřina. Úspora ale může být klidně 200, nebo 250 Kč/GJ tepla. To je ještě červnové vyjádření, kdy celá koalice jasně říká, že chce v 3. kotli pokračovat, že není žádný důvod tuto rozumnou investici zastavovat. Pak, někdy v červenci, se na serveru Neovlivní.cz objevil materiál, že město z toho vycouvává. Bylo to zvláštní. Protože pouze Neovlivní měli tuto informaci. Když se na to ptala další média, jak, myslím, že předsedy představenstva SAKA, pana Urubka, tak, dalších z vedení města, tak to nikdo nepotvrzoval. Ta informace neexistovala. Existovala jenom na Neovlivní a nikdo jiný to nebyl schopný verifikovat, že k tomu městu, město směřuje. Jak se ukázalo, tak paní Slonková tu informaci nějak dokázala získat a měla informační náskok a byla pravdivá. A najednou, jako mávnutím kouzelného proutku, minulý týden se zjistilo, že vedení města otočilo. A jak zase píše Mladá fronta - Čistá energie z odpadu, hlásá zářijová strana nástěnného kalendáře Brna, jenž má na každý měsíc nějaké heslo. Stejně jako web představující obří projekty 2. největšího města v zemi. Ostatně ještě loni, na podzim, brněnská primátorka, Markéta Vaňková, opakovaně před volbami hovořila o tom, že výstavba nového kotle a energetické využití komunálního odpadu ze širokého regionu je jedním z pilířů pro odklon od využívání zemního plynu, zejména toho ruského, pro výrobu tepla. Za ten rok se v té věci nezměnilo nic. Nezměnilo se nic, v tom smyslu, že když jste byli předtím 4 roky ve vedení města Brna, měli jste plné informace o tom a dobrou orientaci v té době, v tom tématu, a i ODS před volbami, v rámci kampaně, samozřejmě potvrzovala, že výstavba nového kotle bude, protože je to pro Brno nejlepší řešení. Najednou tady, mezi červnem a říjnem, začaly uměle vznikat PR strategie a z prstu vycucané, 300stránkové analýzy, které se snaží zvrátit ten dlouholetý, kontinuální postup všech vedení města za poslední 3, nebo 4 volební období, směřující k tomu, aby Brno ještě více posilovalo v tom segmentu spalování. A tenhle obrat, tenhle kotrmelec, za ty poslední 3 měsíce, kvůli tomu, co si myslím, že za tím je, možná, že je za tím něco jiného, ale jsem přesvědčený, že je za tím jednak aktivita pana Křetínského, a jednak",0,eb0d7acd8a1bcc62
marketa-vankova,Z9/10,51,"JUDr. Markéta Vaňková, primátorka: Marku, jasně. Je v Tvých technických možnostech hodit to písemně a poslat to mailem? Abychom měli přesnou citaci. Protože já si to tady jako píšu, ale jsem jako ve větě - informacemi…",0,eb0d7acd8a1bcc62
marketa-vankova,Z9/10,51,"JUDr. Markéta Vaňková, primátorka: Jo, super. Díky. Tak, pan náměstek Kerndl.",0,eb0d7acd8a1bcc62
marketa-vankova,Z9/10,53,"JUDr. Markéta Vaňková, primátorka: Tak. Já jenom k té lhůtě. Možná poprosím, jestli je tady pan Mgr. Procházka, že by mě doplnil? Já mám informace. Jest fajn, že nám tady opakovaně je sdělováno, že členové představenstva dostali nějaký e-mail. Já jsem ten e-mail neviděla. Nicméně, na včerejší debatě s panem Mgr. Procházkou, já jsem to pochopila tak, a vycházím jenom z ústních informací, že včerejšího dne členové představenstva dostali informaci o tom, že je prodloužena bankovní záruka, nikoli že by společnost Metrostav prodloužila lhůtu, která je stanovena k podpisu smlouvy, která je stanovena do 31. 10. To jsou 2 různé věci. Je mi také známo, že představenstvo společnosti minulý týden, tuším, ve čtvrtek, přijalo usnesení o tom, teď nevím přesně, budu ta parafrázovat, aby vstoupilo do jednání s tím vybraným uchazečem o možnosti prodloužení této lhůty. Nicméně, nemám informace o tom, že by, nevím, jestli to jednání proběhlo, a rozhodně nevím o tom, že by bylo s kladným výsledkem. A tak jak jsem to uvedla na začátku, pokud ta lhůta, 31. 10., nebude prodloužena, tak my musíme, v horizontu přibližně 14 dnů před touto lhůtou, s tím zhotovitelem, nebo s tím vybraným uchazečem jednat. Pokud máme zákonem o obcích danou, daný, danou lhůtu na svolání zastupitelstva, tak se prostě dostáváme do časového presu. Takže bych byla ráda, aby pan Mgr. Procházka řekl, jestli je to takto, nebo jestli skutečně, tak jak to říká pan zastupitel Hruška, byla lhůta pro uzavření smlouvy se zhotovitelem, neboli vázanost tou nabídkou, posunuta na pozdější termín, než je 31. 10.",0,eb0d7acd8a1bcc62
marketa-vankova,Z9/10,53,"JUDr. Markéta Vaňková, primátorka: Neboli není pravdou, že máme čas do 30. 11. Tak. Paní zastupitelka Drápalová.",0,eb0d7acd8a1bcc62
marketa-vankova,Z9/10,54,"JUDr. Markéta Vaňková, primátorka: Tak já jenom úplně krátká reakce k tomu znečištění z jiných zdrojů, ať jsou to ohňostroje, nebo doprava. To samozřejmě nikdo nepopírá. Akorát, že to znečištění, které je tadyztěchto aktivit, v tuto chvíli už probíhá. A ano, můžeme vést debatu o tom, jestli máme tyto aktivity utlumovat. Pokud se rozhodneme, že zrušíme ohňostroje, ať v rámci IGNIS, nebo jakékoliv jiné, tak je to prostě rozhodnutí, které přijde z minuty na minutu, a prostě ta zátěž tady nebude. Ale, jak říkám, to je zátěž, která v tuto chvíli je a kterou můžeme ovlivnit, že ji snížíme. Ale u rozhodnutí o tom, že vybudujeme kotel K1, jsme na nějakém bodě 0, ve vztahu k emisnímu zatížení, a my rozhodujeme o tom, že to emisní zatížení zvýšíme, a to na poměrně dlouhou dobu. Protože pokud se ten kotel vybuduje, tak asi si neřekneme pak, třeba po půl roce, takhle lusknutím prstu, že ho zase zastavíme, ten provoz. Takže, tam já vnímám ten rozdíl. A znovu říkám, nikdo nepopírá, nebo nikdo nerozporuje, že tady máme jiné zdroje, které vyvolávají znečištění ovzduší. A můžeme vést relevantní debatu o tom, jestli tadyto, tydle zdroje budeme utlumovat, to znamená snižovat tu zátěž. Ale v tomto projektu se bavíme o tom, že tu zátěž navyšujeme našim rozhodnutím.",0,eb0d7acd8a1bcc62
marketa-vankova,Z9/10,55,"JUDr. Markéta Vaňková, primátorka: Tak jsem ráda, že jsme to ukončili tím, že jako navezením 130 000 t odpadu a produkcí 120 000 t CO2 to bude pomáhat životnímu prostředí. To si myslím, že je krásný závěr, ve městě Brně, ano. A jenom, Marku, prosím Tě, jenom formálně, pořád ke mně nedoputovaly ty Tvoje návrhy na doplnění. Máme tady jenom od, samozřejmě od paní zastupitelky Drápalové, od pana zastupitele Hrušky, jo, a asi něco tedy putuje, takže to je fajn. Tak. Paní zastupitelka Flamiková.",2,eb0d7acd8a1bcc62
marketa-vankova,Z9/10,55,"JUDr. Markéta Vaňková, primátorka: Pokud to chcete mít jako oficiální dotaz v usnesení, tak ho poprosím písemně. Tak, v tuto chvíli se nehlásí už nikdo další do diskuse, máme tady několik návrhů na hlasování, budeme v souladu s jednacím řádem hlasovat postupně, tak jak ty pozměňovací návrhy byly předkládány. První pozměňovací návrh k původnímu usnesení je tedy ten, který Vám byl písemně rozdán z mé úrovně. To znamená, je to návrh o hlasování, že Zastupitelstvo města Brna ukládá primátorce města Brna svolat mimořádné zasedání Zastupitelstva města Brna konané dne 18. 10. A dále, vyzývá společnost SAKO Brno, a.s., k předložení, a máte to všichni před sebou, tak to nebudu číst, a předložení zastupitelstvu v termínu do 13. 10. A dále vyzývá společnost Teplárny Brno k předložení, jsou tam 2 odrážky, a opět Zastupitelstvu města Brna v termínu do 13. 10., neboli tyto informace bychom měli dostat do pátku, v optimálním případě. Takže prosím o tomto hlasování, jednak mimořádné zastupitelstvo, a jednak výzva na SAKO a na Teplárny k zodpovězení definovaných dotazů a předložení podkladů. Zahajuji hlasování: Hlasování č. 68: Neplatné hlasování",2,eb0d7acd8a1bcc62
marketa-vankova,Z9/10,55,"JUDr. Markéta Vaňková, primátorka: Návrh byl schválen. A hlásí se paní zastupitelka Drápalová.",2,eb0d7acd8a1bcc62
marketa-vankova,Z9/10,56,"JUDr. Markéta Vaňková, primátorka: Ani já ho nepovažuji za protinávrh. Ty návrhy, jednotlivé, které byly předloženy, se nevylučují, je možno o nich hlasovat samostatně a mohou všechny být schváleny. A v souladu s jednacím řádem se o nich, o těch postupných návrzích, hlasuje v pořadí, jak byly předloženy. Pan zastupitel Lahoda.",2,eb0d7acd8a1bcc62
marketa-vankova,Z9/10,56,"JUDr. Markéta Vaňková, primátorka: Dobře, takže zmatečné hlasování. Takže budeme hlasovat opětovně o tom prvním pozměňovacím návrhu, který máte písemně. Zahajuji hlasování: Hlasování č. 69: 44 - 0 - 3 - 4",2,eb0d7acd8a1bcc62
marketa-vankova,Z9/10,56,"JUDr. Markéta Vaňková, primátorka: Usnesení bylo přijato. Paní zastupitelka Flamiková.",0,eb0d7acd8a1bcc62
marketa-vankova,Z9/10,56,"JUDr. Markéta Vaňková, primátorka: Paní zastupitelko, já jsem to řekla asi 3x, ale můžu to znovu zopakovat. Je to první pozměňující návrh, který jsem předložila, který aji máte všichni písemně před sebou, vůči kterému pan zastupitel Lahoda vznesl, jak se tomu říká, zmatečné hlasování. Takže o tom jsme teď hlasovali znovu. Myslím si, že už to bylo jasné, ten, ten výsledek. Tak. Nyní budeme postupovat dále podle těch návrhů, jak byly předkládány. To znamená návrh paní zastupitelky Drápalové, který je dotaz, předpokládám, že na SAKO, to tady není napsáno, ale bude to asi na SAKO. Nebo na Teplárny. Já ho přečtu a paní zastupitelko, když tak doplňte, na kterou ze společností to má směřovat. Při jaké ceně plynu se 1 MWh, ne, z asi je tam, MWh, je vliv tepla dodaného ze SAKO za 213 Kč/hod. kladný? Asi, jak to vychází při dodávce 1 000 000 GJ a při ceně 1 300 000 GJ? Snažím se to přečíst. Doufám, že správně. Paní zastupitelko, chcete to nějak doplnit?",2,eb0d7acd8a1bcc62
marketa-vankova,Z9/10,56,"JUDr. Markéta Vaňková, primátorka: Jo, děkuji za upřesnění. Máme to v záznamu. Písemný návrh usnesení tady je, já myslím, že se s tím nějak vypořádáme. Tak. Takže hlasujeme o tomto návrhu usnesení, který přednesla paní zastupitelka Drápalová. Zahajuji hlasování: Hlasování č. 70: 46 - 0 - 3 - 1",2,eb0d7acd8a1bcc62
marketa-vankova,Z9/10,56,"JUDr. Markéta Vaňková, primátorka: A jenom teda doplnit tam, že to bude pro Teplárny. To v tom písemném návrhu není. Tak. Pak další jsem tady měla od pana zastupitele Hrušky, který má těch otázek několik. Tak já je všechny přečtu a pak si řekneme, jestli budeme hlasovat o všech dohromady, nebo o, jednotlivě. Takže zajistit analýzu rizik nerealizace projektu, včetně vyčíslení případné újmy, která bude součástí případného koncernového pokynu. Dále. Zajistit oponenturu komplexní analýzy, subjekty, které zpracovaly předcházející analýzy, vzhledem k tomu, že jsou jejich závěry zpochybňovány. Potom, předložit všem členům Zastupitelstva města Brna všechny podklady, které byly podkladem pro dnes představenou komplexní analýzu. A potom, zajistit odpovědi společnosti SAKO Brno, a.s.,",2,eb0d7acd8a1bcc62
marketa-vankova,Z9/10,57,"JUDr. Markéta Vaňková, primátorka: Dobře, takže jdeme postupně. Takže, uložit úkol, a nevím teda komu, zajistit analýzu rizik nerealizace projektu, včetně vyčíslení případné újmy, která bude součástí případného koncernového pokynu. Tak to asi SAKU, předpokládám. Tak zahajuji hlasování a jenom, jenom upozorňuji, že dotaz na újmu už je v tom prohlasovaném usnesení, v tom písemném návrhu. Takže je to, do jisté míry se to opakuje. Tak, zahajuji hlasování, kdo je pro navržené doplnění: Hlasování č. 71: 38 - 0 - 7 - 6",2,eb0d7acd8a1bcc62
marketa-vankova,Z9/10,57,"JUDr. Markéta Vaňková, primátorka: Usnesení bylo přijato. Tak. Poté, zajistit oponenturu komplexní analýzy, subjekty, které zpraco, tady jsou tak divně čárky, že moc nechápu smysl ten, té věty. Zajistit oponenturu komplexní analýzy, subjekty, které zpracovaly předcházející analýzy, vzhledem k tomu, že jsou jejich závěry zpochybňovány. Tak zajistit oponenturu komplexní analýzy, chápu, předcházející analýzy je myšleno úplně nějaké původní analýzy? Subjekty, které zpracovaly předcházející analýzy. To znamená předtím, než se zpracovávala komplexní analýza? Jo. Tak to se obávám, že nejsme do středy příštího týdne zajistit, nicméně budeme o tom hlasovat. A uložit opět společnosti SAKO. Takže zahajuji, nebo, chce to pan zastupitel Hruška nějak doplnit? Jo. Tak, tak má slovo? Tak. Můžeš.",0,eb0d7acd8a1bcc62
marketa-vankova,Z9/10,57,"JUDr. Markéta Vaňková, primátorka: Takže to máme dojasněno. Zahajuji hlasování: Hlasování č. 72: 20 - 3 - 12 - 15",0,eb0d7acd8a1bcc62
marketa-vankova,Z9/10,57,"JUDr. Markéta Vaňková, primátorka: Takže tento návrh nebyl schválen. Dále. Předložit všem členům Zastupitelstva města Brna všechny podklady, které byly podkladem pro dnes představenou komplexní analýzu, to by bylo zase na SAKO. Nevím, jestli je to reálné, ve smyslu jednak i obchodního tajemství, ale jenom, nevím, nevím. Bylo to předkládáno samozřejmě těm zpracovatelům, vím, že těch podkladů bylo poměrně hodně. Takže neumím se tadyktomuto vyjádřit, jestli jako vůbec jsme, jako v režimu, jako možném, a na druhou stranu jako rozhodně nechci, aby se zastupitelům cokoliv zatajovalo. Pan ředitel, možná, může nám zkusit říct?",2,eb0d7acd8a1bcc62
marketa-vankova,Z9/10,57,"JUDr. Markéta Vaňková, primátorka: Dobře, děkuju. Pan zastupitel Hruška.",0,eb0d7acd8a1bcc62
marketa-vankova,Z9/10,58,"JUDr. Markéta Vaňková, primátorka: Proto jsem se na to ptala, že si nejsem jistá, a předpokládám, že s těmi zpracovateli analýz byly uzavřeny smlouvy, ve kterých byla otázka mlčenlivosti jasně definována. My, jako zastupitelé, jsme samozřejmě nějakým způsobem taky vázáni, ale na druhé straně, podklady, které dostaneme, pokud nebudou v režimu nějakém právě začerněném, tak by s tím problém byl. Tak právě proto jsem se na to ptala, a zároveň jsem uvedla, že nechci zastupitelům nic zatajovat. Ale na druhou stranu, nechci způsobit problémy společnosti s tím, že by unikly na veřejnost informace, které mohou podléhat obchodnímu tajemství. Ale pan ředitel na to reagoval, myslím si, že ani pan zastupitel Hollan, ani pan zastupitel Hruška už nemusí reagovat, protože pan ředitel jednoznačně řekl, že když zapojí své pracovníky, tak jsou schopni začernění těch údajů, které jsou obchodním tajemstvím, provést. Tak. Pan zastupitel Hollan chce ještě hovořit?",0,eb0d7acd8a1bcc62
marketa-vankova,Z9/10,58,"JUDr. Markéta Vaňková, primátorka: Pane zastupiteli, já Vás přeruším …",0,eb0d7acd8a1bcc62
marketa-vankova,Z9/10,58,"JUDr. Markéta Vaňková, primátorka: Já si myslím, že tadyto právní okénko je zbytečné.",0,eb0d7acd8a1bcc62
marketa-vankova,Z9/10,58,"JUDr. Markéta Vaňková, primátorka: Pane zastupiteli, prosím, přestaňte mluvit, já na to budu reagovat. Já poprosím právního zástupce SAKA, aby v, nemusí, nemusí teď odpovídat, aby ve spolupráci s panem ředitelem, pokud toto usnesení bude přijato, postupovalo tak, aby zastupitelé dostali maximum možných informací, bez minima, ideálně nulového začernění, v souladu se zákonem, tak jak nám to umožňuje. A ten cíl je, pokud to bude přijato, toto usnesení, abychom měli maximum informací, a zároveň bylo zajištěno ochrana údajů, které jsou potřeba chránit. Tak. Zahajuju hlasování o tomto usnesení, to znamená předložit všem členům zastupitelstva všechny podklady, které byly podkladem pro dnes představenou komplexní analýzu. Zahajuji hlasování: Hlasování č. 73: 40 - 0 - 6 - 5",0,eb0d7acd8a1bcc62
marketa-vankova,Z9/10,58,"JUDr. Markéta Vaňková, primátorka: Tak my bychom měli podle jednacího řádu skončit. Já doporučuju, pojďme si teď odhlasovat, že projedeme všechny tady, všechna tadyta usnesení k tomuto bodu, pak si teprve uděláme pauzu",0,eb0d7acd8a1bcc62
marketa-vankova,Z9/10,59,"JUDr. Markéta Vaňková, primátorka: Návrh byl přijat. Tak. Poslední odrážka je zajistit odpovědi společností SAKO Brno, a.s., a Teplárny Brno, a.s., na dotazy členů zastupitelstva, které budou zaslány do 13. 10. 2023. Pan zastupitel Hruška.",2,eb0d7acd8a1bcc62
marketa-vankova,Z9/10,59,"JUDr. Markéta Vaňková, primátorka: To ano, na druhou stranu, my teď hlasujeme o každém, jednotlivém dotazu a tímto bychom dávali vlastně bianko šek, že jako ten dotaz může být úplně jakýkoliv. Myslím si, že to trošku jako je v rozporu s tím, o co se teď snažíme? Ale jako chápu Vás, jo? Jenom je to prostě takové jako, půl napůl, no. Takže asi, asi, asi nechám, ať se každý rozhodne sám, jestli to vnímá jako, jako vhodný postup, nebo ne, s tím, že by tam tedy byla úprava, že by ty dotazy byly zaslány do 11. 10. Tak. Zahajuji hlasování, kdo je pro tadytoto usnesení: Hlasování č. 75: 22 - 0 - 12 - 17",0,eb0d7acd8a1bcc62
marketa-vankova,Z9/10,59,"JUDr. Markéta Vaňková, primátorka: Takže návrh nebyl přijat. Tak. Pak jsme tady dostali návrh od pana zastupitele Zemka, ale měl by to být teda, doufám, ten, který chtěl vznést Marek Lahoda, a je to: zastupitelstvo ukládá radě zajistit zpracování analýzy rizik ukončení projektu OHB II, linka K1 a předložit její výsledky na mimořádném zasedání Zastupitelstva města Brna dne 18. 10. Já jenom přečtu usnesení, které jsme, jestli se nemýlím, přijali, to bylo to první usnesení pana zastupitele Hrušky, a to bylo: zajistit analýzu rizik nerealizace projektu, včetně vyčíslení případné újmy. Takže já si myslím, že ta usnesení jsou totožná, byť trošku jinými slovy. Protože tady máme zajistit zpracování analýzy rizik, ukončení projektu, což už jsme schválili. Je to tak? Jo, a u toho návrhu pana zastupitele Hrušky tam navíc byla ta újma. Takže, za mě, vlastně to usnesení pana zastupitele Hrušky bylo komplexnější. Tak jenom, jestli se můžu, Adame, zeptat? Jo.",2,eb0d7acd8a1bcc62
marketa-vankova,Z9/10,59,"JUDr. Markéta Vaňková, primátorka: Jo, a paní zastupitelka Drápalová nám do toho možná vnese ještě jiný pohled?",0,eb0d7acd8a1bcc62
marketa-vankova,Z9/10,59,"JUDr. Markéta Vaňková, primátorka: Tak. Nebylo přijato to poslední, to znamená zajistit odpovědi společnosti SAKO a Teplárny, které budou předloženy do zítřejšího dne, a potom nebylo přijato, jestli se nemýlím, to druhé, to znamená zajistit oponenturu komplexní analýzy, subjekty, které zpracovaly ty předchozí analýzy.",0,eb0d7acd8a1bcc62
marketa-vankova,Z9/10,59,"JUDr. Markéta Vaňková, primátorka: A byla přijata usnesení, já je přečtu: zajistit analýzu rizik nerealizace projektu, včetně vyčíslení případné újmy, která bude součástí případného koncernového pokynu. A pak bylo přijato usnesení: předložit všem členům Zastupitelstva města Brna všechny podklady, které byly podkladem pro dnes představenou komplexní analýzu. Neboli analýza rizik a podklady, které byly podkladem pro analýzu, bylo schváleno. Tak. Návrh na usnesení Adama Zemka jsme tedy stáhli a máme tady poslední. A to je od pana zastupitele Kmenta: žádám o kvalifikovaný odhad, kolik spalitelných odpadů se dnes produkuje a skládkuje v Jihomoravském kraji, dotaz na SAKO, na Teplárny asi ne, uvidíme, jestli, pokud to projde, samozřejmě, jestli SAKO bude schopno tento údaj dodat.",2,eb0d7acd8a1bcc62
marketa-vankova,Z9/10,60,"JUDr. Markéta Vaňková, primátorka: Takže tento návrh byl taky schválen. Tím pádem máme projednaný bod č. 7). Děkuji všem, zejména děkuji externím poradcům. V souladu s přijatým usnesením jenom doplňuji, že svolám zasedání zastupitelstva na příští středu, vzhledem k počítání běhu lhůt, takže ve, a, bylo to i uvedeno v tom usnesení. Předpokládám, že zastupitelstvo začne v 9:00 hod., ale budete to mít ještě písemně sděleno. A prosím samozřejmě opět naše externí poradce, respektive zpracovatele analýzy, jestli by si mohli vyhradit opět tento čas pro nás, zastupitele města Brna. Děkuji. A obědová přestávka do 14:30 hod.",2,eb0d7acd8a1bcc62
marketa-vankova,Z9/10,60,"Schválené usnesení: *** 1. ZMB ukládá primátorce města Brna svolat mimořádné zasedání Zastupitelstva města Brna, konané dne 18. 10. 2023. *** úkol č.: [Z9/10/07] zodpovídá: JUDr. Markéta Vaňková – primátorka [3296] termín: [bezodkladně]",0,eb0d7acd8a1bcc62
marketa-vankova,Z9/10,61,"JUDr. Markéta Vaňková, primátorka – přistoupila k projednávání bodu 65) dle schváleného programu jednání.",0,eb0d7acd8a1bcc62
marketa-vankova,Z9/10,62,"JUDr. Markéta Vaňková, primátorka: Nikdo další není přihlášený, to znamená, já teďka přemýšlím, jak to vzít postupně, protože ty úpravy, které načítal David Grund, tak předpokládám, se vztahují právě k té 2. odrážce. Takže já teďka nechám hlasovat po odrážkách, s tím, že ta 2. odrážka bude už v rámci té úpravy, kterou načetl pan zastupitel Grund. Jo? Dobrá. Takže první budeme hlasovat o odrážce, pudem prostě postupně, po usneseních. Takže hlasujeme nyní o 1. usnesení, to znamená, zastupitelstvo trvá na stanovení strategických lokalit. Zahajuji hlasování: Hlasování č. 79: 37 - 0 - 9 - 1",0,eb0d7acd8a1bcc62
marketa-vankova,Z9/10,62,"JUDr. Markéta Vaňková, primátorka: Usnesení bylo přijato. Nyní budeme hlasovat o usnesení č. 2, schvaluje, 1. odrážka - rozšíření kategorie strategických lokalit a tak dále. Zahajuju hlasování: Hlasování č. 80: 38 - 0 - 9 - 0",0,eb0d7acd8a1bcc62
marketa-vankova,Z9/10,62,"JUDr. Markéta Vaňková, primátorka: Usnesení bylo přijato. A nyní teda usnesení 2, schvaluje, 2. odrážka - konkretizaci zbytného nemovitého majetku určeného k prodeji (zcizení) uvedeného v příloze, s tím, že příloha bude upravena tak, že se vypouští v rámci lokality č. 814 pozemky, p. č. 904, já je nebudu všechny číst, prostě ty pozemky, které načetl pan zastupitel Grund. Takže zahajuji hlasování: Hlasování č. 81: 33 - 1 - 12 - 0",0,eb0d7acd8a1bcc62
marketa-vankova,Z9/10,62,"JUDr. Markéta Vaňková, primátorka: Usnesení bylo přijato. A poslední usnesení, 3. - ukládá Radě města Brna zahájit proces zcizování konkretizovaného nemovitého majetku. Zahajuju hlasování: Hlasování č. 82: 34 - 1 - 12 - 0",0,eb0d7acd8a1bcc62
marketa-vankova,Z9/10,64,"JUDr. Markéta Vaňková, primátorka – navrhla společně hlasovat o bodech 71) – 82) vztahujících se k prodejům pozemků a částí pozemků, vyjma bodů stažených – 72), 74), 77), 78) a 81).",4,eb0d7acd8a1bcc62
marketa-vankova,Z9/10,65,"JUDr. Markéta Vaňková, primátorka – navrhla společné hlasování o bodech 83) – 94) vztahujících se k záměrům či návrhům nabytí pozemků.",6,eb0d7acd8a1bcc62
marketa-vankova,Z9/10,65,"JUDr. Markéta Vaňková, primátorka – přistoupila ke společnému hlasování o bodech 83) – 90).",0,eb0d7acd8a1bcc62
marketa-vankova,Z9/10,68,"JUDr. Markéta Vaňková, primátorka – přistoupila ke společnému hlasování o bodech 92), 93) a 94).",0,eb0d7acd8a1bcc62
marketa-vankova,Z9/10,69,"JUDr. Markéta Vaňková, primátorka – omylem zahájila hlasování, které poté ukončila. Hlasování č. 89: Neplatné hlasování",0,eb0d7acd8a1bcc62
marketa-vankova,Z9/10,69,"JUDr. Markéta Vaňková, primátorka – navrhla společně hlasovat o bodech 95) – 100) vztahujících se k nabídkám předkupních práv ke stavbám.",4,eb0d7acd8a1bcc62
marketa-vankova,Z9/10,75,"JUDr. Markéta Vaňková, primátorka – navrhla společné hlasování o bodech 105) – 109) vztahujících se k návrhům na svěření majetků městským částem, avšak vzhledem k velkému počtu žádostí o samostatné projednání bodů svůj návrh zrušila a přistoupila k postupnému projednávání.",6,eb0d7acd8a1bcc62
marketa-vankova,Z9/10,79,"JUDr. Markéta Vaňková, primátorka: Pak poprosím Tomáše Pivce. A může si vzít i tu pomoc s sebou, tu krásnou, kterou se tady usmívá, kvůli které jsem se tady usmívala, asi před 10 min.",0,eb0d7acd8a1bcc62
marketa-vankova,Z9/10,80,"JUDr. Markéta Vaňková, primátorka: Dobře. Stačí to takto, ta reakce, s tím, že bude učiněna tadytato úprava? Děkuji. Žádné další dotazy nejsou. Zahajuju hlasování: Hlasování č. 105: 47 - 0 - 1 - 0",0,eb0d7acd8a1bcc62
marketa-vankova,Z9/10,81,"JUDr. Markéta Vaňková, primátorka: Dobře. Na obě dvě otázky bude odpovězeno písemně.",0,eb0d7acd8a1bcc62
marketa-vankova,Z9/10,82,"JUDr. Markéta Vaňková, primátorka: Tak, za ten první podnět děkuji, pokusíme se s tím nějak naložit, jenom, za mě, říkám, naším důvodem, proč jsme dělali včera tu prezentaci, tak bylo právě to, abyste měli maximum informací, abyste měli prostě možnost se s těmi podklady seznámit. Takže jako za mě, ta otevřenost, nebo ta snaha o tu otevřenost je tam maximální. Pokud to bude reálné ze strany společnosti SAKO a najdeme nějaký termín, tak se pokusíme něco takového udělat. Ke stavebnímu úřadu. My se tady bavíme s kolegy, protože je to samozřejmě státní správa, to znamená, jestli by odpovídal pan tajemník, případně samozřejmě by mohl odpovídat i případně pan radní Bořecký, ale můžu samozřejmě odpovědět i já. Je to samozřejmě téma, které je teď hojně diskutované, a to z toho důvodu, že s účinností nového stavebního zákona k 1. 7. 2024 bude docházet ke změnám na úrovni územního a stavebního řízení a klade to pro město Brno, pro statutární město Brno, otázky, jak to stavební řízení vlastně zajistit do budoucna, v souladu s novým stavebním zákonem. Nabízí se více variant. V tuto chvíli jsou stavební úřady na 28 městských částech a nabízí se varianty - buď zachování tadytoho počtu stavebních úřadů, nebo snížení jejich počtu, ale staré zachování většího počtu stavebních úřadů, anebo vytvoření jednoho stavebního úřadu jako prvostupňového, na území města Brna, s tím, že druhý stupeň by byl kraj. Tyto debaty, nebo tyto varianty poměrně podrobně a intenzivně komunikujeme. V tuto chvíli ještě nedošlo úplně ke stoprocentnímu rozhodnutí. Samozřejmě se to bude týkat všech těch městských částí, 28, takže předpokládáme samozřejmě i tu komunikaci, jednak se starosty, ale i v rámci případně zastupitelstev. Jsme opět zase tlačeni časem, protože pokud bychom chtěli ty změny skutečně udělat k 1. 7., tak je potřeba s tím začít co možná nejdříve. Takže očekáváme, že to finální rozhodnutí již skutečně padne v následujících dnech nebo v řádech jednotek týdnů. A není to, není to lehké rozhodnutí za předpokladu, že přistoupíme k 2. či 3. variantě. Pokud bychom přistupovali k variantě, že zachováme stejný počet stavebních úřadů, muselo by dojít k určité úpravě kompetencí, respektive k tomu, aby došlo ze zákona, což by mělo dopad pro pracovní náplň těch jednotlivých zaměstnanců. Takže nějaké změny by tam také byly, ale samozřejmě ty druhé 2 varianty jsou složitější. Zatím bych to asi nechala, tu odpověď, v této rovině, s tím, že všichni se jistě v nejbližších dnech dozvíte, jak ty úvahy města Brna jsou. A z toho, co jsem řekla, tak asi je patrné, že nejsme jednoznačně rozhodnuti o zachování statusu quo.",0,eb0d7acd8a1bcc62
marketa-vankova,Z9/10,82,"JUDr. Markéta Vaňková, primátorka: Předpokládám, že odpovíme také písemně.",0,eb0d7acd8a1bcc62
marketa-vankova,Z9/10,84,"JUDr. Markéta Vaňková, primátorka, ukončila zasedání Zastupitelstva města Brna (v 15:20 hod.).",0,eb0d7acd8a1bcc62
marketa-vankova,Z9/12,1,"Zasedání zahájila a řídila primátorka města Brna JUDr. Markéta Vaňková (dále jen JUDr. Markéta Vaňková, primátorka).",0,36a4e03789f899b5
marketa-vankova,Z9/12,1,"Na úvod všichni přítomní v sálu uctili minutou ticha památku nedávno zesnulého politika, knížete Karla Schwarzenberga. JUDr. Markéta Vaňková, primátorka, také informala, že se chystá kondolenční kniha v Divadle Husa na provázku a má být k dispozici od 10:30 hod. pro organizátory a od 11:00 hod. pro veřejnost.",0,36a4e03789f899b5
marketa-vankova,Z9/12,1,"JUDr. Markéta Vaňková, primátorka, upozornila na skutečnost, že jednání Zastupitelstva města Brna je audiovizuálně přenášeno prostřednictvím internetových stránek města a přenos je zaznamenáván, archivován a následně bude zveřejněn.",4,36a4e03789f899b5
marketa-vankova,Z9/12,1,"JUDr. Markéta Vaňková, primátorka, informovala, že dne 13. 11. 2023 Mgr. Marek Lahoda rezignoval na funkci předsedy klubu zastupitelů Pirátů a novým předsedou byl ustaven Mgr. Adam Zemek.",0,36a4e03789f899b5
marketa-vankova,Z9/12,1,"JUDr. Markéta Vaňková, primátorka, sdělila, že při prezenci členové Zastupitelstva města Brna obdrželi: • doplněk k bodu 17), který byl dne 13. 11. 2023 vložen na chráněné internetové datové úložiště • doplněk k bodu 38), který byl dne 13. 11. 2023 vložen na chráněné internetové datové úložiště",0,36a4e03789f899b5
marketa-vankova,Z9/12,2,"Schválení programu zasedání Zastupitelstva města Brna č. Z9/12 JUDr. Markéta Vaňková, primátorka, zdůvodnila tyto změny programu:",0,36a4e03789f899b5
marketa-vankova,Z9/12,2,"Dále JUDr. Markéta Vaňková, primátorka, navrhla předřadit projednání bodu č. 48) Projekty financované z Fondu kofinancování projektů – listopad 2023 – návrh rozpočtového opatření před bod č. 47) Finanční prostředky Fondu kofinancování projektů – listopad 2023 – návrh rozpočtového opatření.",6,36a4e03789f899b5
marketa-vankova,Z9/12,7,"JUDr. Markéta Vaňková, primátorka: Debata je samozřejmě relevantní, budeme ji vést se starosty. Paní zastupitelka Flamiková.",0,36a4e03789f899b5
marketa-vankova,Z9/12,7,"JUDr. Markéta Vaňková, primátorka: Děkuji za doplnění paní předsedkyně Finančního výboru a zároveň starostky jedné z největších městských částí. Pan náměstek Suchý.",0,36a4e03789f899b5
marketa-vankova,Z9/12,8,"JUDr. Markéta Vaňková, primátorka: Je to o 14,7 %, máte to v důvodové zprávě, asi ve 2. odstavci.",0,36a4e03789f899b5
marketa-vankova,Z9/12,8,"JUDr. Markéta Vaňková, primátorka: Máme 8:30, přerušuji projednání bodu č. 9) a přistupujeme k bodu č. 2) Dotazy, připomínky a podněty občanů.",0,36a4e03789f899b5
marketa-vankova,Z9/12,9,"JUDr. Markéta Vaňková, primátorka: Velodrom v tuto chvíli plánujeme v lokalitě za Lužánkami. Co se týče zahájení doby výstavby, ať už fotbalového stadionu, nebo velodromu, tak v tuto chvíli nejsme schopni přesný časový horizont říci. Dělají se postupné kroky k tomu, aby obě dvě tyto investice mohly být z úrovně města zrealizovány.",0,36a4e03789f899b5
marketa-vankova,Z9/12,10,"JUDr. Markéta Vaňková, primátorka: Tak. Pan vedoucí už je nachystán.",0,36a4e03789f899b5
marketa-vankova,Z9/12,10,"JUDr. Markéta Vaňková, primátorka: Zeptám se, jestli je tady nějaký další občan, občanka? Dobrý den, dlouho jsme se neviděli.",0,36a4e03789f899b5
marketa-vankova,Z9/12,10,"JUDr. Markéta Vaňková, primátorka: Tak. Poprosím pana vedoucího Poláka, jestli tady je, jestli se může vyjádřit?",0,36a4e03789f899b5
marketa-vankova,Z9/12,11,"JUDr. Markéta Vaňková, primátorka: Paní Burešová, já si to také pamatuju velmi dobře, že, že to bylo tak, jak pan vedoucí Polák říká. My jsme to měli i na Radě města Brna, aby Vám mohla být udělená ta výjimka, abyste tam mohla jít i s tím kocourkem. Vy jste to tady říkala minule, na zastupitelstvu, že toho nevyužijete. Tak, já mám pocit, že my, jako město, už děláme ve vztahu k tomu Vašemu možnému ubytování skutečně jako maximum. Já už vlastně nevím, co víc bychom měli udělat pro to, abyste tam mohla bydlet. Teď jsme opět slyšeli, že je pro Vás ten byt nachystán, od včerejšího rána. Je úterý, tak prosím, možná se nevracejte do minulosti a řekněme si tady jednoznačně, jestli o to ubytování máte zájem, nebo nemáte zájem. Ať se k tomu nemusíme v těch měsíčních intervalech stále vracet.",0,36a4e03789f899b5
marketa-vankova,Z9/12,11,"JUDr. Markéta Vaňková, primátorka: Tak. Děkuji, čas vypršel. Zeptám se, jestli je tady nějaký další občan, který by chtěl vystoupit v tomto bodě? Pokud tomu tak není, ukončujeme bod č. 2) a vracíme se k bodu č. 9). A přihlášená je paní zastupitelka Flamiková.",0,36a4e03789f899b5
marketa-vankova,Z9/12,12,"JUDr. Markéta Vaňková, primátorka: Nikdo další není přihlášen k tomuto bodu, tak přistoupíme k hlasování. Zahajuji hlasování: Hlasování č. 9: 46 - 0 - 1 - 3",0,36a4e03789f899b5
marketa-vankova,Z9/12,13,"JUDr. Markéta Vaňková, primátorka: Tak. Nevím, nikdo se nehlásí, že by k tomu nějak reagoval, tak myslím, že asi se každý rozhodneme hlasováním. Takže zahajuji hlasování: Hlasování č. 10: 41 - 6 - 2 - 2",0,36a4e03789f899b5
marketa-vankova,Z9/12,16,"JUDr. Markéta Vaňková, primátorka: Já k tomu možná doplním, že my jsme vedli debatu o tom, jestli tadytyto peníze do této školy, na tuto aktivitu podpořit, či nepodpořit. Přemýšleli jsme o tom, jestli by ty peníze neměly být poskytnuty až v rámci rozdělování peněz mezi školská zařízení v rozpočtu roku 2024, ale právě s ohledem na situaci, kterou popsala paní radní Matonohová a kterou jsem probírala, nebo jsme probírali i s panem starostou Malečkem, jsme se nakonec, jako Rada města Brna, rozhodli ty peníze v tuto chvíli škole poskytnout. Takže to ještě na doplnění toho průběhu projednávání. Nevidím v tuto chvíli nikoho dalšího přihlášeného, zahajuji hlasování: Hlasování č. 20: 45 - 3 - 2 - 1",0,36a4e03789f899b5
marketa-vankova,Z9/12,17,"JUDr. Markéta Vaňková, primátorka: Poprosím pana vedoucího Vaněčka.",0,36a4e03789f899b5
marketa-vankova,Z9/12,17,"JUDr. Markéta Vaňková, primátorka: Velmi vážně míněnou edukací a zapojení ideálně všech občanů města Brna, kteří budou vnímat, že spalování není jediná možnost nakládání s odpadem na území města Brna. Pan zastupitel Lahoda.",0,36a4e03789f899b5
marketa-vankova,Z9/12,18,"JUDr. Markéta Vaňková, primátorka: Paní zastupitelka Drá, ne, pan náměstek Kerndl.",0,36a4e03789f899b5
marketa-vankova,Z9/12,18,"JUDr. Markéta Vaňková, primátorka: Jasně, já jenom, paní zastupitelko, Vy jste říkala, jestli jsem se dobře, jestli jsem dobře slyšela, že podle Vašich údajů dochází ke snižování počtu obyvatel?",0,36a4e03789f899b5
marketa-vankova,Z9/12,18,"JUDr. Markéta Vaňková, primátorka: Ehm. Já jenom, v bodě č. 9), v důvodové zprávě, na spodní straně, 1. strana důvodové zprávy, mě docela překvapuje, že zrovna tento materiál, který jste tak jako hojně diskutovali, tak jste vlastně ty důvodové zprávy asi nečetli. Tak tam je uvedený údaj - navýšení počtu trvale žijících osob ve městě Brně, a ty rozdíly mezi rokem, nebo k 1. 1. 2022 a k 1. 1. 2023 je 32 000. Ale samozřejmě vycházím z nějakých oficiálních údajů, které poskytuje Ministerstvo vnitra. Paní, paní zastupitelka Flamiková.",0,36a4e03789f899b5
marketa-vankova,Z9/12,19,"JUDr. Markéta Vaňková, primátorka: Nikdo další není přihlášený, můžeme přistoupit k hlasování. Zahajuji hlasování: Hlasování č. 22: 44 - 0 - 5 - 2",0,36a4e03789f899b5
marketa-vankova,Z9/12,22,"JUDr. Markéta Vaňková, primátorka: Děkuji za podnět. Nikdo další se nehlásí, zahajuji hlasování: Hlasování č. 29: 45 - 0 - 4 - 2",0,36a4e03789f899b5
marketa-vankova,Z9/12,23,"JUDr. Markéta Vaňková, primátorka: Podnět také budeme evidovat. Nikdo další není přihlášený, zahajuji hlasování: Hlasování č. 33: 46 - 0 - 4 - 1",0,36a4e03789f899b5
marketa-vankova,Z9/12,26,"JUDr. Markéta Vaňková, primátorka: Týká se to Muzea města Brna, máme tady pana ředitele?",0,36a4e03789f899b5
marketa-vankova,Z9/12,26,"JUDr. Markéta Vaňková, primátorka: Nikdo další není přihlášený, zahajuji hlasování: Hlasování č. 40: 47 - 2 - 0 - 2",0,36a4e03789f899b5
marketa-vankova,Z9/12,29,"JUDr. Markéta Vaňková, primátorka: Vypadá to, že nikdo další není přihlášený, takže můžeme přistoupit k hlasování. Zahajuji hlasování: Hlasování č. 49: 51 - 0 - 0 - 0",0,36a4e03789f899b5
marketa-vankova,Z9/12,38,"JUDr. Markéta Vaňková, primátorka – navrhla společné hlasování o bodech 62) – 71) vztahujících se k návrhům prodejů pozemků nebo částí pozemků.",6,36a4e03789f899b5
marketa-vankova,Z9/12,38,"JUDr. Markéta Vaňková, primátorka – přistoupila ke společnému hlasování o bodech 62) – 64).",0,36a4e03789f899b5
marketa-vankova,Z9/12,39,"JUDr. Markéta Vaňková, primátorka – přistoupila ke společnému hlasování o bodech 66) a 67).",0,36a4e03789f899b5
marketa-vankova,Z9/12,40,"JUDr. Markéta Vaňková, primátorka – přistoupila ke společnému hlasování o bodech 69) – 71).",0,36a4e03789f899b5
marketa-vankova,Z9/12,41,"JUDr. Markéta Vaňková, primátorka – navrhla společně hlasovat o bodech 73) – 80) vztahujících se k návrhům nabytí pozemků.",6,36a4e03789f899b5
marketa-vankova,Z9/12,45,"JUDr. Markéta Vaňková, primátorka – navrhla společné hlasování o bodech 83) – 92) vztahujících se k nabídkám předkupních práv ke stavbám.",4,36a4e03789f899b5
marketa-vankova,Z9/12,49,"JUDr. Markéta Vaňková, primátorka: Já to vidím to stanovisko, ale nemám to usnesení rady. Dobrá, tak tadytato úprava, já se přiznám, že nemám tady samozřejmě k dispozici ten zápis z jednání Rady města Brna, ale předpokládám, že tomu tak je. Jo. Paní JUDr. Doležalová to dohledala, takže to máme verifikováno i od ní. To znamená, usnesení zůstává tak, jak bylo navrženo, jenom tomu neodpovídá to stanovisko Rady města Brna, které bylo v materiálu chybně uvedeno. A jinými slovy, budeme hlas, nebo návrh usnesení vychází z rozhodnutí Rady města Brna. Za chybu se omlouváme. Tak. Zeptám se, jestli má k tomuto bodu někdo něco dalšího? Pokud ne, tak zahajuji hlasování: Hlasování č. 73: 51 - 0 - 0 - 0",2,36a4e03789f899b5
marketa-vankova,Z9/12,49,"JUDr. Markéta Vaňková, primátorka – upozornila, že materiál byl předložen variantně, Rada města Brna schválila variantu A, tudíž o ní nechala hlasovat.",1,36a4e03789f899b5
marketa-vankova,Z9/12,51,"JUDr. Markéta Vaňková, primátorka: Ano, bude odpovězeno písemně. Pan zastupitel Kment.",0,36a4e03789f899b5
marketa-vankova,Z9/12,51,"JUDr. Markéta Vaňková, primátorka: Také bude odpovězeno písemně. Pan zastupitel Lahoda.",0,36a4e03789f899b5
marketa-vankova,Z9/12,51,"JUDr. Markéta Vaňková, primátorka: Také bude odpovězeno písemně. Paní zastupitelka Flamiková.",0,36a4e03789f899b5
marketa-vankova,Z9/12,52,"JUDr. Markéta Vaňková, primátorka, ukončila zasedání Zastupitelstva města Brna (v 10:00 hod.).",0,36a4e03789f899b5
marketa-vankova,Z9/14,1,"Zasedání zahájila a řídila primátorka města Brna JUDr. Markéta Vaňková (dále jen JUDr. Markéta Vaňková, primátorka).",0,198b605f95c9e2a9
marketa-vankova,Z9/14,1,"JUDr. Markéta Vaňková, primátorka, upozornila na skutečnost, že jednání Zastupitelstva města Brna je audiovizuálně přenášeno prostřednictvím internetových stránek města a přenos je zaznamenáván, archivován a následně bude zveřejněn.",4,198b605f95c9e2a9
marketa-vankova,Z9/14,1,"Slib člena Zastupitelstva města Brna JUDr. Markéta Vaňková, primátorka, přivítala nového člena Zastupitelstva města Brna, pana Petra Bořeckého, za Lidovci a Starostové (KDU-ČSL+St. a nez.). Pan Petr Bořecký se stal v souladu s § 56 odst. 1 zákona č. 491/2001 Sb., o volbách do zastupitelstev obcí a o změně některých zákonů, v platném znění, dne 25. ledna 2024 členem Zastupitelstva města Brna, a to po rezignaci Mgr. Jitky Ivičičové na mandát členky zastupitelstva, a vzhledem k tomu, že náhradníci z příslušné kandidátní listiny v pořadí před ním rezignovali na svoje postavení náhradníka dne 23. ledna 2024. Novému členovi zastupitelstva bude na schůzi Rady města Brna konané dne 31. ledna 2024 předáno Osvědčení o nastoupení do funkce člena Zastupitelstva města Brna.",0,198b605f95c9e2a9
marketa-vankova,Z9/14,1,"JUDr. Markéta Vaňková, primátorka, vyzvala nového člena Zastupitelstva města Brna ke složení slibu v souladu se zákonem č. 128/2000 Sb., o obcích, v platném znění.",0,198b605f95c9e2a9
marketa-vankova,Z9/14,2,"Po složení slibu vyzvala JUDr. Markéta Vaňková, primátorka, členy Zastupitelstva města Brna k podání návrhů na ověřovatele zápisu.",2,198b605f95c9e2a9
marketa-vankova,Z9/14,2,"JUDr. Markéta Vaňková, primátorka, sdělila, že při prezenci členové Zastupitelstva města Brna obdrželi: • doplněk k bodu 12), který byl dne 29. 1. 2024 vložen na chráněné internetové datové úložiště • doplněk k bodu 14), který byl dne 29. 1. 2024 vložen na chráněné internetové datové úložiště • doplněk k bodu 17), který byl všem členům ZMB zaslán dne 29. 1. 2024 e-mailem a dne 30. 1. 2024 vložen na chráněné internetové datové úložiště • Výpis usnesení Finančního výboru Zastupitelstva města Brna k bodům projednávaným na tomto zasedání, který byl dne 29. 1. 2024 vložen na chráněné internetové datové úložiště • Informativní zprávu – Podání adresovaná Zastupitelstvu města Brna, která byla dne 29. 1. 2024 včetně vlastních podání vložena na chráněné internetové datové úložiště. Podání ZMB byla rovněž k dispozici v listinné formě ve složce „K nahlédnutí pro členy ZMB“ v jednacím sálu • Informace o hlasování členů RMB neuvedené v předložených materiálech k bodům programu ZMB č. Z9/14",0,198b605f95c9e2a9
marketa-vankova,Z9/14,2,"Schválení programu zasedání Zastupitelstva města Brna č. Z9/14 JUDr. Markéta Vaňková, primátorka, zdůvodnila tyto změny programu:",0,198b605f95c9e2a9
marketa-vankova,Z9/14,2,"Dále JUDr. Markéta Vaňková, primátorka, navrhla předřadit projednání nově navrženého bodu č. 95) Změna v osobě v pořadí druhého náměstka primátorky města Brna, po bodu č. 8) a projednání bodu č. 51) Návrh dohody o ukončení Smlouvy o poskytnutí individuální dotace v letech 2023-2025 se společností DBP, s.r.o., návrh dodatku č. 1 ke Smlouvě o poskytnutí individuální dotace 2023-2025 s Divadlem Bolka Polívky, z. ú. - návrh rozpočtového opatření, před bodem č. 48) Návrh smlouvy o poskytnutí individuální dotace z rozpočtu města Brna v letech 2024-2025 pro společnost DBP, s.r.o., na projekt „Letní scéna Divadla Bolka Polívky v Brně“.",6,198b605f95c9e2a9
marketa-vankova,Z9/14,2,"JUDr. Markéta Vaňková, primátorka, nechala hlasovat o návrzích na změny v programu zasedání Zastupitelstva města Brna, které uvedla v rámci Technického bodu.",-3,198b605f95c9e2a9
marketa-vankova,Z9/14,6,"JUDr. Markéta Vaňková, primátorka: Jenom připomínám, že tadyktomuto bodu je k dispozici doplněk, který má i jiné usnesení, takže po projednání tohoto bodu budeme hlasovat o usnesení ve znění doplňku, pokud samozřejmě nebudou nějaké protinávrhy. Otevírám diskusi, paní zastupitelka Drápalová.",2,198b605f95c9e2a9
marketa-vankova,Z9/14,7,"JUDr. Markéta Vaňková, primátorka: Tak s reakcí se hlásí paní zastupitelka Lukášová Spilková, takže jí dávám slovo.",0,198b605f95c9e2a9
marketa-vankova,Z9/14,8,"JUDr. Markéta Vaňková, primátorka: Pane kolego, omlouvám se, je 8:32, tak jestli směřujete ke konci, anebo?",0,198b605f95c9e2a9
marketa-vankova,Z9/14,8,"JUDr. Markéta Vaňková, primátorka: Krátká reakce, pan náměstek Kerndl.",0,198b605f95c9e2a9
marketa-vankova,Z9/14,8,"JUDr. Markéta Vaňková, primátorka: A teď už tedy, omlouvám se, buď, buď, paní zastupitelko, bude to krátké? Mně, mně je to trapné vůči občanům, tak?",0,198b605f95c9e2a9
marketa-vankova,Z9/14,8,"JUDr. Markéta Vaňková, primátorka: Dobře. Tak, paní zastupitelka Flamiková.",0,198b605f95c9e2a9
marketa-vankova,Z9/14,8,"JUDr. Markéta Vaňková, primátorka: Dobře. Tak děkuji. Tak, v tuto chvíli tedy končíme tadytento bod, a pokud není nikdo další přihlášený, tak ho eště odhlasujeme, ať se k tomu procesně nemusíme vracet. Takže zahajuji hlasování tadyktomuto bodu, usnesení, tak jak jsem řekla, ve znění doplňku. Zahajuji hlasování: Hlasování č. 5: 42 - 3 - 6 - 1",0,198b605f95c9e2a9
marketa-vankova,Z9/14,10,"JUDr. Markéta Vaňková, primátorka: Usnesení bylo přijato. A nyní tedy bod č. 2) Dotazy, připomínky a podněty občanů.",0,198b605f95c9e2a9
marketa-vankova,Z9/14,11,"JUDr. Markéta Vaňková, primátorka: Poprosím dalšího občana či občanku. Tak. Tak, paní, paní Burešová nám to doplní.",0,198b605f95c9e2a9
marketa-vankova,Z9/14,11,"JUDr. Markéta Vaňková, primátorka: Paní Burešová, já se omlouvám, už jste překročila časový limit. Já mám informace právě od pana vedoucího Poláka, že s Vámi velmi intenzivně pracuje větší množství sociálních pracovníků, a i ta finanční stránka, že je právě v řešení. Víme to, nemáte, nebo, já mám informace, že máte 9.200, ne 9.000 …",0,198b605f95c9e2a9
marketa-vankova,Z9/14,11,"JUDr. Markéta Vaňková, primátorka: Jenom tím chci dokumentovat to, že jsem o tom osobně s panem vedoucím Polákem se bavila a že mně předestřel, že má pro Vás takové řešení, abyste mohla bydlet a abyste měla dostatek finančních prostředků, i za pomoci sociálních dávek, pomáhají Vám s tím, všechno toto vyřídit. Takže jsem ráda, že jste poděkovala panu vedoucímu Polákovi a dalším, protože vím, že těch sociálních pracovnic je hodně, kteří, které Vám teď pomáhají, a pevně věřím, že pokud budete spolupracovat a pokud budete chtít, tak budete mít k dispozici bydlení, které bude pro Vás důstojné a na které budete mít i finanční prostředky. A omlouvám se, skutečně už jste, opakovaně, přerušila",0,198b605f95c9e2a9
marketa-vankova,Z9/14,12,"JUDr. Markéta Vaňková, primátorka: Tak. Poprosím dalšího občana.",0,198b605f95c9e2a9
marketa-vankova,Z9/14,12,"JUDr. Markéta Vaňková, primátorka: Pane Hromku, mluvte, tak jak to bylo s předchozí, paní Burešovou, když to bude příliš dlouhé, tak Vás se pokusím usměrnit. Ale můžete začít hovořit.",0,198b605f95c9e2a9
marketa-vankova,Z9/14,13,"JUDr. Markéta Vaňková, primátorka: Jenom velice krátká reakce. Tadytímto, touto záležitostí se poměrně podrobně zastupitelstvo věnovalo, ta diskuse k tomu byla poměrně široká, názory samozřejmě byly různé, argumenty, které jste uváděl Vy, tak také byly z některý, ze strany některých kolegů uváděny, nicméně došlo k tomu rozhodnutí o tom, že od 1. 7. bude jeden centralizovaný stavební úřad, a pevně všichni věříme, že to bude ku prospěchu stavebního a územního řízení. Tak, děkuji, nějaké další dotazy, podněty občanů? Pokud tomu tak není, tak končíme bod č. 2) a budeme pokračovat bodem č. 7).",0,198b605f95c9e2a9
marketa-vankova,Z9/14,13,"JUDr. Markéta Vaňková, primátorka, v úvodu projednání bodu sdělila, že členové Zastupitelstva města Brna obdrželi materiál k tomuto bodu včetně platných volebních řádů pro veřejnou volbu provedenou hlasovacím zařízením. Nejprve bude Zastupitelstvo města Brna hlasovat o 1. části navrženého usnesení, tedy o části „bere na vědomí“. Následně provede volbu volební komise a předsedy Výboru pro národnostní menšiny Zastupitelstva města Brna. Stejný postup se bude opakovat při volbě členů výboru.",0,198b605f95c9e2a9
marketa-vankova,Z9/14,13,"JUDr. Markéta Vaňková, primátorka, přistoupila k hlasování o 1. části navrženého usnesení v materiálu k bodu č. 7) ve znění: Zastupitelstvo města Brna bere na vědomí - rezignaci Mgr. Břetislava Štefana na funkci předsedy Výboru pro národnostní menšiny Zastupitelstva města Brna ke dni 30. 1. 2024, - Volební řád pro volbu primátora, náměstků primátora, dalších členů Rady města Brna a pro volbu dalších dlouhodobě uvolněných členů Zastupitelstva města Brna schválený na Z7/01. zasedání Zastupitelstva města Brna konaném dne 25. 11. 2014: Hlasování č. 6: 50 - 0 - 1 - 1",0,198b605f95c9e2a9
marketa-vankova,Z9/14,13,"Poté JUDr. Markéta Vaňková, primátorka, přistoupila k 2. části usnesení, a to k volbě volební komise, která bude zvolena v souladu s navrženým usnesením dle volebního řádu uvedeného v materiálu pro všechny volby prováděné na tomto zasedání.",0,198b605f95c9e2a9
marketa-vankova,Z9/14,13,"Dále JUDr. Markéta Vaňková, primátorka, upozornila, že podle článku 4 odst. 2 volebního řádu členem volební komise nemůže být kandidát na funkci volenou dle tohoto volebního řádu, a vyzvala přítomné členy Zastupitelstva města Brna k podání návrhů na minimálně 3 členy volební komise.",6,198b605f95c9e2a9
marketa-vankova,Z9/14,13,"Po zvolení volební komise JUDr. Markéta Vaňková, primátorka, přistoupila k volbě předsedkyně či předsedy Výboru pro národnostní menšiny Zastupitelstva města Brna. Upozornila, že o této části usnesení se nehlasuje, neboť jde pouze o konstatování výsledku uskutečněné volby.",4,198b605f95c9e2a9
marketa-vankova,Z9/14,14,"JUDr. Markéta Vaňková, primátorka, přistoupila k hlasování o navržené kandidátce na funkci předsedkyně Výboru pro národnostní menšiny Zastupitelstva města Brna.",0,198b605f95c9e2a9
marketa-vankova,Z9/14,14,"JUDr. Markéta Vaňková, primátorka, přistoupila k volbě dalších členek/členů Výboru pro národnostní menšiny Zastupitelstva města Brna s tím, že volby budou provedeny obdobným způsobem jako předchozí volba.",0,198b605f95c9e2a9
marketa-vankova,Z9/14,14,"JUDr. Markéta Vaňková, primátorka, nechala tedy nejprve hlasovat o 4. části navrženého usnesení v materilálu č. 7) ve znění: Zastupitelstvo města Brna bere na vědomí - rezignaci Mgr. Sabiny Benešové, DiS., LL.M., na funkci členky Výboru pro národnostní menšiny Zastupitelstva města Brna ke dni 30. 1. 2024, - rezignaci Mgr. Jitky Ivičičové na funkci členky Výboru pro národnostní menšiny Zastupitelstva města Brna ke dni 30. 1. 2024, - Volební řád pro volbu neuvolněných předsedů, místopředsedů a členů výborů Zastupitelstva města Brna schválený na Z9/02. zasedání Zastupitelstva města Brna konaném dne 15. 11. 2022: Hlasování č. 9: 51 - 0 - 0 - 1",0,198b605f95c9e2a9
marketa-vankova,Z9/14,14,"Poté JUDr. Markéta Vaňková, primátorka, přistoupila k 5. části usnesení, a to k volbě volební komise, a upozornila, že podle čl. 5 odst. 2 Volebního řádu pro volbu neuvolněných předsedů, místopředsedů a členů výborů Zastupitelstva města Brna členem volební komise nemůže být kandidát na funkce volené dle tohoto volebního řádu. Pro zjednodušení navrhla stejné složení volební komise jako při předchozí volbě. Námitky proti návrhu vzneseny nebyly, proto nechala JUDr. Markéta Vaňková, primátorka, o složení volební komise hlasovat: Hlasování č. 10: 49 - 0 - 2 - 0",10,198b605f95c9e2a9
marketa-vankova,Z9/14,14,"Po zvolení volební komise JUDr. Markéta Vaňková, primátorka, přistoupila k volbě členek/členů Výboru pro národnostní menšiny Zastupitelstva města Brna a upozornila, že o této části usnesení se nehlasuje, neboť jde pouze o konstatování výsledku uskutečněné volby.",4,198b605f95c9e2a9
marketa-vankova,Z9/14,15,"Hlasování o volbě členek/členů Výboru pro národnostní menšiny Zastupitelstva města Brna proběhlo v abecedním pořadí, předseda volební komise upozornil přítomné, že v souladu s volebním řádem mohou přidělit hlasy pouze 2 kandidátům, v případě udělení hlasu více kandidátům bude volba neplatná. JUDr. Markéta Vaňková, primátorka, opětovně potvrdila, že každý člen Zastupitelstva města Brna může přidělit hlasy pouze 2 kandidátům.",2,198b605f95c9e2a9
marketa-vankova,Z9/14,16,"JUDr. Markéta Vaňková, primátorka, v úvodu projednání bodu sdělila, že členové Zastupitelstva města Brna obdrželi materiál k tomuto bodu včetně platného volebního řádu pro veřejnou volbu provedenou hlasovacím zařízením. Nejprve bude Zastupitelstvo města Brna hlasovat o 1. části navrženého usnesení, tedy o části „bere na vědomí“. Následně provede volbu místopředsedkyně či místopředsedy Kontrolního výboru Zastupitelstva města Brna.",0,198b605f95c9e2a9
marketa-vankova,Z9/14,16,"JUDr. Markéta Vaňková, primátorka, přistoupila k hlasování o 1. části navrženého usnesení v materiálu k bodu č. 8) ve znění: Zastupitelstvo města Brna bere na vědomí - rezignaci Mgr. Moniky Lukášové Spilkové, Ph.D., na funkci místopředsedkyně Kontrolního výboru Zastupitelstva města Brna ke dni 30. 1. 2024, - Volební řád pro volbu neuvolněných předsedů, místopředsedů a členů výborů Zastupitelstva města Brna schválený na Z9/02. zasedání Zastupitelstva města Brna konaném dne 15. 11. 2022: Hlasování č. 15: 50 - 0 - 0 - 3",0,198b605f95c9e2a9
marketa-vankova,Z9/14,16,"Dále JUDr. Markéta Vaňková, primátorka, sdělila, že vzhledem k tomu, že v bodě č. 7) byla zvolena volební komise pro všechny volby dle zmíněného volebního řádu prováděné na tomto zasedání zastupitelstva, nebude v tomto bodě volena nová volební komise. Poté pouze upozornila, že podle článku 4 odst. 2 volebního řádu nemůže být členem volební komise kandidát na volenou funkci, a požádala předsedu volební komise, aby se v souladu s volebním řádem ujal řízení volby.",8,198b605f95c9e2a9
marketa-vankova,Z9/14,17,"JUDr. Markéta Vaňková, primátorka, přistoupila k hlasování o navržené kandidátce na funkci místopředsedkyně Kontrolního výboru Zastupitelstva města Brna.",0,198b605f95c9e2a9
marketa-vankova,Z9/14,17,"JUDr. Markéta Vaňková, primátorka, v úvodu projednání bodu sdělila, že členové Zastupitelstva města Brna obdrželi materiál k tomuto bodu včetně Volebního řádu pro volbu primátora, náměstků primátora a dalších členů Rady města Brna a volbu dalších dlouhodobě uvolněných členů Zastupitelstva města Brna. Vzhledem k tomu, že v bodě č. 7) byla zvolena volební komise pro všechny volby dle zmíněného volebního řádu prováděné na tomto zasedání zastupitelstva, nebude v tomto bodě volena nová volební komise. JUDr. Markéta Vaňková, primátorka, dále pouze upozornila, že podle článku 4 odst. 2 volebního řádu nemůže být členem volební komise kandidát na volenou funkci. Poté JUDr. Markéta Vaňková, primátorka, navrhla nejprve hlasovat o první části navrženého usnesení v materiálu k bodu č. 95) ve znění: Zastupitelstvo města Brna bere na vědomí - rezignaci Mgr. Jaroslava Suchého na funkci v pořadí druhého náměstka primátorky města Brna ke dni 30. ledna 2024, - Volební řád pro volbu primátora, náměstků primátora, dalších členů Rady města Brna a pro volbu dalších dlouhodobě uvolněných členů Zastupitelstva města Brna schválený na Z7/01. zasedání Zastupitelstva města Brna konaném dne 25. 11. 2014: Hlasování č. 17: 49 - 0 - 2 - 2",8,198b605f95c9e2a9
marketa-vankova,Z9/14,17,"Dále JUDr. Markéta Vaňková, primátorka, přistoupila k volbě v pořadí druhé náměstkyně či druhého náměstka primátorky města Brna. Rovněž upozornila, že o této části usnesení se nehlasuje, neboť jde pouze o konstatování výsledku uskutečněné volby, a požádala předsedu volební komise, aby se v souladu s volebním řádem ujal řízení volby.",8,198b605f95c9e2a9
marketa-vankova,Z9/14,18,"JUDr. Markéta Vaňková, primátorka: Vypadá to na dotazy, tak bych si myslela, pane radní, asi tam zatím zůstaňte. Paní zastupitelka Drápalová.",0,198b605f95c9e2a9
marketa-vankova,Z9/14,20,"JUDr. Markéta Vaňková, primátorka: Pan náměstek Černý, který ví, že jsme v bodě volba druhého náměstka, nicméně nedá mu to a chce ještě něco podotknout k lanovce.",0,198b605f95c9e2a9
marketa-vankova,Z9/14,20,"JUDr. Markéta Vaňková, primátorka: Já jenom poprosím, no, dám slovo paní zastupitelce Flamikové a pros, poprosím, všichni, držme se tématu a pokládejme dotazy panu kandidátovi. Tak. Paní zastupitelka Flamiková.",0,198b605f95c9e2a9
marketa-vankova,Z9/14,20,"JUDr. Markéta Vaňková, primátorka: Vrátíme se k tomu případně v bodě interpelace, protože sem to, tady, na této úrovni, skutečně nepatří. Tak. Má někdo nějaké další dotazy na kandidáta? Pokud to, aha, tak pan radní Kratochvíl.",2,198b605f95c9e2a9
marketa-vankova,Z9/14,20,"JUDr. Markéta Vaňková, primátorka: Vypadá to, že nebudou. Tak. Takže v tuto chvíli to vypadá, že dal, nebo prostě další dotazy nejsou. Takže děkuji a poprosím zase pana předsedu volební komise, aby dále řídil volbu.",0,198b605f95c9e2a9
marketa-vankova,Z9/14,20,"JUDr. Markéta Vaňková, primátorka, blahopřála RNDr. Filipovi Chvátalovi, Ph.D., ke zvolení v pořadí druhým náměstkem primátorky města Brna a konstatovala, že v souladu s předloženým materiálem nastává účinnost tohoto zvolení až dne 31. 1. 2024. Závěrem ještě poděkovala za spolupráci Mgr. Jaroslavovi Suchému.",0,198b605f95c9e2a9
marketa-vankova,Z9/14,21,"JUDr. Markéta Vaňková, primátorka: Děkuji za podnět. Myslím si, že skutečně je tam problém technického charakteru, vi, vidíme jako i tady, jak někdy míváme problémy s připojením zastupitelů, a toto připojení se většinou připravuje jako poměrně dopředu. Takže, takže to je asi ten hlavní problém. Ale hlásil se pan radní, jestli to chtěl nějak doplnit?",0,198b605f95c9e2a9
marketa-vankova,Z9/14,22,"JUDr. Markéta Vaňková, primátorka: V tuto chvíli není nikdo další přihlášený, to znamená, budeme nejprve hlasovat o návrhu pana zastupitele Kojáčného, aby se samostatně hlasovalo o ustanovení, které je obsaženo v Článku 8, písmeno B), bod 7. Já Vám to přečtu - Členové Zastupitelstva města Brna účastnící se zasedání v místě jeho konání mohou hlasovat tajně. Neumožňuje-li technické řešení členům ZMB, kteří se zasedání účastní distančním způsobem, hlasovat tajně, hlasují veřejně. Takže hlasujeme o tomto ustanovení. Zahajuji hlasování, ještě stále máte možnost hlasovat, kdo chtěl toto, lehká nápověda, kdo chtěl toto ustanovení podpořit, v rámci hlasování o celém jednacím řádu, hlasuje pro: Hlasování č. 19: 35 - 2 - 13 - 3",2,198b605f95c9e2a9
marketa-vankova,Z9/14,22,"JUDr. Markéta Vaňková, primátorka: Takže toto ustanovení bylo schváleno. A nyní budeme hlasovat o jednacím řádu jako celku, respektive o tom usnesení - schvalujeme změnu jednacího řádu ve znění, jaké je předloženo. Zahajuji hlasování: Hlasování č. 20: 43 - 0 - 9 - 1",0,198b605f95c9e2a9
marketa-vankova,Z9/14,24,"JUDr. Markéta Vaňková, primátorka: Tak. Poprosím o reakci buď paní JUDr. Doležalovou, anebo paní Ing. Chaloupkovou? Jo. Paní doktorka.",0,198b605f95c9e2a9
marketa-vankova,Z9/14,24,"JUDr. Markéta Vaňková, primátorka: Ještě pan zastupitel Koláčný. Samozřejmě mu dám slovo a zároveň předpokládám, že je tady pan Mgr. Procházka. Takže případně se může připravit na také reakci. Takže pan zastupitel Koláčný.",0,198b605f95c9e2a9
marketa-vankova,Z9/14,24,"JUDr. Markéta Vaňková, primátorka: Tak, já pořád vidím Mgr. Procházku, že se tak tam ošívá, na té židli, tak pojďte nám to vysvětlit.",0,198b605f95c9e2a9
marketa-vankova,Z9/14,25,"JUDr. Markéta Vaňková, primátorka: Eště pan zastupitel Koláčný.",0,198b605f95c9e2a9
marketa-vankova,Z9/14,26,"JUDr. Markéta Vaňková, primátorka: Vzhledem k tomu, že je to poměrně skutečně jako složité právní téma, to, to si jako přiznejme, tak já bych si dovolila teďka ten bod přerušit. Poprosím, protože budeme mít stejně za chvilku přestávku, poprosím pana magistra, aby se s paní JUDr. Doležalovou domluvili, jestli nám doporučují vrátit se k té původní variantě, tak jak navrhuje pan zastupitel Koláčný a přidala se k tomu paní zastupitelka Drápalová, nebo jestli z důvodů, které oni, nebo zejména asi pan magistr navrhoval, byste nám doporučovali to znění, které je teď, to zobecnější, zobecněnější. A vrátíme se k hlasování o tomto bodu po přestávce.",0,198b605f95c9e2a9
marketa-vankova,Z9/14,26,"JUDr. Markéta Vaňková, primátorka: Děkuju. Tak. Takže bod č. 15), hm, dobře. Takže 15, bod č. 15) přerušen, a vzhledem k tomu, že bod č. 16) navr, navazuje na bod č. 15), který ještě nemáme tedy schválen, tak v tuto chvíli nebudeme projednávat ani bod č. 16) a budeme pokračovat bodem č. 17).",0,198b605f95c9e2a9
marketa-vankova,Z9/14,26,"JUDr. Markéta Vaňková, primátorka: A tady upozorňuji, že máme k dispozici doplněk k tomuto bodu, který s, má i návrh na jiné znění usnesení. Tak. Otevírám diskusi k tomuto bodu.",2,198b605f95c9e2a9
marketa-vankova,Z9/14,27,"JUDr. Markéta Vaňková, primátorka: Tak, určitě pan náměstek Černý krátce a potom poprosím, by tady měli být taky kolegové z externí právní kanceláře, jo, vidím tam, vzadu, pana doktora Tomíška, takže o nějaké podrobnější doplnění poprosím jeho. Ale základ pan náměstek Černý.",0,198b605f95c9e2a9
marketa-vankova,Z9/14,27,"JUDr. Markéta Vaňková, primátorka: Děkuji za doplnění. Zeptám se, jestli ještě někdo má k tomuto dotazy, podněty? Pokud ne, tak můžeme přistoupit k hlasování. A budeme hlasovat o usnesení ve znění toho doplňku, tak jak byl teď předestřen. Zahajuji hlasování: Hlasování č. 26: 48 - 0 - 5 - 1",0,198b605f95c9e2a9
marketa-vankova,Z9/14,29,"JUDr. Markéta Vaňková, primátorka: No, i, asi, asi právní pomoc, ať, ať neřeknu něco špatně.",0,198b605f95c9e2a9
marketa-vankova,Z9/14,30,"JUDr. Markéta Vaňková, primátorka: Neboli souvisí to se změnou zákona o obcích. Tak, děkuji. Nejsou žádné další dotazy, zahajuji hlasování: Hlasování č. 32: 43 - 4 - 5 - 2",0,198b605f95c9e2a9
marketa-vankova,Z9/14,31,"JUDr. Markéta Vaňková, primátorka: Po právní stránce se tam ří, řeší absolutně všechno. Tak. Pan radní má sílu na to, to více specifikovat?",0,198b605f95c9e2a9
marketa-vankova,Z9/14,31,"JUDr. Markéta Vaňková, primátorka: Tak. Nějaké další dotazy? Nejsou, tak zahajuji hlasování: Hlasování č. 35: 43 - 0 - 10 - 1",0,198b605f95c9e2a9
marketa-vankova,Z9/14,34,"JUDr. Markéta Vaňková, primátorka: Aha, dobře. Tak pan zastupitel Hollan.",0,198b605f95c9e2a9
marketa-vankova,Z9/14,34,"JUDr. Markéta Vaňková, primátorka: Vypadá to, že nejsou žádné další dotazy, takže můžeme přistoupit k hlasování. Zahajuju hlasování: Hlasování č. 39: 47 - 0 - 5 - 1",0,198b605f95c9e2a9
marketa-vankova,Z9/14,35,"JUDr. Markéta Vaňková, primátorka – vyhlásila v souladu s Jednacím řádem Zastupitelstva města Brna přestávku v jednání do 11:00 hod.",0,198b605f95c9e2a9
marketa-vankova,Z9/14,35,"JUDr. Markéta Vaňková, primátorka – upozornila, že nyní všichni členové Zastupitelstva města Brna obdrželi materiál, který je označen jako Volba členky/člena Rady města Brna s pořadovým číslem 97). V souladu s Jednacím řádem Zastupitelstva města Brna navrhla doplnění tohoto bodu do programu dnešního zasedání, s tím, že pokud bude její návrh schválen, navrhuje projednání bodu ihned po jeho zařazení.",10,198b605f95c9e2a9
marketa-vankova,Z9/14,35,"JUDr. Markéta Vaňková, primátorka – po schválení zařazení nového bodu 97) do programu zasedání přistoupila k jeho projednání.",0,198b605f95c9e2a9
marketa-vankova,Z9/14,35,"JUDr. Markéta Vaňková, primátorka, v úvodu projednání tohoto bodu konstatovala, že bod je opět volební a v bodě 7) dnešního programu již byla zvolena volební komise pro všechny volby dle volebního řádu, podle kterého se volí mimo jiné i členové rady, proto nebude nová volební komise zvolena. Dále upozornila, že podle článku 4 odst. 2 volebního řádu nemůže být členem volební komise kandidát na volenou funkci. Dále ještě JUDr. Markéta Vaňková, primátorka,",4,198b605f95c9e2a9
marketa-vankova,Z9/14,36,"JUDr. Markéta Vaňková, primátorka, přistoupila k hlasování o navrženém kandidátovi na funkci člena Rady města Brna pro participaci.",0,198b605f95c9e2a9
marketa-vankova,Z9/14,36,"JUDr. Markéta Vaňková, primátorka – navrhla projednání přerušeného bodu 15).",4,198b605f95c9e2a9
marketa-vankova,Z9/14,36,"JUDr. Markéta Vaňková, primátorka: Nyní poprosím, že bychom se vrátili k tomu přerušenému bodu č. 15), kde jsme diskutovali to znění deklarace koncernu, a mám informaci o tom, že pan radní Kratochvíl bude navrhovat změnu. A můžu ji samozřejmě přečíst já? Dobře. Takže ta změna by byla v tom článku, v diskutovaném Článku 4.2., který by zněl: „Koncernový pokyn schvaluje Rada města Brna až po jeho projednání Koncernovým výborem“, a dále to pokračuje, ta věta, tak jak bylo navrženo. Dívám se na pana zastupitele Koláčného a dávám mu slovo.",0,198b605f95c9e2a9
marketa-vankova,Z9/14,36,"JUDr. Markéta Vaňková, primátorka: Takže tadystouto úpravou. Nikdo jiný není přihlášený do diskuse, takže poprosím o hlasování: Hlasování č. 44: 52 - 0 - 1 - 1",0,198b605f95c9e2a9
marketa-vankova,Z9/14,37,"JUDr. Markéta Vaňková, primátorka – přistoupila k projednání bodu 16), který byl taktéž odložen, protože měl návaznost na bod 15).",0,198b605f95c9e2a9
marketa-vankova,Z9/14,37,"JUDr. Markéta Vaňková, primátorka: Dobře, takže já to ještě jednou přečtu. Je to změna ne, nikoli usnesení, ale přílohy, a je tam doplnění návrhu koncernového pokynu v části „Dotčené řízené osoby“ o text: „Energie Teplárny Brno, s. r. o.“ Tak. Ale dále můžeme samozřejmě k tomuto bodu diskutovat. Je to bod Koordinace a synchronizace projektu informačních a komunikačních technologií řízených osob - návrh předchozího souhlasu s udělením koncernového pokynu. Tak. Pan zastupitel Koláčný.",2,198b605f95c9e2a9
marketa-vankova,Z9/14,37,"JUDr. Markéta Vaňková, primátorka: Nějaké další dotazy? Není tomu tak, takže budeme hlasovat o usnesení, tak jak bylo navrženo, s tím, že víme, že příloha se bude ještě doplňovat. Zahajuji hlasování: Hlasování č. 45: 49 - 0 - 5 - 0",0,198b605f95c9e2a9
marketa-vankova,Z9/14,40,"JUDr. Markéta Vaňková, primátorka: Nikdo další není přihlášený, zahajuji hlasování: Hlasování č. 51: 52 - 0 - 1 - 1",0,198b605f95c9e2a9
marketa-vankova,Z9/14,40,"JUDr. Markéta Vaňková, primátorka: Tady jenom mě napadá, pro právní poradu, do budoucna. Teď to máme jasné, teď jsem vyvolávala pana zastupitele Bořeckého. A pak, ve chvíli, kdy budou oba dva radní, tak právě třeba pro tu podjatost asi bude dobré to nějak rozlišovat, pro nějaké budoucí, jako. Teď, teď je to asi jedno, ale, protože. Hlásí se? Pan náměstek.",0,198b605f95c9e2a9
marketa-vankova,Z9/14,40,"JUDr. Markéta Vaňková, primátorka: Pan, pan radní Bořecký se hlásí.",0,198b605f95c9e2a9
marketa-vankova,Z9/14,41,"JUDr. Markéta Vaňková, primátorka: A pan zastupitel Bořecký.",0,198b605f95c9e2a9
marketa-vankova,Z9/14,41,"JUDr. Markéta Vaňková, primátorka: Určitě to vyladíme. My máme takový tajný typ, my o Vás víme, že se Vaše přezdívka v rámci skautů je Balů, panu radnímu Bořeckému říkáme Bóřa, takže interně to máme vyřešeno. Ale formálně, do zápisu, právě při třeba hlášení jako podjatosti, si myslím, že, teď bez legrace, že bude potřeba to skutečně odlišovat. Paní zastupitelka Drápalová.",0,198b605f95c9e2a9
marketa-vankova,Z9/14,41,"JUDr. Markéta Vaňková, primátorka: Určitě. Jenom na to budu myslet, budu muset myslet. Tak proto je to ten důvod, proč o tom hovořím. Tak. Myslím si, že tadyto intermezzo, víceméně úsměvné, můžeme ukončit a můžeme pokračovat bodem 39).",0,198b605f95c9e2a9
marketa-vankova,Z9/14,42,"JUDr. Markéta Vaňková, primátorka: Nějaké další dotazy? Pan zastupitel Kment.",0,198b605f95c9e2a9
marketa-vankova,Z9/14,42,"JUDr. Markéta Vaňková, primátorka: To asi poprosím pana vedoucího Vaněčka, nebo?",0,198b605f95c9e2a9
marketa-vankova,Z9/14,42,"Ing. Martin Vaněček, vedoucí Odboru životního prostředí MMB: Tak v případě, že tam jsou spoluvlastníci, tak ten druhý spoluvlastník určitě dal plnou moc té osobě, která tady žá, je žadatelem. Všechno je prověřováno tak, aby splňovali podmínky tohoto programu. . JUDr. Markéta Vaňková, primátorka: Nějaké další dotazy? Není tomu tak, tak zahojuji hlasování: Hlasování č. 53: 46 - 0 - 6 - 1",0,198b605f95c9e2a9
marketa-vankova,Z9/14,45,"JUDr. Markéta Vaňková, primátorka: Děkuji moc. Pro toho, kdo je tady z Odboru zdraví, nevím, jestli paní Koudelková, nebo paní Rossi, tak jenom poprosím tadytoto vést v patrnosti. My jsme měli obdobný podnět už v době, kdy se ten materiál projednával v radě. Takže, skutečně, tro, trošku víc asi tam těch údajů uvéct. Děkuju. Tak, někdo další do diskuse? Není tomu tak. Tak zahajuji hlasování: Hlasování č. 59: 46 - 0 - 6 - 1",0,198b605f95c9e2a9
marketa-vankova,Z9/14,46,"JUDr. Markéta Vaňková, primátorka: Poprosím paní vedoucí Vorlíčkovou.",0,198b605f95c9e2a9
marketa-vankova,Z9/14,46,"JUDr. Markéta Vaňková, primátorka: Nějaké další podněty k tomutoto, k tomuto bodu? Není tomu tak. Tak zahajuji hlasování: Hlasování č. 61: Neplatné hlasování",0,198b605f95c9e2a9
marketa-vankova,Z9/14,46,"JUDr. Markéta Vaňková, primátorka: Tomáš se hlásí? Pa, pan zastupitel Koláčný.",0,198b605f95c9e2a9
marketa-vankova,Z9/14,46,"JUDr. Markéta Vaňková, primátorka: Jasně. Zpochybněné hlasování, takže ho skončím a zahájíme hlasování znovu. Takže zahajuji hlasování k bodu č. 51): Hlasování č. 62: 39 - 1 - 12 - 1",0,198b605f95c9e2a9
marketa-vankova,Z9/14,47,"JUDr. Markéta Vaňková, primátorka: Kdo další do diskuse? Paní zastupitelka Lukášová Spilková.",0,198b605f95c9e2a9
marketa-vankova,Z9/14,48,"JUDr. Markéta Vaňková, primátorka: Tak, někdo další do diskuse? Není tomu tak. Takže budeme nejprve hlasovat o bodech 1 a 2, oni spolu souvisí, pořád je to Mendel festival. Takže zahajuji hlasování, kdo je pro navržené usnesení pod bodem 1, podbod 1, 2: Hlasování č. 64: 48 - 0 - 4 - 1",0,198b605f95c9e2a9
marketa-vankova,Z9/14,48,"JUDr. Markéta Vaňková, primátorka: Usnesení bylo přijato. Nyní dohromady bod 1, podbody 3 a 4. To znamená Sdružení přátel folkloru. Zahajuji hlasování: Hlasování č. 65: 51 - 0 - 0 - 2",0,198b605f95c9e2a9
marketa-vankova,Z9/14,48,"JUDr. Markéta Vaňková, primátorka: Usnesení bylo přijato. A nyní budeme hlasovat o usnesení pod bodem 2. To znamená, pověřuje vedoucí Odboru kultury a tak dále. Zahajuji hlasování: Hlasování č. 66: 52 - 0 - 0 - 1",0,198b605f95c9e2a9
marketa-vankova,Z9/14,50,"JUDr. Markéta Vaňková, primátorka: Je tomu tak. Tak, písařská chyba. Ale, je zřejmé, zejména jaks, jak, jaké usnesení komise přijala. To je, to je důležité, datum opravíme. A děkujeme za upozornění. Nějaká, nějaké další příspěvky do diskuse? Není nikdo přihlášený, tak zahajuji hlasování: Hlasování č. 71: 40 - 0 - 9 - 4",0,198b605f95c9e2a9
marketa-vankova,Z9/14,52,"JUDr. Markéta Vaňková, primátorka: Tak. K mikrofonu jde pan Hloušek, zároveň se hlásí Tomáš Aberl, ale tak, vzhledem k tomu kofinancování, tak poprosím pana Hlouška.",0,198b605f95c9e2a9
marketa-vankova,Z9/14,52,"JUDr. Markéta Vaňková, primátorka: A jestli to chce tedy doplnit pan radní?",0,198b605f95c9e2a9
marketa-vankova,Z9/14,52,"JUDr. Markéta Vaňková, primátorka: Dobře, děkuju. Nějaké další dotazy? Pan Lahoda.",0,198b605f95c9e2a9
marketa-vankova,Z9/14,52,"JUDr. Markéta Vaňková, primátorka: Určitě. Tak, někdo další do diskuse k tomuto bodu? Není tomu tak, to znamená, budeme napřed hlasovat první dvě odrážky. To znamená - prodloužení termínu Knihovně Jiřího Mahena, v částce 1.786.000, a dále prodloužení termínu vyúčtování také Knihovně Jiřího Mahena, v částce 932.000. Takže o těchto 2 věcech v tuto chvíli hlasujeme: Hlasování č. 77: 46 - 0 - 5 - 2",0,198b605f95c9e2a9
marketa-vankova,Z9/14,52,"JUDr. Markéta Vaňková, primátorka: Usnesení byla přijata. A nyní budeme hlasovat o 3. odrážce, to znamená, schvalujeme výjimku a tak dále. Zahajuji hlasování: Hlasování č. 78: 40 - 0 - 11 - 2",0,198b605f95c9e2a9
marketa-vankova,Z9/14,52,"JUDr. Markéta Vaňková, primátorka: I toto usnesení bylo přijato. A nyní o poslední odrážce, schvalujeme rozpočtové opatření dle tabulky. Zahajuji hlasování: Hlasování č. 79: 43 - 0 - 7 - 3",0,198b605f95c9e2a9
marketa-vankova,Z9/14,56,"JUDr. Markéta Vaňková, primátorka – navrhla společně hlasovat o bodech 70), 71) a 72) vztahujících se k návrhům prodeje pozemků a části pozemku.",6,198b605f95c9e2a9
marketa-vankova,Z9/14,57,"JUDr. Markéta Vaňková, primátorka – navrhla společné hlasování o bodech 73) a 74) vztahujících se k návrhům nabytí pozemků.",6,198b605f95c9e2a9
marketa-vankova,Z9/14,57,"JUDr. Markéta Vaňková, primátorka – navrhla společně hlasovat o bodech 75) – 81) vztahujících se k nabídkám předkupních práv ke stavbám.",4,198b605f95c9e2a9
marketa-vankova,Z9/14,60,"JUDr. Markéta Vaňková, primátorka – navrhla společné hlasování o bodech 83), 84) a 85) vztahujících se k návrhům směn pozemků a části pozemku.",6,198b605f95c9e2a9
marketa-vankova,Z9/14,60,"JUDr. Markéta Vaňková, primátorka – přistoupila ke společnému hlasování o bodech 83) a 84).",0,198b605f95c9e2a9
marketa-vankova,Z9/14,63,"JUDr. Markéta Vaňková, primátorka – navrhla společně hlasovat o bodech 91), 92) a 93) vztahujících se k návrhům Dodatků ke Smlouvám o spolupráci při výstavbě veřejné infrastruktury.",6,198b605f95c9e2a9
marketa-vankova,Z9/14,63,"JUDr. Markéta Vaňková, primátorka – přistoupila ke společnému hlasování o bodech 91) a 92).",0,198b605f95c9e2a9
marketa-vankova,Z9/14,66,"JUDr. Markéta Vaňková, primátorka: Chce, chce se někdo vyjádřit z pánů Bořeckých? Tak. Bóřa.",0,198b605f95c9e2a9
marketa-vankova,Z9/14,66,"JUDr. Markéta Vaňková, primátorka: Tak, necháme napřed vyjádřit se ještě pana Bořeckého, zastupitele.",0,198b605f95c9e2a9
marketa-vankova,Z9/14,67,"JUDr. Markéta Vaňková, primátorka: Odbor dopravy si znamená. Paní zastupitelka Flamiková.",0,198b605f95c9e2a9
marketa-vankova,Z9/14,68,"JUDr. Markéta Vaňková, primátorka, ukončila zasedání Zastupitelstva města Brna (ve 12:25 hod.).",0,198b605f95c9e2a9
marketa-vankova,Z9/16,1,"Zasedání zahájila a řídila primátorka města Brna JUDr. Markéta Vaňková (dále jen JUDr. Markéta Vaňková, primátorka).",0,d527a00c9a941791
marketa-vankova,Z9/16,1,"JUDr. Markéta Vaňková, primátorka, upozornila na skutečnost, že jednání Zastupitelstva města Brna je audiovizuálně přenášeno prostřednictvím internetových stránek města a přenos je zaznamenáván, archivován a následně bude zveřejněn.",4,d527a00c9a941791
marketa-vankova,Z9/16,1,"JUDr. Markéta Vaňková, primátorka, sdělila, že při prezenci členové Zastupitelstva města Brna obdrželi: • doplněk k bodu 70), který byl dne 8. 4. 2024 vložen na chráněné internetové datové úložiště • doplněk k bodu 114), který byl dne 8. 4. 2024 vložen na chráněné internetové datové úložiště • materiál k nově navrženému bodu 130), který byl dne 8. 4. 2024 vložen na chráněné internetové datové úložiště • Informativní zprávu – Podání adresovaná Zastupitelstvu města Brna, která byla dne 5. 4. 2024 včetně vlastních podání vložena na chráněné internetové datové úložiště. Podání ZMB byla rovněž k dispozici v listinné formě ve složce „K nahlédnutí pro členy ZMB“ v jednacím sálu • Výpis usnesení Finančního výboru Zastupitelstva města Brna k bodům projednávaným na tomto zasedání, který byl dne 8. 4. 2024 vložen na chráněné internetové datové úložiště",0,d527a00c9a941791
marketa-vankova,Z9/16,2,"Schválení programu zasedání Zastupitelstva města Brna č. Z9/16 JUDr. Markéta Vaňková, primátorka, zdůvodnila tyto změny programu:",0,d527a00c9a941791
marketa-vankova,Z9/16,2,"JUDr. Markéta Vaňková, primátorka, nechala hlasovat o návrzích na změny v programu zasedání Zastupitelstva města Brna, které uvedla v rámci Technického bodu.",-3,d527a00c9a941791
marketa-vankova,Z9/16,7,"JUDr. Markéta Vaňková, primátorka: Takže hlasování zpochybněno, to znamená, nebylo dokončeno a máme tadytento návrh, děkuji. Tak. Já se jenom podívám na právní poradu. Můžeme dát hlasovat o celku, nebo mám nechat hlasovat napřed o tom doplnění?",2,d527a00c9a941791
marketa-vankova,Z9/16,7,"JUDr. Markéta Vaňková, primátorka: Děkuju. Takže nevidím nikoho přihlášeného do diskuse, to znamená, že zahájíme hlasování znovu. A bude to o usnesení tak, jak bylo navrženo v původním materiálu, s doplněním přílohy, tak jak to doplnění bylo nadefinováno panem radním Bořeckým. Zahajuji hlasování: Hlasování č. 7: 47 - 0 - 0 - 0",0,d527a00c9a941791
marketa-vankova,Z9/16,8,"JUDr. Markéta Vaňková, primátorka: Tak já, za sebe, mohu pouze zareagovat, že s městem Lvov jsme navázali spolupráci bezprostředně po zahájení invaze na Ukrajinu. Bylo to druhé město, vedle města Charkov, které bylo již naším partnerským městem, ta spolupráce tam byla poměrně intenzivní s městem Lvov, zejména v těch začátcích. Na tu spolupráci postupně navazujeme i v jiných oblastech než v poskytnutí nějaké humanitární pomoci. Vyhodnotili jsme, i s kolegy z Odboru zahraničních vztahů, že naše města mají mnoho společného a že ta spolupráce bude ku prospěchu obou dvou měst. A z tohoto pohledu tedy i rada rozhodla o tom, že partnerství s tímto městem je vítané. Nevím, případně, jestli mě chce někdo z kolegů, případně s, paní vedoucí, doplnit, ale za mě je toto vyjádření. Tak. Nikdo další se k tomu nehlásí, tak, pan zastupitel Kment.",0,d527a00c9a941791
marketa-vankova,Z9/16,9,"JUDr. Markéta Vaňková, primátorka: Vyhodnotili jsme, že jsme schopni spolupracovat v takovýchtěch oblastech, ve kterých většinou s těmi městy spolupracujeme, to znamená, jak v kulturní oblasti, tak třeba v oblasti školství, v oblasti dopravy, s tím, že samozřejmě v tuto chvíli jsou ty vztahy složitější tadyvtěchto, jako tradičních, oblastech, právě proto, že neustále probíhá konflikt, válečný. Nicméně je to město, které je v té části Ukrajiny, která je nám i místopisně blíže, na rozdíl od Charkovu. Takže jsou, jsou tam prostě obdobné, obdobné i třeba jako problémy, když, samozřejmě, jak říkám, odhlédneme od toho současného stavu. Pan zastupitel Zemek.",0,d527a00c9a941791
marketa-vankova,Z9/16,9,"JUDr. Markéta Vaňková, primátorka: V tuto chvíli to vypadá, že není nikdo další přihlášený. Takže zahajuji hlasování: Hlasování č. 10: 42 - 6 - 0 - 0",0,d527a00c9a941791
marketa-vankova,Z9/16,11,"JUDr. Markéta Vaňková, primátorka: Vás poprosím, jestli byste mohl končit, už jste dvojnásobně …",0,d527a00c9a941791
marketa-vankova,Z9/16,12,"JUDr. Markéta Vaňková, primátorka: Pan Kirchner. Jenom krátce, poprosím.",0,d527a00c9a941791
marketa-vankova,Z9/16,12,"JUDr. Markéta Vaňková, primátorka: Tak. Já si myslím, že asi vše podstatné už zaznělo? Nebo máte něco zásadního, jako jiného, než co jste řekl doteď?",0,d527a00c9a941791
marketa-vankova,Z9/16,12,"JUDr. Markéta Vaňková, primátorka: Ano. V souladu s jednacím řádem je, že můžete mluvit jednou, 2 min. Takže už jste na začátku překročil, takže pokud máte skutečně něco zásadního, tak poprosím velice krátce, poslední, prostě nějaká závěrečná věta.",0,d527a00c9a941791
marketa-vankova,Z9/16,14,"JUDr. Markéta Vaňková, primátorka: Já se přiznám, že když mluvil první z Vás, tak jsem měla tendence si ty dotazy značit, abych na ně mohla případně reagovat. Ale vzhledem k tomu množství, jako který, které nakonec bylo, tak, tak jsem to vzdala a bude Vám odpovězeno písemně, protože v záznamu to je. Tím, že je celý přenos, jak jsem říkala na začátku, zaznamenáván. A obecně jenom, takový prostě, jako kdyby, takové obecné shrnutí. Ano, je to projekt, který vyvolává určitou diskusi, což je, za mě, správně. Protože není to úplně prostě standardní projekt v rámci městské hromadné dopravy, které řešíme obvykle. To znamená třeba obnova vozového parku, toho, jako klasického. Takže, určitě jako vítáme, všichni, diskusi nad tímto tématem. Tak, jak je to v tuto chvíli plánováno, tak ano, skutečně by ta lanovka měla být součástí městské hromadné dopravy. Máme za to, že by to dané lokalitě pomohlo. Byť jsem samozřejmě vnímala všechny ty Vaše výtky na to, odkud, kam povede, a jaké množství cestujících tam je. Na druhou stranu si myslím, že pokud by lanovka byla vybudována, tak kromě toho, že bude plnit tadytuto základní funkci, tak může být do jisté míry i určitou atrakcí. Protože je pravdou, že lanovek ve městě, mo, ve mes, ve městech moc nebývá, nicméně můžete je v různých evropských městech najít, a jsou využívané. Co se týče Vašich obav o to, že bude ta lokalita znehodnocena, tak jenom obecně se k tomu vyjádřím, ne do podrobností. Ale většina z nás pravděpodobně lanovky využívá v různých přírodních oblastech, ať už v létě, či v zimě, a nemyslím si, že by dané oblasti byly těmi danými lanovkami jakkoliv narušeny. Co se týče financování, v tuto chvíli ještě nemáme jasně dané, z jakých zdrojů by financování bylo. Na tom se bude intenzivně pracovat v případě, že skutečně dojde k tomu finálnímu kroku, to znamená započetí výstavby. Na druhou stranu, co se týče i těch investičních peněz, i pak těch, které by se vynakládaly na provoz a údržbu, tak vzhledem k množství financí, které poskytujeme z rozpočtu města Brna Dopravnímu podniku, tak by to neměla být nějaká jako zásadní zátěž. Teď myslím zejména ty náklady spojené s údržbou. A co se týče nějakých těch majetkoprávních vypořádání, tak to taky k tomu bude přistoupeno z úrovně Dopravního podniku, ve chvíli, kdy skutečně ten projekt by měl být realizován. V tuto chvíli to nebylo na pořadu dne, protože ten projekt byl připravován, nicméně dokud nebylo stavební povolení, tak nebylo úplně důvodné řešit majetkoprávní vypořádání. A těch vlastníků v té lokalitě je větší množství. Takže to asi tak z toho obecného úvodu, když se tady dívám, co jsem si udělala za nějaké poznámky, nicméně takhle, aspoň obecně. A poprosím pana radního a Kratochvíla, aby mě doplnil.",0,d527a00c9a941791
marketa-vankova,Z9/16,15,"JUDr. Markéta Vaňková, primátorka: Reakce, pan radní Kratochvíl.",0,d527a00c9a941791
marketa-vankova,Z9/16,16,"JUDr. Markéta Vaňková, primátorka: Poprosím další občany, pokud chtějí vystoupit v tomto bodě?",0,d527a00c9a941791
marketa-vankova,Z9/16,16,"JUDr. Markéta Vaňková, primátorka: Poprosím, jestli je tady nějaký další občan, který chce vystoupit? Nevypadá to. A já bych toho ještě využila, protože skutečně jako téma lanovky tady rezonuje, a já, jak jsem řekla, jako, já tu diskusi vlastně vítám. A já mám informace, že by tady měl být pan Novák z PK OSSENDORF? Jo, výborně. A já bych Vás poprosila, jestli byste se, prosím Vás, mohl vyjádřit, z toho odborného pohledu k trasování té lanovky. Trošku vlastně nám říci, jak to vzniklo a jak, jak ta trasa byla stanovena. Protože je to také věc z minulosti a je odborná, nikoli politická. Takže Vás poprosím, děkuji.",0,d527a00c9a941791
marketa-vankova,Z9/16,17,"JUDr. Markéta Vaňková, primátorka: Děkuji moc. Já myslím, že to takto stačí. Díky. Jak už jsem předtím konstatovala, žádný další občan už není přihlášený. To znamená, můžeme ukončit bod č. 2) a budeme dále pokračovat bodem č. 16), což je - Zapojení fondu rezerv a rozvoje v souvislosti s přebíráním objektu bývalé pošty, jo, tak, a omlouvám se, to už bylo, já jsem si to tady nechala, protože jsem si na to dělala ty poznámky k lanovce. Takže se omlouvám, takže bod č. 17).",0,d527a00c9a941791
marketa-vankova,Z9/16,18,"JUDr. Markéta Vaňková, primátorka: Já poprosím paní ředitelku Dungelovou, ať se nachystá k odpovědím, a eště dám slovo panu zastupiteli Kmentovi, asi těch dotazů bude více.",0,d527a00c9a941791
marketa-vankova,Z9/16,19,"JUDr. Markéta Vaňková, primátorka: Dobře. Děkuju, tak to uvidíme podle toho, jestli se přihlásí nějaký další zastupitel. Takže, chce někdo ještě tadyktomuto bodu vystoupit? Nějaké další dotazy? Pan zastupitel Kment.",0,d527a00c9a941791
marketa-vankova,Z9/16,20,"JUDr. Markéta Vaňková, primátorka: Tak, poprosím paní ředitelku ve vztahu k tomu, jako, jak to vzniklo a kdo za to může, tak jak to bylo nadefinováno, a potom doplní pan náměstek Chvátal.",0,d527a00c9a941791
marketa-vankova,Z9/16,20,"JUDr. Markéta Vaňková, primátorka: Tak, děkuji za doplnění. Ještě někdo něco k tomuto bodu? Není tomu tak, paní ředitelko, děkujeme. Zahajuji hlasování: Hlasování č. 22: 40 - 6 - 4 - 0",0,d527a00c9a941791
marketa-vankova,Z9/16,25,"JUDr. Markéta Vaňková, primátorka: Poprosím, jestli je tady paní Štěpánková, z Odboru sociální péče? Jo, výborně. Dobrý den, poprosím o reakci.",0,d527a00c9a941791
marketa-vankova,Z9/16,25,"JUDr. Markéta Vaňková, primátorka: Nějaké další dotazy? Není tomu tak, tak, děkuji. Zahajuji hlasování: Hlasování č. 34: 47 - 0 - 1 - 1",0,d527a00c9a941791
marketa-vankova,Z9/16,26,"JUDr. Markéta Vaňková, primátorka: Nějaké další dotazy, podněty? Není tomu tak, zahajuju hlas, zahajuji hlasování: Hlasování č. 36: 41 - 6 - 1 - 1",0,d527a00c9a941791
marketa-vankova,Z9/16,32,"JUDr. Markéta Vaňková, primátorka: Tak, nevím, pan Kment, jestli chce nějak doplnit? Ne, nepotřebuje. Dobrý, paní ředitelko, můžete se zase posadit. Vi, vizualizace budou doplněny. Tak. Nikdo další není přihlášený, zahajuji hlasování: Hlasování č. 53: 43 - 6 - 0 - 0",0,d527a00c9a941791
marketa-vankova,Z9/16,36,"JUDr. Markéta Vaňková, primátorka - navrhla společně hlasovat o bodech 65) - 77) vztahujících se k návrhům prodejů pozemků, částí pozemků a zřízení služebností.",6,d527a00c9a941791
marketa-vankova,Z9/16,36,"JUDr. Markéta Vaňková, primátorka - přistoupila ke společnému hlasování o bodech 65) - 69).",0,d527a00c9a941791
marketa-vankova,Z9/16,38,"JUDr. Markéta Vaňková, primátorka: Další dotazy nejsou. Zahajuji hlasování: Hlasování č. 64: 36 - 5 - 5 - 3",0,d527a00c9a941791
marketa-vankova,Z9/16,38,"JUDr. Markéta Vaňková, primátorka - přistoupila ke společnému hlasování o bodech 71) - 77).",0,d527a00c9a941791
marketa-vankova,Z9/16,41,"JUDr. Markéta Vaňková, primátorka - navrhla společné hlasování o bodech 78) - 88) vztahujících se k návrhům nabytí pozemků, vyjma bodu 85), který byl stažen.",6,d527a00c9a941791
marketa-vankova,Z9/16,43,"JUDr. Markéta Vaňková, primátorka - navrhla společně hlasovat o bodech 90) - 106) vztahujících se k návrhům na bezúplatné nabytí pozemků.",6,d527a00c9a941791
marketa-vankova,Z9/16,50,"JUDr. Markéta Vaňková, primátorka - navrhla společné hlasování o bodech 107) - 112) vztahujících se k nabídkám předkupních práv ke stavbám.",4,d527a00c9a941791
marketa-vankova,Z9/16,53,"JUDr. Markéta Vaňková, primátorka: Tam máme doplněk, tadyktomuto bodu. Tak. A já se přiznám, že se radši poradím s paní doktorkou, protože my jsme to původně měli variantně. A v tom doplňku máme nový návrh usnesení, který už tím pádem není variantně? Podle toho, jak rozhodla rada.",2,d527a00c9a941791
marketa-vankova,Z9/16,53,"JUDr. Markéta Vaňková, primátorka: Hm, dobře. Takže, já jsem původně myslela, že budu dávat hlasovat o Variantě A, nicméně my jsme na radě ještě mírně poupravili to usnesení, takže budeme, až po případné diskusi, budeme hlasovat o návrhu usnesení tak, jak je v doplňku k materiálu bodu 114). Tak, otevírám diskusi tadyktomuto bodu. Pan zastupitel Zemek.",2,d527a00c9a941791
marketa-vankova,Z9/16,53,"JUDr. Markéta Vaňková, primátorka: Tak, rada je pro, jo, nebo on se hlásí pan radní Oliva, tak já si ráda odpočinu chvilku a dávám mu slovo.",0,d527a00c9a941791
marketa-vankova,Z9/16,54,"JUDr. Markéta Vaňková, primátorka: Tak. Těším se na právní okénko, předávám slovu panu radnímu Olivovi, a kdyby se Vám zdálo, že to bude právnické nedostatečně, tak paní Vaďurová nás jistě do té problematiky také uvede. Tak, pan radní Oliva.",0,d527a00c9a941791
marketa-vankova,Z9/16,54,"JUDr. Markéta Vaňková, primátorka: Stačilo takto, nebo máme pokračovat v právním okénku?",0,d527a00c9a941791
marketa-vankova,Z9/16,54,"JUDr. Markéta Vaňková, primátorka: Jo, děkuji, výborně. Paní Vaďurová by byla jistě ráda, my právníci máme jako rádi, když můžeme konečně jako hovořit, jako takhle odborně, dopodrobna. Dobře. Nicméně, á, paní zastupitelka Drápalová. Takže možná v tom budeme pokračovat.",0,d527a00c9a941791
marketa-vankova,Z9/16,55,"JUDr. Markéta Vaňková, primátorka: Tak, zeptám se, jestli zvládneme zareagovat?",0,d527a00c9a941791
marketa-vankova,Z9/16,55,"JUDr. Markéta Vaňková, primátorka: Jo. Pan radní Oliva se hlásí, předpokládám, že …",0,d527a00c9a941791
marketa-vankova,Z9/16,55,"JUDr. Markéta Vaňková, primátorka: Tak. Paní zastupitelka Drápalová.",0,d527a00c9a941791
marketa-vankova,Z9/16,55,"JUDr. Markéta Vaňková, primátorka: Výborně. Takže doplníme. Tak. A tím pádem si tady oddělám ty výpisy, není nikdo další přihlášený, takže budeme moci přistoupit k hlasování. A jenom, budeme hlasovat ještě, nebo můžeme hlasovat dohromady, ale, vlastně v tom původním materiálu jsme měli – zaprvé: bere na vědomí, zadruhé: bere na vědomí, a pak Varianty. Takže vlastně usnesení 1 a 2 zůstává tak, jak bylo v půse, v původním materiálu. A pak ty Varianty se nahrazují tím usnesením, které je navrženo v doplňku. A já to pro jistotu zopakuji, je to, že zastupitelstvo schvaluje nabytí pozemků za kupní cenu 427.000, a to za podmínky, že se prodávající vzdá svého nároku na vydání bezdůvodného obohacení a tak dále. Takže takto budeme hlasovat jako celek – zaprvé: bere na vědomí, zadruhé: bere na vědomí, plus 3. část: zastupitelstvo schvaluje nabytí za podmínky. Tak. Zahajuji hlasování: Hlasování č. 71: 37 - 0 - 10 - 2",0,d527a00c9a941791
marketa-vankova,Z9/16,58,"JUDr. Markéta Vaňková, primátorka: Děkuji za upozornění. Tak. Nikdo další se nehlásí, zahajuju hlasování: Hlasování č. 77: 48 - 0 - 0 - 1",0,d527a00c9a941791
marketa-vankova,Z9/16,58,"JUDr. Markéta Vaňková, primátorka - navrhla společně hlasovat o bodech 123) - 125) vztahujících se k návrhům dodatků ke smlouvám o spolupráci při výstavbě veřejné infrastruktury, s tím, že se vypouští povinnost předat městu bankovní záruku/kauci.",6,d527a00c9a941791
marketa-vankova,Z9/16,60,"JUDr. Markéta Vaňková, primátorka: Tak. Pan Černý, pan náměstek Černý, reakce.",0,d527a00c9a941791
marketa-vankova,Z9/16,61,"JUDr. Markéta Vaňková, primátorka: Děkuji. A reakce na ty předchozí dotazy? Pan radní Kratochvíl.",0,d527a00c9a941791
marketa-vankova,Z9/16,63,"JUDr. Markéta Vaňková, primátorka: Jenom k té Vaší druhé otázce. Pan ředitel městské policie je tady, bude to mít i v záznamu, tak předpokládám, že odpovíme písemně, protože takhle s, jako nebude schopen určitě zareagovat na konkrétní datum a hodinu. A k tomu poslednímu, respektivě tam byly 2 části, to znamená, jak bude zajištěna obslužnost Masarykovy čtvrti, a potom apel na vrácení přechodu, to Vám bude odpovězeno písemně. Pan zastupitel Kment.",0,d527a00c9a941791
marketa-vankova,Z9/16,63,"JUDr. Markéta Vaňková, primátorka: Vzhledem k tomu, že je 10:30, a evidentně těch dotazů bude více, tak podle jednacího řádu přestávka, do 11 hod. Chlebíčky jsou připraveny.",0,d527a00c9a941791
marketa-vankova,Z9/16,63,"JUDr. Markéta Vaňková, primátorka: Rozcházeli jsme se před přestávkou, kde byly nějaké dotazy, jestli se nemýlím, pana zastupitele Kmenta. A jeden z těch dotazů, který se týkal Brněnských vodáren a kanalizací, tak na něj bude reagovat pan náměstek Černý.",0,d527a00c9a941791
marketa-vankova,Z9/16,63,"JUDr. Markéta Vaňková, primátorka: A reakce na lanovku, na dotaz pana zastupitele Kmenta, pan radní Kratochvíl.",0,d527a00c9a941791
marketa-vankova,Z9/16,64,"JUDr. Markéta Vaňková, primátorka: Já jenom úplně krátká reakce. Já jsem to říkala už v tom mém vyjádření na základě dotazu občanů, kde jsem jednoznačně řekla, že primárně to má sloužit jako součást městské hromadné dopravy, a dále jsem řekla, že si dovedu představit, že pro některé, ať už občany Brna, anebo třeba turisty, že to může být i jako atrakce. Ale uváděla jsem, že primárně s tím počítáme jako součást městské hromadné dopravy. Ale to už se zase dostáváme prostě do, do bludného kruhu, mám pocit. Nicméně hlásí se pan Kalivoda, který, jestli mám správné informace, chce něco k té ekonomice?",0,d527a00c9a941791
marketa-vankova,Z9/16,65,"JUDr. Markéta Vaňková, primátorka: Velmi děkuji. A pan radní Kratochvíl.",0,d527a00c9a941791
marketa-vankova,Z9/16,66,"JUDr. Markéta Vaňková, primátorka: Určitě dodáme. Souhlasím s tím, že je to velmi oblíbená služba, je využívaná. Máte pravdu, teď jsme vlastně nakupovali nová vozidla, která byla vlastně, nebo šla výměnou za ta původní, jsou to elektrovozidla. S panem ředitelem Dopravního podniku to opakovaně debatujeme, jestli by nešlo navýšit kapacitu. Má k tomu nějaké důvody. Je potřeba si i uvědomit, že vlastně ta služba je využívána skutečně víceméně přes den, v těch pozdějších odpoledních hodinách tomu tak není. Takže je to i o tom, a využívají se vlastně menší vozidla, která pak vlastně nemají to vyžití, stojí, jo? Nedají se využít jako v rámci jako běžného zapojení do městské hromadné dopravy, protože prostě nejsou jako tak velká. Takže zase z toho ekonomického pohledu prostě dává smysl mít tu kapacitu nastavenou takto, i zase vzhledem k počtu řidičů, kteří jsou tím vytíženi a obsluhují jenom to poměrně jako malé vozidlo. Takže, znovu říkám, my jsme to opakovaně řešili a závěr je ten, že vlastně takto ta kapacita zůstane zachována i za, i z toho důvodu, abychom mohli zachovat tu cenu, která je příznivá pro ty seniory, abychom nemuseli tuto službu navyšovat, tu, tu platbu za ni, protože to už by pak nedávalo vlastně ten smysl pro ty seniory. Takže odpovíme Vám eště, nebo poprosím pana ředitele Dopravního podniku, aby Vám odpověděl více fundovaně, s konkrétními čísly, ale jenom takto, za mě, prostě, vnímáme to, ale vyhodnocení je takové, že budeme to zachovávat v sous, v současných číslech a podmínkách. Tak. Ještě někdo? Pan zastupitel Kment.",0,d527a00c9a941791
marketa-vankova,Z9/16,67,"JUDr. Markéta Vaňková, primátorka, ukončila zasedání Zastupitelstva města Brna (v 11:30 hod.).",0,d527a00c9a941791
marketa-vankova,Z9/15,1,"Zasedání zahájila a řídila primátorka města Brna JUDr. Markéta Vaňková (dále jen JUDr. Markéta Vaňková, primátorka).",0,f5c65d180b769ffd
marketa-vankova,Z9/15,1,"JUDr. Markéta Vaňková, primátorka, upozornila na skutečnost, že jednání Zastupitelstva města Brna je audiovizuálně přenášeno prostřednictvím internetových stránek města a přenos je zaznamenáván, archivován a následně bude zveřejněn.",4,f5c65d180b769ffd
marketa-vankova,Z9/15,1,"JUDr. Markéta Vaňková, primátorka, sdělila, že při prezenci členové Zastupitelstva města Brna obdrželi: • doplněk k bodu 7), který byl dne 4. 3. 2024 vložen na chráněné internetové datové úložiště • Výpis usnesení Finančního výboru Zastupitelstva města Brna k bodům projednávaným na tomto zasedání, který byl dne 4. 3. 2024 vložen na chráněné internetové datové úložiště • Informace o hlasování členů RMB neuvedené v předložených materiálech k bodům programu ZMB č. Z9/15",0,f5c65d180b769ffd
marketa-vankova,Z9/15,2,"Schválení programu zasedání Zastupitelstva města Brna č. Z9/15 JUDr. Markéta Vaňková, primátorka, zdůvodnila tyto změny programu:",0,f5c65d180b769ffd
marketa-vankova,Z9/15,2,"JUDr. Markéta Vaňková, primátorka, nechala hlasovat o návrzích na změny v programu zasedání Zastupitelstva města Brna, které uvedla v rámci Technického bodu.",-3,f5c65d180b769ffd
marketa-vankova,Z9/15,6,"JUDr. Markéta Vaňková, primátorka: Někdo další do diskuse? Není tomu tak, tak zahajuju hlasování: Hlasování č. 5: 45 - 0 - 3 - 4",0,f5c65d180b769ffd
marketa-vankova,Z9/15,11,"JUDr. Markéta Vaňková, primátorka: Tak, děkujeme. Pan zastupitel Koláčný.",0,f5c65d180b769ffd
marketa-vankova,Z9/15,11,"JUDr. Markéta Vaňková, primátorka: Tak, mně tady nějak chvilku něco nefungovalo. Tak, paní vedoucí, případně duchovní otec této myšlenky, Jarek Suchý? Tak, paní vedoucí.",0,f5c65d180b769ffd
marketa-vankova,Z9/15,12,"JUDr. Markéta Vaňková, primátorka: Tak. Vypadá to, že téma holubníků jsme vyčerpali, takže zahajuji hlasování: Hlasování č. 16: 46 - 0 - 2 - 5",0,f5c65d180b769ffd
marketa-vankova,Z9/15,13,"JUDr. Markéta Vaňková, primátorka: Zeptám se, pan vedoucí Pospíšek? Jestli je tady? Nevidím ho, jo, výborně. Tak, pane vedoucí, jestli můžete zareagovat?",0,f5c65d180b769ffd
marketa-vankova,Z9/15,13,"JUDr. Markéta Vaňková, primátorka: Mně se také těžko reaguje. Pokud pan zastupitel říká, že se ptá na něco, co v materiálu není, tak je to takové, teď asi to nedohledáme. Pan zastupitel Lahoda.",0,f5c65d180b769ffd
marketa-vankova,Z9/15,13,"JUDr. Markéta Vaňková, primátorka: Perfektní, děkuji. Tak jenom, pane vedoucí, na to pamatujte. V záznamu to bude, celý ten dotaz, takže, ať odpovíte. Tak, děkuji, nějaké další dotazy tadyktomuto bodu? Není tomu tak. Tak zahajuji, jo, ráda bych zahájila hlasování, ale mně tady nějak zlobí ta myš, dneska. Tak. Tak teď už zahajuji hlasování: Hlasování č. 19: 48 - 0 - 4 - 1",0,f5c65d180b769ffd
marketa-vankova,Z9/15,13,"JUDr. Markéta Vaňková, primátorka: Tak. Máme 8:31, to znamená, přecházíme k bodu č. 2), a to je Dotazy, připomínky a podněty občanů.",0,f5c65d180b769ffd
marketa-vankova,Z9/15,13,"JUDr. Markéta Vaňková, primátorka: K tomu jenom úplně krátká reakce. My jsme se zástupci klubu jednali opakovaně, poměrně dlouhou dobu. Ta situace taková bohužel je, v dané lokalitě se bude stavět mateřská školka. Snažili jsme se najít nějaké řešení, bohužel se nenašlo.",0,f5c65d180b769ffd
marketa-vankova,Z9/15,14,"JUDr. Markéta Vaňková, primátorka: Bude odpovězeno písemně. Tak, poprosím dalšího občana.",0,f5c65d180b769ffd
marketa-vankova,Z9/15,14,"JUDr. Markéta Vaňková, primátorka: Jak jsem řekla, bude odpovězeno písemně. Pan vedoucí Odboru obrany, pan Špaček, bedlivě poslouchal a nachystá Vám odpověď.",0,f5c65d180b769ffd
marketa-vankova,Z9/15,14,"JUDr. Markéta Vaňková, primátorka: Poprosím dalšího občana. A poprosím každého dalšího občana, aby dodržoval časový limit, který je. A poprosím technickou pomoc, mě skutečně zlobí tadyta myš. Jestli mně můžete s tím jít něco udělat?",0,f5c65d180b769ffd
marketa-vankova,Z9/15,14,"JUDr. Markéta Vaňková, primátorka: Bude Vám odpovězeno písemně.",0,f5c65d180b769ffd
marketa-vankova,Z9/15,15,"JUDr. Markéta Vaňková, primátorka: Kolegyně si od Vás, už k Vám jde, kolegyně si od Vás veme, veme kontakt. A paní Burešová, dobrý den, můžete mluvit a pamatujte, prosím, na časový limit.",0,f5c65d180b769ffd
marketa-vankova,Z9/15,15,"JUDr. Markéta Vaňková, primátorka: Paní Burešová, prosím, skončil časový limait. Máte nějaký dotaz nebo něco nového, co tady ještě na minulých zasedáních zastupitelstva nezaznělo?",0,f5c65d180b769ffd
marketa-vankova,Z9/15,16,"JUDr. Markéta Vaňková, primátorka: Také Vám bude odpovězeno písemně. A jenom, obecně, bych ráda konstatovala, že většina, nebo možná všechny ty otázky, které jste pokládal, tak byly poměrně podrobně diskutovány v rámci bodu, když jsme rozhodovali o tomto kroku a těmi záležitostmi jsme se věnovali a nějakým způsobem jsme je reflektovali i v tom našem rozhodnutí. Ale konkrétně Vám bude odpovězeno písemně. Tak, další občané. Ano. Vít, vítám pana starostu a má slovo.",0,f5c65d180b769ffd
marketa-vankova,Z9/15,16,"JUDr. Markéta Vaňková, primátorka: Děkuji. Ano, i dalšího pana starostu vítám a také má slovo.",0,f5c65d180b769ffd
marketa-vankova,Z9/15,17,"JUDr. Markéta Vaňková, primátorka: Tak to děkuji moc. Tak já děkuji samozřejmě oběma pánům starostům, ale chtěla bych říci, že to poděkování skutečně musí směřovat zejména k aktuálnímu týmu, který územní plán připravoval. Takže, část z nich tady je přítomno a slyší to, ti, kteří tady nejsou, tak se to určitě dozví, takže, takže děkuji i za ně. A máme eště nějaké kroky před sebou, takže ať to nezakřikneme, ať v tom procesu tvorby a schvalování územního plánu nenarazíme na nějaké velké překážky a ať se můžeme za pár měsíců radovat z toho, že Brno má skutečně, po tolika letech, nový, kvalitní územní plán. Ale děkuju. Děkuju, vážím si toho. Tak. Poprosím, jestli je ještě nějaký další občan tadyvtomto bodě? A pokud není, tak toho využiju, a já jsem tady před tí, před chvílí zahlédla jednoho občana a teď ho nevidím, ale předpokládám, že tady, doufám, že tady je, bývalý dlouholetý zastupitel Ludvík Kadlec. Ludvíku, seš tady? Á, je tady. Tak já bych Vám chtěla, prosím, všem říct, že vítám Ludvíka Kadlece na dnešním zasedání Zastupitelstva města Brna. Jsem ráda, že chodí takhle mezi nás a stále se udržuje ve vědomosti, co se ve městě Brně děje, a chtěla bych mu tímto za nás, za všechny, pogratulovat krásné, ke krásnému výročí, které slaví zrovna dnešního dne, to tak pěkně vyšlo. Myslím, že u mužů se ten věk může říkat, takže já ho odtajním, Ludvíkovi je dnes 70. Takže, pevné zdraví, hodně štěstí v životě a doufám, že se budeme stále potkávat. A pro připomenutí, před 5 lety jsem takto Ludvíkovi, z tohoto mikrofonu, gratulovala k 65, když seděl eště v zastupitelské lavici. Takže, všechno nejlepší a samozřejmě seš u mikrofonu, tak máš slovo.",0,f5c65d180b769ffd
marketa-vankova,Z9/15,17,"JUDr. Markéta Vaňková, primátorka: Taky, taky děkuji. Tak. Tak to jsme měli takovou příjemnou chvilku a teď zpátky k těm běžným bodům. Jsme u bodu č. 20).",0,f5c65d180b769ffd
marketa-vankova,Z9/15,18,"JUDr. Markéta Vaňková, primátorka: Reagovat bude pan radní Bořecký, senior.",0,f5c65d180b769ffd
marketa-vankova,Z9/15,18,"JUDr. Markéta Vaňková, primátorka: Nikdo další není přihlášený, tak zahajuji hlasování: Hlasování č. 23: 42 - 0 - 8 - 2",0,f5c65d180b769ffd
marketa-vankova,Z9/15,22,"JUDr. Markéta Vaňková, primátorka: Někdo další do diskuse tadyktomuto tématu? Není tomu tak. Tak zahajuji hlasování: Hlasování č. 26: 44 - 0 - 8 - 1",0,f5c65d180b769ffd
marketa-vankova,Z9/15,23,"JUDr. Markéta Vaňková, primátorka: Tak. To se přiznám, že nejsem schopna specifikovat. Zeptám se paní vedoucí Vorlíčkové, jestli ona je?",0,f5c65d180b769ffd
marketa-vankova,Z9/15,23,"JUDr. Markéta Vaňková, primátorka: Nějaké další dotazy? Není tomu tak, zahajuji hlasování: Hlasování č. 28: 43 - 0 - 6 - 4",0,f5c65d180b769ffd
marketa-vankova,Z9/15,23,"JUDr. Markéta Vaňková, primátorka: Eště můžete, prosím, jednou, ta položka 11 byla s jakým názvem?",0,f5c65d180b769ffd
marketa-vankova,Z9/15,23,"JUDr. Markéta Vaňková, primátorka: Mezipatra. Hm. Děkuju. Tak. Než přistoupíme k hlasování, tak eště se zeptám, jestli někdo něco dalšího do diskuse? Není tomu tak. Takže budeme hlasovat teď, jednotlivě, o těch 2 položkách. Takže já to jenom zopakuji, je to z, tedy z tabulky Audiovize, to hledám, byla, byla to 8, že? Jste říkal? Nemáte to písemně? No, já …",0,f5c65d180b769ffd
marketa-vankova,Z9/15,23,"JUDr. Markéta Vaňková, primátorka: Jo. Já to zkusím dohledat teda. Tak. Tak super, už díky paní JUDr. Doležalové to mám před sebou. To znamená, pro toho, kdo by se chtěl podívat, tak je to v rámci tedy tabulky Audiovize, a to je tabulka č. 1, takže v tabulce č. 1 to je. A je položka, nejprve budeme tedy hlasovat o té položce 8 -",0,f5c65d180b769ffd
marketa-vankova,Z9/15,24,"JUDr. Markéta Vaňková, primátorka: Takže návrh byl přijat tak, jak je to navrženo v tom původním dokumentu. A pak budeme hlasovat o položce 11, což je subjekt Mezipatra. Tak. A také podle návrhu, tak jak je v tabulce, tam je navrhováno přidělení dotace. Zahajuji hlasování: Hlasování č. 30: 45 - 4 - 1 - 3",2,f5c65d180b769ffd
marketa-vankova,Z9/15,24,"JUDr. Markéta Vaňková, primátorka: Takže návrh byl také schválen. To znamená podle původního návrhu. Děkuju moc. Tak. A nyní můžeme hlasovat o těch zbývajících položkách, všech ostatních, s výjimkou těchto 2, tak jak bylo navrženo písemně. Zahajuju hlasování, kdo je pro navržené usnesení, a samozřejmě o celi, celém to usnesení, tak jak bylo navrženo: Hlasování č. 31: 50 - 0 - 1 - 2",2,f5c65d180b769ffd
marketa-vankova,Z9/15,27,"JUDr. Markéta Vaňková, primátorka: Není nikdo další přihlášený, tak přistoupíme k hlasování. Zahajuju hlasování: Hlasování č. 38: 46 - 1 - 4 - 2",0,f5c65d180b769ffd
marketa-vankova,Z9/15,30,"JUDr. Markéta Vaňková, primátorka: Nějaké další dotazy? Není tomu tak. Zahajuji hlasování: Hlasování č. 45: 43 - 0 - 6 - 3",0,f5c65d180b769ffd
marketa-vankova,Z9/15,32,"JUDr. Markéta Vaňková, primátorka: Poprosím Tomáše Pivce? Tak Radka Řeřichu? Jo. Tak, jo. Pa, pan náměstek Černý. Zástavní právo rušíme určitě, to je systémová věc, kterou budeme, kterou budeme, výborně, mezitím nám došel Tom Pivec, kterou budeme rušit i u ostatních subjektů. Máme dnes na jednání zastupitelstva několik dodatků, které jsou tadyvtomto smyslu, protože tak došlo k obecné dohodě s investory, a postupujeme tak v souladu s usnesením rady, které jsme přijali. Ale co se týče rušení investičního příspěvku, neumím zareagovat. Pane vedoucí Pivče, dobrý den, jsme u bodu 50) a dotaz zněl, jestli tímto dodatkem dochází k, ke zrušení zástavního práva, to jsem odpověděla, že ano, ale pak, jestli dochází i k rušení investičního příspěvku, a to bych poprosila o reakci Tebe.",0,f5c65d180b769ffd
marketa-vankova,Z9/15,32,"JUDr. Markéta Vaňková, primátorka: A esli pan náměstek Černý chce ještě doplnit?",0,f5c65d180b769ffd
marketa-vankova,Z9/15,33,"JUDr. Markéta Vaňková, primátorka: Tak poprosím pana vedoucího.",0,f5c65d180b769ffd
marketa-vankova,Z9/15,33,"JUDr. Markéta Vaňková, primátorka: Ještě nějaké dotazy? Pokud nejsou, tak můžeme přistoupit k hlasování. Zahajuju hlasování: Hlasování č. 52: 39 - 0 - 10 - 4",0,f5c65d180b769ffd
marketa-vankova,Z9/15,34,"JUDr. Markéta Vaňková, primátorka: Tak, děkuji za podnět, poprosím pak zpracovatele, pana vedoucího Hlouška, aby se na to podíval a, a případně pak tedy uvedl do souladu. Děkuji. Nikdo další není přihlášený, tak zahajuji hlasování: Hlasování č. 57: 46 - 0 - 4 - 2",0,f5c65d180b769ffd
marketa-vankova,Z9/15,40,"JUDr. Markéta Vaňková, primátorka: Nikdo další není přihlášený, zahajuji hlasování: Hlasování č. 67: 47 - 5 - 0 - 1",0,f5c65d180b769ffd
marketa-vankova,Z9/15,44,"JUDr. Markéta Vaňková, primátorka: A jenom upozorňuji, že Vám byl rozdán dodatek tadyktomuto bodu, který obsahuje i jiný návrh usnesení. Pan zastupitel Zemek.",2,f5c65d180b769ffd
marketa-vankova,Z9/15,45,"JUDr. Markéta Vaňková, primátorka: Tak poprosím předat ten návrh písemně. Paní náměstkyně Podivinská s reakcí.",2,f5c65d180b769ffd
marketa-vankova,Z9/15,46,"JUDr. Markéta Vaňková, primátorka: A vidím někoho z veřejnosti.",0,f5c65d180b769ffd
marketa-vankova,Z9/15,47,"JUDr. Markéta Vaňková, primátorka: Tak. V tuto chvíli to vypadá, že nikdo další už není přihlášený do diskuse, ani z řad zastupitelů, ani z řad veřejnosti. Máme tady tedy návrhy na doplněné usnesení, takže budeme nejprve hlasovat o tom návrhu, který předložil pan zastupitel Zemek. A je to návrh usnesení, že Zastupitelstvo města Brna vyjímá bytové domy Ibsenova 9, 10, 11, Brno, z toho „Seznamu bytových a rodinných domů, které budou připraveny k prodeji“. Celé to usnesení máte vlastně v tom původním materiálu a bylo to pod tím č. 3 - jiné. Takže vlastně celý ten odstavec, který tam byl takto původně navržen, tak o tom budeme nyní hlasovat. A je to, opakuji, návrh pana zastupitele Zemka. Takže zahajuji hlasování: Hlasování č. 72: 11 - 1 - 21 - 15",2,f5c65d180b769ffd
marketa-vankova,Z9/15,47,"JUDr. Markéta Vaňková, primátorka: Návrh nebyl přijat. A nyní budeme hlasovat tedy o tom návrhu usnesení, který byl v doplňku, s úpravou v č. 2, kde je - vyzývá městskou část Brno-sever k bezodkladné opravě bytového domu, tak tam bude k bezodkladné rekonstrukci bytového domu. A to je na základě návrhu paní náměstkyně. Takže. Pan starosta Maleček ještě, před hlasováním.",2,f5c65d180b769ffd
marketa-vankova,Z9/15,47,"JUDr. Markéta Vaňková, primátorka: Jo, jo, jo. Je to, je to tak. V tom návrhu usnesení, v písemném, které je, který je, není specifikováno, v kterém bodě, a je tady, obecně, že slovo oprava se nahrazuje slovem rekonstrukce. Takže, ve všech částech usnesení, kde je to takto použito. A to byla jenom moje, moje chyba, že já jsem si to tady zaškrtla, v té 2, protože mně na to první padly oči. Takže všude, kde je v usnesení oprava, bude to nahrazeno slovem rekonstrukce. Tak. Takže s touto úpravou zahajuji hlasování: Hlasování č. 73: 34 - 1 - 10 - 4",2,f5c65d180b769ffd
marketa-vankova,Z9/15,48,"JUDr. Markéta Vaňková, primátorka - nechala opětovně hlasovat o přijetí usnesení k bodu 71).",0,f5c65d180b769ffd
marketa-vankova,Z9/15,49,"JUDr. Markéta Vaňková, primátorka: Není nikdo přihlášený, jo, pardon, tak pan zastupitel Kment se přihlásil, takže končím hlasování: Hlasování č. 78: Neplatné hlasování",0,f5c65d180b769ffd
marketa-vankova,Z9/15,49,"JUDr. Markéta Vaňková, primátorka: Ale, pro, jako nehlasujeme, probíhá diskuse. Pan zastupitel Kment.",0,f5c65d180b769ffd
marketa-vankova,Z9/15,50,"JUDr. Markéta Vaňková, primátorka: Tak. Ještě se hlásí kolegové, pan náměstek, a i pan radní, ale máme 10:31. Tak jenom nevím, bude to krátké, nebo to? A eště se hlásí pan zastupitel Koláčný. To znamená přestávka, potkáme se v 11 hod.",0,f5c65d180b769ffd
marketa-vankova,Z9/15,50,"JUDr. Markéta Vaňková, primátorka: Přihlášený je pan náměstek Černý.",0,f5c65d180b769ffd
marketa-vankova,Z9/15,51,"JUDr. Markéta Vaňková, primátorka: Není už nikdo další přihlášený, takže asi diskuse je v tuto chvíli u konce. Takže můžeme přistoupit k hlasování usnesení, tak jak bylo navrženo, po, protože, pokud se nemýlím, tak v průběhu diskuse nepadl žádný jiný návrh. Takže zahajuji hlasování: Hlasování č. 79: 40 - 5 - 7 - 0",2,f5c65d180b769ffd
marketa-vankova,Z9/15,52,"JUDr. Markéta Vaňková, primátorka: A zvlášť i 2., zvlášť i 3., nebo 2., 3. dohromady?",0,f5c65d180b769ffd
marketa-vankova,Z9/15,52,"JUDr. Markéta Vaňková, primátorka: Hm, děkuju. Tak. Někdo další něco do diskuse? Pokud ne, tak budeme hlasovat. A budeme tedy hlasovat postupně, takže nejprve budeme hlasovat o usnesení pod č. 1 - bere na vědomí. Zahajuji hlasování: Hlasování č. 80: 48 - 0 - 3 - 1",0,f5c65d180b769ffd
marketa-vankova,Z9/15,52,"JUDr. Markéta Vaňková, primátorka: Usnesení bylo přijato. Nyní budeme hlasovat o usnesení pod č. 2 - schvaluje, a to o 1. a 4. odrážce, to znamená, schvaluje dohodu o narovnání a schvaluje nabytí komunikační stavby. Zahajuji hlasování: Hlasování č. 81: 49 - 0 - 2 - 1",0,f5c65d180b769ffd
marketa-vankova,Z9/15,52,"JUDr. Markéta Vaňková, primátorka: Usnesení bylo přijato. A nyní budeme hlasovat o č. 2 – schvaluje, a odrážky 2 a 3, to znamená, schvaluje prodej pozemku 288/12 a prodej pozemku 288/6 a tak dále. Zahajuji hlasování: Hlasování č. 82: 44 - 0 - 6 - 2",0,f5c65d180b769ffd
marketa-vankova,Z9/15,53,"JUDr. Markéta Vaňková, primátorka - navrhla společné hlasování o bodech 76) - 82) vztahujících se k návrhům prodejů pozemků a částí pozemků.",6,f5c65d180b769ffd
marketa-vankova,Z9/15,53,"JUDr. Markéta Vaňková, primátorka - přistoupila ke společnému hlasování o bodech 76) - 80).",0,f5c65d180b769ffd
marketa-vankova,Z9/15,55,"JUDr. Markéta Vaňková, primátorka - navrhla společně hlasovat o bodech 83) - 86) vztahujících se k návrhům nabytí pozemků a částí pozemků.",6,f5c65d180b769ffd
marketa-vankova,Z9/15,56,"JUDr. Markéta Vaňková, primátorka - navrhla společné hlasování o bodech 87) - 101) vztahujících se k návrhům na bezúplatné nabytí pozemků, vyjma bodu 98), který byl stažen.",6,f5c65d180b769ffd
marketa-vankova,Z9/15,60,"JUDr. Markéta Vaňková, primátorka – navrhla společně hlasovat o bodech 103) - 106) vztahujících se k nabídkám předkupních práv ke stavbám.",4,f5c65d180b769ffd
marketa-vankova,Z9/15,64,"JUDr. Markéta Vaňková, primátorka - prohlásila hlasování za zmatečné a nechala opětovně hlasovat o přijetí usnesení k bodu 111).",0,f5c65d180b769ffd
marketa-vankova,Z9/15,65,"JUDr. Markéta Vaňková, primátorka - navrhla společné hlasování o bodech 114) - 121) vztahujících se k návrhům dodatků ke smlouvám o spolupráci při výstavbách veřejných infrastruktur.",6,f5c65d180b769ffd
marketa-vankova,Z9/15,65,"JUDr. Markéta Vaňková, primátorka - přistoupila ke společnému hlasování o bodech 114) - 118).",0,f5c65d180b769ffd
marketa-vankova,Z9/15,67,"JUDr. Markéta Vaňková, primátorka - přistoupila ke společnému hlasování o bodech 120) a 121).",0,f5c65d180b769ffd
marketa-vankova,Z9/15,68,"JUDr. Markéta Vaňková, primátorka: Nikdo další není přihlášený do diskuse, takže zahajuji hlasování: Hlasování č. 101: 50 - 0 - 0 - 2",0,f5c65d180b769ffd
marketa-vankova,Z9/15,69,"JUDr. Markéta Vaňková, primátorka: Ano, budeme reagovat písemně. Paní zastupitelka Flamiková.",0,f5c65d180b769ffd
marketa-vankova,Z9/15,69,"JUDr. Markéta Vaňková, primátorka: Tak reakce, pan radní Bořecký senior.",0,f5c65d180b769ffd
marketa-vankova,Z9/15,71,"JUDr. Markéta Vaňková, primátorka: Tak, co se týče toho prvního dotazu, bude odpovězeno písemně, a druhý dotaz, na Bytový odbor, asi, předpokládám, také. Ano. Tak. Pan zastupitel Kment.",0,f5c65d180b769ffd
marketa-vankova,Z9/15,72,"JUDr. Markéta Vaňková, primátorka: Tak. Tady si dovolím zareagovat já. Někteří kolegové, kteří se mnou na toto téma již jednali, tak ví, že na téma parkovací dům na Žlutém kopci jsem více než citlivá. A skutečně si myslím, že i kdyby tam ta kapacita byla větší, tak bude využívána. A bude využívána skutečně těmi lidmi, kteří to potřebují. A já skutečně po několika složitých jednáních s vedením Masarykova onkologického ústavu nechci vést debatu o tom, jestli parkovací místa na tom místě, kde mají vzniknout, jsou, nebo nejsou potřeba. A přála bych nám, všem, abychom nemuseli tam jezdit a jezdit tam městskou hromadnou dopravou, jak mě to taky někdo navrhoval. Takže, poprosím, tadyutohoto tématu zůstaňte, nebo snažte se být empatičtí, pro koho ta místa jsou určena. A neveďme tady politické, nebo klidně veďme, ale každý si sáhněte do svědomí, jestli chcete véct politickou debatu o tom, jestli nepodporujeme zbytečně motoristy. Pan náměstek Černý.",0,f5c65d180b769ffd
marketa-vankova,Z9/15,74,"JUDr. Markéta Vaňková, primátorka: Není nikdo další přihlášený a já můžu pouze konstatovat, že z příspěvků některých zastupitelů je mně skutečně smutno.",0,f5c65d180b769ffd
marketa-vankova,Z9/15,74,"JUDr. Markéta Vaňková, primátorka, ukončila zasedání Zastupitelstva města Brna (ve 12:00 hod.).",0,f5c65d180b769ffd
marketa-vankova,Z9/13,1,"Zasedání zahájila a řídila primátorka města Brna JUDr. Markéta Vaňková (dále jen JUDr. Markéta Vaňková, primátorka).",0,1f55fba1fd91456a
marketa-vankova,Z9/13,1,"JUDr. Markéta Vaňková, primátorka, upozornila na skutečnost, že jednání Zastupitelstva města Brna je audiovizuálně přenášeno prostřednictvím internetových stránek města a přenos je zaznamenáván, archivován a následně bude zveřejněn.",4,1f55fba1fd91456a
marketa-vankova,Z9/13,1,"JUDr. Markéta Vaňková, primátorka, sdělila, že při prezenci členové Zastupitelstva města Brna obdrželi: • materiál k bodu 10), který byl dne 11. 12. 2023 vložen na chráněné internetové datové úložiště • další doplněk k bodu 7), který byl dne 11. 12. 2023 vložen na chráněné internetové datové úložiště • poslední doplněk k bodu 7), který byl dne 12. 12. 2023 vložen na chráněné internetové datové úložiště • doplněk k bodu 9), který byl dne 11. 12. 2023 vložen na chráněné internetové datové úložiště • doplněk k bodu 14), který byl dne 11. 12. 2023 vložen na chráněné internetové datové úložiště • doplněk k bodu 49), který byl dne 11. 12. 2023 vložen na chráněné internetové datové úložiště • Výpis usnesení Finančního výboru Zastupitelstva města Brna k bodům projednávaným na tomto zasedání, který byl dne 11. 12. 2023 vložen na chráněné internetové datové úložiště",0,1f55fba1fd91456a
marketa-vankova,Z9/13,2,"Schválení programu zasedání Zastupitelstva města Brna č. Z9/13 JUDr. Markéta Vaňková, primátorka, zdůvodnila tyto změny programu:",0,1f55fba1fd91456a
marketa-vankova,Z9/13,2,"JUDr. Markéta Vaňková, primátorka, nechala hlasovat o návrzích na změny v programu zasedání Zastupitelstva města Brna, které uvedla v rámci Technického bodu.",-3,1f55fba1fd91456a
marketa-vankova,Z9/13,2,"JUDr. Markéta Vaňková, primátorka – vyzvala přítomné členy Zastupitelstva města Brna k vznesení případných dalších návrhů na změny v programu zasedání.",2,1f55fba1fd91456a
marketa-vankova,Z9/13,3,"JUDr. Markéta Vaňková, primátorka – sdělila, že bod č. 10) byl projednán na mimořádné schůzi Rady města Brna dne 11. 12. 2023, a vzhledem k časové tísni je žádoucí bod projednat na dnešním zasedání Zastupitelstva města Brna. Poté přistoupila k hlasování o návrhu doc. MUDr. Tomáše Skřikčky, CSc., na stažení bodu č. 10) z programu jednání: Hlasování č. 4: 8 - 8 - 24 - 11",2,1f55fba1fd91456a
marketa-vankova,Z9/13,7,"Úvodem JUDr. Markéta Vaňková, primátorka, uvedla, že členové Zastupitelstva města Brna k tomuto bodu obdrželi materiál včetně platného volebního řádu pro veřejnou volbu provedenou hlasovacím zařízením. JUDr. Markéta Vaňková, primátorka – nejprve nechala hlasovat o 1. části usnesení dle předloženého materiálu k bodu 4) ve znění: Zastupitelstvo města Brna bere na vědomí - rezignaci Bc. Matěje Hollana na funkci člena Kontrolního výboru Zastupitelstva města Brna ke dni 15. 11. 2023, - Volební řád pro volbu neuvolněných předsedů, místopředsedů a členů výborů Zastupitelstva města Brna schválený na Z9/02. zasedání Zastupitelstva města Brna konaném dne 15. 11. 2022: Hlasování č. 6: 48 - 0 - 0 - 3",-3,1f55fba1fd91456a
marketa-vankova,Z9/13,7,"JUDr. Markéta Vaňková, primátorka, upozornila, že podle čl. 5 odst. 2 Volebního řádu pro volbu neuvolněných předsedů, místopředsedů a členů výborů Zastupitelstva města Brna členem volební komise nemůže být kandidát na funkce volené dle tohoto volebního řádu. Poté vyzvala přítomné členy Zastupitelstva města Brna k podání návrhů na členy volební komise. Ing. Jana Drápalová navrhla Bc. Matěje Hollana, JUDr. Jiří Oliva, člen Rady města Brna, navrhl Mgr. Bc. Marka Viskota, doc. MUDr. Tomáš Skřička, CSc., navrhl Mgr. Bc. Blanku Borovskou. JUDr. Markéta Vaňková, primátorka, nechala o návrzích na členy volební komise hlasovat.",10,1f55fba1fd91456a
marketa-vankova,Z9/13,7,"Volba členky/člena Kontrolního výboru Zastupitelstva města Brna JUDr. Markéta Vaňková, primátorka, upozornila, že o usnesení se nehlasuje, je to konstatování výsledků uskutečněné volby, a požádala předsedu volební komise, aby se v souladu s volebním řádem ujal řízení volby.",8,1f55fba1fd91456a
marketa-vankova,Z9/13,7,"JUDr. Markéta Vaňková, primátorka, zahájila hlasování o kandidátovi na člena Kontrolního výboru Zastupitelstva města Brna, Bc. Benjamínu Skálovi.",0,1f55fba1fd91456a
marketa-vankova,Z9/13,9,"JUDr. Markéta Vaňková, primátorka: Děkujeme za názor a vítáme paní Burešovou.",0,1f55fba1fd91456a
marketa-vankova,Z9/13,10,"JUDr. Markéta Vaňková, primátorka: Pan starosta ještě bude reagovat.",0,1f55fba1fd91456a
marketa-vankova,Z9/13,10,"JUDr. Markéta Vaňková, primátorka: Rozpočet budeme projednávat pod bodem 14), takže můžete vznášet svoje návrhy na změnu rozpočtu v tomto bodě. Poprosím dalšího občana. Tak vypadá to, že nikdo další není přihlášený, nebo nechce promluvit, to znamená, ukončuji projednání bodu č. 2) a budeme pokračovat bodem č. 5).",2,1f55fba1fd91456a
marketa-vankova,Z9/13,12,"JUDr. Markéta Vaňková, primátorka: Jo. Tak poprosím asi právní pomoc.",0,1f55fba1fd91456a
marketa-vankova,Z9/13,12,"JUDr. Markéta Vaňková, primátorka: Jo, děkuji, spíš, dobře, to děkuju, ale spíš mně jde o to, jestli je technicky možné tomuto návrhu vyhovět? Z mého pohledu, to, že bude budou mluvit starostové opakovaně, bez omezení času, tak pokud si to odsouhlasíme, to je v pořádku. Ale jenom nevím, jestli součástí toho návrhu bylo i jako kdyby přednost před zastupiteli, a to je ta technická věc, kterou bychom, podle mě, neuměli, protože vlastně bychom neuměli zajistit to, kdo se přihlásil jako dříve, pokud já budu mít přihlášené zastupitele. Ale to nevím, jestli k tomu to taky směřovalo, nebo ne. Nesměřovalo. Dobře. Nebo, paní zastupitelka Drápalová, jestli to chce doplnit?",2,1f55fba1fd91456a
marketa-vankova,Z9/13,12,"JUDr. Markéta Vaňková, primátorka: Dobře, děkuju. Tak. Procedurální návrh vnímám a ještě se hlásí pan starosta Vondra, tak mu dám slovo. Uvidíme, co bude on navrhovat, že bychom třeba hlasovali dohromady.",2,1f55fba1fd91456a
marketa-vankova,Z9/13,12,"JUDr. Markéta Vaňková, primátorka: Dobře, děkuju. Takže budeme hlasovat o tom procedurálním návrhu, to znamená, aby starostové městských částí v tomto bodu mohli vystupovat opakovaně a bez časového limitu. Zahajuji hlasování: Hlasování č. 14: 38 - 0 - 5 - 11",2,1f55fba1fd91456a
marketa-vankova,Z9/13,12,"JUDr. Markéta Vaňková, primátorka: Takže návrh byl schválen. Tak, a nyní tedy pan starosta Vondra do diskuse.",2,1f55fba1fd91456a
marketa-vankova,Z9/13,14,"JUDr. Markéta Vaňková, primátorka: Poprosím další příspěvky do diskuse. Pan starosta Levíček.",0,1f55fba1fd91456a
marketa-vankova,Z9/13,16,"JUDr. Markéta Vaňková, primátorka: Nemám v tuto chvíli nikoho přihlášeného. Paní starostka Drápalová.",0,1f55fba1fd91456a
marketa-vankova,Z9/13,18,"JUDr. Markéta Vaňková, primátorka: Budu s tím počítat. A teď jenom poprosím s reakcí pana radního Bořeckého. A pak Tomáš.",0,1f55fba1fd91456a
marketa-vankova,Z9/13,19,"JUDr. Markéta Vaňková, primátorka: Pokud to má být návrh, o kterém máme hlasovat, tak, tak si myslím, mně tady teď hezky našeptává pan tajemník, že to asi takhle rychle nejde připravit, ale samozřejmě ta možnost je, takže případně bychom o tom měli hlasovat, tak nějak nadefinovat lépe. A jinak to spíš bereme jako podnět pro nějaké přemýšlení. Ale pan zastupitel Koláčný to chce doplnit?",2,1f55fba1fd91456a
marketa-vankova,Z9/13,19,"JUDr. Markéta Vaňková, primátorka: Jasně, děkuji. Pan zastupitel Bořecký, radní Bořecký, pardon.",0,1f55fba1fd91456a
marketa-vankova,Z9/13,20,"JUDr. Markéta Vaňková, primátorka: Zase se zeptám, jestli je to jenom nějaký podnět, nebo jestli budete chtít, aby se o tomto návrhu hlasovalo? Pokud hlasovalo, tak poprosím písemně.",2,1f55fba1fd91456a
marketa-vankova,Z9/13,20,"JUDr. Markéta Vaňková, primátorka: Jo, ano, pardon, pardon, ano. Já už, já, jak často mluvíte, tak já už Vás považuju za součást zastupitelstva.",0,1f55fba1fd91456a
marketa-vankova,Z9/13,20,"JUDr. Markéta Vaňková, primátorka: Jasně. Ale, ale Vy jste, ale Vy jste to říkal i na začátku, že by si to případně někdo osvojil. Takže se omlouvám.",0,1f55fba1fd91456a
marketa-vankova,Z9/13,20,"JUDr. Markéta Vaňková, primátorka: Jasně. Tak uvidíme, jestli si to někdo osvojí. Tak. Děkuji. Nevidím teď žádného přihlášeného, ale samozřejmě pořád můžeme diskusi vést. Jo, vidím tam, Pepa Haluza? Vidím dobře?",0,1f55fba1fd91456a
marketa-vankova,Z9/13,21,"JUDr. Markéta Vaňková, primátorka: Tak. Dávám prostor pro další vyjádření. Pan zastupitel Zemek.",0,1f55fba1fd91456a
marketa-vankova,Z9/13,21,"JUDr. Markéta Vaňková, primátorka: Tak. Někdo další? Pokud ne, tak jsem vnímala, paní starostka Drápalová se hlásí, chtěla jsem jenom říct, že jsem vnímala, že jste šla k pul, tady k pultíku, k právní poradě, takže předpokládám, že jste dávala písemný návrh nějakého protinávrhu. Ale asi to chcete ještě nějak doplnit?",2,1f55fba1fd91456a
marketa-vankova,Z9/13,22,"JUDr. Markéta Vaňková, primátorka: Tak. Dobře. Zeptám se, jestli ještě někdo chce debatovat? Vypadá to, že ne. Takže budeme pomalu směřovat k hlasování. Nejprve budeme hlasovat o protinávrzích, a to v pořadí, jak byly předloženy. To znamená, první protinávrh je od pana starosty Vondry. Já ho přečtu. Ten návrh protiusnesení zní – Zastupitelstvo města Brna nesouhlasí s návrhem obecně závazné vyhlášky statutárního města Brna, kterou se mění a doplňuje obecně závazná vyhláška statutárního města Brna č. 20/2001, kterou se vydává Statut města Brna, ve znění pozdějších vyhlášek, a požaduje změnit návrh obecně závazné vyhlášky tak, aby působnost obecního stavebního úřadu I. stupně vykonávaly městské části a odvolacím orgánem byl Magistrát města Brna. Takže nyní hlasujeme o tomto protinávrhu pana starosty Vondry. Zahajuji hlasování: Hlasování č. 15: 11 - 2 - 18 - 23",2,1f55fba1fd91456a
marketa-vankova,Z9/13,22,"JUDr. Markéta Vaňková, primátorka: Návrh nebyl schválen. Nyní budeme hlasovat o protinávrhu paní starostky Drápalové. A je to tedy usnesení, které zní – v čl. 21, odstavec 2, písmeno f), vypustit první 3 odrážky a v čl. 22, písmeno c), první odrážku doplnit, a to doplnění je – mimo les, vydává, jsou tam tečky předtím, a pokračuje to - mimo les, vydává závazné stanovisko ve věci kácení dřevin pro jednotné environmentální stanovisko. Tak toto usnesení, tento návrh usnesení. Zahajuju hlasování: Hlasování č. 16: 12 - 0 - 18 - 24",2,1f55fba1fd91456a
marketa-vankova,Z9/13,22,"JUDr. Markéta Vaňková, primátorka: Kdo je pro, kdo je proti, kdo se zdržel? Paní starostko, Vy se hlásíte, nebo to byl omyl? Jo. Dobře. Tak, tak se odhlaste, prosím, jestli to pujde. Jo. Výborně. Tak. Teď nevím, jestli jsem to říkala, kdo je pro, kdo je proti, kdo se zdržel? Končím hlasování. Pro 12, proti nikdo, zdrželo se 18. Návrh nebyl schválen. Takže protinávrhy máme procesně vyřešeny a nyní tedy můžeme hlasovat o návrhu usnesení, tak jak bylo předloženo v písemném materiálu. Zahajuji hlasování: Hlasování č. 17: 37 - 7 - 7 - 3",2,1f55fba1fd91456a
marketa-vankova,Z9/13,23,"JUDr. Markéta Vaňková, primátorka: Apel na odbor. Jak už jsem říkala při schvalování programu, byli jsme v určitém časovém presu, samozřejmě pro všechny zastupitele by bylo komfortnější, abychom materiály tohoto typu měli s dostatečným předstihem. My jsme to projednávali včera na mimořádné radě, takže prosba na kolegy, když to jenom trošku půjde, myslím tím na kolegy z odboru, příště předkládat tyto materiály dříve. Někdo další do diskuse? Není tomu tak, tak přistoupíme k hlasování. Zahajuji hlasování: Hlasování č. 20: 44 - 0 - 3 - 7",0,1f55fba1fd91456a
marketa-vankova,Z9/13,24,"JUDr. Markéta Vaňková, primátorka: Tady si dovolím úplně krátký úvod, krátké shrnutí. Tento materiál, samozřejmě tradiční, každoroční, na posledním zasedání Zastupitelstva města Brna, se věnuje návrhu rozpočtu na příští rok. Je navrženo zabývat se samozřejmě celkovými zdroji a výdaji celého statutárního města Brna, tady navrhujeme částku přibližně 21.000.000.000 Kč. Zároveň se dal, daný materiál zabývá i rozpočtem samotného města Brna, to znamená bez městských částí, a to s celkovými zdroji a výdaji v objemu přibližně 19.500.000.000 Kč. Chtěla bych konstatovat, že vedení města Brna se návrhem rozpočtu intenzivně zabývalo již od měsíce září, návrh rozpočtu byl následně projednán a schválen Radou města Brna 22. listopadu. Při sestavování rozpočtu jsme zejména brali v úvahu aktuální ekonomickou situaci celé republiky, kdy jsme vnímali ne úplně příznivé trendy, z tohoto důvodu jsme tedy do rozpočtu navrhli vytvoření rezervy ve výši 500.000.000 Kč. Samozřejmě stejně tak jako letošní rok budeme i v příštím roce průběžně vyhodnocovat ekonomický vývoj, a to zejména vývoj daňových výnosů. Připomněla bych, že v souladu s jednotlivými rozhodnutími Zastupitelstva města Brna v průběhu roku jsme se pro rok 2023 dostali v položce daňových výnosů na částku 15.000.000.000. I z tohoto důvodu jsme do příštího roku, do rozpočtu 2024 navrhli částku daňových výnosů 15.300.000.000 Kč. A to, jak už jsem řekla, s ohledem na očekávaný vývoj české ekonomiky. Mohu konstatovat, že v návrhu rozpočtu 2024 máme nárůst běžných výdajů, a to přibližně o 1.000.000.000 Kč, což činí procentuálně 7,6 %. Samozřejmě ty jednotlivé položky jsou okomentovány v rozpočtu, já bych asi zmínila, že nejvýznamnější nárůst z této částky se týká transferu městským, městským částem, a to ve výši 377.000.000 Kč. Výrazně jsme také posílili výdaje na opravy komunikací, a to o částku 155.000.000 Kč. Dále bych chtěla konstatovat ve vztahu ke kapitálovým výdajům, že je zachován vysoký podíl kapitálových výdajů, a to ve výši 29,1 %. Velká část výdajů je pokryta z vlastních zdrojů, zároveň ale počítáme s úvěrem ve výši",4,1f55fba1fd91456a
marketa-vankova,Z9/13,25,"JUDr. Markéta Vaňková, primátorka: A teď už tedy přihlášení do diskuse. Paní zastupitelka Flamiková.",0,1f55fba1fd91456a
marketa-vankova,Z9/13,26,"JUDr. Markéta Vaňková, primátorka: Ano, poprosím o předání toho písemného návrhu. A pan zastupitel Hollan.",2,1f55fba1fd91456a
marketa-vankova,Z9/13,26,"JUDr. Markéta Vaňková, primátorka: Dobře, děkuji, poprosím paní JUDr. Doležalovou o, o právní pomoc. Je t, byl to návrh občanů, s tím, že bylo jasně nadefinováno, jaká částka má být založe, zařazena do rozpočtu, nebylo tam jednoznačně, určitě definováno, odkud tato částka má být, nebo která částka má být snížena. Nyní pan zastupitel Hollan navrhuje právě doplnění toho návrhu, to znamená snížení té rezervy, ve výši 500.000.000 Kč, o tu navrhovanou částku, která je něco málo přes 40.000.000. A dotaz procesně zní, jestli si má osvojit ten původní návrh, tu připomínku občana, a uplatnit to celé jako jeho návrh, nebo jestli to má pouze doplnit do toho návrhu občana.",2,1f55fba1fd91456a
marketa-vankova,Z9/13,26,"JUDr. Markéta Vaňková, primátorka: Dobře. Budeme k tomu tedy nadále nahlížet jako k návrhu, připomínce občana, s tím, že tam bylo doplnění z úrovně pana zastupitele Hollana, a takto o tom budeme hlasovat. Paní zastupitelka Flamiková.",2,1f55fba1fd91456a
marketa-vankova,Z9/13,26,"JUDr. Markéta Vaňková, primátorka: Dobře, jenom ať Vám to do toho nevpisuju, pojďte si to tam, prosím, dopsat vlastní rukou, ať to máte úplné, protože se to archivuje, ten písemný návrh, tak ať je to v pořádku. Tak, mezitím poprosím další příspěvky do diskuse. Paní zastupitelka Drápalová.",2,1f55fba1fd91456a
marketa-vankova,Z9/13,27,"JUDr. Markéta Vaňková, primátorka: Tak. Někdo další do diskuse k rozpočtu? Paní zastupitelka Flamiková.",0,1f55fba1fd91456a
marketa-vankova,Z9/13,27,"JUDr. Markéta Vaňková, primátorka: Někdo další do diskuse? Pokud tomu tak není, tak přistoupíme k hlasování. Nejprve budeme hlasovat o protinávrhu paní zastupitelky Flamikové, to znamená, je to návrh na usnesení, že zastupitelstvo schvaluje navýšení rozpočtu OŽP o 5.000.000 Kč, nové, v novém řádku, 492, Péče o stromy, schvaluje navýšení rozpočtu Veřejné zeleni města Brna o 3.000.000 Kč na péči o stromy, přičemž navrhuje tuto částku vzít z rezervy. Zahajuji hlasování: Hlasování č. 24: 11 - 1 - 18 - 24",2,1f55fba1fd91456a
marketa-vankova,Z9/13,28,"JUDr. Markéta Vaňková, primátorka: Usnesení nebylo přijato. A nyní budeme hlasovat o návrhu připomín, návrhu dle připomínky občanů, paní Procházkové, pana Horáka, pana Chlubného a pana Grygara. Připomínku jste všichni měli k dispozici v písemné podobě k danému bodu, s tím, že ten návrh byl - navrhuji zařadit do rozpočtu dorovnání platů v Národním divadle Brno na úroveň MDB, v částce 44.000.360, jo, 44.368.000, s tím, že to bude na úkor, a doplněno dle zastupitele Hollana, na úkor rezervy. Zahajuji hlasování: Hlasování č. 25: 9 - 2 - 19 - 24",2,1f55fba1fd91456a
marketa-vankova,Z9/13,28,"JUDr. Markéta Vaňková, primátorka: Návrh taktéž nebyl schválen. A nyní můžeme hlasovat o původním návrhu rozpočtu, tak jak byl v písemném materiálu, to znamená ve všech těch bodech, které, které byly, které byly v návrhu usnesení uvedeny, jako celku. Zahajuji hlasování: Hlasování č. 26: 41 - 2 - 10 - 1",2,1f55fba1fd91456a
marketa-vankova,Z9/13,28,"JUDr. Markéta Vaňková, primátorka: Usnesení byla přijata, návrh rozpočtu na rok 2024 byl schválen. Děkuji. 10:31, přestávka do 11:00. A ještě, pardon, pardon, paní předsedkyně finančního výboru něco před přestávkou?",2,1f55fba1fd91456a
marketa-vankova,Z9/13,28,"JUDr. Markéta Vaňková, primátorka: Děkuju moc. Já se k tomu samozřejmě přidávám a omlouvám se, že jsem tak neučinila přímo, sama. Děkuju všem z ORF.",0,1f55fba1fd91456a
marketa-vankova,Z9/13,30,"JUDr. Markéta Vaňková, primátorka – přistoupila k projednání bodu 15) dle schváleného programu zasedání.",0,1f55fba1fd91456a
marketa-vankova,Z9/13,32,"JUDr. Markéta Vaňková, primátorka: Nikdo další není přihlášený do diskuse, zahajuji hlasování: Hlasování č. 34: 41 - 0 - 6 - 0",0,1f55fba1fd91456a
marketa-vankova,Z9/13,34,"JUDr. Markéta Vaňková, primátorka: Ano, samozřejmě. Nějaké další podněty? Není tomu tak, tak budeme jednotlivě hlasovat o jednotlivých návrzích. Takže nyní budeme hlasovat o tom, že schvalujeme poskytnutí účelového neinvestičního příspěvku Divadlu Radost, ve výši 500.000. Zahajuju hlasování: Hlasování č. 39: 51 - 0 - 0 - 1",0,1f55fba1fd91456a
marketa-vankova,Z9/13,34,"JUDr. Markéta Vaňková, primátorka: Usnesení bylo přijato. A nyní, další, schvalujeme poskytnutí účelového neinvestičního příspěvku Knihovně Jiřího Mahena v Brně, ve výši taktéž 500.000 Kč. Zahajuji hlasování: Hlasování č. 40: 49 - 0 - 1 - 2",0,1f55fba1fd91456a
marketa-vankova,Z9/13,34,"JUDr. Markéta Vaňková, primátorka: Usnesení bylo přijato. A nyní budeme hlasovat o poskytnutí účelových neinvestičních příspěvků, neinvestičního příspěvku Centru experimentálního divadla, ve výši taktéž 500.000 Kč. Zahajuju hlasování: Hlasování č. 41: 45 - 5 - 1 - 1",0,1f55fba1fd91456a
marketa-vankova,Z9/13,34,"JUDr. Markéta Vaňková, primátorka: Usnesení bylo přijato. A nyní budeme hlasovat o té části 2, usnesení, to znamená, Zastupitelstvo města Brna schvaluje rozpočtové opatření dle tabulky, která tvoří přílohu daného zápisu, a to v podobě, tak jak byla předložena, protože všechny dílčí položky byly schváleny. Zahajuji hlasování: Hlasování č. 42: 46 - 0 - 6 - 0",0,1f55fba1fd91456a
marketa-vankova,Z9/13,40,"JUDr. Markéta Vaňková, primátorka: Zeptám se, jestli je tady pan ředitel Havránek? Jo, tak pane řediteli, jestli můžete nějak reagovat?",0,1f55fba1fd91456a
marketa-vankova,Z9/13,40,"JUDr. Markéta Vaňková, primátorka: Tak, nějaké další dotazy tadyktomuto, poměrně zásadnímu bodu? Pan zastupitel Lahoda.",0,1f55fba1fd91456a
marketa-vankova,Z9/13,40,"JUDr. Markéta Vaňková, primátorka: Tak, nevím, Peťo, chceš reagovat rovnou? Tak dám přednost panu radnímu Kratochvílovi, aby mohl reagovat.",0,1f55fba1fd91456a
marketa-vankova,Z9/13,42,"JUDr. Markéta Vaňková, primátorka: V tuto chvíli není nikdo další přihlášený do diskuse, nicméně za ni děkuji, za všechny ty podněty, protože skutečně, a myslím si, že mluvím za celé vedení města Brna, máme zájem na tom, aby se veřejná hromadná doprava rozvíjela. Vnímáme ten význam pro další rozvoj Brna, takže díky za všechny podněty. A myslím si, že, že to směřování máme ideově všichni stejné. Tak, zahajuji hlasování: Hlasování č. 57: 45 - 0 - 6 - 1",0,1f55fba1fd91456a
marketa-vankova,Z9/13,43,"JUDr. Markéta Vaňková, primátorka: Nějaké další příspěvky do diskuse? Nejsou, tak zahajuji hlasování: Hlasování č. 61: 45 - 0 - 7 - 0",0,1f55fba1fd91456a
marketa-vankova,Z9/13,44,"JUDr. Markéta Vaňková, primátorka – upozornila na doplněk, kterým se v původně navrženém usnesení nahrazuje slovní spojení za účelem tvorby Fondu kofinancování projektů slovním spojením za účelem zapojení Fondu kofinancování projektů.",4,1f55fba1fd91456a
marketa-vankova,Z9/13,44,"JUDr. Markéta Vaňková, primátorka: Nikdo další není přihlášený do diskuse, zahajuji hlasování: Hlasování č. 64: 42 - 0 - 6 - 4",0,1f55fba1fd91456a
marketa-vankova,Z9/13,46,"JUDr. Markéta Vaňková, primátorka – upozornila, že usnesení je navrženo variantně, přičemž Rada města Brna schválila variantu A, tudíž o ní nechala hlasovat.",1,1f55fba1fd91456a
marketa-vankova,Z9/13,49,"JUDr. Markéta Vaňková, primátorka – přistoupila k opětovnému hlasování o přijetí usnesení k bodu 60).",0,1f55fba1fd91456a
marketa-vankova,Z9/13,50,"JUDr. Markéta Vaňková, primátorka – navrhla společně hlasovat o bodech 63), 64) a 65) vztahujících se k návrhům Dohod o změně prohlášení vlastníka o vymezení jednotek v budovách. K hlasování o návrzích usnesení bylo přistoupeno bez rozpravy: Hlasování č. 77: 50 - 0 - 0 - 1",6,1f55fba1fd91456a
marketa-vankova,Z9/13,51,"JUDr. Markéta Vaňková, primátorka: Poprosím o reakce pana vedoucího Blažíka.",0,1f55fba1fd91456a
marketa-vankova,Z9/13,52,"JUDr. Markéta Vaňková, primátorka: Děkuji moc za toto vysvětlení. Myslím, že ten závěr byl zcela zásadní. Vždy to bude na rozhodnutí zastupitelstva. Tak. Někdo další do diskuse k tomuto bodu? Není tomu tak. Zahajuju hlasování: Hlasování č. 78: 45 - 4 - 1 - 1",0,1f55fba1fd91456a
marketa-vankova,Z9/13,52,"JUDr. Markéta Vaňková, primátorka – navrhla společné hlasování o bodech 68) – 71) vztahujících se k návrhům prodejů pozemků.",6,1f55fba1fd91456a
marketa-vankova,Z9/13,53,"JUDr. Markéta Vaňková, primátorka – navrhla společně hlasovat o bodech 72) – 78) vztahujících se k návrhům nabytí pozemků, části pozemku a spoluvlastnických podíků k pozemkům, k návrhům nabytí komunikačních staveb.",6,1f55fba1fd91456a
marketa-vankova,Z9/13,53,"JUDr. Markéta Vaňková, primátorka – přistoupila ke společnému hlasování o bodech 72) a 73).",0,1f55fba1fd91456a
marketa-vankova,Z9/13,54,"JUDr. Markéta Vaňková, primátorka – přistoupila ke společnému hlasování o bodech 75) - 78).",0,1f55fba1fd91456a
marketa-vankova,Z9/13,56,"JUDr. Markéta Vaňková, primátorka – navrhla společné hlasování o bodech 80) – 82) vztahujících se k záměru a návrhům bezúplatného nabytí pozemků.",6,1f55fba1fd91456a
marketa-vankova,Z9/13,59,"JUDr. Markéta Vaňková, primátorka – navrhla společně hlasovat o bodech 83), 84) a 85) vztahujících se k návrhům na uznání, a v bodu 85) neuznání, vlastnického práva k pozemkům.",6,1f55fba1fd91456a
marketa-vankova,Z9/13,61,"JUDr. Markéta Vaňková, primátorka – navrhla společné hlasování o bodech 86) – 95) vztahujících se k nabídkám předkupních práv ke stavbám.",4,1f55fba1fd91456a
marketa-vankova,Z9/13,66,"JUDr. Markéta Vaňková, primátorka: Děkuji za vysvětlení, pan zastupitel Kment.",0,1f55fba1fd91456a
marketa-vankova,Z9/13,67,"JUDr. Markéta Vaňková, primátorka: Dobře, nějaké další podněty do diskuse? Pokud nejsou, můžeme přistoupit k hlasování. Zahajuju hlasování: Hlasování č. 88: 30 - 11 - 2 - 8",0,1f55fba1fd91456a
marketa-vankova,Z9/13,75,"JUDr. Markéta Vaňková, primátorka: Někdo další do interpelací? Paní zastupitelka Flamiková.",2,1f55fba1fd91456a
marketa-vankova,Z9/13,76,"JUDr. Markéta Vaňková, primátorka: Pan radní Kratochvíl s reakcí.",0,1f55fba1fd91456a
marketa-vankova,Z9/13,77,"JUDr. Markéta Vaňková, primátorka: Ještě reakce pan radní Kratochvíl.",0,1f55fba1fd91456a
marketa-vankova,Z9/13,77,"JUDr. Markéta Vaňková, primátorka: Potvrzuji to, co říkal pan radní teď, v té poslední větě, včera jsme na toto téma hovořili. I mě to trápí. Zároveň platí to, co říkal před chvílí pan náměstek Černý, prostě městských policistů máme výrazně méně, než bychom si přáli, než bychom potřebovali. Je to i o nějakých prostě vnímání těch samotných lidí. Samozřejmě městská policie může pokutovat, může zasahovat, ale prvotně by měl každý, sám v sobě, který to vozidlo používá, tak si nějak nastavit nějaká vnitřní pravidla nějakého slušného zacházení. To se nám asi taky nepodaří jenom prostřednictvím nějakých restrikcí. Pan zastupitel Prýgl.",0,1f55fba1fd91456a
marketa-vankova,Z9/13,78,"JUDr. Markéta Vaňková, primátorka: Děkuji za doplnění, paní zastupitelka Drápalová.",0,1f55fba1fd91456a
marketa-vankova,Z9/13,78,"JUDr. Markéta Vaňková, primátorka: Jo, děkuji moc, paní starostko, já to samozřejmě vítám, tadytoto. My už jsme první várku těch městských strážníků, kteří dostanou k dispozici nájem obecního bytu, vybírali, já nevím, pár týdnů zpátky, bylo to 6, nebo 7 strážníků městské policie. Intenzivně na tom spolupracujeme s panem ředitelem městské policie, který vybírá skutečně ty osoby, které to skutečně potřebují a které to udrží u městské policie v Brně. Samozřejmě čím víc těch bytů budeme mít k dispozici, tím víc budeme moci strážníkům nabídnout. Takže za tu nabídku Vaši, konkrétně, děkuji. Samozřejmě paní vedoucí Marešové to poslouchá, takže nechám na ní, jestli bude oficiálně obesílat všechny městské části. Pokud Vy se o tom bavíte, paní starostko, pravidelně, tak jak říkáte, tak prostě budeme rádi, když tadytento postup koordinovaný bude. Protože vnímáme, že to samozřejmě pomáhá, všichni asi, předpokládám, že vnímáte, že jsme navýšili rozpočet městské policie právě proto, abychom mohli všem strážníkům, průřezově, to znamená všem, všem dát měsíčně 5.000 Kč právě jako příspěvek na bydlení. Ale ty byty navíc, pro některé z nich, samozřejmě to nemůže být pro všechny, jsou velkým benefitem, aby nám ti strážníci neodcházeli do těch menších měst, nebo do Prahy, kde, kde ty nabídky městské policie jsou výrazně lepší. Takže, takže tak činíme a děkuju za tu Vaši nabídku. Pan zastupitel Lahoda.",0,1f55fba1fd91456a
marketa-vankova,Z9/13,79,"JUDr. Markéta Vaňková, primátorka: Tak to krásný dotaz, bude Vám odpověděn písemně. Jenom pro všechny, omlouvám pana ředitele městské policie, který je nemocen, bohužel ani jeho zástupce, který tady původně měl být, tady z vážných rodinných důvodů také není. Takže to jenom pro vysvětlenou, proč nereaguje nikdo z městské policie. Ale já, za sebe, opakovaně říkám, za ty roky, které mám tu možnost spolupracovat nejen s panem ředitelem městské policie, ale vnímat tu činnost městské policie, tak si samozřejmě myslím, že, nebo jsem přesvědčena o tom, že ta jejich činnost je vykonávána perfektně. Samozřejmě může dojít k nějakým individuálním výjimkám, ale jako obecně fungování naší brněnské městské policie, si myslím, že, že je na velmi dobré úrovni. A myslím si, že není důvod k nějakým výrazným nespokojenostem z toho, že oni by činili něco špatně. Jsou tam skutečně jiné aspekty, o kterých jsme tady hovořili, které je potřeba zohledňovat. Ale strážníci, jako takoví, to nemají jednoduché a činí, si myslím, skutečně maximum možného. Ale Vám, konkrétně, na Váš dotaz, co činí, bude odpovězeno. Pan zastupitel Skřička.",0,1f55fba1fd91456a
marketa-vankova,Z9/13,79,"JUDr. Markéta Vaňková, primátorka: Vypadá to, že už nikdo další není přihlášený. Já tedy zopakuju, dnes v 5 hod., v Křížové chodbě, budu se těšit na setkání s Vámi, se všemi. A také se připojuji ke kolegům, pokud bychom se neviděli, tak Vám všem přeji zejména klidné svátky v kruhu rodinném či Vašich blízkých a do nového roku hlavně zdraví. A děkuji Vám za spolupráci v celém roce 2023 a budu se těšit na spolupráci v roce příštím.",0,1f55fba1fd91456a
marketa-vankova,Z9/13,80,"JUDr. Markéta Vaňková, primátorka, ukončila zasedání Zastupitelstva města Brna (ve 12:50 hod.).",0,1f55fba1fd91456a
marketa-vankova,Z9/17,1,"Zasedání zahájila a řídila primátorka města Brna JUDr. Markéta Vaňková (dále jen JUDr. Markéta Vaňková, primátorka).",0,7ebec469c9c23f69
marketa-vankova,Z9/17,1,"JUDr. Markéta Vaňková, primátorka, upozornila na skutečnost, že jednání Zastupitelstva města Brna je audiovizuálně přenášeno prostřednictvím internetových stránek města a přenos je zaznamenáván, archivován a následně bude zveřejněn.",4,7ebec469c9c23f69
marketa-vankova,Z9/17,1,"JUDr. Markéta Vaňková, primátorka, sdělila, že při prezenci členové Zastupitelstva města Brna obdrželi: • materiál k nově navrženému bodu 107), který byl dne 13. 5. 2024 vložen na chráněné internetové datové úložiště • Informativní zprávu – Podání adresovaná Zastupitelstvu města Brna, která byla dne 13. 5. 2024 včetně vlastních podání vložena na chráněné internetové datové úložiště. Podání ZMB byla rovněž k dispozici v listinné formě ve složce „K nahlédnutí pro členy ZMB“ v jednacím sálu • Výpis usnesení Finančního výboru Zastupitelstva města Brna k bodům projednávaným na tomto zasedání, který byl dne 13. 5. 2024 vložen na chráněné internetové datové úložiště • Informace o hlasování členů RMB neuvedené v předložených materiálech k bodům programu ZMB č. Z9/17",0,7ebec469c9c23f69
marketa-vankova,Z9/17,2,"Schválení programu zasedání Zastupitelstva města Brna č. Z9/17 JUDr. Markéta Vaňková, primátorka, zdůvodnila tyto změny programu:",0,7ebec469c9c23f69
marketa-vankova,Z9/17,2,"JUDr. Markéta Vaňková, primátorka, nechala hlasovat o návrzích na změny v programu zasedání Zastupitelstva města Brna, které uvedla v rámci Technického bodu.",-3,7ebec469c9c23f69
marketa-vankova,Z9/17,2,"Poté se JUDr. Markéta Vaňková, primátorka, dotázala, zda jsou nějaké další návrhy na změny v programu zasedání.",6,7ebec469c9c23f69
marketa-vankova,Z9/17,3,"JUDr. Markéta Vaňková, primátorka: Jo. Tak děkuji, pane starosto. Pan, pan radní Oliva.",0,7ebec469c9c23f69
marketa-vankova,Z9/17,3,"JUDr. Markéta Vaňková, primátorka: Tak. Děkuji. A teď já jenom, procesně, pane starosto, protože jsme se v tom skutečně trošku zacyklili, Vy navrhujete tedy, teď jsme ho zařadili, a Vy v tuto chvíli, v této fázi, při schvalování programu, navrhujete stažení?",0,7ebec469c9c23f69
marketa-vankova,Z9/17,3,"JUDr. Markéta Vaňková, primátorka: No, jasně, ale jako, to všechno, co tady zaznívá, mělo zaznívat až případně v tom bodu. Ale to nevadí. Dobře. Takže máme tady návrh na stažení zařazeného bodu č. 107), takže budu dávat v tuto chvíli hlasovat, kdo je pro stažení bodu č. 107) z programu. Zahajuji hlasování: Hlasování č. 4: 46 - 0 - 2 - 0",2,7ebec469c9c23f69
marketa-vankova,Z9/17,3,"JUDr. Markéta Vaňková, primátorka: Takže bod č. 107) byl taktéž stažen z dnešního jednání Zastupitelstva města Brna, z programu. Tak, děkuji, jsou ještě nějaké návrhy jiné na úpravy programu? Pokud tomu tak není, tak budeme nyní hlasovat o programu jako celku. Zahajuji hlasování: Hlasování č. 5: 48 - 0 - 0 - 0",2,7ebec469c9c23f69
marketa-vankova,Z9/17,7,"JUDr. Markéta Vaňková, primátorka: Já poprosím o odpověď našeho právního zástupce, pana doktora Kučeru, jestli je tady přítomný? Jo. Výborně.",0,7ebec469c9c23f69
marketa-vankova,Z9/17,8,"JUDr. Markéta Vaňková, primátorka: Tak to byl geniální timing. Pan zastupitel Koláčný.",0,7ebec469c9c23f69
marketa-vankova,Z9/17,8,"JUDr. Markéta Vaňková, primátorka: Poprosím ještě pana doktora Kučeru.",0,7ebec469c9c23f69
marketa-vankova,Z9/17,8,"JUDr. Markéta Vaňková, primátorka: Tak. Zeptám se, jeslou, jestli jsou nějaké další dotazy, podněty k tomuto bodu? Pokud nejsou, můžeme přistou. Pan zastupitel Koláčný.",0,7ebec469c9c23f69
marketa-vankova,Z9/17,9,"JUDr. Markéta Vaňková, primátorka: Dobře. Takže zahajuji hlasování k 1. odrážce, to znamená, zastupitelstvo vyslovuje předchozí souhlas se změnou Deklarace koncernu. Zahajuji hlasování: Hlasování č. 8: 37 - 0 - 10 - 1",0,7ebec469c9c23f69
marketa-vankova,Z9/17,9,"JUDr. Markéta Vaňková, primátorka: Usnesení bylo přijato. A nyní budeme hlasovat dohromady o odrážkách 2 a 3, to znamená, zastupitelstvo vyslovuje předchozí souhlas s udělením koncernového pokynu a tak dále, a s, znovu s, druh, 2. odrážka, nebo 3., v rámci Vašeho materiálu, opět s udělením koncernového pokynu, který se vztahuje k obchodní společnosti Energie Teplárny Brno. Zahajuji hlasování: Hlasování č. 9: Neplatné hlasování",0,7ebec469c9c23f69
marketa-vankova,Z9/17,9,"JUDr. Markéta Vaňková, primátorka: Usnesení bylo přijato. Bod č. 7) Návrh změny stanov obchodní společnosti CD CENTRUM COMS, a.s. Paní zastupitelka Drápalová.",2,7ebec469c9c23f69
marketa-vankova,Z9/17,9,"JUDr. Markéta Vaňková, primátorka: Určitě. Takže se vracíme k bodu č. 6). A paní zastupitelko, nefungovalo Vám při prvním hlasování nebo při druhém hlasování?",0,7ebec469c9c23f69
marketa-vankova,Z9/17,9,"JUDr. Markéta Vaňková, primátorka: Výborně. Takže budeme znovu hlasovat o tom, že vyslovuje předchozí souhlas s udělením koncernového pokynu a zároveň 3. odrážka, opět s udělením koncernového pokynu. Zahajuji hlasování, kdo je pro tato 2 usnesení: Hlasování č. 10: 40 - 0 - 7 - 1",0,7ebec469c9c23f69
marketa-vankova,Z9/17,11,"JUDr. Markéta Vaňková, primátorka: Bude Vám odpovězeno písemně. Poprosím dalšího občana.",0,7ebec469c9c23f69
marketa-vankova,Z9/17,12,"JUDr. Markéta Vaňková, primátorka: Hmm. Paní Burešová, paní Burešová, zkuste mě poslouchat, prosím Vás. Tak, zaprvé - o Vaší výpovědi bylo jednáno a bylo pravomocně rozhodnuto soudem. Zákon nám přesně stanoví postup, jak v takových případech postupovat. Jakékoliv vyjádření pana Mgr. Havlíčka, či kohokoliv jiného, v tuto chvíli to nezmění. Vy jste začala tu svoji řeč ale velmi pěkně, že jste mně chtěla vysvětlit, proč jste ještě nevyužila té částky, 30.000 Kč, kterou Vám poskytuje Sociální nadační fond, na základě toho, že jste nám říkala, že jste na tom finančně špatně. Odbor sociální péče s Vámi poměrně intenzivně spolupracuje, ve všech možných ohledech, včetně toho, že Vám byla Sociálním nadačním fondem přiznána tato částka. Vy jste, za dobu několika týdnů, nebyla schopna přijít podepsat tuto smlouvu a ty peníze čerpat. Ne, nezačínala bych s tím, kdyby Vy jste, sama, to své vystoupení tímto neuvedla. Takže, možná, poprosím, nebo ani reagovat nemusíte, jenom jako bych tady chtěla, aby zaznělo a aby všichni věděli, že se Vám snažíme maximálně ve Vaší situaci pomoci. A to jak s hledáním ubytování, bylo Vám prodlouženo krizové ubytování, až do konce září, máte nabídky, měla jste nabídky, opakované, na jiné bydlení, stále Vám bude, budou nabízeny jiné byty, které by Vám vyhovovaly. Zároveň Vám poskytujeme, v souladu prostě s našimi pravidly a s posláním Sociálního nadačního fondu, finanční prostředky, které Vy nečerpáte. Tak já už nevím, co víc pro Vás máme dělat? A bavit se o tom, jestli v roce 2010 jste měla na balkoně síť, nebo neměla, je v tuto chvíli naprosto bezpředmětné.",0,7ebec469c9c23f69
marketa-vankova,Z9/17,12,"JUDr. Markéta Vaňková, primátorka: Paní Burešová, Vaše situace se řeší tak, že máte opakovaně prodloužený nájem v krizovém bydlení. Myslím si, že ne, že není žádný klient, který by v tom krizovém bydlení bydlel déle než Vy.",0,7ebec469c9c23f69
marketa-vankova,Z9/17,12,"JUDr. Markéta Vaňková, primátorka: Byly Vám opakovaně nabídnuty různé byty. Mám informace, že Vám budou nabídnuté různé, další byty, protože ty, které Vám byly nabídnuty, Vám nevyhovovaly, takže Vám budou nabídnuty další byty. A já věřím tomu, že až se přestěhujete do nějakého bytu, který Vám bude připadat vhodný, že se tady budeme, každý měsíc, i přesto potkávat. A v tuto chvíli si myslím, že bylo řečeno vše, a dejte prosím prostor dalšímu občanovi.",0,7ebec469c9c23f69
marketa-vankova,Z9/17,13,"JUDr. Markéta Vaňková, primátorka: Bylo řečeno vše. Děkuji. Máte 2 min., které jste opakovaně, které jste opakovaně překročila. Není, není z Vaší strany žádná nová informace, kterou bychom tady už neprojednávali. Takže Vás poprosím, poprosím Vás o jedno. Vyčerpejte tu částku 30.000 Kč, který Vám Sociální nadační fond města Brna přidělil. Přijďte si podepsat tu smlouvu. Vezměte si ty peníze. Ty peníze využijte na to, co potřebujete, ať už na úhradu dluhů, nebo na úhradu svých základních potřeb. Spolupracujte s osobami, které jsou Vám k dispozici a nabízejí Vám jiné byty. A přijďte nás za měsíc zase informovat, jak to dopadlo. Děkuji a poprosím, pusťte k mikrofonu dalšího občana.",0,7ebec469c9c23f69
marketa-vankova,Z9/17,13,"JUDr. Markéta Vaňková, primátorka: Hmm. Děkuji. Tak, můžete pokračovat.",0,7ebec469c9c23f69
marketa-vankova,Z9/17,13,"JUDr. Markéta Vaňková, primátorka: Tak. Poprosím dalšího, ať už studenta, nebo občana.",0,7ebec469c9c23f69
marketa-vankova,Z9/17,14,"JUDr. Markéta Vaňková, primátorka: Ještě poprosím zástupce střední školy, co hovořili předtím, tak my jsme si mysleli, že Vás bude hovořit více, těch studentů, a paní radní Matonohová chtěla zareagovat, a vzhledem k tomu, že už jste nehovořili, tak se nestihla přihlásit. Takže teďka jí dávám prostor a bude reagovat na ty předchozí příspěvky.",0,7ebec469c9c23f69
marketa-vankova,Z9/17,14,"JUDr. Markéta Vaňková, primátorka: Paní radní nabídla schůzku, takže pak se potkají s paní radní, přímo. Tak. A já poprosím dalšího občana.",0,7ebec469c9c23f69
marketa-vankova,Z9/17,14,"JUDr. Markéta Vaňková, primátorka: Já samozřejmě neznám podrobnosti toho případu, ale můžu Vám říct úplně to stejné, co jsem řekla paní Burešové. Prostě podle, proti každému rozhodnutí máte možnost zákonnou cestou se bránit, Vy jste tu cestu využila. A já předpokládám, že soud rozhodne podle podkladů, které Vy mu, v rámci toho daného procesu, dáte. A to rozhodnutí buď přisvědčí Vám, anebo, nebo pronajímateli, to",0,7ebec469c9c23f69
marketa-vankova,Z9/17,15,"JUDr. Markéta Vaňková, primátorka: Obecní, obecní nájemní vztah je zcela stejný jako jakýkoliv jiný nájemní vztah. Není mezi tím rozdíl. Je tam rozdíl jenom v pozici toho pronajímatele, coby subjektu, ale ta práva a povinnosti jsou zákonem stanovena stejně. Každopádně, vnímáme Vaši, nějak, situaci, ale jak jsem řekla, pokud o tom tedy rozhoduje soud, tak je to ta správná cesta.",0,7ebec469c9c23f69
marketa-vankova,Z9/17,15,"JUDr. Markéta Vaňková, primátorka: Bytová politika tady samozřejmě existuje a zároveň je, je naplňována v souladu se zákonem. Já říkám, já neznám Váš konkrétní případ. Nemůžu Vám tady odpovídat na to, co se konkrétně stalo Vám. Ale znovu říkám, že pokud tam došlo k nějakým událostem a Vy se bráníte soudní cestou, tak rozhodně soud rozhodne podle toho, jaké podklady mu budou předloženy. Víc na tom, v tuto chvíli, nevymyslíme. Máme k dispozici bytovou ombudsmanku, takže se můžete samozřejmě obrátit na ni. Ale pokud rozhoduje nezávislý soud, tak je to to nejlepší možné řešení. Právě proto, že na to dokáže nahlédnout z pohledu toho zákona a je nezávislý k jedné, či k druhé straně.",0,7ebec469c9c23f69
marketa-vankova,Z9/17,15,"JUDr. Markéta Vaňková, primátorka: Hm. Dobře. Tak to je asi trošku na jinou debatu než na debatu na Zastaputelstva města Brna. Každopádně čas již Vám opakovaně vypršel, takže poprosím dalšího občana k mikrofonu. Nikoli paní …",0,7ebec469c9c23f69
marketa-vankova,Z9/17,15,"JUDr. Markéta Vaňková, primátorka: Paní Burešová, poprosím Vás, pusťte …",0,7ebec469c9c23f69
marketa-vankova,Z9/17,15,"JUDr. Markéta Vaňková, primátorka: … k mikrofonu jiného občana. Děkuji. Na shledanou. Tak, dobrý den.",0,7ebec469c9c23f69
marketa-vankova,Z9/17,17,"JUDr. Markéta Vaňková, primátorka: Tak. Poprosím nějaké, jo, paní radní Matonohová chce reagovat na téma školy.",0,7ebec469c9c23f69
marketa-vankova,Z9/17,17,"JUDr. Markéta Vaňková, primátorka: Tak. Je tady nějaký další občan, který by chtěl vystoupit? Pokud tomu tak není, tak pan radní Kratochvíl, reakce na lanovku.",0,7ebec469c9c23f69
marketa-vankova,Z9/17,18,"JUDr. Markéta Vaňková, primátorka: Vidím tam u, u mikrofonu ještě kolegy. Jenom před, nebo jestli si dobře uvědomuji, tak už jste mluvili, takže skutečně jenom velmi krátce.",0,7ebec469c9c23f69
marketa-vankova,Z9/17,19,"JUDr. Markéta Vaňková, primátorka: Tak, poprosím, jestli je tady ještě nějaký další občan, který by chtěl vystoupit? Nevypadá to tak. Takže můžeme ukončit bod č. 2) a můžeme přejít k bodu č. 10).",0,7ebec469c9c23f69
marketa-vankova,Z9/17,22,"JUDr. Markéta Vaňková, primátorka: Nikdo další do diskuse, zahajuju hlasování: Hlasování č. 21: 40 - 1 - 4 - 2",0,7ebec469c9c23f69
marketa-vankova,Z9/17,24,"JUDr. Markéta Vaňková, primátorka: Tak poprosím, jestli, jestli někdo další do diskuse? Tak. Nikdo další se nehlásí, máme tady tedy návrh na usnesení v rámci tohoto bodu od pana zastupitele Koláčného, které zní, ten náv, nebo návrh, který zní - zastupitelstvo vyjímá bytové domy Ibsenova 9, 10 11, Brno, včetně zastavěných pozemků, ze Seznamu bytových a rodinných domů, které budou připravovány k prodeji. Tak zahajuji hlasování o tomto návrhu: Hlasování č. 25: Neplatné hlasování",2,7ebec469c9c23f69
marketa-vankova,Z9/17,24,"JUDr. Markéta Vaňková, primátorka: Končím hlasování, tak, kdo z Vás je přihlášen? Tady pan radní Bořecký.",0,7ebec469c9c23f69
marketa-vankova,Z9/17,24,"JUDr. Markéta Vaňková, primátorka: Takže rušíme hlasování a budeme hlasovat znovu o návrhu pana radního Koláčného. Zahajuji hlasování, kdo je pro? Hm, pana, už není ani radní, ani náměstek. Omlouvám se, Tome. Mám to tak prostě, pana zastupitele Koláčného. Pan tajemník tady vedle mě, Vy stále hlasujte, pan tajemník tady vedle mě říká, co není, může být, já říkám přání otcem myšlenky, třeba. Uvidíme. Tak, hlasujeme. Pořád eště několik zastupitelů, poměrně velké množství nehlasovalo, stále máte čas. Tak. Končím hlasování: Hlasování č. 26: 8 - 0 - 14 - 25",2,7ebec469c9c23f69
marketa-vankova,Z9/17,24,"JUDr. Markéta Vaňková, primátorka: Usnesení nebylo přijato. Nyní budeme hlasovat tedy o návrhu usnesení, tak jak byl předložen v písemném materiálu. Zahajuji hlasování: Hlasování č. 27: 40 - 0 - 5 - 2",2,7ebec469c9c23f69
marketa-vankova,Z9/17,29,"JUDr. Markéta Vaňková, primátorka: Já k téVaší první poznámce, myslím si, že je, projednání předchozích bodů jasně ukázalo, že sportovní aktivity dětí a mládeže podporujeme. A k té druhé části případně, nebo ne případně, ale pan radní Aberl.",0,7ebec469c9c23f69
marketa-vankova,Z9/17,29,"JUDr. Markéta Vaňková, primátorka: Tak. Slovo dám panu zastupiteli Koláčnému, jednomu z otců této myšlenky, aby toto mistrovství se konalo právě v Brně.",0,7ebec469c9c23f69
marketa-vankova,Z9/17,30,"JUDr. Markéta Vaňková, primátorka: Já jenom úplně krátce naváži. On to vlastně řekl už i pan zastupitel Koláčný. My jsme skutečně rádi, že to mistrovství České republiky se koná právě v Brně, skutečně mnoho let je snaha Prahy přetáhnout to do našeho hlavního města. Má to ty, jak já s poslední dobou miluji toto slovo, multiplikační efekty, když se akce tohoto typu konají v Brně. Takže i z toho důvodu si myslím, že je vhodné tuto akci podpořit. Argumenty, které zde padaly z úst zastánců, tak se s nimi ztotožňuji.",0,7ebec469c9c23f69
marketa-vankova,Z9/17,30,"JUDr. Markéta Vaňková, primátorka: A úplně na závěr jenom, já naprosto souhlasím s tím, že je primárně potřeba podporovat děti ve sportu, v aktivitách, kde využívají své tělo, nicméně pokrok nezastavíme. Prostě je to aktivita, která je v tuto chvíli hojně využívaná nejen dětmi, mladými, ale i dospělými. A je to prostě jedna z, z prostě z luk, z lukrativních aktivit, jak do města Brna přilákat velké množství lidí z, z jiných koutů republiky, nebo i mimo republiku. Což i pro Brno má prostě přínos. Což skutečně ale neznamená, že bychom rezignovali na to, podporovat děti, aby se hýbaly, v jiných aktivitách, které se asi mnohým z nás zdají pro dětský vývoj prospěšnější. Tak. V tuto chvíli už nevidím nikoho dalšího, že by se hlásil, tak zahajuji hlasování: Hlasování č. 39: 40 - 5 - 0 - 2",0,7ebec469c9c23f69
marketa-vankova,Z9/17,32,"JUDr. Markéta Vaňková, primátorka: Máte pravdu. Tadytyto body navazují na rozhodnutí rady a mohl jste si všimnout už na minulých jednání zastupitelstva, že si, se body tohoto typu opakují. Postupně, tak jak je jednáno s jednotlivými smluvními partnery, tak jsou ty materiály připravovány do zastupitelstva. Pokud by byly potřeba nějaké další podrobnosti, tak určitě, předpokládám, že kolega Pivec je schopný ještě doplnit. Ale myslím si, že toto je ten základ. Prostě postupně, tak jak, jak jednáme s, se smluvními partnery, tak to připravujeme. Stačí takto?",0,7ebec469c9c23f69
marketa-vankova,Z9/17,32,"JUDr. Markéta Vaňková, primátorka: Tak. Děkuji za doplnění. Tak. Nikdo další není přihlášený, tak zahajuji hlasování k bodu 37): Hlasování č. 43: 38 - 5 - 2 - 2",0,7ebec469c9c23f69
marketa-vankova,Z9/17,33,"JUDr. Markéta Vaňková, primátorka: Tak. Poprosím o rech, reakci Tomáše Pivce.",0,7ebec469c9c23f69
marketa-vankova,Z9/17,33,"JUDr. Markéta Vaňková, primátorka: Dobře. Já dám tedy návrh na stažení, jenom obecně, budu ráda, když tam k tomu bude pak nějaké jednoduché právní zdůvodnění, nicméně, víceméně pan vedoucí to teď řekl. Poskytnutí investičního příspěvku je vlastně dobrovolnou, jako dobrovolným závazkem, ke kterému se tou smlouvou dané subjekty zavazují. Pak samozřejmě ta smlouva v jednotlivých ustanoveních je pro ně závazná. My, když jsme to koncipovali, úplně na začátku, tak jsme tam ty bankovní záruky dávali a měli jsme za to, že je to dobrý právní institut, který zajistí vlastně jako kdyby splnění těch povinností. Nicméně, v průběhu času, protože skutečně to bylo poměrně jako inovativní řešení, tak se ukázalo, že ty bankovní záruky nejsou úplně vhodným právním instrumentem. Právě proto jsme se rozhodli je nevyužívat a vlastně plošně, postupně z těch požadavků na bankovní záruky ustupovat. Z toho důvodu se mně jeví jako vhodné, i v daném případě, pokud by to tak skutečně bylo, že vlastně už došlo k porušení termínu, kdy ten závazek měl být naplněn, tak vlastně postupovat obdobně, jak v těch případech, kdy ještě k tomu porušení termínu nedošlo. Protože jsme prostě vyhodnotili, obecně, že ty bankovní záruky jsou nadbytečné. Ale, poprosím, když to stáhneme, pokud to projde, ať je k tomu nějaké krátké právní vyjádření. Ale nepovažovala bych úplně za vhodné, abychom vymáhali po někom nějaké smluvní pokuty za to, že neplní něco, co my už teď, v ostatních případech, vlastně ani nepožadujeme. Ale za právní rozklad, jednoduchý, budu ráda. Pan vedoucí vnímá. Tak. A my, po debatě tady s panem náměstkem Černým, velmi rychlé, tedy navrhujeme stažení tohoto materiálu z bodu programu. Takže zahajuji hlasování, kdo je pro stažení: Hlasování č. 45: 41 - 0 - 2 - 4",2,7ebec469c9c23f69
marketa-vankova,Z9/17,33,"JUDr. Markéta Vaňková, primátorka: Návrh byl schválen, bod byl stažen.",2,7ebec469c9c23f69
marketa-vankova,Z9/17,34,"JUDr. Markéta Vaňková, primátorka: Nikdo další není přihlášený do diskuse, to znamená, přistoupíme k hlasování nejprve o té 1. odrážce, to znamená, zastupitelstvo schvaluje zařazení projektu „Integrace cizinců ve městě Brně V“ a tak dále. Tak zahajuji hlasování pouze o této odrážce, 1. odrážce: Hlasování č. 48: Neplatné hlasování",0,7ebec469c9c23f69
marketa-vankova,Z9/17,34,"JUDr. Markéta Vaňková, primátorka: Usnesení bylo přijato. A nyní budeme hlasovat o všech ostatních odrážkách, to znamená jednotlivé projekty, včetně té poslední odrážky, to znamená, že schvalujeme rozpočtové opatření. Paní zastupitelka Drápalová.",0,7ebec469c9c23f69
marketa-vankova,Z9/17,34,"JUDr. Markéta Vaňková, primátorka: Dobře. Tak zkusíme ještě jednou. A technickou pomoc poprosím, aby, aby to monitorovala. Pokud u paní zastupitelky Drápalové bude ještě znovu problém, tak aby to zkusila jít nějak opravit. Takže hlasujeme znovu o té 1. odrážce - integrace cizinců. Zahajuji hlasování: Hlasování č. 49: 41 - 5 - 0 - 1",0,7ebec469c9c23f69
marketa-vankova,Z9/17,34,"JUDr. Markéta Vaňková, primátorka: Usnesení bylo přijato. Paní zastupitelka Drápalová tam je zelená, takže v pořádku. Tak. Tam, to je hezké, tam je zelená, a navíc je Zelená. Hm, jo. Tak. Nyní budeme hlasovat o, o těch ostatních odrážkách, tak jak jsem říkala, jednotlivé projekty, a poslední odrážka, rozpočtové opatření. Zahajuji hlasování: Hlasování č. 50: 45 - 0 - 0 - 1",0,7ebec469c9c23f69
marketa-vankova,Z9/17,37,"JUDr. Markéta Vaňková, primátorka: Myslím si, že nejkopent, nejkompetentnější je pan starosta Marek, má slovo.",0,7ebec469c9c23f69
marketa-vankova,Z9/17,37,"JUDr. Markéta Vaňková, primátorka: Stačí takto, odpověď? Výhodou a nevýhodou toho, že vedle mě sedí pan tajemník, který má osobitý smysl pro humor, je to, že se občas do mikrofonu směji. Tak. Ale vypadá to, že to stačilo, takto. Takže, nikdo další není přihlášený do diskuse, zahajuji hlasování: Hlasování č. 56: 39 - 0 - 5 - 3",0,7ebec469c9c23f69
marketa-vankova,Z9/17,40,"JUDr. Markéta Vaňková, primátorka: Tak. Poprosím Vá, jo, tak paní náměstkyně Podivinská.",0,7ebec469c9c23f69
marketa-vankova,Z9/17,40,"JUDr. Markéta Vaňková, primátorka: Já to od Vás, pane zastupiteli Kmente, vnímám jako nějaký podnět a snahu vyvolat nějakou diskusi, nevnímám to jako návrh na změnu usnesení. Pokud by to bylo jinak, tak se, prosím, ještě přihlašte. Vypadá to, ano? Jo. Vypadá to, že ne, takže nemáme návrh na změnu usnesení, takže můžeme zahájit hlasování: Hlasování č. 60: 43 - 0 - 0 - 3",2,7ebec469c9c23f69
marketa-vankova,Z9/17,41,"JUDr. Markéta Vaňková, primátorka: Tak. Paní vedoucí Marešová je schopná nám odpovědět?",0,7ebec469c9c23f69
marketa-vankova,Z9/17,41,"JUDr. Markéta Vaňková, primátorka: Není nikdo další přihlášený, tak můžeme zahájit hlasování: Hlasování č. 61: 44 - 0 - 0 - 2",0,7ebec469c9c23f69
marketa-vankova,Z9/17,42,"JUDr. Markéta Vaňková, primátorka: Opět paní vedoucí, poprosím.",0,7ebec469c9c23f69
marketa-vankova,Z9/17,42,"JUDr. Markéta Vaňková, primátorka: Nějaké další dotazy? Není tomu tak. Zahajuji hlasování: Hlasování č. 63: 40 - 0 - 4 - 2",0,7ebec469c9c23f69
marketa-vankova,Z9/17,43,"JUDr. Markéta Vaňková, primátorka - navrhla společné hlasování o bodech 60) - 78) vztahujících se k návrhům nabytí pozemků a spoluvlastnických podílů k pozemkům.",6,7ebec469c9c23f69
marketa-vankova,Z9/17,43,"JUDr. Markéta Vaňková, primátorka - přistoupila ke společnému hlasování o bodech 60) - 62).",0,7ebec469c9c23f69
marketa-vankova,Z9/17,46,"JUDr. Markéta Vaňková, primátorka - přistoupila ke společnému hlasování o bodech 64) - 77).",0,7ebec469c9c23f69
marketa-vankova,Z9/17,50,"JUDr. Markéta Vaňková, primátorka: Tak. Myslím si, že asi není nikdo schopný odpovědět konkrétněji. Paní zastupitelka Flamiková.",0,7ebec469c9c23f69
marketa-vankova,Z9/17,50,"JUDr. Markéta Vaňková, primátorka: Nikdo další není přihlášený do diskuse, to znamená, můžeme přistoupit k hlasování, bod č. 78). Zahajuji hlasování: Hlasování č. 70: 42 - 1 - 0 - 3",0,7ebec469c9c23f69
marketa-vankova,Z9/17,53,"JUDr. Markéta Vaňková, primátorka - navrhla společně hlasovat o bodech 81) - 88) vztahujících se k návrhům na bezúplatné nabytí pozemků.",6,7ebec469c9c23f69
marketa-vankova,Z9/17,54,"JUDr. Markéta Vaňková, primátorka - navrhla společně hlasovat o bodech 89) - 94) vztahujících se k nabídkám předkupních práv ke stavbám. K hlasování o návrzích usnesení bylo přistoupeno bez rozpravy: Hlasování č. 74: 44 - 0 - 0 - 2",4,7ebec469c9c23f69
marketa-vankova,Z9/17,62,"JUDr. Markéta Vaňková, primátorka - navrhla společné hlasování o bodech 103), 104) a 105) vztahujících se k návrhům dodatků ke smlouvám o spolupráci při výstavbě veřejné infrastruktury.",6,7ebec469c9c23f69
marketa-vankova,Z9/17,62,"JUDr. Markéta Vaňková, primátorka - přistoupila tedy k postupnému, samostatnému projednání bodů.",0,7ebec469c9c23f69
marketa-vankova,Z9/17,64,"JUDr. Markéta Vaňková, primátorka: No, tak navrš, nebo chcete to, že to usnesení bude úplně stejně, jenom tam bude jiná částka?",0,7ebec469c9c23f69
marketa-vankova,Z9/17,64,"JUDr. Markéta Vaňková, primátorka: Takže 805.000, jo? Tak to mezitím nechte, napište písemně, protože to je v souladu s jednacím řádem. Nejde to, bohužel, bez písemného návrhu, právní asistence Vám bude k dispozici. Za mě, jenom velice krátce. Myslím si, že všichni členové rady si uvědomují významnost Národního divadla Brna pro Brňany, včetně všech multiplikačních efektů. Jsme na národní divadlo pyšní a jsme rádi, že je tak kvalitní. A zároveň při rozhodování o jakémkoliv navýšení, pro jakoukoliv příspěvkovou organizaci, nejen z oblasti kultury, tak zvažujeme, jestli, jestli máme těm návrhům vyhovět, nebo ne. V poslední době se v oblasti kultury kloníme zejména tomu, pomáhat těm menším příspěvkovým organizacím, jejichž, jejichž rozpočet není úplně růžový. Takže jsme se vydali, v tuto chvíli, touto cestou. Což ovšem neznamená, že bychom si nebyli vědomi významu národního divadla. Právě naopak. Tak. Mezitím už snad máme napsáno, pozměňovací, zeptám s, pozměňovací návrh, zeptám se, jestli má ještě někdo nějaké další podněty do diskuse k tomuto bodu?",2,7ebec469c9c23f69
marketa-vankova,Z9/17,64,"JUDr. Markéta Vaňková, primátorka: Hm, si myslím, že k té částce, která byla věnována, nebo poskytnuta Městskému divadlu Brno, jsme věnovali poměrně hodně času, ať už tady, na zastupitelstvu, nebo prostřednictvím médií, takže si myslím, že nemá cenu se k tomu vracet. Myslím si, že bychom se měli držet projednávaného bodu. Mohu konstatovat, že tento bod byl opakovaně stažen z projednání Rady města Brna. Bylo hodně debatováno o tom, jaká ta částka má být. Bylo třeba diskutováno, proč si národní divadlo původně uplatnilo i inflaci za rok 2023, která už byla vlastně ale zapla, nebo navýšení částky nájemného o inflaci v roce 2023, což byla ale částka, která už byla zaplacena. Což nebylo úplně optimální. Takže si myslím, že jsme tomuto materiálu skutečně věnovali poměrně velký čas, a výsledek je ten, který byl předkládán teď na zastupitelstvo. Tak. Nikdo další není přihlášený, ještě paní JUDr. Doležalová se baví s paní zastupitelkou. Můžu nechat hlasovat tedy úplně přesně o tom usnesení, tak jak bylo, jenom tam bude jiná částka? Je, je takhle ten podnět, nebo návrh na změnu? Jo, jo, jo. Eště se tam musí změnit ta, ta druhá částka. A je vypočítaná teda. Takže návrh, paní zastupitelkajch Flamikové - Zastupitelstvo města Brna schvaluje navýšení účelového neinvestičního příspěvku o 805.000. A pak, na konci té věty, bude tedy - z 1.896.000 na 2.701.000. Zahajuji hlasování: Hlasování č. 86: 9 - 1 - 19 - 17",2,7ebec469c9c23f69
marketa-vankova,Z9/17,64,"JUDr. Markéta Vaňková, primátorka: Usnesení nebylo přijato. Nyní budeme hlasovat o návrhu usnesení, tak jak byl původně navržen. Zahajuju hlasování: Hlasování č. 87: 42 - 0 - 0 - 3",2,7ebec469c9c23f69
marketa-vankova,Z9/17,64,"JUDr. Markéta Vaňková, primátorka: Usnesení bylo přijato. A jenom poprosíme, a já jenom, procesně, se tady poradím, protože už nám zůstávají jenom interpelace, ale zároveň máme 10:35, což znamená, že už bychom měli být 5 min. v přestávce, a nechci Vás nutit, abyste se vraceli na 11:00. Tak. Myslím si, za mě, ale samozřejmě uvidíme, že by bylo poměrně praktické prodloužit jednání zastupitelstva do vyčerpání programu. A hlásí se paní zastupitelka Putnová?",2,7ebec469c9c23f69
marketa-vankova,Z9/17,65,"JUDr. Markéta Vaňková, primátorka: Jo. Aničko, prosím Tě, eště jsme v procesu, kdy budeme teď řešit, jestli prodlužujeme jednání zastupitelstva. Tak ještě chviličku vydrž, prosím Tě. Takže, si myslím, že by bylo praktické, abychom prodloužili jednání zastupitelstva do vyčerpání programu. Takže Vás poprosím o hlasování, kdo je pro, abychom teď neměli pauzu a jednali dále, do vyčerpání programu. Zahajuji hlasování: Hlasování č. 88: 43 - 1 - 1 - 1",0,7ebec469c9c23f69
marketa-vankova,Z9/17,65,"JUDr. Markéta Vaňková, primátorka: Takže návrh byl přijat. Takže pokračujeme. A teď paní zastupitelka Putnová.",2,7ebec469c9c23f69
marketa-vankova,Z9/17,65,"JUDr. Markéta Vaňková, primátorka: Tak, také děkuji a poprosím dalšej podněty v rámci bodu 3), který jsem oficiálně nezahájila, ale je to tedy bod č. 3) Dotazy, připomínky a podnětu členů ZMB. Tak, prosím, máte slovo. Pan zastupitel Zemek.",0,7ebec469c9c23f69
marketa-vankova,Z9/17,65,"JUDr. Markéta Vaňková, primátorka: Paní ředitelku nevidím, zároveň tady bohužel není pan náměstek Chvátal, který to má v gesci, takže asi nejlépe přečíst a následně bude odpovězeno písemně.",0,7ebec469c9c23f69
marketa-vankova,Z9/17,66,"JUDr. Markéta Vaňková, primátorka: Tak jak jsem říkala, pan náměstek Chvátal tady není, takže nemůže reagovat on. Dívám se mezi kolegy, jestli někdo z odboru by chtěl zareagovat, ale předpokládám, že asi bude písemná odpověď.",0,7ebec469c9c23f69
marketa-vankova,Z9/17,66,"JUDr. Markéta Vaňková, primátorka: Já jenom velice krátce. Mám teda informace ze včerejška, nemám ode dneška, od rána, nějaké aktuální, takže nevím, ale ze včerejška to bylo tak, že se stále vyšetřují příčiny požáru. Je potřeba to místo zatím nechat zabezpečené. Zároveň se stanovily obchůzné trasy tak, aby to pro lidi, kteří se v tom, v té lokalitě pohybují, bylo alespoň trošku přijatelné. Ale je snaha samozřejmě co nejdříve podchod uvést zase do provozu.",0,7ebec469c9c23f69
marketa-vankova,Z9/17,67,"JUDr. Markéta Vaňková, primátorka, ukončila zasedání Zastupitelstva města Brna (v 10:45 hod.).",0,7ebec469c9c23f69
marketa-vankova,Z9/20,1,"Zasedání zahájila a řídila primátorka města Brna JUDr. Markéta Vaňková (dále jen JUDr. Markéta Vaňková, primátorka).",0,21185e2ff631d16f
marketa-vankova,Z9/20,1,"JUDr. Markéta Vaňková, primátorka, upozornila na skutečnost, že jednání Zastupitelstva města Brna je audiovizuálně přenášeno prostřednictvím internetových stránek města a přenos je zaznamenáván, archivován a následně bude zveřejněn.",4,21185e2ff631d16f
marketa-vankova,Z9/20,1,"JUDr. Markéta Vaňková, primátorka, sdělila, že při prezenci členové Zastupitelstva města Brna obdrželi: • doplněk k bodu 3), který byl dne 14. 10. 2024 vložen na chráněné internetové datové úložiště • doplněk k bodu 5), který byl dne 14. 10. 2024 vložen na chráněné internetové datové úložiště • Informativní zprávu - Podání adresovaná Zastupitelstvu města Brna, která byla dne 14. 10. 2024 včetně vlastních podání vložena na chráněné internetové datové úložiště. Podání ZMB byla rovněž k dispozici v listinné formě ve složce „K nahlédnutí pro členy ZMB“ v jednacím sálu • Výpis usnesení Finančního výboru Zastupitelstva města Brna k bodům projednávaným na tomto zasedání, který byl dne 14. 10. 2024 vložen na chráněné internetové datové úložiště • Informace o hlasování členů RMB neuvedené v předložených materiálech k bodům programu ZMB č. Z9/20",0,21185e2ff631d16f
marketa-vankova,Z9/20,2,"Schválení programu zasedání Zastupitelstva města Brna č. Z9/20 JUDr. Markéta Vaňková, primátorka, zdůvodnila tyto změny programu:",0,21185e2ff631d16f
marketa-vankova,Z9/20,2,"Dále JUDr. Markéta Vaňková, primátorka, navrhla projednání bodu č. 5) Obecně závazná vyhláška statutárního města Brna, kterou se mění obecně závazná vyhláška statutárního města Brna č. 20/2001, kterou se vydává Statut města Brna, ve znění pozdějších vyhlášek, po dopolední přestávce, to znamená v 11:00 hod.",4,21185e2ff631d16f
marketa-vankova,Z9/20,2,"Poté se JUDr. Markéta Vaňková, primátorka, dotázala, zda jsou nějaké další návrhy na změny v programu zasedání.",6,21185e2ff631d16f
marketa-vankova,Z9/20,3,"JUDr. Markéta Vaňková, primátorka: Děkuji. Budeme tedy nyní hlasovat o zařazení, teda nebu, pardon, nebudeme nyní hlasovat o zařaní, budeme hlasovat o zařazení až po ostatních hlasováních? Pan náměstek Kerndl se hlásí? No? Jsme jako v bodě Technic, Technický bod, kdy budeme hlasovat. Tak jenom jako.",0,21185e2ff631d16f
marketa-vankova,Z9/20,3,"JUDr. Markéta Vaňková, primátorka: Tak, budeme hlasovat postupně. Nejprve budeme hlasovat o návrhu na stažení bodů, tak jak jsem je přečetla. Druhé hlasování bude hlasování o zařazení bodu 123), tak jak jsem ho přečetla, a třetí hlasování bude hlasování o zařazení bodu, který navrhuje paní zastupitelka Drápalová a který přednesl pan zastupitel Hollan. Takže začínáme hlasováním - návrh na stažení bodů, tak jak jsem je přečetla: Hlasování č. 2: 50 - 0 - 1 - 0",2,21185e2ff631d16f
marketa-vankova,Z9/20,3,"JUDr. Markéta Vaňková, primátorka: Návrh byl schválen, body byly staženy. Nyní budeme hlasovat o zařazení bodu 123), to znamená návrh odnětí svěřeného majetku. Zahajuju hlasování: Hlasování č. 3: 51 - 0 - 0 - 0",2,21185e2ff631d16f
marketa-vankova,Z9/20,3,"JUDr. Markéta Vaňková, primátorka: Návrh byl schválen, bod byl zařazen. A nyní budeme hlasovat o zařazení bodu s názvem Nezákonné jednání generálního ředitele DPMB, a.s., Ing. Miloše Havránka. Pro případ, že by tento bod byl zařazen, bude zařazen pod bodem 124), pod č. 124) a byl by projednán jako první bod tohoto dnešního jednání, ihned po skončení Technického bodu. Zahajuji hlasování: Hlasování č. 4: 28 - 3 - 10 - 10",2,21185e2ff631d16f
marketa-vankova,Z9/20,3,"JUDr. Markéta Vaňková, primátorka: Návrh byl schválen, bod byl zařazen. Nyní budeme hlasovat o programu, jako celku. Zahajuji hlasování, kdo je pro program, jako celek? Hlasování č. 5: 51 - 0 - 0 - 0",2,21185e2ff631d16f
marketa-vankova,Z9/20,3,"JUDr. Markéta Vaňková, primátorka: Program byl schválen. Nyní tedy přistoupíme k projednání bodu č. 124).",0,21185e2ff631d16f
marketa-vankova,Z9/20,8,"JUDr. Markéta Vaňková, primátorka: Děkuji moc, pane řediteli. Já myslím, že můžete …",0,21185e2ff631d16f
marketa-vankova,Z9/20,8,"JUDr. Markéta Vaňková, primátorka: Si, si sednout. Díky. Pan zastupitel Koláčný.",0,21185e2ff631d16f
marketa-vankova,Z9/20,9,"JUDr. Markéta Vaňková, primátorka: Máme 8:30, takže přerušujeme tento bod a zahajujeme bod č. 2), což jsou Dotazy, připomínky a podněty občanů. Občané, jste-li přítomni v sále, tak máte prostor.",0,21185e2ff631d16f
marketa-vankova,Z9/20,9,"JUDr. Markéta Vaňková, primátorka: Já si myslím, že asi všichni v tomto sále vnímáme, že jsme problematiku vystěhování paní Burešové z bytu projednávali tady opakovaně, ale pro případ, že by tady v sále byl někdo, kdo s touto kauzou není obeznámen, tak si myslím, že by bylo vhodné, aby slyšel aspoň základní nějaké informace, aby neodcházel z jednání zastupitelstva s pocitem, že se tady dějí nějaké nepravosti, tak jak to bylo naznačeno, a nemorální kroky. A já poprosím, jestli tady mám pana vedoucího Poláka? Jo. Poprosím, pane vedoucí, jestli můžete úplně krátce, protože vím, že bychom tady mohli tím strávit hodiny a hodiny, stejně tak jak hodiny a hodiny jste strávil Vy a Vaši kolegové s jednáním s paní Burešovou ve snaze pomoci jí, jakkoli. Tak jenom velmi krátce shrnout, co všechno paní Burešové bylo nabídnuto a co odmítla. A já jenom eště, než začne pan vedoucí hovořit, tak bych chtěla, za sebe, říci, že i já jsem s paní Burešovou opakovaně jednala, navrhovala jsem jí různé postupy, ještě v době, kdy nedošlo k tomu vystěhování. A zároveň musím konstatovat, protože v té řeči bylo řečeno něco v tom smyslu, že údajná soudní rozhodnutí, prostě celá ta záležitost byla řádně projednána před soudy České republiky s využitím prostě všech prostředků, které byly. A vůči paní Burešové se postupovalo prostě v souladu se zákonem a soudními rozhodnutími. Takže nejsou to žádná údajná rozhodnutí, jsou to prostě soudní rozhodnutí. A teď poprosím pana vedoucího. Zejména, co se dělo ve vztahu k vystěhování a po vystěhování.",0,21185e2ff631d16f
marketa-vankova,Z9/20,10,"JUDr. Markéta Vaňková, primátorka: Děkuju moc, takto je to dostačující, úplně. Děkuju. Tak poprosím dalšího občana.",0,21185e2ff631d16f
marketa-vankova,Z9/20,10,"JUDr. Markéta Vaňková, primátorka: No, já myslím, že už na to není potřeba znovu reagovat. Myslím si, že vše podstatné bylo řečeno. Jak říkám, opakovaně, a teď to shrnul i pan vedoucí Polák, a pokud by si měl někdo zametat před vlastním prahem, tak pan vedoucí Polák to určitě není. Poprosím dalšího občana. No, dobře. Tak máte 2 min.",0,21185e2ff631d16f
marketa-vankova,Z9/20,10,"JUDr. Markéta Vaňková, primátorka: Tak. Předpokládám, že asi reakce písemně, pan radní si převzal mapku.",0,21185e2ff631d16f
marketa-vankova,Z9/20,11,"JUDr. Markéta Vaňková, primátorka: Tak. Vypadá to, že už tady nemáme dnes žádného občana ve veřejnosti, který by chtěl v rámci bodu 2) promlouvat. To znamená, ukončujeme projednání bodu č. 2) a vracíme se k bodu č. 124).",0,21185e2ff631d16f
marketa-vankova,Z9/20,14,"JUDr. Markéta Vaňková, primátorka: Tak. Poprosím, jestli je někdo další přihlášený do diskuse? Není tomu tak, takže v souladu s jednacím řádem začneme hlasovat. Budeme hlasovat nejprve o protinávrzích, a to v pořadí, v jakém byly předloženy. To znamená, nejprve budeme hlasovat o návrhu usnesení pana náměstka Kerdla, to znamená, já to ještě jednou přečtu - Zastupitelstvo města Brna vyjadřuje",2,21185e2ff631d16f
marketa-vankova,Z9/20,15,"JUDr. Markéta Vaňková, primátorka: Bude, bude se hlasovat v souladu s jednacím řádem. První budeme hlasovat o návrhu pana náměstka Kerndla, následně budeme hlasovat o návrhu pana zastupitele Zemka, jelikož se ty návrhy nevylučují. A předpokládám, ale poprosím také o nějaké výkladové stanovisko, že ani ten původní návrh se nevylučuje s žádným z protinávrhů, takže jako poslední budeme hlasovat o původním návrhu usnesení. Hm, jo, už jsem Vás zapla.",2,21185e2ff631d16f
marketa-vankova,Z9/20,15,"JUDr. Markéta Vaňková, primátorka: Hm. Takže, zahajuji hlasování o návrhu pana náměstka Kerndla - Zastupitelstvo města Brna vyjadřuje podporu generálnímu řediteli Miloši Havránkovi. Zahajuji hlasování: Hlasování č. 6: 38 - 0 - 8 - 5",2,21185e2ff631d16f
marketa-vankova,Z9/20,15,"JUDr. Markéta Vaňková, primátorka: Usnesení bylo přijato. Nyní budeme hlasovat o návrhu pana zastupitele Zemka, to je - Zastupitelstvo města Brna zdvořile žádá Dopravní podnik města Brna, aby v této složité situaci našel právní cestu, jak legálně poskytnut členům Zastupitelstva města Brna veškeré vyžádané materiály k projektu lanovky Pisárky-Kampus. Zahajuji hlasování: Hlasování č. 7: 43 - 0 - 2 - 6",2,21185e2ff631d16f
marketa-vankova,Z9/20,15,"JUDr. Markéta Vaňková, primátorka: Usnesení bylo přijato. A nyní budeme hlasovat o původně navrženém usnesení, tak jak ho máte v písemném materiálu. Zahajuji hlasování: Hlasování č. 8: 7 - 10 - 17 - 17",0,21185e2ff631d16f
marketa-vankova,Z9/20,15,"JUDr. Markéta Vaňková, primátorka: Usnesení nebylo přijato. Tak. A budeme pokračovat projednáním bodu č. 6).",0,21185e2ff631d16f
marketa-vankova,Z9/20,16,"JUDr. Markéta Vaňková, primátorka: Pane zastupiteli, jsme v bodě č. 6). Při schvalování programu jsem říkala, že bod č. 5) budeme projednávat jako první bod po přestávce, to znamená v 11 hod.",0,21185e2ff631d16f
marketa-vankova,Z9/20,16,"JUDr. Markéta Vaňková, primátorka: Tak. Někdo do diskuse k bodu č. 6)? Paní zastupitelka Drápalová.",0,21185e2ff631d16f
marketa-vankova,Z9/20,16,"JUDr. Markéta Vaňková, primátorka: Poprosím pana ředitele společnosti Veletrhy Brno, pana ředitele Kubatu.",0,21185e2ff631d16f
marketa-vankova,Z9/20,16,"JUDr. Markéta Vaňková, primátorka: Nikdo další není přihlášený do, jo. Paní zastupitelka Drápalová.",0,21185e2ff631d16f
marketa-vankova,Z9/20,17,"JUDr. Markéta Vaňková, primátorka: Poprosím pana Mgr. Procházku.",0,21185e2ff631d16f
marketa-vankova,Z9/20,17,"JUDr. Markéta Vaňková, primátorka: V tuto chvíli tedy není nikdo přihlášený, tak můžeme přistoupit k hlasování. Zahajuji hlasování o návrhu usnesení, tak jak ho máme v písemném materiálu. Zahajuji hlasování: Hlasování č. 9: 36 - 1 - 11 - 3",2,21185e2ff631d16f
marketa-vankova,Z9/20,19,"JUDr. Markéta Vaňková, primátorka: Poprosím opět pana Mgr. Procházku.",0,21185e2ff631d16f
marketa-vankova,Z9/20,20,"JUDr. Markéta Vaňková, primátorka: Tak. Vypadá to, že nikdo další nechce diskutovat tadyktomuto bodu, takže přistoupíme k hlasování. Zahajuji hlasování: Hlasování č. 14: 40 - 1 - 10 - 0",0,21185e2ff631d16f
marketa-vankova,Z9/20,20,"JUDr. Markéta Vaňková, primátorka: Poprosím pana ředitele Jelínka.",0,21185e2ff631d16f
marketa-vankova,Z9/20,21,"JUDr. Markéta Vaňková, primátorka: Nikdo další se nehlásí do diskuse, tak děkuji panu řediteli a přistoupíme k hlasování. Zahajuju hlasování: Hlasování č. 15: 46 - 0 - 5 - 1",0,21185e2ff631d16f
marketa-vankova,Z9/20,21,"JUDr. Markéta Vaňková, primátorka: Není nikdo další přihlášený, zahajuji hlasování: Hlasování č. 16: 43 - 1 - 8 - 0",0,21185e2ff631d16f
marketa-vankova,Z9/20,22,"JUDr. Markéta Vaňková, primátorka: Vycházím z toho, že jste řekla, že to vni, berete jako takový povzdech, takže nebudu pana Šašinku, ani pana Kubeše zvát k mikrofonu. Nicméně, pana Šašinku teda nevidím, ale asi tam taky je, ale pana Kubeše vidím, a vidím, že to vnímá. A my, všichni ostatní, jsme samozřejmě si to také vzali k srdci. Kdo další přihlášený? Zahajuji hlasování: Hlasování č. 17: 41 - 0 - 8 - 2",0,21185e2ff631d16f
marketa-vankova,Z9/20,24,"JUDr. Markéta Vaňková, primátorka: Není nikdo další přihlášený, na základě návrhu pana zastupitele Hollana budeme hlasovat o odrážkách. Takže nejprve budeme hlasovat o bodu č. 1 - schvaluje použití zdrojů Fondu mobility ve výši 4.000.000, na Kobližnou. Zahajuji hlasování: Hlasování č. 23: 46 - 1 - 3 - 1",2,21185e2ff631d16f
marketa-vankova,Z9/20,24,"JUDr. Markéta Vaňková, primátorka: Návrh byl schválen. Nyní budeme hlasovat o schvaluje použití zdrojů Fondu mobility ve výši 2.000.000, na Petrskou. Zahajuji hlasování: Hlasování č. 24: 45 - 0 - 5 - 1",2,21185e2ff631d16f
marketa-vankova,Z9/20,24,"JUDr. Markéta Vaňková, primátorka: Návrh byl schválen. Nyní schvalujeme použití zdrojů Fondu mobility ve výši 1,5 milionu, 1.000, no, prostě, 1.000, 500.000, to je, matematika mně nikdy nešla, na vybudování parkovacích stání na ulici Vavřinecká. Zahajuji hlasování: Hlasování č. 25: 46 - 0 - 4 - 1",2,21185e2ff631d16f
marketa-vankova,Z9/20,25,"JUDr. Markéta Vaňková, primátorka: Návrh byl také schválen. Vzhledem k tomu, že byly schváleny všechny 4 položky, tak můžeme hlasovat o bodu č. 2 - schvaluje rozpočtové opatření dle tabulky, v nezměněné poloze, takže, podobě. Zahajuji hlasování, kdo je pro bod č. 2, tak jak byl navržen: Hlasování č. 26: 46 - 1 - 2 - 2",2,21185e2ff631d16f
marketa-vankova,Z9/20,26,"JUDr. Markéta Vaňková, primátorka: Děkuji za podnět, pan ředitel městské policie bedlivě poslouchal, podnět zváží a nějakým způsobem s ním naloží. Pan zastupitel Zemek.",0,21185e2ff631d16f
marketa-vankova,Z9/20,26,"JUDr. Markéta Vaňková, primátorka: Tak evidentně, co zastupitel, to názor. Paní zastupitelka Flamiková.",0,21185e2ff631d16f
marketa-vankova,Z9/20,26,"JUDr. Markéta Vaňková, primátorka: A ještě k panu zastupiteli Zemkovi. Pokud bude mít nějaký geniální návrh, jak posílit počty strážníků městské policie, tak budu velmi ráda za, za tento podnět. Pan zastupitel Kment.",2,21185e2ff631d16f
marketa-vankova,Z9/20,26,"JUDr. Markéta Vaňková, primátorka: Tak. Nikdo další není přihlášený do diskuse, tak zahajuji hlasování. Paní zastupitelka Flamiková se hlásí, nebo je to omyl?",0,21185e2ff631d16f
marketa-vankova,Z9/20,26,"JUDr. Markéta Vaňková, primátorka: Dobrý. Tak, končím hlasování: Hlasování č. 29: 47 - 0 - 2 - 3",0,21185e2ff631d16f
marketa-vankova,Z9/20,29,"JUDr. Markéta Vaňková, primátorka: Jenom taková lehká poznámka. Paní zastupitelko, my, co jsme byli členové povodňové komise, a nebylo nás málo, přítomných v tomto, v sále, tak jsme v době, kdy byl vyhlášený 3. stupeň povodňové aktivity, zasedali nepřetržitě. Takže Vás můžu ujistit, že jsme s lidmi z ČHMÚ hovořili. Tak. Děkuji. Ano, paní zastupitelka.",0,21185e2ff631d16f
marketa-vankova,Z9/20,29,"JUDr. Markéta Vaňková, primátorka: Tak. Nikdo, jo. Ještě s, paní zastupitelka Flamiková bude reagovat.",0,21185e2ff631d16f
marketa-vankova,Z9/20,30,"JUDr. Markéta Vaňková, primátorka: Tak. Nikdo další není přihlášený, budeme tedy hlasovat o návrhu paní zastupitelky Flamikové, který zní - zastupitelstvo žádá Radu města Brna, aby zajistila pravidelně před, pravidelné předkládání informativní zprávy o postupu protipovodňových opatření, jednou za 3 měsíce. Zahajuji hlasování: Hlasování č. 40: 11 - 1 - 12 - 29",2,21185e2ff631d16f
marketa-vankova,Z9/20,30,"JUDr. Markéta Vaňková, primátorka: Usnesení nebylo přijato. Nyní budeme hlasovat, jsme v bodě 36), o návrhu usnesení, tak jak byl předložen. Zahajuji hlasování: Hlasování č. 41: 51 - 0 - 1 - 1",2,21185e2ff631d16f
marketa-vankova,Z9/20,32,"JUDr. Markéta Vaňková, primátorka: Tak. Poprosím paní vedoucí Vorlíčkovou. Je to, je to smlouva o poskytnutí individuální dotace, my je máme schválené jako vzorové smlouvy, které používáme vždy. Myslím si, že není, než paní vedoucí dojde, tak, za mě, není úplně jako nezbytné ty, ta ustanovení vypouštět. Nemusí se naplnit, ale na druhé straně můžeme, můžeme je i vypustit. Tak, paní vedoucí, nějak se k tomu postavte.",0,21185e2ff631d16f
marketa-vankova,Z9/20,32,"JUDr. Markéta Vaňková, primátorka: Dobře. Děkuji. Tak. To znamená, vnímám to tak, paní vedoucí, že nenavrhujete vypuštění těch bodů? Zůstanou tam, nebudou případně naplněny.",0,21185e2ff631d16f
marketa-vankova,Z9/20,32,"JUDr. Markéta Vaňková, primátorka: Dobře. Tak. Tak děkuji, nicméně ten návrh padl, tak o něm budeme hlasovat. A jenom, protože já to tady nemám, jenom, pane zastupiteli, přesně, která jste říkal, ta čísla těch odstavců? Nebo usnesení? Ustanovení?",2,21185e2ff631d16f
marketa-vankova,Z9/20,32,"JUDr. Markéta Vaňková, primátorka: Tak. Perfektní. Taks, děkuji, tak si ušetříme jedno hlasování. Takže děkuji, tak jdeme hlasovat o usnesení, tak jak bylo navrženo. Zahajuji hlasování, kdo je pro navržené usnesení, kdo je proti, kdo se zdržel? Paní zastupitelka Flamiková se hlásí, nebo opět omyl? Dobrý. Tak. Končím hlasování: Hlasování č. 49: 52 - 0 - 0 - 1",0,21185e2ff631d16f
marketa-vankova,Z9/20,34,"JUDr. Markéta Vaňková, primátorka: To si myslím, že není problém. To uděláme. Já možná jenom, jako obecněji k tomu, a navážu na paní zastupitelku Drápalovou, my jsme vlastně rozhodovali bezprostředně poté, kdy ta potřeba vznikla. Vlastně výslovně se na nás obrátil pan primátor z Opavy s žádostí o poskytnutí právě té materiální pomoci, ne peněžité, ale, ale té, ty konkrétní věci. A protože jsme potřebovali skutečně tu, tu pomoc poskytnout velmi rychle, tak se to udělalo prostřednictvím zejména tedy městských společností, kde se svolaly narychlo představenstva, která o tom byla schopná rozhodnout. To byly ty finanční částky. Myslím, že to bylo s, nebo vím to určitě, SAKO a Teplárny, v, v hodnotě 500.000, obě dvě ty společnosti, a pak se přidávaly samozřejmě i další společnosti s, jako s ji, s jinou pomocí. A my jsme chtěli pomoci zejména té Opavě, protože jsme to vyhodnotili, že je to statutární město Brno, chtěli jsme pomoct pro, teda statutární město, takže jsme, jako statutární město Brno, chtěli pomoci jinému statutárnímu městu. A, a jak říkám, navíc se na nás pan primátor obrátil. Zároveň jsme ale, jako rada, chtěli poskytnout i další peníze tadytěmto městům, které jsou uvedeny v tomto materiálu, protože ty jsme zase vyhodnotili jako nejvíce postižené. A protože zase bylo potřeba, nebo jsme vnímali tu potřebnost rozhodnout co možná nejrychleji, tak jsme rozhodli v částce 100.000 pro každého, pro každé město, protože to je ten limit, o kterém mohla rozhodnout rada. Takže my dneska v tomto materiálu vlastně schvalujeme jenom rozpočtové opatření, to rozhodnutí o poskytnutí těch peněz už učinila rada, což spadalo do její kompetence, ale musíme to teď dotáhnout do konce, v rámci rozpočtového opatření. Tak to jenom na vysvětlení, i ve vztahu k té částce a k tomu procesu. A samozřejmě bych chtěla poděkovat, oni už teda pan, pánové ředitelé asi odešli, co tady byli, ale chtěla bych poděkovat všem městským společnostem, které se do toho zapojily. A samozřejmě bych chtěla poděkovat i všem městským částem, protože vím, že na mnoha městských částech vznikaly sbírky pomoci. Komunikovali jsme na začátku, jestli to budeme, jako město, nějak zastřešovat, ale nakonec jsme přistoupili k tomu, že jsme nechali každou městskou část, pokud chtěla pomoci, aby si vybrala i toho adresáta, kam bude tu pomoc směřovat. Takže jsme to nechali na těch městských částech. A taky děkuji všem, kteří se do toho zapojili. Tak. Tudíž, tolik k pomoci z úrovně města, městských částí a městských společností. Pan náměstek Černý.",0,21185e2ff631d16f
marketa-vankova,Z9/20,35,"JUDr. Markéta Vaňková, primátorka: Nikdo další není přihlášený, tak, byť si teda lehce myslím, že ten návrh pana zastupitele Hollana úplně jako nepatří do tohoto bodu, a jednací řád, náš, na to pamatuje, ale nechci vést tuto debatu, tak nechám hlasovat o tom návrhu, tak jak ho předložil. To znamená, pan zastupitel Hollan navrhuje přijetí usnesení - Zastupitelstvo města Brna žádá Radu města Brna, aby zajistila pravidelné předkládání informativní zprávy o postupu protipovodňových opatření, jednou za 3 měsíce. Zahajuji hlasování: Hlasování č. 50: Neplatné hlasování",2,21185e2ff631d16f
marketa-vankova,Z9/20,35,"JUDr. Markéta Vaňková, primátorka: Kdo je pro tento návrh, kdo je proti, kdo se zdržel? Tak, pořád nehlasovalo 25 zastupitelů, ale mám za to, že měli dostatečný prostor vyjádřit svůj názor hlasováním, tudíž končím hlasování. Pro 10, proti 1, zdrželo se 17. Usnesení nebylo přijato. Nyní budeme hlasovat o návrhu usnesení, tak jak bylo předloženo. Paní náměstkyně Podivínská.",2,21185e2ff631d16f
marketa-vankova,Z9/20,35,"JUDr. Markéta Vaňková, primátorka: Takže zmatečné hlasování. Hlasujeme znovu o návrhu pana zastupitele Hollana. Zahajuji hlasování: Hlasování č. 51: 9 - 2 - 18 - 24",2,21185e2ff631d16f
marketa-vankova,Z9/20,35,"JUDr. Markéta Vaňková, primátorka: Usnesení nebylo schváleno. A nyní tedy budeme hlasovat o návrhu usnesení, tak jak bylo navrženo v písemném materiálu. Zahajuji hlasování: Hlasování č. 52: 53 - 0 - 0 - 0",2,21185e2ff631d16f
marketa-vankova,Z9/20,35,"JUDr. Markéta Vaňková, primátorka - přistoupila k projednání bodu č. 5) dle schváleného programu zasedání v rámci Technického bodu.",0,21185e2ff631d16f
marketa-vankova,Z9/20,36,"JUDr. Markéta Vaňková, primátorka: Poprosím ten písemný návrh. Tak, děkuju moc. Já jenom, pane zastupiteli Kmente, aniž by Vá, bych Vám chtěla zasahovat do Vašeho usnesení, a myslím si, že jste myslel spíš čl. 25, 26, a ne 55, 56? Ano?",2,21185e2ff631d16f
marketa-vankova,Z9/20,36,"JUDr. Markéta Vaňková, primátorka: Dobře. Tak, asi si to opravte. Jo, aha, pardon, tak, tak to já se omlouvám. Takže, takže po, to jsou ty body teda, to jsou ty, ty sociální záležitosti?",0,21185e2ff631d16f
marketa-vankova,Z9/20,36,"JUDr. Markéta Vaňková, primátorka: Jo, no, jo, dobře. Aha, tak dobrý. Tak to bylo, to jsem já předjímala něco jiného, než, než Vy jste myslel, dobře. Takže, takže dobře. Takže, takže se omlouvám za zmatky já, dobře. A někdo další do diskuse? Není, tak já přece jenom, jo, tak jsem správně říkala, že by to bylo tak bez, bez diskuse, tak paní zastupitelka Drápalová.",0,21185e2ff631d16f
marketa-vankova,Z9/20,37,"JUDr. Markéta Vaňková, primátorka: Někdo dalšími do diskuse? Pan zastupitel Zemek.",0,21185e2ff631d16f
marketa-vankova,Z9/20,37,"JUDr. Markéta Vaňková, primátorka: Takže máme návrh na stažení, je to procesní návrh, o kterém se hlasuje bez diskuse. Zahajuji hlasování: Hlasování č. 53: 19 - 8 - 12 - 13",2,21185e2ff631d16f
marketa-vankova,Z9/20,37,"JUDr. Markéta Vaňková, primátorka: Návrh nebyl schválen. Takže, pokračujeme v projednání tadytoho materiálu. Tak. Nevidím nikoho přihlášeného do diskuse, takže si dovolím vzít slovo já. Já bych chtěla říci, a budu se vyjadřovat k těm čl. 25, 26, chtěla bych říci, že tuto záležitost já, osobně, řeším více než rok a půl. Důvod, proč jsme dospěli až tadydotohoto stavu a datodytoho návrhu změny statutu, je ten, že jsme v konkrétním případě řešili problém spočívající v tom, že z úrovně města Brna jsme uzavřeli s developerem smlouvu o investičním příspěvku, v rámci které jsme si nadefinovali, s tím developerem, že se v určité lokalitě vystaví komunikace na pozemcích města. Bohužel jsme si při uzavírání té smlouvy neuvědomili, že jeden z těchto pozemků je svěřen městské části. A následně, při probíhajícím řízením u stavebního úřadu, městská část nesouhlasila s daným projektem. A my jsme se ocitli v ne úplně komfortní situaci, kdy jsme na jednu stranu měli uzavřenou smlouvu, kde jsme tomu subjektu ja, jednoznačně deklarovali, že v dané lokalitě bude postavena komunikace, a městská část s tímto projektem nesouhlasila. Je to jako nepříjemné, protože samozřejmě pro ten druhý smluvní subjekt to byla situace, která byla těžko pochopitelná, že uzavřeme smlouvu, a pak nejsme schopni, z úrovně města, dostát těm smluvním závazkům. Z toho důvodu se začalo řešit, jak vlastně ta kompetence je, jestli vůbec městské části mají tu kompetenci v rámci z, toho stavebního řízení tento úkon udělat, protože zákon to neřeší. Dotazovali jsme se na Ministerstvo vnitra, řešil to Majetkový odbor, řešilo to ORGO, poměrně složitá prostě právní konstrukce. A závěr té, toho právního rozboru, a eště, nebo právního názoru, a eště ve spojení",2,21185e2ff631d16f
marketa-vankova,Z9/20,39,"JUDr. Markéta Vaňková, primátorka: Já jenom krátce zareaguji. Paní starostko, jednak rozhodně to není o tom, nic takového jsem neřekla, ani si to nemyslím, že bychom měli jednat v zájmu developerů. Rozhodně si nemyslím, že by městská část ztratila možnost, jednak jednat s občany o tom projektu, jednat s tím stavebníkem a vyjádřit svoje požadavky. Dyť to tak probíhá i teď, když jsou ty stavby celoměstského významu, kde to vyjádření dávám já, jako primátorka, a připravuje mě ho KAM, tak vždy máme vyžádáno stanovisko městské části. A v naprosté většině případů do toho mého, budu říkat mého, protože to tak zákon prostě má, že to je vyjádření primátorky, primátora, primátorky, tak do toho mého vyjádření, v naprosté většině případů, ty požadavky městské části dáme. Na tom se nic nemění. A to, to ani, to, ten statut, ta změna, kterou dneska projednáváme, s tím nemá vůbec nic společného. To prostě pořád je ten proces stejný. My teď, jediná změna, která je, že rozšiřujeme jako ty případy, kdy budeme my vystupovat jako účastník řízení, v případě, že ten pozemek je svěřen. A budou to ty nadefinované projekty, které budou skutečně ty nejvýznamnější, protože budou nadefinovány v těch zásadách, jako ty, ke kterým budeme uzavírat ty plánovací smlouvy. To, že jsem řekla, že to bylo vyvoláno jedním konkrétním případem, tak to neznamená, že kůli jednomu případu máte jakokdyby trpět všichni. Já jsem řekla, že celý tendle proces začal před, přibližně, rokem a čtvrt, rokem a půl, právě proto, že jsme tadynato narazili, v jednom konkrétním případě, ale také jsem řekla, že já, za sebe, považuju tadyto řešení za systémové. Takže to není o tom, že by kvůli jednomu případu jsme měnili statut. Ale vzhledem k tomu, že ten jeden konkrétní případ nám ukázal tadynatu, jakokdyby, jako nesrovnalost v tom, že na jedné straně město uzavírá smlouvu, a na druhé straně městská část je účastníkem řízení, tak na to systémově reagujeme návrhem změny statutu. A je to, za mě, naprosto v pořádku. A za mě, bylo nelogické, aby to bylo prostě naopak. Aby jako město uzavíralo smlouvy, a městská část byla účastníkem, a mohly být v rozporu. Ale to, že městské části, znova opakuju, to, že městské části jsou, a i do budoucna budou, prostě partnerem města k tomu, aby jako vyjádřily ty svoje jako podněty k tomu, jak by tam ta výstavba měla vypadat, to stále platí. A bude to platit i nadále. To jako tadle změna statutu nijakým způsobem nezmění. Pan radní Bořecký.",2,21185e2ff631d16f
marketa-vankova,Z9/20,40,"JUDr. Markéta Vaňková, primátorka: Tak já předpokládám, že znáte zákon, znáte postupy a vnímáte, že ten postup je stejný už teď. A asi vnímáte, že to moje rozhodnutí, a jak jsem to řekla, že budu ho jako nazývat mým rozhodnutím, protože o tom tak hovoří zákon, je zároveň rozhodnutí, které je schvalováno Radou města Brna? Tak jak tady padlo, a jak samozřejmě všichni víte, tak ho připravuje KAM. Připravuje ho poté, co se k tomu městská část vyjádří. Takže ano, mohu říci, že v souladu s tímto zákonným postupem a v souladu s postupem, který tady je již několik let dodržován, tak ano, cítím se jako ta osoba, která může být podepsána na tam papíru. Protože to tak říká zákon, že je to stanovisko primátora. Ale samozřejmě já nejsem ta, která by chodila na Vaše chodníky se dívat, jestli jsou v souladu se zájmem Vaší městské části. To bych samozřejmě nezvládla, kdybych měla chodit po všech těch stavbách. Nečiním tak doteď, a nebudu to činit samozřejmě ani do budoucna. A co se týče toho, toho druhého Vašeho dotazu. Ano, budou to ty stavby, které budou v rámci zásad nadefinovány jako ty, ke kterým bude uzavírána plánovací smlouva. A znovu říkám, měly by to být ty stavby, na které budeme mít, jako město, největší zájem. A tak si je nadefinujeme v těch zásadách. Paní zastupitelka Drápalová.",0,21185e2ff631d16f
marketa-vankova,Z9/20,41,"JUDr. Markéta Vaňková, primátorka: Já jenom úplně krátkou reakci. Vzhledem k tomu, že jsem op, opakovaně řekla, že je to, považuju za systémově správné řešení, tak zároveň přiznávám, že bych byla také radši, kdybychom schvalovali tu změnu statutu zároveň se schválením zásad. To nepopírám. Na druhé straně, i ty zásady budou schvalovány a budou probíhat prostě nějaké diskuse, ať už před jednáním zastupitelstva, nebo na zastupitelstvu, a v tom znění, v jakém zastupitelstvo ty zásady schválí, tak takové znění se propíše do toho statutu. To znamená, ano, teď neumíme jednoznačně definovat, protože zásady nejsou, ale zároveň, jakokdyby, pokud bude vůle zastupitelstva schválit zásady v daném znění, tak to bude mít ten vliv na ten statut. Kdybychom dneska schválili zásady i statut, mohli bysme na příštím jednání zastupitelstva zásady třeba měnit. Prostě není to nezbytně nutné, aby se to schvalovalo zároveň, byť ano, paní starostko, v tomto s Vámi souhlasím, bylo by jakokdyby vhodnější, kdybychom to mohli schvalovat zároveň. Ale protože říkám, že tuto věc řeším už rok a čtvrt, nebo rok a půl, už jsme to tady jednou měli, bylo to prostě, spousta práce na tom odpracované, spoustu lidí to dělalo, tak prostě si nemys, a nemyslím si, že by se prostě ta diskuse, za třeba dalšího půl roku, posunula někam jinam. Pořád to budo o tom střetu prostě práv starostů a, a práv města. Z toho důvodu jsem dospěla k tomu procesnímu postupu, že i za cenu, že nemáme v tuto chvíli schváleny zásady, tak toto znění do statutu navrhuji, nebo navrhujeme, aby bylo, aby bylo zakotveno. Pan zastupitel Štefan.",0,21185e2ff631d16f
marketa-vankova,Z9/20,41,"JUDr. Markéta Vaňková, primátorka: A já Vám na tudle část odpovídám. Bude to stejně jako doteď, když jsme rozhodovali v celoměstském zájmu. Prostě přijde mně na jednání rady bod, který se jmenuje Stanovisko primátorky, je to dokument, který je na hlavičce primátorky, je pod ním podepsaná primátorka, ale je to dukument, který vzniká na KAM, který podléhá předtím, projednáním s městskou částí, respektive městská část k tomu písemně dává své stanovisko. My, v naprosté většině případů, městské části s těmi požadavky vyhovíme a vtělíme to do toho stanoviska primátorky, a to stanovisko primátorky, jako takové, schvaluje Rada města Brna. Tak to je, tak to bylo, a tak to bude. Jenom se to bude vztahovat i na pozemky, které jsou svěřeny městské části. Pokud tam prostě bude, bude pozemek svěřený městské části, tak jak o tom teď rozhodoval starosta, nebo účastníkem řízení byla městská část, a ne město, tak to bude, tak to bude město. Pan zastupitel Štefan.",0,21185e2ff631d16f
marketa-vankova,Z9/20,41,"JUDr. Markéta Vaňková, primátorka: Já si myslím, že tato debata už je asi, jako nadbytečná. Pan náměstek Kerndl.",0,21185e2ff631d16f
marketa-vankova,Z9/20,42,"JUDr. Markéta Vaňková, primátorka: V tuto chvíli není nikdo přihlášený, takže přistoupíme k hlasování. Máme tady 2 návrhy, jako s úpravou, první byl od pana zastupitele Kmenta. Já to nebudu číst celé, ono to tady ani není celé napsané, ale je to, že zastupitelstvo vydává ten statut, s výjimkou čl. 17, 18, 55 a 56. Takže teď hlasujeme tadyotomto návrhu, výjimky čl. 17, 18, 55, 56. Zahajuji hlasování, kdo je pro tento návrh, kdo je proti, kdo se zdržel? Končím hlasování, jo, pan Urubek. Hlasování č. 54: Neplatné hlasování",2,21185e2ff631d16f
marketa-vankova,Z9/20,42,"JUDr. Markéta Vaňková, primátorka: Takže, končíme hlasování, zmatečné hlasování, budeme hlasovat znovu. A znovu opakuji, je to návrh pana zastupitele Kmenta, s tím, že je to schválení statutu, s výjimkou čl. 17, 18, 55, 56. Zahajuji hlasování: Hlasování č. 55: 13 - 1 - 23 - 14",2,21185e2ff631d16f
marketa-vankova,Z9/20,42,"JUDr. Markéta Vaňková, primátorka: Návrh nebyl přijat. Nyní budeme hlasovat o návrhu paní zastupitelky Drápalové. To znamená, zase zastupitelstvo schvaluje, s výjimkou čl. 25 a 26, a přílohy 7. Zahajuji hlasování: Hlasování č. 56: 15 - 1 - 23 - 12",2,21185e2ff631d16f
marketa-vankova,Z9/20,42,"JUDr. Markéta Vaňková, primátorka: Návrh nebyl schválen. Tak. A nyní budeme hlasovat o usnesení, tak jak bylo navrženo. Zahajuji hlasování: Hlasování č. 57: 29 - 0 - 16 - 7",2,21185e2ff631d16f
marketa-vankova,Z9/20,42,"JUDr. Markéta Vaňková, primátorka: Návrh byl schválen. A já děkuji všem kolegům, kteří ten návrh podpořili. Důvody jsem řekla v rámci diskuse.",2,21185e2ff631d16f
marketa-vankova,Z9/20,48,"JUDr. Markéta Vaňková, primátorka: Nikdo další není přihlášený do diskuse, zahajuji hlasování: Hlasování č. 71: 44 - 0 - 5 - 1",0,21185e2ff631d16f
marketa-vankova,Z9/20,50,"JUDr. Markéta Vaňková, primátorka - prohlásila hlasování za zmatečné a nechala opětovně hlasovat o přijetí usnesení k bodu 63): Hlasování č. 74: 45 - 0 - 6 - 0",0,21185e2ff631d16f
marketa-vankova,Z9/20,51,"JUDr. Markéta Vaňková, primátorka: Tento materiál je variantní. Rada města Brna rozhodla, podpořila variantu B. To znamená, budu dávat hlasovat o variantě B.",0,21185e2ff631d16f
marketa-vankova,Z9/20,51,"JUDr. Markéta Vaňková, primátorka: Někdo další do diskuse? Není tomu tak, tak budeme hlasovat, na základě návrhu pana zastupitele Koláčného, o variantě A. Zahajuji hlasování, kdo je pro, znovu opakuji, hlasujeme o návrhu pana zastupitele Koláčného, varianta A: Hlasování č. 77: 14 - 0 - 22 - 16",2,21185e2ff631d16f
marketa-vankova,Z9/20,51,"JUDr. Markéta Vaňková, primátorka: Usnesení nebylo přijato. Nyní budeme tedy hlasovat o variantě B, tak jak bylo schváleno radou. Zahajuji hlasování: Hlasování č. 78: 49 - 0 - 2 - 1",0,21185e2ff631d16f
marketa-vankova,Z9/20,58,"JUDr. Markéta Vaňková, primátorka: Jste odvážný. Tak, rozhodně já se tomuto postupu nebráním a ptám se, jestli někdo z přítomných zastupitelů chce projednat některý z bodů 84) – 111) samostatně? Tak. Já si myslím, že Vás využiji i příští, na příští zastupitelstvo, evidentně, když návrh na spojení bodů dáte Vy, tak máte větší úspěch, než když tak činím já. Takže otevírám diskusi k bodům 84) – 111). Nikdo není přihlášený do diskuse. No, myslím si, že to teda tady eště, tento sál neviděl, a, a omlouvám se tady všem, kteří se tady vznáší nad námi, že tak jako, dobře. Tak, nikdo není přihlášený, takže zahajuji hlasování k bodům 84) – 111). Zahajuji hlasování: Hlasování č. 95: 51 - 0 - 0 - 1",2,21185e2ff631d16f
marketa-vankova,Z9/20,69,"JUDr. Markéta Vaňková, primátorka: Pan zastupitel Levíček? Budeme spojovat?",0,21185e2ff631d16f
marketa-vankova,Z9/20,69,"JUDr. Markéta Vaňková, primátorka: Můžeme spojit body 114) a 115), jestli někdo nemá námitek? 114), 115), takže otevírám diskusi k bodům 114) – 115). Není nikdo přihlášený, zahajuji hlasování bodu k bodům 114) a 115): Hlasování č. 98: 46 - 0 - 4 - 2",0,21185e2ff631d16f
marketa-vankova,Z9/20,70,"JUDr. Markéta Vaňková, primátorka - navrhla společné hlasování o bodech 117) – 123).",4,21185e2ff631d16f
marketa-vankova,Z9/20,70,"JUDr. Markéta Vaňková, primátorka - přistoupila k projednání bodů 117).",0,21185e2ff631d16f
marketa-vankova,Z9/20,71,"JUDr. Markéta Vaňková, primátorka - přistoupila ke společnému projednání bodů 118) a 119).",0,21185e2ff631d16f
marketa-vankova,Z9/20,71,"JUDr. Markéta Vaňková, primátorka: Poprosím, jesi tady je Tomáš Pivec, nebo paní Chudáčková? A já jenom zopakuji, možná ta debata jako byla příliš složitá, že my jsme, i já, i pan radní Bořecký, jsme opakovaně uváděli, že to stanovisko městské části dáváme do toho stanoviska primátorky. To znamená do toho dokumentu,",0,21185e2ff631d16f
marketa-vankova,Z9/20,72,"JUDr. Markéta Vaňková, primátorka: Nějaké další dotazy? Pokud nejsou, tak zahajuji hlasování: Hlasování č. 102: 48 - 0 - 0 - 4",0,21185e2ff631d16f
marketa-vankova,Z9/20,74,"JUDr. Markéta Vaňková, primátorka: Bude odpovězeno písemně. Pan zastupitel Zemek.",0,21185e2ff631d16f
marketa-vankova,Z9/20,74,"JUDr. Markéta Vaňková, primátorka: Tak, hlásí se paní radní Matonohová, ale já ještě krátce odpovím před ní, a navíc jsme to my teda probírali včera, poměrně podob, podrobně, na předsedech klubů, ale chápu, že pan zastupitel chce, aby tu odpověď slyšeli i ostatní zastupitelé. Takže mohu říci, že v tuto chvíli probíhají jednání a kroky vedoucí k tomu, že bychom převáděli z majetku města 2 budovy, které slouží, jedna, a sloužila, druhá, ke školským účelům. Konkrétně se jedná o budovy na Mendlově náměstí a budovy školy na Jánské. Ve vztahu k Mendlovu náměstí, tato škola je již několik let v nájmu, není využívána městskou částí Brno-střed pro potřeby základního školství, a to je školy zřizovanou městskou částí. O koupi to, této nemovitosti projevil zájemce, právě ten nájemce, ve spolupráci, nebo v součinnosti s, se soukromou školou PORG. Jednání jsou vedena poměrně dlouhou dobu, samozřejmě ve spolupráci, v úzké spolupráci s městskou částí Brno-střed. V té souvislosti při rozhodování, jestli k tomuto kroku přistoupit, nebo ne, tak jsme si necháv, nebo nechávali, tak jsme zpracovali analýzu potřeb školních kapacit v dané lokalitě, i do budoucna, protože na Starém Brně je plánována výstavba. Dospěli jsme k závěru, že ten prodej možný je, s tím, že ta budova by i do budoucna měla sloužit ke školním účelům. Ten zájemce o koupi předpokládá poměrně velké investice do dané budovy, což nám přijde jako rozumný krok. Zatím definitivně rozhodnuto nebylo. Co se týče Jánské, tam asi vnímáte, že už nějakou dobu ta budova není využívána pro školní účely. My jsme s ní měli různé záměry. Diskutovali jsme i tu variantu, třeba, že by se tam přesídlil, částečně, některé odbory Magistrátu města Brna, případně tady padaly takové návrhy, že tam, by tam byla základní škola celoměstského významu. Prostě těch návrhů bylo několik. Žádný z nich nebyl realizován. A v tuto chvíli jednáme, poměrně intenzivně, s biskupstvím o směně této nemovitosti za Chleborádovu vilu. Je to z toho důvodu, že jsme se dlouhodobě snažili o, o to, abychom Chleborádovu vilu získali do vlastnictví města, za účelem zřízení Muzea Leoše Janáčka. Bohužel všechna ta jednání, v minulosti, která byla vedena mými předchůdci, tak ztroskotala. Já jsem navázala na ta jednání s panem biskupem před několika měsíci, a to stanovisko bylo poměrně jasné, že oni neprodají Chleborádovu vilu. Jediná varianta, jak docílit nabytí vlastnictví, tak je směna za nějakou jinou nemovitost. Po, zase složitých, jednáních vlastně nadefinovalo biskupství, že by mělo zájem právě o školskou budovu, z toho důvodu, že by chtělo rozšiřovat školské kapacity, oni, coby zřizovatel. Tudíž jsme vedli ta jednání o tom, jestli by to mohla být ta budova na Jánské. A směřujeme k tomu, že ta směna bude předložena zas, pravděpodobně, bude předložena zastupitelstvu k rozhodnutí o tom, jestli ji zastupitelé podpoří, nebo ne. Bylo by to samozřejmě s doplatkem. Znalecké posudky jsou hotové. Bližší informace budou patrny z toho materiálu, který bude na jednání zastupitelstva. A nevím, jestli mě chce tedy paní radní Matonohová nějak doplnit eště? Budu ráda, samozřejmě.",2,21185e2ff631d16f
marketa-vankova,Z9/20,74,"JUDr. Markéta Vaňková, primátorka: A ještě doplní pan radní Oliva?",0,21185e2ff631d16f
marketa-vankova,Z9/20,75,"JUDr. Markéta Vaňková, primátorka: Já děkuju, Vladane, děkuju moc. Nebyly to lehké dny. Myslím si, že všichni, co jsme si to prožili, tak to do smrti nezapomeneme. A když jsme u toho děkování, tak já tady, protože tady mám několik",0,21185e2ff631d16f
marketa-vankova,Z9/20,77,"JUDr. Markéta Vaňková, primátorka, ukončila zasedání Zastupitelstva města Brna (ve 12:50 hod.).",0,21185e2ff631d16f
marketa-vankova,Z9/18,1,"Omluveni: Mgr. Vladan Krásný (od 8:00 do 9:00 hod.), Mgr. Marek Lahoda, JUDr. Michal Marek, Mgr. Pavel Outrata, Mgr. Jaroslav Suchý (do 12:25 hod.), JUDr. Markéta Vaňková, primátorka.",0,aeee21aca2ee1a98
marketa-vankova,Z9/19,1,"Zasedání zahájila a řídila primátorka města Brna JUDr. Markéta Vaňková (dále jen JUDr. Markéta Vaňková, primátorka).",0,7a2e7987609bcbd0
marketa-vankova,Z9/19,1,"JUDr. Markéta Vaňková, primátorka, upozornila na skutečnost, že jednání Zastupitelstva města Brna je audiovizuálně přenášeno prostřednictvím internetových stránek města a přenos je zaznamenáván, archivován a následně bude zveřejněn.",4,7a2e7987609bcbd0
marketa-vankova,Z9/19,1,"Slib člena Zastupitelstva města Brna JUDr. Markéta Vaňková, primátorka, přivítala nového člena Zastupitelstva města Brna, pana Tomáše Hejla, za ANO 2011. Pan Tomáš Hejl se stal v souladu s § 56 odst. 1 zákona č. 491/2001 Sb., o volbách do zastupitelstev obcí a o změně některých zákonů, v platném znění, dne 5. září 2024 členem Zastupitelstva města Brna, a to po rezignaci pana Petra Bauera na mandát člena zastupitelstva, a vzhledem k tomu, že náhradníci z příslušné kandidátní listiny v pořadí před ním rezignovali na svoje postavení náhradníka dne 3. září 2024. Novému členovi zastupitelstva bude na schůzi Rady města Brna konané dne 11. září 2024 předáno Osvědčení o nastoupení do funkce člena Zastupitelstva města Brna.",0,7a2e7987609bcbd0
marketa-vankova,Z9/19,1,"JUDr. Markéta Vaňková, primátorka, vyzvala nového člena Zastupitelstva města Brna ke složení slibu v souladu se zákonem č. 128/2000 Sb., o obcích, v platném znění.",0,7a2e7987609bcbd0
marketa-vankova,Z9/19,2,"Po složení slibu vyzvala JUDr. Markéta Vaňková, primátorka, členy Zastupitelstva města Brna k podání návrhů na ověřovatele zápisu.",2,7a2e7987609bcbd0
marketa-vankova,Z9/19,2,"JUDr. Markéta Vaňková, primátorka, sdělila, že při prezenci členové Zastupitelstva města Brna obdrželi: • doplněk k bodu 100), který byl dne 9. 9. 2024 vložen na chráněné internetové datové úložiště • Informativní zprávu - Podání adresovaná Zastupitelstvu města Brna, která byla dne 9. 9. 2024 včetně vlastních podání vložena na chráněné internetové datové úložiště. Podání ZMB byla rovněž k dispozici v listinné formě ve složce „K nahlédnutí pro členy ZMB“ v jednacím sálu • Výpis usnesení Finančního výboru Zastupitelstva města Brna k bodům projednávaným na tomto zasedání, který byl dne 9. 9. 2024 vložen na chráněné internetové datové úložiště • Informace o hlasování členů RMB neuvedené v předložených materiálech k bodům programu ZMB č. Z9/19",0,7a2e7987609bcbd0
marketa-vankova,Z9/19,2,"Schválení programu zasedání Zastupitelstva města Brna č. Z9/19 JUDr. Markéta Vaňková, primátorka, zdůvodnila tyto změny programu:",0,7a2e7987609bcbd0
marketa-vankova,Z9/19,2,"JUDr. Markéta Vaňková, primátorka, nechala hlasovat o návrzích na změny v programu zasedání Zastupitelstva města Brna, které uvedla v rámci Technického bodu.",-3,7a2e7987609bcbd0
marketa-vankova,Z9/19,9,"JUDr. Markéta Vaňková, primátorka: Konstatuji, že dne 20. srpna statutární město Brno obdrželo podání s názvem Petice proti výstavbě lanovky z Pisárek do Univerzitního kampusu v Brně. Toto podání představuje kvalifikovanou žádost občanů o projednání určité záležitosti, neboť bylo ověřeno, že obsahuje potřebný počet 0,5 % podpisů občanů statutárního města Brna, což je podmínka stanovená pro kvalifikovanou žádost, ustanovení § 16 odst. 2 písm. f) zákona o obcích, spočívající v povinnosti projednání takové žádosti v orgánu statutárního města Brna. Nyní tedy otevírám diskusi k bodu č. 5).",0,7a2e7987609bcbd0
marketa-vankova,Z9/19,9,"JUDr. Markéta Vaňková, primátorka: Tak, děkuji. Poprosím dalšího do diskuse. Tak, nevidím nikoho přihlášeného, já Vás vidím, pane, nevidím nikoho přihlášeného ze zastupitelů, takže můžeme přistoupit k přihlášeným z veřejnosti a můžete k mikrofonu uprostřed sálu.",0,7a2e7987609bcbd0
marketa-vankova,Z9/19,10,"JUDr. Markéta Vaňková, primátorka: Zeptám se, jestli chce někdo další hovořit, ať už z řad zastupitelů, nebo z řad, z řady veřejnosti? Pan radní Kratochvíl.",0,7a2e7987609bcbd0
marketa-vankova,Z9/19,11,"JUDr. Markéta Vaňková, primátorka: Někdo další přihlášený do diskuse? Pan zastupitel Hollan.",0,7a2e7987609bcbd0
marketa-vankova,Z9/19,11,"JUDr. Markéta Vaňková, primátorka: Máme 8:30, takže přerušíme projednávání tohoto bodu a budeme projednávat bod č. 2, nebo posuneme se v programu do bodu č. 2, což jsou Dotazy, připomínky a podněty občanů, a pak, následně, budeme pokračovat v tomto přerušeném bodě.",0,7a2e7987609bcbd0
marketa-vankova,Z9/19,12,"JUDr. Markéta Vaňková, primátorka: Tak jak jste to řekl v závěru, kterýkoliv ze zastupitelů si může osvojit tento návrh při projednávání samotného bodu 167). Takže uvidíme, až se k němu dostaneme.",2,7a2e7987609bcbd0
marketa-vankova,Z9/19,13,"JUDr. Markéta Vaňková, primátorka: Bude Vám odpovězeno písemně. Tak, poprosím, jestli je tady někdo další, kdo by chtěl vystoupit, z řad občanů? Vypadá to, že tomu tak není, takže ukončujeme bod č. 2) a vracíme se k přerušenému bodu č. 5), neboli lanovka.",0,7a2e7987609bcbd0
marketa-vankova,Z9/19,13,"JUDr. Markéta Vaňková, primátorka: Tak, zeptám se, jestli chce k tomuto bodu někdo hovořit, ať už z řad zastupitelů, nebo veřejnosti? Vypadá to, že ne, takže přistoupíme k návrhu paní zastupitelky Flamikové, návrh na usnesení, já ho přečtu ještě jednou. Takže ten návrh zní - zastupitelstvo ukládá panu radnímu Kratochvílovi zorganizovat veřejné projednání s představením zadaných analýz - zaprvé: odborného posudku k záměru na vybudování, jmenovitě, lanovky Pisárky-Kampus, který zpracovává Univerzita Pardubice - Dobravní, Dopravní fakulta Jana Pernera, z pohledu dopravně-technologického. A zadruhé: výsledků tržní konzultace s MT Legal, která má být podkladem pro zadání CBA analýzy a podrobné SWOT analýzy, aby v rámci veřejného projednání měla široká veřejnost se s podklady seznámit a diskutovat o záměru tuto lanovku v Brně postavit. Tak. Zahajuji hlasování: Hlasování č. 5: 14 - 3 - 16 - 18",2,7a2e7987609bcbd0
marketa-vankova,Z9/19,13,"JUDr. Markéta Vaňková, primátorka: Usnesení nebylo přijato. A nyní máme tedy návrh usnesení tak, jak byl v písemném podkladu k tomuto bodu, to znamená - Zastupitelstvo města Brna bere na vědomí petici s názvem „Petice proti výstavbě lanovky z Pisárek do Univerzitního kampusu v Brně, která splňuje požadavky kvalifikované žádosti občanů města Brna a osob s právy občanů o projednání určité záležitosti v souladu s ustanovením § 16 odst. 2 písm. f), ustanovení § 16 odst 3 a ustanovení § 17 zákona č. 128/2000 Sb. o obcích, jejž tvo, jejíž text tvoří přílohu tohoto zápisu. Zahajuji hlasování: Hlasování č. 6: 48 - 0 - 2 - 1",2,7a2e7987609bcbd0
marketa-vankova,Z9/19,14,"JUDr. Markéta Vaňková, primátorka: Jo. Já nechám eště další dotazy a pak budeme nějak reagovat. Paní zastupitelka Drápalová.",0,7a2e7987609bcbd0
marketa-vankova,Z9/19,15,"JUDr. Markéta Vaňková, primátorka: Tak. Někdo další do diskuse? Není tomu tak, tak můžeme přistoupit k hlasování. Zahajuji hlasování o usnesení, tak jak bylo navrženo: Hlasování č. 11: 46 - 2 - 2 - 2",0,7a2e7987609bcbd0
marketa-vankova,Z9/19,16,"JUDr. Markéta Vaňková, primátorka: Já jsem úplně přesně ne, nerozuměla. Můžete to zopakovat, prosím?",0,7a2e7987609bcbd0
marketa-vankova,Z9/19,16,"JUDr. Markéta Vaňková, primátorka: Mělo. Já poprosím tadyotydle právní věci paní JUDr. Doležalovou.",0,7a2e7987609bcbd0
marketa-vankova,Z9/19,16,"JUDr. Markéta Vaňková, primátorka: Děkuju moc, paní doktorce. Ta, pan, pan Prokeš ještě.",0,7a2e7987609bcbd0
marketa-vankova,Z9/19,17,"JUDr. Markéta Vaňková, primátorka: O žádném podílu jsme nejednali. Skutečně je to o tom, že město Brno vydávalo dotaci, v té stanovené výši, to znamená 35.000.000 Kč. Z našeho pohledu, nebo z mého pohledu, ať mluvím za sebe, po zkušenostech se spolkem, tak toto je pro město vlastně nejjednodušší varianta, protože dá přesně stanovenou částku, na celých 5 let, bude mít prostě jistotu, že tato částka nebude navyšována. Já jenom připomenu, že v době, kdy byl tím hlavním odpovědným subjektem spolek, tak jsme každý rok bojovali s tím, kolik dostaneme od státu, nevěděli jsme, jaká ta částka bude, což byla ta největší neznámá a největší problém. Pak jsme opakovaně jednali na Zastupitelstvu města Brna, když jsme museli doplňovat ten náš příspěvek, který jsme z úrovně města dávali, a pak to skončilo až bohužel tím, že, že, že MotoGP musela být zrušena, protože jsme prostě v tom posledním roce už vůbec prostě peníze neměli od státu. Ten příslib byl složitý a, a věděli jsme, že to nejsme schopni ufinancovat. Pro mě, osobně, právě ta vědomost toho, jak to financování MotoGP probíhalo v době, kdy jsme u toho byli, jako spolek, a víme, jaké jsou tam ty reálné náklady a reálné výnosy za prodej vstupenek, tak nemám obavu z toho, že by ty veřejné peníze, které do toho půjdou, ať už ze strany města, kraje a státu, byly schopny pokrýt veškeré náklady, a ty zisky by následně šly tomu organizátorovi. Samozřejmě, každý rok může být jiný. To bude záležet na jako mnoha okolnostech, ale z mého pohledu ta částka, 35.000.000, je odpovídající tomu, a, aby prostě ten pořadatel byl schopný skutečně MotoGP do Brna vrátit. A počítám s tím, že Brno 35, kraj 35 a uvidíme stát, jestli bude v těch relacích, o kterých se hovořilo. A znovu říkám, za sebe, po všech těch zkušenostech těch minulých let, tak tadle, tad, tendle právní model je pro Brno nejjednodušší. Má přesně stanovenou částku na celých 5 let a nemusí se starat o nic jiného. Ale samozřejmě každý na to můžete nahlížet jinak. Toto je můj, můj pohled, po zkušenostech z minulých let. Pan zastupitel Kment.",0,7a2e7987609bcbd0
marketa-vankova,Z9/19,17,"JUDr. Markéta Vaňková, primátorka: Co se týče opravy dráhy, to je samozřejmě záležitost, která byla poměrně široce diskutována. Pořadatel a vlastník okruhu, Automotodrom, je si vědom toho, že bude potřeba oprava, opravu zajistit, do příštího roku. Je to o, o intenzivních jednáních mezi nimi a Dornou. A Automotodrom je připraven tyto náklady plně uhradit. To je další z těch výhod tadytohoto právního modelu, že právě tadytato tíže nebude ležet na městu či kraji. Tak, takže s tím se počítá. To je jasné, že bez toho by ty závody se jet nemohly. Co se týče subjektu Autoklub, pokud bude dotace dávána aji z úrovně státu, což se předpokládá, tak určitě i stát si udělá analýzu této společnosti. A jenom, jako připomínám, že jsou tam 2 ty společnosti, nejen Autoklub, ale i Automotodrom, jako vlastník toho okruhu. A jenom připomínám, že Automotodrom změnil svého vlastníka, takže je to teď, za ním stojí jiný subjekt. Takže, je to takhle. A vyplývá to tedy z toho memoranda. Paní zastupitelka Drápalová.",0,7a2e7987609bcbd0
marketa-vankova,Z9/19,18,"JUDr. Markéta Vaňková, primátorka: K té 5leté lhůtě mohu pouze konstatovat to, že takto je postavena smlouva s Dornou. To znamená, je logické, že ten pořádající subjekt, neboli Automotodrom a Autoklub, potřebují mít zase tu jistotu toho financování také na 5 let, protože jinak, když by uzavřely smlouvu s Dornou a neměly zajištěny ty příjmy z veřejných zdrojů, tak by bylo jasné, že není v jejich finančních možnostech tady konání toho závodu zajistit. Kdyby byla smlouva s Dornou na 3 roky, tak bychom i my uzavírali memorandum na 3 roky, takže od toho se to odvíjí. Co se týče toho, jestli ta částka je adekvátní a v poměru, nebo při zohlednění jiných výdajů, tak to je samozřejmě na rozhodnutí každého zastupitele, jaké má priority, jestli vidí v tom konkrétním projektu smysl, či ne. Takže k tomu není co jako objektivně dodat. To je prostě subjektivní rozhodnutí každého zastupitele. Pan zastupitel Hollan.",0,7a2e7987609bcbd0
marketa-vankova,Z9/19,19,"JUDr. Markéta Vaňková, primátorka: Já, já Vám skutečně nerozumím. Dneska je tady nějaká horší akustika. Jestli tam byl nějaký dotaz, tak ho prosím ještě zopakujte, je …",0,7a2e7987609bcbd0
marketa-vankova,Z9/19,19,"JUDr. Markéta Vaňková, primátorka: Jo. Já, já nevím, z čeho vycházíte, že někdo říká, že je to výdělečný projekt. Bych to asi rozdělila jako kdyby na, na 2 věci, jo? Pro toho pořadatele, který to pořádá, ať to byl spolek, anebo to byl, a nebo to bude Autoklub s Automotodromem, tak byly potřeba peníze z veřejných zdrojů, protože ty výdaje, které jsou s tím spojený, a ten největší výdaj je skutečně spojený s tím zalistovacím poplatkem, tak jsou tak vysoké, že se nedokáže dosáhnout, jako ve stejné výši, na zisky z prodeje vstupenek. Tak, takže vždycky tam bylo potřeba těch veřejných zdrojů. Takže z tohodle pohledu prostě to, to výdělečné nebylo. Ale argumentaci, kterou my jsme i používali v minulosti, a která se i pož, používá teď, proč je jako vhodné, aby tam ty veřejné zdroje byly dávány, a je to tak ve všech ostatních státech, kde se MotoGP jede, tak je proto, že zejména pro stát to má pak ty pozitivní dopady ve vyšších příjmech z, z těch zisků, které jsou. Ale to byly všechny ty debaty, které my jsme vedli za spolek, v té minulosti, když jsme se snažili domluvit se státem, aby stát dával ze svého rozpočtu na tuto akci více peněz, protože právě byly zpracovány analýzy na to, že ten hlavní benefit z toho má stát. Nikoli město, nebo kraj. Takže to stále platí. Z tohodle pohledu, to je ten argument, jako kdyby, že pro stát to má přínos, i finanční, ale jako kdyby to je ta jiná rovina, než ta, která, o které hovoříme, jaké je účetnictví toho, toho subjektu, takového, kdo to pořádá. A já jenom opakuji za spolek, že, nebo za, za spolek vlastně, z té, z té historie, kterou jsme měli, tak skutečně bez těch veřejných zdrojů by se to zvládat nebylo, nedalo. A to byl ten, zalistovací poplatek se postupně prostě navyšoval. A čím více navyšoval, tak tím bylo evidentní, že do toho musíme dávat víc a víc peněz z veřejných zdrojů. Až jsme se dostali prostě na nějaký kraj propasti, kde jsme si řekli, že už to pro nás není akceptovatelné. A byla tam k tomu vlastně přidružena ještě ta oprava té dráhy. Takže, teď je to o tom, že dráhu opravovat za naše peníze nemusíme, to pude za tím vlastníkem, a zároveň prostě navrhujeme, že dáme jasně stanovenou, předem stanovenou částku, na dobu 5 let, bez nutnosti ji navyšovat. Možná si vzpomenete na ta zastupitelstva, že jsme to tady mívali opakovaně, kdy jsme ty částky navyšovali, podle toho, kolik se právě nakonec prodalo vstupenek a jak, jak vlastně ty zisky byly. Takže, takže do tédle situace bychom se neměli dostat, protože to bude prostě jednoznačně daná dotace, v konkrétní, stanovené částce. Což, z mého pohledu, je prostě průkaznější než to, jak to bylo za dobu spolku, kdy jsme pořád byli v obavě, kolik dostaneme ze státu a kolik vyděláme na, na, na vstupenkách. A případně kolik nás bude stát nějaká oprava dráhy. Pan zastupitel Kment.",0,7a2e7987609bcbd0
marketa-vankova,Z9/19,20,"JUDr. Markéta Vaňková, primátorka: Tak to poprosím asi taky paní JUDr. Dal, Doležalovou, případně bychom odpověděli písemně. Protože ty soudní spory jsou tam skutečně poměrně složité.",0,7a2e7987609bcbd0
marketa-vankova,Z9/19,20,"JUDr. Markéta Vaňková, primátorka: Tak, děkuji. Pan zastupitel Hladík.",0,7a2e7987609bcbd0
marketa-vankova,Z9/19,20,"JUDr. Markéta Vaňková, primátorka: Někdo další do diskuse? Není tomu tak, tak zahájíme hlasování o návrhu pana zastupitela, le Koláčného, a to je, že Zastupitelstvo města Brna ukládá Radě města Brna jednat s organizátorem akce o zveřejnění celkových výnosů a celkových nákladů, vyjma zalistovacího poplatku. Zahajuji hlasování: Hlasování č. 12: Neplatné hlasování",2,7a2e7987609bcbd0
marketa-vankova,Z9/19,20,"JUDr. Markéta Vaňková, primátorka: Usnesení nebylo schváleno. Paní zastupit, paní zastupitelka Černá.",0,7a2e7987609bcbd0
marketa-vankova,Z9/19,20,"JUDr. Markéta Vaňková, primátorka: Dobře. Takže budeme hlasovat eště jednou. Zahajuji hlasování: Hlasování č. 13: Neplatné hlasování",0,7a2e7987609bcbd0
marketa-vankova,Z9/19,21,"JUDr. Markéta Vaňková, primátorka: Tak. Končím toto hlasování a budeme ha, hlasovat potřetí. Tak. Tak prosím, zkuste se všichni teď soustředit. Tak, zahajuji hlasování: Hlasování č. 14: 18 - 0 - 16 - 19",0,7a2e7987609bcbd0
marketa-vankova,Z9/19,21,"JUDr. Markéta Vaňková, primátorka: Usnesení nebylo přijato. Děkuji. Tak. A nyní budeme hlasovat tedy o návrhu usnesení, tak jak bylo navrženo v materiálu, to znamená, Zastupitelstvo města Brna schvaluje memorandum. Zahajuji hlasování: Hlasování č. 15: 49 - 2 - 3 - 0",2,7a2e7987609bcbd0
marketa-vankova,Z9/19,23,"JUDr. Markéta Vaňková, primátorka: Tak. Nějaké další dotazy? Pokud tomu tak není, tak můžeme přistoupit k hlasování, bod č. 13), usnesení, tak jak bylo navrženo. Zahajuju hlasování: Hlasování č. 16: 40 - 4 - 9 - 1",0,7a2e7987609bcbd0
marketa-vankova,Z9/19,31,"JUDr. Markéta Vaňková, primátorka: Tak. Nevím, jestli je tady někdo z Dopravního podniku? Pan ředitel? Tak, pane řediteli, prosím.",0,7a2e7987609bcbd0
marketa-vankova,Z9/19,32,"JUDr. Markéta Vaňková, primátorka: Nějaké další dotazy, podněty do diskuse? Není tomu tak, tak zahajuji hlasování: Hlasování č. 43: 49 - 0 - 0 - 4",0,7a2e7987609bcbd0
marketa-vankova,Z9/19,38,"JUDr. Markéta Vaňková, primátorka: Naprosto se ztotožňuji s Vaším názorem. Někdo další do diskuse? Není tomu tak. Zahajuji hlasování: Hlasování č. 61: 53 - 0 - 0 - 1",0,7a2e7987609bcbd0
marketa-vankova,Z9/19,39,"JUDr. Markéta Vaňková, primátorka: Přiznám se, že to nevím. Zkusím, jestli ví paní vedoucí Vorlíčková?",0,7a2e7987609bcbd0
marketa-vankova,Z9/19,39,"JUDr. Markéta Vaňková, primátorka: Nějaké další dotazy? Není tomu tak. Zahajuji hlasování: Hlasování č. 63: 45 - 0 - 6 - 3",0,7a2e7987609bcbd0
marketa-vankova,Z9/19,41,"JUDr. Markéta Vaňková, primátorka: Pan, jo, už to byl konec? Pan náměstek Chvátal.",0,7a2e7987609bcbd0
marketa-vankova,Z9/19,41,"JUDr. Markéta Vaňková, primátorka: Nikdo další se nehlásí, tak zahajuji hlasování: Hlasování č. 69: 50 - 0 - 3 - 1",0,7a2e7987609bcbd0
marketa-vankova,Z9/19,48,"JUDr. Markéta Vaňková, primátorka - navrhla společně hlasovat o bodech 75), 76) a 77) vztahujících se k bezúplatným převodům spoluvlastnických podílů na bytových jednotkách v bytových domech.",4,7a2e7987609bcbd0
marketa-vankova,Z9/19,52,"JUDr. Markéta Vaňková, primátorka - navrhla společné hlasování o bodech 78) – 82) vztahujících se k vymezení bytových jednotek a k bezúplatným převodům spoluvlastnických podílů na bytových jednotkách.",4,7a2e7987609bcbd0
marketa-vankova,Z9/19,64,"JUDr. Markéta Vaňková, primátorka - nechala opětovně hlasovat o přijetí usnesení k bodu 83): Hlasování č. 80: 41 - 5 - 6 - 0",0,7a2e7987609bcbd0
marketa-vankova,Z9/19,67,"JUDr. Markéta Vaňková, primátorka - upozornila na variantně navržené usnesení, přičemž Rada města Brna rozhodla o variantě A - nesouhlasí. JUDr. Markéta Vaňková, primátorka, nechala tedy o této variantě hlasovat.",4,7a2e7987609bcbd0
marketa-vankova,Z9/19,69,"JUDr. Markéta Vaňková, primátorka - navrhla společně hlasovat o bodech 96) – 113) vztahujících se k návrhům prodejů pozemků a částí pozemků.",6,7a2e7987609bcbd0
marketa-vankova,Z9/19,69,"JUDr. Markéta Vaňková, primátorka - přistoupila k projednání bodu 96).",0,7a2e7987609bcbd0
marketa-vankova,Z9/19,69,"JUDr. Markéta Vaňková, primátorka - nechala opětovně hlasovat o přijetí usnesení k bodu 96): Hlasování č. 94: 52 - 0 - 0 - 0",0,7a2e7987609bcbd0
marketa-vankova,Z9/19,69,"JUDr. Markéta Vaňková, primátorka - vyhlásila v souladu s Jednacím řádem Zastupitelstva města Brna přestávku v jednání do 11:00 hod.",0,7a2e7987609bcbd0
marketa-vankova,Z9/19,70,"JUDr. Markéta Vaňková, primátorka - přistoupila ke společnému projednání bodů 98) – 106).",0,7a2e7987609bcbd0
marketa-vankova,Z9/19,72,"JUDr. Markéta Vaňková, primátorka - přistoupila ke společnému hlasování o bodech 108) – 112).",0,7a2e7987609bcbd0
marketa-vankova,Z9/19,74,"JUDr. Markéta Vaňková, primátorka - navrhla společné hlasování o bodech 115) – 130) vztahujících se k návrhům nabytí nemovitostí.",6,7a2e7987609bcbd0
marketa-vankova,Z9/19,75,"JUDr. Markéta Vaňková, primátorka - přistoupila ke společnému projednání bodů 115) – 119).",0,7a2e7987609bcbd0
marketa-vankova,Z9/19,77,"JUDr. Markéta Vaňková, primátorka - přistoupila ke společnému projednání bodů 121) – 130), přičemž upozornila na návrhy nesouhlasných usnesení v bodech 122) a 126).",6,7a2e7987609bcbd0
marketa-vankova,Z9/19,82,"JUDr. Markéta Vaňková, primátorka - navrhla společně hlasovat o bodech 133) – 145) vztahujících se k bezúplatným nabytím pozemků z vlastnictví České republiky - Správy železnic, státní organizace, a z vlastnictví České republiky - Úřadu pro zastupování státu ve věcech majetkových.",4,7a2e7987609bcbd0
marketa-vankova,Z9/19,88,"JUDr. Markéta Vaňková, primátorka - navrhla společné hlasování o bodech 146) – 150) vztahujících se k nabídkám předkupních práv ke stavbám.",4,7a2e7987609bcbd0
marketa-vankova,Z9/19,90,"JUDr. Markéta Vaňková, primátorka - upozornila, že usnesení je navrženo variantně, přičemž Rada města Brna schválila variantu A - Zastupitelstvo města Brna nesouhlasí s využitím předkupního práva. JUDr. Markéta Vaňková, primátorka, nechala hlasovat o variantě A.",1,7a2e7987609bcbd0
marketa-vankova,Z9/19,90,"JUDr. Markéta Vaňková, primátorka - navrhla společně hlasovat o bodech 152) – 158) vztahujících se k nabídkám předkupních práv ke stavbám, způsob využití garáž, způsob využití občanské vybavení a k nabídce na využití předkupního práva dle § 101 stavebního zákona.",4,7a2e7987609bcbd0
marketa-vankova,Z9/19,99,"JUDr. Markéta Vaňková, primátorka: Ano, určitě. A jenom vydržte. Hlásí se zastupitelé, takže já nejdříve vyvolám zastupitelé, ale pak samozřejmě máte možnost také. Paní zastupitelka Drápalová.",0,7a2e7987609bcbd0
marketa-vankova,Z9/19,99,"JUDr. Markéta Vaňková, primátorka: Ano, děkuji. O tomto návrhu budeme hlasovat bez diskuse. Takže zahajuji hlasování, kdo je pro stažení tohoto materiálu z jednání dnešního zastupitelstva: Hlasování č. 118: 9 - 0 - 19 - 21",2,7a2e7987609bcbd0
marketa-vankova,Z9/19,99,"JUDr. Markéta Vaňková, primátorka: Takže návrh nebyl schválen. Pokračujeme v jednání o tomto bodu. Poprosím, kdo chce dále do diskuse? A samozřejmě i Vy můžete. Ano, ano.",2,7a2e7987609bcbd0
marketa-vankova,Z9/19,99,"JUDr. Markéta Vaňková, primátorka: Ano, můžete. Žádný další zastupitel se nehlásí, takže můžete.",0,7a2e7987609bcbd0
marketa-vankova,Z9/19,100,"JUDr. Markéta Vaňková, primátorka: Můžete krátce zareagovat.",0,7a2e7987609bcbd0
marketa-vankova,Z9/19,100,"JUDr. Markéta Vaňková, primátorka: V tuto chvíli nevnímám žádný návrh ze strany zastupitele na procesní postup jiný, než hlasovat o tomto návrhu, myslím o návrhu usnesení, tak jak bylo předloženo, a samozřejmě stále má každý zastupitel možnost učinit nějaký návrh. Pan zastupitel Kment.",2,7a2e7987609bcbd0
marketa-vankova,Z9/19,100,"JUDr. Markéta Vaňková, primátorka: Ano, děkuji. I, i teď budeme hlasovat bez rozpravy. Zahajuji hlasování, kdo je pro stažení, jo, pardon, tak, Robin? Jo. Pan náměstek Kerndl.",0,7a2e7987609bcbd0
marketa-vankova,Z9/19,101,"JUDr. Markéta Vaňková, primátorka: Že, jinými slovy, není to, kdybychom to dnes neschválili, není to až tak komplikace pro develepo, do, pro developera, který si dál, podle prostě předpisů veřejnoprávních, může řešit tu možnost zahájit stavbu, ale bude to o tom, že my se připravíme o příspěvek, který máme v tom, v této smlouvě zakotven. Mgr. Radek Řeřicha, vedoucí 4. úseku MMB: Ano. My bychom se připravili o příspěvek, ale strašně záleží na tom, jak se pro staví stavební úřad k tomu, že tam nemá tuto smlouvu. On ji může br, on na ni může brát ohled a nemusí. A to já nedokážu vyhodnotit.",0,7a2e7987609bcbd0
marketa-vankova,Z9/19,101,"JUDr. Markéta Vaňková, primátorka: Ano. Víme dobře, všichni, že tato smlouva je soukromoprávní. Tak. Dobře. Nicméně, ten návrh na stažení byl, měl být bez rozpravy, omlouvám se za proces, ale jdeme hlasovat. Tak. Zahajuji hlasování, kdo je pro stažení toho materiálu: Hlasování č. 119: 10 - 0 - 17 - 23",2,7a2e7987609bcbd0
marketa-vankova,Z9/19,101,"JUDr. Markéta Vaňková, primátorka: Návrh nebyl schválen. Takže jsme stále v bodě 167). Čekám, až se tam objeví ta obrazovka, jo, výborně. Tak. V tuto chvíli není nikdo další do diskuse přihlášen, takže budeme hlasovat o usnesení, tak jak bylo navrženo. Zahajuji hlasování: Hlasování č. 120: 35 - 1 - 9 - 5",2,7a2e7987609bcbd0
marketa-vankova,Z9/19,103,"JUDr. Markéta Vaňková, primátorka: Děkuji za pozvání. Pan zastupitel Lahoda.",0,7a2e7987609bcbd0
marketa-vankova,Z9/19,104,"JUDr. Markéta Vaňková, primátorka: Kavárna v parkovacím domě, reakce pan radní Kratochvíl.",0,7a2e7987609bcbd0
marketa-vankova,Z9/19,104,"JUDr. Markéta Vaňková, primátorka: Ke hřbitovu pan náměstek Chvátal.",0,7a2e7987609bcbd0
marketa-vankova,Z9/19,104,"JUDr. Markéta Vaňková, primátorka: Tak nevím, jestli chce pan radní Kratochvíl eště k té dopravě?",0,7a2e7987609bcbd0
marketa-vankova,Z9/19,105,"JUDr. Markéta Vaňková, primátorka: A znalecký po, nebo statický posudek na Scalu Vám samozřejmě rádi poskytneme. Paní zastupitelka Flamiková.",0,7a2e7987609bcbd0
marketa-vankova,Z9/19,105,"JUDr. Markéta Vaňková, primátorka: Asi částečná reakce, pan radní Kratochvíl.",0,7a2e7987609bcbd0
marketa-vankova,Z9/19,105,"JUDr. Markéta Vaňková, primátorka: Zvážíme. Pan zastupitel Lahoda.",0,7a2e7987609bcbd0
marketa-vankova,Z9/19,106,"JUDr. Markéta Vaňková, primátorka: Bude Vám zasláno. Paní zastupitelka Drápalová.",0,7a2e7987609bcbd0
marketa-vankova,Z9/19,106,"JUDr. Markéta Vaňková, primátorka: Děkujeme za podnět. Pan zastupitel Zemek.",0,7a2e7987609bcbd0
marketa-vankova,Z9/19,106,"JUDr. Markéta Vaňková, primátorka: Tak, buď, jestli je tady paní ředitelka a chce na něco z toho reagovat? Nebo případně všechno bude odpovězeno písemně. Paní ředitelku jsem o přestávce viděla, teď už, jo, vidím ji stále, výborně. A, paní ředitelko, je to na Vás, jestli všechno zodpovíte osobně, nebo to necháte na písemných odpovědích.",0,7a2e7987609bcbd0
marketa-vankova,Z9/19,107,"JUDr. Markéta Vaňková, primátorka: Dobře. Děkuji. Takže bude odpovězeno písemně. Pan zastupitel Kment.",0,7a2e7987609bcbd0
marketa-vankova,Z9/19,107,"JUDr. Markéta Vaňková, primátorka, ukončila zasedání Zastupitelstva města Brna (ve 12:00 hod.).",0,7a2e7987609bcbd0
marketa-vankova,Z9/21,1,"Omluveni: Bc. Matěj Hollan (do 10:00 hod.), Bc. Kateřina Jarošová, MBA, Mgr. Filip Leder (od 8:45 hod.), Petr Levíček, MBA, Mgr. René Novotný, JUDr. Markéta Vaňková, primátorka.",0,f9d440624b7d3d49
marketa-vankova,Z9/22,1,"Připojeni on-line: JUDr. Markéta Vaňková, primátorka, Libor Zábranský.",0,0a5e067d7f1d3081
marketa-vankova,Z9/22,18,"JUDr. Markéta Vaňková, primátorka města Brna: Dobrý den, všechny zdravím. Doufám, že se slyšíme?",0,0a5e067d7f1d3081
marketa-vankova,Z9/22,18,"JUDr. Markéta Vaňková, primátorka města Brna: Perfektní, děkuju. Já nebudu hovořit dlouho, i s ohledem na to, že jsem on-line, což není úplně komfortní, a omezím se skutečně jenom na velmi jednoduché poděkování. Poděkování všem, kteří se na tom ty poslední měsíce podíleli. Mnohé už bylo řečeno, já jsem přesvědčena o tom, že ty 2,5 roku, které jsme dali územnímu plánu navíc, tak byly ku prospěchu rozvoje města Brna. Stojím si za tím, že to rozhodnutí, v roce 2022, kdy jsme definovali pokyny, jak by měl územní plán být ještě dopracován, bylo správné. Jsem moc ráda, že všechny ty pokyny, tak jak byly nadefinovány, tak byly zapracovány, bylo s nimi vypořádáno. Musím se přiznat, že když jsme tehdy to zásadní rozhodnutí udělali, tak jsem samozřejmě měla trochu obavy, jestli budeme schopni, v dohledné době, územní plán schválit tak, abychom s ním byli spokojeni. A musím dnes říci, že ty moje obavy se nenaplnily. A myslím si, že můžeme Brňanům skutečně předložit kvalitní územní plán, který, jak už jsem řekla, umožní rozvoj Bl, Brna. Tak jak bylo řečeno, samozřejmě nebylo možno vyhovět všem. Vychází to i z toho důvodu, že třeba k nějaké konkrétní lokalitě jsou 2 protichůdné názory, záměry, takže je jasné, že prostě se nemůže najít vždy 100% vstřícné řešení ke každému. Ale myslím si, že v globále, nebo jsem přesvědčena, že v globále ten dokument je správný. Takže, závěrem, skutečně velké poděkování všem, kteří se na tom podíleli. Já nebudu jmenovat všechny, abych na někoho nezapomněla, ale v čele stál Petr Bořecký. Takže, Petře, díky. Zvládls to na jedničku.",0,0a5e067d7f1d3081
marketa-vankova,Z9/23,1,"Připojeni on-line: JUDr. Michal Chládek, MBA, Ing. Petr Kratochvíl, člen Rady města Brna, Ing. Pavel Kříž, Ph.D, JUDr. Markéta Vaňková, primátorka města Brna, Mgr. Bc. Marek Viskot.",0,4658264f1b9b47c0
marketa-vankova,Z9/25,1,"Zasedání zahájila a řídila primátorka města Brna JUDr. Markéta Vaňková (dále jen JUDr. Markéta Vaňková, primátorka).",0,e988b29ad183637c
marketa-vankova,Z9/25,1,"JUDr. Markéta Vaňková, primátorka, upozornila na skutečnost, že jednání Zastupitelstva města Brna je audiovizuálně přenášeno prostřednictvím internetových stránek města a přenos je zaznamenáván, archivován a následně bude zveřejněn.",4,e988b29ad183637c
marketa-vankova,Z9/25,1,"JUDr. Markéta Vaňková, primátorka, sdělila, že při prezenci členové Zastupitelstva města Brna obdrželi: • doplněk k bodu 4), který byl dne 24. 3. 2025 vložen na chráněné internetové datové úložiště • Výpis usnesení Finančního výboru Zastupitelstva města Brna k bodům projednávaným na tomto zasedání, který byl dne 24. 3. 2025 vložen na chráněné internetové datové úložiště • Informace o hlasování členů RMB neuvedené v předložených materiálech k bodům programu ZMB č. Z9/25",0,e988b29ad183637c
marketa-vankova,Z9/25,2,"Schválení programu zasedání Zastupitelstva města Brna č. Z9/25 JUDr. Markéta Vaňková, primátorka, zdůvodnila tyto změny programu:",0,e988b29ad183637c
marketa-vankova,Z9/25,2,"JUDr. Markéta Vaňková, primátorka, nechala hlasovat o návrzích na změny v programu zasedání Zastupitelstva města Brna, které uvedla v rámci Technického bodu.",-3,e988b29ad183637c
marketa-vankova,Z9/25,2,"Dále se JUDr. Markéta Vaňková, primátorka, dotázala, zda jsou nějaké návrhy na zařazení nových bodů do programu zasedání Zastupitelstva města Brna.",6,e988b29ad183637c
marketa-vankova,Z9/25,2,"JUDr. Markéta Vaňková, primátorka, přistoupila k hlasování o zařazení nového bodu 86) na program zasedání: Hlasování č. 3: 47 - 1 - 0 - 2",0,e988b29ad183637c
marketa-vankova,Z9/25,6,"JUDr. Markéta Vaňková, primátorka - prohlásila hlasování za zmatečné a přistoupila k opětovnému hlasování o přijetí usnesení k bodu 10).",0,e988b29ad183637c
marketa-vankova,Z9/25,8,"JUDr. Markéta Vaňková, primátorka: Někdo další do diskuse? Není tomu tak. Tak zahajuji hlasování: Hlasování č. 20: 46 - 0 - 3 - 2",0,e988b29ad183637c
marketa-vankova,Z9/25,10,"JUDr. Markéta Vaňková, primátorka - upozornila na doplněk s upraveným návrhem usnesení.",6,e988b29ad183637c
marketa-vankova,Z9/25,11,"JUDr. Markéta Vaňková, primátorka - upozornila, že Rada města Brna přijala usnesení, dle kterého neschvaluje poskytnutí individuální neinvestiční dotace Centru Brusinka, z.s. Návrh tohoto usnesení byl předmětem poskytnutého doplňku k materiálu k bodu 25).",6,e988b29ad183637c
marketa-vankova,Z9/25,11,"JUDr. Markéta Vaňková, primátorka - nechala hlasovat o přijetí usnesení k bodu 25) v souladu s rozhodnutím Rady města Brna, ve znění doplňku.",-3,e988b29ad183637c
marketa-vankova,Z9/25,14,"JUDr. Markéta Vaňková, primátorka: Tak. Nevidím, že by tady byl přímo žadatel o dotaci, takže poprosím pana vedoucího Geislera. Vedoucího KMCR.",0,e988b29ad183637c
marketa-vankova,Z9/25,15,"JUDr. Markéta Vaňková, primátorka: Jsou nějaké další dotazy? Vypadá to, že nejsou, takže můžeme přistoupit k hlasování. Zahajuji hlasování: Hlasování č. 35: 47 - 0 - 3 - 2",0,e988b29ad183637c
marketa-vankova,Z9/25,22,"JUDr. Markéta Vaňková, primátorka - prohlásila hlasování za zmatečné a přistoupila k opětovnému hlasování o přijetí usnesení k bodu 51).",0,e988b29ad183637c
marketa-vankova,Z9/25,23,"JUDr. Markéta Vaňková, primátorka - navrhla společné hlasování o bodech 53) - 60) týkajících se prodejů pozemků a částí pozemků.",4,e988b29ad183637c
marketa-vankova,Z9/25,23,"JUDr. Markéta Vaňková, primátorka - přistoupila ke společnému projednání bodů 53) - 56).",0,e988b29ad183637c
marketa-vankova,Z9/25,25,"JUDr. Markéta Vaňková, primátorka: Pan zastupitel K, jo, Lahoda byl první.",0,e988b29ad183637c
marketa-vankova,Z9/25,26,"JUDr. Markéta Vaňková, primátorka: Mezitím tedy, třeba nám dojde, pan Dospěl, ale teď tady není, tak pan zastupitel Koláčný.",0,e988b29ad183637c
marketa-vankova,Z9/25,26,"JUDr. Markéta Vaňková, primátorka: Opět pan radní Oliva, s reakcí.",0,e988b29ad183637c
marketa-vankova,Z9/25,27,"JUDr. Markéta Vaňková, primátorka: V tuto chvíli nevidím nikoho jiného přihlášeného do diskuse, a pokud jsem poslouchala pečlivě, tak neeviduji žádný protinávrh, oficiální, který by zde byl, nebo návrh jiného usnesení. Tak jenom se ujišťuji, že tomu tak není, že někdo nechce, ze zastupitelů, předložit jiný návrh usnesení než ten, který je v materiálu? Není tomu tak. Můžeme tedy přistoupit k hlasování o návrhu usnesení, tak jak bylo navrženo. Zahajuji hlasování: Hlasování č. 57: 38 - 10 - 2 - 1",2,e988b29ad183637c
marketa-vankova,Z9/25,27,"JUDr. Markéta Vaňková, primátorka: Děkuji. Odpovid Vám, stejně jako jsem odpověděla některému jinému zastupiteli v, v minulém, nebo předminulém, nebo nevím kterém jednání zastupitelstva, já budu navrhovat sloučení až k tomu přijde ten vhodný čas. Tak. Teď jsme, prosím, v projednání bodu 60) a pojďme diskutovat k bodu č. 60). Pokud není nikdo do diskuse přihlášený, tak pojďme hlasovat k bodu č. 60). Zahajuji hlasování: Hlasování č. 59: 50 - 0 - 0 - 1",0,e988b29ad183637c
marketa-vankova,Z9/25,28,"JUDr. Markéta Vaňková, primátorka - navrhla společně hlasovat o bodech 61) a 62) týkajících se uznání vlastnického práva k pozemku a k části pozemku.",4,e988b29ad183637c
marketa-vankova,Z9/25,28,"JUDr. Markéta Vaňková, primátorka - přistoupila k projednání bodu 61).",0,e988b29ad183637c
marketa-vankova,Z9/25,29,"JUDr. Markéta Vaňková, primátorka - navrhla společné hlasování o bodech 63) - 75) týkajících se nabytí vlastnického práva k pozemkům a ke spoluvlastnickému podílu ve výši 1/8 pozemků, pro stavby silnic, respektive nabytí pozemků, spoluvlastnických podílů na pozemcích a nabytí komunikačních staveb.",4,e988b29ad183637c
marketa-vankova,Z9/25,29,"JUDr. Markéta Vaňková, primátorka - přistoupila ke společnému projednání bodů 63) - 72).",0,e988b29ad183637c
marketa-vankova,Z9/25,32,"JUDr. Markéta Vaňková, primátorka - přistoupila ke společnému projednání bodů 74) a 75). K hlasování o návrzích usnesení k bodům 74) a 75) bylo přistoupeno bez rozpravy: Hlasování č. 64: 51 - 0 - 0 - 0",0,e988b29ad183637c
marketa-vankova,Z9/25,34,"JUDr. Markéta Vaňková, primátorka - navrhla společně hlasovat o bodech 76) a 77) týkajících se bezúplatného nabytí pozemků.",4,e988b29ad183637c
marketa-vankova,Z9/25,36,"JUDr. Markéta Vaňková, primátorka - navrhla společné hlasování o bodech 78) - 81) vztahujících se k nabídkám předkupních práv ke stavbám.",4,e988b29ad183637c
marketa-vankova,Z9/25,38,"JUDr. Markéta Vaňková, primátorka: A tady máme doplněk, který Vám byl rozdán na stůl. A poprosím paní radní Matonohovou o jeho krátké uvedení.",0,e988b29ad183637c
marketa-vankova,Z9/25,38,"JUDr. Markéta Vaňková, primátorka: Nevidím nikoho dalšího přihlášeného do diskuse, takže jenom procesně opakuji, protože v původním materiálu jste měli varianty, takže budu dávat hlasovat o variantě A, což je varianta, která byla schválena radou, ale ve znění doplňku, tak jak Vám byl teď předestřen paní radní Matonohovou. Takže varianta A, ve znění doplňku - schvaluje. Zahajuji hlasování: Hlasování č. 68: 46 - 0 - 0 - 4",0,e988b29ad183637c
marketa-vankova,Z9/25,41,"JUDr. Markéta Vaňková, primátorka: Tak. Poprosíme o ten návrh písemně. Pan zastupitel Koláčný.",2,e988b29ad183637c
marketa-vankova,Z9/25,41,"JUDr. Markéta Vaňková, primátorka: Tak. Pan vedoucí se nachystá, mence tím eště pan zastupitel Hollan.",0,e988b29ad183637c
marketa-vankova,Z9/25,42,"JUDr. Markéta Vaňková, primátorka: Tak. Poprosím pana vedoucího.",0,e988b29ad183637c
marketa-vankova,Z9/25,43,"JUDr. Markéta Vaňková, primátorka: Zeptám se pana vedoucího Poledníka, jestli na to chce zareagovat?",0,e988b29ad183637c
marketa-vankova,Z9/25,44,"JUDr. Markéta Vaňková, primátorka: Já poprosím pana vedoucího Havlíčka.",0,e988b29ad183637c
marketa-vankova,Z9/25,44,"JUDr. Markéta Vaňková, primátorka: Tak. V tuto chvíli nevidím nikoho dalšího přihlášeného, budeme tedy hlasovat. Máme tady návrh od paní zastupitelky Drápalové, který zní - Zastupitelstvo města Brna vypouští bod 3, návrh na zahájení procesu rušení Regulačního plánu městské památkové rezervace. Zahajuji hlasování o tomto návrhu usnesení: Hlasování č. 70: 9 - 2 - 21 - 19",2,e988b29ad183637c
marketa-vankova,Z9/25,45,"JUDr. Markéta Vaňková, primátorka: Toto usnesení nebylo přijato. Potom, jestli vnímám návrh Tomáše Koláčného, hlasování po odrážkách. Takže půjdeme po odrážkách, tak jak jsou číslované. Takže - Zastupitelstvo města Brna 1. schvaluje, takže bod č. 1. Zahajuji hlasování: Hlasování č. 71: 45 - 0 - 0 - 6",2,e988b29ad183637c
marketa-vankova,Z9/25,45,"JUDr. Markéta Vaňková, primátorka: Usnesení bylo přijato. Nyní - Zastupitelstvo města Brna schvaluje 2, bod č. 2. Zahajuji hlasování: Hlasování č. 72: 47 - 0 - 1 - 3",0,e988b29ad183637c
marketa-vankova,Z9/25,45,"JUDr. Markéta Vaňková, primátorka: Usnesení bylo přijato. Nyní budeme hlasovat o bodu č. 3. Takže - Zastupitelstvo města Brna schvaluje 3 a tak dále. Zahajuji hlasování: Hlasování č. 73: 39 - 3 - 6 - 3",0,e988b29ad183637c
marketa-vankova,Z9/25,45,"JUDr. Markéta Vaňková, primátorka: Usnesení bylo přijato. A poslední, bod č. 4. Takže - zastupitelstvo schvaluje 4. Zahajuji hlasování: Hlasování č. 74: 42 - 0 - 6 - 3",0,e988b29ad183637c
marketa-vankova,Z9/25,45,"JUDr. Markéta Vaňková, primátorka: Usnesení taktéž bylo přijatlo, přijato. Tím máme projednaný celý bod č. 85) a můžeme přistoupit k bodu nově zařazenému, který si tedy asi označíme jako bod 86).",0,e988b29ad183637c
marketa-vankova,Z9/25,45,"JUDr. Markéta Vaňková, primátorka: Poprosím předkladatele, pana zastupitele Skřičku, o jeho krátké uvedení.",0,e988b29ad183637c
marketa-vankova,Z9/25,46,"JUDr. Markéta Vaňková, primátorka: Ano, děkuji. Poprosím o ten písemný návrh. Pan zastupitel Hollan.",2,e988b29ad183637c
marketa-vankova,Z9/25,47,"JUDr. Markéta Vaňková, primátorka: Tak. V tuto chvíli nevidím přihlášeného zastupitele, ale vidím tady paní ředitelku, takže samozřejmě, jestli paní ředitelka chce cokoliv uvést, tak má prostor, jenom, aby to bylo jasné. A mezitím se ale eště přihlásila paní zastupitelka Drápalová. Tak nevím, budete mít dotazy nějaké, paní zastupitelko? Budete. Tak, paní ředitelko, prosím, ještě si posaďte teda, necháme mluvit ještě paní zastupitelku Drápalovou a pak bude Vaše vystoupení. Tak. Paní zastupitelka Drápalová.",0,e988b29ad183637c
marketa-vankova,Z9/25,47,"JUDr. Markéta Vaňková, primátorka: Já bych to nechala všechno nakonec. Já se k tomu chci nějakým způsobem vyjádřit za vedení města, takže shrnující nějaké stanovisko uslyšíte ode mě, až to bude vypadat, že diskuse je u konce. Tak. Teď paní ředitelka.",0,e988b29ad183637c
marketa-vankova,Z9/25,47,"JUDr. Markéta Vaňková, primátorka: V tuto chvíli tedy vidím, nebo nevidím nikoho přihlášeného, takže po, dovolte mi nějaké s, krátké shrnutí, za vedení města Brna. My se samozřejmě otázkou Brněnských Vánoc zabýváme poměrně dlouhou dobu. Ono, první nějaké otázky zazněly vlastně už před zahájením Brněnských Vánoc, asi jste to všichni nějak tak také postřehli. Spousta těch problémů je prostě vyvoláno tím, že máme v rámci Brna 2 silné provozovatele. Vánoce, nebo ty vánoční trhy, jako obecně takhle nazýváno,",0,e988b29ad183637c
marketa-vankova,Z9/25,49,"JUDr. Markéta Vaňková, primátorka: Tak. Poprosím pana tajemníka o reakci.",0,e988b29ad183637c
marketa-vankova,Z9/25,50,"JUDr. Markéta Vaňková, primátorka: Někdo další do diskuse? Nevypadá to, takže si myslím, že můžeme přistoupit k hlasování. Padalo tady spousta návrhů, to znamená, pudeme postupně. První protinávrh byl protinávrh pana zastupitele Koláčného. Já to znovu ještě přečtu. Usnesení je - Zastupitelstvo města Brna ukládá radě zřízení pracovní skupiny ve složení: zástupce TIC BRNO, zástupce MČ Brno-střed, zástupce MMB, zástupce TSB, za účelem zefektivnění hospodaření vánočních trhů v Brně. Tak. Zahajuji hlasování o tomto usnesení: Hlasování č. 75: 7 - 2 - 18 - 22",2,e988b29ad183637c
marketa-vankova,Z9/25,50,"JUDr. Markéta Vaňková, primátorka: Takže tento návrh nebyl schválen. Poté si dovolím dát hlasovat o tom mém návrhu. A přečtu ho tedy ještě jednou - Zastupitelstvo města Brna ukládá Radě města Brna zajistit externí zpracování posouzení oprávno, oprávněnosti personálních nákladů TIC, spojených s Brněnskými Vánocemi 23 a 24, a posouzení hospodárnosti vynaložených nákladů na akci Brněnské Vánoce 23 a 24, s přihlédnutím k otázkám uvedeným v příloze č. 1 tohoto materiálu. Zahajuji hlasování: Hlasování č. 76: 44 - 1 - 3 - 1",2,e988b29ad183637c
marketa-vankova,Z9/25,50,"JUDr. Markéta Vaňková, primátorka: Usnesení bylo přijato. A teď se zeptám pana předkladatele, pana zastupitela, le Skřičky, protože ten návrh, který byl první, on, jako kdyby, teoreticky, by mohl být hlasován, není v úplném rozporu, protože Vy jste chtěli audit, což je trošku něco jiného. Takže, jestli trváte na tom svém usnesením a mám o něm dát hlasovat, anebo jestli přijetím toho usnesení, tak jak bylo naformulováno se mnou, tak netrváte na hlasování o, o původně navrženém usnesení? Poprosím pana zastupitele Skřičku.",2,e988b29ad183637c
marketa-vankova,Z9/25,51,"JUDr. Markéta Vaňková, primátorka: Děkuji moc. To znamená, o tom původním návrhu usnesení, tak jak bylo navrženo v tom písemném materiálu, hlasovat nebudeme. Tím pádem máme bod č. 86) ukončen.",2,e988b29ad183637c
marketa-vankova,Z9/25,52,"JUDr. Markéta Vaňková, primátorka: Na to zareaguju já. Plánuji předložit radě tuto problematiku poměrně v dohledné době, nemyslím tím teďka řády dnů, nebo týdnů, ale rozhodně jako nižších měsíců, protože jsem si vědoma toho, že výběr nového ředitele národního divadla nebude jednoduchý, protože prostě takových osobností v České republice moc není. Uvidíme, třeba se přihlásí i někdo ze zahraničí. Informovala jsem o tom, respektive jsem to diskutovala na tom mém poradním sboru pro kulturu, což je poradní orgán, který jsem si zřídila, aby mně byl k ruce v oblasti kultury. Ten poradní org, sbor se konal minulé pondělí, takže to byla plvní, první platforma, kde jsem tadytento postup vlastně konzultovala. A víceméně jsme se na tom shodli, že, že je vhodné nečekat na nějaký rok, třeba, já nevím, 26, 27, protože, byť se to zdá, že je to poměrně daleko, tak, tak tomu tak není. Pokusím se nezapomenout na to, Tome, že bys chtěl být součástí nějakého, nějakého toho, nějaké té poroty, nebo, jak se to říká, výběrové komise. A vidím tam Katku Vorlíčkovou, vzadu, tak prosím, paní vedoucí, taky to veďte v patrnosti, až budeme sestavovat komisi, tak že tady máme zájem pana zastupitele Koláčného.",0,e988b29ad183637c
marketa-vankova,Z9/25,53,"JUDr. Markéta Vaňková, primátorka, ukončila zasedání Zastupitelstva města Brna (v 11:35 hod.).",0,e988b29ad183637c
marketa-vankova,Z9/24,1,"Zasedání zahájila a řídila primátorka města Brna JUDr. Markéta Vaňková (dále jen JUDr. Markéta Vaňková, primátorka).",0,0f8748a98e03e9ac
marketa-vankova,Z9/24,1,"JUDr. Markéta Vaňková, primátorka, upozornila na skutečnost, že jednání Zastupitelstva města Brna je audiovizuálně přenášeno prostřednictvím internetových stránek města a přenos je zaznamenáván, archivován a následně bude zveřejněn.",4,0f8748a98e03e9ac
marketa-vankova,Z9/24,1,"JUDr. Markéta Vaňková, primátorka, sdělila, že při prezenci členové Zastupitelstva města Brna obdrželi: • doplněk k bodu 44), který byl dne 24. 2. 2025 vložen na chráněné internetové datové úložiště • doplněk k bodu 52), který byl dne 24. 2. 2025 vložen na chráněné internetové datové úložiště • Informativní zprávu - Podání adresovaná Zastupitelstvu města Brna včetně Doplňku, obojí bylo dne 24. 2. 2025 včetně vlastních podání vloženo na chráněné internetové datové úložiště. Dne 25. 2. 2025 byl na chráněné internetové datové úložiště vložen ještě Doplněk č. 2, který členové Zastupitelstva města Brna rovněž obdrželi. Podání ZMB, včetně obou doplňků, byla k dispozici v listinné formě ve složce „K nahlédnutí pro členy ZMB“ v jednacím sálu • Výpis usnesení Finančního výboru Zastupitelstva města Brna k bodům projednávaným na tomto zasedání, který byl dne 24. 2. 2025 vložen na chráněné internetové datové úložiště",0,0f8748a98e03e9ac
marketa-vankova,Z9/24,2,"Schválení programu zasedání Zastupitelstva města Brna č. Z9/24 JUDr. Markéta Vaňková, primátorka, zdůvodnila tyto změny programu:",0,0f8748a98e03e9ac
marketa-vankova,Z9/24,2,"Dále JUDr. Markéta Vaňková, primátorka, navrhla projednání bodu č. 44) Návrh prodeje pozemku p. č. 957 v k. ú. Staré Brno, návrh na zřízení služebnosti, v 10:00 hod.",6,0f8748a98e03e9ac
marketa-vankova,Z9/24,2,"JUDr. Markéta Vaňková, primátorka, nechala hlasovat o návrzích na změny v programu zasedání Zastupitelstva města Brna, které uvedla v rámci Technického bodu.",-3,0f8748a98e03e9ac
marketa-vankova,Z9/24,5,"JUDr. Markéta Vaňková, primátorka - navrhla společné hlasování o bodech 5) a 6) týkajících se obecně závazných vyhlášek statutárního města Brna.",4,0f8748a98e03e9ac
marketa-vankova,Z9/24,7,"JUDr. Markéta Vaňková, primátorka: V tuto chvíli to vypadá, že se nikdo nehlásí do diskuse, budeme tedy na základě návrhu pana zastupitele Koláčného hlasovat postupně. Nejprve budeme hlasovat o tom, že st, usnesení, tak jak je, to znamená, schvalujeme aktualizované znění zásad a metodiky s tím, že to bude s úpravou, která se vztahuje na zákaz zastupitelů, aby zastupitelé byli těmi navrhovateli, a to máme",2,0f8748a98e03e9ac
marketa-vankova,Z9/24,8,"JUDr. Markéta Vaňková, primátorka: Takže usnesení bylo přijato. A teď budeme hlasovat o návrhu na tu druhou úpravu, to znamená zákaz užívání fotografií navrhovatelů v předloženém projektu a prezentaci projektu. A to je zakotveno v zásadách, v článcích 4, bod 2, a 7, bod 3, a v metodice je to článek, článek 3, bod 11a, upravený, a bod 4.4. HLASOVÁNÍ. Zahajuji hlasování: Hlasování č. 10: 40 - 6 - 4 - 3",2,0f8748a98e03e9ac
marketa-vankova,Z9/24,8,"JUDr. Markéta Vaňková, primátorka: Usnesení bylo přijato. A jenom se pro jistotu zeptám paní JUDr. Doležalové, tím, že jsem to takto přečetla, tak už máme odhlasováno?",0,0f8748a98e03e9ac
marketa-vankova,Z9/24,8,"JUDr. Markéta Vaňková, primátorka: Perfektní. Děkuju moc. Takže s tímto bodem jsme se vypořádali.",0,0f8748a98e03e9ac
marketa-vankova,Z9/24,10,"JUDr. Markéta Vaňková, primátorka: Paní náměstkyně Podivinská s reakcí. A jinak zdravím spolužačku z právnické fakulty.",0,0f8748a98e03e9ac
marketa-vankova,Z9/24,10,"JUDr. Markéta Vaňková, primátorka: A pan starosta to vše slyšel. Tak. Poprosím dalšího občana.",0,0f8748a98e03e9ac
marketa-vankova,Z9/24,11,"JUDr. Markéta Vaňková, primátorka: Tak, děkuji. Poprosím dalšího občana. A pan náměstek Kerndl, eště tedy vydržte, prosím, pan náměstek bude asi reagovat na paní Burešovou.",0,0f8748a98e03e9ac
marketa-vankova,Z9/24,11,"JUDr. Markéta Vaňková, primátorka: Pa, pa, paní Burešová, podle jednacího řádu jste měla možnost mluvit jednou, nechali jsme Vás mluvit asi trojnásobek času, než je v jednacím řádu. Poprosím dalšího občana.",0,0f8748a98e03e9ac
marketa-vankova,Z9/24,12,"JUDr. Markéta Vaňková, primátorka: Pan radní Kratochvíl, který má na starosti dopravu.",0,0f8748a98e03e9ac
marketa-vankova,Z9/24,12,"JUDr. Markéta Vaňková, primátorka: Poprosím, jestli je v sále nějaký další občan, který by chtěl hovořit? Vypadá to, že tomu tak není. To znamená, končíme projednání bodu č. 2) a můžeme pokračovat v ostatních bodech.",0,0f8748a98e03e9ac
marketa-vankova,Z9/24,16,"JUDr. Markéta Vaňková, primátorka: Poprosím pana vedoucího Jelínka.",0,0f8748a98e03e9ac
marketa-vankova,Z9/24,16,"JUDr. Markéta Vaňková, primátorka: Nějaké další dotazy k tomuto bodu? Není tomu tak, tak přistoupíme k hlasování. Zahajuji hlasování: Hlasování č. 25: 54 - 0 - 0 - 1",0,0f8748a98e03e9ac
marketa-vankova,Z9/24,18,"JUDr. Markéta Vaňková, primátorka: Všech bodů? Jako úplně postupně, nebo některý, třeba jeden, samostatně a ostatní dohromady?",0,0f8748a98e03e9ac
marketa-vankova,Z9/24,18,"JUDr. Markéta Vaňková, primátorka: Hm. Jo. Ale oni jsou tam 3, takže to máme, ní to dobře, že jo. Poskytnutím, jo, jo, jo. Dobře. Takže jdeme postupně, po jednotlivých projektech. Pokud není žádný další návrh do diskuse? Není. Takže budeme nejprve hlasovat o položce - schvaluje zařazení projektu „Dětská skupina Touškova“ a tak dále. Zahajuji hlasování: Hlasování č. 30: 48 - 0 - 4 - 3",2,0f8748a98e03e9ac
marketa-vankova,Z9/24,18,"JUDr. Markéta Vaňková, primátorka: Usnesení bylo přijato. Nyní budeme hlasovat o 2. položce - zařazení projektu „Pořízení cisternové automobilové stříkačky“ a tak dále. Zahajuji hlasování: Hlasování č. 31: 54 - 0 - 0 - 1",0,0f8748a98e03e9ac
marketa-vankova,Z9/24,18,"JUDr. Markéta Vaňková, primátorka: Usnesení bylo přijato. Nyní budeme hlasovat o položce - zařazení projektu „Rozšíření monitoringu a logování síťových prvků statutárního města Brna“ a tak dále. Zahajuji hlasování: Hlasování č. 32: 52 - 0 - 1 - 2",0,0f8748a98e03e9ac
marketa-vankova,Z9/24,18,"JUDr. Markéta Vaňková, primátorka: Usnesení bylo přijato. A nyní tedy můžeme odhlasovat, protože všechny ostatní, nebo ty původní usnesení, původní usnesení byla schválena, tak budeme hlasovat o těch následujících odrážkách jako celku. To znamená - poskytnutí zápůjčky, poskytnutí transferu, rozpočtové opatření I a rozpočtové opatření II. Zahajuji hlasování: Hlasování č. 33: 53 - 0 - 0 - 2",0,0f8748a98e03e9ac
marketa-vankova,Z9/24,23,"JUDr. Markéta Vaňková, primátorka: Poprosím pana radního Olivu.",0,0f8748a98e03e9ac
marketa-vankova,Z9/24,24,"JUDr. Markéta Vaňková, primátorka: Tak. O návrhu na stažení se podle jednacího řádu rozhoduje bez diskuse. To znamená, já zahájím za chviličku hlasování. Jenom možná, i pro Vás, abyste se mohli rozhodnout o tom, jestli chcete, aby diskuse pokračovala, nebo nepokračovala, tak bych chtěla říct, že je v sále, je přítomný pan ředitel a majitel PORG, pan Martin Roman, kterého tady vítám a který čeká, až mu udělím slovo, opět v souladu s jednacím řádem, poté, co budou mluvit všichni zastupitelé. Takže, jenom toto eště zvažte při Vašem hlasování o případném stažení bodu z programu. Takže nyní zahajuji hlasování, kdo je pro stažení bodu z programu v tuto chvíli? Zahajuji hlasování: Hlasování č. 43: 8 - 8 - 9 - 30",2,0f8748a98e03e9ac
marketa-vankova,Z9/24,24,"JUDr. Markéta Vaňková, primátorka: Návrh nebyl schválen, to znamená, pokračujeme v diskusi. Slovo má paní zastupitelka Drápalová.",2,0f8748a98e03e9ac
marketa-vankova,Z9/24,24,"JUDr. Markéta Vaňková, primátorka: Tak. Nevím, jesi pan radní Oliva, anebo paní vedoucí odboru, zareaguje? Případně, jestli chvilku času? Jo. Paní vedoucí už jde k mikrofonu.",0,0f8748a98e03e9ac
marketa-vankova,Z9/24,24,"JUDr. Markéta Vaňková, primátorka: Odhlasovali jsme si, pan zastupitel Suchý nebyl při hlasování prog, při hlasování, když jsme schvalovali program. My jsme si odhlasovali, že budeme tento bod projednávat v 10 hod., a to s ohledem na to, abychom mohli přesně říct panu Martinu Romanovi a znalci, který ale nakonec",0,0f8748a98e03e9ac
marketa-vankova,Z9/24,25,"JUDr. Markéta Vaňková, primátorka: V tuto chvíli nevidím přihlášeného žádného zastupitele, eště pan radní Oliva.",0,0f8748a98e03e9ac
marketa-vankova,Z9/24,25,"JUDr. Markéta Vaňková, primátorka: Tak já si mys, jo. Tak pa, pan radní Oliva.",0,0f8748a98e03e9ac
marketa-vankova,Z9/24,26,"JUDr. Markéta Vaňková, primátorka: A já si myslím, že teď je vhodný okamžik, po, pořád se snažím, že přijdeme už k panu řediteli a majiteli, ale eště zastupitelé chtějí také hovořit, takže pan zastupitel Kment. Protože chtěla jsem tím jenom říct, že si myslím, že některé z těchto věcí, které jsou projednávány, tak ze strany pana ředitele budou taky v jeho projevu akcentovány. Tak. Pan zastupitel Kment.",0,0f8748a98e03e9ac
marketa-vankova,Z9/24,26,"JUDr. Markéta Vaňková, primátorka: Tak. Já ještě dám slovo panu Hollanovi. A poté, i kdyby se přihlásil nějaký další zastupitel, tak už bych skutečně dala slovo panu Martinu Romanovi, a pak samozřejmě bude pokračovat dál diskuse zastupitelů. Tak. Pan zastupitel Hollan.",0,0f8748a98e03e9ac
marketa-vankova,Z9/24,26,"JUDr. Markéta Vaňková, primátorka: A teď už tedy, prosím, pan Martin Roman, ano, k tomu mikrofonu, dobrý den, vítám Vás na jednání zastupitelstva. A máte slovo a kolegy poprosím o klid.",0,0f8748a98e03e9ac
marketa-vankova,Z9/24,27,"JUDr. Markéta Vaňková, primátorka: Tak. Nějaká další debata? Případně dotazy na pana ředitele? Nikoli majitele, za což se omlouvám. Nejsou. Já si dovolím, za mě, můj postoj. Samozřejmě padaly tady argumenty, které bych, od pana zastupitele Kmenta, které bychom neměli brát na lehkou váhu. Skutečně všichni, co sedíme v těch zastupitelských lavicích a budeme tu ruku zvedat, tak si jsme vědomi toho, že musíme jednat tak, aby nedošlo k jakékoliv škodě městu Brnu. Zopakuji základní pravidlo, když se prodává nemovitý majetek, mělo by to být, podle zákona o, o obcích, zásadně za cenu obvyklou. Je ale možné, aby to bylo i za cenu nižší. Musí to být nějakým způsobem odůvodněno. My jsme teď v situaci, že máme znalecký posudek, znalecký posudek je na nějakou částku, a jednáme o tom, že prodáme ten nemovitý majetek za cenu vyšší, než je cena stanovená znaleckým posudkem. Samozřejmě ten, ten požadavek na stanovení, nebo zpracování druhého znaleckého posudku je relevantní. Já se přiznám, že kdybychom rozhodovali o nějakém jiném majetku, který nemá do budoucna, na dalších 99 let, sloužit vlastně veřejné službě, co školství bezpochyby je, tak bych rozhodně zvedla ruku pro to, že si máme ten oponentní znalecký posudek zpracovat. Vzhledem k tomu, že si ale dovedu představit situaci, že i kdyby ten znalecký posudek byl ve, ve, ve vyšší částce, a my ale budeme",0,0f8748a98e03e9ac
marketa-vankova,Z9/24,29,"JUDr. Markéta Vaňková, primátorka: V tuto chvíli nevidím nikoho dalšího přihlášeného do diskuse. Já si dovolím následující procesní postup. Protože nás čeká pan prezident a já budu muset přerušovat zastupitelstvo, aj v tuto chvíli se nikdo nehlásí do diskuse, já bych nechala uh, odhlasovat, že je ukončena diskuse k bodu č. 44). A k hlasování se vrátíme poté, co budeme pokračovat, po panu prezidentovi, ale už bez diskuse, aby tady pan Martin Roman, mimo jiné, aby tady nemusel zůstávat, protože diskuse bude ukončena a budeme pouze hlasovat o návrhu, který, který bude následně navržen. Takže poprosím o tadytoto hlasování, diskuse k bodu č. 44) je ukončena a hlasování k toho, k tomuto bodu proběhne po ukončení přerušení zasedání Zastupitelstva města Brna. Zaz, zahajuji hlasování: Hlasování č. 44: 44 - 0 - 0 - 10",2,0f8748a98e03e9ac
marketa-vankova,Z9/24,29,"JUDr. Markéta Vaňková, primátorka: Pro Vás, pane Martine Romane, my budeme pokračovat v, ve 12:15. Takže kdybyste tady chtěl zůstat a počkat na hlasování, tak samozřejmě můžete. Pokud ne, tak Vám samozřejmě, prostřednictvím pana radního Olivy, bude výsledek sdělen, ale debata nebude už probíhat. Bude, bude jenom hlasování. Děkuju. A kolegové, Vy, Vy, prosím Vás, eště zůstaňte na svých místech, musíme procesně odhlasovat přerušení.",0,0f8748a98e03e9ac
marketa-vankova,Z9/24,29,"JUDr. Markéta Vaňková, primátorka - sdělila, že návrh byl přijat, zasedání bylo přerušeno do 12:15 hod.",2,0f8748a98e03e9ac
marketa-vankova,Z9/24,29,"JUDr. Markéta Vaňková, primátorka: Dobrý, vypadá to nadějně. Takže bychom tedy pokračovali, byť se zpožděním, ale to se nedá nic dělat, ale do 1. hod. ještě můžeme toho spoustu stihnout. Tak. Připomenu tedy, že jsme v projednávání bodu 44), kde jsme si odsouhlasili již ukončení diskuse a bude následovat pouze hlasování o usnesení. Já shrnu, že jste dostali doplněk, ve kterém jsou navrženy 2 varianty. S tím, jak tady bylo v diskusi vlastně již vysvětleno, tak varianta A znamená, že se do smlouvy, poprosím Vás o klid, je to docela důležitý bod, že se do smlouvy upraví ustanovení, které bude znemožňovat tomu budoucímu vlastníkovi, to znamená tomu kupujícímu, aby si je, jednostranně uplatňoval ty náklady, které do té budovy již vynaložil. Varianta B byla navržena tak, že je možné, aby si uplatňoval ty náklady, ale do výše, maximálně, 10.000.000, s tím, že by k tomu byl zpracován znalecký posudek. Já budu dávat hlasovat o variantě A, to znamená o té variantě přísnější. A vzhledem k diskusi, která proběhla, s ohledem na stanovenou cenu, dle znaleckého posudku, a navrženou cenu kupní, která je v tuto chvíli navržena vyšší než cena dle znaleckého posudku, tak pro právní jistotu všech hlasujících zastupitelů si dovolíme doplnit to usnesení, varianty A, ještě následovně. A já to přečtu. Bude to, že Zastupitelstvo města Brna schvaluje prodej předmětných nemovitostí, ty tam jsou definovány, za dohodnutou kupní cenu, 120.000.000 Kč. A teď je ten doplněk - přičemž kdyby se jednalo o případ dle § 39 odst. 2, věta druhá, zákona o obcích, je důvodem prodeje za tuto cenu skutečnost, že statutární město Brno má zájem na působení PORG Brno - gymnázia, základní školy a mateřské školy, o.p.s., v Brně, a to v centru města, a dále na využití prodávané nemovité věci pro vzdělávání, studium a školství v rozsahu mateřské, základní a střední školy po dobu 100 let. Takže toto je ten doplněk, který jsme tam doplnili, do té varianty, kterou máte pod variantou A. Takže když to úplně ještě jednou zjednoduším, kupní cena 120.000.000, bez možnosti započtení, s tím dodatkem, že zájem, který zastupitelé sledují, je zájem zachovat tady dané školství po dobu 100 let, a to tohoto konkrétního zřizovatele. Tak. Doufám, že sem to usnesení, o kterém budu hlaso, budeme hlasovat, nebo budu dávat hlasovat, předestřela jasně, ale pro jistotu se zeptám, jestli všichni rozumí tomu, co jsem četla, a jestli nepotřebuje někdo to vysvětlit? Pan zastupitel Hollan.",0,0f8748a98e03e9ac
marketa-vankova,Z9/24,30,"JUDr. Markéta Vaňková, primátorka: Ano. Je to tento případ. Kaž, každá varianta usnesení předpokládala, že se to prodává za cenu vyšší, než je cena stanovená znaleckým posudkem. A my to v tuto chvíli zpřísňujeme a zcela jednoznačně určujeme, že je to kupní cena, 120.000.000, která nemůže být nějak ponížena. To je to usnesení. Dobře. Takže vypadá to, že žádné další dotazy nejsou, tak, jak jsem to přečetla, je to zaznamenáno, takže všichni to budou mít v tom záznamu. A, eště za mnou jde paní JUDr. Doležalová. Hm. A samozřejmě budeme hlasovat i o té první části usnesení, tak jak bylo v materiálu, to znamená, Zastupitelstvo města Brna bere na vědomí, to je ten odstavec, který tam máte, ten se neměnil, a potom, zadruhé, schvaluje prodej nemovitostí, a to už je to usnesení, které jsem Vám četla. Tak. Takže prosím …",0,0f8748a98e03e9ac
marketa-vankova,Z9/24,30,"JUDr. Markéta Vaňková, primátorka: Ano. A vše je to podle varianty A, podle varianty A, to znamená 120.000.000, bez možnosti jakéhokoliv započtení, a tedy snížení dané kupní ceny. Tak. Zahajuji hlasování: Hlasování č. 46: 42 - 0 - 10 - 0",0,0f8748a98e03e9ac
marketa-vankova,Z9/24,30,"JUDr. Markéta Vaňková, primátorka - navrhla společné hlasování o bodech 41) – 51) týkajících se prodejů pozemků a částí pozemků, vyjma bodu 44), který již byl projednán.",4,0f8748a98e03e9ac
marketa-vankova,Z9/24,31,"JUDr. Markéta Vaňková, primátorka - přistoupila ke společnému projednání bodů 41) - 50), vyjma již projednaného bodu 44).",0,0f8748a98e03e9ac
marketa-vankova,Z9/24,36,"JUDr. Markéta Vaňková, primátorka: Tak. Nevidím žádného zastupitele, že by na to chtěl jakkoliv reagovat. Nemám tedy od žádného zastupitele žádný procesní návrh, ani nikdo přehlášený do diskuse, tudíž budeme hlasovat o usnesení, tak jak bylo navrženo. Zahajuji hlasování: Hlasování č. 49: 37 - 0 - 9 - 4",2,0f8748a98e03e9ac
marketa-vankova,Z9/24,37,"JUDr. Markéta Vaňková, primátorka - navrhla společně hlasovat o bodech 53) – 63) týkajících se nabytí pozemků, částí pozemků, spoluvlastnických podílů k pozemku a komunikační stavby, vyjma bodu 58), který byl stažen z programu zasedání.",4,0f8748a98e03e9ac
marketa-vankova,Z9/24,40,"JUDr. Markéta Vaňková, primátorka - navrhla společné hlasování o bodech 65) a 66) týkajících se souhlasu se záměrem bezúplatného nabytí pozemků a uzavření Dodatku č. 1 ke smlouvě o bezúplatném převodu vlastnického práva.",4,0f8748a98e03e9ac
marketa-vankova,Z9/24,43,"JUDr. Markéta Vaňková, primátorka - navrhla společně hlasovat o bodech 68) – 73) týkajících se uznání vlastnického práva k pozemkům.",4,0f8748a98e03e9ac
marketa-vankova,Z9/24,43,"JUDr. Markéta Vaňková, primátorka - přistoupila k postupnému projednávání bodů dle pořadí.",0,0f8748a98e03e9ac
marketa-vankova,Z9/24,45,"JUDr. Markéta Vaňková, primátorka - navrhla společné hlasování o bodech 71), 72) a 73).",4,0f8748a98e03e9ac
marketa-vankova,Z9/24,48,"JUDr. Markéta Vaňková, primátorka - navrhla společně hlasovat o bodech 74) – 77) týkajících se nabídek předkupních práv ke stavbám.",4,0f8748a98e03e9ac
marketa-vankova,Z9/24,49,"JUDr. Markéta Vaňková, primátorka - upozornila na variantně navržené usnesení, přičemž Rada města Brna rozhodla o variantě A. JUDr. Markéta Vaňková, primátorka, nechala tedy o této variantě hlasovat.",4,0f8748a98e03e9ac
marketa-vankova,Z9/24,50,"JUDr. Markéta Vaňková, primátorka - navrhla společné hlasování o bodech 80) – 82) týkajících se smluv o spolupráci.",4,0f8748a98e03e9ac
marketa-vankova,Z9/24,54,"JUDr. Markéta Vaňková, primátorka: Pan, pan radní Bořecký. Já jsem byla připravena říci, že Vám bude reagováno písemně, ale to, to přihlášení bylo tak jako, jako důrazné, že předávám slovo panu radnímu sen.",0,0f8748a98e03e9ac
marketa-vankova,Z9/24,54,"JUDr. Markéta Vaňková, primátorka: A pan náměstek Černý, který původně chtěl reagovat, a já jsem mu řekla, že odpovíme písemně, tak přece jenom taky něco dodá.",0,0f8748a98e03e9ac
marketa-vankova,Z9/24,55,"JUDr. Markéta Vaňková, primátorka: Tak, děkuji za doplnění. Pan zastupitel Zemek.",0,0f8748a98e03e9ac
marketa-vankova,Z9/24,55,"JUDr. Markéta Vaňková, primátorka: Tak. Čekám, jestli se přihlásí některý z kolegů? Tak. Pan náměstek Chvátal.",0,0f8748a98e03e9ac
marketa-vankova,Z9/24,55,"JUDr. Markéta Vaňková, primátorka: Nikdo další není přihlášený do diskuse, navíc máme 13:04, to znamená, dovoluji si ukončit zasedání Zastupitelstva města Brna. A eště ne, protože se eště přihlásil pan náměstek Kerndl, kterému dávám slovo. Ale je to poslední. Pokud by se, hlásili jste další, tak je pauza, a potkáme se ve 14:30. Tak, eště pan náměstek.",0,0f8748a98e03e9ac
marketa-vankova,Z9/24,55,"JUDr. Markéta Vaňková, primátorka: Tak, děkuji za doplnění. A v tuto chvíli tedy skutečně už není nikdo přihlášený do diskuse, takže ještě jednou, končím zasedání zastupitelstva, hezký zbytek dne.",0,0f8748a98e03e9ac
marketa-vankova,Z9/24,56,"JUDr. Markéta Vaňková, primátorka, ukončila zasedání Zastupitelstva města Brna (ve 13:05 hod.).",0,0f8748a98e03e9ac
marketa-vankova,Z9/26,1,"Zasedání zahájila a řídila primátorka města Brna JUDr. Markéta Vaňková (dále jen JUDr. Markéta Vaňková, primátorka).",0,e5fe37ddafdb66a3
marketa-vankova,Z9/26,1,"JUDr. Markéta Vaňková, primátorka, upozornila na skutečnost, že jednání Zastupitelstva města Brna je audiovizuálně přenášeno prostřednictvím internetových stránek města a přenos je zaznamenáván, archivován a následně bude zveřejněn.",4,e5fe37ddafdb66a3
marketa-vankova,Z9/26,1,"JUDr. Markéta Vaňková, primátorka, sdělila, že při prezenci členové Zastupitelstva města Brna obdrželi: • Výpis usnesení Finančního výboru Zastupitelstva města Brna k bodům projednávaným na tomto zasedání, který byl dne 28. 4. 2025 vložen na chráněné internetové datové úložiště • Informace o hlasování členů RMB neuvedené v předložených materiálech k bodům programu ZMB č. Z9/26",0,e5fe37ddafdb66a3
marketa-vankova,Z9/26,1,"Schválení programu zasedání Zastupitelstva města Brna č. Z9/26 JUDr. Markéta Vaňková, primátorka, zdůvodnila tyto změny programu:",0,e5fe37ddafdb66a3
marketa-vankova,Z9/26,2,"JUDr. Markéta Vaňková, primátorka, nechala hlasovat o návrzích na změny v programu zasedání Zastupitelstva města Brna, které uvedla v rámci Technického bodu.",-3,e5fe37ddafdb66a3
marketa-vankova,Z9/26,6,"JUDr. Markéta Vaňková, primátorka: Poprosím o ten písemný návrh. Pan náměstek Chvátal.",2,e5fe37ddafdb66a3
marketa-vankova,Z9/26,7,"JUDr. Markéta Vaňková, primátorka: Pa, paní Burešová, my jsme nikoho nepři, paní Burešová, prosím, prosím, máte sa, paní Burešová, paní Burešová, prosím, posaďte se. Paní Burešová, prosím, posaďte se a poslouchejte, jak probíhá jednání zastupitelstva. Děkuji. Tak. Paní zastupitelka Flamiková domluvila, nemýlím se, a máme tady návrhy na změny. Nejprve je tady návrh na změnu usnesení, který, které podává paní zastupitelka Drápalová. Já ho přečtu - Zastupitelstvo města Brna si vyhrazuje rozhodovat o zásazích do ploch zeleně dle seznamu, paní za, zastupitelka se hlásí? Ano? Tak prosím, máte slovo.",2,e5fe37ddafdb66a3
marketa-vankova,Z9/26,7,"JUDr. Markéta Vaňková, primátorka: Jasně. Děkuju, děkuju za upřesnění. Takže doplňující usnesení. Takže ho přečtu ještě jednou - Zastupitelstva města Brna si vyhrazuje rozhodovat o zásazích do ploch zeleně dle Seznamu ploch, jo, nejvýznamnější zeleně ve městě Brně. Tak. Takže to je doplňující usnesení a o tom, si myslím, že můžeme hlasovat jako první, protože je doplňující. Takže zahajuji hlasování, kdo je pro toto usnesení, usnesení paní zastupitelky Drápalové, doplňující usnesení: Hlasování č. 6: 18 - 0 - 7 - 25",0,e5fe37ddafdb66a3
marketa-vankova,Z9/26,7,"JUDr. Markéta Vaňková, primátorka: Takže tento návrh nebyl přijat. Tak. A pak tady máme návrh pana náměstka Chvátala na taky, taky doplnění, jo, doplnění ve vztahu k účinnosti. A to usnesení je, že účinnost zrušovací vyhlášky se mění z 1. 6. 25 na 31. 5. 25. A je to změna v příloze k usnesení, respektive v příloze zápisu. Takže toto můžeme hlasovat dohromady s tím původním návrhem usnesení, tak jak byl, tak jak byl navržen u bodu 6). To znamená, to usnesení bylo - vydává obecně závaznou vyhlášku a tak dále, a s tím, že máme to pozměňující, nebo doplňující usnesení ve vztahu k účinnosti. Tak. Zahajuji hlasování: Hlasování č. 7: 42 - 0 - 7 - 1",2,e5fe37ddafdb66a3
marketa-vankova,Z9/26,7,"JUDr. Markéta Vaňková, primátorka: Usnesení bylo přijato, děkuji. A jenom se pro jistotu zeptám právní asistence - je to zaznamenáno v zápise, že jsme hlasovali včetně tadytoho doplnění. Děkuji moc. Takže tím máme bod č. 6) projednán a můžeme jít k bodu č. 7).",0,e5fe37ddafdb66a3
marketa-vankova,Z9/26,8,"JUDr. Markéta Vaňková, primátorka - prohlásila hlasování za zmatečné a přistoupila k opětovnému hlasování o přijetí usnesení k bodu 9).",0,e5fe37ddafdb66a3
marketa-vankova,Z9/26,9,"JUDr. Markéta Vaňková, primátorka: Tak. My jsme tady učinili takovou, velmi rychlou, krátkou, právní poradu i s paní JUDr. Doležalovou, v tuto chvíli necítíme úplně jako optimální variantu ten návrh usnesení hlasovat. Ono ta celá problematika vystoupení Veletrhů z Koncernu, společnosti Veletrhů Brh, Brno z Koncernu byla poměrně jako složitě diskutována právě ze s, jako ve vztahu ke všem právním aspektům. Já bych to viděla tak, že se tadytímto jako návrhem budeme zabývat. Já poprosím zase ty právníky, ty prostě právní týmy, aby zvážily tudle variantu, a pokud dospějeme k tomu, že je to skutečně přínosné, což, jako pro mě, za, na první pohled jako je, ale aby tam nebyla nějaká jako úskalí, další, tak bychom případně k tomu přistoupili sami. Ale abychom teď nedělali prostě tadytoto rozhodnutí, aniž bychom měli k dispozici ty analýzy těch možných dopadů. Takže, toto je rychlé, rychlé stanovisko tady, vedení města, se dívám rychle na pana náměstka, jestli to můžu tak říct?",2,e5fe37ddafdb66a3
marketa-vankova,Z9/26,9,"JUDr. Markéta Vaňková, primátorka: Ano, výborně. A proto takto budeme hlasovat, ale, ale znovu říkám, ještě se k tomu vrátíme v rámci nějakých debat. Tak. Tolik jenom návod, návod pro Vás, ostatní, a dívám se, jestli ještě někdo do diskuse chce k tomuto bodu? Chce. Pan zastupitel Zemek. Tím pádem já poprosím pana zastupitele, že si ho necháme až poté, co skončí hovory občanů, jo? Takže zůstává ve frontě a my, my se přesunujeme, v tuto chvíli přerušujeme projednání bodu č. 11) a dostáváme se do bodu č. 2 - Dotazy, připomínky a podněty občanů.",0,e5fe37ddafdb66a3
marketa-vankova,Z9/26,10,"JUDr. Markéta Vaňková, primátorka: Ve vztahu k MotoGP budeme tento bod projednávat pod bodem 22), takže když zůstanete, tak můžete být přítomná samozřejmě i další diskusi. A nyní paní Burešová.",0,e5fe37ddafdb66a3
marketa-vankova,Z9/26,11,"JUDr. Markéta Vaňková, primátorka: Pan náměstek Kerndl s reakcí.",0,e5fe37ddafdb66a3
marketa-vankova,Z9/26,13,"JUDr. Markéta Vaňková, primátorka: Nějaký další občan? Vypadá to, že není, takže končíme projednání bodu č. 2) a vracíme se k bodu č. 11) a slovo má pan zastupitel Zemek.",0,e5fe37ddafdb66a3
marketa-vankova,Z9/26,13,"JUDr. Markéta Vaňková, primátorka: Poprosím pana generálního ředitele Kubatu.",0,e5fe37ddafdb66a3
marketa-vankova,Z9/26,14,"JUDr. Markéta Vaňková, primátorka: Tak, vypadá to, že není nikdo další přihlášený do hy, do diskuse, přistoupemi, přistoupíme tedy k hlasování. Budeme hlasovat nadvakrát. První hlasování bude o tom návrhu usnesení, tak jak byl předložen v materiálu, to znamená, vyslovuje předchozí souhlas. A pak budeme hlasovat o doplňujícím usnesení pana zastupitele Koláčného, které zní - zastupitelstvo ukládá radě zajistit změnu stanov spočívající v povinnosti zajistit předchozí souhlas zastupitelstva k rozhodnutím s dopadem nad 50.000.000 Kč. Tak. Takže nejprve ale přistoupím k hlasování toho původního návrhu usnesení. Zahajuji hlasování: Hlasování č. 13: 35 - 7 - 5 - 2",2,e5fe37ddafdb66a3
marketa-vankova,Z9/26,14,"JUDr. Markéta Vaňková, primátorka: A nyní tedy to doplňující usnesení pana zastupitele Koláčného. Zahajuji hlasování: Hlasování č. 14: 12 - 0 - 20 - 17",0,e5fe37ddafdb66a3
marketa-vankova,Z9/26,15,"JUDr. Markéta Vaňková, primátorka: Takže bude, bude životopis doplněn. Není žádných dalších dotazů, tak zahajuji hlasování: Hlasování č. 15: 41 - 0 - 7 - 1",0,e5fe37ddafdb66a3
marketa-vankova,Z9/26,17,"JUDr. Markéta Vaňková, primátorka - prohlásila hlasování za zmatečné a přistoupila k opětovnému hlasování o přijetí usnesení k bodu 21).",0,e5fe37ddafdb66a3
marketa-vankova,Z9/26,17,"JUDr. Markéta Vaňková, primátorka: Máme to zaručeno v čl. II předměsné smlouvy, že ta, ty peníze budou použity na úhradu části promotorského poplatku. Paní zastupitelka Flamiková.",0,e5fe37ddafdb66a3
marketa-vankova,Z9/26,17,"JUDr. Markéta Vaňková, primátorka: Pokud mám dobré informace, tak stát se zavázal hradit 100.000.000 ročně, mys, my, z úrovně města, 35.000.000, kraj 35.000.000. Považuji tento poměr za adekvátní. Je samozřejmě zřejmé, že příjmy do rozpočtů, do veřejných rozpočtů, jdou do státního rozpočtu, nikoli do rozpočtu města a kraje, nicmézně jsou tam další významné efekty pro město Brno a pro Jihomoravský kraj, které,",0,e5fe37ddafdb66a3
marketa-vankova,Z9/26,18,"JUDr. Markéta Vaňková, primátorka: Tak, vypadá to, že není nikdo další přihlášený, tak můžeme přistoupit k hlasování. Zahajuji hlasování: Hlasování č. 26: 46 - 2 - 0 - 2",0,e5fe37ddafdb66a3
marketa-vankova,Z9/26,21,"JUDr. Markéta Vaňková, primátorka: Vypadá, že další dotazy nejsou, tak přistoupíme k hlasování: Hlasování č. 30 48 - 0 - 1 - 1",0,e5fe37ddafdb66a3
marketa-vankova,Z9/26,24,"JUDr. Markéta Vaňková, primátorka: Tak, já to jenom hledám, to je ten Golf Club Eagle, myslíte, jo? Ano, máte slovo.",0,e5fe37ddafdb66a3
marketa-vankova,Z9/26,24,"JUDr. Markéta Vaňková, primátorka: Tak. Tak já jenom eště to hledám v té tabulce, jo. Takže je to pod, je to pod poležkou, č. žádosti 29, Golf Club Eagle, tak, a návrh dotace 250.000. Tak. Takže toto budeme hlasovat odděleně. Je ještě někdo do diskuse přihlášený s nějakým návrhem? Paní zastupitelka Flamiková.",2,e5fe37ddafdb66a3
marketa-vankova,Z9/26,24,"JUDr. Markéta Vaňková, primátorka: Našla jsem to, stejně jako by to mohl udělat kterýkoliv jiný zastupitel, v materiálu, protože samozřejmě také neznám všechny podrobnosti daný z žádosti. Ale možná je zná pan radní Aberl.",0,e5fe37ddafdb66a3
marketa-vankova,Z9/26,24,"JUDr. Markéta Vaňková, primátorka: Nějaké další dotazy? Ať už ke golfu nebo k, ke kterémukoliv jinému navrženému bodu, respektive subjektu, který by měl obdržet dotaci? Nevypadá to. Takže budeme hlasovat nejprve o tom, zda poskytneme dotaci subjektu Golf Club Eagle, z. s., ve výši 250.000. Zahajuji hlasování: Hlasování č. 36: Neplatné hlasování",0,e5fe37ddafdb66a3
marketa-vankova,Z9/26,25,"JUDr. Markéta Vaňková, primátorka: Takže ten návrh byl schválen. Paní zastupitelka Drápalová.",2,e5fe37ddafdb66a3
marketa-vankova,Z9/26,25,"JUDr. Markéta Vaňková, primátorka: Dobře, takže zmatečné hlasování. Takže hlasujeme znovu, pouze o 1 dotaci, golf, 250.000. Zahajuji hlasování: Hlasování č. 37: Neplatné hlasování",0,e5fe37ddafdb66a3
marketa-vankova,Z9/26,25,"JUDr. Markéta Vaňková, primátorka: Takže znovu končíme hlasování. Tak, zase čekám na tu tabuli, až mně dá možnost znovu zahájit hlasování. Tak. Opět zahajuji hlasování, kdo je pro dotace golfu, 250.000: Hlasování č. 38: 35 - 3 - 7 - 3",0,e5fe37ddafdb66a3
marketa-vankova,Z9/26,25,"JUDr. Markéta Vaňková, primátorka: Usnesení bylo přijato. A já jenom, právní porada, já teďka dám hlasovat o usnesení, jako celku, nebudu to rozdělovat, jakože zbývající dotaci. Tak. Protože je jistý předpoklad, že by to mohlo projít. To znamená, budeme hlasovat o tom usnesení tak, jak bylo navrženo, abychom nemuseli rozpočítávat ty částky. Zahajuji hlasování: Hlasování č. 39: 44 - 0 - 3 - 2",0,e5fe37ddafdb66a3
marketa-vankova,Z9/26,27,"JUDr. Markéta Vaňková, primátorka: Poprosím pana vedoucího Havlíčka, jestli se na to může podívat? Asi není úplně třeba reagovat, ale za předpokladu, že je tam potřebný ten posun, tak to upravit. Pokud není potřebný posun, tak nám to můžete říct.",0,e5fe37ddafdb66a3
marketa-vankova,Z9/26,28,"JUDr. Markéta Vaňková, primátorka: Tak. Nějaké další dotazy? Není tomu tak, tak můžeme přistoupit hlasování. Zahajuji hlasování: Hlasování č. 45: 48 - 0 - 0 - 0",0,e5fe37ddafdb66a3
marketa-vankova,Z9/26,29,"JUDr. Markéta Vaňková, primátorka: Tak. Nějaké další dotazy? Nevypadá to, tak můžeme přistoupit k hlasování. Zahajuji hlasování: Hlasování č. 47: 41 - 0 - 5 - 2",0,e5fe37ddafdb66a3
marketa-vankova,Z9/26,30,"JUDr. Markéta Vaňková, primátorka - upozornila na variantně navržené usnesení, přičemž Rada města Brna podpořila variantu A, schválení prominutí povinnosti odvodu za porušení rozpočtové kázně, ale ve výši 70.000 Kč, ne ve výši 110.000 Kč, jak je uvedeno v materiálu. JUDr. Markéta Vaňková, primátorka, nechala tedy o této variantě hlasovat.",4,e5fe37ddafdb66a3
marketa-vankova,Z9/26,31,"JUDr. Markéta Vaňková, primátorka: Nějaké další podněty do diskuse? Není tomu tak. Tak budeme hlasovat. Zahajuji hlasování: Hlasování č. 52: 42 - 0 - 6 - 1",0,e5fe37ddafdb66a3
marketa-vankova,Z9/26,37,"JUDr. Markéta Vaňková, primátorka: Někdo další do diskuse? Není tomu tak, zahajuji hlasování: Hlasování č. 64: 44 - 0 - 2 - 3",0,e5fe37ddafdb66a3
marketa-vankova,Z9/26,38,"JUDr. Markéta Vaňková, primátorka: Poprosím paní vedoucí Marešovou.",0,e5fe37ddafdb66a3
marketa-vankova,Z9/26,38,"JUDr. Markéta Vaňková, primátorka: Ale vyjádří se nám pan starosta Maleček.",0,e5fe37ddafdb66a3
marketa-vankova,Z9/26,38,"JUDr. Markéta Vaňková, primátorka: Tak. Mezitím se přihlásila paní zastupitelka Drápalová.",0,e5fe37ddafdb66a3
marketa-vankova,Z9/26,38,"JUDr. Markéta Vaňková, primátorka: Tak, poč, počkám, jesi se přihlásí ještě nějaký jiný zastupitel? Dobře. Tak ne, není nikdo další přihlášený, tak můžeme přistoupit k hlasování. Zahajuju hlasování: Hlasování č. 65: 43 - 0 - 4 - 2",0,e5fe37ddafdb66a3
marketa-vankova,Z9/26,42,"JUDr. Markéta Vaňková, primátorka - navrhla společné hlasování o bodech 66) a 67) týkajících se nabytí pozemků.",4,e5fe37ddafdb66a3
marketa-vankova,Z9/26,42,"JUDr. Markéta Vaňková, primátorka - přistoupila tedy k projednání bodu 66).",0,e5fe37ddafdb66a3
marketa-vankova,Z9/26,43,"JUDr. Markéta Vaňková, primátorka: Tak. První byl pan radní Aberl.",0,e5fe37ddafdb66a3
marketa-vankova,Z9/26,43,"JUDr. Markéta Vaňková, primátorka: A ještě doplní pan radní Oliva.",0,e5fe37ddafdb66a3
marketa-vankova,Z9/26,43,"JUDr. Markéta Vaňková, primátorka: Nějaké další dotazy? Nejsou. Zahajuji hlasování: Hlasování č. 73: 41 - 5 - 1 - 2",0,e5fe37ddafdb66a3
marketa-vankova,Z9/26,44,"JUDr. Markéta Vaňková, primátorka - upozornila na variantně navržené usnesení, s tím, že Rada města Brna podpořila variantu A. JUDr. Markéta Vaňková, primátorka, nechala tedy o této variantě hlasovat.",4,e5fe37ddafdb66a3
marketa-vankova,Z9/26,44,"JUDr. Markéta Vaňková, primátorka - navrhla společně hlasovat o bodech 69) - 76) týkajících se nabytí pozemku, částí pozemků a spoluvlastnických podílů na pozemcích pro stavby komunikací.",4,e5fe37ddafdb66a3
marketa-vankova,Z9/26,44,"JUDr. Markéta Vaňková, primátorka - přistoupila ke společnému projednání bodů 69) - 76).",0,e5fe37ddafdb66a3
marketa-vankova,Z9/26,46,"JUDr. Markéta Vaňková, primátorka - navrhla společné hlasování o bodech 77) a 78) týkajících se bezúplatného nabytí pozemků.",4,e5fe37ddafdb66a3
marketa-vankova,Z9/26,47,"JUDr. Markéta Vaňková, primátorka - navrhla společně hlasovat o bodech 79) - 85) týkajících se nabídek předkupních práv ke stavbám.",4,e5fe37ddafdb66a3
marketa-vankova,Z9/26,50,"JUDr. Markéta Vaňková, primátorka - navrhla společné hlasování o bodech 86), 87) a 88) týkajících uznání vlastnického práva k pozemkům.",4,e5fe37ddafdb66a3
marketa-vankova,Z9/26,50,"JUDr. Markéta Vaňková, primátorka - přistoupila tedy k projednání bodu 86).",0,e5fe37ddafdb66a3
marketa-vankova,Z9/26,53,"JUDr. Markéta Vaňková, primátorka - přistoupila ke společnému projednání bodů 87) a 88).",0,e5fe37ddafdb66a3
marketa-vankova,Z9/26,55,"JUDr. Markéta Vaňková, primátorka: Tak. Vypadá to, že nikdo další už není přihlášený. Jak se nám takový jednoduchý majetkový bod mohl zvrtnout v takovou, jako zajímavou diskusi o umělé inteligenci? Vždy mě něco dokáže překvapit na tom zastupitelstvu. Nicméně, jsme tedy u bodu 87) a 88), jsou to návrhy na uznání vlastnického práva a budeme hlasovat dohromady o obou těchto bodech. Zahajuji hlasování: Hlasování č. 79: 37 - 0 - 12 - 0",2,e5fe37ddafdb66a3
marketa-vankova,Z9/26,56,"JUDr. Markéta Vaňková, primátorka: Je to opět návrh na uznání vlastnického práva, a to pozemku v k. ú. Lesná, tam jsou varianty, rada podpořila variantu A, to znamená, souhlasí. Otevírám diskusi. Není nikdo přihlášený, tedy dávám hlasovat o ver, variantě A. Zahajuji hlasování: Hlasování č. 80: Neplatné hlasování",2,e5fe37ddafdb66a3
marketa-vankova,Z9/26,56,"JUDr. Markéta Vaňková, primátorka: Ano. Končíme hlasování, budeme hlasovat znovu. Ono to trvá, no. Výborně. Takže zahajuju hlasování, kdo je pro navržené usnesení, varianta A: Hlasování č. 81: 24 - 0 - 20 - 5",0,e5fe37ddafdb66a3
marketa-vankova,Z9/26,56,"JUDr. Markéta Vaňková, primátorka: Usnesení nebylo přijato. Můžeme hlasovat o variantě B. Tak. Zahajuji hlasování, varianta B: Hlasování č. 82: 10 - 0 - 21 - 19",0,e5fe37ddafdb66a3
marketa-vankova,Z9/26,56,"JUDr. Markéta Vaňková, primátorka: Usnesení nebylo přijato, to znamená, máme bez usnesení. Majetkový odbor se s tím nějak vyrovná, do budoucna.",0,e5fe37ddafdb66a3
marketa-vankova,Z9/26,56,"JUDr. Markéta Vaňková, primátorka - navrhla společně hlasovat o bodech 90) a 91) týkajících se uznání vlastnického práva k částem pozemků formou souhlasného prohlášení.",4,e5fe37ddafdb66a3
marketa-vankova,Z9/26,61,"JUDr. Markéta Vaňková, primátorka - navrhla společné hlasování o bodech 94) - 97 týkajících se svěření či nesvěření majetku, a odnětí svěřeného majetku města městským částem.",4,e5fe37ddafdb66a3
marketa-vankova,Z9/26,61,"JUDr. Markéta Vaňková, primátorka - přistoupila tedy k projednání bodu 94).",0,e5fe37ddafdb66a3
marketa-vankova,Z9/26,62,"JUDr. Markéta Vaňková, primátorka - přistoupila ke společnému projednání bodů 96) a 97).",0,e5fe37ddafdb66a3
marketa-vankova,Z9/26,65,"JUDr. Markéta Vaňková, primátorka: Pozvání na akce k 2. s, k výročí ukončení 2. světové války neumím odpovědět. Akce se konala samozřejmě v den osvobození Brna na ústředním hřbitově. Asi zaznamená, je to zaznamenáno písemně, zjistíme, komu OVV rozesílalo dotazy. Další akce bude teď, 8., 8. května, na Kounicových kolejích, myslím si, že to začíná v 10 hod. A nevím to jistě. Jo. Takže v 10 hod. Takže samozřejmě jste všichni srdečně zváni, 8. května, v 10 hod., Kounicovy koleje. Co se týče Křídlovické, tak bude odpovězeno písemně. Pan zastup., jo, aha, tak ne, tak asi ví pan radní Bořecký, senior, má slovo.",0,e5fe37ddafdb66a3
marketa-vankova,Z9/26,65,"JUDr. Markéta Vaňková, primátorka: Tak. Děkuji tím pádem za vysvětlení. Pan zastupitel Lahoda.",0,e5fe37ddafdb66a3
marketa-vankova,Z9/26,67,"JUDr. Markéta Vaňková, primátorka: Děkuji za doplnění. Zeptám se, jestli ještě někdo chce v tomto bodu vystoupit? Pokud tomu tak není, tak Vám všem děkuji a přeji krásný zbytek dne.",0,e5fe37ddafdb66a3
marketa-vankova,Z9/26,68,"JUDr. Markéta Vaňková, primátorka, ukončila zasedání Zastupitelstva města Brna (v 11:55 hod.).",0,e5fe37ddafdb66a3
marketa-vankova,Z9/27,1,"Zasedání zahájila a řídila primátorka města Brna JUDr. Markéta Vaňková (dále jen JUDr. Markéta Vaňková, primátorka).",0,1ac7d00d7789f14d
marketa-vankova,Z9/27,1,"JUDr. Markéta Vaňková, primátorka, upozornila na skutečnost, že jednání Zastupitelstva města Brna je audiovizuálně přenášeno prostřednictvím internetových stránek města a přenos je zaznamenáván, archivován a následně bude zveřejněn.",4,1ac7d00d7789f14d
marketa-vankova,Z9/27,1,"Slib člena Zastupitelstva města Brna JUDr. Markéta Vaňková, primátorka, přivítala novou členku Zastupitelstva města Brna, Mgr. et Mgr. Sabinu Benešovou, DiS., LL.M., za ANO 2011. Mgr. et Mgr. Sabina Benešová, DiS., LL.M., se stala v souladu s § 56 odst. 1 zákona č. 491/2001 Sb., o volbách do zastupitelstev obcí a o změně některých zákonů, v platném znění, dne 27. května 2025 členkou Zastupitelstva města Brna, a to po rezignaci pana Tomáše Hejla na mandát člena zastupitelstva dne 26. května 2025. Nové člence zastupitelstva bylo na schůzi Rady města Brna konané dne 28. května 2025 předáno Osvědčení o nastoupení do funkce člena Zastupitelstva města Brna.",0,1ac7d00d7789f14d
marketa-vankova,Z9/27,1,"JUDr. Markéta Vaňková, primátorka, vyzvala novou členku Zastupitelstva města Brna ke složení slibu v souladu se zákonem č. 128/2000 Sb., o obcích, v platném znění.",0,1ac7d00d7789f14d
marketa-vankova,Z9/27,2,"Po složení slibu vyzvala JUDr. Markéta Vaňková, primátorka, členy Zastupitelstva města Brna k podání návrhů na ověřovatele zápisu.",2,1ac7d00d7789f14d
marketa-vankova,Z9/27,2,"JUDr. Markéta Vaňková, primátorka - požádala o technickou pomoc z důvodu nefunkčního hlasovacího zařízení a nechala opětovně hlasovat o schválení navržených ověřovatelů zápisu: Hlasování č. 2: 52 - 0 - 0 - 1",4,1ac7d00d7789f14d
marketa-vankova,Z9/27,2,"JUDr. Markéta Vaňková, primátorka, sdělila, že při prezenci členové Zastupitelstva města Brna obdrželi: • doplněk k bodu 8), který byl dne 10. 6. 2025 vložen na chráněné internetové datové úložiště • doplněk k bodu 69), který byl dne 9. 6. 2025 vložen na chráněné internetové datové úložiště • doplněk k bodu 155), který byl dne 9. 6. 2025 vložen na chráněné internetové datové úložiště • materiál k nově navrženému bodu 175), který byl dne 9. 6. 2025 vložen na chráněné internetové datové úložiště • Výpis usnesení Finančního výboru Zastupitelstva města Brna k bodům projednávaným na tomto zasedání, který byl dne 9. 6. 2025 vložen na chráněné internetové datové úložiště • Informace o hlasování členů RMB neuvedené v předložených materiálech k bodům programu ZMB č. Z9/27",0,1ac7d00d7789f14d
marketa-vankova,Z9/27,2,"Schválení programu zasedání Zastupitelstva města Brna č. Z9/27 JUDr. Markéta Vaňková, primátorka, zdůvodnila tyto změny programu:",0,1ac7d00d7789f14d
marketa-vankova,Z9/27,3,"JUDr. Markéta Vaňková, primátorka, nechala hlasovat o návrzích na změny v programu zasedání Zastupitelstva města Brna, které uvedla v rámci Technického bodu.",-3,1ac7d00d7789f14d
marketa-vankova,Z9/27,10,"JUDr. Markéta Vaňková, primátorka: Poprosím pana vedoucího Vaněčka, případně paní vedoucí Chaloupková. Pa, pana Vaníčka si vyžádal pan náměstek Chvátal, pan tajemník si vyžádal paní vedoucí Chaloupkovou, tak tam případně se domluvte a někdo, prosím, odpovězte, pane, paní starostce. Takže pan vedoucí Vaněček.",0,1ac7d00d7789f14d
marketa-vankova,Z9/27,10,"JUDr. Markéta Vaňková, primátorka: Tak paní starostka Drápalová.",0,1ac7d00d7789f14d
marketa-vankova,Z9/27,11,"JUDr. Markéta Vaňková, primátorka: Nevím, jestli chce pan vedoucí ještě reagovat? Dáme tedy prostor paní zastupitelce Flamikové.",0,1ac7d00d7789f14d
marketa-vankova,Z9/27,11,"JUDr. Markéta Vaňková, primátorka: Tak. Vypadá to, že žádný další dotaz není, je, paní zastupitelka Flamiková.",0,1ac7d00d7789f14d
marketa-vankova,Z9/27,11,"JUDr. Markéta Vaňková, primátorka: V tuto chvíli není nikdo přihlášený. Zahajuju hlasování: Hlasování č. 9: 46 - 1 - 7 - 0",0,1ac7d00d7789f14d
marketa-vankova,Z9/27,11,"JUDr. Markéta Vaňková, primátorka - prohlásila hlasování za zmatečné a přistoupila k opětovnému hlasování o přijetí usnesení k bodu 10).",0,1ac7d00d7789f14d
marketa-vankova,Z9/27,13,"JUDr. Markéta Vaňková, primátorka: Popro, pan náměstek Chvátal chce reagovat.",0,1ac7d00d7789f14d
marketa-vankova,Z9/27,13,"JUDr. Markéta Vaňková, primátorka: Tak. Hlásí se nám různí zastupitelé a jenom si ověřím u právní porady, v rámci tohoto bodu by primárně měli vystupovat občané a případně jenom s reakcemi členové rady, je to tak? Nemě …",0,1ac7d00d7789f14d
marketa-vankova,Z9/27,14,"JUDr. Markéta Vaňková, primátorka: Jo. Takže, já jako, já nechci utnout diskusi. Takže já Vám ta slova dám, jak panu zastupiteli Koláčnému, tak panu zastupiteli Kmentovi, ale jako jenom jsem chtěla připomenout, že podle jednacího řádu nejsme jako v normálním, běžném bodě, kde by probíhala diskuse zastupitelé, lů, jsme trošku v jiném režimu, jo? Tak pan zastupitel Koláčný.",0,1ac7d00d7789f14d
marketa-vankova,Z9/27,14,"JUDr. Markéta Vaňková, primátorka: Myslím, že můžeme přistoupit k podnětu dalšího občana.",0,1ac7d00d7789f14d
marketa-vankova,Z9/27,15,"JUDr. Markéta Vaňková, primátorka: Tak. Poprosím dalšího občana, jestli je tady někdo přítomný, kdo by chtěl promluvit? Pokud tomu tak není, tak končíme projednání bodu č. 2) a budeme pokračovat bodem č. 14).",0,1ac7d00d7789f14d
marketa-vankova,Z9/27,16,"JUDr. Markéta Vaňková, primátorka: Tak. Vypadá to, že není nikdo další přihlášený, tak zahajuji hlasování: Hlasování č. 18: 46 - 0 - 6 - 1",0,1ac7d00d7789f14d
marketa-vankova,Z9/27,23,"JUDr. Markéta Vaňková, primátorka: Pan zastupitel Lahoda. Zkusíme, jestli to bude slyšet.",0,1ac7d00d7789f14d
marketa-vankova,Z9/27,23,"JUDr. Markéta Vaňková, primátorka: V tuto chvíli už bez reakce. Tak, ještě paní zastupitelka Černá.",0,1ac7d00d7789f14d
marketa-vankova,Z9/27,24,"JUDr. Markéta Vaňková, primátorka: Tak. V tuto chvíli nikdo přihlášený, zahajuji hlasování: Hlasování č. 33: 40 - 2 - 9 - 3",0,1ac7d00d7789f14d
marketa-vankova,Z9/27,25,"JUDr. Markéta Vaňková, primátorka: Nikdo další není přihlášený. Zahajuju hlasování: Hlasování č. 35: 44 - 0 - 6 - 4",0,1ac7d00d7789f14d
marketa-vankova,Z9/27,28,"JUDr. Markéta Vaňková, primátorka: Tady bych chtěla jenom upozornit, že v původním materiálu bylo usnesení variantně, nicméně všichni jste obdrželi doplněk k tomuto bodu, ve kterém je návrh na změnu usnesení, už není variantně, je tam usnesení jedno a je to v souladu s usnesením, které přijala Rada města Brna. Takže pokud nebude žádný další návrh na změnu usnesení, tak já budu dávat hlasovat podle toho doplňku, který Vám byl rozdán. Pan starosta Leder.",2,1ac7d00d7789f14d
marketa-vankova,Z9/27,28,"JUDr. Markéta Vaňková, primátorka: Nikdo další není přihlášený do diskuse, tedy zahajuji hlasování a znovu opakuji, usnesení ve znění doplňku k tomuto bodu. Zahajuji hlasování: Hlasování č. 46: 53 - 0 - 0 - 0",0,1ac7d00d7789f14d
marketa-vankova,Z9/27,29,"JUDr. Markéta Vaňková, primátorka - prohlásila hlasování za zmatečné a přistoupila k opětovnému hlasování o přijetí usnesení k bodu 48).",0,1ac7d00d7789f14d
marketa-vankova,Z9/27,30,"JUDr. Markéta Vaňková, primátorka: Paní starostka Pazderová.",0,1ac7d00d7789f14d
marketa-vankova,Z9/27,30,"JUDr. Markéta Vaňková, primátorka: Tak. Další doztazy nejsou, zahajuji hlasování: Hlasování č. 52: 45 - 0 - 7 - 2",0,1ac7d00d7789f14d
marketa-vankova,Z9/27,34,"JUDr. Markéta Vaňková, primátorka: Paní zastupitelka Fla, ne, tak první, tak mně tady, na tabuli je první paní zastupitelka Flamiková, ale bliká mně plán zastupitel Kment, tak. Tak, paní zastupitelka Flamiková.",0,1ac7d00d7789f14d
marketa-vankova,Z9/27,34,"JUDr. Markéta Vaňková, primátorka: Tak. To je podnět, předpokládám, na pana radního Kratochvíla, na Koncern. Tak. Někdo další do diskuse? Pan radní Kratochvíl.",0,1ac7d00d7789f14d
marketa-vankova,Z9/27,34,"JUDr. Markéta Vaňková, primátorka: Tak. Někdo další do diskuse? Není tomu tak. Zahajuju hlasování: Hlasování č. 61: 29 - 19 - 5 - 1",0,1ac7d00d7789f14d
marketa-vankova,Z9/27,36,"JUDr. Markéta Vaňková, primátorka: Poprosím paní vedoucí Škorpíkovou, nebo pana vedoucího Poláka.",0,1ac7d00d7789f14d
marketa-vankova,Z9/27,37,"JUDr. Markéta Vaňková, primátorka: Tak. Není žádný další dotaz, zahajuju hlasování: Hlasování č. 66: 45 - 0 - 2 - 7",0,1ac7d00d7789f14d
marketa-vankova,Z9/27,38,"JUDr. Markéta Vaňková, primátorka - prohlásila hlasování za zmatečné a přistoupila k opětovnému hlasování o přijetí usnesení k bodu 67).",0,1ac7d00d7789f14d
marketa-vankova,Z9/27,39,"JUDr. Markéta Vaňková, primátorka - upozornila na variantně navržené usnesení, přičemž Rada města Brna přijala variantu A, tudíž o této variantě nechala JUDr. Markéta Vaňková, primátorka, hlasovat.",4,1ac7d00d7789f14d
marketa-vankova,Z9/27,44,"JUDr. Markéta Vaňková, primátorka: Nějaké další podněty do diskuse? Nejsou, takže budu, budeme hlasovat o návrhu usnesení, tak jak byl předložen, s výjimkou, úplně pod tím bodem 3 je T, to je ten termín, T: 26. 6. 25, a tam bude ta změna, kterou načítal pan náměstek Chvátal. Zahajuji hlasování: Hlasování č. 84: 52 - 0 - 0 - 2",2,1ac7d00d7789f14d
marketa-vankova,Z9/27,48,"JUDr. Markéta Vaňková, primátorka - navrhla společně hlasovat o bodech 88), 89) a 90) týkajících se vzorových dohod o narovnání s bezúplatným převodem spoluvlastnických podílů.",4,1ac7d00d7789f14d
marketa-vankova,Z9/27,53,"JUDr. Markéta Vaňková, primátorka - navrhla společné hlasování o bodech 93) - 99) týkajících se zpeněžení - prodeje pozemků a částí pozemků formou veřejné elektronické dražby.",4,1ac7d00d7789f14d
marketa-vankova,Z9/27,53,"JUDr. Markéta Vaňková, primátorka - přistoupila ke společnému projednání bodů 93) - 96).",0,1ac7d00d7789f14d
marketa-vankova,Z9/27,55,"JUDr. Markéta Vaňková, primátorka: Tak. Nevidím nikoho s reakcí, tím pádem zahájím hlasování. Zahajuju hlasování: Hlasování č. 96: 37 - 0 - 12 - 5",0,1ac7d00d7789f14d
marketa-vankova,Z9/27,55,"JUDr. Markéta Vaňková, primátorka - přistoupila ke společnému projednání bodů 98) a 99).",0,1ac7d00d7789f14d
marketa-vankova,Z9/27,56,"JUDr. Markéta Vaňková, primátorka - navrhla společně hlasovat o bodech 100) - 103) týkajících se prodejů pozemků a částí pozemků.",4,1ac7d00d7789f14d
marketa-vankova,Z9/27,56,"JUDr. Markéta Vaňková, primátorka - přistoupila ke společnému projednání bodů 100) - 102).",0,1ac7d00d7789f14d
marketa-vankova,Z9/27,60,"JUDr. Markéta Vaňková, primátorka - navrhla společné hlasování o bodech 107) - 121), bez staženého bodu 118), týkajících se nabytí nemovitých věcí, pozemků, částí pozemků, spoluvlastnických podílů na pozemcích a vlastnických práv ke spoluvlastnickým podílům.",4,1ac7d00d7789f14d
marketa-vankova,Z9/27,66,"JUDr. Markéta Vaňková, primátorka - navrhla společně hlasovat o bodech 123) - 131) týkajících se uznání vlastnických práv k pozemkům a ke spoluvlastnickým podílům na pozemcích.",4,1ac7d00d7789f14d
marketa-vankova,Z9/27,76,"JUDr. Markéta Vaňková, primátorka - navrhla společné hlasování o bodech 132) - 139) týkajících se bezúplatného nabytí nemovitých věcí z vlastnictví České republiky - Úřadu pro zastupování státu ve věcech majetkových.",4,1ac7d00d7789f14d
marketa-vankova,Z9/27,80,"JUDr. Markéta Vaňková, primátorka - navrhla společně hlasovat o bodech 140) - 152) týkajících se nabídek předkupních práv ke stavbám.",4,1ac7d00d7789f14d
marketa-vankova,Z9/27,86,"JUDr. Markéta Vaňková, primátorka - navrhla společné hlasování o bodech 154) - 156) týkajících se směny pozemků a částí pozemků.",4,1ac7d00d7789f14d
marketa-vankova,Z9/27,90,"JUDr. Markéta Vaňková, primátorka: Nevidím žádné další dotazy, tak zahajuji hlasování: Hlasování č. 110: 36 - 1 - 12 - 5",0,1ac7d00d7789f14d
marketa-vankova,Z9/27,90,"JUDr. Markéta Vaňková, primátorka: Eště se znovu hlásí pan starosta Leder?",0,1ac7d00d7789f14d
marketa-vankova,Z9/27,91,"JUDr. Markéta Vaňková, primátorka: Tak. Není nikdo další přihlášený, je tady návrh na stažení. Zahajuju hlasování: Hlasování č. 111: 51 - 0 - 1 - 2",2,1ac7d00d7789f14d
marketa-vankova,Z9/27,92,"JUDr. Markéta Vaňková, primátorka - navrhla společně hlasovat o bodech 162), 163) a 164) týkajících se smluv o spolupráci při výstavbě veřejné infrastruktury.",4,1ac7d00d7789f14d
marketa-vankova,Z9/27,93,"JUDr. Markéta Vaňková, primátorka: Dobře. Tak. Někdo jiný do diskuse? Paní starostko, a máme čekat v tom bodu, nebo přerušovat ho?",0,1ac7d00d7789f14d
marketa-vankova,Z9/27,93,"JUDr. Markéta Vaňková, primátorka: Dobře. Děkuju za upozornění. Někdo další do diskuse? Není tomu tak, zahajuji hlasování: Hlasování č. 115: 49 - 0 - 0 - 4",0,1ac7d00d7789f14d
marketa-vankova,Z9/27,94,"JUDr. Markéta Vaňková, primátorka - navrhla společné hlasování o bodech 169) - 171) týkajících se nabídek překupních práv ke stavbám a ke spoluvlastnickému podílu na stavbě.",4,1ac7d00d7789f14d
marketa-vankova,Z9/27,97,"JUDr. Markéta Vaňková, primátorka: Poprosím paní vedoucí, Moniku Koppovou, aby nám ozřejmila, jak se objednávají, ve všech případech, letenky na zahraniční pracovní cesty.",0,1ac7d00d7789f14d
marketa-vankova,Z9/27,97,"JUDr. Markéta Vaňková, primátorka: Ještě možná poprosím k té ceně, jestli se lze nějak vyjádřit, jako že teď se dají koupit za, levněji, tehdy nedaly?",0,1ac7d00d7789f14d
marketa-vankova,Z9/27,97,"JUDr. Markéta Vaňková, primátorka: Tak. Budeme vyčkávat, jestli něco takového navrhne OZV, ale jako bylo to na základě, nebo, dle mých informací to bylo, a tak, jak řekla paní vedoucí, na základě smlouvy, která byla",0,1ac7d00d7789f14d
marketa-vankova,Z9/27,98,"JUDr. Markéta Vaňková, primátorka: Poprosím zase paní vedoucí, a eště poprosím, paní vedoucí, o doplnění informace, jak dlouho se tadytímto způsobem letenky z úrovně města Brna kupují?",0,1ac7d00d7789f14d
marketa-vankova,Z9/27,98,"JUDr. Markéta Vaňková, primátorka: Tak. Tuším, že k letenkám eště pan náměstek Kerndl, tak mu dám slovo.",0,1ac7d00d7789f14d
marketa-vankova,Z9/27,99,"JUDr. Markéta Vaňková, primátorka: Tak eště pan radní Kratochvíl, letenky.",0,1ac7d00d7789f14d
marketa-vankova,Z9/27,99,"JUDr. Markéta Vaňková, primátorka: Já nevím, tak to je asi pak jako dotaz na paní vedoucí Odboru zahraničních vztahů, jestli jim v té době přišly, když se ty letenky objednávaly, nějakým způsobem prodražené nebo předražené? A já, za sebe, můžu říct, že jsme se o tom bavili, asi v horizontu 14 dnů, kdy jsme se rozhodovali o tom, jestli, a šlo, já jsem řešila sebe, svou osobu, jestli já, ze zdravotních důvodů, poletím Businessem, nebo nepoletím Businessem, měla jsem několikrát nabídku té ceny. Ta cena se vyvíjela v tom čase, i ten doplatek za ten Business se za těch 14 dnů vyvinul a posunul se z původních, nějakých plánovaných, asi 15, na těch 35. Takže, jako kdyby i já jsem tam, za sebe, viděla v průběhu těch 14 dnů, že ty ceny těch letenek se hodně pohybují. Ale jako vůbec neumím jako se vyjádřit k tomu, jestli v té době se dalo prostřednictvím někoho jiného případně sehnat letenky levněji, nebo ne. Ale pokud je to systém, který se několik let tady uplatňuje, tak nepředpokládám, že by měli zástupci OZV, kteří to měli na starosti, jakékoliv pochybnosti o tom, jestli ty letenky jsou za cenu, která je relevantní na trhu. Ale, říkám, to je otázka spíš na pan, paní vedoucí. Já jsem se chtěla jenom vyjádřit k tomu, jak jsem v průběhu 14 dnů byla informována o tom, jak se cena těch letenek vyvíjí. Paní vedoucí.",0,1ac7d00d7789f14d
marketa-vankova,Z9/27,100,"JUDr. Markéta Vaňková, primátorka: Tak. Dobře, nějak, jo, pan, nějaký další dotaz, se chci zeptat, ale hlásil se pan ministr Hladík, který říkal, že má něco jinýho, a on mezitím zmizel. Hm. Tak. Někdo něco dalšího? Pan zastupitel Lahoda eště nás pozdraví z monitoru.",0,1ac7d00d7789f14d
marketa-vankova,Z9/27,100,"JUDr. Markéta Vaňková, primátorka: ZUK dělají městské části, zahrádky povolují městské části, takže by to byl spíš dotaz na příslušnou městskou část. Ale je to zaznamenáno, písemně, případně Vám bude nějak odpovězeno. Pan zastupitel Zemek.",0,1ac7d00d7789f14d
marketa-vankova,Z9/27,101,"JUDr. Markéta Vaňková, primátorka: Nějaké další dotazy? Není tomu tak. Takže jsme vyčerpali program dnešního zastupitelstva.",0,1ac7d00d7789f14d
marketa-vankova,Z9/27,101,"JUDr. Markéta Vaňková, primátorka, ukončila zasedání Zastupitelstva města Brna (v 11:45 hod.).",0,1ac7d00d7789f14d
marketa-vankova,Z9/29,1,"Zasedání zahájila a řídila primátorka města Brna JUDr. Markéta Vaňková (dále jen JUDr. Markéta Vaňková, primátorka).",0,af870d56898ecc01
marketa-vankova,Z9/29,1,"JUDr. Markéta Vaňková, primátorka, upozornila na skutečnost, že jednání Zastupitelstva města Brna je audiovizuálně přenášeno prostřednictvím internetových stránek města a přenos je zaznamenáván, archivován a následně bude zveřejněn.",4,af870d56898ecc01
marketa-vankova,Z9/29,1,"JUDr. Markéta Vaňková, primátorka, sdělila, že při prezenci členové Zastupitelstva města Brna obdrželi: • doplněk k bodu 102), který byl dne 13. 10. 2025 vložen na chráněné internetové datové úložiště • 2 doplňky, č. 1 a č. 2, k bodu 107), které byly dne 13. 10. 2025 vloženy na chráněné internetové datové úložiště • materiál k nově navrženému bodu 109), který byl dne 13. 10. 2025 vložen na chráněné internetové datové úložiště • Informativní zprávu - Podání adresovaná Zastupitelstvu města Brna, která byla dne 13. 10. 2025 včetně vlastních podání vložena na chráněné internetové datové úložiště.",0,af870d56898ecc01
marketa-vankova,Z9/29,2,"Schválení programu zasedání Zastupitelstva města Brna č. Z9/29 JUDr. Markéta Vaňková, primátorka, zdůvodnila tyto změny programu:",0,af870d56898ecc01
marketa-vankova,Z9/29,2,"Poté se JUDr. Markéta Vaňková, primátorka, dotázala, zda jsou nějaké další návrhy na změny v programu zasedání.",6,af870d56898ecc01
marketa-vankova,Z9/29,2,"JUDr. Markéta Vaňková, primátorka: Stačí takto, děkuji. Tak. Takže máme tadytyto návrhy na doplnění programu. Budeme hlasovat postupně, nejprve budeme hlasovat samostatně o stažení bodu č. 105). Zahajuji hlasování: Hlasování č. 2: 49 - 0 - 1 - 1",2,af870d56898ecc01
marketa-vankova,Z9/29,2,"JUDr. Markéta Vaňková, primátorka: Návrh byl schválen. Pan zastupitel Hollan.",2,af870d56898ecc01
marketa-vankova,Z9/29,2,"JUDr. Markéta Vaňková, primátorka: Audit Vám nebyl rozdán z toho důvodu, že Rada města Brna, která je příslušná k projednání tohoto auditu, jej má zařazen na projednání na zítřejší jednání Rady města Brna. A ten proces je takový, dle zákona, že nejprve ten materiál projedná rada, pak bude předložen Zastupitelstvu města Brna. To znamená, předbíhali bychom se v daném procesu. Tak. Nyní můžeme samostatně hlasovat o zařazení bodů tak, jak jsem je já přečetla. To znamená body 108) a 109). Zahajuji hlasování: Hlasování č. 3: 48 - 0 - 2 - 1",0,af870d56898ecc01
marketa-vankova,Z9/29,2,"JUDr. Markéta Vaňková, primátorka: Návrh byl schválen. A nyní budeme hlasovat o zařaní, zení bodu č. 110), tak jak jej navrhl a rozdal pan zastupitel Kment. Je to tedy návrh na provedení kontroly. Zahajuji hlasování: Hlasování č. 4: 36 - 3 - 7 - 5",4,af870d56898ecc01
marketa-vankova,Z9/29,3,"JUDr. Markéta Vaňková, primátorka: Návrh byl schválen. Tento bod byl taky zařazen a bude to tedy, jak jsem říkala, bod č. 110). A nyní budeme hlasovat o programu jako celku. Zahajuji hlasování: Hlasování č. 5: 49 - 1 - 0 - 1",2,af870d56898ecc01
marketa-vankova,Z9/29,7,"JUDr. Markéta Vaňková, primátorka, uvedla, že nejprve bude Zastupitelstvo města Brna hlasovat o prvních 3 částech navrženého usnesení, tedy o části „schvaluje"" změnu Volebního řádu pro volbu neuvolněných předsedů, místopředsedů a členů výborů Zastupitelstva města Brna a změnu Statutu výborů Zastupitelstva města Brna a o části „bere na vědomí“ rezignaci Mgr. Michala Chládka, a následně provede volbu volební komise a nové členky/člena Kontrolního výboru Zastupitelstva města Brna.",0,af870d56898ecc01
marketa-vankova,Z9/29,7,"JUDr. Markéta Vaňková, primátorka, přistoupila k hlasování o prvních 3 částech navrženého usnesení v materiálu k bodu č. 5) ve znění: Zastupitelstvo města Brna 1. schvaluje - změnu Volebního řádu pro volbu neuvolněných předsedů, místopředsedů a členů výborů Zastupitelstva města Brna 2. schvaluje - změnu Statutu výborů Zastupitelstva města Brna 3. bere na vědomí - rezignaci Mgr. Michala Chládka na funkci člena Kontrolního výboru Zastupitelstva města Brna ke dni 10. 4. 2025: Hlasování č. 6: 49 - 0 - 1 - 1",0,af870d56898ecc01
marketa-vankova,Z9/29,7,"Následně JUDr. Markéta Vaňková, primátorka, upozornila, že podle článku 5 odst. 2 volebního řádu členem volební komise nemůže být kandidát na funkci volenou dle tohoto volebního řádu, a vyzvala přítomné členy Zastupitelstva města Brna k podání návrhů na minimálně 3 členy volební komise.",6,af870d56898ecc01
marketa-vankova,Z9/29,7,"Po zvolení volební komise JUDr. Markéta Vaňková, primátorka, přistoupila k volbě členky/člena Kontrolního výboru Zastupitelstva města Brna. Upozornila, že o této části usnesení se nehlasuje, neboť jde pouze o konstatování výsledku uskutečněné volby.",4,af870d56898ecc01
marketa-vankova,Z9/29,8,"JUDr. Markéta Vaňková, primátorka, přistoupila k hlasování o navrženém kandidátovi na funkci člena Kontrolního výboru Zastupitelstva města Brna, přičemž výsledek volby neohlásila a požádala o předání výstupů z hlasovacího zařízení k této volbě předsedovi volební komise k ověření.",4,af870d56898ecc01
marketa-vankova,Z9/29,8,"Poté JUDr. Markéta Vaňková, primátorka, z časových důvodů přerušila projednávání bodu č. 5) a přistoupila k bodu č. 2) Dotazy, připomínky a podněty občanů.",0,af870d56898ecc01
marketa-vankova,Z9/29,8,"JUDr. Markéta Vaňková, primátorka: Bude Vám zareagováno písemně. V tuto chvíli nejsme schopni relevantně odpovědět. Tak, poprosím nějakého dalšího občana.",0,af870d56898ecc01
marketa-vankova,Z9/29,9,"JUDr. Markéta Vaňková, primátorka: Hla, hlásí se paní náměstkyně Podivinská s reakcí.",0,af870d56898ecc01
marketa-vankova,Z9/29,9,"JUDr. Markéta Vaňková, primátorka: Paní Burešová, překročila jste už asi 4x ten stanovený limit. Já si myslím, že vše podstatné už zaznělo, a pokud jste ještě nějakou poslední, jednu větu, ale skutečně velmi krátce, ať mají prostor další občané.",0,af870d56898ecc01
marketa-vankova,Z9/29,10,"JUDr. Markéta Vaňková, primátorka: … bytů Vám bylo navrženo poměrně velké množství, Vy víte, kolik bytů Vám bylo navrženo.",0,af870d56898ecc01
marketa-vankova,Z9/29,10,"JUDr. Markéta Vaňková, primátorka: Není potřeba, není potřeba brát paní náměstkyni Podivinskou za slovo …",0,af870d56898ecc01
marketa-vankova,Z9/29,10,"JUDr. Markéta Vaňková, primátorka: Ano. A myslím si, že Váš případ …",0,af870d56898ecc01
marketa-vankova,Z9/29,10,"JUDr. Markéta Vaňková, primátorka: … jsme tady projednávali poměrně pravidelně. Naprosto se ztotožňuji s tím, co řekla paní náměstkyně. Vůči Vám bylo nadstandardní množství nabídek, včetně toho, co bylo zmí, smíněno, dar ze Sociálního nadačního fondu, jehož jsem předsedkyní. Mohla jste dostat částku ze Sociálního nadačního fondu, tu jste odmítla, nepodepsala jste smlouvu. Skutečně, Vaším případem se zabýváme dlouhé měsíce, teď už se to snad počítá i za roky. A bylo Vám nabídnuto mnoho variant a Vy jste je odmítla. Myslím si, že už se motáme v kruhu. Nechte prosím prostor pro dalšího občana.",0,af870d56898ecc01
marketa-vankova,Z9/29,10,"JUDr. Markéta Vaňková, primátorka: Děkujeme za podnět, také Vám odpovíme písemně. V tuto chvíli nejsme schopni úplně reagovat, ale, ale určitě, určitě dostanete písemnou odpověď. A pokud ta situace je taková, jak popisujete, a jestli se nemýlím, to byla stejná adresa, jak mluvil občan, jako první …",0,af870d56898ecc01
marketa-vankova,Z9/29,10,"JUDr. Markéta Vaňková, primátorka: Podnásepní 2, to znamená, evidentně těch problémů je tam více. Takže se tím budeme zabývat a budeme se zkusit tu situaci vyřešit. Ale v tuto chvíli, já ten dům neznám, takže neumím Vám reagovat teď, na místě, ale určitě bude Vám odpovězeno.",0,af870d56898ecc01
marketa-vankova,Z9/29,11,"JUDr. Markéta Vaňková, primátorka: Tak do práce Policie České republiky my, jako město Brno, bohužel nezasahujeme, nemůžeme zasahovat. Takže to je spíš otázka zase na policie a na jejich kompetence. Předpokládám, že vždy vyhodnotí tu situaci a dělají kroky dle zákonných mezí. Ale řikám, to, to nemůžeme my nijak ovlivnit, ani hodnotit, ani nějakým způsobem na to reagovat.",0,af870d56898ecc01
marketa-vankova,Z9/29,11,"JUDr. Markéta Vaňková, primátorka: Dobře. Děkujeme, jak jsem říkala, bude Vám odpovězeno písemně. Děkujeme a hlásí se pan zastupitel Zemek. Jenom připomínám, toto není bod, kde by měli diskutovat zastupitelé.",0,af870d56898ecc01
marketa-vankova,Z9/29,11,"JUDr. Markéta Vaňková, primátorka: Jak jsem odpovídala už paní před Vámi, my na činnost Policie České republiky nemáme vůbec žádný vliv. Takže se, bohužel, ptáte na špatném místě. To je prostě věc, věc policie. Ne, neumíme řídit policie.",0,af870d56898ecc01
marketa-vankova,Z9/29,11,"JUDr. Markéta Vaňková, primátorka: Zase, tak jak jsem říkala Vašim předřečníkům, my určitě zareagujeme písemně. Tou situací se budeme zabývat. Tím, že je Vás tady více, ale i kdybyste tady byl jenom jeden, tak samozřejmě jsou to podstatné informace, které tady zaznívají, takže určitě nějakým způsobem na to budeme reagovat. Paní náměstkyně Podivinská možná bude vědět víc k tomuto domu.",0,af870d56898ecc01
marketa-vankova,Z9/29,12,"JUDr. Markéta Vaňková, primátorka: Poprosím dalšího občana. Tak. Vypadá to, že už nikdo další není, takže končíme bod č. 2) a můžeme se vrátit k bodu č. 5), což byla volba člena kontrolního výboru. A já poprosím předsedu volební komise, jestli by nás seznámil s výsledky volby.",0,af870d56898ecc01
marketa-vankova,Z9/29,14,"JUDr. Markéta Vaňková, primátorka - navrhla společně hlasovat o bodech 15) - 24) týkajících se aktualizací očekávaného čerpání rozpočtů výdajů jednotlivých odborů MMB.",4,af870d56898ecc01
marketa-vankova,Z9/29,14,"JUDr. Markéta Vaňková, primátorka - přistoupila ke společnému projednání bodů 15) - 22).",0,af870d56898ecc01
marketa-vankova,Z9/29,16,"JUDr. Markéta Vaňková, primátorka: Tak, nikdo další se nehlásí k bodu č. 23), tak zahajuji hlasování: Hlasování č. 19: 45 - 0 - 6 - 0",0,af870d56898ecc01
marketa-vankova,Z9/29,20,"JUDr. Markéta Vaňková, primátorka: Tak, první se přihlásila paní náměstkyně Podivinská, tak pan radní Bořecký z hnutí ANO.",0,af870d56898ecc01
marketa-vankova,Z9/29,21,"JUDr. Markéta Vaňková, primátorka: Vypadá to, že nejsou žádné další dotazy, jsou, pan zastupitel Zemek.",0,af870d56898ecc01
marketa-vankova,Z9/29,21,"JUDr. Markéta Vaňková, primátorka: Tak, nikdo další není přihlášený, můžeme přistoupit k hlasování: Hlasování č. 29: 41 - 0 - 6 - 4",0,af870d56898ecc01
marketa-vankova,Z9/29,24,"JUDr. Markéta Vaňková, primátorka: Pan ředitel se nachystá, ale ještě než dojde k mikrofonu, a vítám ho tady, tak dám slovo panu zastupiteli Chládkovi.",0,af870d56898ecc01
marketa-vankova,Z9/29,25,"JUDr. Markéta Vaňková, primátorka: Tak nevím, jestli pan ředitel od toho mikrofonu zase si plynule nepude sednout do lavice? Děkuji. Tak. Někdo další tadyktomuto bodu? Není tomu tak, tak můžeme přistoupit k hlasování. Zahajuji hlasování: Hlasování č. 35: 41 - 0 - 6 - 4",0,af870d56898ecc01
marketa-vankova,Z9/29,30,"JUDr. Markéta Vaňková, primátorka - požádala o technickou pomoc z důvodu nefunkčního hlasovacího zařízení, prohlásila hlasování za zmatečné a nechala opětovně hlasovat o přijetí usnesení k bodu 54).",4,af870d56898ecc01
marketa-vankova,Z9/29,35,"JUDr. Markéta Vaňková, primátorka - vyhlásila přestávku v jednání do 11:00 hod.",0,af870d56898ecc01
marketa-vankova,Z9/29,35,"JUDr. Markéta Vaňková, primátorka - přistoupila k projednávání bodu 63) dle schváleného programu Zastupitelstva města Brna.",0,af870d56898ecc01
marketa-vankova,Z9/29,36,"JUDr. Markéta Vaňková, primátorka - upozornila na variantně navržené usnesení, přičemž Rada města Brna nepřijala usnesení o žádné z variant. Protože se do rozpravy nikdo nepřihlásil, nechala nejprve hlasovat o variantě A:",4,af870d56898ecc01
marketa-vankova,Z9/29,36,"JUDr. Markéta Vaňková, primátorka - nechala tedy hlasovat o variantě B: Zastupitelstvo města Brna 1. bere na vědomí skutečnosti, že společnost GOLF BRNO, a.s., užívala bez právního důvodu pozemky … 2. souhlasí s úhradou bezdůvodného obohacení za bezesmluvní užívání pozemků … 3. souhlasí s prominutím bezdůvodného obohacení za bezesmluvní užívání pozemků … Hlasování č. 62: 19 - 6 - 15 - 8",0,af870d56898ecc01
marketa-vankova,Z9/29,37,"JUDr. Markéta Vaňková, primátorka - navrhla společné hlasování o bodech 65) - 75) týkajících se prodejů pozemků a částí pozemků.",4,af870d56898ecc01
marketa-vankova,Z9/29,40,"JUDr. Markéta Vaňková, primátorka - navrhla společně hlasovat o bodech 76) - 87) týkajících se nabytí pozemků, částí pozemků a vlastnických práv ke spoluvlastnickým podílům.",4,af870d56898ecc01
marketa-vankova,Z9/29,44,"JUDr. Markéta Vaňková, primátorka - navrhla společné hlasování o bodech 88) - 91) týkajících se bezúplatných nabytí pozemků z vlastnictví České republiky - Úřadu pro zastupování státu ve věcech majetkových.",4,af870d56898ecc01
marketa-vankova,Z9/29,49,"JUDr. Markéta Vaňková, primátorka - navrhla společně hlasovat o bodech 93) - 100) týkajících se nabídek předkupních práv ke stavbám.",4,af870d56898ecc01
marketa-vankova,Z9/29,55,"JUDr. Markéta Vaňková, primátorka: Poprosím další zastupitele, kteří by si chtěli přihlásit do diskuse k tomuto bodu. Paní starostka Drápalová. Ing. Jana Drápalová: Já bych chtěla poprosit, vzhledem k tomu, jak, teď nechci říct, možná nechci použít slovo nestandardním, ale jak docela rychlým způsobem byla tato naprosto zásadní změna statutu projednávána, a i vzhledem k tomu, že ten Sněm starostů, na konci srpna, kterým, do kterého by mohl být tento návrh předložen, tak byl zrušen, takže jsme to teď projednávali na Sněmu starostů ve chvíli, kdy už jednou to Rada města Brna projednala. A vím, že se tím návrhem rada zabývala ještě jednou na návrh některých městských částí, protože stanoviska od městských částí měla termín až vlastně po projednání v té, po tom prvním projednání v radě. Tak já bych teď chtěla poprosit někoho, aby zrekapituloval ten průběh toho projednávání, krátce, pro nás, a včetně těch 2 doplňků, nebo dodatků, nebo co k tomu bylo, jak se vlastně rada vypořádala s těmi stanovisky městských částí a kde tam návrhu navr, doporučuje vyhovět a jak vlastně ten současný stav přesně vypadá?",2,af870d56898ecc01
marketa-vankova,Z9/29,55,"JUDr. Markéta Vaňková, primátorka: Popras, poprosím paní vedoucí Chaloupkovou, jestli, ona rozdává materiály, takže nevím, jestli chytla to, co chtěla paní starostka? Paní starostka konstatovala, že ten proces projednávání změny statutu nebyl úplně standardní, museli jsme konat mimořádnou radu, na Sněmu starostů to bylo předtím, než rada, rada rozhodovala. Tak jestli byste, paní vedoucí, mohla shrnout ten proces, případně zodpovědět další tadyty procesní otázky, které definovala paní starostka?",0,af870d56898ecc01
marketa-vankova,Z9/29,57,"JUDr. Markéta Vaňková, primátorka: A pane starosto, písemný návrh? Já to samozřejmě vnímám, 75, 10, hlasovat samostatně, ale asi by formálně bylo dobré to dát písemně, jestli už jste to dal kolegyním, nebo nedal?",2,af870d56898ecc01
marketa-vankova,Z9/29,57,"JUDr. Markéta Vaňková, primátorka: Přiznám se, že nevím, ale minimálně v tom čl. 75 odst. 10 jsou 2 odstavece a já bych byla ráda, abych věděla, o čem mám dát hlasovat. 2 odrážky jsou tam. Pan starosta Krásný.",0,af870d56898ecc01
marketa-vankova,Z9/29,57,"JUDr. Markéta Vaňková, primátorka: No, tak to už poprosím právní pomoc, protože skutečně, jako pokud začneme takhle dělat tydle úpravy bez, navíc bez těch písemných návrhů, tak se obávám, abysme neodhlasovali něco, co úplně nezamýšlíme. Mezitím pan starosta, takže, poprosím právní pomoc, jo? Paní JUDr. Doležalová. Pak to nějak domluvte si i s panem starostou Krásným. A pan starosta Vondra?",2,af870d56898ecc01
marketa-vankova,Z9/29,57,"JUDr. Markéta Vaňková, primátorka: Celý odst. 10, to znamená i s tou 1. odrážkou …",0,af870d56898ecc01
marketa-vankova,Z9/29,57,"JUDr. Markéta Vaňková, primátorka: … se částka zas, se čárka za slovy …",0,af870d56898ecc01
marketa-vankova,Z9/29,57,"JUDr. Markéta Vaňková, primátorka: a … a tak dál. Tak. Ještě počkáme, co s návrhem pana starosty Krásného, a mezitím pan radní Oliva.",2,af870d56898ecc01
marketa-vankova,Z9/29,58,"JUDr. Markéta Vaňková, primátorka: Tak. Je, čas byl vyplněn krásně …",0,af870d56898ecc01
marketa-vankova,Z9/29,58,"JUDr. Markéta Vaňková, primátorka: Děkujeme a eště se hlásí pan náměstek Černý.",0,af870d56898ecc01
marketa-vankova,Z9/29,59,"JUDr. Markéta Vaňková, primátorka: Tak. V tuto chvíli to vypadá, že tedy nikdo další není přihlášený, takže půjdeme postupně se vypořádávat s těmi návrhy. Takže návrh pana starosty Vondry, aby se odděleně hlasovalo o úpravách v čl. 75 odst. 10, obě dvě odrážky, tak jak to máte v příloze statutu. Takže jsou tam obě dvě ty vyhlášky, té, odrážky a budeme tedy nyní hlasovat pozitivně. To znamená, kdo je pro změnu, která je navržená, tak bude hlasovat pro, jo? Hlasujeme odděleně o tomto jednom článku tak, jak je navržen na změnu. Takže, kdo je pro navrženou změnu v čl. 75 odst. 10: Hlasování č. 73: Neplatné hlasování",2,af870d56898ecc01
marketa-vankova,Z9/29,59,"JUDr. Markéta Vaňková, primátorka: Paní, pa, paní starostka Pazderová se hlásí?",0,af870d56898ecc01
marketa-vankova,Z9/29,59,"JUDr. Markéta Vaňková, primátorka: Takže končíme hlasování. Ták. Á, pan starosta Krásný chtěl asi totéž? Starost, pan starosta Grund taky. Tak ješ, prosím Vás, ještě jednou, poslouchejte, poslouchejte mě všichni. Já si myslím, že jsem to vysvětlila, jak v mateřské školce, ale evidentně možná ne. Takže ještě jednou, je to návrh pana starosty Vondry, který chtěl odděleně hlasovat o čl. 75 odst. 10. Pan náměstek bude mlčet. Ano? Takže, hlasujeme odděleně, nikoli o návrhu změn celého statutu, ale o návrhu tadytéto změny, tak jak je navržena, a tak, jak o ní hezky vykládal pan náměstek a pan vedoucí Pivec. A budeme hlasovat, kdo je pro tuto změnu. To znamená, kdo chcete, aby se městské části podílely 50 % na nákladech vzniklých víceprací z důvodu změny projektu, kdo si myslíte, že toto je dobré rozhodnutí, tak chcete, aby se v tomto smyslu změnil statut. Takže, kdo chcete změnit čl. 75 odst. 10 tímto způsobem, tak prosím, hlasujte pro. Kdo by si myslel, že to není dobrý nápad, takto měnit statut, tak se zdrží, nehlasuje, nebo hlasuje proti. Jo? Takže eště jednou, kdo chce změnu statutu v čl. 75, 10 a chce trošku větší spoluúčast městské části, hlasuje pro. Děkuji. Zahajuji hlasování: Hlasování č. 74: 29 - 4 - 14 - 2",2,af870d56898ecc01
marketa-vankova,Z9/29,59,"JUDr. Markéta Vaňková, primátorka: Návrh byl schválen. Tato změna statutu byla schválena. Tak, děkuji. Počkám, vzhledem k složitosti hlasování, jestli se mně nikdo nepřihlásí? Není tomu tak. Tak můžeme přistoupit k jednoduššímu, a to je návrh pana starosty Krásného. A pan starosta Krásný navrhuje změnu v textaci, změnu, a ta změna spočívá v tom, jsou to 2 ustanovení, že tam, kde byly pro městské části, pro vyjádření, dány, dána lhůta 15? 30, tak se mění na 60. Jo. Tak se mění na 60. Takže delší lhůta, z 30 na 60. A přečtu Vám to celé, jak je ten návrh usnesení - v příloze návrhu textu vyhlášky se v čl. 21 odst. 1 písm. s) a v čl. 25 odst. 1 písm. u) se text 30 dnů nahrazuje textem 60 dnů. Takže teď hlasujeme o tom, kdo chce pro městské části prodloužit lhůtu, tak hlasuje pro. Na mikrofon? Tak se přihlas, já Ti dám slovo.",2,af870d56898ecc01
marketa-vankova,Z9/29,60,"JUDr. Markéta Vaňková, primátorka: Nikdo další se nehlásí, jsme v procesu hlasování, takže znovu, eště jednou dávám hlasovat, kdo je pro návrh pana starosty Krásného, změna spočívající v tom, že se 30 dnů prodlužuje na 60. Zahajuji hlasování: Hlasování č. 75: 10 - 1 - 24 - 14",2,af870d56898ecc01
marketa-vankova,Z9/29,60,"JUDr. Markéta Vaňková, primátorka: Návrh nebyl schválen. Děkuji. A teď můžeme tedy hlasovat o návrhu usnesení jako celku, to znamená, zastupitelstvo vydává obecně závaznou vyhlášku a tak dále. Zahajuji hlasování: Hlasování č. 76: 41 - 0 - 6 - 2",2,af870d56898ecc01
marketa-vankova,Z9/29,61,"JUDr. Markéta Vaňková, primátorka: Poprosím předkladatele, jestli by mohl udělat krátký úvod tohoto bodu. Tak, pan zastupitel Kment.",0,af870d56898ecc01
marketa-vankova,Z9/29,61,"JUDr. Markéta Vaňková, primátorka: Dáme případně paní ředitelce také slovo a nyní paní zastupitelka Flamiková.",0,af870d56898ecc01
marketa-vankova,Z9/29,61,"JUDr. Markéta Vaňková, primátorka: Tak, hlásí se znovu pan Kment, ale vzhledem k tomu, co zaznělo, tak já do toho teď vstoupím. Chtěla jsem to udělat až po diskusi, vystoupit jako poslední, ale ať aspoň tadytudle jednu procesní věc vyřešíme rovnou. Je to přesně tak, jak už jsem avizovala ráno. Tím auditem, který jsme si my,",0,af870d56898ecc01
marketa-vankova,Z9/29,63,"JUDr. Markéta Vaňková, primátorka: Já bych to nechala na paní ředitelce, vzhledem k tomu, co jsem řekla, že my to budeme probírat zítra na radě, tak si myslím, že je teď jako předčasné probírat ty věci na zastupitelstvu. Ale samozřejmě, pokud se chce k něčemu vyjádřit a považuje to za přínosné, předtím, aniž by znala naše výtky, jako rady, tak, tak samozřejmě může učinit.",0,af870d56898ecc01
marketa-vankova,Z9/29,63,"JUDr. Markéta Vaňková, primátorka: Tak. Také bych se klonila k tomu, aby kdokoliv bude chtít se této problematice věnovat, aby si audit nastudoval svou vlastní hlavou, a jak jsem již řekla, rada se tím bude zabývat. A také jsem řekla, že ve vztahu k TIC budou nějaké kroky činěny, prostřednictvím Odboru kultury. Tak. V tuto chvíli nevidím nikoho pro, přihlášeného a já tady si dovolím sama vnést návrh, který jsem již slovně vyjádřila, to znamená návrh na stažení tohoto bodu z projednání, z programu, s ohledem na nehlasovatelnost daného ustanovení, nebo návrh usnesení, a s ohledem na procesní",2,af870d56898ecc01
marketa-vankova,Z9/29,64,"JUDr. Markéta Vaňková, primátorka: Tak. Na tu první otázku nevím, jestli Tomáš Pivec chce zareagovat rovnou, nebo písemně? Písemně. Kamery, pan radní Kratochvíl.",0,af870d56898ecc01
marketa-vankova,Z9/29,65,"JUDr. Markéta Vaňková, primátorka: Vypadá to, že není nikdo přihlášený, ale prosím Vás, ještě zůstaňte na místech. Ještě mám jednu důležitou informaci k našemu dnes nejoblíbenějšímu bodu 107), změna statutu, jo? Úplně pro jistotu, jak jsme hlasovali, jo, tak abyste věděli, jak nám tady pan radní Oliva vyplňoval ten čas a všichni jste dostali na stůl tu změnu v souvislosti se schválením a tak dále, tak prosím Vás, jak jsem dávala hlasovat, tak to bylo včetně té změny. Tak jenom jestli jste to tak všichni jako pochopili, že jste to neměli na tom stole jenom tak a že pan radní Oliva jako vyplňoval čas, ale nejenom proto, že by ho chtěl vyplnit, ale protože Vás seznamoval se zněním té změny a celou Vám ji přečetl. Tak kdyby náhodou měl někdo pocit, že jako o tom nehlasoval, tak to řekněte teď, tady, teď hned, v tuto chvíli, abychom o tom hlasovali znovu. Já si myslím, že to není potřeba, ale pro jistotu to říkám. Všichni v pohodě, že jsme hlasovali včetně tadytéto změny, jo? Dobře.",0,af870d56898ecc01
marketa-vankova,Z9/29,66,"JUDr. Markéta Vaňková, primátorka, ukončila zasedání Zastupitelstva města Brna (ve 12:30 hod.).",0,af870d56898ecc01
marketa-vankova,Z9/28,1,"Zasedání zahájila a řídila primátorka města Brna JUDr. Markéta Vaňková (dále jen JUDr. Markéta Vaňková, primátorka).",0,7ac680d41d8d0dd0
marketa-vankova,Z9/28,1,"JUDr. Markéta Vaňková, primátorka, upozornila na skutečnost, že jednání Zastupitelstva města Brna je audiovizuálně přenášeno prostřednictvím internetových stránek města a přenos je zaznamenáván, archivován a následně bude zveřejněn.",4,7ac680d41d8d0dd0
marketa-vankova,Z9/28,1,"JUDr. Markéta Vaňková, primátorka, sdělila, že při prezenci členové Zastupitelstva města Brna obdrželi: • doplněk k bodu 158), který byl dne 8. 9. 2025 vložen na chráněné internetové datové úložiště • doplněk k bodu 164), který byl dne 9. 9. 2025 vložen na chráněné internetové datové úložiště • Doplněk k Informativní zprávě - Podání adresovaná Zastupitelstvu města Brna, který byl dne 8. 9. 2025 včetně vlastních podání vložen na chráněné internetové datové úložiště. Podání ZMB včetně Doplňku byla rovněž k dispozici v listinné formě ve složce „K nahlédnutí pro členy ZMB“ v jednacím sálu",0,7ac680d41d8d0dd0
marketa-vankova,Z9/28,2,"Schválení programu zasedání Zastupitelstva města Brna č. Z9/28 JUDr. Markéta Vaňková, primátorka, zdůvodnila tyto změny programu:",0,7ac680d41d8d0dd0
marketa-vankova,Z9/28,2,"JUDr. Markéta Vaňková, primátorka - po právní poradě s JUDr. Hanou Doležalovou, vedoucí Právního oddělení MMB, sdělila, že není nutné samostatně hlasovat o doplňcích uvedených Ing. arch. Petrem Bořeckým (ANO 2011), členem Rady města Brna.",0,7ac680d41d8d0dd0
marketa-vankova,Z9/28,2,"Poté nechala JUDr. Markéta Vaňková, primátorka, hlasovat o návrhu na změnu v programu zasedání Zastupitelstva města Brna, který uvedla v rámci Technického bodu.",2,7ac680d41d8d0dd0
marketa-vankova,Z9/28,15,"JUDr. Markéta Vaňková, primátorka: Jo. Pan vedoucí Pivec, estli je tady? V tom množství osob ho nevidím, ale možná je někde schovaný. Tak, to vypadá na kolegu, ale i od toho si to rádi poslechneme.",0,7ac680d41d8d0dd0
marketa-vankova,Z9/28,15,"JUDr. Markéta Vaňková, primátorka: Ještě se hlásí pan Lahoda, tak eště vyčkejte u mikrofonu, ano.",0,7ac680d41d8d0dd0
marketa-vankova,Z9/28,16,"JUDr. Markéta Vaňková, primátorka: Tak, děkuji za doplnění. Vypadá to, že se nikdo další nehlásí, takže Vám děkujeme, můžete se zase posadit a můžeme přistoupit k hlasování. Zahajuju hlasování: Hlasování č. 28: 44 - 5 - 0 - 1",0,7ac680d41d8d0dd0
marketa-vankova,Z9/28,17,"JUDr. Markéta Vaňková, primátorka: Bude Vám odpovězeno písemně, jenom úplně krátce. My rozhodně otázku bezpečnosti nepodceňujeme, máme speciální odbor, Odbor obrany, který analyzuje současnou situaci. Máme zřízenou pracovní skupinu, která byla zřízena právě proto, abychom se připravili na případné negativní jevy spojené, nebo navazující na současnou situaci na Ukrajině. Takže vězte, že, že tato problematika, i jako, je pro nás důležitá a věnujeme se jí. Nemyslím si, že cesta získávání peněz ze státního rozpočtu do rozpočtu města Brna tadynatuto oblast je tou jedinou možnou a vhodnou. Myslím si, že jsou důležitější i jiné kroky, které činíme. Ale bude Vám odpovězeno písemně.",0,7ac680d41d8d0dd0
marketa-vankova,Z9/28,17,"JUDr. Markéta Vaňková, primátorka: Uvedu to tím, že je nezvykle vidět Vás na tomto místě, za tímto mikrofonem, ale vítám Vás tady, v zastupitelském sále, po nějakou dobu. Co se týče vlečky, asi to doplní pan radní Kratochvíl, já jenom, za sebe, my jsme k tomu měli několik jednání a různých prostě návrhů, jak by se dalo postupovat. Vnímali jsme samozřejmě, že ta vlač, vlečka, ta železniční vlečka tam má nějaké opodstatnění. A byla to vlastně jediná možná kolejová doprava do areálu brněnského výstaviště. Nicméně vzhledem k ostatním konsekvencím bylo skutečně jako nezbytné ji zrušit. Ale podrobnosti asi, předpokládám, pan Kratochvíl, který se přihlásil, a tímto mu dávám slovo.",2,7ac680d41d8d0dd0
marketa-vankova,Z9/28,18,"JUDr. Markéta Vaňková, primátorka: Já Vám, moc děkujeme, na shledanou. Tak, další občan.",0,7ac680d41d8d0dd0
marketa-vankova,Z9/28,18,"JUDr. Markéta Vaňková, primátorka: Bylo mně avizováno již před jednáním zastupitelstva, že se toho ujme pan zastupitel Koláčný, který tak jistě učiní.",0,7ac680d41d8d0dd0
marketa-vankova,Z9/28,18,"JUDr. Markéta Vaňková, primátorka: Já, než dám hlasovat o zařazení tohoto bodu na jednání zastupitelstva, což samozřejmě je relevantní a naprosto legální postup, tak si dovolím krátký komentář za mě, ale víceméně i za klub ODS, protože jsme včera měli klasický předzastupitelství, ký klub, kde jsme o tom hovořili. Já bych ráda sdělila, že to první, co považuju za zcela zásadní, aby zaznělo, a aby skutečně jako bylo zřejmé, žes to tak je, my si velmi vážíme toho, že přichází soukromý investor, který je ochotný ve městě Brně investovat do sportovní infrastruktury, konkrétně do stavby fotbalového stadionu. Protože samozřejmě, pokud by se to takto naplnilo, tak peníze, které jsme my z rozpočtu města",0,7ac680d41d8d0dd0
marketa-vankova,Z9/28,20,"JUDr. Markéta Vaňková, primátorka: Vypadá to, že v tuto chvíli se nikdo nehlásí, tedy přistoupíme k té proceduře hlasování o zařazení nového bodu. Ten bod se jmenuje „Umožnění stavby nového stadionu v lokalitě za Lužánkami“,",0,7ac680d41d8d0dd0
marketa-vankova,Z9/28,21,"JUDr. Markéta Vaňková, primátorka: Tak, hezky jste odvedl pozornost od fotbalového stadionu, myslím, že jsou Vám všichni vděční, ale nebojte, já procesně pamatuji na to, že budeme zařazovat, nebo hlasovat o zařazení toho botu, bodu. Co se týče tématu bezdomovců, tomuto tématu se věnujeme intenzivně. Není to samozřejmě problém jenom Brna, je to bro, problém všech velkých měst v České republice, i samozřejmě v Evropě. Věnuje se tomu jak městská policie, tak náš Odbor sociální péče. Máme v, přímo na místech terénní pracovníky, kteří s těmito osobami pracují. Problém největší je ten, že pouhý, pouhé sezení někde ve veřejném prostoru není jakýmkoliv porušením našeho právního řádu, ať už z pohledu přestupku, nebo trestného činu, takže v mnoha případech je velmi těžké vůči těmto osobám zasáhnout, ať už z úrovně městské policie, či i z úrovně Policie České republiky. Zároveň je v Brně dostatek míst v, v centrech pro bezdomovce, kde mohou zejména třeba v, v zimních měsících strávit noc, někteří z nich to nechtějí využívat, ale ta snaha samozřejmě je poskytovat jim jakoukoliv pomoc, jakékoliv případně začlenění do společnosti. Ale prostě nedaří se to a myslím si, že není ani jako možné nemít v tak velkém městě žádného bezdomovce. Co se týče, i, i třeba z toho důvodu, že byl zrušen zákaz pobytu, což bylo jedno z opatření, které umožňovalo účinněji pracovat s těmito osobami, které nechtějí spolupracovat na jiné bázi, která je jim nabízena. Co se týče Vašeho návrhu, nebo Vašeho dotazu, jestli někdo hlasoval pro, pro rozšíření kompetencí, Vy jste říkal policie, ale předpokládám, že jste měl na mysli městskou policii, tak to je otázka změny zákona. A my skutečně nejsme, jako Zastupitelstvo města Brna, tím orgánem, který by měl kompetenci měnit zákon. Dokonce nejsme ani připomínkovým místem, takže, takže naše možnosti, jako města Brna, jsou, jsou poměrně omezené. To, že opakovaně z úrovně města Brna a za městskou policii připravujeme podklady a vyjadřujeme se k tomu, jak by mohly být kompetence městské policie posíleny, to je jako zřejmé, ale hlasovat o tom skutečně nemůžeme. Co se týče, takže to jsou bezdomovci, co se týče fotbalového stadionu, tak tam byly otazy, dotazy, které nesměřovaly úplně na mě, tudíž se jim nebudu věnovat. A co se týče osobního dotazu na mě, já si, myslím si že s, myslím si, že jsem se opakovaně, velmi jasně vyjadřovala k tvrzení pana Hubálka",2,7ac680d41d8d0dd0
marketa-vankova,Z9/28,22,"JUDr. Markéta Vaňková, primátorka: Nyní tedy můžeme přistoupit k hlasování o tom, jestli zařadíme bod, který se jmenuje „Umožnění stavby nového stadionu v lokalitě za Lužánkami“. Tento bod by byl zařazen hned jako první bod poté, co skončí aktuálně probíhající bod č. 2). Takže zahajuji hlasování: Hlasování č. 29: 49 - 0 - 0 - 2",0,7ac680d41d8d0dd0
marketa-vankova,Z9/28,22,"JUDr. Markéta Vaňková, primátorka: Tak. Končím hlasování, hlasovalo 49 zastupitelů, žádný ze zastupitelů nebyl proti, žádný ze zastupitelů se nezdržel, jsem ráda, že nám hlasovala i veřejnost, vzadu, takže děkuji, ano, tento, ten, tento návrh byl podpořen i ze strany veřejnosti. A jak jsem avizovala, tento bod bude tedy zařazen hned po ukončení bodu č. 2), a zároveň si dovolím hned po ukončení a před zahájením toho bodu vyhlásit 15minutovou přestávku a poprosím předsedy politických klubů, koaličních, aby se setkali v kanceláři primátorky, abychom se domluvili na dalším postupu. Tak. A nyní pokračujeme, hlásí se paní Jarošová, nevím proč?",2,7ac680d41d8d0dd0
marketa-vankova,Z9/28,22,"JUDr. Markéta Vaňková, primátorka: Je to úplně nezbytné to měnit, když to, když, když jsme stejně odhlasovali zařazení bodu? Není. Dobře. Děkuji. Tak, pokračujeme v bodě 2) Dotazy, připomínky občanů. Další občan, občanka, paní Burešová, dobrý den.",0,7ac680d41d8d0dd0
marketa-vankova,Z9/28,24,"JUDr. Markéta Vaňková, primátorka: Poprosím dalšího občana. Tak. Není tomu tak, takže můžeme ukončit projednání bodu č. 2) Dotazy, připomínky a podněty občanů, a teď, jak jsem avizovala, tedy 15minutová přestávka. A jenom upřesnění. Poprosím předsedy všech politických klubů, nikoli jenom koaličních, jo? Takže předsedové všech klubů, prosím, hned ke mně. A za 15 minut pokračujeme.",0,7ac680d41d8d0dd0
marketa-vankova,Z9/28,24,"JUDr. Markéta Vaňková, primátorka - přistoupila k projednání nově zařazeného bodu 178).",0,7ac680d41d8d0dd0
marketa-vankova,Z9/28,24,"JUDr. Markéta Vaňková, primátorka: K tomuto bodu jsme hodně promlouvali v tom bodě č. 2, ale samozřejmě tím, že teď otevírám projednání bodu Umožnění stavby nového stadionu v lokalitě za Lužánkami, tak samozřejmě kdokoliv se může přihlásit k dis, do diskuse k tomuto bodu, pokud by chtěl říct něco nad rámec toho, co už padlo. Pokud tomu tak není, pan radní Aberl.",0,7ac680d41d8d0dd0
marketa-vankova,Z9/28,24,"JUDr. Markéta Vaňková, primátorka: Já na to navážu. Já si dovolím přečíst návrh usnesení, tak jak byl předložen, zprostředkovaně, panem zastupitelem Koláčným. A to usnesení znělo - Zastupitelstvo města Brna souhlasí s umožněním stavby fotbalového stadionu v lužáneckém areálu. Já bych ráda konstatovala, že tatot část usnesení, tak jak byla nadefinována, tak s ní, po debatě s předsedy klubů, politických klubů, souhlasíme. Do této textace nechceme jakkoliv zasahovat. Nicméně máme za to, vzhledem k tomu, co tady padlo, že vlastně už vznikla nějaká pracovní skupina, která bude prověřovat teď, v nějakém rychlém rytmu, ty lokality a bude víceméně prověřovat, jestli to umístění do toho místa, Lužánek, je možné, tak bychom byli rádi, aby se tadyktéto větě, kterou jsem přečetla, přidala věta, nebo dovětek - za předpokladu, že to bude technicky a právně možné, s tím, že tu právní možnost spatřujeme zejména i v tom, jestli se skutečně podaří vyřetšit všechny spory s panem Procházkou. Protože to byla jedna z těch jakokdyby věcí, která byla jako zásadní. My máme informace, zprostředkované od pana Kačeny, že tadyta jako cesta je, že jsou v kontaktu, že by to k tomu mělo směřovat, nicméně máme také informace, že dohoda zatím nebyla ukončena, nebo uzavřena. Takže bez dohody s panem Procházkou to pravděpodobně by možné nebylo, takže pevně věříme tomu, že to bude, to znamená, proto, zejména proto tadytento dodatek. A zároveň navrhujeme, že by se tam přijalo usnesení, že zastupitelstvo ukládá Radě města Brna předkládat na každé jednání Zastupitelstva města Brna informativní zprávu o aktuálním stavu. Neboli, na každém Zastupitelstvu města Brna budou mít všichni k dispozici aktuální informace, co se za ten měsíc odehrálo, kam jsme se posunuli a jak se to vyvíjí. Takže to jsou tady návrhy, které vzešly tedy z, z toho jednání, které teď bylo. Takže ještě jednou jenom zopakuji, to usnesení by bylo - Zastupitelstvo města Brna souhlasí s umožněním stavby fotbalového stadionu v lužáneckém areálu, za předpokladu, že to bude technicky a právně možné, a ukládá Radě města Brna předkládat na každé jednání Zastupitelstva města Brna informativní zprávu o aktuálním stavu. A hlásí se pan zastupitel Koláčný. A vidím Vás, samozřejmě, i ve veřejnosti, ale napřed mají přednost zastupitelé.",2,7ac680d41d8d0dd0
marketa-vankova,Z9/28,25,"JUDr. Markéta Vaňková, primátorka: Myslím si, že by to neměl být jako úplný problém, na druhou stranu, ta pracovní skupina primárně bude skutečně z odborníků, není to jako politická pracovní skupina. Takže tam budou zástupci Dopravního podniku, Kanceláře architekta města Brna a podobně. Takže minimálně jako výstupy z té skupiny, jako jde nám o to, aby rozhodně nic nebylo, jako že se tají, proto jsme si tam i sami uložili tu povinnost předkládat tu informativní zprávu. To znamená, výstupy určitě jako budou dá, dány k dispozici a můžeme samozřejmě, jak bude to jednání pracovní skupiny, které teda ale nesvolávám já, tak můžeme informovat i, i někoho z řad fanoušků. Ale chtělo by to asi nějaký oficiální teda dopis, pravděpodobně k mým rukou, rukám, anebo k rukám pana radního pro sport, kdo by měl být tou konkrétní osobou, která by byla ráda informována takto. Protože asi to nebudeme informovat obecně, fanouškům Zbrojovky. Tak, děkuji. Pokud Vy chcete něco doplnit, samozřejmě můžete.",0,7ac680d41d8d0dd0
marketa-vankova,Z9/28,25,"JUDr. Markéta Vaňková, primátorka: Myslím si, že je to důkazem toho, že jako vnímáme, že nám jde prostě o ten společný cíl, ke kterému musíme ale prostě dospět některými kroky. Takže, jako děkuju tady, tadyzato vyjádření. Fajn. Takže vypadá to, že nikdo další není přihlášený, tutíž můžeme začít hlasovat. Já už to nebudu znovu číst, myslím, že je to každému jasné, o čem hlasujeme. Má to tedy tu podobu souhlasu, za předpokladu, a ukládací usnesení ve vztahu k Radě města Brna. Zahajuji hlasování: Hlasování č. 30: 50 - 0 - 0 - 0",0,7ac680d41d8d0dd0
marketa-vankova,Z9/28,26,"JUDr. Markéta Vaňková, primátorka: Poprosím pana radního Olivu.",0,7ac680d41d8d0dd0
marketa-vankova,Z9/28,26,"JUDr. Markéta Vaňková, primátorka: Nejsou žádné jiné dotazy, takže zahajuji hlasování: Hlasování č. 34: 44 - 0 - 5 - 1",0,7ac680d41d8d0dd0
marketa-vankova,Z9/28,28,"JUDr. Markéta Vaňková, primátorka: Nikdo není další přihlášený, tak zahajuju hlasování: Hlasování č. 37: 47 - 0 - 0 - 3",0,7ac680d41d8d0dd0
marketa-vankova,Z9/28,28,"JUDr. Markéta Vaňková, primátorka: Myslím, že jsme tuto debatu vedli poměrně intenzivně minulý rok. Ty dotace poskytujeme pravidelně, vedli jsme tam i debatu o tom, jestli by tam nemohlo být nějaké dobrovolné vstupné. Bohužel tady, už tady není, v souladu s jeho omluvou, pan ministr životního prostředí, který by určitě fundovaně pohovořil o tom, jaký význam to má pro město Brno. Je to festival, který se koná právě v Brně, jako v, jediný v celé České republice. Tudíž máme za to, že ta důvodnost tam je. Nebo hovořím zam, za mě. Paní zastupitelka Drápalová.",0,7ac680d41d8d0dd0
marketa-vankova,Z9/28,29,"JUDr. Markéta Vaňková, primátorka: Děkuji za doplnění. Nikdo další není přihlášený, zahajuju hlasování: Hlasování č. 38: 38 - 0 - 9 - 3",0,7ac680d41d8d0dd0
marketa-vankova,Z9/28,31,"JUDr. Markéta Vaňková, primátorka - navrhla společně hlasovat o bodech 41) - 44) týkajících se poskytnutí investičních příspěvků příspěvkovým organizacím města Brna a investičního transferu městským částem.",4,7ac680d41d8d0dd0
marketa-vankova,Z9/28,31,"JUDr. Markéta Vaňková, primátorka - přistoupila ke společnému projednání bodů 42), 43) a 44).",0,7ac680d41d8d0dd0
marketa-vankova,Z9/28,32,"JUDr. Markéta Vaňková, primátorka - navrhla společné hlasování o bodech 45) - 53) týkajících se poskytnutí individuálních neinvestičních dotací, popřípadě investičních dotací a změn účelu využití již poskytnutých dotací.",4,7ac680d41d8d0dd0
marketa-vankova,Z9/28,32,"JUDr. Markéta Vaňková, primátorka - přistoupila ke společnému projednání bodů 45) - 48).",0,7ac680d41d8d0dd0
marketa-vankova,Z9/28,34,"JUDr. Markéta Vaňková, primátorka: Co se týče takto jednoznačné odpovědi, tak poprosím paní vedoucí Vorlíčkovou. Než přijde k mikrofonu, tak já jenom, za sebe, doplním, že toto vzniklo na základě debaty s paní ředitelkou Filharmonie, respektive já tak vedu všechny ředitele našich příspěvkových organizací v oblasti kultury, kde se jim snažím říci, že byť jsou příspěvková organizace a ten jejich hlavní příjem logicky tedy jde z rozpočtu města Brna, coby příspěvek zřizovatele, že by bylo fajn, kdyby se jim podařilo získat i nějaké externí zdroje, aby se snažili, právě proto, že jsou z oblasti kultury, hledat nějaké podporovatele, nějaké donátory. A právě u té Filharmonie, i s přihlédnutím ke stavbě Janáčkova kulturního centra, je to, za mě, více než aktuální, protože je skutečně jako hodně lidí, kteří podporují vážnou hudbu, kteří dlouhodobě podporovali vznik nové koncertní síně. Takže toto byl vlastně i takový úkol, který paní ředitelka dostala, a pro tyto účely právě potřebuje tadytoto, tuto pracovní pozici. Ale konkrétně, jestli už se podařilo získat tolik peněz, tak poprosím paní vedoucí.",0,7ac680d41d8d0dd0
marketa-vankova,Z9/28,35,"JUDr. Markéta Vaňková, primátorka: Zjistíme. Tak, děkuji taky, paní vedoucí. Tak, můžeme tedy přistoupit k hlasování, bod č. 49). Zahajuji hlasování: Hlasování č. 45: 45 - 0 - 5 - 0",0,7ac680d41d8d0dd0
marketa-vankova,Z9/28,36,"JUDr. Markéta Vaňková, primátorka - přistoupila ke společnému projednání bodů 51), 52) a 53).",0,7ac680d41d8d0dd0
marketa-vankova,Z9/28,37,"JUDr. Markéta Vaňková, primátorka - navrhla společně hlasovat o bodech 54) - 58) týkajících se poskytnutí individuálních neinvestičních dotací v oblastech sportu.",4,7ac680d41d8d0dd0
marketa-vankova,Z9/28,38,"JUDr. Markéta Vaňková, primátorka - přistoupila ke společnému projednání bodů 56), 57) a 58).",0,7ac680d41d8d0dd0
marketa-vankova,Z9/28,41,"JUDr. Markéta Vaňková, primátorka: Ano, vidím veřejnost, nikdo ze zastupitelů se nehlásí, takže máte slovo.",0,7ac680d41d8d0dd0
marketa-vankova,Z9/28,41,"JUDr. Markéta Vaňková, primátorka: Někdo další do diskuse? Pan zastupitel Koláčný.",0,7ac680d41d8d0dd0
marketa-vankova,Z9/28,41,"JUDr. Markéta Vaňková, primátorka: Beru to tak, že tedy pan zastupitel Koláčný navrhuje změnu usnesení na souhlasí. Za mě, já bych k tomu jenom chtěla doplnit, že já jsem s činností Vodní záchranné služby poměrně podrobně seznámena, byla jsem se podívat i u nich právě na přehradě, kde poskytují ty svoje služby. Tadyten dluh, který vznikl, tak je spojen s místem na Anthroposu, tam ještě došlo k takové složité situaci, jak my tam plánujeme ten sportovní, rekreační areál, tak se Vodní záchranná služba musela",0,7ac680d41d8d0dd0
marketa-vankova,Z9/28,42,"JUDr. Markéta Vaňková, primátorka: Usnesení bylo přijato. Tak, děkuji všem, máme 13:02, to znamená podle jednacího řádu pauza do 14:30 hod.",0,7ac680d41d8d0dd0
marketa-vankova,Z9/28,42,"JUDr. Markéta Vaňková, primátorka - přistoupila k projednání bodu č. 63) dle schváleného programu zasedání Zastupitelstva města Brna.",0,7ac680d41d8d0dd0
marketa-vankova,Z9/28,42,"JUDr. Markéta Vaňková, primátorka - navrhla společně hlasovat o bodech 64), 65), 66) a 67) týkajících se Smluv o postoupení práv a povinností ze smluv a dodatků ke Smlouvám o poskytnutí investičních příspěvků.",4,7ac680d41d8d0dd0
marketa-vankova,Z9/28,42,"JUDr. Markéta Vaňková, primátorka - přistoupila ke společnému projednání bodů 64), 65) a 66).",0,7ac680d41d8d0dd0
marketa-vankova,Z9/28,43,"JUDr. Markéta Vaňková, primátorka: Vidím, že přichází kolega z Odboru investičního. Ne, nemusíte k mikrofonu, jenom jestli můžete, prosím, já to zopakuju, pro jistotu, protože jsem viděla, že zrovna přicházíte, prosba, nebo požadavek, aby napříště v těch dokumentech, v důvodových zprávách, bylo uvedeno, zda podmínky, které ze smluv vyplývaly a měly být už splněny, jestli jsou splněny. Když tam dochází ke změnám, tak abysme tam měli i ty aktuální informace. Výborně. Kolega kýve hlavou ve znamení souhlasu. Takže bude doplněno. Někdo další do diskuse v těchto bodech - 64), 65), 66)? Není tomu tak. Tak zahajuji hlasování: Hlasování č. 56: 35 - 0 - 3 - 1",0,7ac680d41d8d0dd0
marketa-vankova,Z9/28,44,"JUDr. Markéta Vaňková, primátorka: Jo. To je z úrovně zase investičního odboru, tak já nevím, jestli kolega je schopný zareagovat? Jo. Paní ano.",0,7ac680d41d8d0dd0
marketa-vankova,Z9/28,44,"JUDr. Markéta Vaňková, primátorka: Aha, takže by měl být k nahlédnutí v těch dokumentech, které tady máme.",0,7ac680d41d8d0dd0
marketa-vankova,Z9/28,44,"JUDr. Markéta Vaňková, primátorka: Tak pra, právně možné to bude téměř vždy, předpokládám, technicky, předpokládám, že asi šlo o to, že by to bylo jako časově náročnější to naskenovat, ne? Jet, je to tak, no. Jo? Pokud ho nemáme v elektronické podobě. OK. Bereme jako podnět, pokusíme se takto postupovat. Tak, děkuji. Tak, není žádná další diskuse k tomuto bodu, zahajuji hlasování: Hlasování č. 57: 36 - 0 - 7 - 0",0,7ac680d41d8d0dd0
marketa-vankova,Z9/28,46,"JUDr. Markéta Vaňková, primátorka - navrhla společné hlasování o bodech 72) a 73) týkajících se dodatků ke smlouvám o poskytování veřejné služby.",4,7ac680d41d8d0dd0
marketa-vankova,Z9/28,47,"JUDr. Markéta Vaňková, primátorka - navrhla společně hlasovat o bodech 74) - 87) týkajících se projektů financovaných z Fondu kofinancování projektů a jednotlivých projektů.",4,7ac680d41d8d0dd0
marketa-vankova,Z9/28,54,"JUDr. Markéta Vaňková, primátorka - navrhla společné hlasování o bodech 91), 92) a 93) týkajících se záměrů prodejů volných vymezených bytových jednotek v bytových domech.",4,7ac680d41d8d0dd0
marketa-vankova,Z9/28,55,"JUDr. Markéta Vaňková, primátorka - navrhla společně hlasovat o bodech 95) -103) týkajících se prodejů pozemků.",4,7ac680d41d8d0dd0
marketa-vankova,Z9/28,56,"JUDr. Markéta Vaňková, primátorka - přistoupila ke společnému projednání bodů 97) - 103).",0,7ac680d41d8d0dd0
marketa-vankova,Z9/28,58,"JUDr. Markéta Vaňková, primátorka - navrhla společné hlasování o bodech 104) - 117) týkajících se nabídek předkupních práv ke stavbám.",4,7ac680d41d8d0dd0
marketa-vankova,Z9/28,63,"JUDr. Markéta Vaňková, primátorka – navrhla společně hlasovat o bodech 118) - 149) týkajících se nabytí pozemků, částí pozemků a vlastnických práv k pozemkům.",4,7ac680d41d8d0dd0
marketa-vankova,Z9/28,73,"JUDr. Markéta Vaňková, primátorka – navrhla společné hlasování o bodech 150) - 154) týkajících se bezúplatných nabytí pozemků z vlastnictví České republiky - Úřadu pro zastupování státu ve věcech majetkových.",4,7ac680d41d8d0dd0
marketa-vankova,Z9/28,78,"JUDr. Markéta Vaňková, primátorka - upozornila na variantně navržené usnesení, přičemž Rada města Brna přijala variantu B - nesouhlasí, tudíž o této variantě nechala JUDr. Markéta Vaňková, primátorka, hlasovat.",4,7ac680d41d8d0dd0
marketa-vankova,Z9/28,79,"JUDr. Markéta Vaňková, primátorka - navrhla společné hlasování o bodech 162) - 167) týkajících se směn částí pozemků a dohody o změně Směnné smlouvy.",4,7ac680d41d8d0dd0
marketa-vankova,Z9/28,79,"JUDr. Markéta Vaňková, primátorka - přistoupila ke společnému projednání bodů 162) a 163).",0,7ac680d41d8d0dd0
marketa-vankova,Z9/28,81,"JUDr. Markéta Vaňková, primátorka – přistoupila ke společnému projednání bodů 165) - 167).",0,7ac680d41d8d0dd0
marketa-vankova,Z9/28,83,"JUDr. Markéta Vaňková, primátorka: Takže návrh na stažení: Hlasování č. 88: 43 - 0 - 0 - 0 JUDr. Markéta Vaňková, primátorka: Usnesení bylo přijato, neboli bod byl stažen.",2,7ac680d41d8d0dd0
marketa-vankova,Z9/28,84,"JUDr. Markéta Vaňková, primátorka – navrhla společně hlasovat o bodech 169) - 171) týkajících se odnětí svěřeného majetku města městským částem.",4,7ac680d41d8d0dd0
marketa-vankova,Z9/28,88,"JUDr. Markéta Vaňková, primátorka: Bude odpovězeno písemně. K těm bytům pa, paní náměstkyně Podivinská.",0,7ac680d41d8d0dd0
marketa-vankova,Z9/28,88,"JUDr. Markéta Vaňková, primátorka: Pan ředitel městské policie tady je a slyší, samozřejmě otázka parkování v Brně je dennodenním chlebem městské policie, takže určitě i oblast, která byla zmíněna paní starostkou, tak nezůstane bez povšimnutí.",0,7ac680d41d8d0dd0
marketa-vankova,Z9/28,89,"JUDr. Markéta Vaňková, primátorka, ukončila zasedání Zastupitelstva města Brna (v 15:20 hod.).",0,7ac680d41d8d0dd0
marketa-vankova,Z9/30,1,"Zasedání zahájila a řídila primátorka města Brna JUDr. Markéta Vaňková (dále jen JUDr. Markéta Vaňková, primátorka).",0,b92d222bc5bd1312
marketa-vankova,Z9/30,1,"JUDr. Markéta Vaňková, primátorka, upozornila na skutečnost, že jednání Zastupitelstva města Brna je audiovizuálně přenášeno prostřednictvím internetových stránek města a přenos je zaznamenáván, archivován a následně bude zveřejněn.",4,b92d222bc5bd1312
marketa-vankova,Z9/30,1,"JUDr. Markéta Vaňková, primátorka, sdělila, že při prezenci členové Zastupitelstva města Brna obdrželi: • doplněk k bodu 59), který byl dne 10. 11. 2025 vložen na chráněné internetové datové úložiště • Informativní zprávu - Podání adresovaná Zastupitelstvu města Brna, která byla dne 10. 11. 2025 včetně vlastních podání vložena na chráněné internetové datové úložiště, a Doplněk k této zprávě, který byl dne 11. 11. 2025 vložen na chráněné internetové datové úložiště. Podání ZMB včetně Doplňku byla rovněž k dispozici v listinné formě ve složce „K nahlédnutí pro členy ZMB“ v jednacím sálu",0,b92d222bc5bd1312
marketa-vankova,Z9/30,2,"Schválení programu zasedání Zastupitelstva města Brna č. Z9/30 JUDr. Markéta Vaňková, primátorka, zdůvodnila tyto změny programu:",0,b92d222bc5bd1312
marketa-vankova,Z9/30,2,"JUDr. Markéta Vaňková, primátorka, nechala hlasovat o návrzích na změny v programu zasedání Zastupitelstva města Brna, které uvedla v rámci Technického bodu.",-3,b92d222bc5bd1312
marketa-vankova,Z9/30,5,"JUDr. Markéta Vaňková, primátorka - sdělila, že na jejím monitoru vidí tyto hlasovací stanice připojené, a následně požádala technickou podporu o prověření funkčnosti hlasovacích zařízení. Poté již zahájila projednání bodu č. 2) Dotazy, připomínky a podněty občanů.",4,b92d222bc5bd1312
marketa-vankova,Z9/30,6,"JUDr. Markéta Vaňková, primátorka: Tak, děkuji za podnět. Tak, poprosím další občanku.",0,b92d222bc5bd1312
marketa-vankova,Z9/30,7,"JUDr. Markéta Vaňková, primátorka - převzala od pana Martina Říhy Deklaraci proti sjezdu Sudetoněmců v Brně a vyzvala dalšího občana k přednesení svého příspěvku.",0,b92d222bc5bd1312
marketa-vankova,Z9/30,9,"JUDr. Markéta Vaňková, primátorka: Pan radní Oliva, ještě krátká reakce.",0,b92d222bc5bd1312
marketa-vankova,Z9/30,10,"JUDr. Markéta Vaňková, primátorka: Tak, děkuji a poprosím dalšího hosta.",0,b92d222bc5bd1312
marketa-vankova,Z9/30,10,"JUDr. Markéta Vaňková, primátorka: Samozřejmě máte možnost zůstat tady až do projednání bodu 50), případně se k tomu opět vyjádřit. Tak. Vypadá to, že žádný další občan již není přítomný, aby, aby vystoupil v rámci jednání zastupitelstva, to znamená, končíme projednání bodu č. 2) a můžeme se věnovat dalším bodům.",0,b92d222bc5bd1312
marketa-vankova,Z9/30,12,"JUDr. Markéta Vaňková, primátorka: Prosím pana vedoucího Poláka.",0,b92d222bc5bd1312
marketa-vankova,Z9/30,12,"JUDr. Markéta Vaňková, primátorka: Nějaké další dotazy k tomuto bodu? Není tomu tak, tak zahajuji hlasování: Hlasování č. 9: 50 - 0 - 1 - 1",0,b92d222bc5bd1312
marketa-vankova,Z9/30,20,"JUDr. Markéta Vaňková, primátorka: Poprosím pana vedoucího Pivce.",0,b92d222bc5bd1312
marketa-vankova,Z9/30,20,"JUDr. Markéta Vaňková, primátorka: Tak, jsou další dotazy, tak uvidíme, pane vedoucí, klidně se posaďte, ale obávám se, že eště budete zase zpátky k mikrofonu, tak zůstaňte někde poblíž. Pan zastupitel Lahoda.",0,b92d222bc5bd1312
marketa-vankova,Z9/30,21,"JUDr. Markéta Vaňková, primátorka: Nevím, jestli teda pan vedoucí Pivec chce začít odpovídat, nebo jestli ještě jsou další přihlášení, pan ministr Hladík, tak jestli doplní, doplní dotazy? Ne, tváří se, že může až potom, takže poprosím pana vedoucího Pivce s reakcemi.",0,b92d222bc5bd1312
marketa-vankova,Z9/30,22,"JUDr. Markéta Vaňková, primátorka: Tak, vypadá to, že nikdo další už není přihlášený, takže můžeme přistoupit k hlasování. Zahajuju hlasování: Hlasování č. 31: 41 - 0 - 2 - 7",0,b92d222bc5bd1312
marketa-vankova,Z9/30,25,"JUDr. Markéta Vaňková, primátorka - navrhla společně hlasovat o bodech 41), 42) a 43) týkajících se změn účelů poskytnutých příspěvků příspěvkovým organizacím.",4,b92d222bc5bd1312
marketa-vankova,Z9/30,28,"JUDr. Markéta Vaňková, primátorka: Než přistoupíme k tomu, že vyzvu někoho k odpovědi, tak eště dám slovo pan zastupiteli Skřičkovi.",0,b92d222bc5bd1312
marketa-vankova,Z9/30,28,"JUDr. Markéta Vaňková, primátorka: Tak. Stanovisko v zoologické zahrady. Máme tady paní ředitelku? Máme. Tak. Paní ředitelka asi nepředpokládala, že bude vystupovat k tomuto bodu, nicméně když ji tady máme, tak jí dáme tu možnost.",0,b92d222bc5bd1312
marketa-vankova,Z9/30,28,"JUDr. Markéta Vaňková, primátorka: Ve vztahu k, můžete se posadit, paní ředitelko, ve vztahu k těm ostatním otázkám už jsem viděla, že se chystal, nebo tam pocházel pan vedoucí Geisler, ale zároveň tady máme zástupce, je to tak, společnosti SNIP? Já tam špatně vidím, nebo? Jo, jo, jo, je tam pan, pan Morávek mladší? Jo. Výborně.",0,b92d222bc5bd1312
marketa-vankova,Z9/30,28,"JUDr. Markéta Vaňková, primátorka: Tak. Zhlásí se nám, můžete se posadit, uvidíme, jak se bude diskuse vyvíjet, pan zastupitel Koláčný.",0,b92d222bc5bd1312
marketa-vankova,Z9/30,28,"JUDr. Markéta Vaňková, primátorka: Mám větu, chtěl bych požádat vedení města o zvážení stažení materiálu, chápat tak, že dáváš návrh na stažení, anebo že tento návrh nepadl?",2,b92d222bc5bd1312
marketa-vankova,Z9/30,28,"JUDr. Markéta Vaňková, primátorka: Také děkuji za upřesnění. Takže procesní návrh nemáme, další, možnost do diskuse? Není nikdo přihlášený. Já, za sebe, jenom úplně jednoduchou poznámku k tomu, co říkal Tomáš Koláčný. Myslím si, že to, že jsme přiřadili do těch oslav i drony, bylo dobré rozhodnutí, a jsem ráda, že se postupně navyšuje počet dronů, protože při zkušenosti z jiných míst, tak víme skutečně, že čím víc těch dronů je, tak tím ta show je, je hezčí, nebo působivější. Takže určitě toto, toto bylo dobré rozhodnutí. Nikdo další se nehlásí, tudíž přistoupíme k hlasování o návrhu usnesení, tak jak bylo předloženo. Zahajuji hlasování: Hlasování č. 44: 33 - 9 - 2 - 6",2,b92d222bc5bd1312
marketa-vankova,Z9/30,29,"JUDr. Markéta Vaňková, primátorka: Tak já bych poprosila o reakci pana vedoucího Kubeše, případně jestli tady máme pana Kopkáše z, přímo z Brno Expat Centra?",0,b92d222bc5bd1312
marketa-vankova,Z9/30,29,"JUDr. Markéta Vaňková, primátorka: Ne, pan, pan vedou, pan, pa, zatím Vám odpovídal pan vedoucí odboru.",0,b92d222bc5bd1312
marketa-vankova,Z9/30,29,"JUDr. Markéta Vaňková, primátorka: Tak poprosím o reakci, pana vedoucího Kubeše.",0,b92d222bc5bd1312
marketa-vankova,Z9/30,30,"JUDr. Markéta Vaňková, primátorka: Další dotaz, paní zastupitelka Lukášová Spilková.",0,b92d222bc5bd1312
marketa-vankova,Z9/30,30,"JUDr. Markéta Vaňková, primátorka: Tak. Děkuji. Za názor. Někdo další do diskuse? Není tomu tak, jo, tak, je tomu tak. Paní zastupitelka Putnová.",0,b92d222bc5bd1312
marketa-vankova,Z9/30,30,"JUDr. Markéta Vaňková, primátorka: Nikdo další není, ještě je přihlášený. Pan zastupitel Hollan.",0,b92d222bc5bd1312
marketa-vankova,Z9/30,30,"JUDr. Markéta Vaňková, primátorka: Tak. V tuto chvíli to už skutečně vypadá, že není nikdo přihlášený. Děkuji panu vedoucímu, který se může také posadit, a zahajuji hlasování: Hlasování č. 45: 44 - 4 - 0 - 2",0,b92d222bc5bd1312
marketa-vankova,Z9/30,31,"JUDr. Markéta Vaňková, primátorka: Ano, zůstal nám tady občan, který vystupoval už v bodě č. 2), a můžete samozřejmě vystoupit znovu v tomto bodě. Vidím Vás, že se hlásíte. A jenom z procesního pohledu, pokud byste měl nějaké návrhy na změny usnesení, případně procesní návrhy, tak je bohužel nemůžete navrhovat Vy, musel by si je osvojit některý ze zastupitelů. Ale může tak samozřejmě někdo učinit. Tak, máte slovo.",2,b92d222bc5bd1312
marketa-vankova,Z9/30,31,"JUDr. Markéta Vaňková, primátorka: Tak jak jsem řekla na začátku, tak aby mohlo dojít k nějakému jinému procesnímu rozhodnutí, nebo ke změně usnesení, musel by to navrhnout některý ze zastupitelů, což v tuto chvíli nevypadá, respektive možná vypadá, protože se přihlásil pan zastupitel Kment.",0,b92d222bc5bd1312
marketa-vankova,Z9/30,31,"JUDr. Markéta Vaňková, primátorka: Ano, tento procesní návrh máme, podle jednacího řádu hlasujeme bez rozpravy. Takže budeme hlasovat bez rozpravy a pak do rozpravy, pokud nebude návrh schválen, tak vystoupí pan radní Bořecký a já si také dovolím něco málo přidat. Nicméně nyní hlasujeme o tom, kdo je pro stažení materiálu. Zahajuji hlasování: Hlasování č. 46: 8 - 10 - 14 - 18",2,b92d222bc5bd1312
marketa-vankova,Z9/30,31,"JUDr. Markéta Vaňková, primátorka: Procesní návrh nebyl schválen, pokračujeme v diskusi. Pan radní Bořecký.",2,b92d222bc5bd1312
marketa-vankova,Z9/30,32,"JUDr. Markéta Vaňková, primátorka: Samozřejmě pan vedoucí Poledník má možnost a poprosím ho i o vystoupení, já, za sebe, jenom velice krátce řeknu, a ono to vyplývalo i z vystoupení tady právního zástupce dané společnosti, v tuto chvíli jako jsme na poli právních argumentů, jo? Ani já, coby právnička, se necítím kompetentní k tomu, abych měnila rozhodnutí v rámci jako politického uvážení. Skutečně jde o právní výklad určitého ustanovení, jsou tu evidentně jako 2 právní názory. Jeden právní názor, který máme my, od našich právníků, z našeho odboru, a druhý právní názor, který je prezentován daným subjektem. Za mě je to jako velmi složitá problematika. Zároveň říkám, že i z takového toho jako, jako pohledu ne ryze právního, nebo ne ryze pozitivně právního, právě tadytato problematika změny účelu využití území při změně územního plánu byla jednou z věcí, který s, kterou jsme řešili v rámci toho schvalování územního plánu v tom roce, jestli to bylo 22, ten, který tehdy neprošel, protože jsme to brali jako, nebo já, za sebe mluvím, brala jsem to jako za významné omezení vlastníků těch nemovitostí, kteří nevyužili té 5leté lhůty a nezrealizovali tam, tam ten svůj původní záměr. Takže jako kdyby, obecně, tím problémem, nebo jako za mě, já říkám, jsem si toho vědoma, že to prostě může být problém, že málokterý vlastník ví, že má v zákoně danou nějakou takovou 5letou lhůtu. Ale, říkám, to říkám velmi obecně a zjednodušeně. Je to prostě, za mě, jako složitý právní problém a my máme právní stanovisko našeho odboru jasné, a proto ten materiál je navrhován v tomto znění. Pan Poledník má slovo, ale nemyslím si, že všichni ostatní zastupitelé jako chtějí slyšet tadytyto právní rozbory. Máme v našem právním řádu samozřejmě různé cesty, jak ochránit právní zájem subjektu, pokud má za to, že právní názor někoho jiného je nesprávný. Nemyslím si, že k tomu je kompetentní zastupitelstvo. A pana Poledníka poprosím, jestli může nám to nějakým způsobem také shrnout.",0,b92d222bc5bd1312
marketa-vankova,Z9/30,32,"JUDr. Markéta Vaňková, primátorka: Byla to jako velká zkratka, ale budiž. Pan radní Oliva.",0,b92d222bc5bd1312
marketa-vankova,Z9/30,33,"JUDr. Markéta Vaňková, primátorka: Tak. Zeptám se, jestli je tady ještě nějaký další ústavně, ústavní právník, který by nám do toho vnesl větší jasno? Není tomu tak. Tak. Někdo další do diskuse? Pokud tomu tak není, budeme hlasovat o návrhu, tak jak byl předložen. Zahajuji hlasování: Hlasování č. 47: 38 - 1 - 8 - 2",2,b92d222bc5bd1312
marketa-vankova,Z9/30,33,"JUDr. Markéta Vaňková, primátorka: Poprosím pana vedoucího Hrušku.",0,b92d222bc5bd1312
marketa-vankova,Z9/30,35,"JUDr. Markéta Vaňková, primátorka: Poprosím, ať se nachystá Tomáš Pivec a, pan vedoucí Pivec, a mezitím ještě pan zastupitel Zemek.",0,b92d222bc5bd1312
marketa-vankova,Z9/30,35,"JUDr. Markéta Vaňková, primátorka: Tak. Vidím, že tam mám pány 2, tak prosím, kdo se toho ujme, tak má slovo.",0,b92d222bc5bd1312
marketa-vankova,Z9/30,35,"JUDr. Markéta Vaňková, primátorka: Jo. Dě, děkuji za doplnění. Tak. Někdo další k tomuto bodu? Není tomu tak. Tak já po, poděkuju panu vedoucímu Hlouškovi a můžeme přistoupit k hlasování. Zahajuju hlasování: Hlasování č. 51: 47 - 0 - 0 - 3",0,b92d222bc5bd1312
marketa-vankova,Z9/30,42,"JUDr. Markéta Vaňková, primátorka: Není žádný další dotaz ani podnět do diskuse, tak zahajuji hlasování: Hlasování č. 62: 36 - 5 - 5 - 4",0,b92d222bc5bd1312
marketa-vankova,Z9/30,43,"JUDr. Markéta Vaňková, primátorka - navrhla společné hlasování o bodech 67) - 72) týkajících se nabytí pozemků, částí pozemků, spoluvlastnických podílů na pozemcích a komunikačních staveb.",4,b92d222bc5bd1312
marketa-vankova,Z9/30,45,"JUDr. Markéta Vaňková, primátorka - navrhla společně hlasovat o bodech 73) - 75) týkajících se bezúplatných nabytí pozemků z vlastnictví České republiky - Úřadu pro zastupování státu ve věcech majetkových a z vlastnictví České republiky - Správy železnic, státní organizace.",4,b92d222bc5bd1312
marketa-vankova,Z9/30,47,"JUDr. Markéta Vaňková, primátorka - navrhla společné hlasování o bodech 76) a 77) týkajících se uznání vlastnických práv k pozemkům formou souhlasného prohlášení.",4,b92d222bc5bd1312
marketa-vankova,Z9/30,49,"JUDr. Markéta Vaňková, primátorka - navrhla společně hlasovat o bodech 78) - 87) týkajících se nabídek předkupních práv ke stavbám.",4,b92d222bc5bd1312
marketa-vankova,Z9/30,53,"JUDr. Markéta Vaňková, primátorka - navrhla společné hlasování o bodech 89), 90) a 91) týkajících se směny pozemku, směny nemovitých věcí a směnné smlouvy.",4,b92d222bc5bd1312
marketa-vankova,Z9/30,56,"JUDr. Markéta Vaňková, primátorka - navrhla společně hlasovat o bodech 93) a 94) týkajících se dodatků ke smlouvám o spolupráci při výstavbě veřejné infrastruktury.",4,b92d222bc5bd1312
marketa-vankova,Z9/30,58,"JUDr. Markéta Vaňková, primátorka: Tak, jenom poprosím předat písemně. Pan náměstek Chvátal.",0,b92d222bc5bd1312
marketa-vankova,Z9/30,58,"JUDr. Markéta Vaňková, primátorka: Tak. Někdo další do diskuse? Nevypadá to. Tak. Tím pádem můžeme přistoupit k hlasování, postupně. A budeme, půjdeme postupně tak, jak padaly ty návrhy. Takže začneme návrhem pana ministra Hladíka a já to teda přečtu pro jistotu ještě jednou - Zastupitelstvo města Brna ukládá určenému zastupiteli, Petru Bořeckému, v rámci zpracování návrhu změn 2-25 Územního plánu města Brna a její části, označené č. 516, uplatnit u zpracovatele prostřednictvím pořizovatele požadavek ve smyslu prá, prvního bodu zadání, u plochy sportu v, označené OS.A3, na prověření výškové hladiny z 3 na 6, a změně stabilizované plochy na transformační? Je to? Transformační? Jo. V lokalitě za Lužánkami. Tak. Prostě celé je to o tom, aby se tam zveši, zvýšila výšková hladina z 3 na 6. Tak. Zjednodušeně. Tak. Zahajuji hlasování: Hlasování č. 73: 48 - 0 - 0 - 2",2,b92d222bc5bd1312
marketa-vankova,Z9/30,58,"JUDr. Markéta Vaňková, primátorka: Usnesení bylo přijato. Tak. Teď budeme hlasovat o tom druhém návrhu, který vznesl pan náměstek Chvátal. A ten je, tam bylo přeřazení vlastně těch 3 změn, byly to č. 84, 101 a 137. A já jsem tady ještě zaznamenala požadavek, jestli to dobře chápu, aby se o těch 3 změnách, jo, todle může být dohromady. Jo. Takže beru zpět, co jsem řekla. Takže návrh pana náměstka Chvátala, tak jak to bylo navrženo, tož, tak, to zva, to znamená, navrhuje přeřazení návrhu zadání změn Územního plánu města Brna č. 84, 101 a 137 z bodu 5 usnesení (schvaluje) do bodu č. 7 usnesení (zamítá). Tak. Tadytoto hlasování, zahajuji hlasování: Hlasování č. 74: 43 - 0 - 5 - 2",2,b92d222bc5bd1312
marketa-vankova,Z9/30,58,"JUDr. Markéta Vaňková, primátorka: Usnesení bylo taktéž schváleno. Tak. Takže to máme ty změnové. A můžeme teďka, děkuju, přistoupit, jestli se nemýlím, k hlasování jako celku, usnesení tak, jak byla navržena. Zahaju, debata žádná není, takže zahajuji hlasování: Hlasování č. 75: 42 - 0 - 3 - 5",0,b92d222bc5bd1312
marketa-vankova,Z9/30,60,"JUDr. Markéta Vaňková, primátorka: Tak. Asi není úplně nezbytné, aby pan vedoucí vystupoval, respektive nevnímám nějaký doplňující dotaz. Tak pojďme přistoupit k hlasování. Zahajuju hlasování: Hlasování č. 76: 30 - 0 - 11 - 8",0,b92d222bc5bd1312
marketa-vankova,Z9/30,60,"JUDr. Markéta Vaňková, primátorka - navrhla společné hlasování o bodech 99) a 100) týkajících se zrušení regulačních plánů formou opatření obecné povahy.",4,b92d222bc5bd1312
marketa-vankova,Z9/30,60,"JUDr. Markéta Vaňková, primátorka - přistoupila k projednání bodu 99).",0,b92d222bc5bd1312
marketa-vankova,Z9/30,61,"JUDr. Markéta Vaňková, primátorka: Vypadá to, že žádné další dotazy nejsou, tak zahajuji hlasování o usnesení, tak jak bylo navrženo: Hlasování č. 78: 41 - 0 - 2 - 6",0,b92d222bc5bd1312
marketa-vankova,Z9/30,61,"JUDr. Markéta Vaňková, primátorka - navrhla společně hlasovat o bodech 101) a 102) týkajících se aktualizací očekávaného čerpání rozpočtů. K hlasování o návrzích usnesení bylo přistoupeno bez rozpravy: Hlasování č. 79: 42 - 0 - 5 - 2",4,b92d222bc5bd1312
marketa-vankova,Z9/30,63,"JUDr. Markéta Vaňková, primátorka: Tak, první reakce k participativnímu rozpočtu. Pan radní Bořecký z KDU-ČSL.",0,b92d222bc5bd1312
marketa-vankova,Z9/30,63,"JUDr. Markéta Vaňková, primátorka: Jo, a ješ, a ješ, a ještě, pardon, blíž se, ať se nachystá paní ředitelka, jo?",0,b92d222bc5bd1312
marketa-vankova,Z9/30,63,"JUDr. Markéta Vaňková, primátorka: Teď poprosím lišku. Paní ředitelka.",0,b92d222bc5bd1312
marketa-vankova,Z9/30,64,"JUDr. Markéta Vaňková, primátorka: A k tomu poslednímu bodu, pro pana zastupitele Koláčného na mail bylo z mé úrovně odpovězeno. Myslím, že jsme si všechny naja, nejasnosti vyjasnili ke spokojenosti všech. Pan zastupitel Lahoda.",0,b92d222bc5bd1312
marketa-vankova,Z9/30,64,"JUDr. Markéta Vaňková, primátorka: Ano, bude odpovězeno písemně. Jenom se mně tady do toho přihlásil pan radní Bořecký? Jo. Tak to byl omyl, jo? Jsem pra, dál přemýšlela, co, co to má znamenat. Tak. Paní zastupitelka Flamiková.",0,b92d222bc5bd1312
marketa-vankova,Z9/30,64,"JUDr. Markéta Vaňková, primátorka: Na všechny 3 otázky bude odpovězeno písemně.",0,b92d222bc5bd1312
marketa-vankova,Z9/30,65,"JUDr. Markéta Vaňková, primátorka: Tak. Něco dalšího tadyktomu? Pan zastupitel Skřička.",0,b92d222bc5bd1312
marketa-vankova,Z9/30,65,"JUDr. Markéta Vaňková, primátorka: Tak. Nikdo další není přihlášený, tím pádem můžeme ukončit dnešní jednání Zastupitelstva města Brna.",0,b92d222bc5bd1312
marketa-vankova,Z9/30,66,"JUDr. Markéta Vaňková, primátorka, ukončila zasedání Zastupitelstva města Brna (ve 12:05 hod.).",0,b92d222bc5bd1312
marketa-vankova,Z9/31,1,"Zasedání zahájila a řídila primátorka města Brna JUDr. Markéta Vaňková (dále jen JUDr. Markéta Vaňková, primátorka).",0,be8083cfb4f00a99
marketa-vankova,Z9/31,1,"JUDr. Markéta Vaňková, primátorka, upozornila na skutečnost, že jednání Zastupitelstva města Brna je audiovizuálně přenášeno prostřednictvím internetových stránek města a přenos je zaznamenáván, archivován a následně bude zveřejněn.",4,be8083cfb4f00a99
marketa-vankova,Z9/31,1,"JUDr. Markéta Vaňková, primátorka, sdělila, že při prezenci členové Zastupitelstva města Brna obdrželi: • doplněk č. 2 k bodu 8), který byl dne 9. 12. 2025 vložen na chráněné internetové datové úložiště • doplněk k bodu 60), který byl dne 9. 12. 2025 vložen na chráněné internetové datové úložiště • doplněk k bodu 97), který byl dne 9. 12. 2025 vložen na chráněné internetové datové úložiště • Informativní zprávu - Podání adresovaná Zastupitelstvu města Brna, která byla dne 8. 12. 2025 včetně vlastních podání vložena na chráněné internetové datové úložiště. Podání ZMB byla rovněž k dispozici v listinné formě ve složce „K nahlédnutí pro členy ZMB“ v jednacím sálu • Informace o hlasování členů RMB neuvedené v předložených materiálech k bodům programu ZMB č. Z9/31",0,be8083cfb4f00a99
marketa-vankova,Z9/31,2,"Schválení programu zasedání Zastupitelstva města Brna č. Z9/31 JUDr. Markéta Vaňková, primátorka, zdůvodnila tyto změny programu:",0,be8083cfb4f00a99
marketa-vankova,Z9/31,2,"JUDr. Markéta Vaňková, primátorka, nechala hlasovat o návrzích na změny v programu zasedání Zastupitelstva města Brna, které uvedla v rámci Technického bodu.",-3,be8083cfb4f00a99
marketa-vankova,Z9/31,8,"JUDr. Markéta Vaňková, primátorka: Myslím, že mě to takto stačí.",0,be8083cfb4f00a99
marketa-vankova,Z9/31,8,"JUDr. Markéta Vaňková, primátorka: Přesně to je definované, o čem chcete dávat hlasovat samostatně. Takže …",0,be8083cfb4f00a99
marketa-vankova,Z9/31,8,"JUDr. Markéta Vaňková, primátorka: … za mě je to dostačující. Dobře. Děkuji, zeptám se eště na další přihlášené? Pan tajemník.",0,be8083cfb4f00a99
marketa-vankova,Z9/31,9,"JUDr. Markéta Vaňková, primátorka: Někdo další k tomuto bodu přihlášený? Pokud tomu tak není, tak budeme nejprve hlasovat o návrhu paní starostky Drápalové, to znamená, budeme samostatně hlasovat o změně v čl. 22, odst. 1 písm. g), bod č. 1. Tak. Zahajuji hlasování: Hlasování č. 8: Neplatné hlasování",2,be8083cfb4f00a99
marketa-vankova,Z9/31,9,"JUDr. Markéta Vaňková, primátorka: Kdo je pro navrženou změnu, v tomto? Kdo je proti, kdo se zdržel? Znovu, eště pro jistotu, pro, kdo je pro navrženou změnu statutu, tak jak bylo v materiálu navrženo? No, pro, hlasujeme pro. Tak. Končím hlasování, pro 36, proti 4, zdrželo se 7. Usnesení bylo přijato. A mám tady spoustu přihlášených. Tak. Pan Zemek.",0,be8083cfb4f00a99
marketa-vankova,Z9/31,9,"JUDr. Markéta Vaňková, primátorka: Všichni ostatní se odhlásili, takže asi předpokládali, nebo chtěli navrhnout to stejné. Budeme teda hlasovat znovu. A eště jedno, jednou tedy pro všechny. Budeme hlasovat o návrhu paní starostky Drápalové na oddělené hlasování o čl. 22 odst. 1, písm. g), bod 1, a s tím, že budeme hlasovat o tom, kdo je pro tu změnu, která byla navržena v předmětném materiálu. Takže kdo chce změnit statut, tak jak to bylo navrženo, hlasuje pro. Zahajuji hlasování: Hlasování č. 9: 29 - 7 - 7 - 8",2,be8083cfb4f00a99
marketa-vankova,Z9/31,9,"JUDr. Markéta Vaňková, primátorka: Takže návrh byl přijat, změna statutu v čl. 22 byla schválena. Nyní budeme hlasovat o zbývajících částech, návrh změn statutu, tak jak byly předloženy. Zahajuji hlasování: Hlasování č. 10: 45 - 0 - 4 - 2",2,be8083cfb4f00a99
marketa-vankova,Z9/31,10,"JUDr. Markéta Vaňková, primátorka: Reakce, pan radní Kratochvíl.",0,be8083cfb4f00a99
marketa-vankova,Z9/31,10,"JUDr. Markéta Vaňková, primátorka: Zeptám se, jestli je tady další občan, který by chtěl hovořit? Nevypadá to, tak dnes procesně trošku nestandartně, já v tuto chvíli přeruším projednání bodu č. 2), a to do doby 9:30, za předpokladu, budeme v něm pokračovat za předpokladu, že na 9:30 se dostaví nějací další občané, kteří jsou zvyklí, poslední rok, chodit na 9:30. Takže bod č. 2) přerušený a jdeme k bodu č. 9).",0,be8083cfb4f00a99
marketa-vankova,Z9/31,12,"JUDr. Markéta Vaňková, primátorka: Úvodem tohoto bodu si dovolím krátké shrnutí materiálu, který, o kterém budeme jednat. V tomto materiálu je navrženo vzít na vědomí návrh rozpočtu statutárního města Brna na rok 26 s celkovými zdroji i výdaji v objemu 27.900.000.000 Kč. Současně je v tomto materiálu navrhováno schválit rozpočet města Brna, tedy bez rozpočtu městských částí, s celkovými zdroji i výdaji v objemu 25.700.000.000 Kč. Chtěla bych říci, že vedení města Brna se návrhem rozpočtu intenzivně zabývalo již od září tohoto roku, finální verzi návrhu rozpočtu projednala Rada města Brna",2,be8083cfb4f00a99
marketa-vankova,Z9/31,17,"JUDr. Markéta Vaňková, primátorka: Já jenom, aniž bych to chtěla zdržovat, ještě jedna oblast, o které nebylo hovořeno v návaznosti na příspěvek paní starostky Drápalové, tak byla doprava. Já, ze své úrovně, velmi často a velmi ráda označuji naši městskou hromadnou dopravu jako tu nejlepší v celé republice, ne-li v celé Evropě. Jsem na ni skutečně hrdá. Děkuji Dopravnímu podniku. A asi teď není úplně prostor bavit se o tom, jaké jsou intervaly jednotlivých jízdních linek, takže já bych jenom k tomuto tématu ráda uvedla, že navrhovaná kompenzace je 2 miliord, 2.850.000.000, kompenzace Dopravního podniku, tudíž, z mého pohledu, skutečně jako velmi významná částka, která je důkazem toho, že nám na kvalitě městské hromadné dopravy záleží. A byli jsme domluveni s panem radním Kratochvílem, že mě doplní v ostatních věcech dopravy. Takže mu tímto dávám slovo.",0,be8083cfb4f00a99
marketa-vankova,Z9/31,19,"JUDr. Markéta Vaňková, primátorka: Tak. Nikdo další není přihlášený, takže můžeme přistoupit k hlasování. To znamená, bod č. 20), rozpočet, zahajuju hlasování: Hlasování č. 21: Neplatné hlasování",0,be8083cfb4f00a99
marketa-vankova,Z9/31,19,"JUDr. Markéta Vaňková, primátorka: Usnesení bylo přijato, rozpočet byl schválen. Ještě jednou díky všem. Bod 21) Zajištění provozu obecního systému odpadového hospodářství, rekonstrukce a rozšíření vybraných sběrných středisek odpadů - návrh rozpočtového opatření. Otevírám diskusi. Pan starosta Krásný.",2,be8083cfb4f00a99
marketa-vankova,Z9/31,19,"JUDr. Markéta Vaňková, primátorka: Určitě. Takže se vracíme k bodu č. 20) a budeme hlasovat opětovně. Tak, 20), návrh rozpočtu, zahajuji hlasování: Hlasování č. 22: 40 - 0 - 12 - 0",2,be8083cfb4f00a99
marketa-vankova,Z9/31,19,"JUDr. Markéta Vaňková, primátorka: Pan zastupitel Krásný, pan starosta Krásný svítí zeleně, jeho hlas byl zaznamenán. Končím hlasování, usnesení bylo přijato.",0,be8083cfb4f00a99
marketa-vankova,Z9/31,22,"JUDr. Markéta Vaňková, primátorka: V tuto chvíli, a doufám, že mám teda aktuální informace, jsme se rozhodli, že demolici odložíme a budeme čekat na výsledky koncesního řízení. Tudíž teď se žádné kroky dělat nebudou.",0,be8083cfb4f00a99
marketa-vankova,Z9/31,22,"JUDr. Markéta Vaňková, primátorka: Také děkuji. Není nikdo další přihlášený, zahajuji hlasování: Hlasování č. 24: 44 - 0 - 7 - 1",0,be8083cfb4f00a99
marketa-vankova,Z9/31,23,"JUDr. Markéta Vaňková, primátorka: Poprosím o reakci pana vedoucí, aha, tak se, hlásí se pan radní. Tak pan radní zodpoví.",0,be8083cfb4f00a99
marketa-vankova,Z9/31,23,"JUDr. Markéta Vaňková, primátorka: Tak. Děkuji za reakci. Nikdo další není přihlášený, zahajuju hlasování: Hlasování č. 27: 46 - 0 - 2 - 4",0,be8083cfb4f00a99
marketa-vankova,Z9/31,24,"Z důvodu obvyklého projednávání bodu 2) Dotazy, připomínky a podněty občanů v 9:30 hod. se JUDr. Markéta Vaňková, primátorka, vrátila k tomuto přerušenému bodu.",0,be8083cfb4f00a99
marketa-vankova,Z9/31,25,"JUDr. Markéta Vaňková, primátorka: Paní Burešová, já se omlouvám, už jste mnohokrát pře, překročila ten časový limit. Zkuste, prosím Vás, tendle Váš příspěvek směřovat k nějakému cíli. Děkuji.",0,be8083cfb4f00a99
marketa-vankova,Z9/31,25,"JUDr. Markéta Vaňková, primátorka: … skutečně už skončeme. Opakovaně jsme tady projednali, že ta výpověď byla následně analyzována soudem. Je na to soudní rozhodnutí. Takže nepohybujeme se pouze v úrovni samosprávy, ale v rozhodova, v úrovni rozhodování nezávislé justice. Ale skutečně už jsme to tady probírali několikrát. Takže jestli máte nějaké poslední slovo, prosím o něj, a jinak Vás poprosím již o ukončení Vašeho příspěvku.",0,be8083cfb4f00a99
marketa-vankova,Z9/31,25,"JUDr. Markéta Vaňková, primátorka: Takže děkuji, takže skutečně už, já si myslím, že víme všechno. Na shledanou, a pro zastupitele, jenom nevím, pro jistotu připomínám, v dnešních materiálech bylo poměrně velké množství",0,be8083cfb4f00a99
marketa-vankova,Z9/31,26,"JUDr. Markéta Vaňková, primátorka: A prosím, k tomuto bodu máme doplněk, ve kterém byla změna usnesení. Takže budeme hlasovat podle toho doplňku. Jenom úplně krátce, protože nevím, jestli ho máte všichni před sebou, došlo tam k, ke změně rozložení té celkové částky, 47.000.000, a to tak, že neinvestiční příspěvek by byl 20.000.000, a návratná finanční výpomoc 27.000.000. Takže tadyvtomto znění budu dávat hlasovat. Otevírám diskusi. Není nikdo přihlášený, takže zahajuji hlasování Hlasování č. 30: 48 - 0 - 1 - 3",0,be8083cfb4f00a99
marketa-vankova,Z9/31,32,"JUDr. Markéta Vaňková, primátorka - přistoupila k opětovnému hlasování o přijetí usnesení k bodu 48).",0,be8083cfb4f00a99
marketa-vankova,Z9/31,36,"JUDr. Markéta Vaňková, primátorka: Nejsou žádné další dotazy, zahajuji hlasování: Hlasování č. 59: 46 - 0 - 4 - 2",0,be8083cfb4f00a99
marketa-vankova,Z9/31,37,"JUDr. Markéta Vaňková, primátorka - navrhla společně hlasovat o bodech 58) - 63) týkajících se prodejů pozemků a částí pozemků, a upozornila, že k bodu 60) obdrželi členové Zastupitelstva města Brna doplněk s návrhem na odlišné usnesení, přijaté Radou města Brna, oproti znění usnesení v původním materiálu. Bylo by tudíž hlasováno o přijetí usnesení k bodu 60) dle doplňku.",10,be8083cfb4f00a99
marketa-vankova,Z9/31,37,"JUDr. Markéta Vaňková, primátorka - přistoupila k projednání bodu 58).",0,be8083cfb4f00a99
marketa-vankova,Z9/31,39,"JUDr. Markéta Vaňková, primátorka - navrhla společné hlasování o bodech 64) - 76) týkajících se nabytí pozemků, částí pozemků, spoluvlastnických podílů k pozemku a komunikačních staveb, s tím, že u bodu 72) byl poskytnut doplněk s opravenou výší kupní ceny dle kupní smlouvy, důvodové zprávy i anotace. Bylo tedy hlasováno ve znění doplňku.",4,be8083cfb4f00a99
marketa-vankova,Z9/31,43,"JUDr. Markéta Vaňková, primátorka - navrhla společně hlasovat o bodech 77) a 78) týkajících se bezúplatných nabytí nemovitých věcí z vlastnictví České republiky - Úřadu pro zastupování státu ve věcech majetkových a z vlastnictví České republiky - Ministerstva obrany.",4,be8083cfb4f00a99
marketa-vankova,Z9/31,48,"JUDr. Markéta Vaňková, primátorka - navrhla společné hlasování o bodech 81) - 94) týkajících se nabídek předkupních práv ke stavbám, způsob využití garáž, respektive rodinná rekreace.",4,be8083cfb4f00a99
marketa-vankova,Z9/31,48,"JUDr. Markéta Vaňková, primátorka - přistoupila ke společnému projednání bodů 81) - 94).",0,be8083cfb4f00a99
marketa-vankova,Z9/31,59,"JUDr. Markéta Vaňková, primátorka: Tady jenom upozornění, že jsme obdrželi doplněk, který má vliv i na usnesení. Je to, prosím Vás, v bodě 4, kde bylo doplněno v rámci té správy nemovitostí - Odbor dopravy Magistrátu města Brna prostřednictvím společnosti Brněnské komunikace. Takže toto je ta úprava v doplňku, on je poměrně dlouhý, tak abyste věděli, co se tam změnilo. A otevírám diskusi k tomuto bodu. Není nikdo přihlášený, zahajuji hlasování: Hlasování č. 72: 51 - 0 - 0 - 1",0,be8083cfb4f00a99
marketa-vankova,Z9/31,61,"JUDr. Markéta Vaňková, primátorka: Tak. U mikrofonu vítám Tomáše Pivce, který nečekal, až bude vyzván, a ladným krokem přišel k mikrofonu. A dávám mu tímto slovo. Ing. Tomáš Pivec, MBA, vedoucí Odboru investičního MMB: Já se obávám, že ne, ve stručnosti to úplně neřeknu. Ten materiál je poměrně obsáhlý, těch změn je v návaznosti na nový stavební zákon poměrně hodně. Ale mezi ty nejzásadnější, které je potřeba zmínit, je změna z čisté podlahové plochy, které dříve bylo počítán investiční příspěvek na hrubou",0,be8083cfb4f00a99
marketa-vankova,Z9/31,62,"JUDr. Markéta Vaňková, primátorka: Pan vedoucí, jestli můžu poprosit?",0,be8083cfb4f00a99
marketa-vankova,Z9/31,63,"JUDr. Markéta Vaňková, primátorka: Tak. Děkuji panu vedoucímu i paní starostce za dotazy, v tuto chvíli to vypadá, že další dotazy, podněty k tomuto bodu nejsou, takže přistoupíme k hlasování, zahajuji hlasování: Hlasování č. 73: 50 - 0 - 0 - 1",0,be8083cfb4f00a99
marketa-vankova,Z9/31,66,"JUDr. Markéta Vaňková, primátorka města Brna: Tak. Domlouváme se tady s kolegy, odpověď bude dána písemně. Ono, obecně, tím, že jsme ve formě koncesního řízení, tak jsou tam samozřejmě jinak nastavená pravidla, obecně, v té formě, než kdyby, kdybychom postupovali jinou formou, takže ne, není to tak jednoduché, tak radši ať neuvedeme nějaké ne, ne úplně přesné informace, tak bude odpovězeno písemně. Pan zastupitel Zemek.",0,be8083cfb4f00a99
marketa-vankova,Z9/31,67,"JUDr. Markéta Vaňková, primátorka města Brna: Tak reakci se přihlásila paní zastupitelka Seidlová, dávám jí slovo.",0,be8083cfb4f00a99
marketa-vankova,Z9/31,67,"JUDr. Markéta Vaňková, primátorka města Brna: Myslím si, že na všechno bude odpovězeno písemně …",0,be8083cfb4f00a99
marketa-vankova,Z9/31,67,"JUDr. Markéta Vaňková, primátorka města Brna: Ať jsou, ať jsou ty informace také přesné. Pan zastupitel Kment.",0,be8083cfb4f00a99
marketa-vankova,Z9/31,67,"JUDr. Markéta Vaňková, primátorka města Brna: Tak. Pan radní se přihlásil k odpovědi.",0,be8083cfb4f00a99
marketa-vankova,Z9/31,68,"JUDr. Markéta Vaňková, primátorka města Brna: Děkujeme. Tak. Nikdo další není přihlášený, takže já se s Vámi taky loučím, s těmi, se kterými se neuvidím, tak přeji klidné svátky s těmi, se kterými je Vám dobře, a do nového roku hlavně zdraví. A budu se moc těšit, že se uvidíme nejpozději 20. ledna na dalším jednání Zastupitelstva města Brna.",0,be8083cfb4f00a99
marketa-vankova,Z9/31,68,"JUDr. Markéta Vaňková, primátorka, ukončila zasedání Zastupitelstva města Brna (v 10:30 hod.).",0,be8083cfb4f00a99
marketa-vankova,Z9/32,1,"Zasedání zahájila a řídila primátorka města Brna JUDr. Markéta Vaňková (dále jen JUDr. Markéta Vaňková, primátorka).",0,f2d978b02f87f5fa
marketa-vankova,Z9/32,1,"JUDr. Markéta Vaňková, primátorka, upozornila na skutečnost, že jednání Zastupitelstva města Brna je audiovizuálně přenášeno prostřednictvím internetových stránek města a přenos je zaznamenáván, archivován a následně bude zveřejněn.",4,f2d978b02f87f5fa
marketa-vankova,Z9/32,1,"Slib člena Zastupitelstva města Brna JUDr. Markéta Vaňková, primátorka, přivítala nového člena Zastupitelstva města Brna, Mgr. Matouše Vencálka, za Zelení a Žít Brno. Mgr. Matouš Vencálek se stal v souladu s § 56 odst. 1 zákona č. 491/2001 Sb., o volbách do zastupitelstev obcí a o změně některých zákonů, v platném znění, dne 7. ledna 2026 členem Zastupitelstva města Brna, a to po rezignaci Bc. Matěje Hollana na mandát člena zastupitelstva dne 6. ledna 2026.",0,f2d978b02f87f5fa
marketa-vankova,Z9/32,1,"JUDr. Markéta Vaňková, primátorka, vyzvala nového člena Zastupitelstva města Brna ke složení slibu v souladu se zákonem č. 128/2000 Sb., o obcích, v platném znění.",0,f2d978b02f87f5fa
marketa-vankova,Z9/32,2,"JUDr. Markéta Vaňková, primátorka, dále oznámila, že dne 12. 1. 2026 byl ustanoven nový Klub nezávislých zastupitelů Zastupitelstva města Brna, jehož členy jsou: Mgr. et Mgr. Sabina Benešová, DiS., LL.M., Ing. arch. Petr Bořecký, Mgr. René Černý, MUDr. Alena Gruberová, Bc. Kateřina Jarošová, MBA, Ing. Karel Kalivoda, Ing. Pavel Kříž, Ph.D., Ing. Karin Podivinská, Vít Prýgl, Ing. Daniel Struž, MBA, a Petr Levíček, MBA. Předsedkyní klubu je Ing. Karin Podivinská.",0,f2d978b02f87f5fa
marketa-vankova,Z9/32,2,"Po oznámení změn v zastupitelských klubech vyzvala JUDr. Markéta Vaňková, primátorka, členy Zastupitelstva města Brna k podání návrhů na ověřovatele zápisu.",2,f2d978b02f87f5fa
marketa-vankova,Z9/32,2,"JUDr. Markéta Vaňková, primátorka, sdělila, že při prezenci členové Zastupitelstva města Brna obdrželi: • doplněk k bodu 87), který byl dne 19. 1. 2026 vložen na chráněné internetové datové úložiště • doplněk k bodu 98), který byl dne 19. 1. 2026 vložen na chráněné internetové datové úložiště • Informativní zprávu - Podání adresovaná Zastupitelstvu města Brna, která byla dne 19. 1. 2026 včetně vlastních podání vložena na chráněné internetové datové úložiště. Podání ZMB byla rovněž k dispozici v listinné formě ve složce „K nahlédnutí pro členy ZMB“ v jednacím sálu",0,f2d978b02f87f5fa
marketa-vankova,Z9/32,2,"Schválení programu zasedání Zastupitelstva města Brna č. Z9/32 JUDr. Markéta Vaňková, primátorka, zdůvodnila tyto změny programu:",0,f2d978b02f87f5fa
marketa-vankova,Z9/32,2,"JUDr. Markéta Vaňková, primátorka, nechala hlasovat o návrzích na změny v programu zasedání Zastupitelstva města Brna, které uvedla v rámci Technického bodu.",-3,f2d978b02f87f5fa
marketa-vankova,Z9/32,14,"JUDr. Markéta Vaňková, primátorka: Krátká reakce z mé strany. Toto setkání je plánováno na základě podnětů ze strany spolku MEETING BRNO, který se dlouhodobě, dlouhodobě, několik posledních let, zejména tady, v Brně, snaží o poměrně širokou diskusi na téma historických otázek, ale zejména výhledu do budoucna. V žádném případě ze strany jejich představitelů, já jsem to tak nevnímala a nevnímám, nejde o to, že by chtěli jakkoli zpochybňovat válečné hrůzy, které se děly za období 2. světové války ve vztahu k občanům naší republiky, našeho státu. Ale jde skutečně o to nastavovat ty budoucí vztahy velmi smírně a smířlivě. A v tomto smyslu mají zástupci MEETING BRNO moji podporu. A znovu opakuji, rozhodně nejde, a to je zase teď můj osobní postoj, o jakékoliv zpochybňování těch hrůz. Když první, když jsem já byla 1. rok primátorkou města Brna a účastnila jsem se té Poutě smíření, tak jsem, která se vždy koná právě pod hlavičkou tadytohoto spolku, tak jsem zcela jasně deklarovala, že zároveň chci, aby se hned druhý den šlo na Kounicovy koleje uctít památku našich obětí. A tu vzájemnou vyváženost tam považuji za to nejdůležitější. A vnímám, že zástupci spolku MEETING BRNO to tak vnímají také. Proto s konáním tadytéto akce ve městě Brně, já, mluvím za sebe, nikoli za ostatní kolegy z vedení města, nemám, nemám problém.",0,f2d978b02f87f5fa
marketa-vankova,Z9/32,15,"JUDr. Markéta Vaňková, primátorka: Děkuji za Váš názor a poprosím dalšího občana.",0,f2d978b02f87f5fa
marketa-vankova,Z9/32,15,"JUDr. Markéta Vaňková, primátorka: Moje reakce by byla obdobná jako v předchozím příspěvku. Poprosím dalšího občana. Tak. Vypadá to, že nikdo další tady není, takže můžeme ukončit bod č. 2) a můžeme pokračovat dále v programu. A jsme u bodu č. 31).",0,f2d978b02f87f5fa
marketa-vankova,Z9/32,19,"JUDr. Markéta Vaňková, primátorka: Nikdo, žádný, nikdo další není přihlášený do diskuse. Zahajuji hlasování: Hlasování č. 38: 48 - 0 - 5 - 1",0,f2d978b02f87f5fa
marketa-vankova,Z9/32,20,"JUDr. Markéta Vaňková, primátorka - navrhla společně hlasovat o bodech 43) - 46) týkajících se prodejů pozemků a částí pozemků.",4,f2d978b02f87f5fa
marketa-vankova,Z9/32,20,"JUDr. Markéta Vaňková, primátorka - přistoupila k projednání bodu 43).",0,f2d978b02f87f5fa
marketa-vankova,Z9/32,20,"JUDr. Markéta Vaňková, primátorka: Někdo další do diskuse? Á teďka se eště zeptám, jesi to mám vnímat jako návrh na, na jiné usnesení? Nebo je, to byl pouze apel na zastupitele?",2,f2d978b02f87f5fa
marketa-vankova,Z9/32,20,"JUDr. Markéta Vaňková, primátorka: Takže můžeme přistoupit k hlasování o usnesení, tak jak bylo navrženo. Zahajuji hlasování: Hlasování č. 42: Neplatné hlasování",0,f2d978b02f87f5fa
marketa-vankova,Z9/32,20,"JUDr. Markéta Vaňková, primátorka - přistoupila k opětovnému hlasování o přijetí usnesení k bodu 44): Hlasování č. 43: 34 - 6 - 9 - 5",0,f2d978b02f87f5fa
marketa-vankova,Z9/32,21,"JUDr. Markéta Vaňková, primátorka - přistoupila ke společnému hlasování o přijetí usnesení k bodům 45) a 46). K hlasování o návrzích usnesení k bodům 45) a 46) bylo přistoupeno bez rozpravy: Hlasování č. 44: 54 - 0 - 0 - 0",0,f2d978b02f87f5fa
marketa-vankova,Z9/32,22,"JUDr. Markéta Vaňková, primátorka - navrhla společné hlasování o bodech 47) - 53) týkajících se nabytí pozemků, nabytí částí pozemků a spoluvlastnických podílů k pozemkům.",4,f2d978b02f87f5fa
marketa-vankova,Z9/32,22,"JUDr. Markéta Vaňková, primátorka - přistoupila ke společnému projednání bodů 47), 48) a 49).",0,f2d978b02f87f5fa
marketa-vankova,Z9/32,23,"JUDr. Markéta Vaňková, primátorka - přistoupila ke společnému projednání bodů 51), 52) a 53).",0,f2d978b02f87f5fa
marketa-vankova,Z9/32,24,"JUDr. Markéta Vaňková, primátorka - upozornila na variantně navržené usnesení, přičemž Rada města Brna přijala variantu A, tudíž o této variantě nechala JUDr. Markéta Vaňková, primátorka, hlasovat.",4,f2d978b02f87f5fa
marketa-vankova,Z9/32,25,"JUDr. Markéta Vaňková, primátorka - navrhla společně hlasovat o bodech 55) - 65) týkajících se nabytí částí pozemků, vlastnických práv a spoluvlastnických podílů k pozemkům.",4,f2d978b02f87f5fa
marketa-vankova,Z9/32,28,"JUDr. Markéta Vaňková, primátorka: Tak, děkuji moc, zeptám se pana zastupitele Kmenta, jestli mu takto úvod do problematiky stačil? A jestli již rozumí tomu, co je v materiálu uvedeno? Pan zastupitel Kment.",0,f2d978b02f87f5fa
marketa-vankova,Z9/32,28,"JUDr. Markéta Vaňková, primátorka: Také děkuji. Nikdo, nikdo další není přihlášený, takže můžeme začít hlasovat. A tak, jak rozhodla Rada města Brna, jak ostatně zmínil i pan radní Oliva, nechám hlasovat o variantě A. To znamená, nesouhlasí s odvoláním. Zahajuji hlasování: Hlasování č. 51: 50 - 0 - 4 - 0",0,f2d978b02f87f5fa
marketa-vankova,Z9/32,29,"JUDr. Markéta Vaňková, primátorka - navrhla společné hlasování o bodech 68) - 74) týkajících se bezúplatných nabytí nemovitých věcí z vlastnictví České republiky - Úřadu pro zastupování státu ve věcech majetkových, bezúplatného převodu spoluvlastnických podílů na bytových jednotkách a bezúplatného převodu vlastnického práva k pozemku.",4,f2d978b02f87f5fa
marketa-vankova,Z9/32,33,"JUDr. Markéta Vaňková, primátorka - navrhla společně hlasovat o bodech 75) - 85) týkajících se nabídek předkupních práv ke stavbám.",4,f2d978b02f87f5fa
marketa-vankova,Z9/32,37,"JUDr. Markéta Vaňková, primátorka - upozornila na doplněk k materiálu obsahující úpravu usnesení, a to změnu původního textu: „ke dni účinnosti novely Statutu města Brna” na text: „ke dni předání staveniště pro výstavbu Společenského centra Rybnická”. Tato úprava bude uvedena ve variantě A, tudíž o této variantě nechala JUDr. Markéta Vaňková, primátorka, hlasovat.",4,f2d978b02f87f5fa
marketa-vankova,Z9/32,41,"JUDr. Markéta Vaňková, primátorka: Tak. Asi bude odpovězeno písemně. Paní zastupitelka Flamiková.",0,f2d978b02f87f5fa
marketa-vankova,Z9/32,41,"JUDr. Markéta Vaňková, primátorka: O, odpověď na tu 3. otázku, pan radní Bořecký za klub Nezávislí.",0,f2d978b02f87f5fa
marketa-vankova,Z9/32,42,"JUDr. Markéta Vaňková, primátorka: Děkuji a na ty předchozí dotazy bude odpovězeno písemně. Pan zastupitel Koláčný.",0,f2d978b02f87f5fa
marketa-vankova,Z9/32,42,"JUDr. Markéta Vaňková, primátorka: Tak. Odpoví pan radní Bořecký z klubu Nezávislí.",0,f2d978b02f87f5fa
marketa-vankova,Z9/32,42,"JUDr. Markéta Vaňková, primátorka: Paní starostka Drápalová, s reakcí ještě? Je to tak? Tak máte slovo.",0,f2d978b02f87f5fa
marketa-vankova,Z9/32,43,"JUDr. Markéta Vaňková, primátorka, ukončila zasedání Zastupitelstva města Brna (v 10:20 hod.).",0,f2d978b02f87f5fa
marketa-vankova,Z9/33,1,"Omluveni: Mgr. Bc. Blanka Borovská, Mgr. Petr Hladík (od 10:30 hod.), Bc. Jakub Hruška, JUDr. Michal Chládek, MBA (od 11:00 do 12:00 hod.), Mgr. Pavel Outrata (od 10:30 hod.), Ing. Karin Podivinská, náměstkyně primátorky, Ing. Pavel Urubek (od 12:00 hod.), JUDr. Markéta Vaňková, primátorka, Libor Zábranský (od 10:30 do 12:30 hod.).",0,91c18ad4dbe746da
marketa-vankova,Z9/34,1,"Připojeni on-line: JUDr. Markéta Vaňková, Ing. Andrea Pazderová, Libor Zábranský, Ing. Pavel Outrata, Mgr. Vladan Krásný (od 11.00), Mgr. Monika Lukášová Spilková, Ph.D. (od 14.30).",0,75ba75c42ae44f62
marketa-vankova,Z9/34,12,3. Informace k 76. Sudetoněmeckému sněmu konanému ve dnech 22.–25. května 2026 v Brně Bod byl zařazen na stanovenou dobu programu jednání v 10:00 hod. K tomuto bodu obdrželi členové Zastupitelstva města Brna doplněk. Při projednávání tohoto bodu byla přítomna v sále primátorka města Brna JUDr. Markéta Vaňková.,0,75ba75c42ae44f62
marketa-vankova,Z9/34,15,"JUDr. Markéta Vaňková, primátorka města Brna: Dobrý den všem. Já mám skutečně pouze procesní návrh v tuto chvíli. Chtěla bych říci, že bude všem zastupitelům rozdán doplněk k projednávanému bodu číslo 3. A dále bych chtěla říct, že se svým osobním vystoupením vystoupím na konci tohoto bodu, protože chci skutečně vyslechnout všechny přítomné v tomto sále, kteří chtějí k danému bodu hovořit. A velmi bych Vás chtěla poprosit, jsou to argumenty na jedné i na druhé straně, ale buďme k sobě slušní a poslouchejme se navzájem. Tak jak když Vy, kteří jste přišli, občané města Brna, hovořit, budete hovořit, my Vás budeme pečlivě poslouchat, budeme v klidu, tak stejně tak, prosím, nechte v klidu hovořit i nás ostatní zastupitele, kteří se k tomuto bodu budou chtít vyjádřit. Děkuji. A bod, doplněk k tomuto bodu je právě rozdáván. Děkuji Vám.",2,75ba75c42ae44f62
marketa-vankova,Z9/34,28,"JUDr. Markéta Vaňková, primátorka: Tak, dobrý den ještě jednou, srdečně Vás zdravím, vítám zde v zastupitelském sále. Na úvod bych chtěla říct, že mně bohužel můj zdravotní stav neumožní vést dnešní zastupitelstvo a být tady s Vámi přítomna celou dobu, nicméně tento bod, který teď již poměrně dlouhou dobu projednáváme, je pro mě tak důležitý, že jsem osobně přišla. V této chvíli bych chtěla velmi poděkovat našemu milému čestnému občanovi Milanu Uhdemu, že také svou přítomností projevil významnost projednávané problematiky. Díky za to, že je tady s námi od začátku až do těchto chvil. Vyjádření, které teď bude následovat, považujte za mé osobní vyjádření, vyjádření Markéty Vaňkové. Nebudu v tuto chvíli mluvit jménem celé Rady města Brna. Chtěla bych Vám říci, že jsem velmi bedlivě poslouchala všechna vystoupení, ke kterým teď došlo, stejně tak jsem se seznámila se všemi vystoupeními, která byla v rámci minulého Zastupitelstva města Brna. Mnohé z těch příběhů, zejména když měli, jste měli Vy z Vás osobní zkušenost se svými předky, mě hluboce dojala. Pro mě otázka druhé světové války a hrůz, které se v ní děly, je velmi velmi důležitá. Já mám velmi ráda veškerá díla, ať už filmová nebo knižní, která se touto problematikou zabývají, je to tak jako mnoho let a je to pro mě skutečně velmi citlivé. Vnímám na druhou stranu, že ta skutečnost není černobílá. Poprvé, když se v roce 2015 zde na zastupitelstvu projednávala tak zvaná Deklarace smíření, která tady byla dnes již několikrát zmíněna, já jsem nebyla zastupitelkou města Brna, nicméně samozřejmě jsem se o dění zajímala a musím se přiznat, že moje první myšlenka byla tato: ""My se budeme někomu omlouvat? My, my, kteří jsme trpěli v druhé světové válce, se máme omlouvat?"" Nicméně poté jsem se seznámila s textem Deklarace smíření a začala jsem na to nahlížet trochu jinak. Ono tady z ní dnes bylo citováno, já nevím, jestli Vy ostatní jste měli možnost si ji dopodrobna přečíst, ale v ní je skutečně velký důraz kladen na to, jaké hrůzy se děly v druhé světové válce. V té době jsem o tom hodně přemýšlela a v té době mně hodně pomohlo přečíst si knížku ""Vyhnání Gerty Schnirch"", kterou mimo jiné považuji za jednu z nejlepších knížek poslední doby a myslím si, že každý Brňan, který se zajímá o historii svého města, by si tuto knížku měl přečíst. V tu chvíli po přečtení té knížky jsem si uvědomila, že jedno zlo plodí druhé zlo a že je velmi těžké nadefinovat, které zlo je horší. Máme to poměřit počtem obětí nebo čím? Znovu opakuji, to, co se dělo za druhé světové války, je neodpustitelné. Na druhé straně to, co následovalo v roce 1945 po ukončení druhé světové války, ať už tady v Brně nebo na jiných místech České republiky, bylo taky zlem. Pak došlo k tomu, že jsem se stala primátorkou města Brna. V roce 2019 jsem poprvé jako primátorka města Brna měla být účastna aktivit, které organizuje několikrát zmíněný spolek Meeting Brno. Já jsem jako primátorka v té chvíli cítila, že budu bedlivě pozorována občany města Brna, kterým se zodpovídám z titulu své funkce, jak se k tomu postavím, jestli se budu účastnit Pochodu smrti, jestli budu mít nějaký projev k této problematice. A moje rozhodnutí bylo takové: ano, budu toho přítomna, podpořím Meeting Brno, ale chci, aby jednoznačně z mého vystupování zaznělo, že primární je pro mě, že si uvědomuji to, co se všechno hrozné dělo v období druhé světové války a tak, jak už jsem to naznačila, budu pokračovat tím, že i ty další události jsou neodpustitelné. Takto jsem to v roce 2019 řekla ve svém projevu. Trvala jsem na tom, že musíme se se všemi účastníky potkat na Kounicových kolejích a tam uctít oběti druhé světové války. Kolegové z Meetingu Brno tento můj postoj naprosto akceptovali, ubezpečili mě o tom, že takto to vnímají oni a ono to vyplývá i z té Deklarace smíření. Po celou dobu od toho roku 2019 jsem se pak v následujících letech těchto aktivit Meetingu Brno účastnila. Za ty roky jsem pochopila, že skutečně jejich směřování vede k",0,75ba75c42ae44f62
marketa-vankova,Z9/34,31,"JUDr. Markéta Vaňková, primátorka: Je to ten můj procesní návrh, který jsem učinila úplně na začátku a nečetla jsem ho, z toho důvodu ho teď přečtu a zní takto: „Zastupitelstvo města Brna bere na vědomí následující skutečnosti. Jednoznačné vyjádření týkající se nedotknutelnosti Benešových dekretů ze strany Sudetoněmeckého krajanského sdružení, dále vyslovené omluvy a vyjádření lítosti nad spáchanými zločiny nacionálního socialismu vyjádřené Sudetoněmeckým krajanským sdružením, dále připravenost Sudetoněmeckého krajanského sdružení k pokračování dialogu vedoucího ke smíření a porozumění mezi národy, dále konání setkání Sudetoněmeckého krajanského sdružení v Brně v roce 2026. Dále bere na vědomí skutečnost, že Zastupitelstvem města Brna byla dne 19. května 2015 schválena deklarace smíření a společné budoucnosti a za třetí považuje za nezbytné, aby byla deklarace smíření a společné budoucnosti i nadále naplňována“.",2,75ba75c42ae44f62
marketa-vankova,Z9/35,1,"Připojeni on-line: Ing. Daniel Struž, MBA, JUDr. Markéta Vaňková, Libor Zábranský, Ing. Andrea Pazderová",0,0e845920a9ca9f72
marketa-vankova,Z9/36,1,"Zasedání zahájila a řídila primátorka města Brna JUDr. Markéta Vaňková (dále jen JUDr. Markéta Vaňková, primátorka).",0,597f2a8effabe498
marketa-vankova,Z9/36,1,"JUDr. Markéta Vaňková, primátorka, upozornila na skutečnost, že jednání Zastupitelstva města Brna je audiovizuálně přenášeno prostřednictvím internetových stránek města a přenos je zaznamenáván, archivován a následně bude zveřejněn.",4,597f2a8effabe498
marketa-vankova,Z9/36,1,"JUDr. Markéta Vaňková, primátorka, sdělila, že při prezenci členové Zastupitelstva města Brna obdrželi: • doplňky k bodům 49), 93), 94), 152), které byly dne 22. 6. 2026 vloženy na chráněné internetové datové úložiště • Doplněk k Informativní zprávě – Podání adresované Zastupitelstvu města Brna, který byl dne 22. 6. 2026 vložen na chráněné internetové datové úložiště. Podání ZMB včetně Doplňku byla rovněž k dispozici v listinné formě ve složce „K nahlédnutí pro členy ZMB“ v jednacím sálu • Informace o hlasování členů RMB neuvedené v předložených materiálech k bodům programu ZMB č.Z9-36",0,597f2a8effabe498
marketa-vankova,Z9/36,2,"Schválení programu zasedání Zastupitelstva města Brna č. Z9/36 JUDr. Markéta Vaňková, primátorka, zdůvodnila tyto změny programu:",0,597f2a8effabe498
marketa-vankova,Z9/36,2,"Dále JUDr. Markéta Vaňková, primátorka navrhla stažení bodu 94) a to s ohledem na závěry obsažené v právní analýze k otázce naplnění podmínek prodeje majetku obce za cenu nižší než obvyklou a posouzení souvisejícího zákonného rizika absolutní neplatnosti kupní smlouvy. Tato analýza byla zpracována advokátní kanceláří Solkind s. r. o. a byla doručena včera. Vzhledem k jejímu rozsahu a k tomu, že byla uložena na cloudové úložiště až v podvečerních hodinách, je dnes přítomen zástupce této advokátní kanceláře, který nyní stručně shrne její hlavní závěry. Takže poprosím pana Krále ze společnosti Solkind s. r. o., aby přišel k mikrofonu. Děkuji moc. A poprosím vás o stručné výstižné shrnutí závěrů vaší právní analýzy.",4,597f2a8effabe498
marketa-vankova,Z9/36,3,"JUDr. Markéta Vaňková, primátorka: Děkuji. Tak, já se k tomu nejprve vyjádřím ještě za vedení města. Chtěla bych jednoznačně deklarovat, že vedení města nechce žádným způsobem komplikovat další postup ve všech krocích, které mají ve finální podobě vést k výstavbě fotbalového stadionu“ Za Lužánkami“. My si stále vážíme toho, že přichází investor, který chce do Brna, do sportovní infrastruktury, investovat své vlastní peníze v nemalé výši. Zároveň musíme ctít zákony a vzhledem k tomuto právnímu posouzení, které bylo nyní předestřeno, tak v tuto chvíli nevidíme reálnou možnost rozhodnout v dané věci tak, jak bylo původně navrženo, právě s hrozbou absolutní neplatnosti té smlouvy, což by komplikovalo další postup. My jsme tady tento náš procesní postup, to znamená stažení materiálu z dnešního jednání zastupitelstva, projednávali se zástupci Zbrojovky, konkrétně jsme včera hovořili s panem xxxxxxx. Pan xxxxx chápe tuto situaci, seznamují se s tím právním stanoviskem a jsme ve shodě v tom, že se pokusíme nalézt co nejjednodušší a nejrychlejší řešení, které by tento problém odstranilo. V tuto chvíli se jako to nejrychlejší řešení, jeví zpracování revizního znaleckého posudku, protože máme dva znalecké posudky, jeden, který si nechalo zpracovat město, jeden, který si nechala zpracovat Zbrojovka. A ten revizní znalecký posudek by definitivně určil, jaká je ta správná cena obvyklá, a na základě toho bychom s největší pravděpodobností mohli rozhodnout. Pokud takto, k tomu dojde, protože si to necháváme vlastně stále zpracovávat, jestli tento postup je možný, tak jsem připravena po dohodě s kolegy svolat v co nejkratší době mimořádné Zastupitelstvo města Brna, které by se věnovalo jenom této problematice neboli předpokládáme, že by se mohlo konat toto zastupitelstvo v průběhu letních měsíců, byť naplánováno nebylo. V mezidobí, aby nemohly nastat další právní komplikace, tak se obrátíme s dotazem na Ministerstvo vnitra, což je dohledový orgán nad statutárním městem Brnem, aby se nám Ministerstvo vnitra jednoznačně vyjádřilo, jak máme v této procesní situaci postupovat, a jestli za předpokladu, že máme dva odlišné znalecké posudky a necháme zpracovat revizní znalecký posudek, jestli je to dostatečné pro to, abychom takto jako zastupitelé mohli hlasovat a rozhodnout. A samozřejmě pevně věříme v kladný výsledek. Takže úplně závěrem, já jsem to řekla na začátku, ale zopakuji tu větu ještě jednou: vedení města Brna stále podporuje výstavbu stadionu „Za Lužánkami“ ze strany soukromého investora a tuto aktivitu vítá. Pouze se potřebuje vypořádat s právními problémy, které nastaly. A teď vidím přihlášené, a rovnou říkám, že jsme v technickém bodu a že v rámci technického bodu a v souladu s jednacím řádem zastupitelstva města Brna se o návrhu na stažení hlasuje bez rozpravy, takže kolegům nedám slovo. Nicméně, dopředu říkám, že pokud se nenajde 28 hlasů na stažení toho materiálu, pokud bude více lidí prostě přesvědčeno o tom, že k tomuto bodu je potřeba velká diskuse, tak samozřejmě bod bude projednáván tak, jak bylo plánováno, případně máme tu možnost projednávat to v dalších bodech programu, tak jak to všichni víte. To znamená, ať už v občanech, v projednání bodu, připomínky podněty občanů, anebo v rámci interpelací, ať jsme v souladu s jednacím řádem. Takže děkuji, k tomuto bodu je to v tuto chvíli vše. Pokračuji tedy v technickém bodu.",4,597f2a8effabe498
marketa-vankova,Z9/36,4,"JUDr. Markéta Vaňková, primátorka, vyzvala, zda má někdo návrhy k doplnění programu.",2,597f2a8effabe498
marketa-vankova,Z9/36,5,"JUDr. Markéta Vaňková, primátorka: Pan náměstek, stejně jako já, velmi dobře ví, že tento procesní návrh byl zbytečný, protože tento bod máme zařazen na bod programu, a pokud nebude dostatečný počet zastupitelů, kteří budou hlasovat pro stažení, tak bod zůstává na jednání zastupitelstva, ale rozumíme důvodům.",2,597f2a8effabe498
marketa-vankova,Z9/36,5,"JUDr. Markéta Vaňková, primátorka: Já na to jenom velice krátce zareaguji. To byl důvod pro návrh na stažení, který je ryze v právní rovině. Právě proto byl vyzván předkladatel toho právního stanoviska. Nebyla to diskuse jako taková, ale zdůvodnění návrhu na stažení, které je tak ryze odborně právní, že jsme považovali za vhodné, aby to učinil právník, a bylo to samozřejmě konzultováno s naším právním odborem tak, aby ten postup byl v souladu s jednacím řádem.",2,597f2a8effabe498
marketa-vankova,Z9/36,5,"JUDr. Markéta Vaňková, primátorka, nechala hlasovat o návrzích na změny v programu zasedání Zastupitelstva města Brna, která uvedla v rámci Technického bodu.",-3,597f2a8effabe498
marketa-vankova,Z9/36,5,"RNDr. Filip Chvátal, Ph.D., 2.náměstek primátorky-. zpochybnil hlasování. JUDr. Markéta Vaňková, primátorka, zahájila opětovné hlasování o stažení bodu 94). Hlasování č. 4: 27–19–4–2",0,597f2a8effabe498
marketa-vankova,Z9/36,6,"Dále JUDr. Markéta Vaňková, primátorka upřesňuje nový název bodu 94), který zní: Koncesní řízení „Fotbalový stadion v Brně“,návrh výběru koncesionáře a návrh prodeje pozemků p. č. 809/1, p. č. 1083 a nového, dosud nezapsaného pozemku p. č. 1077/34 vše v k. ú. Ponava s budoucím závazkem Po právní poradě navrhuje zařazení bodu 94) v 10:30hod, aby byl přítomen znalec. JUDr. Markéta Vaňková, primátorka, nechala hlasovat o návrzích na změny v programu zasedání Zastupitelstva města Brna, které uvedla v rámci Technického bodu. Hlasování o celém programu zasedání: Hlasování č. 7: 51–0–1–0",-1,597f2a8effabe498
marketa-vankova,Z9/36,13,"JUDr. Markéta Vaňková, primátorka: Takže znovu opakuji pro všechny, které to zajímá, bod číslo 94) fotbalový stadion, se bude projednávat v 10:30, ale Vy samozřejmě jako občané máte možnost vystoupit už v bodě, ke kterému se teď hned vlastně dostaneme, což je bod číslo 2) Dotazy, připomínky a podněty občanů, který by normálně začínal v 9:30, ale protože jsme se zdrželi v technickém bodě, tak otevírám bod číslo 2) nyní. Dobrý den.",0,597f2a8effabe498
marketa-vankova,Z9/36,13,"JUDr. Markéta Vaňková, primátorka: Jak vznikla cena a co vyplývá ze znaleckého posudku, nám může vysvětlit znalec, který, jak jsem avizovala, přijde 10:30. A co se týče těch právních otázek, tak poprosím pana Krále ze společnosti Solkind o reakci přímo teď na místě. Děkuju.",0,597f2a8effabe498
marketa-vankova,Z9/36,15,"JUDr. Markéta Vaňková, primátorka: Odpovídat nebudeme. Pokud bych měla tendenci odpovídat, tak bych tak již učinila. Říkala jsem dobrý den, vítám dalšího občana. Tím jsem Vám jasně dala slovo.",0,597f2a8effabe498
marketa-vankova,Z9/36,17,"JUDr. Markéta Vaňková, primátorka: Tak děkuji. Já jenom, než dám slovo panu zastupiteli Hladíkovi a pak dalšímu občanovi, tak musím říci, že jsem překvapena, kolik je tady vystupujících proti vyvěšení ukrajinské vlajky. A jestli se nemýlím, já tedy hůř vidím, ale paní, která teď domluvila, tak si myslím, že s tou se známe mnoho let právě z jejích aktivit v rámci klubu seniorů, který velmi jako podporujeme. Toto téma jsme tam společně nikdy neřešili, ale možná se pletu jak v osobě, takže nechci to dále rozvádět. A je to úplně jednoduché, já to nechci zdržovat, protože zejména fanoušci čekají na Zbrojovku, ale vedení města má jednoznačný názor, co se týče invaze na Ukrajinu a co se týče podpory Ukrajiny, a právě alespoň symbolickým gestem, vyvěšením ukrajinské vlajky, dáváme náš postoj jasně najevo. Za tímto postojem si stojíme a já jsem ráda, že to tak cítí i ostatní moji kolegové z rady. A myslím si, že asi teď není místo a prostor pro to, abychom se bavili o všech hrůzách, které se na Ukrajině dějí. Já Vám řeknu jediné. Máme 3 partnerská města a jako vedení města jsme opakovaně byli v Užhorodu, tedy v lokalitě, o které se říká, že se v ní neválčí, že tam se vlastně nic neděje, a byl to jeden z mých nejhorších životních zážitků. Když si představím, jak tam lidé žijí. A skutečně bych jako velmi nerada někdy dospěla do situace, že bychom se my museli bát tak o naše děti, jak se bojí naši užhorodští přátelé. A to je tam situace samozřejmě výrazně, výrazně, výrazně lepší než v ostatních skutečně válečných zónách Ukrajiny. Řešit mezinárodní situaci, to by bylo skutečně jako na poměrně dlouhou dobu. Myslím si, že tady i historické exkurzy, co se dělo v minulosti, jsou poměrně zbytečné. Každý na to máme nějaký názor. Já názory ostatních naprosto samozřejmě respektuji. Jenom říkám, pojďme se dívat do budoucna a pojďme se snažit dělat maximum pro to, aby válečné konflikty nebyly. Děkuji. Pan náměstek Hladík, teda pardon, já jsem na to nemůžu pořád zvyknout. Ta éra čtyř let, kdy byl mým náměstkem, je nezapomenutelná, takže pan zastupitel Hladík.",0,597f2a8effabe498
marketa-vankova,Z9/36,18,"JUDr. Markéta Vaňková, primátorka: Děkuji. Uvidíme, jestli některý zastupitel si osvojí Váš návrh. Poprosím dalšího občana.",2,597f2a8effabe498
marketa-vankova,Z9/36,18,"JUDr. Markéta Vaňková, primátorka: Já zareaguju na oba dva řečníky. Já jsem to řekla v tom úvodu, jestli jste mě poslouchali dobře. Já jsem říkala, že vedení města nemá jiný názor než ten, že podporuje výstavbu stadionu za Lužánkami za peníze soukromého investora a že tuto aktivitu velmi vítáme. A toto stanovisko je neměnné. Poprosím dalšího občana.",0,597f2a8effabe498
marketa-vankova,Z9/36,19,"JUDr. Markéta Vaňková, primátorka: Jenom prosím, zkuste dodržet čas, termín je dvě minuty, který už dávno uplynul.",0,597f2a8effabe498
marketa-vankova,Z9/36,19,"JUDr. Markéta Vaňková, primátorka: Něco posledního, ano, jsem si vědoma toho, že i ostatním řečníkům jsem dala větší prostor, ale už prosím, směřujte k závěru.",0,597f2a8effabe498
marketa-vankova,Z9/36,20,"JUDr. Markéta Vaňková, primátorka: Já skutečně poprosím, abyste ukončil už svůj příspěvek, jestli chcete nějakou poslední větu.",0,597f2a8effabe498
marketa-vankova,Z9/36,20,"JUDr. Markéta Vaňková, primátorka: Jo, děkuji. Vzhledem k tomu, že jste mě opakovaně zmínil, tak já také budu krátce reagovat. Můj osobní postoj je poměrně jasný a známý za poslední týdny. Opět naprosto akceptuji Váš postoj. Téma Benešových dekretů a postoj Bernda Posselta k nim byl v předchozích týdnech také jako velmi diskutované a je zřejmé, že oni nechávají tady tuto problematiku na českém státu, vnímají, že je to ryze rozhodnutí České republiky, a pokud hovoří o Benešových dekretech, tak pouze v rovině morální, nikoliv v rovině právní. Neuplatňují v tuto chvíli žádné nároky na to, aby Benešovy dekrety byly zrušeny, ale to je jako jedna část. Druhá je opět to, co jsem řekla ve vztahu k ukrajinské vlajce. Prosím, pojďme se dívat dopředu, pojďme budovat to přátelství mezi evropskými národy. My musíme stát v tuto chvíli při sobě. My nemůžeme jako mezi sebou bojovat, pokud jako v tomto světě chceme nějakým způsobem se rozvíjet a uspět, tak není jako na místě se vracet ke starým křivdám, které byly, byly velké, to je jasné, ale pojďme se dívat dopředu. Děkuji a poprosím, chtěla jsem říct dalšího občana, ale mám přihlášené zastupitele. Takže pan, prosím Vás, už ne, už ne, vystoupil jste, prosím, vraťte se zpátky a dáme prostor panu zastupiteli Lahodovi.",0,597f2a8effabe498
marketa-vankova,Z9/36,21,"JUDr. Markéta Vaňková, primátorka: Bohužel v rámci tohoto bodu vystupuje občan pouze jednou. Nechte, prosím, prostor kolegovi, který stojí za Vámi. Děkuji. Prosím Vás, dejte prostor občanovi, který je za Vámi. Děkuji. Dobrý den.",0,597f2a8effabe498
marketa-vankova,Z9/36,22,"JUDr. Markéta Vaňková, primátorka: Já se omlouvám, paní občanko...",0,597f2a8effabe498
marketa-vankova,Z9/36,23,"JUDr. Markéta Vaňková, primátorka: Zastupitelé mají trošku jiné postavení a já Vám doporučuji, vyřešte si to s panem zastupitelem Hladíkem spolu, já myslím, že ta debata bude plodná.",0,597f2a8effabe498
marketa-vankova,Z9/36,23,"JUDr. Markéta Vaňková, primátorka: Tak, děkuji. Já mám takovou jednu, jenom jako malou osobní poznámku. Já jsem vždy říkala, že tady ten zastupitelský sál tou svou důstojností vede k tomu, že ta jednání jsou jako taková klidná a že se lidi v tomto sále, ať už mají jakýkoliv názor, chovají slušně. Na posledních jednáních zastupitelstva mám pocit, že to kouzlo tohoto krásného historického sálu nějak přestává fungovat. Takže bych jenom poprosila všechny, kteří budou ještě hovořit: argumenty mějte jakékoliv, ale snažme se chovat slušně. Děkuji. A další občan, vítám Vás.",0,597f2a8effabe498
marketa-vankova,Z9/36,24,"JUDr. Markéta Vaňková, primátorka: Tak, děkuji. Stadionu se budeme věnovat za chvíli, jen co promluví všichni občané. Fronta je ještě docela velká, ale samozřejmě znalec dostane prostor. Dobrý den.",0,597f2a8effabe498
marketa-vankova,Z9/36,24,"JUDr. Markéta Vaňková, primátorka: Prosím jenom právní pomoc. Vítám dalšího občana, Marku, ahoj.",0,597f2a8effabe498
marketa-vankova,Z9/36,25,"JUDr. Markéta Vaňková, primátorka: Tak, děkuji. A já jenom jako mírně připomenu pro slečnu nebo mladou paní princip zastupitelské demokracie. My jsme opakovaně řekli, že toto je názor vedení města. Samozřejmě není to názor každého jednoho z 55 zastupitelů. A my, kteří podporujeme tady toto, tak vyjadřujeme názor voličů, kteří nám dali ve volbách náš hlas. Poprosím další občanku. Dobrý den.",0,597f2a8effabe498
marketa-vankova,Z9/36,26,"JUDr. Markéta Vaňková, primátorka: Tak, děkuji. V tuto chvíli nevidím přihlášeného žádného občana, nicméně jedna z občanek, která zde hovořila o Kounicových kolejích, coby národní kulturní památce a nějakém procesním návrhu, tak její procesní návrh, jak avizoval, si osvojil pan zastupitel Kment. Já v tuto chvíli přečtu návrh toho usnesení, o kterém budeme hlasovat, respektive ještě se zeptám právní poradu. Hlasujeme přímo o tom návrhu usnesení, nebo hlasujeme o zařazení tohoto bodu?",2,597f2a8effabe498
marketa-vankova,Z9/36,26,"JUDr. Markéta Vaňková, primátorka: Jenže my název toho bodu jako kdyby nemáme, tak já ho vytvořím. Tak ten bod by se jmenoval Kounicovy koleje, využití pietní síně. Takže takto by byl návrh bodu. Zahajuji hlasování o zařazení tady tohoto bodu na program zasedání města Brna. Kdo je pro? Kdo je proti? Kdo se zdržel? Končím hlasování. Pro 38, proti nikdo, zdržel se jeden, návrh byl přijat. Takže bod s tímto názvem budeme projednávat jako poslední bod, to znamená, jestli se nemýlím, bod číslo 172)? Je tak? Takže 172), kde se bude dále hlasovat o usnesení, které bylo panem Kmentem předloženo. Tak, tím pádem končím projednání bodu číslo 2) Dotazy, připomínky a podněty občanů. Hlasování č. 8: 38-1-1-11",2,597f2a8effabe498
marketa-vankova,Z9/36,28,"JUDr. Markéta Vaňková, primátorka: Ano, prosím, můžete hned reagovat.",0,597f2a8effabe498
marketa-vankova,Z9/36,29,"JUDr. Markéta Vaňková, primátorka: Děkuji. Dívám se ještě na pana radního, jestli chce nějak zareagovat, nebo jestli můžu. Jo, tak dobře, tak já poprosím teď znalce, který by tady už měl být. Jo, dobrý den, vítám Vás, a jestli můžete, prosím, Vy tedy reagovat.",0,597f2a8effabe498
marketa-vankova,Z9/36,29,"JUDr. Markéta Vaňková, primátorka: Zase se dívám na pana radního Olivu, jestli. Jo, dobře, takže v tuto chvíli Vám poděkujeme, sám jste to označil za nějaký úvod, nebo jestli to dobře reprodukuju. Takže teď dám prostor dalším zastupitelům, ale buďte v pohotovosti, stejně tak jako pan kolega Král, a budete reagovat vždy na to, co bude tázáno. Pan zastupitel Koláčný.",0,597f2a8effabe498
marketa-vankova,Z9/36,30,"JUDr. Markéta Vaňková, primátorka: Děkuji, tak já poprosím zase kolegy, ať už pana znalce nebo kolegu z advokátní kanceláře, jestli by mohli zase reagovat dílčím způsobem. Domluvte se, kdo půjde první, děkuji.",0,597f2a8effabe498
marketa-vankova,Z9/36,30,"JUDr. Markéta Vaňková, primátorka: Já se omlouvám, my neslyšíme ostatní, co případně pan zastupitel Koláčný říká, tak prosím, reagujte na mikrofon. Pan zastupitel Koláčný, když bude chtít reagovat, tak mu dám slovo před ostatními přihlášenými, děkuju.",0,597f2a8effabe498
marketa-vankova,Z9/36,30,"JUDr. Markéta Vaňková, primátorka: Tak, jestli chce pan zastupitel Koláčný na mikrofon něco, má určitě prostor. Jo, ano, prosím.",0,597f2a8effabe498
marketa-vankova,Z9/36,31,"JUDr. Markéta Vaňková, primátorka: Tak zase poprosím, Tome, jo, jako nepovídejte si tam sami mezi sebou, pokud projednáváme tento bod, což projednáváme, protože prostě většina zastupitelů to tak chtěla, tak dejme prostor pro to, ať to slyší i ostatní zastupitelé, ať to slyší veřejnost, která tady je. Takže poprosím, Tome, buď nereaguj, anebo reaguj na mikrofon, budu ti dávat slovo, pokud to pořád jako kdyby je v rámci těch Tvých dotazů, takže můžeš.",0,597f2a8effabe498
marketa-vankova,Z9/36,31,"JUDr. Markéta Vaňková, primátorka: Tak jestli chcete ještě reagovat, já si teda myslím, že jste odpověděl, ale samozřejmě můžete tu svoji odpověď zopakovat, případně rozvést.",0,597f2a8effabe498
marketa-vankova,Z9/36,31,"JUDr. Markéta Vaňková, primátorka: Tak dobře, já jenom drobnou poznámku. Nebudu zasahovat jako do té věcné debaty, ale jsem ráda, že pan zastupitel Koláčný zmínil, že budeme projednávat bod číslo 164, což je vlastní podnět statutárního města Brna na pořízení změny územního plánu. Což je další doklad o tom, že vedení města to myslí vážně a že skutečně chce, aby za Lužánkami byl postaven fotbalový stadion v parametrech, které si nadefinovala Zbrojovka. To znamená i včetně toho výškového vymezení těch 37 metrů. To jenom jako pro upřesnění a pro doplnění vlastně všech těch informací, které tady zaznívají. Nicméně v tuto chvíli děkuji panu znalci a poprosím kolegu advokáta, aby zodpověděl svou část dotazu.",0,597f2a8effabe498
marketa-vankova,Z9/36,32,"JUDr. Markéta Vaňková, primátorka: A já možná ještě doplním, samozřejmě právní kancelář nám zpracovávala to stanovisko na základě jako naší jako žádosti a jenom ten časový rámec. A zase, jo, dejte si to do celkového kontextu. My jsme o tom jednali ve středu na poradě vedení. Ve středu jsme jako kdyby dospěli k tomu, že bychom měli tady toto stanovisko mít. A my jsme skutečně dělali všechno pro to, abysme dnes na zastupitelstvu měli všechny relevantní informace tak, abychom mohli dnes tu výstavbu fotbalového stadionu podpořit. Budu to říkat takto obecně, nebudu říkat přesně to usnesení, které tam je. Z toho důvodu nám bylo jasné, že pokud se budeme obracet na nějakou jinou advokátní kancelář, která není vůbec prostě jako kdyby seznámena s tím, jak probíhalo koncesní řízení, jaké jsou tam vlastně ty vstupní údaje, tak že nejsme reálně schopni mít do dnešního dne, respektive my jsme to chtěli do pondělka, ten právní názor. Ano, můžeme se bavit o tom, jestli tam je střet zájmů, není tam střet zájmů, jestli jsme měli oslovit nějakou jinou kancelář. Ono jako není mnoho advokátních kanceláří, které by byly schopny takto složitou problematiku pojmout. Ono otázce veřejného zájmu ve vztahu k zákonu o obcích se jako moc advokátů nevěnuje, pokud už nám zemřel bohužel pan Stanislav Kadečka, který byl prostě odborník na slovo vzatý a byl schopný reagovat poměrně jako rychle. Tak my jako město máme poměrně omezené možnosti, koho můžeme oslovit, pokud zároveň hrajeme o čas. A my jsme o čas hráli, my jsme prostě chtěli mít v pondělí, to bylo naše zadání, aby to bylo v pondělí v dopoledních hodinách, abychom měli ten závěr. Já se přiznám, on to naznačil i pan radní Oliva, nebo nevím, jestli to naznačil tady, ale když jsme se o tom bavili, já jako advokátka jsem skutečně byla přesvědčená, že ten závěr bude takový, že veřejný zájem tam je naplněn. Já jsem prostě ve středu, když jsme se o tom bavili na poradě vedení, tak jsem jako říkala, o veřejném zájmu se vůbec nebavme, ten tam prostě je. Řešme veřejnou podporu, se kterou je to v mých očích prostě jako problematičtější. Nicméně jako kdyby vnímám, jak ta problematika je složitá, proto jsme chtěli pro jistotu všech zastupitelů mít to vyjádření. A já jsem jako věřila a předpokládala, že ten verdikt pondělní, včerejší, bude pozitivní, že bude, že můžeme prostě takto hlasovat, že ta cena, která je nabízená, tak reflektuje všechny prostě ostatní věci, a že právě tam bude převažovat ten veřejný zájem. Nicméně ten posudek je opačný. Můžeme se o tom tady teď jako debatovat, je to ryze právní jako kdyby záležitost, z toho důvodu my jsme navrhovali to stažení toho bodu, protože já se obávám, že my to tady jako kdyby nevyřešíme. Samozřejmě tu debatu povedeme dál a dál. Znalec nám bude reagovat, kolega z advokátní kanceláře nám bude reagovat, ale pořád tady máme prostě právní problém, který jako se obávám, že jako žádný z 55 zastupitelů není schopný si sám na to jako kdyby odpovědět, jo. Tak to jenom jako pro dokreslení té situaci, co my jsme dělali pro to, abysme dnes mohli relevantně rozhodnout, aby nebyla jako hrozba toho, že ta smlouva, pokud bude uzavřena, tak bude absolutně neplatná, protože já si nedovedu představit, že uzavřeme smlouvu a za půl roku, za rok prostě bude deklarováno soudem, že smlouva je absolutně neplatná. To znamená, jako vlastně je od začátku neplatná, není to relativní neplatnost, je to skutečně ta jako nejdrsnější neplatnost, kterou náš právní řád zná. A rozhodně se nechci teďka pouštět do toho, jaká by to případně byla odpovědnost zastupitelů, kteří by o to hlasovali, to chci nechat bokem. Skutečně, ale ať si to každý zastupitel také vyhodnotí sám. Skutečně tam máme právní problém, se kterým se musíme vyrovnat v mých očích, a snažíme se najít takové řešení, abychom ten právní problém vyřešili co nejrychleji a mohli bez obav všichni pro to hlasovat. Ale jako veďme tu debatu dál, jako všichni si to vyslechněte a jak jste schopni prostě si to v sobě jako kdyby pojmout a zanalyzovat, tak pak se samozřejmě rozhodnete každý ze zastupitelů v rámci hlasování. Ale to je jenom připomínka k tomu, proč jsme volili právní kancelář Solkind. Tak ještě Tom, tak ještě pan zastupitel Koláčný.",0,597f2a8effabe498
marketa-vankova,Z9/36,34,"JUDr. Markéta Vaňková, primátorka: Tak děkuji, já teďka dám slovo panu radnímu Olivovi, který zodpoví na ten dotaz, který padal, jak bylo to znalecké zadání vůči znalci, který zpracovával znalecký posudek pro město Brno.",0,597f2a8effabe498
marketa-vankova,Z9/36,35,"JUDr. Markéta Vaňková, primátorka: Tak poprosím zase pana Krále, jestli by mohl, poprosím zástupce advokátní kanceláře, jestli by mohl reagovat.",0,597f2a8effabe498
marketa-vankova,Z9/36,36,"JUDr. Markéta Vaňková, primátorka: Tak já možná jako kdyby jedinou připomínku, jako vnímám tam jedno z těch hlavních hledisek, je případná nepovolená veřejná podpora. A obávám se, že vlastně, nebo obávám se, je zřejmé, že nikdo jiný, než Evropská komise není schopna nadefinovat, jaká by musela být ta cena, aby to nebyla nedovolená veřejná podpora. Takže já vnímám, k čemu směřuje pan zastupitel Hladík, vnímám to, že v těch podmínkách té koncese mohla být nastavena nějaká minimální cena. Nicméně, abychom s jistotou mohli do těch původních podmínek říci, že ta cena je stanovená jako minimální, není v rozporu s nepovolenou veřejnou podporou, tak bychom se museli obracet na Evropskou komisi. Pokud bychom tak učinili dopředu, tak bychom zase ztratili třeba několik měsíců. Víme, jak dlouho trvá tady to řízení u Evropské komise. Máme zkušenosti s multifunkční halou, jo? On po bitvě je každý generál. Pokud jsme předpokládali nějakým způsobem, že ta cena, která bude nabízena, se plus minus nějak od toho znaleckého posudku bude odvíjet, a pokud já mám informace, já jsem nebyla součástí té výběrové komise na koncesi, ale nikdy tam nepadlo, že by ta nabídka měla být jako výrazně nižší, respektive nikdy tam nebylo hovořeno o tom, že jsou nějaké výhrady k tomu znaleckému posudku. Možná kdyby v průběhu toho koncesního řízení něco takového padlo, možná kdyby Zbrojovka vlastně předložila ten",0,597f2a8effabe498
marketa-vankova,Z9/36,38,"JUDr. Markéta Vaňková, primátorka: Tak poprosím pana tajemníka o reakci ve vztahu k znaleckému posudku.",0,597f2a8effabe498
marketa-vankova,Z9/36,39,"JUDr. Markéta Vaňková, primátorka: Já jsem k tomu směřovala i tak, že po proběhlé debatě uděláme jednání předsedů klubů, protože znovu opakuji, z mého pohledu je to prostě jako odborná právní otázka, to není politické rozhodnutí. Takže k tomu jsem směřovala, takže určitě ano, tam si nadefinujeme a poprosím samozřejmě, aby paní doktorka Doležalová byla s námi, a i pan zástupce z advokátní kanceláře, protože musíme se pořád držet toho, že jsme v režimu koncesního řízení, takže nemáme úplnou smluvní volnost, tak jak bychom si třeba představovali. Takže uvidíme, jestli ty návrhy, které pan zastupitel Hladík bude navrhovat, jestli jsou vůbec reálné, jestli jsou v souladu s tím probíhajícím koncesním řízením. A jenom já ještě jako kdyby doplním, my jsme původně, když jsme si vlastně včera zjistili, že máme tady toto negativní stanovisko, tak my jsme právě proto jsme okamžitě komunikovali a kontaktovali zástupce Zbrojovky, znovu opakuji, jednali jsme telefonicky s panem xxxxxxx. A my jsme měli takovou představu, že pokud pan xxxxx, který samozřejmě prezentuje stanovisko pana xxxxxxx, bude souhlasit s tím procesním postupem revizního znaleckého posudku, což my v tuto chvíli po té rychlé analýze skutečně",2,597f2a8effabe498
marketa-vankova,Z9/36,40,"JUDr. Markéta Vaňková, primátorka: Tak jenom mě tady poprosil pan náměstek Černý, že by na to chtěl rychle zareagovat. Tady na to konkrétně.",0,597f2a8effabe498
marketa-vankova,Z9/36,42,"JUDr. Markéta Vaňková, primátorka: Já považuju váš dotaz za téměř absurdní, nicméně znovu opakuji: my jsme jako v právních otázkách, to znamená, já se necítím dostatečně erudovaná pro to, abych vám na toto odpověděla. A platí to, co jsem řekla na začátku. Zeptám se, jestli právní pomoc, paní doktorka Doležalová, se k tomu chce nějak vyjádřit.",0,597f2a8effabe498
marketa-vankova,Z9/36,43,"JUDr. Markéta Vaňková, primátorka: Tak děkuji. Já si myslím, že pro mnohé zastupitele, kteří nejsou v takovém detailu, to bylo trošku složité. Já se to pokusím velmi zjednodušit a upřesnit, protože všichni vnímáme, že máme nějaké spory s panem xxxxxxxx, to znamená, těch problematických staveb na těch pozemcích se to netýká. Tady to, o čem hovořil pan radní Oliva, jedná se o jiné majetky, které jsou majetkem pana xxxxxxxxx, to znamená, o těch se spor nevede, nicméně jsou v té lokalitě, kde má vzniknout fotbalový stadion, to znamená, Zbrojovka jedná s panem xxxxxxxxx, řeknu to jednoduše, o vyčištění té lokality. V rámci vyčištění té lokality nabyde vlastně, nebo je předpoklad, že nabyde i ty majetky pana xxxxxxxxxy, garáž,",0,597f2a8effabe498
marketa-vankova,Z9/36,45,"JUDr. Markéta Vaňková, primátorka: Tak pan Kment, jestli může popsat svůj procesní postup.",0,597f2a8effabe498
marketa-vankova,Z9/36,45,"JUDr. Markéta Vaňková, primátorka: No, myslím si, že to nebylo úplně správně pochopeno. Vidím, že pan znalec se trošku ošívá v té lavici, tak pojďte k mikrofonu a uveďte to na pravou míru, děkuju.",0,597f2a8effabe498
marketa-vankova,Z9/36,45,"JUDr. Markéta Vaňková, primátorka: Dobře, děkuju. Já si myslím, že v tuto chvíli je to dostačující. Děkuji Vám. Je 13 hodin, v souladu s jednacím řádem bude nyní následovat přestávka do 14.30. Budeme pokračovat bodem 94), to znamená, prosím všechny relevantní osoby, které tady hovořily, aby tady zůstaly, byť vím, že pan znalec má čas jenom omezený, proto jsme to předřazovali, ale v 14.30 pokračujeme a poprosím předsedy politických klubů za 10 minut v kanceláři primátorky, ať si řekneme, jak budeme dále postupovat, ať už tím nezdržujeme potom v těch 14.30. Takže poprosím předsedy politických klubů do kanceláře primátorky 13.10. Děkuju.",0,597f2a8effabe498
marketa-vankova,Z9/36,46,"JUDr. Markéta Vaňková, primátorka: Děkuji moc. Tak a pak k tomuto bodu bylo Vám rozdáno tady tento mapový podklad. A já poprosím v tuto chvíli ještě pana znalce, aby mohl dokončit vlastně svoje vystoupení, které započal těsně před přestávkou a chtěl právě demonstrovat nebo vlastně popsat, z čeho bylo vycházeno, a právě proto Vám dal tady tento podklad k dispozici a nyní k němu může tedy promluvit. Děkuju.",0,597f2a8effabe498
marketa-vankova,Z9/36,48,"JUDr. Markéta Vaňková, primátorka: Já poprosím asi Hanku Doležalovou i k tomu Ministerstvu vnitra a pak případně k té třetí odrážce. Děkuju moc.",0,597f2a8effabe498
marketa-vankova,Z9/36,48,"JUDr. Markéta Vaňková, primátorka: Děkuju. Tak to je k tomu Ministerstvu vnitra. A potom taková ta obecnější odrážka, případně další podklady a stanoviska pro to, aby mohl být návrh na výběr koncesionáře a prodej pozemku pro fotbalový stadion předložen Zastupitelstvu města Brna. Tak Hani, jestli to taky můžeš tu složitou debatu, kterou jsme hodinu a půl vedli, vysvětlit.",2,597f2a8effabe498
marketa-vankova,Z9/36,48,"JUDr. Markéta Vaňková, primátorka: A po dlouhých debatách jsme to tam nechtěli dávat takto konkrétně, protože pevně věříme v ten hladký průběh, že nebudeme muset ani veřejný zájem, ani veřejnou podporu řešit.",0,597f2a8effabe498
marketa-vankova,Z9/36,49,"JUDr. Markéta Vaňková, primátorka: Perfektní. Taky děkuji. Tak v tuto chvíli to vypadá, že se nikdo nehlásí. On mě pan zastupitel Koláčný trošku předběhl tím, že začal mít už konkrétní dotazy k tomu návrhu usnesení. Takže já to teď vemu trošku jako kdyby formálněji. Usnesení máte všichni před sebou. Zeptám se, jestli je zde někdo, kdo chce, abych ho celé předčítala, anebo jestli postačuje to, že ho máte v písemné podobě. Pokud se nikdo nepřihlásí, tak beru, že stačí, že je v písemné podobě. Děkuji. Potom se zeptám, jestli někdo má ještě k tomu nějaké návrhy a dopředu říkám, že v té odrážce tři uděláme jenom formální úpravu, protože jsme tam měli duplicitně nějaká slova. Takže toho jsme si všimli, tady toho formálního nedostatku, ale věcně, jestli k tomu chce ještě mít někdo nějakou debatu. Není tomu tak, tak jenom zaměřím tedy Vaši pozornost na třetí odrážku, kterou tedy přečtu a řeknu Vám, v čem se jenom formálně změní. Takže bude: „případně další podklady a stanoviska pro to, aby mohl být návrh na výběr koncesionáře a prodej pozemku pro fotbalový stadion předložen Zastupitelstvu města Brna a nebyly známy žádné právní či věcné překážky bránící, teď vypadne „hlasování“, bude tam: ""bránící členům Zastupitelstva města Brna…“ a teď vypadne: ""bránící..."" a bude to pokračovat: ""hlasování o předloženém...“, takhle: ""v hlasování o předloženém návrhu usnesení."" Jenom formulačně jsme to přehodili, měli jsme tam dvakrát ""bránící hlasování"". Jo? Takže, jenom tady s touto úpravou, prosím, ryze formální, jestli takhle všichni vnímáme, že tahle úprava bude v tom usnesení provedená. Tak. Takže asi to máme všechno vyjasněno. Takže já se pokusím teďka zahájit hlasování o usnesení, tak jak ho máte: první odrážka bere na vědomí, druhá odrážka ukládá Radě města Brna, čtyři pododrážky a pátá ukládá primátorce města Brna svolat zasedání města Brna a termín je bezodkladně poté, co budou ty podmínky předtím uvedené naplněny. Tak. Je všem všechno jasné? Můžu zahájit hlasování? Takže zahajuji hlasování. Hlasování č.9: 46–0–0–0",2,597f2a8effabe498
marketa-vankova,Z9/36,50,*** 6. ZMB ukládá primátorce města Brna svolat zasedání Zastupitelstva města Brna *** úkol č.: [Z9/36/94/5] zodpovídá: JUDr. Markéta Vaňková – primátorka [3296] termín: [bezodkladně],0,597f2a8effabe498
marketa-vankova,Z9/36,50,"JUDr. Markéta Vaňková, primátorka: Ještě znovu. Já jenom ze slušnosti, protože vnímám, že dnešní zastupitelstvo je poměrně složité, a už se nám hlásí paní zastupitelka Flamiková, protože včera paní zastupitelka",0,597f2a8effabe498
marketa-vankova,Z9/36,51,"JUDr. Markéta Vaňková, primátorka: Děkuju, budeme to vnímat. My to v jednacím řádu máme, že předsedající může vyhlásit přestávku. Vězte, že je to velmi těžké z mé pozice vždycky jako najít ten správný okamžik, kdy by ta přestávka případně měla být učiněna. Ale budu to vnímat, i ty argumenty, že tady nám odcházejí zastupitelé v průběhu, protože prostě potřebují nějakou chvilku na oddech, třeba jako pan radní, teď se nám vrací. Tak dobře. Takže vnímám, že není žádný procesní návrh a můžeme hlasovat o návrhu tak, jak byl předložen. Zahajuji hlasování. Hlasování č. 10: 46–0–0–1",2,597f2a8effabe498
marketa-vankova,Z9/36,52,"9. Návrh dodatku č. 1 ke zřizovací listině Domova pro seniory Vychodilova, příspěvkové organizace JUDr. Markéta Vaňková, primátorka-navrhla společné hlasování o bodech 9) -11)",6,597f2a8effabe498
marketa-vankova,Z9/36,53,"12. Návrh harmonogramu přípravy návrhu rozpočtu statutárního města Brna na rok 2027, návrh rozsahu a struktury návrhu střednědobého výhledu rozpočtu statutárního města Brna na období 2028-2032 JUDr. Markéta Vaňková, primátorka-navrhla společné hlasování o bodech 12) -14)",6,597f2a8effabe498
marketa-vankova,Z9/36,54,"JUDr. Markéta Vaňková, primátorka-navrhla společné hlasování o bodech 15) -16)",4,597f2a8effabe498
marketa-vankova,Z9/36,55,"JUDr. Markéta Vaňková, primátorka: Děkuju, nikdo další do diskuse? Není tomu tak. Zahajuji hlasování. Hlasování č. 19: 36–0–7–4",0,597f2a8effabe498
marketa-vankova,Z9/36,56,"JUDr. Markéta Vaňková, primátorka-navrhla společné hlasování o bodech 21) -22)",4,597f2a8effabe498
marketa-vankova,Z9/36,56,"JUDr. Markéta Vaňková, primátorka-navrhla společné hlasování o bodech 23) -28)",4,597f2a8effabe498
marketa-vankova,Z9/36,58,"JUDr. Markéta Vaňková, primátorka: Nyní máme poměrně velký balík, takže poprosím o pozornost. Je to všechno body, kde je zapojení Fondu rezerv a rozvoje, a jsou to body 29) až 43). A protože vnímám, že je to poměrně velký balík, ano, tak Vás žádám o samostatné projednání.",0,597f2a8effabe498
marketa-vankova,Z9/36,58,"JUDr. Markéta Vaňková, primátorka – navrhla společné hlasování o bodech 29) -31)",4,597f2a8effabe498
marketa-vankova,Z9/36,60,"JUDr. Markéta Vaňková, primátorka-navrhla společné hlasování o bodech 33) -34).",4,597f2a8effabe498
marketa-vankova,Z9/36,61,"JUDr. Markéta Vaňková, primátorka-navrhla společné hlasování o bodech 36) -37). Hlasování č. 28: 46–0–0–1",4,597f2a8effabe498
marketa-vankova,Z9/36,62,"JUDr. Markéta Vaňková, primátorka-navrhla společné hlasování o bodech 39) -42).",4,597f2a8effabe498
marketa-vankova,Z9/36,63,"JUDr. Markéta Vaňková, primátorka-navrhla společné hlasování o bodech 43) -44).",4,597f2a8effabe498
marketa-vankova,Z9/36,64,"JUDr. Markéta Vaňková, primátorka-dala znovu hlasovat o bodu 37).",0,597f2a8effabe498
marketa-vankova,Z9/36,68,"JUDr. Markéta Vaňková, primátorka-navrhla společné hlasování o bodech 54) -55).",4,597f2a8effabe498
marketa-vankova,Z9/36,68,"JUDr. Markéta Vaňková, primátorka-navrhla společné hlasování o bodech 56) -63).",4,597f2a8effabe498
marketa-vankova,Z9/36,68,"JUDr. Markéta Vaňková, primátorka-navrhla společné hlasování o bodech 56) -57).",4,597f2a8effabe498
marketa-vankova,Z9/36,70,"JUDr. Markéta Vaňková, primátorka-navrhla společné hlasování o bodech 59) -60).",4,597f2a8effabe498
marketa-vankova,Z9/36,71,"JUDr. Markéta Vaňková, primátorka: Jo. Předpokládám, že toto bylo v rámci technického bodu, Peťo. Pokud jako je rozpor mezi tím, co máš na papíře, a co je na obrazovce, tak jsem to načítala jako změnu názvu bodu v technickém bodě. A mám to ověřeno. Jo, takže.",0,597f2a8effabe498
marketa-vankova,Z9/36,72,"JUDr. Markéta Vaňková, primátorka: Dala hlasovat o stažení bodu. Děkuji. Podle jednacího řádu se o návrhu na stažení hlasuje bez rozpravy. Zahajuji hlasování. Upozorňuju, že naše hlasovací zařízení není zapojeno tak, že když už někdo jednou odhlasuje, tak může svůj hlas změnit. Není potřeba do toho hlasovacího zařízení více a více mačkat, prostě to nepůjde změnit. Tak myslím si, že byl dán dostatečný prostor. Končím hlasování. Hlasování č. 48: 11–1–14–21",2,597f2a8effabe498
marketa-vankova,Z9/36,72,"JUDr. Markéta Vaňková, primátorka: Ano, písemně mám. Pan zastupitel Vencálek.",0,597f2a8effabe498
marketa-vankova,Z9/36,72,"JUDr. Markéta Vaňková, primátorka: Tak děkuji. Pokud jsem to pochopila správně, nemáte žádný jiný návrh na jiné usnesení, než které tady už máme. Já se jenom poradím, zase právní porada. Můžeme hlasovat napřed o tom původním návrhu, a toto je doplňující, není to protinávrh. Dobře. To znamená, budeme nejprve hlasovat. Pan zastupitel Lahoda.",2,597f2a8effabe498
marketa-vankova,Z9/36,73,"JUDr. Markéta Vaňková, primátorka: Dobře. Pokud to tak vnímáte, můžeme začít hlasovat o Vašem návrhu. Já ho tedy ještě jednou přečtu. „Zastupitelstvo města Brna pověřuje Radu města Brna vyjednáváním změny podmínek smlouvy, jejíž podstatou bude změna charakteru festivalu od roku 28 ze soutěžní přehlídky ohňostrojů na soutěžní přehlídku dronových a jiných světelných show a zrušení všech ohňostrojů v rámci festivalu“. Zahajuji hlasování.",2,597f2a8effabe498
marketa-vankova,Z9/36,76,"JUDr. Markéta Vaňková, primátorka: Tak čekám, jestli se pan kolega přihlásí. Nepřihlásí, nemá samozřejmě žádnou povinnost odpovídat. Tak někdo další do diskuse? Není tomu tak. Zahajuji hlasování k bodu číslo 69). Hlasování č. 57: 34–5–5–3",0,597f2a8effabe498
marketa-vankova,Z9/36,78,"JUDr. Markéta Vaňková, primátorka: Děkuji. Je to jako navýšení o milion. Jako všechny tady takové jako věci projednáváme, ať už na poradě vedení, nebo na radě. Nevím, jaký je důvod toho, že je to tady teď tak na stůl. Možná mně něco uteklo. Tak jenom, jestli bych mohla poprosit o nějaké zdůvodnění, pokud jako pan starosta Maleček samozřejmě, a případně, jestli tady byl zmiňován Radek Řeřicha, nebo co jsem to chytla, s kým to bylo konzultováno. Chápu, že byl asi konzultován postup, ale to rozhodnutí jako o navýšení jako by asi měli dělat politici. Tak pan starosta Maleček.",0,597f2a8effabe498
marketa-vankova,Z9/36,78,"JUDr. Markéta Vaňková, primátorka: Já mám asi v ruce jiné usnesení. Usnesení, které já tady mám, a podle podpisu si myslím, že je to podpis pana zastupitele Hladíka, tak je tady, začíná to načíst v rámci bodu 76), takže tam jsme. Tak je to: ""Zastupitelstvo města Brna schvaluje záměr navýšení finančních prostředků",0,597f2a8effabe498
marketa-vankova,Z9/36,79,"JUDr. Markéta Vaňková, primátorka: Já se přiznám, a možná je to jako mou únavou po jako projednání tady fotbalového stadionu, já tomu prostě nerozumím. Já tady mám v ruce usnesení, které zní: ""schvalujeme záměr navýšení finančních prostředků z částky 9 736 000 Kč na částku 10 800 000 Kč."". Můžeš mi, prosím Tě jednoduše vysvětlit, co toto usnesení teda ve svém důsledku znamená?",0,597f2a8effabe498
marketa-vankova,Z9/36,79,"JUDr. Markéta Vaňková, primátorka: Včera byla mimořádná rada, jako, mohli jsme si ušetřit tady to složité vysvětlování, kdyby zástupci klubu KDU-ČSL tady tento podklad dali na mimořádnou radu. Nepovažuju to za úplně jako vhodné to tady dávat na stůl, pokud jako vlastně ani to zdůvodnění tady jako není, jo, usnesení, tak jak je jednoduše napsáno, tak jako vůbec nemluví o tom, protože k tomu chybí důvodová zpráva, co je tady hovořeno. Pan zastupitel Hladík.",0,597f2a8effabe498
marketa-vankova,Z9/36,80,"JUDr. Markéta Vaňková, primátorka: Jo, já bych poprosila pana gesčního šéfa Řeřichu, aby se nám k tomu vyjádřil. A znovu, mně z toho usnesení vyplývá, že to navýšení nebylo schváleno, že to je o tom, že má dojít k navýšení té částky. Takže já chci jednoduchou jako odpověď, jestli už některý samosprávný orgán města Brna rozhodoval o navýšení částky z 9 700 000 Kč na 10 800 000 Kč. Radku můžeš. Byl jsi zmíněn, že to bylo s Tebou včera konzultováno, tak pokud nám řekneš, že je to takhle v pořádku a že bylo již v nějakém samosprávném orgánu v minulosti rozhodnuto o navýšení částky na 10 800 000, tak….",0,597f2a8effabe498
marketa-vankova,Z9/36,80,"JUDr. Markéta Vaňková, primátorka: Dobře, je-li to tak, já přeruším tento bod. Vy nám prosím dodejte to usnesení, kde bylo rozhodnuto o tom navýšení na částku 10 800 000, a pak se k tomu vrátíme.",0,597f2a8effabe498
marketa-vankova,Z9/36,81,JUDr. Markéta Vaňková navrhla společné hlasování bodů:80) -86),4,597f2a8effabe498
marketa-vankova,Z9/36,81,"Mgr. Bc. Tomáš Anderle, MBA, LL.M.: požádal o samostatné hlasování o bodu 80). . JUDr. Markéta Vaňková, primátorka-zahájila hlasování: Hlasování č. 66: 36–0–4–4",2,597f2a8effabe498
marketa-vankova,Z9/36,82,"JUDr. Markéta Vaňková, primátorka-navrhla společné hlasování o bodech 82) -84) Hlasování č. 68: 41–0–0–3",4,597f2a8effabe498
marketa-vankova,Z9/36,91,"JUDr. Markéta Vaňková, primátorka-navrhla společné hlasování o bodech 95) -103)",4,597f2a8effabe498
marketa-vankova,Z9/36,93,"JUDr. Markéta Vaňková, primátorka: Ano, je to bod, ke kterému byl doplněk. Pan zastupitel Kment.",0,597f2a8effabe498
marketa-vankova,Z9/36,93,"JUDr. Markéta Vaňková, primátorka: Tak, já jenom upřesním, že toto je bod, který předkládal Radě města Brna společnosti Brněnské komunikace. To je asi ten důvod, proč se nehlásí pan radní Oliva jako radní pro majetek. Ale",0,597f2a8effabe498
marketa-vankova,Z9/36,94,"JUDr. Markéta Vaňková, primátorka: Tak jak předtím, tak budeme hlasovat bez rozpravy. Jenom nevím, jestli pan zastupitel Grund to nechce upřesnit. Ne? Ne, jako není potřeba. Není potřeba. Já jenom... Takže... Jako procesně je to jako jasné, návrh jako na stažení je bez rozpravy. Pokud ale ten návrh projde, tak pak nebude mít možnost vystoupit ten pán z veřejnosti, jo. Tak já teď nevím, jestli by Vám nevadilo, a dívám se na Hanku Doležalovou, jestli můžeme případně nechat promluvit veřejnost. Hani, prosím Tě, řekni mně, ať neporušíme jednací řád, ale ať máme jako vlastně všechny informace asi. Protože takhle, mám za to, že prozatím ta diskuse nebyla tak dlouhá, abychom byli o tom návrhu na stažení schopni jako hlasovat. Ještě bych potřebovala jako si k tomu navnímat jako víc. Hani, prosím.",2,597f2a8effabe498
marketa-vankova,Z9/36,94,"JUDr. Markéta Vaňková, primátorka: Jo, dobře. Takže poprosím tedy pána, co se hlásil vzadu, já tam špatně vidím. Dobrý den, máte slovo.",0,597f2a8effabe498
marketa-vankova,Z9/36,95,"JUDr. Markéta Vaňková, primátorka: Děkuji. Určitě kolegovi bude dána možnost, jenom chviličku vydržte. Hlásí se pan zastupitel Kment, nebo nehlásí už zase? Hlásí, tak mu dám slovo.",0,597f2a8effabe498
marketa-vankova,Z9/36,96,"JUDr. Markéta Vaňková, primátorka: Já Vás vidím, že se hlásíte, jenom my, podle jednacího řádu vlastně přednost mají zastupitelé, potom veřejnost. Proto když se žádný zastupitel nehlásil, tak jsem Vám dala slovo, ale teď je debata zastupitelů, tak vydržte, stůjte u mikrofonu a hned se na Vás dostane. Pan zastupitel Koláčný.",0,597f2a8effabe498
marketa-vankova,Z9/36,96,"JUDr. Markéta Vaňková, primátorka: Taky děkuji. Ten návrh na stažení samozřejmě pořád je ve hře, jenom jsme si řekli, že tu diskusi necháme rozvinout. Pan zastupitel Vencálek.",2,597f2a8effabe498
marketa-vankova,Z9/36,98,"JUDr. Robert Kerndl, náměstek primátorky: Já si myslím, že tahle debata už je asi jako zbytečná, nadbytečná a jenom vyzývám kolegy zastupitele, ať zbytečně se tady jako nepouští do nějakých jako osobních rovin a nějakých urážení, protože to nepřísluší jako zastupitelstvu vůbec. Já si myslím, že poté, co tady zaznělo, tak prostě není jiná alternativa než ten materiál dneska stáhnout, prověřit to. Vrátíme se k tomu příště. Já jenom tady panu Meisterovi jako chci říct, že jste udělal z mého pohledu velkou chybu, protože vy jste se naprosto příkladně postavil za statutární město Brno a vy jste nám vytrhl trn z paty, protože mnozí kolegové netuší, že nebýt pana Meistera, tak nebyly vyřešeny protipovodňové opatření, protože pan Meister na sebe vzal to břímě a vlastně jeho společnost prodělala kolem 40 milionů korun, pokud já mám tu informaci správnou, protože jsme se o tom bavili několikrát opakovaně na radě a opakovaně zaznívalo, že jste se zachoval naprosto příkladně. O to víc mě mrzí to, co tady dneska musíme poslouchat, co tady dneska zaznívá. Ale bohužel svět a život přináší za dobrotu na žebrotu, to tak prostě jako je. A z mého pohledu to byla chyba, že jste nepožádal město a akciovou společnost, aby tento pozemek šel do směny. Ale to se prostě nestalo. Já souhlasím s tím, že cokoliv tady už jako je vlastně jako nadbytečné. Ten případ je velmi, velmi komplikovaný. A to, co zaznělo ústy pana předsedy představenstva Davida Grunda, tak jsme to tady měli opakovaně na zastupitelstvu. Ale myslím si, že je na čase zklidnit vášně, nachystat ten materiál na zářijové zastupitelstvo tak, aby obsahoval veškeré ty relevantní informace. A to je všechno . JUDr. Markéta Vaňková, primátorka: Děkuji. Já dám teď, byť mně blikají ještě zastupitelé, já dám prostor panu Meisterovi, jestli chce se k tomu vyjádřit.",2,597f2a8effabe498
marketa-vankova,Z9/36,99,"JUDr. Markéta Vaňková, primátorka: No, tady ani nevím, jestli to posloucháme, či neposloucháme rádi, jenom ten šum, který nastal v sále, je dokladem toho, že s Vámi s tady těmi silnými argumenty asi nesouhlasíme. Ale tak, jak to tady padlo dneska na zastupitelstvu opakovaně, každý má právo na svůj názor, a tak to prostě je. Takže tak to je. Mně je z některých vystoupení smutno. A znovu, a už to tady padlo, jako prosím o zachování nějaké elementární slušnosti, protože mám pocit, že se vytrácí. Tak nevím, jestli pan Kment chtěl ve svých litaniích ještě pokračovat.",0,597f2a8effabe498
marketa-vankova,Z9/36,99,"JUDr. Markéta Vaňková, primátorka: Jo. Já bych možná poprosila, ať už paní vedoucí Kolkovou nebo Tomáše Pivce, jestli by nám mohli udělat, když už máme takový dneska krásný vykládací den, tak jestli by nám mohli udělat krátký exkurz k tomu, k čemu slouží protipovodňová opatření. Já si myslím, že by to jako prospělo. Já si skočím na toaletu mezitím. Děkuji. A pojďte prosím někdo. A počkejte, nebo mluvte tak dlouho, než já se zase vrátím. Děkuji. Pardon, ještě tě zapnu, Tome.",0,597f2a8effabe498
marketa-vankova,Z9/36,100,"JUDr. Markéta Vaňková, primátorka: Děkuji. Tak odcházela jsem, byl u mikrofonu Tomáš Pivec, přicházím, byl tam stále, nevím, jestli paní vedoucí Kolková měla možnost mluvit?",0,597f2a8effabe498
marketa-vankova,Z9/36,100,"JUDr. Markéta Vaňková, primátorka: No, tak nám taky něco řekněte.",0,597f2a8effabe498
marketa-vankova,Z9/36,101,"JUDr. Markéta Vaňková, primátorka: Tak to jsme si řekli na začátku, to samozřejmě víme, Marku, to nám nemusíš jako vysvětlovat. Tím jsem začala, když ten první návrh padl. Já bych v tuto chvíli, protože taky mám pocit, že už se dostáváme někam jinam, dala ještě slovo zástupcům společnosti MS Trnitá, jestli chcete, jo, jestli chcete ještě nám závěrem něco říci. Nicméně tak, jak ta diskuse probíhá, směřuje to ke stažení. Jenom jako abyste měli možnost prostě vyjádřit ten svůj postoj, protože si myslím, že je to slušné. Děkuji.",2,597f2a8effabe498
marketa-vankova,Z9/36,102,"JUDr. Markéta Vaňková, primátorka: Tak děkuji moc. Já předpokládám, že v tuto chvíli už tedy nikdo další nechce hovořit. Myslím si, že jsme si všichni k tomu mohli udělat svůj vlastní názor, tak jak jsem avizovala předtím, než jsem nechala vystoupit tedy kolegu z kanceláře architektonické Pelčák, tak směřujeme k tomu stažení. Nicméně jsem ráda, že ta diskuse proběhla, aby každý prostě věděl, o čem se jedná, že to skutečně není jenom tak jako prostá nabídka jakéhokoliv subjektu, ale že to má v té své lokalitě jisté zdůvodnění, včetně tedy, jsem ráda za to, že tady padlo, jak společnost MS Trnitá v té dané lokalitě postupovala a pomohla městu vyřešit problém s jiným soukromým subjektem.",0,597f2a8effabe498
marketa-vankova,Z9/36,104,"JUDr. Markéta Vaňková, primátorka-navrhla společné hlasování o bodech 104) -107) Hlasování č. 80: 39–0–0–6",4,597f2a8effabe498
marketa-vankova,Z9/36,107,"JUDr. Markéta Vaňková, primátorka-navrhla společné hlasování o bodech 112) -119) Bez bodu 115)",4,597f2a8effabe498
marketa-vankova,Z9/36,110,"JUDr. Markéta Vaňková, primátorka-navrhla společné hlasování o bodech 120) -121)",4,597f2a8effabe498
marketa-vankova,Z9/36,112,"JUDr. Markéta Vaňková, primátorka-navrhla společné hlasování o bodech 123) -132) Hlasování č. 88: 41–0–0–4",4,597f2a8effabe498
marketa-vankova,Z9/36,117,"JUDr. Markéta Vaňková, primátorka-navrhla společné hlasování o bodech 133) -148) Bez bodu 137) Hlasování č. 89: 42–0–0–3",4,597f2a8effabe498
marketa-vankova,Z9/36,124,"JUDr. Markéta Vaňková, primátorka-navrhla společné hlasování o bodech 149) -150) Hlasování č. 90: 41–0–0–5",4,597f2a8effabe498
marketa-vankova,Z9/36,127,"JUDr. Markéta Vaňková, primátorka-navrhla společné hlasování o bodech 153) -155) Hlasování č. 94: 41–0–0–5",4,597f2a8effabe498
marketa-vankova,Z9/36,129,"JUDr. Markéta Vaňková, primátorka-navrhla společné hlasování o bodech 160) -163) Hlasování č. 97: 42–0–0–4",4,597f2a8effabe498
marketa-vankova,Z9/36,131,"JUDr. Markéta Vaňková, primátorka: Tak, směřoval to k Petru Bořeckému a já si myslím, že vnímal cestou, že to směřuje k němu. Pan zastupitel, nebo chceš reagovat rovnou? Jo. Tak pan zastupitel Hladík.",0,597f2a8effabe498
marketa-vankova,Z9/36,132,"JUDr. Markéta Vaňková, primátorka: Tak, já se omlouvám, já teď nevím, Jirko, vůbec, cos říkal.",0,597f2a8effabe498
marketa-vankova,Z9/36,132,"JUDr. Markéta Vaňková, primátorka: OK, technická úprava, zaznamenáno. Takže budeme hlasovat. Usnesení je tak, jak je navrženo, nicméně v tom textu samotném dojde k technické úpravě. Zahajuji hlasování. Hlasování č. 99: 42–0–0–3",0,597f2a8effabe498
marketa-vankova,Z9/36,134,"JUDr. Markéta Vaňková, primátorka-navrhla společné hlasování o bodech 169) -170). Hlasování č. 103: 43–0–0–2",4,597f2a8effabe498
marketa-vankova,Z9/36,136,"JUDr. Markéta Vaňková, primátorka: Tak nyní máme bod číslo 172) s názvem – Kounicovy koleje, využití pietní síně neboli ten bod, který si osvojil pan zastupitel Kment. Tak poprosím pana zastupitele Kmenta, jestli by nám mohl zdůvodnit, co navrhuje.",0,597f2a8effabe498
marketa-vankova,Z9/36,137,"JUDr. Markéta Vaňková, primátorka: Ano, to je nevýhoda těchto návrhů, které si osvojujeme od osob, které přijdou na zastupitelstvo z veřejnosti, protože nemají právě jako tu potřebnou informativní náplň. Nemáme důvodovou zprávu, nevíme. Ale každý zastupitel samozřejmě se může rozhodnout, jak chce. Paní náměstkyně Podivinská.",2,597f2a8effabe498
marketa-vankova,Z9/36,138,"JUDr. Markéta Vaňková, primátorka: Perfektní. Těšíme se. Takže, ale uvidíme, jak dopadne hlasování, samozřejmě. Takže návrh na stažení, zahajuji hlasování o stažení bodu. Hlasování č. 105: 35–1–0–8",2,597f2a8effabe498
marketa-vankova,Z9/36,138,"JUDr. Markéta Vaňková, primátorka: Tak prosím Vás, vracíme se do bodu 76) „Projekty financované z fondu kofinancování projektů“, s tím, že tam máme ten doplněk usnesení. Už se nám tady v tom podařilo zorientovat. Úplně zjednodušeně, když hlásíte se mně k tomu bodu? Pan Kalivoda a pan Prýg|? Jo? Bod 76), dobře, tak máte prostor.",0,597f2a8effabe498
marketa-vankova,Z9/36,138,"JUDr. Markéta Vaňková, primátorka: Já Vám to vysvětlím, trvalo mně to celé zastupitelstvo, než jsem to pochopila. A k tomu budu mít pak nějaké povídání ještě ve vztahu ke kolegům. Prosím Vás, máme tam integrace cizinců, ale máme tam pak financování zvýšení, to je na konci té tabulky, a to je zapojení fondu kofinancování projektů. To znamená, ten návrh na doplnění toho usnesení se vztahuje v rámci té tabulky právě tady k tomu zapojení fondu kofinancování projektů. Celé je to o tom, že jsme již opakovaně projednávali na Radě města Brna projekt modernizace kuchyně Základní škola",2,597f2a8effabe498
marketa-vankova,Z9/36,139,"JUDr. Markéta Vaňková, primátorka: Fajn. Myslím si, že už se všichni chápeme. Jenom zrovna jako v dnešním jednání zastupitelstva, kdy řešíme spoustu jiných složitých věcí, tak se zabývat ještě takovou jako vlastně marginálií, kterou ale jako nemůžeme pochopit z toho nachystaného usnesení, tak je to takové složitější. Ale OK, můžeme, pokud k tomu nikdo nic nemá, můžeme hlasovat o bodu číslo 76) s usnesením tak, jak bylo navrženo, s tím dodatkem, který byl teda předložený, já už to teď číst nebudu, ale je to prostě Milénova. Tak zahajuji hlasování. Hlasování č. 106: 39–0–0–6",0,597f2a8effabe498
marketa-vankova,Z9/36,140,"JUDr. Markéta Vaňková, primátorka: Děkuji, paní zastupitelka, na podchod bude odpovězeno písemně. Paní zastupitelka Flamiková.",0,597f2a8effabe498
marketa-vankova,Z9/36,141,"JUDr. Markéta Vaňková, primátorka: Tak děkuji, pan náměstek Chvátal, možná k těm vedrům bude něco vědět.",0,597f2a8effabe498
marketa-vankova,Z9/36,141,"JUDr. Markéta Vaňková, primátorka: Tak děkuji, v tuto chvíli není nikdo přihlášený. Ještě mně věnujte, prosím vás, chvilku pozornost. Zítra ve tři hodiny v tomto zastupitelském sále bude konference na téma „bezpečnost na hlavním nádraží“. Jste všichni srdečně zváni, reaguje to na nějaké aktivity, které se udály v posledních týdnech. Myslím si, že to bude docela zajímavé. Takže se s vámi ráda uvidím. S tím, s kým se neuvidím, tomu také přeji krásné a klidné, a ne úplně horké léto. Konec.",0,597f2a8effabe498
marketa-vankova,Z9/36,141,"JUDr. Markéta Vaňková, primátorka, ukončila zasedání Zastupitelstva města Brna (v.17:50 hod.).",0,597f2a8effabe498
marketa-vankova,Z9/36,142,JUDr. Markéta Vaňková v. r. Mgr. René Černý v. r. primátorka 1. náměstek primátorky,0,597f2a8effabe498
