osoba_id,zasedani,pdf_strana,pasaz,priorita_rejstriku,zdroj_id
matej-hollan,Z9/01,2,"ČSSD VAŠI STAROSTOVÉ – předseda JUDr. Jiří Oliva Mgr. Břetislav Štefan Mgr. Bc. Marek Viskot Zelení a Žít Brno – předseda Ing. Jana Drápalová Mgr. Jasna Flamiková Bc. Matěj Hollan Poté JUDr. Markéta Vaňková, primátorka, upozornila, že jednání se řídí platným Jednacím řádem Zastupitelstva města Brna. Jmenování zapisovatelek a pověření právní asistencí Zapisovatelkami jednání byly jmenovány Jana Sovová a Marie Doubravová, zaměstnankyně Organizačního odboru MMB, a právní asistencí byly pověřeny JUDr. Hana Doležalová a Mgr. Nikol Wagnerová, zaměstnankyně Právního oddělení Organizačního odboru MMB. Složení slibu členů Zastupitelstva města Brna Primátorka JUDr. Markéta Vaňková konstatovala, že všem přítomným členům Zastupitelstva města Brna, zvoleným ve volbách do zastupitelstev obcí konaných ve dnech 23. a 24. 9. 2022, bylo předáno „Osvědčení o zvolení členem Zastupitelstva města Brna“ podle § 53 zákona č. 491/2001 Sb., o volbách do zastupitelstev obcí a o změně některých zákonů, v platném znění. V období od zvolení rezignovala na svůj mandát dne 19. 10. 2022 Bc. Petra Quittová. Prvním náhradníkem na kandidátní listině Lid. a Star. (KDU-ČSL+St. a nez.) byl Mgr. Jaroslav Suchý, který se v souladu s § 56 odst. 1 zákona o volbách do zastupitelstev obcí stal dne 20. 10. 2022 členem Zastupitelstva města Brna. Před složením slibu primátorka JUDr. Markéta Vaňková upozornila přítomné členy Zastupitelstva města Brna, že odmítnutí složit slib nebo složení slibu s výhradou má za následek okamžitý zánik mandátu dle § 55 zákona č. 491/2001 Sb., o volbách do zastupitelstev obcí a o změně některých zákonů, v platném znění. Ing. Oliver Pospíšil, tajemník Magistrátu města Brna, přednesl slib stanovený v § 69 odst. 2 zákona o obcích: „Slibuji věrnost České republice. Slibuji na svou čest a svědomí, že svoji funkci budu vykonávat svědomitě, v zájmu města a jeho občanů, a řídit se Ústavou a zákony České republiky.“ Poté jmenovitě vyzval všechny přítomné členy Zastupitelstva města Brna, aby složili slib pronesením slova „slibuji“ a stvrdili jej podpisem na připravených listinách. Následně všech 54 členů Zastupitelstva města Brna složilo bez výhrad slib stanovený zákonem o obcích. Určení ověřovatelů zápisu a schválení programu ustavujícího zasedání Zastupitelstva města Brna Za ověřovatele zápisu byli navrženi JUDr. Robert Kerndl, Vít Prýgl a Mgr. Jaroslav Suchý. K hlasování o návrhu na ověřovatele zápisu bylo přistoupeno bez rozpravy. Hlasování je dále uváděno v pořadí: pro - proti - zdržel se - nehlasoval. Hlasování č. 1: 53 - 0 - 0 - 1",6,36036d38da50510d
matej-hollan,Z9/01,11,"Pokračování po přestávce JUDr. Markéta Vaňková, primátorka – přistoupila k dokončení voleb dlouhodobě uvolněné/uvolněného členky/člena Zastupitelstva města Brna, a to předsedkyně/předsedy Kontrolního výboru Zastupitelstva města Brna. Volba dlouhodobě uvolněné/uvolněného předsedkyně/předsedy Kontrolního výboru Zastupitelstva města Brna Předseda volební komise vyzval členy Zastupitelstva města Brna k podávání návrhů na funkci dlouhodobě uvolněné/uvolněného předsedkyně/předsedy Kontrolního výboru Zastupitelstva města Brna. Člen zastupitelstva Mgr. Bc. Tomáš Anderle, MBA, LL.M., navrhl zvolit do funkce dlouhodobě uvolněného předsedy Kontrolního výboru Zastupitelstva města Brna doc. MUDr. Tomáše Skřičku, CSc. Členka zastupitelstva Ing. Jana Drápalová navrhla zvolit do funkce dlouhodobě uvolněného předsedy Kontrolního výboru Zastupitelstva města Brna Bc. Matěje Hollana. Navržení kandidáti, doc. MUDr. Tomáš Skřička, CSc., i Bc. Matěj Hollan, vyslovili souhlas s kandidaturou a přednesli kandidátské projevy. Dotazy vzneseny nebyly. Hlasování o volbě dlouhodobě uvolněného předsedy Kontrolního výboru Zastupitelstva města Brna, v abecedním pořadí. Výsledek hlasování: - hlasování se zúčastnilo ………… 51 členů Zastupitelstva města Brna - pro Bc. Matěje Hollana …………. 4 hlasy Hlasování č. 22: 4 - 12 - 30 - 5",6,36036d38da50510d
matej-hollan,Z9/01,13,"Členy Kontrolního výboru Zastupitelstva města Brna byli zvoleni Mgr. et Mgr. Jana Nováková, Mgr. Adam Zemek, Vít Prýgl, Bc. Matěj Hollan, Bc. Jakub Hruška, Mgr. Michal Chládek a Jiří 13",0,36036d38da50510d
matej-hollan,Z9/04,18,"Bc. Matěj Hollan: Já se chci zeptat, jakým způsobem se došlo k tomu, že toto nezávislé divadlo má více než desetinásobek, desetinásobnou dotaci oproti jiným nezávislým divadlům? Jaký jiný důvod, než že se podílel na kampani ODS Bolek Polívka, k tomuto rozhodnutí vedlo? Poprosím o nějaké zdůvodnění z oblasti kulturní politiky, proč jsou ostatní nezávislá divadla tak špatná, že toto musí mít desetinásobek. Ten nepoměr je úplně zarážející. Samotná dramaturgie, výroba vlastních inscenací a tak v Divadle Bolka Polívky je samozřejmě kvalitní, tak jak je uvedeno v té žádosti, tak bude posilována vlastní tvorba, letos to mají být asi 4 vlastní inscenace, v příštím roce 3. Ale do toho je tam spousta stagiony, do toho je tam spousta pronájmů, jak je i uvedeno v žádosti. A když už tam ten pronájem je, tak není potřeba ho dále dotovat. Prostě ta suma, 10.000.000 ročně, rozdělená na 2 subjekty, 6 a 4.000.000, je obří a žádné jiné nezřizované divadlo, ať jsou to „burani“, nebo další, ani zlomkem nedosahuje této výše. V ostatních oblastech kultury takto velké nepoměry nepanují. Tady je to do očí bijící.",0,a43c0850f687c0a3
matej-hollan,Z9/04,39,"Bc. Matěj Hollan: Já se dostanu k hokejové, tedy multifunkční hale. A můj dotaz je na to, jakým způsobem se došlo k tomu, že se, i oficiálně, uvádí, že 60 % příjmů bude z kultury? Tuto informaci měla zjistit ve své studii společnost NEWTON Business Development. Já tu studii neznám, nenašel jsem ji jako zveřejněnou. Znám teďka aktualizovaný, aktivizovaný finanční plán, nebo jak se to jmenuje, analýza finanční mezery, která je aktuální, kde už nejsou ty podrobné kalkulace. Jak se k tomu došlo? Pouze se tam konstatuje, že jsou tady nějaké počty, předpokládané počty akcí a návštěvníků velkých, 10 velkých, 5 velkých koncertů nad 10 000, 7 středních nad 7 000, 10 menších nad 4 000, potom Family Show 3 000 osob, 8 akcí, celkový počet návštěvníků 163 000. Rád bych znal, jak se k této kalkulaci došlo, kdo ji vytvořil, na základě jakých podkladů, kdo ty podklady dodal, proč, jak se uvádí na konci té analýzy, tak ta vychází pouze z informací dodaných statutárních městem Brnem, tak bych rád znal ty podkladová data. Nenašel jsem v tom aktuálním materiálu na, v rámci těch koláčových grafů, očekávané provozní výnosy projektu, číslo, které by odpovídalo těch 60 % příjmů z kultury a 40 ze sportu, tak jak je i na Facebooku pana Kratochvíla uváděno, ale i v dalších oficiálních prohlášeních města. když se dívám na ten koláčový graf, očekávaná struktura výnosu dle náplně haly, tak je tam sport 18 %, kultura 20 % a klubová sedadla a Skyboxy 54 %. Přesně nevím, co tadytahle položka znamená. Chápu, že je to asi tam zapoložkováno nějakým jiným způsobem a že v tech klubových sedadlech a Skyboxech se můžou ukrývat různé věci. Zkrátka bych chtěl vidět, protože předpokládám, že to je i materiál, který projednává Evropská komise v rámci notifikace, jak se k těmto číslům došlo? 40 % ze sportu, 60 % z kultury. Ať jsem se bavil s kýmkoliv z kultury, tak si vůbec neumí představit, že bude tam takové kulturní využití, které by generovalo takovéto příjmy pro tu multifunkční halu. Ať to člověk počítá jakýmkoliv způsobem a dívá se na to, jak v České republice jsou často velké koncerty velkých kapel, středních kapel, tak to prostě jednoduše nevychází tak, aby ta příjmová stránka mohla být taková, jaká je. Ta samotná analýza, kterou mám k dispozici, tak uvádí, že ta současná situace není finančně dobrá, že se nacházíme v problematické době. Ale když se zároveň takto kategoricky prostě tvrdí, že tady bude 60 % příjmu z kultury, tak bych rád detailní vysvětlení toho, jak se k tomuto číslu došlo.",0,a43c0850f687c0a3
matej-hollan,Z9/04,40,"Bc. Matěj Hollan: Já se samozřejmě rád i s dalšími zástupci kultury nad těmi dodanými podklady potkám. To je Vaše představa, že tam donesete, že tam bude 60 % příjmů z kultury, ta není moje. Nikdo z kultury, kterého jsem se ptal, netuší, jak se k tomuto číslu došlo, odkud, jak město Brno, nebo firma ARÉNA BRNO chce získat takový zájem promotérů, aby tam proběhlo tolik kulturních událostí. Z té studie jsem, nebo z toho materiálu jsem nijak nezjistil, jak to bude, jaký to bude mít dopad na ostatní objekty, ve kteréch se dneska často kultury, kultura dělá, které taky mají nějakou ekonomiku, nebo i v těch budoucích, postavených. Toto se zatím zjistit nedá. Když pro příklad uvedu, jak vlastně ta, jak ta, jak ten poskytnutý materiál manipuluje. A obávám se, že tatéž manipulace může být i u tvorby odhadů příjmů z těch jednotlivých sektorů sportovního nebo kulturního. Tak když tam zkouší vyčarovat nějaké srovnání, na straně 9 toho materiálu, o tom, jaký je počet obyvatel a jak máme velkou halu, tak u ARENY BRNO se uvádí, že mám 381 000 a má tam být kapacita 13 300. Pro srovnání jsou tam uváděny některé další haly. Je to například v Gliwice, v Polsku, 180 000 a kapacita 17 000. Tam se tak ale trošku zapomíná, že v dojezdové vzdálenosti 20 minut od Gliwic jsou Katowice, které mají 300 000. Tím se nám to číslo trošičku posouvá. Celkově ta katowická oblast je vůbec největší konurbánní oblast v Polsku, kde dohromady, na jednom místě, bydlí 2 000 000 lidí, ve velmi nízké koncentraci. Najednou to vypadá, srovnání, trošku jinak. U Malmö, je tam taky vybráno účelově jenom jedno město, i když vedlejší Lund, který je asi 15 minut, má dalších 100 000. Otázka, jak se do toho dá počítat hned Kodaň, která je jenom přes ten most, která je taky trošku větší než 341 000. Pokud se podíváme na Mannheim, 308 000 počet obyvatel, kapacita 14 000, tak to je naprostá lež. Protože hned na druhé straně Rýna, kde leží Ludwighafen, tak to je stejně velké město, je to jedno velké souměstí a na té stejné straně Rýna, jako je Mannheim, máme i Heidelberg. Takže dohromady tam nemáme 308 000, ale jenom ty města jsou 800, třeba 800 000. Najednou ten obrázek vypadá jinak. Najednou z toho to Brno trčí úplně jiným způsobem, než když se tímto nefér způsobem manipuluje prostě s těmi daty a říká se, že důležité je jenom počet obyvatel a k tomu ta kapacita. To není pravda, důležitá je vždycky spádovost a důležité nemanipulovat. U toho Mannheimu je to zvlášť křiklavá manipulace.",0,a43c0850f687c0a3
matej-hollan,Z9/02,18,"Bc. Matěj Hollan: Já s materiálem samozřejmě souhlasím, ale chci se zeptat, proč takto bagatelní změnu musí projednávat komise, rada, zastupitelstvo nakonec, kdy jde o v podstatě slovíčkaření a mělo by to být pod rozlišovací schopnost zastupitelstva takto bagatelní změnu ze stolových vitrín na vitríny vůbec tady projednávat. Má to být, podle mě, zcela automatická změna projednaná interně nebo vůbec, protože nemáme nesvéprávné instituce kulturní, ale prostě myslím si, že tak jak to bylo původně schváleno, tak se to do toho zcela vejde a není potřeba tady slovíčkařit o tom, jestli je to stolové nebo není, a zaměstnávat tím armády úředníků a nás všechny.",0,9d9381375d84a343
matej-hollan,Z9/02,19,"Bc. Matěj Hollan: Já bych se tentokrát chtěl zeptat k Domu umění, k navýšení investiční dotace, neinvestiční dotace na výstavní činnost ve výši 1.000.000 Kč. Já jsem nebyl schopnej z toho materiálu pochopit, tak poprosím o vyjasnění, jestli toto navýšení je na tento rok, ještě na ten, na ty necelé, zbývající 2 měsíce, nebo jestli je to už jenom o příštím roku? Protože dále se tam hovoří, v tom materiálu, že od roku 2023 by to bylo navýšeno trvale, s čímž určitě souhlasím, protože tak jak je to tam popsáno, ty náklady na výstavy jsou vyšší, aby je bylo možné dělat dobře, nejen v souvislosti s inflací, ale obecně. Ale neporozuměl jsem prostě, jestli tohle je ještě na tento rok? A jak se to, v tom případě, vyčerpá, ten 1.000.000? Anebo jestli je to už převod do dalšího, nebo jestli je to ještě před schvalováním rozpočtu vlastně převedení peněz teďka, které jsou někde zbylé, za které se budou realizovat výstavy v příštím roce, a potom je předpoklad, že bude trvalé navýšení od rozpočtu 24? Děkuju za vyjasnění.",0,9d9381375d84a343
matej-hollan,Z9/02,26,"Bc. Matěj Hollan: Já bych se rád na to ještě doptal, protože ty planety byly v létě, o tom, že nebudou žádná opatření, se vědělo od března, nejpozději, respektive možná i dřív, protože nová vláda, která nastoupila loni, od prvopočátku celkem jasně deklarovala, jak chce ke covidu a těm opatřením přistupovat. Není pravda, že by se v průběhu 1. pololetí nevědělo o tom, jaká budou opatření. Ano, nevěděl se, dopředu těžko tušit, jak bude velká návštěvnost. Ale na to, projednat tyto změny dopředu, ne to z města vytahovat ex post, bylo času mnoho měsíců. Je pravda, že v tom roce 2011, někdy, když se to vymýšlelo, tak to nemuselo být jasné, ale velmi dlouho jasné, dopředu, to bylo. O to víc to bylo jasné u Festivalu vědy, který byl až teď, v září, hodně dlouho po jakýchkoliv posledních proticovidových opatření. Ještě bych rád poprosil o detailnější informace, v čem se tento materiál liší od materiálu, který neschválilo poslední zastupitelstvo, v minulém funkčním období, o 1 hlas. Protože ten pokus, zpětně si tadytu součást senátní kampaně zafinancovat, už v září proběhl a tentokrát, a tehdy neprošel. Tak v čem se to nyní liší? Všiml jsem si, že do toho byl účelově zapojen ten Festival vědy, aby to nevypadalo jako úplně stejný materiál, liší se to ještě v něčem?",0,9d9381375d84a343
matej-hollan,Z9/02,27,"Bc. Matěj Hollan: Já nevím, jestli si v tom celém materiálu rozumíme. Nikdo asi nerozporuje, že ten festival byl úspěšný, že je dobře, že se takové akce dějí, že to bylo masivně navštíveno, ale upozorňujeme na problémy samotné, toho materiálu, kdy, ať to řeknu ještě jednou jasně, VISUALOVE odvedli fantastickou práci, stejně jako teďka u festivalu Prototyp, kdy díky jejich práci tam proběhla akce, na kterou budou tisíce lidí vzpomínat dlouho, a o těch vodojemech se mluvilo všude. Stejně jako ty planety, byly opravdu výrazné a byly vidět, a na tom Kraváku to bylo strašně hezké. Ale pokud se tady vymlouváme na covid, a v tom materiálu dochází k několikanásobnému navýšení na položkách – umělecký výkon, autorské dílo, tak to prostě na covid svést nelze. A není možné tímto způsobem k tomu přistupovat, říct, že se umělci zdražili kvůli covidu. To není pravda, prostě tadyto zdůvodnění v tom materiálu, není pravda, že by ten nárůst byl kvůli covidu. A pokud se má nějakým jednotným způsobem k příspěvkovým organizacím přistupovat, tak je potřeba i od těch příspěvkových organizací nějaká jako elementární slušnost i vůči zřizovateli, že tyto změny se avizují dopředu. A pokud bylo dávno dopředu zřejmé, že to bude daleko dražší, než byla poskytnutá ta dotace, tak se to mělo normálně dopředu projednat. A nepokládám prakticky za jako možné, že by to neprošlo, protože ta akce se dala očekávat, že bude velmi úspěšná. Byla úspěšná ještě víc asi, než se očekávalo, ale že ty položky budou navyšovány, se prostě vědělo dávno předem, a s covidem to vůbec nesouvisí.",0,9d9381375d84a343
matej-hollan,Z9/02,53,"Bc. Matěj Hollan: Chápu to tady dobře, že je to zase spíš takové slovíčkaření, protože ta MHD byla omezená už minulý rok, takže místo toho, aby se po covidu, kvůli kterýmu to bylo omezované, nedostatku řidičů, možná že potom i v důsledku energetické krizi, tak místo toho, abychom reagovali nějakými opatřeními, ať už na straně navýšení dotace Dopravního podniku z města Brna, nebo úvahám o navýšení jízdného, tak jdeme tím, že tu dopravu, osekanou, takto osekanou ponecháváme. Tedy k tomu zhoršení došlo už v předchozím roce, ale my s tím budeme dál teďka pokračovat. Rozumím tomu dobře?",0,9d9381375d84a343
matej-hollan,Z9/02,55,"Bc. Matěj Hollan: Já tady mám článek právě z loňského roku, 11. prosince 2012 Brno schválilo změny v dopravě, ubude spojů a prodlouží se intervaly, kde je podrobně popsáno, k jakému významnému zhoršení u té kvality MHD došlo. Jsou to konkrétně třeba spoje do Slatiny a Šlapanic, byla o tom minulý rok velká diskuse. Bylo to tehdy děláno z nějakých důvodů, které byly ekonomické, a jasně se i tehdy popisovalo, že je to signifikantní zhoršení té dopravy vyvolané nějakými důvody. I s ohledem na současnou dobu, na tu energetickou krizi, na tom, že lidé mají menší příjmy, a tak je preference městské hromadné dopravy zásadní, my jsme navrhovali a budeme navrhovat různé další opatření typu skutečně výrazná preference MHD v rámci dopravního provozu. Jsme tam, nějak daleko, jsou tam ještě velké rezervy na tom, aby ta jízdní doba, aby ten čas strávený v MHD byl co nejkratší, když je to možné, ale tím se všechno nevyřeší. A když se to loni zhoršilo, tak teď se prostě automaticky ten stav bere už jako nový standard. A budeme říkat, že do prosince roku 2021 zde jezdila doprava často, třeba do těch odlehlejších městských částí, od té doby míň, a že je to už teďka normální. Pan Kratochvíl říkal, že město se rozvíjí. Ano. A reakce na to je, že bude těch spojů míň? Že budou jezdit v delších intervalech? Na to, že se město rozvíjí, ten trend by měl být opačný. Mělo by se to buď zahušťovat, nebo alespoň udržet. A nás mrzí, že ta diskuse, na úrovni vedení města a Dopravního podniku, tímto směrem neproběhla, protože ty delší intervaly, byť mimo špičku, tak jsou výrazné zhoršení komfortu cestování městskou hromadnou dopravou. Vím, že skončil ten letní provoz, a různá ironická prohlášení pana generálního ředitele, že v Brně není kam spěchat a že je hezky a že člověk může opřít a koukat na nebe, než mu ten další spoj přijede, tadyto už přestalo, už jsme v tom normálním provozu, ale přesto jsme od toho loňského prosince v daleko horším novém standardu, než to bylo dříve. A myslím, že by bylo dobré si to skutečně",0,9d9381375d84a343
matej-hollan,Z9/02,56,"Bc. Matěj Hollan: Já bych rád zareagoval na pana radního Kratochvíla. Lidi na mě, v úseku dopravy samozřejmě, vzpomínají různě. Nicméně, když jsme čistě u té městské hromadné dopravy, tak za mého působení došlo k významnému rozšíření četnosti spojů i zavádění nových spojů, například E56,",0,9d9381375d84a343
matej-hollan,Z9/02,58,"Bc. Matěj Hollan: Já budu mít 2 dotazy. Jeden ještě k dopravě a na pana Seitla, který to bude umět zodpovědět nejvíc. Jaký je důvod, nebo jaký byl důvod zjištění, zřízení linky Dopravního podniku z Brna do Bystřice nad Pernštejnem a pak dále do Lísku, což už je na Vysočině, až do Bystřice se to dubluje s železniční tratí, která do Tišnova je rychlá, pak je trošku pomalejší do Bystřice, ale jde",0,9d9381375d84a343
matej-hollan,Z9/02,59,"Bc. Matěj Hollan: A druhý, podrobnější dotaz mám k osvětlení toho, jak je na tom rekonstrukce asfaltových cest na Ústředním hřbitově města Brna, kdy je to dlouho připravovaný, asi docela potřebný projekt, protože tam chodíme všichni, na ten hřbitov, a ty cesty tam nejsou úplně v nejlepší kondici. Jestli jsem to dobře pochopil, tak na přípravu projektu byla poskytnuta dotace, ten projekt byl připraven a místo toho, aby se vyhlásila zakázka, našel se zhotovitel, podepsala se s ním smlouva a následně mohlo být žádáno do výzvy OPŽP, kde byla velká šance na zisk až stamilionových kofinancí na tento velký projekt, tak, jestli jsem to dobře pochopil, tak rada to celé stornovala, ten projekt, což znamená, že jednak se bude vracet ta dotace na pořízení projektové dokumentace na tu přípravu, a jednak jsme se připravili o velmi pravděpodobnou možnost na velmi výrazné kofinancování tohoto projektu. Ještě než potom se budu ptát dál, tak poprosím o okomentování té stávající výchozí situace, jestli tomu dobře rozumím, že pro tuto chvíli rada ten celý velký projekt úplně stornovala.",0,9d9381375d84a343
matej-hollan,Z9/02,59,"Bc. Matěj Hollan: Ano, budu tedy rovnou k tadyktomuto pokračovat. Pokud je to tedy tak, jak se domnívám, že ten projekt byl nyní ukončen, tak bych rád, aby si to převzal kontrolní výbor a podíval se na to, jak je možné, že se dostane dotace na to, aby se připravil projekt, který vlastně se předem už jako souhlasí s tím, že je potřeba takováto věc dělat, a potom, v té fázi, když by se opravdu mělo jít do samotné realizace s pravděpodobnou významnou, s významnými kofinancemi z OPŽP, tak se s tím celým přestane. Přijde mně to jako nehospodárné vynakládání veřejných peněz. A myslím si, že je to jako dobré téma hned pro ty úvodní kontrolní výbory a vůbec o přezkum tadytohoto postupu, jestli je to v souladu s péčí řádného hospodáře a jak město Brno hlavně chce tady zajistit, když na to nebude mít externí financování, že ty cesty na ústředním hřbitově se v nějaké dohledné době upraví pro potřeby dalších desítek let.",0,9d9381375d84a343
matej-hollan,Z9/03,10,"Bc. Matěj Hollan: Já bych se v souvislosti s tímto bodem chtěl zeptat na to, když vstupuje ta firma do koncernu, jaký je aktuální harmonogram výstavby nové radnice a magistrátu, proč je to, předpokládám, že bude součástí potom i vlastnické politiky a toho, co vyplývá ze vstupu do koncernu. Tak jaký je aktuální harmonogram a v jaké fázi ten projekt nyní je?",0,31d42a3a0b7a27be
matej-hollan,Z9/03,10,"Bc. Matěj Hollan: Já na to ještě navážu. Jestli v situaci, kdy se neví, co bude s novou radnicí, jestli se vůbec bude stavět a kde, a je to, kromě dražeb, je to jediná věc, kterou ta firma vykonává, tak jestli je potřeba, aby do koncernu vstupovala, když to její hlavní jádro činnosti je v tuto chvíli nejasné? Jestli vůbec bude, a já tomu rozumím, že ta situace s výstavbou té nové radnice je komplikovaná, ale čekal bych, že tam ta firma vstupuje, když je zcela jasné, k čemu nám bude.",0,31d42a3a0b7a27be
matej-hollan,Z9/03,14,"Bc. Matěj Hollan: Já bych se v souvislosti s tímto materiálem chtěl zeptat na další postup v oblasti té lokality, Kraví hory a společného areálu VUT a města Brna. Ten malinký pozemek, který se nyní má dát do zřizovačky Hvězdárny je součástí toho většího celku, kde má město, v rámci toho areálu, i své likusáky. A chci si ověřit, že platí to, že v minulosti byl záměr, že tam, že se ty likusáky, kde působí nyní desítky hudebních kapel, které nelze jednoduše někam přemístit, tak že sešlo z plánů na to, aby se místo toho realizovala cesta v korunách stromů či rozšíření městského parku. Ten materiál, jak je tam i popsáno, vychází z toho, že loni, myslím, že v září 21, byl ten areál svěřen Hvězdárně právě proto, aby se zbavila nájemců. Proto tam také začala rozdávat výpovědi, tak aby se ty likusáky daly zbořit. Ale v tomto létě se ukázalo, že ta komunita, která zde sídlí, a nejsou to jenom hudebníci, jsou to výtvarné ateliéry, jsou to další kreativní provozy, tak že je i evropský, unikátní, že výborně funguje tím, že ti lidé tam mají přístup 24 hodin denně. Je to výborné pro kapely, že to můžou kdykoliv využívat, ten provoz tam nikoho neruší. A tak jak bylo v srpnu, nebo v září, dojednáno i na těch společných jednání se zástupci kreativních průmyslů, tak z toho plánu sešlo. Nerozumím tomu, proč je tedy pokračováno vlastně v tom, že ten prostor má pod sebou Hvězdárna, když ten uvažovaný záměr se nepředpokládá, že bude realizován? Tak proč se v tom pokračuje? Jestli není na místě to přehodnotit, a tím, že se tam ten záměr nebude realizovat, tak aby to zpátky si vzalo město Brno a dále tam s těmi nájemci řešilo nájemní vztahy, údržbu těch nemovitostí a dalších komunikaci. Připadá mi, že předávat tam ten převodník, Hvězdárnu, z těch důvodů, co jsem uváděl, nedává smysl. A nedává smysl to ani dotahovat, protože tam nejde o nějaké scelení. Město Brno ten pozemek od VUT převodem získalo, takže ve vlastnictví už je a, z mého pohledu, nedává smysl ho dávat do zřizovačky Hvězdárny.",0,31d42a3a0b7a27be
matej-hollan,Z9/03,15,"Bc. Matěj Hollan: Já budu mít k tem, k tomu materiálu několik postupných dotazů. Začnu tabulkou na straně …",0,31d42a3a0b7a27be
matej-hollan,Z9/03,15,"Bc. Matěj Hollan: Na straně 13 toho materiálu, jinak, ano, je to číslovaný ještě jinak, na straně 13 toho materiálu, v té tabulce, kde jsou barevně vyznačeny provaz, nebo naopak neprovazby s tím předkládaným materiálem, tak jsem nepochopil, i v kontextu dalšího čtení toho materiálu, proč je zaznamenáno, že není provazba mezi strategií bydlení a mezi programy na podporu prevence a rané pomoci, a i mezi zaměstnaností a zaměstnatelností, když z kontextu té řešené materie, sociální, je zřejmé, že se naplňování těch jednotlivých priorit a aktivit bez bydlení neobejde. V té prevenci rovnou potom jsou i body, které se týkají prevence ztráty bydlení, a řeší se to tam, v oblasti zaměstnanosti a zaměstnatelnosti je to také samozřejmé, že ve chvíli, když člověk nemá uspokojenou tu základní potřebu bydlení, tak to nefunguje, ale tam ta pro vazba není. A chci se zeptat, jestli je to proto, že strategie bydlení neřeší sociální aspekty, což zároveň víme, že tak asi není, že se tam řeší, tak proč je to takto pojmuto a nejsou tam ty provazby vyznačeny?",0,31d42a3a0b7a27be
matej-hollan,Z9/03,15,"Bc. Matěj Hollan: Děkuju za tu odpověď. V tom případě si myslím, že je na zvážení tu tabulku ještě přehodnotit a podívat se, jestli to tam není, to nepožaduju, aby to bylo zapracováno tam teď, ale tím, že se bude s tím akčním plánem dlouhou dobu zacházet, tak myslím, že tam ty provazby mají být vyznačené lépe. Přejdu dalšímu dotazu, a to je na, je to strana 20, Strategický cíl A.1, Opatření A.1.2.1, Síťování organizací zaměřených na problematiku závislosti na návykových látkách v oblasti pobytových služeb a podpory bydlení. V tom popisu opatření je uvedeno, že je to určeno pro osoby, které se rozhodly abstinovat. Jak ale víme, tak ta abstinence je jenom jednou z možností léčby, je to věc, dá se říct, okrajová. Daleko více lidí, zejména z té cílové skupiny, o které se budeme bavit, spíš bude dále využívat abstinenční léčbu a bude tam, ambulantní léčbu, omlouvám se, a bude tam docházet k tomu, že budou schopni fungovat udržitelně, ale ne úplně, že budou abstinovat. Tak se chci zeptat, proč je to zaměřeno vlastně pouze na tu abstinenční politiku, když potom, dál, v dalších strategických cílech je ta drogová problematika, z pohledu Harm Reduction a tak, zpracovaná podrobně, jsou tam na ni alokovaný i velké peníze,",0,31d42a3a0b7a27be
matej-hollan,Z9/03,16,"Bc. Matěj Hollan: Přesunu se k opatření A.1.7, protože tomu nerozumím, nerozumím termínu, metodologie síťování, v čemž si mají organizace a pracovníci zvyšovat kompetence. Poprosím o vysvětlení, co to je metodologie síťování a v čem je potřeba ty kompetence posilovat? Obecně bych měl za to, že síťovací aktivity nejsou tak složité, aby k tomu byla metodologie, a že to, jak magistrát, tak neziskové organizace, docela zvládají. Tak na co je, co vlastně bude tím skutečným výstupem? Co se díky tadytomuto specifickému cíli stane a zlepší?",0,31d42a3a0b7a27be
matej-hollan,Z9/03,16,"Bc. Matěj Hollan: Děkuji za vyjasnění tadytohodle bodu a přesunu se k nejdůležitějšímu opatření, C.2.2.1, Nastavení udržitelnosti systému pro kontinuální práci s osobami v bytové nouzi, včetně posílení personálních kapacit, je to strana 53 toho materiálu, na kterou jsou alokovaný, na kterou je alokovaných 100.000.000, jako relevantní částka, a v rámci indikátorů výstupu je zajímavé číslo, počet zabydlených domácností, rodin i jednotlivci, 140. Poprosím o podrobnější představu plánu toho zabydlování, nějaký harmonogram, v jakých letech se to uvažuje? Jestli to chápu dobře, že, sice je to akční plán pro roky 22-24, ale v tomto roce se asi toho už příliš nestihne. Tak je to vlastně dvouletý plán, který znamená roční zabydlení 70 rodin a jednotlivců. Jaký je rozpad mezi ty rodiny, jednotlivce, kde se ty byty získají, jestli jich je v tuto chvíli zajištěno dost, včetně návazné sociální práce a tak, a jaká je potom vize i do budoucna? Až tento akční plán skončí, tak jestli to tempo, 70 bytů, v rámci toho plánu sociálního začleňování, je nějaké tempo, kterým by se postupovalo i do budoucna, nebo jestli se to jmenuje pilotní aktivita, nebo jak se v tuto chvíli k tomu přistupuje?",0,31d42a3a0b7a27be
matej-hollan,Z9/03,17,"Bc. Matěj Hollan: Ještě k tomu, jedna doplňující věc, a potom ještě jedna. Jestli ty kritéria pro, vstupu do bydlení, v rámci tadytohoto, odpovídají toho, tomu, co jsme měli nastaveno v těch letech 2015-18, v programech Housing First, Rapid Re-Housing, jestli je tam stále ta vysoká, nebo slovo vysoká nízkoprahovost je asi směšné spojení, prostě jestli je tam pořád to, že se primárně řeší skutečně ta bytová potřeba, a ne, jestli ten, jestli ty lidé, kteří tam jdou bydlet, jsou dostatečně sociálně začlenění a podobně. Jestli prostě je to opravdu na tu nejrizikovější skupinu. Tohle je doplňující dotaz k tomu. Ale, ať už to uzavřu, tak se ještě vrátím k bodu A.1.5.1. Je to strana, moment, je to strana 26 materiálu, kdy je tam konstatovaný, že této aktivity není realizátor. Týká se to opět lidí z cílové skupiny a jejich přechodů mezi zdravotním, mezi lůžkovým nemocničním zařízením a do běžného prostředí, kdy tam nejsou stanoveny předpokládané náklady, není tam odpovědný realizátor, v indikátorech výstupu je jenom, obecně, počet podpořených osob, aniž by to bylo specifikováno. Chci se zeptat, proč se nepodařilo pro tento specifický cíl a pro to opatření získat realizátora, když přitom je to oblast, která je hodně důležitá na řešení, a teď je to v tom akčním plánu, jak kdyby to nebylo. Protože pokud není realizátor, tak se asi těžko to opatření dá nějak realizovat. V dalších částech toho dokumentu potom, které se podrobněji týkají sociální a zdravotní oblasti, tak jsou tam na to nějaká další aktivity a opatření, které tadytoto řeší, mám pocit, že to není sladěné v tom. Ale prostě v tom bodě A.1.5.1 mě mrzí, že tam není nalezený ten realizátor a jestli bylo podniknuto dost snahy k tomu, aby se realizátor této aktivity získal. Tak prosím, ještě upřesnění tadytěchto 2 dotazů a je to z mé strany všechno.",0,31d42a3a0b7a27be
matej-hollan,Z9/03,23,"Bc. Matěj Hollan: Omlouvám se, já jsem to až pozdě zmáčkl. Já se chci zeptat na to, jak je, proč je zamýšleno, že to bude jezdit pouze v liché dny, to vlakové spojení, a nebude to jezdit v sudé dny? Jestli je ten důvod, že ta letecká spojení, na které to míří, nejsou třeba denní linky a jezdí to v tom režimu pondělí, středa, pátek, neděle, nebo jestli je důvod finanční, že by to opět stoupalo v nákladech, když by to jezdilo každý den? Ptám se na to z toho důvodu, že pro rozježdění pravidelnosti té, nebo pro to, aby ta linka byla úspěšná, je ta předvídatelnost a pravidelnost zásadní. Když si člověk má pamatovat na to, který den to jezdí a který ne, tak se může stát, že se ten pilotní provoz ukáže jako problematický, jako málo využívaný, a potom se to bude obtížně interpretovat, proč se tak stalo. Ale protože jsem u těch jednání s panem Jančurou ne, jeho týmem, nebyl, tak se napřed skutečně ptám na to, jaký je, jaká je zatím ta filozofie provozu toho vlaku, pouze v ty liché dny.",0,31d42a3a0b7a27be
matej-hollan,Z9/03,27,"Bc. Matěj Hollan: Já musím říct, že tadystím postupem nesouhlasím, a to nikoliv proto, že by se to nemělo TIC kompenzovat, protože za tu ztrátu nijak nemůže. Ale chci se podrobněji zeptat na to, jakým způsobem i město, jako zřizovatel, o tom s MPO jednal. Pokud se podíváme na ten text usnesení vlády, tak je tam jasně řečeno – zakazuje se provozování adventních a vánočních trhů a prodej na nich, pak je tam středník a konstatování, že tím není dotčen prodej vánočních stromků, chvojí, jmelí a s nimi souvisejících produktů a kaprů vánočních. Ale zcela jasně to proticovidové nařízení vlády provoz adventních a vánočních trhů zakázalo. V rámci té návazné výzvy, které měla kompenzovat ty vynaložené náklady, nebo náklady, jak prodejcům, tak zejména realizátorům těch trhů, tak jak je v tom materiálu uvedeno, tak v tom odst. 5.3 příslušné výzvy, kterou jsem si pročetl, je tam konstatováno, že musí být úplný zákaz, úplné znemožnění těch adventních a vánočních trhů, že nestačí jenom částečně omezený provoz. MPO, jak se tam píše na straně 8 materiálu, doporučilo, s ohledem na dikci tadytohodle odstavce výzvy, aby se požadovala kompenzace pouze za trh na Dominikánském náměstí, kde se kapry a stromky neprodávaly, takže se, v uvozovkách, jako mohlo zavřít celé. Mířím k tomu, že z toho usnesení vlády, podle mě, jednoznačně vyplývá, že jaksi, jako celek, adventní a vánoční trhy zakazují. Ale že není znemožněn předvánoční prodej stromků, kaprů či jmelí někde, různě, po městech. Myslím si, že to nemohlo, nesmělo MPO interpretovat tadytoto tak a nemohlo tam projevit ani tu libovůli, že odmítne proplácet ty náklady. Když se podívám, konkrétně, na ten celý Svoboďák, tak jak to loni vypadalo. Byla tam otevřeno pár stánků, před kterými se netvořily žádné chumly, nic, protože jídlo a tyto věci byly zakázáno. A buď si člověk došel pro stromek nebo pro kapra na náměstí Svobody, nebo na Mírák, před Červený kostel či kamkoliv jinam. Myslím si, že je chyba, že byla chyba ustoupit MPO, nepožadovat tyto náklady, protože si nemyslím, že ta výzva je v tomto jednoznačná. Myslím si, že to mělo být uplatňováno a mělo to být, měl být učiněn daleko razantnější pokus o získání těch veřejných prostředků, protože tu škodu městu, respektive TIC, v tom způsobil stát. Ty důvody, o těch si dneska můžeme myslet už, co chceme, jestli to bylo adekvátní, nebo nebylo, to opatření. Nicméně vláda ho zavedla, aniž by to předem deklarovala, že k tomuto směřuje. Nechala vynaložit i TIC, i další realizátory vánočních adventních trhů v republice, velké finanční prostředky, a potom to den, ze dne na den zrušila. Myslím si, že i teď stojí za to se k tomu možná vrátit, protože došlo tady k evidentně nesprávnému postupu na straně státu. A město by to nemělo jen tak vymlčet, že ty peníze bez problémů zaplatí, když tu škodu nijak nezpůsobilo.",0,31d42a3a0b7a27be
matej-hollan,Z9/03,27,"Bc. Matěj Hollan: Děkuju za tu očekávatelnou odpověď. Já jsem ten dotaz nemyslel úplně na TIC, ale tady, na politickou reprezentaci, protože nejde úplně o zanedbatelné peníze, a hlavně o ten princip. Ve chvíli, když Ministerstvo zdravotnictví, potažmo vláda, prostě zavede nějaký zákaz, a potom",0,31d42a3a0b7a27be
matej-hollan,Z9/03,37,"Bc. Matěj Hollan: Jo, dobře. Je to zvláštní, tento postup, že se v průběhu jednoho vystoupení to přeruší, ale dobře, já to zopakuju celé.",0,31d42a3a0b7a27be
matej-hollan,Z9/03,38,"Bc. Matěj Hollan: Dokončím to, jenom tamto, já jsem mluvil dlouho, možná, že ne vždycky srozumitelně, jenom ptal jsem se na Kreativní centrum a jeho zařazení i do výhledu rozpočtu do dalších, ale že to tam nevidím. Zpátky k tomu, k té kultuře. Z mého pohledu to krácení různých festivalů, jak jsem říkal, probíhalo často bez konzultace s nimi, sám mám signály o tom, že pořadatelé Pop Messe o tom věděli, že tam to prodiskutováno bylo. U těch schůzek jsem nebyl, mám zprostředkovaně, že jsou s tím nějak srozuměni. U Maratonu hudby vím, že tam to neprobíhalo, ty diskuse, a dojde k následujícímu. Tím, že se jako prakticky na polovinu, v těch absolutních číslech 2.150.000 asi, ale když tam připočteme inflaci, tak je to prakticky na polovinu, se krátí ten městský příspěvek spolu s dalšími dotacemi, co to má, tak je to, zhruba, o čtvrtinu krácení v těch celkových číslech, co to má z veřejných zdrojů. A ve chvíli, když ten festival má dál fungovat, tak tam jsou pořád nějaké paušální výdaje na tým lidí, kanceláře, všechny tyto věci, ale i marketing a tak, aby o tom festivalu vůbec bylo slyšet. A při takto výrazném krácení ze strany města dojde ke krácení programu ve vyšších desítkách procent. Pak je otázka, co vlastně město si objednává za typ festivalu. A tadyutohodle se chci zeptat na toto. Co chce město po festivalu Maraton hudby? Jak má vypadat? Co jsou jeho hlavní, co jsou jeho hlavní součásti, co tam má být, jak se s tím má ten organizátor poradit? Protože stávající festival za ty finance udržet nejde, musí dojít k jeho výrazné změně, tím, že je to individuální dotace, tak to není, co si to neobhájil v do, v programových dotacích, ale je to nějaká, musí to vznikat v nějakém dialogu a tadyten dialog o tom postrádám. Ne, že by to nešlo udělat. Samozřejmě, za 3.000.000 z městských peněz, když k tomu připočteme příspěvek státu a kraje, tak jsou to peníze, za které jde něco dělat, ale to něco je velmi odlišné od festivalu Maraton hudby. Protože ta širokospektrálnost, na které to bylo založeno, aby to prezentovalo tu hudební šíři v městě Brně, je to také součástí jedné z oficiálních součástí projektu Kreativní město UNESCO v oblasti hudby, tak prostě dojde k velké změně toho festivalu.",0,31d42a3a0b7a27be
matej-hollan,Z9/03,40,"Bc. Matěj Hollan: V ty minulé roky, když byl covid a tak, tak ta situace byla, finančně, možná pro město ještě složitější, a taky město Brno k tomu přistoupilo velmi zodpovědně, k té věci. Přesto jsem nikdy nezaznamenal, při tvorbě rozpočtu, tolik negativních ohlasů ze stran vedení příspěvkových organizací a dalších součástí města k tomu, co jsem říkal už předtím. Nemyslím si, že ten rozpočet byl dělaný v tomto zodpovědně. Jsem přesvědčený, že se nemá přistupovat k tvorbě toho rozpočtu tak, že se udělá velká rezerva a nediskutuje se s organizacemi o jejích potřebách, nad rámec toho, co už bylo v rozpočtu loňského roku. Ten rozpočet je prostě do velké míry, nebo skoro do absolutní míry, v tech provozních výdajích, Ctrl+C, Ctrl+V. A je to špatně. Protože každý rok jsou prostě potřeby individuální, jiné, jsou tam různé jiné projekty a ty ředitelé jsou uváděny v nejistotu. A kdo se s nima bavíme, tak to víme, že prostě s tímto nejsou srozuměny, že v minulých letech se k tomu přistupovalo jinak. A bylo by fajn, když by tohle byl, já, jenom anomálie a dál se takto nepostupovalo. Protože se opravdu špatně plánuje a každý, kdo vede nějakou organizaci, Vám řekne, že takto se mu s tím rozpočtem zachází špatně. To je obecná poznámka. Ke 2 věcem ještě jednou. Ohledně toho Maratonu hudby. Já rád slyším, že město chce, aby ten festival dále fungoval. Ale to krácení je takřka poloviční. Je to zásadní, není to žádná kosmetická změna. Kosmetická změna by bylo, když by to bylo z 5.250.000, nebo kolik to dostává, na 5, na 4.800.000, na něco takového. Ne, když se to sundává na 3.000.000. To je natolik zásadní věc, že to nutně změní charakter toho celého, a je potom věcí, v tomto smyslu, donora, objednatele, co chce po tom festivalu, aby dělal za ty peníze, jak si s tím má poradit, co tam má škrtnout za celé, různé sektory, co z toho má prostě udělat za nový typ festivalu, když tenhle dosavadní za ten rozpočet",0,31d42a3a0b7a27be
matej-hollan,Z9/03,41,"Mgr. René Černý, 1. náměstek primátorky: Já bych si dovolil reagovat na kolegu Hollana. Vy jste tady trošku vystřihl, vlastně, z celého toho návrhu rozpočtu na příští rok 1 kapitolu. Já to chápu, je Vám to blízké. A vybral jste si, vybral jste si akce, na kterých Vám záleží, možná mě trošku mrzí, že jste vybral jenom jedno divadlo a srovnáváte ho zase s druhým divadlem. Nemyslím si, že by to bylo úplně korektní. A chtěl bych ale trošku připomenout, nebo dovolím si připomenout, a samozřejmě nejen Vám, že ten rozpočet musí počítat s takovými věcmi, jako je 150 základních škol, domovy pro seniory, Městská hromadná doprava, to všechno jsou instituce, které zasáhla energetická krize. A když hovoříte o, a dovolte, já použiji Vaše slova, zásadních nedostatcích v katastrofálním rozpočtu, nesmíte se zlobit, že takle reaguji, protože mně to připadá příliš expresivní, při myšlence, že Vy jste vynechal celé kapitoly toho rozpočtu. A Vy se zabýváte pouze 1. Bc. Matěj Hollan: Já myslím, že nikdo nechceme, abych začal komentovat i ty další kapitoly. Já jsem na to klidně připravený. Ale protože kultura je moje profesní věc, tak se zaměřuji jenom na to, protože ten nepořádek je uvnitř té kapitoly a dá se to řešit v rámci ní.",2,31d42a3a0b7a27be
matej-hollan,Z9/03,60,"Bc. Matěj Hollan: Vrátím se k tomu, co jsem říkal při projednávání rozpočtu, a proč jsem na to nedostal odpověď? Tady ji poprosím. Jak se s projektem uvažuje dál? Zde máme jenom tu plnou moc na dotažení projektových prací, v návrhu je na příští rok asi 8.500.000 ještě, jak se s tím uvažuje dál? Co se stane s tím projektem v příštím a následujících letech?",2,31d42a3a0b7a27be
matej-hollan,Z9/03,67,"Bc. Matěj Hollan: Chtěl bych říct k tomu, že je to určitě nejprestižnější turné, i ta lokalita, Carnegie Hall, kde, kdy Filharmonie hrála, a newyorská premiéra 12. symfonie Phila Glasse, která tam ještě předtím nezazněla, nikdy, přestože Phil Glass je obyvatel New Yorku, tak má úplně obrovskou prestiž. Chci se zeptat, jestli vedení města počítá s tím, že na tuto akci někdo z vedení města pojede? Protože si myslím, že by to bylo potřeba důstojné, v jiných městech, státech, zemích a, tak se běžně takto na takovéto věci cestuje. Jde s tím spojit určitě nějaké pracovní jednání, aby ta cesta dávala větší smysl. Ale samo o sobě, přítomnost zástupců města, jako zřizovatele takového orchestru, na takovéto akci není jen nějak povrchně reprezentativní, ale je to velmi důležitý signál, že se vnímá, že tahle věc není zdaleka jenom kultura, ale že tam ta prestiž je velká. Asi se dá předpokládat, že sám Glass tam bude také, na té, na tom koncertě, protože jsou velcí kamarádi s šéfdirigentem Davisem a díky tomuto spojení vlastně vůbec Filharmonie může ty jeho věci provádět i v takto významné premiéře. Tak se chci zeptat na to, jestli se počítá s tím, že tam někdo z vedení města na to pojede, aby u této akce prostě reprezentant vedení města byl?",0,31d42a3a0b7a27be
matej-hollan,Z9/03,67,"Bc. Matěj Hollan: Já bych poprosil o upřesnění tohoto bodu. Co se vlastně v té náročnosti změnilo, krom toho, že pan zastupitel Příborský neuspěl v Líšni a nestal se tam, nedostal se tam do vedení městské části? Tohle vidím jako jedinou objektivní změnu toho faktu, oproti tomu, když se ta funkce, jako neuvolněná, tvořila, a ten objem té práce byl známý vždycky. Akorát tehdy si asi mohl myslet, že to bude dělat v rámci toho, že bude pracovat pro Líšeň. Když to tak nedopadlo, tak najednou tady vytváříme umělou, uvolněnou funkci a nepřijde mi to úplně důstojný přístup.",0,31d42a3a0b7a27be
matej-hollan,Z9/03,71,"JUDr. Markéta Vaňková, primátorka: My o tom budeme dále podrobně debatovat. Tak jak jste konstatovala, ano, ten dodatek byl dán na poslední chvíli. Ještě včera, na pravidelném jednání předsedů, jsem tu informaci neměla, o půl čtvrté, to vyjádření ministerstva nám přišlo až poté. To znamená, ani na jednání předsedů jsme tuto záležitost nemohli v tomto smyslu projednat a počítali jsme s jinou variantou. A, nicméně, vzhledem k tomu, že jsme toto vyjádření dostali, tak pokládáme za vhodné dnes se tímto zabývat, což právě činíme. A samozřejmě budeme zvažovat, jaké další možnosti my máme ve vztahu k tomu, abychom zjistili více informací, jestli se budeme obracet přímo na Policie České republiky, jestli si případně necháme zpracovat nějaké právní stanovisko. Ale v tuto chvíli žádný konkrétní další návrh není, což je patrno z těch navržených usnesení. Je to skutečně v tuto chvíli jenom o schválení toho odkladu realizace. Nicméně je to záležitost samozřejmě významná, takže budeme přemýšlet, jak s tím naložit dále. Bc. Matěj Hollan: Podle toho, co je v médiích o této části kauzy, v souvislosti s Ibsenovou, tak je to i to, že policie řeší, aniž by teďka byly nějaké jasné závěry, i tu cenu, 36.000/m, co tam z posudku vyplývá. Tady, opakovaně, i dřív, bylo upozorňováno na cenu, že může být podezřele nízká. Na kontrolním výboru, na mou žádost, se bude prověřovat i celý postup, dosavadní, od roku 2015, nebo jak to definujeme, při pořizování posudků, už od té doby, jak se dostaly ty které nemovitosti na seznam, v roce 2016, který se schvaloval, potom i další postup, včetně prověřování tadytěchto věcí. Teď, tady si myslím, že ta předběžná opatrnost je skutečně na místě. Jak je vidět z těch dalších nemovitostí, ta policie nezmiňuje ty konkrétní nemovitosti náhodou, ví celkem, proč asi zasahovala, proč šetří ty konkrétní nemovitosti. A tohle je jedna z těch, kde mohla být páchána trestná činnost, i v této fázi. Takže tady je potřeba z gruntu prověřit všechno. A dokud to nebude uzavřeno, i z pohledu kontrolního výboru, tak určitě není vhodné jakkoliv dále, jakýmikoliv kroky pokračovat v tom procesu. A je potřeba teď jednoznačně setrvat a celý ten proces si velmi podrobně zmapovat.",2,31d42a3a0b7a27be
matej-hollan,Z9/05,16,"Bc. Matěj Hollan: Já bych se chtěl zeptat, jakým způsobem se došlo k tomu, že Centru experimentálního divadla se poskytnou pouze 3.000.000, když ty jejich požadavky, ten, oprávněné požadavky, ten výpadek, který tam mají, je daleko vyšší. Všichni se s tím mohli seznámit například v e-mailu od pana bývalého ředitele CED, Oslzlého, který podpořil ty kladené požadavky ze strany sučasného ředitele, pana Oščatky. Ten materiál, který mám k dispozici, hovoří o úplně jiné, vyšší sumy. A v kontextu toho, že třeba na Divadlo Bolka Polívky, tím, že pan Polívka dělal kampaň ODS, tak jsou v podstatě neomezené ty finanční prostředky, které se tomuto divadlu poskytují, tak mně připadá nedůstojné, že Centrum experimentálního divadla se navyšuje ten příspěvek pouze o 3.000.000, což je zcela nedostatečné v kontextu těch problémů, se kterými se potýkají.",0,855e8c7abe4c7621
matej-hollan,Z9/05,16,"Bc. Matěj Hollan: To si nemyslím, že je odpověď na to, co říkám. Samozřejmě do požadavku jde dát, jde napsat cokoliv. Pak jsou věci, co jsou potřeba udělat. Vy tu situaci znáte detailně, jako rada, co je, jakými problémy se CED potýká a víte, že ty prostředky jsou teďka nedostatečné, co jsou tam dodávány. Tam je dlouhodobý deficit, se kterým nebylo nijak nakládáno, který se 3.000.000 nevyřeší. A je potřeba se dostat na úplně jinou částku, kterou ten rozpočet bez problémů má, když má na rozdávání dalším zřizovaným organizacím tím, že jenom jako poděkování za účast v kampani, což se netýká jenom Bolka Polívky, ale i dalších subjektů. Tak nemyslím si, že by mělo být jediným prizmatem pro rozhodování právě tadytahle poděkování za pomoc v kampani, ale mělo by se zohledňovat i skutečné potřeby těch vlastních organizací.",0,855e8c7abe4c7621
matej-hollan,Z9/05,16,Bc. Matěj Hollan: Bod týkajítý se 10.000.000 pro Divadlo Bolka Polívky byl na minulém zastupitelstvu. Těžko to mohou do minulosti navrhovat.,0,855e8c7abe4c7621
matej-hollan,Z9/05,18,"Bc. Matěj Hollan: Nejprve k těm formálním aspektům. Tak jak říkaly kolegyně, tak tento způsob průběžného dodělávání rozpočtu v průběhu roku, aniž by ty materiály byly diskutovaný v současné době v odborných komisích, tak je hodně pofidérní. A zrovna tadyutohoto konkrétního bodu se bavíme o částce 400.000 Kč. V té důvodové zprávě je napsané, že se tu zařazuje proto, že to nebylo zařazeno do rozpočtu kapitálových výdajů roku 2023. Pokud se bavíme vážně, tak asi se dá pochopit, že stamilionové, možná i desetimilionové částky někdy nejdou zařadit do rozpočtu, protože se neví, jaký potom bude skutečný stav, jaký bude skutečný příjem města. U položek typu 400.000 Kč tadytuto argumentaci použít nelze, protože to se bezpečně ví v listopadu i v prosinci, a kdykoliv. A pokud by to, pokud to bylo Odborem sociální péče navrhováno do rozpočtu a nebylo to zohledněno, a teď v únoru to tady máme na zastupitelstvu, tak je zřejmý, že ta argumentace je nepravdivá, kterou uvádíte k tomu, proč tímto způsobem se v tomto volebním období k rozpočtu přistupuje, že se v průběhu roku na každém zastupitelstvu vytahují takovéto bagatelní částky a tvoří se k nim zvláštní materiály. Ale k té vlastní věci. Projekt rekonstrukce domu pro seniory Nopova je, jemně řečeno, velmi kontroverzní. Naprosto s tím nesouhlasí městská část Židenice, na jejímž území to má být realizováno. Naprosto s tím nesouhlasí Jihomoravský kraj, respektive radní pro sociální oblast, paní Leitnerová. Ten krok je nesystémový, není vyřešeno, co by se dělo s klienty v rámci té rekonstrukce, celý ten projekt má vadu, závažných chyb, které začínají tím, že celkové finanční poradenství pro tento projekt dělá společnost, nám dobře známá, NEWTON Business Development. Byla to její první zakázka na finanční poradenství pro město Brno, následně dostala, za odměnu, zakázku na ekonomickou stránku fungování budoucí hokejové haly, kdy tam zázračným způsobem vyčarovala čísla jako 60 % příjmů z kultury. O tuto studii, která je pro hokejovou halu, jsem žádal už na minulém zastupitelstvu. Pan Kratochvíl mně říkal, že na tom se mnou velmi rád bude spolupracovat, aby se to naplnilo, tadytyhle parametry,",0,855e8c7abe4c7621
matej-hollan,Z9/05,19,"JUDr. Robert Kerndl, náměstek primátorky: Tak. Ona je to poměrně složitá matérie. Celá myšlenka toho, že by provozovatelem a koncesionářem měl být někdo jiný než město, respektive že do té koncese by se mělo jít, tak tato myšlenka vznikla v rámci myšlenkových trustů, když tady seděl Matěj Hollan. To je potřeba si uvědomit. My jsme tudlenctu myšlenku potom převzali. To, co říká dnešní krajská radní pro sociální záležitosti, paní Leitnerová, to já nevím, já se s ní občas potkám, nikdy mně neřekla, že by k tomu měla nějakých výhrad. A je potřeba si říct, že ta myšlenka, vůbec že má být nějaká koncese, tak ta vznikla z úrovně jak města, tak kraje. A je to v tom předminulém volebním období. My jsme tuto myšlenku převzali, pokračovali jsme v ní, protože jsme se naprosto všichni shodli na tom, že dům pro seniory Nopova je v naprosto katastrofálním technickém stavu. Nejenom, že tam nevyhovuje v rámci požární bezpečnosti, nevyhovuje v rámci elektřiny, ale co je tam to nejzásadnější, tak nevyhovuje vůbec v rámci současného pohledu na vykonávání sociálních služeb v rámci domovů pro seniory. Jsou tam 5lůžkové pokoje, jsou tam špatně nachystané hygienické zázemí pro klienty a tak dál. To znamená, ta myšlenka, která vznikla v tom předminulém volebním období, bylo v ní pokračováno a byl vybrán někdo, kdo provede tu koncesi jako takovou. V rámci toho proběhlo mnoho a mnoho jednání, nikdo neřekl, že s tím má nějaký problém. My jsme, zhruba před nějakým půl rokem, dostali petici, že nesouhlasí zaměstnanci domova pro seniory s tím, aby domov byl zbořen, nahrazen nějakým novým, že mají obavy o to, jakým způsobem se postaráme o zaměstnance a postaráme se o klienty. My samozřejmě ten plán máme připraven, můžeme ho detailně rozebrat, nevím, jestli je to vhodná platforma tadynatom zastupitelstvu, ale samozřejmě se o tom můžeme bavit. Za mě, v okamžiku, kdy jsem zjistil, že jsou nějaké problémy, tak, respektive, že jsme dostali tu petici, tak jsem se s petenty potkal, debatujeme to. Pro pana Hollana, debatuji to samozřejmě i s panem starostou Kuncem, jakým způsobem případně ten projekt upravit tak, aby vyhovoval představám a potřebám městské části. A samozřejmě vnímám tam i tu obavu těch lidí v okolí v rámci toho výškového zónování, ale to jsou všechno věci, které budeme debatovat a bavíme se o nich. Já jsem tento materiál opakovaně předkládal v rámci porady vedení, jednotlivé kluby se touto otázkou zabývají. Samozřejmě vždycky máme to jednodušší řešení, to znamená, pardon, vždycky máme to jednodušší řešení, koncesi zrušit, dobře, nic to ale nevyřeší, protože finanční možnosti města jsou omezené. A my prostě finanční prostředky na to nemáme, abysme realizovali takto nákladnou stavbu, která je v řádech stamilionů korun. Předpoklad je někde v rozmezí 700, 800.000.000 Kč, které prostě by město do tohoto projektu muselo investovat. Připomínám, že máme i obdobné projekty rozdělané, i například domov pro seniory na, Kociánka a tak dál, a tak dál. Já se nebráním vůbec žádné debatě na toto téma, znovu říkám, s panem starostou se o tomto, o této problematice bavím, jednotlivé kluby, v rámci rady, se o tom také baví. Alternativ je vždycky víc, ale je potřeba si uvědomit, že opravdu finanční možnosti z úrovně města na to nejsou dneska připraveny, abysme takovouto rozsáhlou, ne rekonstrukci, ale výstavbu nového zařízení provedli z našich zdrojů.",0,855e8c7abe4c7621
matej-hollan,Z9/05,19,"Bc. Matěj Hollan: Pokud je 7.000.000.000 na hokejovou halu, tak zcela určitě jsou prostředky i na to, aby se dala řešit sociální péče. Není potřeba se tady balamutit tím, že město Brno nemá na zajištění péče o své občany a musí to za něj udělat někdo jiný. Taková argumentace je nesmyslná. Pokud nevíte, jakým způsobem se na to dívá Jihomoravský kraj, tak ten problém je asi v té komunikaci poměrně značný a tímto způsobem se takto velké systémové změny nedají dělat, že se o tom nekomunikuje s dalšími partnery. Ten ostrý nesouhlas městské části Židenice je také obecně známý. Pokud to vím já, a řeší to se mnou jak zástupci kraje, tak městské části, ob 2 týdny, jakým způsobem se Nopova dělá a jestli už konečně tadytenhle nesmyslný záměr je u ledu, tak by bylo fajn, kdybyste",0,855e8c7abe4c7621
matej-hollan,Z9/05,20,"JUDr. Robert Kerndl, náměstek primátorky: Tak, protože už jsem starší člověk, protože jsem starší člověk, budu reagovat odzadu, od těch posledních otázek. Co se týká toho, co říká kolega Lahoda, haló, výborně, co říkal kolega Lahoda, já se tomu vůbec nebráním, budu celý šťastný, opravdu, když se budeme moct potkat nad tímto tématem. Je škoda, že když jsme měli poslední schůzku mezi radními kraje a města Brna, tak jsme tam měli ty témata, opravdu na tohlencto téma jako nepřišla řeč. Ale já se tomu nebráním a budu za to a budu za to velmi rád. Paní radní bohužel na těch jednáních nebyla, myslím, že ani na jednom, ale to sem nepatří, jsem na to jednání připraven, budu šťasten. Tak. Potom, co říkal pan docent. Pane docente, není to tak, že bysme připravovali nejdřív nějakou rekonstrukci, udělali nějaký projekt a pak to zbourali, v rámci té koncese, jako takové. Jde o to, že by se nemovitost vyklidila, zbourala, postavila se nová, a potom ti zaměstnanci, kteří by měli zájem, tak by se mohli vrátit. Takto jsme nakonec jednali i se zástupcem koncesionáře. Ten problém vznikl tam, že byla obava, a naprosto logická a já s tím jako souhlasím a vnímám to a rozumím tomu, kdy vlastně zaměstnanci domova pro seniory říkají, máme zde velmi dobrý kolektiv, neradi bysme se roztrhali na nějaké menší, dílčí části a jakým způsobem to město bude řešit? My říkáme, máme dalších 10 domů pro seniory, kde bysme rozprostřeli jednak ty klienty, a samozřejmě i ty zaměstnance, dělali bysme to velmi citlivě a dělali bysme to tak, že by to bylo po těch jednotlivých odděleních. To znamená, je nám naprosto jasné a zřejmé, že jednak ti klienti jsou nějakým způsobem vázáni a fixováni mezi sebou, ale samozřejmě i s tím personálem, to znamená, že bysme přesouvali do těch ostatních domovů pro seniory je po nějakých větších skupinách. Tak to je k tomu, co říkal pan docent. No, a k tomu, co říkal pan Matěj Hollan. Pane Hollane, samozřejmě je to vždycky na nějakém kolektivním rozhodnutí politické reprezentace, jakým velkým strategickým projektům se dá to prvenství, jestli to bude multifunkční hala, nebo jestli to bude Janáčkovo kulturní centrum, nebo jestli to bude, já nevím, protipovodňová opatření, nebo jestli to bude investice v rámci nákupů tramvají, autobusů, trolejbusů, nebo jestli to bude investice masivnější v rámci rekonstrukce kanalizací, nebo jestli to bude masivnější investice v rámci domovů pro seniory, nebo jestli to bude masivnější investice v rámci školství, nebo v rámci zdravotnictví. Ono se může zdát, že ten rozpočet je nekonečný, ono to tak není, Vy to dobře víte, nakonec jste si tu roli tady taky vyzkoušel. To znamená, vždycky je to o nějakém jako rozhodnutí. Za mě, pokud máme možnost mít nějakého koncesionáře, tak je vždycky jako rozumné toho využít, protože na některé služby prostě toho koncesionáře neseženeme. Na některé ho seženeme, na některé ho neseženeme. Tu debatu můžeme tady vést poměrně dlouhou dobu, ale já jsem za to rád, protože si paní primátorka aspoň trošku odpočine. Tak.",0,855e8c7abe4c7621
matej-hollan,Z9/05,21,"Bc. Matěj Hollan: V rámci toho jednání, té diskuse, kterou vedeme, možná není úplně dobré lhát, nebo uvádět nepravdu takto očividně. Na tom posledním jednání, společném, Jihomoravského kraje s Radou města Brna v novém Mendelově skleníku paní Leitnerová, jak je vidět z fotek, samozřejmě byla. O tom jednání se toho povídá hodně, myslím, že není úplně vhodné to tady říkat otevřeně na mikrofon, jak to jednání probíhalo, že určité věci by se možná měly vymlčet a řešit jiným způsobem a nezveřejňovat. Ale samozřejmě tam ten prostor pro jednání byl a kdokoliv to mohl nadnést, zvlášť město, pokud je to takto velký problém, že není schopno to ufinancovat, protože, jak říkáte, musí stavět tu hokejovou halu. Ten problém, věcný, je například ten, že Jihomoravský kraj neplánuje takto velké rozšíření a že takový nový záměr zatím není dojednaný, aby se vlezl do sítě. Pokud to ale v síti jihomoravské nebude, tak těžko to potom jde realizovat. Není k tomu prostě dojednáno vůbec nic, protože ta jednání se nevedou. O tom samotném záměru, jaksi se baví o té, o tom zařazení do sítě, ale není to tam dojednáno. Koncepce Jihomoravského kraje, kde sedím v sociální komisi, a jeho pohled na to, jak má být v budoucnu řešena sociální péče, je velmi odlišný od tadytohoto záměru. A ten problém prostě nelze vymlčet a nevyřeší se ani tím, že new, NEWTON Business Development se nyní přihraje dalších 400.000, aby zase kousek ten projekt posunuli, když vůbec nejsou jasné jeho základní kontury.",0,855e8c7abe4c7621
matej-hollan,Z9/05,21,"JUDr. Robert Kerndl, náměstek primátorky: Mě to moc mrzí, že tomu záměru nerozumíte. Ta problematika je poměrně komplikovaná. Ono jakokdyby to bylo tak jednoduché, že bysme postavili těch domů pro seniory tady třeba 10, tak já Vám řeknu rovnou, že bysme to určitě udělali. Ono to není tak jednoduché. Tomu, co říká Matěj Hollan, ano, omlouvám se velice, na tom posledním jednání ve skleníku paní radní Leitnerová byla, to máte pravdu. Na tom minulém jednání, kde já jsem předkládal aktivně materiál a chtěl jsem tu problematiku Nopové řešit, tak tam, na tom jednání nebyla. Takže za toto se omlouvám. A znovu, jak jsem říkal kolegovi Lahodovi, jsem připraven na toto téma si sednout a jednat. Těch 225 lůžek, které tam v současné době jsou, tak v síti máme. A já respektuji názor současného vedení kraje a některých lidí, v rámci jako ministerstev, že je potřeba stavět tyto zařízení spíše jako malakapacitní, je to krásná představa. Je otázka, jestli ten norský, švédský, finský, severský model je aplikovatelný prostě na naši českou a moravskou zem, protože ty finanční prostředky na to, abysme dělali zařízení pro 10, 15, 20 klientů, nevím, jestli na to máme dostatek finanční prostředků. Je to nějaká debata. Každopádně, myslím si, že tak, jak ta koncese byla připravena a nachystána, tak byla nachystána a připravena dobře. K tomu, co říká pan Hollan, že tady nemá smysl platit těm, kteří nám tu koncesi připravili, dalších 400.000 Kč, tak to je prostě doplatek za něco, co už jako je zrealizováno, co už je odevzdáno. Takže to je naše povinnost, abysme to zaplatili. To je tak asi všechno.",0,855e8c7abe4c7621
matej-hollan,Z9/05,24,"Bc. Matěj Hollan: Já chci jenom k tomu doplnit, k tomu materiálu, že je nešťastné, že se tady, na úrovni Muzea města Brna, stala chyba, že není sladěná velká a hodně zajímavá výstava, co bude o Elišce Rejčce, půjčená z vídeňského archivu, s konáním termínu této konference. Došlo tam, chybou jednoho pracovníka Muzea města Brna, k tomu, že se to koná v jiný termín. Což je velká škoda, protože ti odborníci, kteří sem přijedou, a ta konference bude hodně zajímavá a hodně kvalitní, nebudou se moci podívat na zcela unikátní dokumenty a materiály, které budou na té výstavě. Na tom zapůjčení z Vídně se pracovalo dlouho a jenom to tady jako konstatuji, že prostě, že se tam stala lidská chyba a v jiném termínu se nám bude konat vernisáž výstavy a tato velká konference, ač v rámci přípravného výboru té konference zástupci Muzea města Brna sedí a měli dávat pozor na to, aby to bylo zaráz. Nestane se asi jako nic strašného, ta konference i výstava proběhnou, oboje bude dobré, ale to, že se to nepodařilo sladit, aby to bylo v jeden termín, je veliká škoda.",0,855e8c7abe4c7621
matej-hollan,Z9/05,27,"Bc. Matěj Hollan: Já bych chtěl požádat o podrobnější vysvětlení, jak k tomu došlo, k té situaci, která je popsaná v materiálu. Jestli jsem to pochopil dobře, tak je to aktivita, kterou měl poskytovat Dům umění města Brna k výročí, k 90. výročí vily Tugendhat. Ale je tam napsáno, že se měl uskutečnit v dubnu 2023. Během přípravy vyplynulo, že původní záměr nelze v plánovaném rozsahu uskutečnit a že tedy aktivitu Domu umění přebírá Muzeum města Brna. Ale ta důvodová zpráva je natolik krátká, že tomu nerozumím. Co se přesně teda stalo, proč tu věc, třeba za těch 90.000, nemůže dokončit Dům umění města Brna, když je to věc, co realizuje on, a proč se to musí dělat tím bypassem přes Muzeum města Brna?",0,855e8c7abe4c7621
matej-hollan,Z9/05,32,"Bc. Matěj Hollan: Já bych chtěl jenom upozornit, že bod 43) je vlastně totožný jako bod 48), kdy jde o peníze pro stejnou organizaci, na stejný účel, je to v bodě 48) i tam popsáno v rámci toho, v rámci té žádosti o individuální dotaci. Takže celkově se organizaci na tu činnost dává 1.500.000, ve dvou různých bodech.",0,855e8c7abe4c7621
matej-hollan,Z9/05,80,"Bc. Matěj Hollan: Já bych se chtěl zeptat, vzhledem k informacím, které jsem obdržel o tomto víkendu, že na základě intervencí mořské víly ze spacáku se opět zrušilo výběrko na ředitele veletrhů a Petr Vokřál dostal z centra jejich strany zákaz, aby se tím ředitelem stal, tak jaké jsou další, jaký bude další postup kolem, ohledně výstaviště, jestli se to bude zase znova vypisovat a kolikrát se to ještě bude vypisovat? Jestli je opravdu nutné paní Schillerovou, i když není zastupitelka Brna, takle ve všem poslouchat? Jaké jsou, jaké jsou prostě představy vedení města o tom, jak výstaviště dál se bude řídit? A já bych měl k tomu jeden konstruktivní návrh. Vzhledem k tomu, že asi už se rezignovalo na to, aby se to výstaviště nějak rozvíjelo a plnilo tu svoji primární funkci, a řeší se jenom to, jak tam realizovat tu hokejovou halu, tak jestli by to nevzal Libor Zábranský? Protože v rámci té, těch kumulací funkcí a toho střetu zájmu už by to bylo jenom taková další, další do toho střípek a dávalo by to určitě stejnou logiku jako ten stávající střet zájmu.",2,855e8c7abe4c7621
matej-hollan,Z9/05,80,"Bc. Matěj Hollan: 7.000.000.000, co stavíte na výstavišti. O multifunkční hale nic nevím, nikdy jsem to neslyšel.",0,855e8c7abe4c7621
matej-hollan,Z9/05,82,"Bc. Matěj Hollan: Já bych chtěl požádat radní, pana Černého a Kratochvíla, aby možná mezi sebou více sdíleli informace. Pokud pan Černý tvrdí, že o tom neví, a pan Kratochvíl potvrdil, že ty moje informace jsou správné, protože výběrová komise nedoporučila žádného z kandidátů na to, aby byl jmenován novým ředitelem BVV, tak je zvláštní, že ty informace mám já a neví to pan radní Černý. Krátce ke genezi toho, co se děje s výstavištěm. Poté, co vedení města dospělo, v roce 2021, k tomu, že pan Kuliš by už nadále neměl být ředitelem BVV, což považuji za rozumný krok, tak od té doby se výstaviště zmítá ve velké krizi a v podstatě se nijak neřídí. Loni, mezi červencem a listopadem, probíhalo několika, teda loni, 2021, mezi červencem a listopadem probíhalo několikakolové výběrové řízení, kdy se do finálového kola dostal pan Tomáš Moravec, současný, stávající generální ředitel, kterému teďka za chvíli končí smlouva, a Petr Vokřál, tak jak je to i veřejně na stránkách BVV uvedeno. Tehdy, z politických důvodů, to Petr Vokřál nedostal, nebyl tam vybrán. Následně se ukázalo, z pohledu Vašeho vedení města Brna a z pohledu představenstva, že pan Moravec není tím, který dokáže dále veletrhy posouvat, aby plnily tu roli, která by jim příslušela. Proto se to výběrko vypsalo znova. Nepsanou součástí Vaší koaliční smlouvy bylo, že se to, Petr Vokřál stane. Takto se celou dobu postupovalo, ale teď, na ten zásah svrchu, se to opět neděje. Mně je úplně jedno, kdo bude, nebo není mi úplně jedno, chci, aby někdo kvalitní, který rozumí výstavnictví a současnému byznysu, aby veletrhy řídil. A přijde mně smutné, že se další rok bude BVV v té krizi dále ocitat a do ní zabředávat. Ten trh, veletržnický, nám v tomto může už hodně ujíždět, ještě víc, ne, že by neujížděl už teď. Prodloužení, zase dočasné, mandátu pana Moravce, které asi dojednáváte teďka, tak chápu, že pokud se zruší to výběrko na řádného generálního ředitele, tak se nějak postupovat musí, ten stav se musí nějak prolongovat, ale obecně, a tadytenhle přístup dobrý tam není. Buďto toho Vokřála tam chcete, nebo ne. Není potřeba kolem toho dělat takovéto divadla. A pokud ne, a máte nějakého jiného manažera od nás, nebo ze zahraničí, které dokáže ty Veletrhy ze současné krize, kterou ne úplně samy zavinily, protože je covid a další věci, hodně veletržnický byznys změnil, pokud ho máte, tak ho tam dejte. Pokud ho nemáte, tak postupujte nějak, ať tato firma prostě začne normálně dál fungovat a plní ty funkce, které po ní všichni chceme.",0,855e8c7abe4c7621
matej-hollan,Z9/07,1,"JUDr. Markéta Vaňková, primátorka, sdělila, že při prezenci členové Zastupitelstva města Brna obdrželi: • doplněk k bodu 114), který byl dne 15. 5. 2023 vložen na chráněné internetové datové úložiště • materiál k bodu, který nově navrhl k zařazení do programu jednání člen Zastupitelstva města Brna, Bc. Matěj Hollan • Výpis usnesení Finančního výboru Zastupitelstva města Brna k bodům projednávaným na tomto zasedání, který byl dne 15. 5. 2023 vložen na chráněné internetové datové úložiště • Informativní zprávu – Podání adresovaná Zastupitelstvu města Brna, která byla dne 15. 5. 2023 včetně vlastních podání vložena na chráněné internetové datové úložiště. Podání ZMB byla rovněž k dispozici v listinné formě ve složce „K nahlédnutí pro členy ZMB“ v jednacím sálu • Informace o hlasování členů Rady města Brna neuvedené v předložených materiálech k bodům programu Zastupitelstva města Brna č. Z9/07",2,736feb627c8ee927
matej-hollan,Z9/07,7,"Bc. Matěj Hollan vznesl dotaz k osobě kandidáta, Olega Beznosika. Doc. MUDr. Tomáš Skřička, CSc., sdělil, že pan Oleg Beznosik je členem Zastupitelstva městské části Brno-Slatina, členem SPD a je ukrajinské národnosti.",0,736feb627c8ee927
matej-hollan,Z9/07,17,"Bc. Matěj Hollan: Já bych se rád v tomto bodě, který se týká koordinovaného přístupu k sociálně vyloučeným lokalitám, rád krátce vrátil k té nešťastné události, kdy před několika málo dny v unimobuňkách, na Plotní, uhořelo 8 lidí. Jediným možným, jedinou možnou adekvátní reakcí na tuto událost je, z našeho pohledu, akcelerovat ukončování bezdomovectví ve městě v Brně. V posledních letech se, ne že by se nedělo nic v této oblasti, ale tak, jak například popsal Jan Milota, který měl na starosti, v tom období 14-18, projekt Housing First, tak se řeší jenom jednotlivé případy. Těch bytů, které se přidělují lidem bez domova nebo v nevyhovující bytové situaci, je strašně málo. Těch lidí bez domova pořád přibývá a místo toho, aby se ty nůžky zavíraly, tak se naopak rozevírají. Přitom město Brno má dostatek zkušených sociálních terénních pracovníků, neziskové organizace ve městě taky, které jsou schopny provázet lidi tou situací, a v případě zajištění bydlení poskytovat komplexní sociální podporu těm, kteří to potřebují. Ty, kteří nepotřebují komplexní sociální podporu, tak jim stačí jenom nějaká malá, nebo menší, ale ten základ je, že potřebují bydlet. Tak, jak říkají všichni experti na tuto problematiku, bez toho bydlení to nejde. Je irelevantní, kolik má město volných prostor v noclehárnách a krizových zařízení, protože to není důstojné bydlení. To je jenom možnost tam přečkat třeba největší mrazy. Neposkytuje Vám to žádné soukromí a neřadí se to do toho, aby to bylo považováno za bydlení. Jiné bydlení je to, když člověk skutečně bydlí v bytě, a jedině tímto jde předcházet takovým příštím neštěstím. Jde snižovat kvantitu takovýchto situací. Nelze to vyloučit, a ani jsem to takto nikdy nemyslel, ale lze to minimalizovat. Lze, podle přístupu Harm Reduction, který uplatňujeme například v oblasti závislostí, tak lze prostě ta rizika snižovat. A nikdo nic jiného, než masivně začít řešit ukončování bezdomovectví systematicky, ještě nevymyslel. Materiál, který se k tomu měl systematicky věnovat, jsem tehdy, ještě jako náměstek pro sociální oblast, překrádal spolu s Odborem sociální péče, který ho připravil v září 2018. Tehdy nebyl přijat. Nebyl přijat ani následně. Je to ale komplexní materiál, který jasně říká, jak během 8 let, od počátku realizace tohoto akčního plánu, lze snížit, v tomto případě bezdomovectví rodin s dětmi, na praktickou 0. Nic nebrání, aby se tento materiál aktualizoval o současná data, aby se rozšířil nejen na ukončování bezdomovectví rodiny s dětmi, ale obecně na ukončování bezdomovectví i jednotlivců, nebo rodin, rodinných jednotek, co žijí bez dětí. A domníváme se, že je to jediná adekvátní reakce na tu situaci, která nastala. Proto navrhuji k tomu bodu 9) přijmout usnesení, které za chvíli pošlu i v písemné podobě – Zastupitelstvo města Brna ukládá náměstkovi pro sociální oblast, Robertu Kerndlovi, a náměstkyni pro bydlení, Karin Podivinské, předložit na příštím zasedání zastupitelstva Akční plán ukončování bezdomovectví. To je celé usnesení, schválně to nechci více rozvádět a, v rámci toho usnesení, a konkretizovat, tak aby tam byl prostor pro rozšíření toho původního akčního plánu, doplnění či nějakou jeho modifikaci s ohledem na aktuální situaci.",0,736feb627c8ee927
matej-hollan,Z9/07,18,"JUDr. Robert Kerndl, náměstek primátorky: Já si myslím, že tady zaznělo víceméně všechno to podstatné. Za mě chci jenom připomenout, když pan Matěj Hollan měl tuto problematiku v gesci, co se v Brně dělo, jaká byla nevole občanů města Brna. My se snažíme, jak říkala paní primátorka, my se snažíme, s kolegyní Podivinskou, vrátit důvěru starostů městských částí a samozřejmě gesčně příslušných místostarostů k tomu, aby vůbec byli ochotni s námi participovat na tomto projektu, v kterém pokračujeme. Ty čísla, když se na ně podíváte, jsou úplně identická, jak byly v tom volebním období roku 2014-2018. Spíše to má vzrůstající tendenci. Ten rozdíl, jakým my, jakým způsobem my přistupujeme k tomuto projektu, teď to řeknu možná ne úplně odborně, ale my prostě jako nechceme ty jednotlivé zájemce a žádosti losovat z nějakého bubnu. Ale opravdu chceme přistupovat ke každé té žádosti individuálně. A ty žádosti individuálně probíráme s jednotlivými starosty a gesčně příslušnými místostarosty těch městských částí. V současné době máme aktivní spolupráci se 7 městskými částmi a já jim za toto chci poděkovat. A není to jenom o vrácení důvěry v tento projekt těm představitelům samosprávy, ale samozřejmě tím konkrétním lidem, kteří se na nás obrací, a řešíme problémy, které historicky vznikly s tím, že prostě osoby, které nebyly ochotny se přizpůsobit ostatním obyvatelům, v rámci těch bytových domů, a dělaly tam takový nepořádek, že prostě vzniká logická, logická nevole napříč, napříč lidmi vůči těmto projektům. To znamená, my musíme přistupovat k těm zájemcům opravdu individuálně, přesvědčit městské části, aby s námi byly ochotny na tomto projektu participovat, a tu situaci zklidnit a samozřejmě dát tomu nějaký, řekl bych, normální ráz.",0,736feb627c8ee927
matej-hollan,Z9/07,18,"Bc. Matěj Hollan: Ono to, paradoxně, panem náměstkem Kerndlem bylo řečeno. Ano. Za to minulé volební období byl lidem ve výraznější bytové nouzi přidělen nejvíce, podobný počet bytů, jako byl v tom období 14-18. Tam se ale teprve připravily ty projekty. Udělal se pilotní projekt, který si dělal pouze proto, aby potom to už přestalo být pilotem, ale stalo se to politikou města Brna. To znamená, aby ta excelerace v přidělování bytů lidem v bytové nouzi byla násobně rychlejší. A to se nestalo. My jsme ukázali, že ten systém funguje. Převzala to ostatní města a jedinou adekvátní reakcí mělo být, aby se to stalo principem při přidělování bytů a aby se ukončování bezdomovectví stalo oficiální politikou města Brna. Nestalo se. Já si to uvědomuju, že se to nestalo, už na sklonku toho volebního období 14-18. A je mi to doteď líto, že se tak už nestalo tehdy. Nicméně nyní je na výběr, buďto pokračovat v tomto šnečím tempu, které nikdy nemůže vyřešit ten problém, protože ten nárůst lidí bez domova je rychlejší než ty drobky, co se přidělují, a nebo v tom postupovat tak, aby nedocházelo k těm situacím, k jakým dochází. A to je v tuto chvíli na Vašem rozhodnutí, na Vaší zodpovědnosti, jestli je adekvátnější se občas hádat se starosty, poslouchat jejich názory, že se jim to třeba nelíbí, že uvolněný byt po někom v městské části si magistrát stáhne k sobě a v rámci celoměstského zájmu sám přiděluje, popřípadě v městských částích, které vedou starostové z Vaší koalice, tak tam nemůže být velký problém si to vyjednat. Město ty možnosti má. A je to čistě na politickém rozhodnutí, co se upřednostňuje, jestli je to klid na práci, nebo jsou to skutečně životy lidí. A v tomto duchu to, ten návrh usnesení, který jsem už písemně poslal, podávám, aby byl předložený aktualizovaný akční plán, který toto bude řešit plošně, ne jenom vyzebávat jednotlivosti. Samozřejmě jsem rád, a kolegové taky, za každého člověka, který z té výrazné bytové nouze dosáhne na bydlení. Ať je to prostřednictvím nevládních organizací, nebo prostřednictvím",2,736feb627c8ee927
matej-hollan,Z9/07,19,"Bc. Matěj Hollan: Já moc děkuji za tento návrh. Myslím si, že hloub už klesnout nelze a že jste tomu dala krásnou tečku.",2,736feb627c8ee927
matej-hollan,Z9/07,37,"Bc. Matěj Hollan: Já bych chtěl jenom pogratulovat, že představitelé tohoto názorového proudu o tom, že integrovat cizinci se, uprchlíci se nemají, jste si před nedávnem, před chvílí, zvolili do Výboru pro národnostní menšiny.",0,736feb627c8ee927
matej-hollan,Z9/07,73,"Bc. Matěj Hollan: Já bych chtěl všechny zastupitele a přítomné pozvat na dnešní koncert do Besedního domu, který pořádá Spolek přátel hudby, který se koná při příležitosti oslav 100. výročí narození emeritní rektorky JAMU, dlouhodobé předsedkyně tohoto spolku a také dlouholeté předsedkyně Spolku za výstavbu koncertního sálu v městě Brně, Aleny Veselé, od 7. hod., v Besedním domě. Bude to velká událost. A myslím si, že právě u příležitosti narozenin paní varhanice a prof. Veselé by stálo za to udělat to gesto a konečně vyhlásit soutěž na zhotovitele Janáčkova kulturního centra a taktéž na varhany. Bez jejího 10letého, bez jejího několik desetiletí trvajícího snažení by ten sál nikdy nedospěl ani do této fáze, ani by se nikdy nezačal připravovat. A jak už zaznělo předtím, od veřejnosti, myslím, že od Karly Hofmannové, tak paní Veselá na to čeká už opravdu hodně dlouho. A těch 100 let je takových symbolických, aby se u té příležitosti mohla soutěž na sál vyhlásit.",0,736feb627c8ee927
matej-hollan,Z9/06,3,"Bc. Matěj Hollan: Dobrý den, vážené dámy, vážení pánové. Za náš klub, Zelení a Žít Brno, navrhuju jako další bod jednání bod s názvem – Zajištění pravidelného železničního spojení na vídeňské letiště. Dovolte mi, abych tento bod krátce odůvodnil a přečetl návrhy usnesení. Minulý týden, prostřednictvím tisku, vedení města oznámilo, že nově bude nedávno zřízený železniční spoj zajišťující dopravu na vídeňské letiště zajišťovat dopravce, Gepard Express. Důvody výběru tohoto dopravce vzbuzují pochybnosti u průběhu celého výběrového řízení a vůči druhé nabídce, což byla společnost RegioJet, poskytují daleko menší uživatelský komfort, nejistotu a menší frekvenci spojů. A dopravce, Gepard Express, jemuž nijak neupíráme možnost se té zakázky účastnit, ale je potřeba říct, že nemá žádné zkušenosti s poskytováním pravidelné veřejné dopravy. Což je u vlaků, jako je tento, který je hodně zaměřenej na, zaměřený na bohatou klientelu, na cestující na letiště, který vyžadují určitý komfort, poměrně problém a vnáší to do toho systému celou nejistotu. Gepard Express pana Fikáčka, do velké míry železničního nadšence, má zatím za sebou, jakožto dopravce, jenom minimum zkušeností. Jsou to občasné zajištění zvláštních vlaků či drží prvenství v jízdě po nové kategorie železničních drah, místní dráhy do Hevlína, ale nemá zkušenosti jako aktivní dopravce. Pan Fikáček bezesporu vlakům rozumí. Jeho firma, specializující se na servis a pronájem vagonů, je na českém trhu dlouho, ale poskytování pravidelné veřejné dopravy je velmi jiné know how. Firma Gepard, kde, dle toho, jak bylo ohlášeno v médiích, vyhrál díky tomu, že nabídla asi o 3 % nižší cenu a kratší jízdní dobu. Jak jsem ale dále zjistil, a jak to bylo i veřejně v médiích, tak ta jízdní kratší doba je proto, že nezajíždělo, na rozdíl od RegioJetu, na hlavní vídeňské nádraží. Vynechání toho vídeňského hlavního nádraží, zejména při jízdě zpátky, večer, z letiště, je velmi nerozumné a znamená to, že asi se bude dotovat zejména vození vzduchu. Ta zastávka je klíčová, stejně jako je klíčová zastávka hlavní nádraží. Je to podobné, jako když by nezajíždělo, nezajížděl ten vlak na hlavní nádraží v Brně. Další věc je, že ta o trošku dražší zakázka, o trošku dražší nabídka společnosti RegioJet, která byla odmítnutá, respektive nebyla vyhodnocena jako ta nejvýhodnější, tak obsahuje i to, že RegioJet by provozoval",2,e715158e17e939ea
matej-hollan,Z9/06,13,"Bc. Matěj Hollan: Já předtím, než se pustím do té diskuse, poprosím Vás, nebo pana Pivce, o, ještě jednou o přiblížení té sumy. Pokud sčítám sumy na základě toho materiálu, předloženého teď, tak tam vidím 150.000, s rezervou Divadla Bolka Polívky, 140.000 Scala, což je, 140.000.000, omlouvám se, což je dohromady necelých 300.000.000. Padla zde ale suma 500.000.000. Pak tam ještě vidím 80.000.000 na náklady rekonstrukce nosného systému. Teďka, v té rychlosti, protože to bylo předložené teď, nejsem schopen spočítat, jestli to, co je dalších 80.000.000, pořád by to nebyla 500.000.000, nebo jak to je? Tak, prosím tady o technické upřesnění a vysvětlení, ať ta další debata v tom může být přesnější. Pak bych pokračoval.",0,e715158e17e939ea
matej-hollan,Z9/06,13,"Bc. Matěj Hollan: Jo, rád budu, rád budu pokračovat. Já musím říct, že to vyjádření, v podstatě na úrovni tchajwanského, jak se to, jak to nazýval saran, sarajevský atentát na úrovni tchajwanského atentátu, že ve Vaší, nebo Tvé nepřítomnosti se řeší tato věc a že to je špatně, tak je urážející vůči celému Národnímu divadlu, vůči těm stovkám lidím, co tam pracujou, vůči celé, jako v historii Národního divadla, kterou tento naprosto jako nekorektní a nepromyšlený návrh o, napřed odebrání Divadla Reduta Národnímu divadlu, poté o naprosto jako nehorázné snahy o souběh těchto divadel, který není z technických důvodů možný, tak je jako k mnoha set lidem, co tam pracují a co tím ty tisíce lidí prošly, urážející. Nejprve bych se chtěl zaměřit na několik věcí. Tady se mluvilo o tom, že má být hledána nová scéna Divadla Bolka Polívky. Toto, bych se proti tomu rád vymezil. Nemá se hledat nová scéna pro Divadlo Bolka Polívky. Má se hledat dočasná scéna, pokud je potřeba ta rekonstrukce, i když by to trvalo klidně 3, nebo 4 sezóny. Zase úplně nekonečnou dobu to trvat nemůže. A to divadlo, na tom Jakubském náměstí, s celou historií a s celým tím zázemím, co tam je, je správně. Je to teďka uzpůsobeno pro vlastně nonstop divadelní provoz s gastro zázemím a dalším. A tady teďka nemáme. Pokud se nebudeme bavit vážně, a doufám, že zastupitelstvo potom k tomu dojde, že se nebudeme dál bavit vážně vůbec",2,e715158e17e939ea
matej-hollan,Z9/06,16,"Bc. Matěj Hollan: Mně je asi úplně jedno, jak pan Krásný interpretuje moje facebookové statusy. Byly, bylo v nich vysvětlení, že jsou to 2 naprosto odlišné provozy. A pan Roman Kraus, jako šéf špitálu, bohunického, jako bývalý šéf, a dobrý šéf bohunického špitálu, si na tomto příkladě může uvědomit, že nelze takto šachovat s kulturou. Nelze vzít jedno divadlo a přenést ho do úplně jiných podmínek, kde, do úplně jiného fungování divadla, se vším všudy, kde jsou úplně jiné věci. Protože tyto odbornosti, tyto specifika vylučují to, aby mohlo Divadlo Bolka Polívky fungovat v Redutě. A dokonce i samo, natož, natož souběžně. A tato debata, kterou zde vedeme, ukazuje, že to nevíte, že tomu vůbec nerozumíte. A pouze můžete jako glosovat, jestli jste pochopili, nebo nepochopili to, jak se k tomu vyjadřuju na sociálních sítí, když reaguju na senátora a šéfa zdravotnického výboru senátu, který má potřebu glosovat statusy událostí v regionech. Já bych se rád zastavil nad tím, co říkal pan Oliva. Což taky ukazuje, že vůbec nerozumíte tomu, co vůbec město Brno zřizuje. Reduta nemá žádný vlastní soubor. Já nevím, o čem se jako tady bavíme? Tam není žádný soubor, v Redutě. To je soubor, nebo několik souborů Národního divadla. Nejvíce tam hraje činohra Národního divadla. Nejenom ona, ale nemá žádný vlastní soubor. Má Národní divadlo inscenace, které vyrábí v různých domech, ať je to Janáčkova opera, Mahenova činohra, nebo divadelní objekt Reduta. A pokud se tady bavíme o tom, jestli je známější ve světě Divadlo Bolka Polívky, nebo Národní divadlo Brno, tak, samozřejmě, že Národní divadlo Brno je daleko známější subjekt, s daleko delší tradicí, který má za sebou obrovské úspěchy a obrovské renomé. Pokud se bavíme jenom konkrétně o představeních, které vznikly v Redutě, tak zájezd do Tel Avivu s, a obrovský úspěch inscenace Matka, teď nedávno. Teďka úplně čerstvé pozvání pro baletní juniory a Matku na hongkongský umělecký festival 2024 jsou neuvěřitelně hodnotná ocenění a turné, na které by město Brno mělo být hrdo. A toto se vyrábí v Redutě. A toto se nemůže vyrábět v Redutě, takto kvalitní obsah, pokud se bude takto intervenovat do umělecké nezávislosti a umělecké činnosti Národního divadla. Z Vaší strany je to skutečně naprosto fatální nepochopení toho, jak funguje příspěvková organizace. Tadyty jako útoky a tvrzení, že je špatně říkat soukromému divadlu, soukromému, divadlo, to je název. My se bavíme, když se bavíme o městské firmě, říkáme městská firma. Když se bavíme o příspěvkové organizaci, ať je to Zoo, Špilberk, nebo i něco jiného, říkáme příspěvková organizace. Když se bavíme o divadelním spolku, který funguje poloamatérsky, nebo amatérsky, tak taky tomu říkáme spolek. Pokud se bavíme o soukromém divadlu, tak je to soukromé divadlo, protože je to soukromé divadlo. Dokonce existuje asociace soukromých divadel a oni se tak sami nazývají. A vůbec jako nechápu, proč se bavíme tadyvtéto úrovni, že když se vrána nazve vránou, tak budeme kolem toho tancovat, že je to jako nekorektní? Není. To je přesný popis, abysme vůbec věděli, o čem se bavíme. A ten fakt je, že do příspěvkové organizace, na kterou se tady útočí, že neplatí nájem, jestliže neplatí nájem, pokud je v městském objektu. Tady my platíme nájem za to, že tady sedíme? V tom, jako zastupitelstvo, v majetku města Brna? Dyť to je úplně totožně. A samozřejmě, že soukromý nájemce platí, platí nájem. Nerozumím tomu, proč se tadytyto věci vtahujou do té debaty? Z mé strany, ani ze strany Národního divadla nikdy nepadlo nic na adresu toho, jestli, že by produkce inscenací Divadla Bolka Polívky byla nějak špatná. O tom se tady vůbec celou dobu nebavíme. Bavíme se o tom, a je to relevantní a jak ukazuje tato diskuse, je to bytostně nerelevantní, že vedení města Brna nechápe, jak funguje Národní divadlo, nechápe účel zřizovaných institucí, nechápe účel této příspěvkové organizace",0,e715158e17e939ea
matej-hollan,Z9/06,18,"se nám podaří, a pánové z investičního odboru na tom začali intenzivně pracovat, zrychlit všechno tak, aby v ideálním případě mohl Bolek Polívka, v případě, že padne toto rozhodnutí a bude možné to technicky upravit, což já jsem přesvědčen o tom, že bude, tak aby mohl toto nové místo užívat co nejdříve, tak je problém zažehnán. Matěj Hollan vytváří, opět říkám, problém někde, kde prostě není. Vede se debata, na zítřejší 16. hod. je svolán do Podkovy jednání, jednak poradního sboru pro kulturu, jednak celé kulturní komise a celé rady, kde o tomto také budeme debatovat. To znamená, znovu říkám, vytváření problému, který vlastně neexistuje, a vést tady dvouhodinovou debatu o něčem, co bude mít možná velmi jednoduché řešení, je z pohledu politického, z pohledu opozice naprosto pochopitelné, na druhou stranu naprosto nevhodné, už tak jak to tady zaznělo, i ve vztahu Bolkovi Polívkovi.",0,e715158e17e939ea
matej-hollan,Z9/06,18,"Kristýna Černá: Tak já bych to tady shrnula. Takže tady je Matěj Hollan, odborník na všechno, na kulturu, na všechno, a tadyk vážená rada a ostatní, tak my jsme tady ti blbci, kteří ničemu nerozumíme a kteří bysme se od něho měli učit a poslouchat jeho názory. Já bych chtěla panu zastupitelovi připomenout, že jeho doba slávy už tady byla, už tady seděl, už se tady mohl blýsknout. A asi bych to shrnula jednou větou. Když se kdykoli bavím s jakýmkoli jeho bývalým podřízeným, nebo lidmi z jeho okolí, kteří s ním museli spolupracovat, tak většinou je to věta typu – Matěj Hale, Matěj Hollan, no more. Takže, prosím, pane zastupiteli, nejste tady jedinej, letadlo, a my ostatní jsme blbci, kteří ničemu nerozumíme. Vraťte se zpátky na zem. Tohle je diskuse. Už několikrát tady padlo, že to je pouze, pouze v jednání, a akorát si tady děláte kampaň. Ale toto není Vaše sociální síť, toto je jednání zastupitelstva, tady se to prostě nehodí.",0,e715158e17e939ea
matej-hollan,Z9/06,18,"Bc. Matěj Hollan: Já děkuju za ty, za ty pochvaly. Připomíná mi to roky 2010-2014, kdy kulturu řídil Roman Onderka s paní Bohuňovskou. Byla to velmi slavná etapa a já, nebo Brno kulturní a další jsme poslouchali přesně totéž, jak tomu vůbec, vůbec nerozumíme. Je zvláštní, že když jsem byl náměstek pro kulturu tak nám třeba nespadla na hlavu, nespadlo na hlavu Janáčkovo divadlo, a tato obrovská rekonstrukce, logisticky strašně složitá, se zajišťováním dalších scén, termínově velmi napjatá, aby se stíhal festival Janáček Brno 2018, dopadla úspěšně. Dopadla tak, hodně i proto, že ta kultura byla věc, které jsem se mohl věnovat i odborně, nejenom politicky, a nedocházelo k tadytěmto náhodným nápadům, kterou jinou instituci poškodit a tam dočasně umístit operu. Není pravda, a je potřeba, aby to tady zaznělo. Není pravda, že s Divadlem Bolka Polívky je to nová situace. Statické problémy ta budova má dlouho, dlouho se to ví. Jediné, co se teďka odlišuje, jak tvrdíte, a nechci to rozporovat, že ty statické problémy jsou natolik vážné, že je potřeba, aby Divadlo Bolka Polívky dočasně působilo v jiných prostorách déle. To je jediné, čím se to odlišuje. Ale poslední",0,e715158e17e939ea
matej-hollan,Z9/06,21,"Bc. Matěj Hollan: Já bych se rád doptal na to, aby to bylo srozumitelné. Znamená to, že velmi pravděpodobně, pokud nenastane ta varianta číslo a), že po diskuse, dohodě se statikem by to bylo možné provozovat ještě v další sezónu, pokud tato varianta nenastane, znamená to, že Scala, jako univerzitní kino, na několik let také končí? Nebo ten zásadní problém se statikou se týká jen té části prostoru, kde se nachází Divadlo Bolka Polívky? To je jeden dotaz. Vím, že na to zástupci Masarykovy univerzity čekají, aby to věděli a taky mohli plánovat. Co se týče těch zvýšených peněz na případný nájem u Veletrhů, či v jiném prostředí. Ano, je to docela možné ve chvíli, když máme náklady, dobře v úrovni 500.000.000, tak to, že součást toho problému je nutnost vyšších peněz na provoz, byť se to může zdát paradoxní, já jsem měl hodně problémů vysvětlovat v průběhu té velké rekonstrukce Janáčkova divadla, že kupodivu ty transfery ze strany města do Národního divadla nebudou, po tu dobu rekonstrukce, na provoz klesat, ale naopak stoupat, a to poměrně významně, protože ta výluka je prostě dražší. Nebyl to jenom nájem, samotný, BVV, bylo to neustálé stěhování kulis, velké náklady na logistiku, a bylo to dražší. Takže pokud se bavíme, a je to úplně odlišná diskuse od toho, jestli je správně, když jedno, z nezřizovaných divadel, má prakticky dvacetinásobek toho, co mají divadla ostatní, je úplně jiná úroveň diskuse, že by Divadlo Bolka Polívky dostávalo na to, aby mohlo platit nájem v jiných prostorách, dočasně více peněz. To je naprosto legitimní diskuse a je naprosto správná. A je možné, že to tak, v pozitivním případě, i dopadne, když se opustí ty negativní varianty, jako nastěhování se do Reduty, což jsem, věřím, nejen já, ale i další vysvětlili důkladně, proč ta varianta je nežádoucí a špatná. Také je možné, že to dopadne. Už proto, že se asi někde budou muset platit kulisy, zkušebny a takovéto věci. V tom Sále Břetislava Bakaly se nedomnívám, v tom prostoru, že to pude, ale třeba ano. A třeba se to, třeba to pude udělat tím způsobem, bylo by to fajn, že komplet celé divadlo, včetně tedy skladů a zkušeben, se tam bude dát přesunout. Byla by to, i z mého pohledu, nejpreferovanější varianta. Poprosím o tu odpověď na Scalu, jestli se, v případě toho, že tam nebude možné pokračovat příští sezónu, tedy počítá s tím, že několik dalších let kino Scala nebude moci být na tom stávajícím místě v provozu. A vzhledem k tomu, že je to také nájemce, byť trochu jiného charakteru než Divadlo Bolka Polívky, tak jaké další náhradní prostory pro to divadlo, pro to kino Scala budou zajišťovány, jaké jsou v hledáčku?",0,e715158e17e939ea
matej-hollan,Z9/06,22,"Mgr. Vladan Krásný: Si nejsem jistej, jestli jsem ten pravej, jako na to ukončování. Vážená paní primátorko, vážení pozůstalí. Příbuzní už jsme všichni, teď už budeme pozůstalí. Protože my jsme ti, kteří chceme zničit Národní divadlo. Mně takovéto vyjádření opravdu vadí. Vítám, že paní zastupitelka Drápalová, která zastupuje stejný klub zastupitelů jako pan Matěj Hollan, se, na rozdíl od něj, zdržela ve skvělých emotivních vyjádření a chce vést tu debatu konstruktivně. Já bych byl rád, kdyby opravdu ta debata byla dál vedena konstruktivně a tyhlety dramatická prohlášení, jak chceme zničit Národní divadlo, mezi náma, i kdyby Národní divadlo nemělo Redutu, tak by stále fungovalo, protože já si pamatuju, jak Národní divadlo naprosto skvěle fungovalo v době, kdy Redutu neměla, nemělo, tak, já bych prosil, kdyby tyhlety prohlášení, tohodle typu, které vyvolávají brutální emoce, prostě nebyly do této diskuse zatahovány. To je vše. Pojďme se o tom bavit realisticky, pojďme se bavit o možnostech, pojďme se bavit o tom, co lze. A stejně tak bych poprosil pana ředitele, který říká, že dostal úkol, který se snaží plnit, tak, a že žádné emoce nevyvolává, tak se stačí podívat na jeho sociální síť a všichni víme, že ty soc, že ty emoce také vyvolává. Proboha, přestaňme. Pojďme se o tom bavit realisticky. Je tady více variant. A udělejme takové rozhodnutí, a já věřím, že rada města takový rozhodnutí udělá, případně zastupitelé, které bude ku prospěchu kultury v městě Brně. Ne na úkor někoho, ale ani ne proti někomu.",0,e715158e17e939ea
matej-hollan,Z9/06,37,"Bc. Matěj Hollan: Já bych rád to doplnil. Navážu na to, co říkala paní Matonohová. Na pedagogické fakultě se hra na nástroje, na takové úrovni, aby potom člověk mohl vyučovat hru na nástroje děti, nestuduje. Na to jsou jiné fakulty, jiné obory. V rámci hudební výchovy, která se na pedagogické fakultě studuje, tak člověk musí umět hrát na nějaký nástroj, ale jako doprovod. Ne jako sólový hráč. A na základních uměleckých školách není potřeba, aby učili pedagogičtí pracovníci stejné kvalifikace jako na základních školách. Učí tam ten, kdo na ten nástroj hrát umí. Ten projekt, OnStage, který se za mě rozbíhal, je velmi užitečný. Velmi dětem z Merhautky pomáhá a je dobré v něm dále pokračovat. Já jsem zaráz rád, že z úst SPD poprvé naplno slyším podporu pro masivní inkluzi, protože plná integrace není nic jiného než naplno zprovozněná inkluze. O tom to totiž je. Je to totéž slovo. A když je někdo plně integrovaný do společnosti, tak v úrovni školství to znamená právě plná inkluze. Takže děkuji za tuto podporu.",0,e715158e17e939ea
matej-hollan,Z9/06,45,"Ing. Petr Kratochvíl, člen Rady města Brna: Asi uznáte, že to téma je poměrně blízko, blízko dopravě. Samozřejmě já nemám osobní zkušenost a nejsem odborník, ale možná Matěj Hollan by mohl přispět opět, opět něčím, co jsme ještě nevěděli. Tak, to je celé.",0,e715158e17e939ea
matej-hollan,Z9/06,62,"Bc. Matěj Hollan: Jako obyvatel té městské části, Masarykovy čtvrti, si myslím, v souladu s tím, jak je navrženo usnesení, že nedává smysl, aby město Brno, v takle vilové čtvrti, si drželo 1, možná 2 domy. To nesouvisí s tím, že se nemá, obecně, zbavovat bytového fondu, že nemá se pokračovat v privatizaci. Tam jsou opravdu 2 bytové jednotky, nebo tak nějak, a ten charakter celé té čtvrti je, že jsou to soukromé nemovitosti. Je pro město daleko výhodnější z toho získat peníze, bavit se o tom, že musí být potom použity k rozvoji ostatního bydlení, ale držení tadytohodle domu je vyloženě pro město ztrátové a je to zbytečné. My tam taky bydlíme v soukromém domě, mnoho z nás, co je tady, taky na Brně-střed, mnoho, a to soukromé vlastnictví, zrovna u takových vil, za dodržení třeba památkové ochrany a tak, samozřejmě za dobré péče, je prostě lepší, když to, než když to město si tam jenom tak ten 1 dům nechává.",0,e715158e17e939ea
matej-hollan,Z9/06,64,"Bc. Matěj Hollan: Já tady, možná paradoxně, budu s kolegy Piráty nesouhlasit a připomenu jim kroky v minulém volebním období. V roce 2021 se prodaly zchátralé, bytové, nicméně bytové domy, na Milady Horákové, aukcí. A tehdy jste se tím chlubili. Že je to správný způsob, jak se má s tímto zacházet. A taky se jednalo o bytové domy. Vedly se dlouho diskuse, od roku 2012, možná déle, o tom, co s těmi domy na Milady Horákové dělat, jestli to opravit, nebo ne. Byl tam připravený nějaký projekt seniorského bydlení, do toho vlétli tehdy památkáři, který vlastně znemožnili to, aby se realizoval tento projekt. Dále se nevědělo, co s tím. Dospělo se k tomu, že opravit to bylo tak, by bylo tak nákladné, že je výhodnější to udělat aukcí. A tehdy to bylo ve Vaší gesci a takto se postupovalo. Úhledně tadyté Heinrichovy mi to přijde podobné, protože se reálně nebavíme o politice bydlení, ale o tom, jak disponovat s majetkem, který tomu městu nic nevynáší a neřeší tu bytovou problematiku. Ale abych, aby se možná ta debata posunula dál, tak by dávalo smysl, když by součástí toho usnesení bylo, teď jsem, protože jsem nad tím nepřemýšlel předtím, nechce se mi to detailně formulovat, že peníze využité, získané z tohoto prodeje budou věnovány výhradně na rozvoj bydlení. Možná, že to stačí, tadytouto formulací. Tím pádem bude jasné, že ty peníze, co se do městského rozpočtu získají, tak že dále budou uplatňovány na podporu bydlení a rozvoj bydlení.",0,e715158e17e939ea
matej-hollan,Z9/06,64,"JUDr. Markéta Vaňková, primátorka: Nicméně návrh byl předložen, takže. Matěj Hollan.",2,e715158e17e939ea
matej-hollan,Z9/06,64,"Bc. Matěj Hollan: Ne. Ten návrh, ten návrh stornuji. Pokud je to vlastně implicitně obsaženo, není potřeba se zdržovat hlasováním o tom.",2,e715158e17e939ea
matej-hollan,Z9/06,80,"Bc. Matěj Hollan: Já bych v tomto bodě rád otevřel a rozvykládal i na fóru zastupitelstva téma, které řešíme v kontrolním výboru, a to je charitativní běh, tedy v uvozovkách charitativní běh, Skolíme Koliště a skryté financování kampaně ODS. Tak jak jsme, jako zástupci kontrolního výboru, doložili a tak jak to i popsala média, je to věc, která velmi zavání zneužíváním charity pro politické účely. Je to věc, která velmi zavání, nebo je otevřeně prostě skrytým financováním kampaně z veřejných prostředků. Pokud k tomu uvedu nějaká fakta, tak se bavíme o tom, že tento běh, na který přišlo strašně málo lidí, je z veřejných peněz podporován daleko více než velké úspěšné běhy, které se v Brně konají. Pokud srovnáme třeba dotaci z města Brna na běh Vokolo priglu, kam chodí kolem 2 000 lidí, tak se v dotaci bavíme kolem 250, 300.000. Pokud se podíváme na Skolíme Koliště, kde celkově běželo, podle závěrečné zprávy, co jsme k tomu dostali, 270 účastníků, včetně všech dětí, kategorie elit byla zastoupena naprosto minimálně, tak na to šlo z veřejných prostředků minimálně, ne z veřejných, z městských prostředků a městských firem minimálně 700.000. Ten nepoměr, jenom kdybychom byli u podpory sportovních aktivit, je obrovský. Podívejme se ale na to, kdy se to maskuje za charitativní běh. Náklady, které nám nedodal Odbor sportu, dohromady s tím pořadatelem, v úplné podobě, protože poskytl příjmy pouze za jeden z těch subjektů, který pořádal ten běh, protože tam je paralelní s. r. o. a paralelní zapsaný spolek, a organizují to dohromady. Tak když sečteme známé náklady na tento běh, tak jsme přes 1.000.000 Kč. Na charitu se z toho vybralo necelých 100.000. Tedy méně než desetinásobek to, co do toho bylo vloženo. A tak jak dobře znám jiné charitativní běhy, nebo jiné typy akcí, tak když to dopadne opravdu špatně, tak je to na 0. Někdy se může i prodělat, když se holt ta kampaň nepovede a ty náklady na ni jsou vyšší než to, co se vybere, ale aspoň je o tom slyšet. Velmi často ale výnosy na tu charitu výrazně převyšují to, co se do toho vloží. V tomto případě ale celý tadytento podnik stál desetinásobek toho, co se na charitu vybralo, ale přitom se to za ni maskovalo. Jak jsme řešili už dneska, dlouho, a určitě se to ještě řešit bude, přítomnost Bolka v kampani ODS a TOP 09 je více než výrazná, a zároveň byl hlavní postavou tohoto, tohoto běhu. Ty fotky, které jsou z běhu Skolíme Kolištěm, jsou totožné, které jsou používány v kampani ODS a TOP 09. A mluvím o tom proto, že pokud bychom, pokud by neplatilo to, co říkám předtím, že desetinásobek, že desetinásobek stálo to, co se na tom utržilo pro charitu, tak smlouvy, které poskytlo město, peníze ze smluv, které poskytlo město, tak ty smlouvy v oblasti podpory marketingu, ani podpory toho sportu, ani jednou neobsahují slovo charita. Vůbec se to tam neobjevuje. To, co se ale v 200.000dotaci, nebo příspěvku z kanceláře marketingu města objevuje, hned v prvním písmeně, je, že všude musí být, na všech letácích, plakátech, spotech, reklamách, tiskových zprávách, a kdekoliv se to objeví, tak musí být uvedeno jméno i příjmení paní primátorky, včetně titulu. A tohle měl povinnost ten organizátor komunikovat. Nemluví se tam nikde o tom, že je to charitativní akce. Ta se k tomu akorát potom přidala, asi aby to nevypadalo na první pohled tak blbě. A ten, kdo chtěl detailně to tam hledat v tom nápisu, tak tam někde mohl najít, že je to charitativní běh pro Sociální nadační fond města Brna. Ta věc má mnoho rovin. Když zůstanu u té samotné charitativní. Tak pokud Sociálně nadační fond nemá peníze, tak městské firmy i statutární město Brno mohlo přispět do rozpočtu Sociálně nadačního fondu 700.000 Kč. A ty peníze by byly velmi účelně použiti. Místo toho sedminásobek jenom město dalo na to, co se do toho nadačního fondu dostalo, a je to zcela neúčelné vynakládání těch veřejných prostředků. Druhá věc je ta, že to ta charita ve skutečnosti nebyla. Protože to ty smlouvy neobsahují. A tím, že bylo zcela zdvojená kampaň na tento běh a na kampaň ODS a TOP 09, tak je zřejmé, že se jedná doopravdy o financování politické kampaně z veřejných peněz. Kromě toho si myslím, a chci na to právní reakci, že mohlo dojít k obcházení podmínek v dotaci, protože smlouva z června 2022, z kanceláře",0,e715158e17e939ea
matej-hollan,Z9/06,82,"a byla bych také ráda, kdyby ten bonbónek, nebo ta třešinka na tom dortu v podobě toho, že se vybraly i nějaké peníze pro Sociální nadační fond, byl větší, kdyby ten výtěžek byl větší. Ale i tak si myslím, že ta akce byla velmi povedená a že ten prvotní účel, který jsme my hledali už v tom roce 2021, tak naplněn byl. A pevně věřím, že i 3. ročník, který plánujeme v roce 2023, bude stejně úspěšný, jak byly ty ročníky předchozí. A děkuji všem, kteří se na organizaci podíleli a podílet budou. A pokud se nám podaří ten ročník uspořádat i přes zjištění kontrolního výboru, tak známé brněnské běžce, jako je Matěj Hollan, tak srdečně na tento běh zvu a myslím si, že mu to přinese mnohem více zážitků než jenom radost z pohybu samotného.",0,e715158e17e939ea
matej-hollan,Z9/06,82,"Bc. Matěj Hollan: Nadační sociální fond jsem měl tu čest mít v gesci po 4 roky, mezi lety 14-18, takže jsem s jeho činností dobře obeznámen. Naopak mě mrzí, že z toho modelu možného průběžného dotování v průběhu roku se to, dle kolegů ze sociální oblasti, které se i teďka na fond obrací, zhoršilo a je možné žádat pouze v určitých výzvách, ne průběžně. Ta průběžnost tam byla z dobrého důvodu a fungovalo by to, ale na to se můžeme podívat někdy jindy. Tadyten bod není o Sociálním nadačním fondu, ale je o činnosti kontrolního výboru. Pokud panuje u vedení města spokojenost s tím, jak ten ročník proběhl, že byly desetinásobné náklady na to, co se vybralo, tak je to hodně s podivem. Jak jsem říkal předtím, tímto způsobem se charita nedělá. A je to vlastně jako kontraproduktivní, nebo perverzní způsob financování, protože když by se ty peníze vzaly a udělalo se za to reklama, třeba za 100.000, jenom na ten Sociálně nadační fond, jenom se vybíralo, takto musí vybrat víc, než když se za desetinásobek a 700.000 z veřejných peněz vybralo 100.000 pro tento veřejný fond. To asi bije do uší všem, že ten poměr, ta nerovnost je obrovská. A ještě, ať to nezapadne, to se zaráz vylučuje, buďto je to třešnička na dortu, že je tam někde nějaká charita u toho, anebo je to charitativní běh, kdy je na prvním místě komunikace toho, že je to charitativní běh a že se vybírá na nějaký konkrétní účel. Ale pokud v těch smlouvách o propagaci, které na to město dalo, ty peníze, anebo městské firmy, které na to za tímto účelem daly dar, aby se uspořádal ten běh, není ani jednou slovo charita. A že se má komunikovat nadační fond města Brna, a místo toho se komunikuje jméno a příjmení primátorky, včetně titulu, jak cituji z té smlouvy, tak je očividné, že se někde stala chyba, když to řeknu v nadsázce, a že cílem deklarovaným v těch smlouvách a v poskytnutých financích bylo něco jiného než komunikace charitativních funkcí.",0,e715158e17e939ea
matej-hollan,Z9/06,82,"JUDr. Robert Kerndl, náměstek primátorky: Tak to je samozřejmě úplně nesmysl, co říká Matěj Hollan. Všude byl podtext Sociálního nadačního fondu a ti, kteří tam byli, tak to dobře ví. Co se týká akciových společností, všechny akciové společnosti, které na to dávaly peníze, měly tam svoje stánky, prezentovaly tam tu činnost, kterou dělají, od Dopravního podniku až po SAKO, a samozřejmě i ty ostatní společnosti. I tyto společnosti měly svoje týmy, všechny týmy měly trička Sociálního nadačního fondu a nechci opakovat to, co tady zaznělo ústy paní primátorky. Ten podtext Sociálního nadačního fondu byl naprosto zřejmý. Když se zeptáte Brňana, kdo zná a kdo ví, že existuje nějaký Sociální nadační fond, no, můžu Vám říct, když jsem to zkoušel já, tak jich mnoho nebylo. To znamená, účelem této akce bylo vysvětlit Brňanům, že tady nějaký Sociální nadační fond je. Když Matěj Hollan hovoří o tom, že byl velmi dobře seznámen s fungováním Sociálního nadačního fondu v tom období roku 14-18, tak jenom, Matěji, kdyžs tam byl ty a měls sociálku na starosti, tak co se týká Sociálního nadačního fondu, tak například v roce 2017 jste měli příjmy 650.000 Kč. Z toho jste rozdali těm potřebným, kteří propadají tím sítem, nějakých 500.000 Kč. Jenom připomenu, když se stala předsedkyní správní rady paní primátorka, tak jedna z prvních věcí, kterou udělala, tak začala velmi aktivně oslovovat osobnosti z veřejného života a z podnikatelské sféry. Dneska ve správní radě, krom jiného, sedí například pan Chytka, zakladatel Zásilkovny a velký podporovatel všech dětí z dětských domovů, kterým říkáme mladí dospělí. Zároveň tam sedí například ředitel Regionální hospodářské komory, pan Chodák, který také pomáhá intenzivně shánět finanční prostředky. Jenom, abysme měli představu, tak za dobu fungování nového složení správní rady, pod činností paní primátorky, se podařilo vybrat desetinásobek. To znamená, když ten Sociálně nadační fond na začátku fungoval s nějakými 650.000 Kč, tak v roce 21 už to bylo skoro 6.000.000 Kč a podle toho je také adekvátně peněz, které se rozdají. Já, konkrétně, když jsem slyšel například, a to Ty určitě budeš znát, což je ta známá kauza Slunce pro Filipa, toho chlapce postiženého, který prostě nám propadl opravdu veškerými síty, tak to byl jeden z těch hlavních důvodů, proč jsem i já začal velmi aktivně shánět peníze pro Sociálně nadační fond. A myslím si, každý, kdo toto poslouchá, tak je mu jasné, že co se povedlo, tak je právě ten desetinásobek toho, aby opravdu významné osobnosti začaly na tento sociálně nadační projekt přispívat a mohli jsme se postarat o co možná nejvíc lidí. To, co tady zase",0,e715158e17e939ea
matej-hollan,Z9/06,84,"Bc. Matěj Hollan: Poslední příspěvek tadyktomuto z mojí strany. Navážu na Roberta. Myslím si, že město umí dělat marketing k sociálním akcím. Pokud se podívám na Socio Info Point, s tím názvem jsme asi zápasili nějak všichni, ten termín nebude ani tady vědět asi nikdo. Nicméně to, že existuje nějaké kontaktní místo pro tyto věci, se díky kampani, kterou jste udělali, a dobře, tak se dostala ke strašně moc lidem a je to dobře komunikováno. Jsou tam lidé s problémy, není tam, na tom, paní primátorka, ani nikdo z politiků, a ono to funguje, ta reklama. A funguje na to dobře. Určitě to vidíte i v číslech, že se lidé na to začali více obracet. Stejně tak město umí velmi dobře zpropagovat ten nadační fond, aby se o něm vědělo, že se tam dá žádat, nebo aby se to i dostalo k více možným donorům. A prostě, jak už bylo řečeno, z úrovni města sedminásobné náklady na to, co se vybere, nedávají smysl. Tímto způsobem se na charitu nevybírá. Jinak je dobře, že v tom fondu je více peněz. My jsme před volbami, i po volbách, i při projednání rozpočtu navrhovali ještě daleko více peněz z městského rozpočtu dát do toho fondu, protože je to velmi efektivní a rychlý nástroj, jak lze pomáhat samoživitelkám a tak. A v případě, že bude pokračující krize i další zimu, nebo zas nějaký covid, nebo něco, tak je to nástroj, přes který se dá výborně financovat různé věci. Na tom se shodneme a je dobře, že ten fond pracuje s vyšším rozpočtem.",0,e715158e17e939ea
matej-hollan,Z9/06,87,"Bc. Matěj Hollan: Já se vrátím k návrhu bodu, který jsem chtěl zařadit na dnešní jednání, tak se k tomu chci dostat teďka v dotazech a interpelacích a diskusi. Jedná se, a to zcela vážně, o to, aby to zajištění spojení na vídeňské letiště, prostřednictvím železnice, bylo co nejkvalitnější. A pokud napřed zůstaneme jenom u toho základu. Tak pokud nebyly jasné podmínky toho zadání, a jeden dopravce dá kratší cestu bez zastávky na vídeňském hlavním nádraží a druhý, a ten jeden je logicky o něco dražší a delší, a je to ten důvod, proč potom není vybrán, tak ta chyba je na straně zadavatele, že to nespecifikoval, nebo že to bylo nejasné. Mně, a asi každému, je jedno, kdo tam bude jezdit, když to bude kvalitní. Ale není jedno to, že ten, kdo to bude provozovat, tak s tím musí mít zkušenosti. Musí být schopen zaručit, že má dostatek souprav a vozů, včetně mašin, na to, když mu nějaký ten spoj vypadne, aby to byl schopen včas nahradit. A hlavně mě zajímá, a zajímá to určitě média, zajímá to veřejnost, jak často to tam bude jezdit? A pokud je součástí té jedné nabídky, že když město bude dotovat tu noční linku, tak že tam bude jezdit sám ještě 2x přes den, na to vídeňské letiště, tak je to pro rozježdění toho vlaku, tech spojů, je to zásadní. Ta frekvence je důležitá. A je něco jiného, než když to jede jenom 1x ve 2 v noci, když to pojede ještě ve více denních časech. A jestli můžu vyjádření teď? Protože ta věc je teďka čerstvá, tak budu rád za vysvětlení, jak k tomuto došlo a proč se vlastně jako neřeší a nejedná tak, aby to spojení s tím vídeňským letištěm bylo co nejlepší pro cestující, nejenom 1x denně. Zvlášť ten spoj, který potom se vrací z letiště večer zpátky, tak bez zajíždění na vídeňské hlavní nádraží je po dopravní stránce hodně nesmyslný.",4,e715158e17e939ea
matej-hollan,Z9/06,88,"Bc. Matěj Hollan: Děkuju panu Kratochvílovi za tu odpověď, už je mi to jasnější. To, možná neporozumění v tom, jak funguje železniční doprava, ty nácestné zastávky jsou hodně klíčové pro to, jak se to bude využívat. Představa, že cestující se budou chtít přesouvat pouze mezi Brnem a letištěm a nechtěli by užít něco na trase, je mylná. A město by to mělo umět více specifikovat a mělo by vědět, proč to zadává. Já poprosím současně, a to prosím berte jako interpelaci, protože mě to zajímá, jak byl, jaká byla zkušenost s tím dosavadním provozem toho pilotu, jaká byla obsazenost tohoto spoje a jestli případně nějaký problém už není tady, proč, asi jste na základě toho modelovali i to zadání. Ale to, že se míjí ten hlavní uzel, kde se pohybuje nejvíce cestujících, a jede se jenom na to letiště, je zvláštní. Je to podobné, jako když by Brno neusilovalo o to, aby VRTka, v budoucnu, zajela i do centra města a zastavovala jenom někde na kraji. To, kde se pohybuje ten největší počet cestujících, je důležité. A k té druhé věci. Možná, že se s nimi taky bavíte, s těmi dopravci, tak víte, že bez toho, bez té veřejné subvence na tadytu 1 linku, ty denní spoje, jenom v tom soukromém režimu, nebudou. Takže místo toho, aby mohly být 3 spoje na vídeňské letiště, tak bude 1. A já samozřejmě si přeju, pokud to dopadne tak, že to bude dělat Gepard Express, aby to fungovalo. Nebyl bych si tím tak úplně jistý, protože ta zkušenost s tím provozem osobní dopravy, pravidelné, tam chybí. Ale všichni si přejeme, aby to tak dopadlo. Ale Brno mohlo mít 3 linky a bude mít 1, možná. Teda 3 spoje.",2,e715158e17e939ea
matej-hollan,Z9/08,49,"Bc. Matěj Hollan: Já myslím, že k té hokejové hale bylo řečené už toho hodně a ten výsledek, dnešní hlasování, je asi zřejmý. Přesto bych k tomu rád uvedl několik věcí. Tak jak jste říkala, že, když je potřeba jít na dobrý koncert brněnské filharmonie, tak je potřeba odjet do O2 areny a v tom výroku je myslím koncentrováno veškeré nepochopení ohledně toho, proč a pro koho se ten sál staví. Pro filharmonii se staví jiný sál. Filharmonie nepotřebuje O2 arenu, nepotřebuje ani velkou hokejovou halu, jestli párkrát za rok hraje nějaká filharmonie s nějakou velkou kapelou, tak to není gró té činnosti, když chcete slyšet dobrou filharmonii, potřebujete dobrý akustický sál, který doufám, že se postaví. Velká hokejová aréna ať v Praze, v Brně nebo ve Vídni nebo kdekoliv, své činnosti filharmonie nijak nesouvisí a odvolávat se na brněnskou filharmonii mně přijde velmi komické. Jak vyplynulo i z analýzy, která byla publikována nedávno v Mladé frontě, ten projekt brněnské hokejové haly je u té kulturní části, té kulturní náplně postavený zcela na vodě. Ekonomická analýza, která mi byla poskytnuta, následně poskytnuto nějaké vysvětlení nebo spíš nevysvětlení, na té prezentaci, co byla na výstavišti, je vypovídající. A ta ekonomická analýza byla tvořena tak, že se potřebovalo dostat na nulu nebo do kladných čísel. Takže se na začátek zvolilo to čísílko, kterému je potřeba se dostat, pak to ta firma zpětně dopočítávala, kdy si tam kreslila různé počty koncertů, jak tam budou velké, kolik desetitisícových koncertů, kolik sedmitisícových koncertů tam ročně proběhne v průběhu let, když se připravovala ta ekonomická analýza, tak tahle čísla tam prostě lítala a když jsem se na to ptal, jaké k tomu byly použity nějaké analytické podklady, na základě čeho to ta firma takto sestavila, tak mi bylo oficiálně odpovězeno, že si to prostě myslí. Že se s někým o tom bavili a že si to myslí, že by to takhle nějak mohlo být. Ve skutečnosti je ta kulturní část fikce. Je fikce, že tato hokejová hala přivítá ročně 360 tisíc návštěvníků v kultuře. Brno není natolik spádové, nestane se to, navíc, jak je v té analýze Mladé fronty obsaženo, pokud se postaví velká hala ve Vídni na velké koncerty, případně někde jinde, tak to Brno je srandovní. Oproti Praze nebo Vídni je Brno srandovní, nemá spádovost, nebudou sem jezdit velké hvězdy, nenaplní se to, neprodáte za tolik ty lístky. Tedy to bude trvale generovat obrovskou ztrátu ve výši desítek milionů ročně. Teď se do toho nainvestuje úplně všechno, kvůli tomu neděláme lehko atletickou halu, kreativní centrum, nedělá se fotbalový stadion, pro který teď nově hledáte, kde by tak případně mohl v Brně stát. Všechny investice do ostatní infrastruktury kulturní nebo sportovní či jiné jsou odepsané, pozastavené, aby se to horko těžko s odřenýma ušima za obrovské úroky nějak zvládlo ufinancovat. Následně až se tato černá díra postaví, tak bude trvale generovat velkou ztrátu. Bude dobré se podívat na všechny, kdo pro to dnes budou hlasovat, na jejich jména, na jejich strany, abychom si to pamatovali až se to případně dostaví a nebude to fungovat, tak aby se vědělo, kdo za to může.",0,1b7d3b44f9e1e083
matej-hollan,Z9/08,88,"JUDr. Markéta Vaňková, primátorka: Návrh nebyl přijat. Matěj Hollan se stále hlásí, chce hovořit, nebo? Nechce. Děkuji. Takže budeme hlasovat o návrhu usnesení, tak jak bylo navrženo v podkladech. To znamená, bere na vědomí a schvaluje. Zahajuji hlasování: Hlasování č. 127: Neplatné hlasování",2,1b7d3b44f9e1e083
matej-hollan,Z9/09,9,"Bc. Matěj Hollan: Já bych v tomto bodě ještě rád se vrátil k minulé volbě do Výboru pro národnostní menšiny z května tohoto roku, protože předpokládám, že koalice i SPD to ví, ale myslím si, že ostatní nejsou zcela seznámeni s tím, koho jste si tam tehdy místo naší nominantky, Kristýny Fuchsové, zvolili. Pan Beznosik, jak bylo v květnu řečeno panem Skřičkou, je Ukrajinec a jejich člen, to bylo všechno, co jsme se o něm tehdy dozvěděli. V kontextu toho, ve kterém ale sedí výboru, je dobré o něm uvést nějaké další informace. Obchodní historie pana Beznosika sahá v Česku do roku 2003. Sám, podle vlastních slov, je zde od roku 99. V tom roce 20, 2003 se objevuje ve firmě Koťa, kterou řídí spolu s množstvím dalších Rusů a Ukrajinců. Žádnou ukrajinskou verzi stránek firma nemá, jen českou, ruskou a anglickou. A co tato firma dělá? Získejte trvalý pobyt na adrese v Brně on-line. Váš pronajímatel Vám nechce dát souhlas k trvalému pobytu? Rodiče Vám chtějí zrušit souhlas s trvalým pobytem v jejich nemovitosti? Hrozí Vám návštěva exekutora a nechcete, aby byl ohrožen majetek Vašich blízkých? Potřebujete mít trvalý pobyt kvůli sociálním dávkám? Hledáte odpovědi na tyto otázky? Jste na správné stránce. Souhlas s trvalým pobytem poskytujeme na reálné adrese v rodinném domě. Samozřejmostí je vlastní poštovní schránka v domě. Takže pokud se třeba pan ministr Jurečka bije v prsa tím, jak zasáhne proti zneužívání dávek, tak zde jste si zvolili do Výboru pro národnostní menšiny člověka, který se živí tím, aby lidi skrýval před úřady. Když potřebuju trvalý bydliště kvůli dávkám, tak jim to na nějaké fiktivní adrese sežene. Cituji z webu: „Pokud mě někdo hledá, včetně státních úřadů, kterou uniformuci mu poskytnete? Odpověď – podle zákona o ochraně osobních údajů nemáme právo sdělovat informaci o Vás třetím stranám, proto nebude žádná informace o Vás nikomu poskytnuta.“ Jak plyne z veřejného rejstříku, tak tato firma je, nebo dříve byla, i klasickou zprostředkovatelskou, zaměstnavatelskou agenturou. Předmět činnosti – zprostředkování zaměstnání na území České republiky cizincům ze států: Běloruská republika, Kazašská republika, Moldavská republika, Ukrajina, Uzbecká republika, pro všechny druhy prací. Jak tyto agentury fungují či fungovaly pro to ruskojazyčné prostředí, je asi zbytečné před, připomínat. V tomto kontextu asi už úplně nepřekvapí, že pán Beznosik se snažil podvádět u daní. Cituji ze 2 rozsudků Nejvyššího správního soudu ohledně 2 jeho firem, kterých má víc, šlo o jeho kasační stížnost na zamítnutí finančního úřadu a následně rozhodnutí soudu, kdy se snažil krátit na daních, obejít povinnost platit daně, šlo o zamítnutí registrace jeho firem k dani z přidané hodnoty. Rozsudek proti firmě Kraft Energie, kde je jediným společníkem. Podobně jako krajský soud, považuje i Nejvyšší správní soud za relevantní zjištění orgánu finanční správy o povaze a průběhu předmětných transakcí. V této souvislosti lze zejména zmínit, že jednatel stěžovatelky, Oleg Beznosik, nebyl schopen uvést, zda se prodané zboží nachází, kde se prodané zboží nachází, jakož i to, že z objednávek nebylo lze zjistit, kdo je podepsal, z dodacích listů nebylo zřejmé, kdo měl zboží přebírat, kdo je podepsal a tak dál. Přehlédnout nelze ani zjištěnou nestandardnost úhrady faktur za deklarovaná plnění, jakož ani zjištění, že fakturace deklarovaných obchodních transakcí byla prováděna mezi personálně propojenými korporacemi. Uvedené skutečnosti nelze, podle názoru Nejvyššího správního soudu, považovat za zástupné či nepostatné. Nutno dodat, že pouze na těchto skutečnostech orgány finanční správy ani krajský soud nepostavily závěr o nemožnosti provedení registrace stěžovatelky. V Brně dne 3. prosince 2020. A další rozsudek Nejvyššího správního soudu proti firmě Rapid Drilling, kde byl v té době mnoho let jednatelem. Podle žalovaného byl nalezen nedostatek nepřímých důkazů nasvědčujících, že výše obratu nutná",0,3662325cd3a42957
matej-hollan,Z9/09,40,"Bc. Matěj Hollan: Já ocituju z důvodové zprávy – „Projekt reaguje na vysoký počet domácností v bytové nouzi, které jsou dlouhodobě ohrožené sociálním vyloučením nebo jsou sociálně vyloučené. Za poslední 3 roky se zvýšil počet žadatelů o sociální byt, spotřebu komplexní sociální podpory o více než 100 %. Problém bytové nouze domácností na území města Brna se zvyšuje zejména z důvodu stále se zhoršující se dostupnosti standardního bydlení a dalšími limity na straně osob z cílové skupiny, jež nejsou schopny svoji bytovou situaci řešit vlastními silami. Primárním cílem projektu je ukončit bytovou nouzi 20 domácnostem.“ Chci se zeptat, jaký je plán pro ten zbytek domácností? Registruju, že v tom předchozím bodu, č. 71), podpora, projekt „Podpora kapacit sociální práce v sociálním bydlení“, tak že se tam čerpají peníze pro sociální pracovníky, aby toto mohli lépe pokrývat, aby jich nebylo tak málo, protože tam průměrně připadá 18 domácností na 1 pracovníka, což je i překročení nějakého vnitřního limitu a nejde to moc zvládat. Ale to je jenom sociální práce, důležité jsou ty samotné byty. Takže když se dočítáme, že za, jenom za poslední 3 roky to vzrostlo o více než 100 %, tak 20 domácností, kterým by se mělo pomoct, je hodně nedostačující. Jak se řeší ten zbytek?",0,3662325cd3a42957
matej-hollan,Z9/09,42,"Bc. Matěj Hollan: Chtěl bych se zeptat, jestli se při budoucím provozu toho kontaktního centra počítá se spolupráci s Podanými rukami, kteří to mokré centrum zajišťují dnes? V tom materiálu vidím, že to má přecházet pod sociální odbor. Znamená to, že tam přejdou, že je nějaká domluva, že tam přejdou zaměstnanci, kteří jsou dneska v Podaných rukách, nebo ta činnost Podaných ruk se ukončí, nebo je to mater, nebo to znamená, že to kontaktní centrum bude město vlastnit, Odbor sociální péče nějak spravovat, po stránce údržby a tak, a tu samotnou službu tam nadále budou v budoucnu provozovat Podané ruce, nebo to přechází?",0,3662325cd3a42957
matej-hollan,Z9/11,1,"Připojeni on-line: Mgr. Petr Hladík, Bc. Matěj Hollan, Bc. Tomáš Koláčný, RNDr. Miroslav Kubásek, Ph.D.",0,8b2034d2529405ca
matej-hollan,Z9/11,20,"JUDr. Markéta Vaňková, primátorka: Tak. A mám informaci, že Matěj Hollan by měl být schopný se připojit přes Teams. Tak to zkusíme?",0,8b2034d2529405ca
matej-hollan,Z9/11,20,"Bc. Matěj Hollan: Já se dneska, i proto, že jsem distančně, vyjádřím krátce. Z toho, jak ta diskuse už několik týdnů postupuje, tak si myslím, že je zřejmé zejména to, že informovanost zastupitelů, aby mohli rozhodnout o takto vážné věci, je velmi malá. Jak říkalo i několik představitelů ODS, myslím, že to byl pan Krásný a Kratochvíl, tak se v těch údajích ztrácejí. Je to 7 000 stran, jsou to složité, odborné matematické výpočty ohledně CO2 a dalších věcí, a ve chvíli, když máme ty materiály 12 hod. před zastupitelstvem, případně i ta naše reakce, která přišla po celonoční práci, 2 hod., nebo 1 hod. před zastupitelstvem, tak je to skutečně málo na prostudování takto závažné problematiky, která nutně musí mít velký dopad na firmu, na město Brno, na Jihomoravský kraj a na spoustu dalších věcí. A ve chvíli, když ani členové koalice se v tom materiálu detailně nevyznají, tak rozhodovat o takto závažné věci, když navíc nejsme pod časovým tlakem, pokládám za nezodpovědné. Což není v rozporu s tím, co teď uvedu, byť je to další problematizace, nebo další pohled na tu celou věc. Než se k tomu dostanu, tak jenom bych rád zmínil, že všechny politické strany, které dneska sedí v zastupitelstvu a v posledních 3 volebních období byly ve vedení města, tak tento projekt připravovaly. Do června tohoto roku za ním všichni stáli. Ať se to týká ANO, ODS, KDU-ČSL, STAN, TOP 09, Zelených, Žít Brno, Pirátů, všichni jsme u toho byli a za tím projektem stáli. Všechny informace o tom, že jsme popelnicí republiky, že je problém spalovat odpadky, vznikl od června, nebo července tohoto roku a předtím se neobjevoval. Dokládaj, dokládá to desítky různých materiálů, ale včetně kalendáře města Brna pro tento rok, kde se tím chlubí, čistou energií z odpadu. Dokládá to energetická strategie. Dokládá to ten akční plán v oblasti klimatu, SECAP, o kterém paní primátorka minulý týden bavila, se bavila, že pokud ho chceme dodržet, tak nemůžeme stavět ten 3. kotel. V tom SECAP je ale napsaný opak. Nemůže platit oboje zároveň. SECAP stojí na 3. kotli, je to tam napsáno, ale minulý týden zaznělo na zastupitelstvu, že ho nemůžeme dodržet. To jsou natolik rozporné informace, že je potřeba jejich přesné vyjasnění. Co mě, stejně jako pana ministra životního prostředí a zastupitele, Hladíka, šokuje, že jsou zde naprosto protichůdné informace 2 firem, které na tom projektu ale doteď spolupracovaly, mají na to uzavřené memoranda a roky se na to připravují. Pokud Teplárny obviňují SAKO z manipulace, nebo jak je to přesně v té první odpovědi, v tom jednom ze 2 materiálů uvedeno, tak je to vážně obvinění. A ať dopadne ta diskuse o pokračování, nebo nepokračování výstavby 3. kotle jakkoliv, tak není možné nad tím jenom tak mávnout rukou, protože, co toto obvinění Tepláren říká? Že SAKO roky manipulovalo s daty, že je zmanipulovaná celá ta žádost o dotaci, že všichni, ve všech stupních, kteří kontrolovali tu dotaci a přidělovali ji, to buď neprohlédli, nebo se tadytohoto účastnili, protože ta dotace je založená na tom, že se snižuje zátěž CO 2, mimo jiné. Má tam i další parametry, ale říká i tadytoto. A Teplárny teď najednou tvrdí, že to tak není, byť se toho doteď účastnily. A jak Jana Drápalová, nebo další předřečníci uváděli, tak doteď Teplárny, ve všech oficiálních svých vyjádření, říkaly opak toho, co říkají teď. V takto velkém informačním vakuu, nebo rozporuplných informací, nepokládám za možné kvalifikovaně o tomto rozhodovat. A z hlediska toho, že nás ten čas netlačí, tak doporučuju, aby se to odložilo. A nijak nepopírám, že to rozhodnutí je pro Brno vážné a důležité, ale je potřeba k němu ty informace mít a být schopen se v nich vyznat. I z toho důvodu jsem ráno poslal tabulku výpočtu, co znamená emise CO 2 při těch jednotlivých scénářích, kterou vypracovali odborníci na základě oficiálních metodik, podle kterých se toto počítá, a tam je zase něco jiného, než říkají Teplárny. Potvrzuje to co, co je v SEC, to, co je v SECAP. Potvrzuje to to, co je v žádosti, a potvrzuje to to, na základě které jsme tu velkou dotaci",0,8b2034d2529405ca
matej-hollan,Z9/11,22,"JUDr. Markéta Vaňková, primátorka: Byl tam Matěj Hollan, ale zmizel. Asi už je na jednání s panem bývalým primátorem, Bémem.",0,8b2034d2529405ca
matej-hollan,Z9/11,28,"Bc. Matěj Hollan: Já bych jenom chtěl říct, že taky nesouhlasím s tím, aby bylo rozdílný způsob volby pro distanční a pro ty, co jsou v sále. Nemyslím si, že to má oporu v jednacím řádu a že by to takto mohlo obstát, aby to hlasování bylo zaráz veřejné a tajné. Myslím si, že to neumožňuje ani zákon o obcích tímto způsobem postupovat. V tom bych rád si vyžádal právní poradu, jestli je možné hlasovat hybridním způsobem, tajně a veřejně zároveň? To je jedna věc. Druhá, že jsem, že bych opravdu rád slyšel jasné závěry, na kterých se shodne SAKO i Teplárny, jak je to s tím CO 2, jestli v případě výstavby 3. kotle je pravda to, co je v žádosti o dotaci, a jak je přidělena dotace, a to, co je v SECAP, nebo to pravda není? Aby na to od, o, aby na to ze strany města a městských firem existovala jedna odpověď. Není to tak, jestli se chtějí, nebo nechtějí nějací odborníci vyjádřit, je to moje žádost, jako",0,8b2034d2529405ca
matej-hollan,Z9/11,30,"Bc. Matěj Hollan: No, já se ještě jednou, znova vrátím, zkusím to říct pregnantněji, ten můj dotaz na právní rozbor. Ve chvíli, když je jednacím řádem zavedena možnost se distančně účastnit, vyplývá z toho i možnost hlasovat. Nikoliv možnost vstoupit do diskuse. Mnohokrát, i v době pocovidové, bylo rozhodnuto o důležitých věcech i hlasy lidí, kteří byli připojeni distančně. Ty práva zastupitele v tom jsou stejná, protože to upravuje jednací řád. Bylo to tak, ano, v době Covidu povoleno Ministerstvem vnitra, takto k tomu přistoupeno, od té doby to dále platí. Ten můj dotaz byl ale formulován jednoznačně. Umožňuje zákon o obcích současné hlasování tajně i veřejně? Ano, nebo ne? Pokud ho umožňuje, tak na základě čeho? Z čeho vyplývá, že je možné zaráz hlasovat tajně i veřejně, když si schválí zastupitelstvo tajnou volbu, tak jak současně toto bude dodrženo? Já se ze čtení zákona o obcích, případně jednacího řádu, nejsem schopen tam nikde najít, že je možné hlasovat obojími způsoby zaráz. Protože buď se hlasuje veřejně, tak aby to bylo veřejně dohledatelné, nebo tajně, ale ten obojí způsob souběžného hlasování mi nedává smysl, protože ty 2 hlasování stojí v sobě. Tak prosím ne o to, jestli to umíte technicky zajistit, nebo ne, protože o tom se asi není potřeba bavit, Piráti i další subjekty mají běžně tajné hlasování, některé země tak umí dokonce volit. Takže to určitě de zajistit, tato věc. Ale z čeho to právně vyplývá, že je možné, aby to bylo souběžně, tak i tak?",0,8b2034d2529405ca
matej-hollan,Z9/10,2,"Bc. Matěj Hollan – dotázal se na průběh hlasování, kterému neporozuměl.",2,eb0d7acd8a1bcc62
matej-hollan,Z9/10,24,"Bc. Matěj Hollan: Já bych to doplnil. Když dneska, vlastně záhy po tomto bodu, tady bude debata o tom, jestli se Brno má zbavit spalování odpadu, protože, podle pana náměstka pro energetiku, Kerndla, jsou to obrovské zplodiny CO2, chceme, aby Brno, bylo Brňanům do vzduchu vypuštěno navíc 145 000 t CO2? Nemluvě o dalších nebezpečných látkách včetně oxidů dusíku a podobně. Když se podíváme na materiály SAKA, na oficiální prezentaci této firmy, tak najdeme věty jako: možná nevíte, že spalovna vypouští méně dioxinu než slavnostní ohňostroj. Pokud si vezmeme ještě na pomoc slova předchozího ministra životního prostředí, Brabce, za vlády premiéra Babiše:",0,eb0d7acd8a1bcc62
matej-hollan,Z9/10,47,"Bc. Matěj Hollan: Jenom, než začnu mluvit, já vím, že jsem se hlásil až po Marku Lahodovi, který tam automaticky přeskočil za mě, dozadu. Tak jestli nemá mluvit teďka on, nebo nechce?",0,eb0d7acd8a1bcc62
matej-hollan,Z9/10,48,"Bc. Matěj Hollan: Já se postupně dostanu k více věcem. Co mě zaujalo v té Vaší, myslím, že úvodní řeči, proč nemáme mít ten další kotel SAKA, tak mě tam zarazilo několik výroků. Oni o tom už trošku mluvili kolegové, ale ještě se k tomu vrátím. Říkala jste něco ve smyslu, čím víc odpadu spálíme, tím víc CO2 vypustíme. Jak kdyby to CO2 pro Brno bylo nějaký strašák. Není. Je to pouze skleníkový plyn, který přispívá k oteplování. Ale jako takový, sám o sobě, není škodlivý. Je jedno, kolik se ho tady vypustí. Jde nám o celkovou bilanci, jde o celkovou bilanci světa, Evropy, republiky. A je to přímo naopak. Čím více odpadů spálíme, tím méně skleníkových plynů se budou uvolňovat ze skládkování, které je v tomto daleko horší. A pokud jste v další fázi řekla, nebo takto, v další fázi jste řekla dost neuvěřitelné 2 věty za sebou. Skládkování bude od roku 2030 zakázáno, proto se spalování dostává mezi ty nepreferované druhy zpracování odpadu. Přičemž je to přesně naopak. Právě tím, že skládkování bude zakázáno, tak vznikne daleko větší poptávka po spalování, jakožto ekologicky i klimaticky daleko lepším způsobu nakládání s odpady. A konkurenční výhodu bude mít ten, který bude mít kapacitu pro to spalování. Ty obce v Jihomoravském kraji, respektive celý Jihomoravský kraj, který by se odepsáním výstavby 3. kotle poškodil, tak budou muset s tím svým odpadem jezdit někam jinam. Budou muset ho dražším způsobem likvidovat, ten odpad, a my se tím poškodíme. Protože, jak už tady opakovaně zaznělo, místo toho, abychom navýšili kapacity pro spalování, a tím zajistili levné teplo pro Brňany, tak se toho dobrovolně vzdáváme. Ta demagogie o tom, co by občan Zlína řekl na to, když by se mu tam vozily odpady, občanům Brna, jsem si tím 100 % jist, můžeme na to udělat nějakou oblíbenou anketu, určitě nevadí, že se zde spalují odpady, pokud to znamená, že životní prostředí a ovzduší tím není nijak poškozeno, jak říkal například ministr životního prostředí Brabec a kdokoliv další, kdo tomu rozumí, není poškozeno, a máme levné teplo. Pokud se Brňanů zeptáte, chcete mít nadále levné teplo, nebo chcete mít dražší teplo? Tak asi všichni víme, jak občan odpoví. Jeho nezajímá primárně, z čeho to vzniká, zajímá, zajímá ho ta koncová cena, která je ze zpracování odpadů prostě daleko, daleko levnější. A tohle je jenom taková PR mlha, která vznikla pravděpodobně na základě toho, když se, když si Teplárny objednaly PR firmu ACCESS EU, případně nějakou další, na to, aby pomohla udělat dobrý zvuk té, tomu horkovodu z Dukovan. Zhruba někdy na jaře se stalo to, že Vám to asi pravděpodobně přestalo vycházet, a ukázalo se, že SAKO a ten 3. kotel tomu velmi konkuruje. Takže jste začali vymýšlet PR strategii, jak z kotle, který nebyl do jara žádný problém, všechny politické reprezentace, kontinuálně od roku, zhruba, 2010, 12, se stavěly za ten kotel, ať tam byla jakákoliv strana ve vedení města Brna, včetně nás Zelených, Lidovců, ANO, ODS, KDU-ČSL, TOP, kohokoliv, tak vždycky se stavěla za ten kotel. A teď najednou se tady vytváří PR mlha typu - popelnice Evropy, špinavé ovzduší pro Brňany, a chcete tadytímto způsobem rétoricky vystrašit lidi a udělat k tomu nějaké PR berličky, proč město musí tento nečistý, odpadkový zdroj tepla ze svého území vyhnat pryč. Ale všichni, kdo do toho nějak vidí, ví, že je to jenom průhledná PR lež, na zakázku vytvořená, k tomu, aby se tady vystavila jakási takováto pochybná argumentace, která Vám pomůže případně se dostat k tomu odepsání 3. kotle spalovny. Ta argumentace tím, že je to",0,eb0d7acd8a1bcc62
matej-hollan,Z9/10,50,"Bc. Matěj Hollan: Ještě asi znovu k tomu CO2. Protože mně to přijde, ta hraná nevědomost, jakým způsobem funguje na atmosféru CO2, a ten údiv nad tím, že by nemuselo vadit, když se v Brně vypustí CO 2, pokud to v celkové bilanci znamená menší emise skleníkových plynů, jako nějaká snaha hrát potom, případně před vyšetřovacími orgány, pokud by tadytuhle věc prošetřovaly, nějakou nevědomost, že jste tomu projektu nerozuměla, že vlastně Vám jenom někdo něco navykládal. Tak aby to tady jasně zaznělo, a už to říkali kolegové, ale je potřeba to evidentně říci ještě 10x dokola, i ten příští týden. Je to opravdu jedno, kolik se vypustí v Brně. Záleží na té celkové bilanci, kolik se z toho odpadu uvolní skleníkových plynů. Nejlepší je recyklace, dáme to dál do oběhu, i tam ale můžou prostě přicházet nějaké, nějaké emise, někde ne zanedbatelné, u toho recyklování. Je to pak to spalování, nejhorší ze všeho je skládkování, protože to eště ze sebe dostává metan. A kromě všech dalších jako negativních doprovodných jevů je to ten důvod, proč se má se skládkováním přestat. Takže to efektivní spalování je klimaticky relevantní opatření. A například ta úmluva starostů a primátorů, to je prostě nějaký papír, na ten se nejde právně odvolávat. Je skvělé, že ho město podepsalo, ale ten je vystavený racionálně, ta celá úmluva. Takže když se odůvodní, i v rámci SECAP, proč se dělá takovéto opatření, tak ten SECAP není nějakej, jako hloupý nástroj, který říká, přesně tadynatěchle km² se musí dosahovat toho a toho. Ten se taky zabývá celkovými bilancemi. Ještě bych rád se dostal k tomu, že je hodně zajímavé sledovat tu genezi, kterou jsme v posledních 3, nebo 3,5 měsících došli až do dnešní situace. Ještě v červnu je tady článek Mladé fronty - „Miliardové investice, tisícové úspory. Brno se zbavuje závislosti na plynu“, a jedno z těch stěžejních věcí je právě dostavba, výstavba 3. kotle. Když to tady, když si tady vygooglím - podle náměstka brněnské primátorky, Roberta Kerndla, který má na starosti energetiku, bude úspora, díky novému kotli na odpad, záviset na tom, nakolik se spalováním bude získávat horká voda, a nakolik elektřina. Úspora ale může být klidně 200, nebo 250 Kč/GJ tepla. To je ještě červnové vyjádření, kdy celá koalice jasně říká, že chce v 3. kotli pokračovat, že není žádný důvod tuto rozumnou investici zastavovat. Pak, někdy v červenci, se na serveru Neovlivní.cz objevil materiál, že město z toho vycouvává. Bylo to zvláštní. Protože pouze Neovlivní měli tuto informaci. Když se na to ptala další média, jak, myslím, že předsedy představenstva SAKA, pana Urubka, tak, dalších z vedení města, tak to nikdo nepotvrzoval. Ta informace neexistovala. Existovala jenom na Neovlivní a nikdo jiný to nebyl schopný verifikovat, že k tomu městu, město směřuje. Jak se ukázalo, tak paní Slonková tu informaci nějak dokázala získat a měla informační náskok a byla pravdivá. A najednou, jako mávnutím kouzelného proutku, minulý týden se zjistilo, že vedení města otočilo. A jak zase píše Mladá fronta - Čistá energie z odpadu, hlásá zářijová strana nástěnného kalendáře Brna, jenž má na každý měsíc nějaké heslo. Stejně jako web představující obří projekty 2. největšího města v zemi. Ostatně ještě loni, na podzim, brněnská primátorka, Markéta Vaňková, opakovaně před volbami hovořila o tom, že výstavba nového kotle a energetické využití komunálního odpadu ze širokého regionu je jedním z pilířů pro odklon od využívání zemního plynu, zejména toho ruského, pro výrobu tepla. Za ten rok se v té věci nezměnilo nic. Nezměnilo se nic, v tom smyslu, že když jste byli předtím 4 roky ve vedení města Brna, měli jste plné informace o tom a dobrou orientaci v té době, v tom tématu, a i ODS před volbami, v rámci kampaně, samozřejmě potvrzovala, že výstavba nového kotle bude, protože je to pro Brno nejlepší řešení. Najednou tady, mezi červnem a říjnem, začaly uměle vznikat PR strategie a z prstu vycucané, 300stránkové analýzy, které se snaží zvrátit ten dlouholetý, kontinuální postup všech vedení města za poslední 3, nebo 4 volební období, směřující k tomu, aby Brno ještě více posilovalo v tom segmentu spalování. A tenhle obrat, tenhle kotrmelec, za ty poslední 3 měsíce, kvůli tomu, co si myslím, že za tím je, možná, že je za tím něco jiného, ale jsem přesvědčený, že je za tím jednak aktivita pana Křetínského, a jednak",0,eb0d7acd8a1bcc62
matej-hollan,Z9/10,51,"JUDr. Robert Kerndl, náměstek primátorky: Já mám takový pocit, z té dnešní debaty, že svět se obrátil vzhůru nohama, že se prostě nějak, někteří, úplně, já vlastně nenacházím slov. Řekl bych, že ústy paní Drápalové, stejně tak ústy Matěje Hollana a ostatní, prostě zaznívá rétorika, která nepatří do této doby. Pojďme si shrnout nějaká fakta. Jestli myšlenka 3. kotle vznikla v roce 2012, 14, 16, je úplně jedno. V roce 2018 jsme v zastupitelstvu měli nějaký materiál a na základě toho materiálu jsme řekli - ano, jeví se to jako dobrá myšlenka, společnosti SAKO, běž a ten kotel začni připravovat, s tím, že by měl být zrealizován. Zároveň v roce 2020 de materiál do rady, kdy rada říká - ano, tento materiál je připraven dobře, běžte, běžte a běžte realizovat tuto stavbu, toto zařízení. Co se však stává, co se však stává, že evropská legislativa se začíná na spalování odpadu dívat jinou optikou. Vzniká Green Deal, na něj navazuje Fit for 55, na něj navazují další dokumenty, jako například REPower, a tak dál, a co nám všechny tyto dokumenty říkají? Všechny tyto dokumenty nám říkají - soustřeď se na to, ať ty odpady nevznikají. Tady musím pochválit Ministerstvo životního prostředí, protože v současné době probíhá, podle mých informací, velmi vážná debata o tom, jakým způsobem se postavit ke všem výrobcům obalů, tak aby ty obaly, do budoucna, neskončily ani na skládce, ani v kotli, ale aby byly možné je recyklovat. Co tím chci říct? Evropská unie jasně říká, jakým způsobem se máme dívat na odpad, do budoucna. Máme se na něho dívat jako na surovinu, kterou je potřeba recyklovat, kterou je potřeba znovu vrátit v život. V žádném případě se na něho nedívá tak, že by měla vyletět komínem. To v žádném případě se na něho takto nedívá. O tom můžeme vést jakoukoliv polemiku. To znamená, k těm debatám, jak je možné, že to město je tak nekompetentní a o něčem jako rozhodovalo v roce 2018 a v roce 2020. No, na základě toho, že svět se prostě mění. Taková je doba. Matěj Hollan, mistr ve strašení, hovoří tady o nějakých ekonomických dopadech a aspektech. Pan ministr Hladík pochválil pana ředitele Měchuru, že má pocit, že je jeden z nejlepších odborníků, takže do pátku, předpokládám, budete mít jasné stanovisko, co udělá případná nerealizace kotle K1. Pojďme si říct, jak to vlastně celé vzniklo. Ono je to poměrně jednoduché. Je tady nějaká společnost, která dělala nějaké administrace. Ta společnost, pokud si dobře pamatuju, se jmenuje VIA Consult. Je tady nějaká společnost, na základě které město začalo podrobovat veškeré zakázky, na jejíž administraci se tato společnost podílela, jistým revizím. A tak vznikl logicky dotaz, je-li úplně v pořádku, že na tu pomyslnou dráhu poměrně významné zakázky, která, připomínám, byla predikovaná ve výši 2.300.000.000, vjely 4 plně ozbrojené vlaky, ale do té cílové zatáčky už přijel vlak jenom 1, s nabídkou nad 5.000.000.000? Logicky se radní ptají, je to všechno v pořádku? A na základě toho říkáme, je možné vůbec posoudit hodnotu té zakázky? Myslím si, že složitě. Člověk, který dnes reprezentoval názor z KPMG, říká: posoudili jsme vývoj tržních cen. Co to znamená vývoj tržních cen? Vývoj tržních cen znamená jedinou věc, a to, že pokud ta zakázka má opravdu hodnotu 5.000.000.000, a tím, že se vyjednala sleva, tak je to",0,eb0d7acd8a1bcc62
matej-hollan,Z9/10,54,"Bc. Matěj Hollan: Ještě k tem emisí různých plodin, ať skleníkových nebo neskleníkových plynů. V bodě 52) se odhlasovala navýšená dotace pro ohňostroje. Podle oficiálních materiálů SAKA má SAKO daleko menší vliv na znečištění ovzduší než ohňostroje. Podle vyjádření bývalého ministra pro životního prostředí z ANO, pana Brabce, jsou spalovny daleko ekologičtější než ohňostroje. Pokud byste měli takový zájem o ochranu životního prostředí, zakážou se ohňostroje. Pokud byste měli takový zájem o ochranu životního prostředí a ovzduší, výrazně se omezí doprava. Já chápu, že z ideologických důvodů ODS nechce omezovat automobilovou dopravu, můžu s tím nesouhlasit, to je tak všechno. O tom, že by se tady plošně zaváděla 30 a dělaly si další opatření na snižování dopravy, tedy na zásadní ochranu ovzduší, tak se asi těžko v tomto volebním období budeme bavit. O to víc je komické slyšet tadytu obavu o životy a zdraví občanů ohledně spalování odpadů, když víme, a vlastní, a ta firma to říká, to SAKO to oficiálně uvádí, že v tomto není problém. Spalovna nám tady netvoří žádný zásadní problém se znečišťováním životního prostředí a ovzduší. Je tam nějaký. Není to zanedbatelné, není to jedno. Ale v Brně jsou daleko horší faktory, například právě ty ohňostroje, které jste dneska podpořili. Co mi taky nedávalo smysl, podobně jak Janě Drápalové, v jedné větě říct, že SAKO je rodinné stříbro, nemůžeme se toho zbavit, ale v předchozích větách tomu nakálet na hlavu, že je to nějaký hnusný dinosauří projekt, který tady znečišťuje životní prostředí, a rozhodně si sem nemůžeme vozit žádné odpadky z Olomouce, nebo ze Zlína. Ale je to naše rodinné stříbro, takže na něj určitě nebudeme sahat. Je potřeba si vybrat jednu tu komunikační strategii. Těžko se komunikujou obě zaráz, když jsou v přímém rozporu.",0,eb0d7acd8a1bcc62
matej-hollan,Z9/10,58,"Bc. Matěj Hollan: Ano. Já na to chci reagovat. Protože tadytohle jsme si už odehráli v případě podkladových materiálů pro hokejovou halu, kdy jsem to, jako zastupitel, samozřejmě dostal v plné podobě, nezačerněné, s tím dovětkem, že s tím, jako zastupitel, podle zákona o obcích a tak, který má plné právo na plnou informovanost, musím nakládat jako s informací, která tam může mít nějaká obchodní tajemství. Požaduji, abychom tu informaci dostali nezačerněnou, protože jsme zastupitelé, a je to potom naše zodpovědnost a zodpovědnost i před zákonem, abychom postupovali v režimu toho, že můžeme tam mít obchodní tajemství a nejsme oprávněni ho dále, třetím osobám, poskytovat. Dá se to ošetřit tak, že tam bude uvedeno, že toto je třeba obchodní tajemství. Ono, obecně, u veřejných firem je něco jako obchodní tajemství hodně pofiderní věc, řeší se to vrácením …",0,eb0d7acd8a1bcc62
matej-hollan,Z9/10,58,"Bc. Matěj Hollan: Já chci kompletní informace k tomu, nechci, aby se začerňovaly informace, které dostanou zastupitelé od městské firmy.",0,eb0d7acd8a1bcc62
matej-hollan,Z9/12,1,"Omluveni: Bc. Matěj Hollan, Petr Levíček, MBA, JUDr. Jiří Oliva, člen Rady města Brna, Vít Prýgl.",0,36a4e03789f899b5
matej-hollan,Z9/14,7,"Bc. Matěj Hollan: Ta situace, kterou teďka řešíme, mně přijde podobná, jako když si, už na sklonku minulého funkčního období sněmovny, tady pan Mihola sám pro sebe zřídil a prohlasoval funkci na Špilberku, aniž by komukoliv řekl, že když se čtyřnásobně přidaly peníze na tuto funkci, tak že si to zařizuje sám pro sebe. To až potom bylo jasné z médií. Tady máme také takový velmi komický materiál od kolegů Zemka a Spilkové, kteří sami pro sebe si zřizují trafiku a tváří se, že tato funkce, která nikdy nebyla potřeba uvolnit, nikdy to nikoho nenapadlo, najednou nabyde takové důležitosti, že je potřeba za 100.000 měsíčně v pozici, uvolněné funkci, vykonávat tadytuto, tuto roli. My jsme byli ještě s Piráty ve společném klubu v období 2014-2018, tak kolega Martin Freund vedl Výbor pro národnostní menšiny a máme s tím hodně zkušeností, čím se zabývá takovýto výbor. Jak píše Martin – chodíte na párty národnostních menšin, například ty řecké jsou super, připravujete Babylonfest, ale také se tam třeba prosadilo odsouzení pochodu nácků, které pak potvrdilo zastupitelstvo, nebo romská vlajka na magistrátu v Mezinárodní den Romů. Pak se řešilo, že by tam chtěly být i jiné menšiny, které různe chcou svoji vlajku v nějaký významný den, Rusové navrhli, že to budou mít 9. května, a vysvětlilo se jim, že od roku 89 se to slaví už 8. května, tak tehdy, na protest, třeba Rusové odešli z toho výboru. Můžou se tam řešit různé sociální projekty, nějaká doporučení, to nám různě psal Martin, potom teprve zjistil, že se o tom uvažuje jako o uvolněné funkci, a rozesmál se. Cituji – „Na uvolnění to samozřejmě vůbec není. To, co jsem tam psal, měl na, jsem měl na mysli jako příjemnou volnočasovou aktivitu na pár hodin měsíčně, ne 8 hod. denně. Je to asi nejnesmyslnější uvolněná pozice, co kdy byla. Radní pro IT, nebo uvolnění předseda nějaké důležité komise je mnohem menší nesmysl, než uvolnit člověka na to, aby si povídal s menšinami. To samozřejmě není nijak akční prostředí. Jsou to většinou lidé 70+, které baví se občas potkat a zazpívat si k tomu nějakou národnostní písničku. Jsou roztomilí, ale politika to úplně není. Spíš je to tak trochu folklor.“ Víme, když se koncipovala tato koalice, tak Piráti zjistili, že do ní nechcou jít den před tím, než se koalice ustanovila. Bylo to v době těch různých policejních manévrů, zásahů, vypadalo to nevábně. A mě, osobně, hodně zaráží, že loni, respektive už ten,",2,198b605f95c9e2a9
matej-hollan,Z9/14,8,"Bc. Matěj Hollan: A Monika Spilková byla ta, kdo vlastně nechtěla, aby Piráti vstoupili do té koalice. Dnes si, pro sebe, prohlasovat trafiku za 100.000, ve které se nebude dít vlastně nic, a všichni, kdo tady sedí, v zastupitelstvu, to ví, protože ví, jak funguje ten výbor národnostní menšiny, ví, co je ta agenda, tak považuju za poměrně, i lidsky, hodně zvláštní věc. Ale určitě už k tomu předem blahopřeju. Stejně jako i panu Havlíčkovi na středu, aby dostal uvolněnou funkci, protože tadytato trafika, a to držhubné, je daň za to, aby Piráti šli do koalice i na středu. A nezbývá než k tomu podgra, pogratulovat.",0,198b605f95c9e2a9
matej-hollan,Z9/14,14,"Navržená kandidátka Mgr. Monika Lukášová Spilková, Ph.D., vyslovila souhlas s kandidaturou a přednesla svůj kandidátský projev. Bc. Matěj Hollan se vyjádřil kriticky k obsahu materiálu k bodu č. 7) a Mgr. Monika Lukášová Spilková, Ph.D., na jeho kritiku krátce reagovala.",0,198b605f95c9e2a9
matej-hollan,Z9/14,34,"Bc. Matěj Hollan: Já bych rád o potvrzení, že tak, jak je to koncipované, to splňuje kritéria pro to, aby se tam mohly konat vrcholové závody, tedy že to není jenom tréninková hala, ale má to ty závodní parametry, aby se tam mohly konat jak republiková, tak případě i mezinárodní sportovní klání. Jestli k tomu je, jestli toto je jasné, jestli jsou k tomu stanoviska těch sportovních organizací?",0,198b605f95c9e2a9
matej-hollan,Z9/14,46,"Bc. Matěj Hollan: V souvislosti s tík, s tímto bodem, kdy se Divadlo Bolka Polívky má v průběhu tohoto roku přesunout do Bílého domu, bych rád upozornil na následující věc. Po skončení, minimálně dočasné, existence kina Scala, jako velkého kinosálu, tak v důsledku toho, že nedošlo k dočasnému přesunutí té instituce a kina do kinosálu Břetislava Bakaly, který se místo toho upravuje na divadlo, tak tím v Brně do velké míry zaniklo, zanikla možnost chodit na firm, na filmy artové nebo evropské produkce. Nyní vlastně máme jenom nabídku multiplexů, popřípadě Kino Lucerna, které ale nemá dramaturgii od toho multiplexu příliš odlišnou. A potom jedno Kino Art, který má menší sál, a pak ještě jeden, o hodně menší. Když se podíváme na možnost jít dneska na zajímavé filmy a člověk to nesky, nestihne, zhruba jednou, možná až 2x, kdy to projede Artem, tak ty filmy prostě z Brna zmizí a je potřeba na ně jezdit do Prahy, které má asi 8 nebo více komunitních a artových kin. A filmy jako Caravaggio, nebo další, tak ten pražský divák prostě má dostatek příležitostí se jít na to podívat. Tím, že ta Scala dál nepokračuje, tak ta reálná možnost, v reálném čase, protože nemá divák čas v tom jednom termínu, kdy se to třeba v Artu hraje, a taky se tam nemusí dostat, tak není možné vlastně ty filmy sledovat. A má to velký dopad na divácké chování a chybí v té kulturní nabídce Brna něco velmi významného. A je to velká škoda. Je to velká škoda i z toho druhého pohledu, kdy se tady velmi složitě nyní budou uvádět nějaké velké premiéry významných českých filmů, nebo těch, které jsou natočeny za pomoci finančních prostředků Jihomoravského filmového nadačního fondu. Něco jde možná občas udělat v multiplexu, ale tam to není vyhovující prostředí na premiéru, když paralelně v dalších 6 sálech běží jiný program. Art na to dispozičně není vyhovující, protože to předsálí je velmi malé. Jenom to chci konstatovat. Je to prostě objektivní fakt, že ta artová a evropská nabídka nyní v Brně není kde promítat. A když to srovnáme s Prahou, tak ten rozdíl je prostě obrovský. A na té kulturní mapě Brna to už teď začíná velmi citelně chybět.",2,198b605f95c9e2a9
matej-hollan,Z9/15,73,"Bc. Matěj Hollan: Já bych rád jenom citoval, třeba z roku 2019 – radnice chce postavit 11 obřích parkovišť, článek z Blesku, kde v seznamu Park & Ride parkovišť je na 1. místě, a je to tisková zpráva radnice, uváděno - Žlutý kopec, Tomešova, 284 míst. Je to v mnoha článcích z té doby. Od té doby se to objevuje pravidelně. Bylo to i před volbami. A do, možná do tohoto okamžiku se to oficiálně vždycky komunikovalo jako Park & Ride. Já to nechci zpochybňovat, ten, ten záměr. Jenom chci říct, že je to parkoviště Park & Ride, které z většiny takto bude využíváno. Je jasné, že tam nějakou dopravu zatáhne, do toho území. Bylo to vytipováno už dávno, jako jedna z lokalit. A zároveň je samozřejmě",0,f5c65d180b769ffd
matej-hollan,Z9/13,8,2.ZMB volí volební komisi pro volbu členky/člena Kontrolního výboru Zastupitelstva města Brna ve složení: - Bc. Matěj Hollan - Mgr. Marek Viskot - Mgr. Bc. Blanka Borovská,0,1f55fba1fd91456a
matej-hollan,Z9/13,26,"Bc. Matěj Hollan: Já bych chtěl k předložené připomínce k návrhu rozpočtu města Brna na rok 2004 paní Hanou Procházkovou, v zastoupení zaměstnaneckých organizací Národního divadla, buď si to přisvojit, nebo doplnit, aby ta částka, z které by se to navyšovalo, byla z té 500.000rezervy, která je dostatečně velká, i když tam bude o těch, zhruba, 45.000.000 míň, tak pořád bude velká. Tak se chci domluvit, i procedurálně, jestli když v rámci toho, když o tom budeme hlasovat, jestli to tímto způsobem de u toho takto vnímat, nebo takto doplnit, nebo si to mám přisvojit a podat to jako, vlastně jako totožný, duplicitní bod, akorát s tímto doplněním?",2,1f55fba1fd91456a
matej-hollan,Z9/17,1,"Omluveni: Ing. Jana Drápalová (od 10:00 hod.), Mgr. Petr Hladík, Bc. Matěj Hollan, JUDr. Michal Chládek, MBA, RNDr. Filip Chvátal, Ph.D., náměstek primátorky (od 8:45 do 10:45 hod.), Mgr. Vladan Krásný, Petr Levíček, MBA, Mgr. Monika Lukášová Spilková, Ph.D., Libor Zábranský.",0,7ebec469c9c23f69
matej-hollan,Z9/20,2,"Bc. Matěj Hollan: Vážené zastupitelky, vážení zastupiteli, děkuji za slovo, rád bych navrhl bod s názvem Nezákonné jednání generálního ředitele Dopravního podniku města Brna, Ing. Miloše Havránka, který máte pravděpodobně před sebou. Předkladatelem tohoto bodu je, tak jak je tam napsáno, Jana Drápalová, která zatím na jednání zastupitelstva cestuje, tak to krátce představím já. Jde o to, že od minulého zastupitelstva se situace kolem lanovky na kampus velmi změnila, a to tím, že žalované orgány u pražského soudu prohrály. A ta žalovaná strana je i dopravní podnik. Takže se ukázalo, že odpůrci té lanovky měli, minimálně teď, v tom správním procesu, pravdu, a skutečně nebyly při povolování lanovky zohledněny zájmy ochrany přírody a krajiny. Konkrétně se bavíme o těch zimních ptácích, které tam mají shromaždiště, nocoviště, které by bylo touto stavbou nenávratně poškozeno. A soud proto ta povolení zrušil a říkal, a konstatoval, že se musí v tom postupovat od začátku. Soud nepředjímá, jak má ten proces dopadnout, ale konstatoval nezákonnost toho procesu. Tím se ta situace velmi změnila a je důvodné o tom celém projektu jednat. Ale v tu chvíli nenavrhujeme ani tak jednání o tom celém projektu, jako jednání o jednání pana generálního ředitele, Ing. Miloše Havránka, který protizákonně, v rozporu se zákonem o svobodném přístupu k informacím, ale navíc ještě, konkrétně, se zákonem o obcích, odmítá poskytovat zastupitelům informace s dost neférovým a nezákonným zdůvodněním, o tom, že on bude rozhodovat o tom, co bude na zastupitelstvu. On patrně rozhoduje o tom, co zastupitelé smí a nesmí vědět o záměrech, které město připravuje, a na, jako odpověď na žádost o informace, podle zákona o obcích, zastupitelce Filamikové, tam uvádí tadytyto věci, které absolutně, na které absolutně nemá kompetenci, aby on o tom rozhodoval. On má prostě pouze ty informace zastupiteli poskytnout, protože je evidentní, že zastupitelstvo se tímto záměrem zabývalo dlouhodobě a zabývat bude, a jsou to informace bezesporu potřebné k výkonu zastupitelského mandátu. Stejně tak na doslovnou mou žádost, na minulém zastupitelstvu, mně nebyly poskytnuty materiály prokazující, že pod pásem lanovky není potřeba kácet stromy, jak Dopravní podnik ve svých oficiálních vyjádřeních na, minimálně na Facebooku, na oficiální facebookové stránce,",2,21185e2ff631d16f
matej-hollan,Z9/20,15,"Bc. Matěj Hollan: Já mám skutečně technický dotaz. Pan náměstek Kerndl to představil jako protinávrh, potom padl ještě další návrh doplňovací. Prosím jenom, aby bylo uvedeno tadej, co se stane, pokud se přijme návrh pana Kerndla, který nevnímám jako protinávrh, věcně, protože ten návrh usnesení hovoří o jiných věcech než o konstatování ničeho takového. Tak jenom, prosím, ať je teda řečeno procesně, jakým postupem se bude hlasovat, když návrh pana Kerndla nebyl ten poslední, ten byl od kolegy Zemka. Tak prosím jenom o to představení toho procesu. Teďka.",2,21185e2ff631d16f
matej-hollan,Z9/20,16,"Bc. Matěj Hollan: Já bych poprosil ještě o podrobnější vyjádření, protože, byť souhlasím tadystím, je to evidentní, že poslání Veletrhů je jiné než třeba Teplárny, nebo, nebo SAKA, tak, ale naopak je to jediná firma, která disponuje obrovským areálem, který je určen nejenom k dosilování zisku, ale k právě realizaci různých společenských, kulturních, sportovních záležitostí. V minulosti takto město mnohokrát postupovalo a postupovat bude, že právě na, v tomto velkém areálu chce realizovat různé věci. A proto se mi zdá vhodné, aby to v těch, aby se ten materiál neměnil. Aby pořád zůstalo možné tam tyto aktivity pořádat, i tak, aby město mělo volnější ruku při domluvě se svou vlastní společností o tom, za kolik se tam bude nějaká sportovní, kultar, kulturní nebo společenská událost dělat, a aby to nebylo vždycky vnímáno tak, že musí, nevím, všichni tam třeba platit stejně, nebo že prostě Veletrhy musí tam jenom lpět na tom nejvyšším zisku. A aby bylo možné s tím nakládat dále jako s veřejným areálem, který primárně patří městu Brnu, a má ho ve správě jeho akciová společnost.",0,21185e2ff631d16f
matej-hollan,Z9/20,24,"Bc. Matěj Hollan: Já bych chtěl, aby se hlasovalo postupně o těch jednotlivých usneseních v tom bodu 1. Protože nesouhlasím s tím, doufám, že nebudu jediný, aby se pouze znova flikovala Kobližná, za 4.000.000, tak jak je napsáno v tom materiálu, různé typy dlažebních prvků a kladu zůstanou zachovány ve stejném rozsahu, jako je odpovídající stav. Ta úprava na Kobližné, pokud se nepletu, pochází zhruba z roku 2006, stejně jako bylo udělané náměstí Svobody. Pokud se v tomto drobně pletu a ta koncepce toho povrchu Kobližné je z jiné doby, tak za to se omlouvám. Nicméně je za ty desítky let už prakticky ověřeno, že tam ta dlažba je naprosto nevyhovující. Stačí, když tam projede pár aut, a připadáte si jako v počítačové hře, že běžíte a za Vámi ten povrch, celý, někam mizí a padá. Stačí, aby trošku zapršelo, a je z toho jako dobrodružná, úniková hra, místo toho, aby se tam člověk pochyb, pohyboval po normální komunikaci. A jsem přesvědčený, že je nedůstojné, jak z Fondu mobility, tak ale když by to bylo i za běžných, za použití běžných prostředků města Brna, toto jenom takto opravovat, za 4.000.000, abychom za velmi krátkou dobu, a známe to všichni, za velmi krátkou dobu, za pár měsíců, byli na úplně stejném stavu, kdy to opět bude celé rozhrkané, bude tam jenom vystřikovat voda, jen když trošičku zaprší, a nebude se tam dát pohybovat ani pěšky, o berlích, s kočárkem, na kole, na koloběžce, jakkoliv. Ta Ko, Kobližná je prostě úkaz, jak To nemá vypadat. A nemá smysl to jenom vzít a udělat to úplně stejně.",0,21185e2ff631d16f
matej-hollan,Z9/20,33,"Bc. Matěj Hollan: Samozřejmě souhlasím s tím, aby tyto dary byly poskytnuty, ale dovoluji si zopakovat, aby se znova hlasovalo, i při tomto bodě, ten návrh usnesení, které před chvílí předložila paní Flamiková k bodu týkajících se těch protipovodňových opatření. Všiml jsem si, že u toho hlasování bylo poměrně málo hlasujících, asi nebyl čas na to si, si nad tím popřemýšlet. Teď, možná těch pár minut, které uběhly mezi tím předchozím hlasováním, už ten čas bude, tak aby se k tomu jednotliví zastupitelé byli schopni vyslovit. Když tady máme konkrétně ten Krnov. Samozřejmě je tady věc Nových Heřmínov. Tím, že zatím realizovány nebyly, tak bezesporu to mělo velký dopad jak na Krnov, tak na Opavu, nicméně stejně značný dopad na Krnov bylo i to, že tam doposud nebyly provedeny prakticky žádné prapotipovodňové opatření, aby se provedla ta voda městem. A Krnov to štěstí neměl. My jsme, jako Brno, to štěstí měli, protože povodí Svratky a Svitavy nebylo zasaženo tak dramaticky těmi nejhoršími dešti, jako by být mohlo a jako to může být příště. Vzhledem k tomu, že v Brně nejsou zatím dostatečně provedená protipovodňová opatření na Svitavě, na soutoku, na dalších místech, tak pokud by ten spád srážek byl větší, což mohl být, a jenom dílem štěstěny se Brnu vyhnul, tak Staré Brno, Židenice, Brno-jih by mohly být částečně pod vodou. Na dotaz pana Černého, jak si dovolujeme myslet si, že se nepostupuje u toho tak rychle, jak by bylo záhodno, můžeme si to myslet proto, že i z magistrátu, nebo organizací, co pod magistrát patří, máme svoje zdroje, máme informace, že se jako vedení města o protipovodňové opatření zdaleka nezajímám, te, takovou prioritou, jako je například výstavba hokejové haly, přičemž ten dopad na Brno je diametrálně rozdílný, u takovýchto aktivit. Tahle věc současně není úplně politická. Prostě je to o tom, jestli to Brno je chráněno před extrémní vodou, nebo není. V tuto chvíli není. Proto jsme doporučovali, aby podobně, jako se to dělá u podobných případů, například když muselo být jednou za čtvrtletí předkládána zpráva o stavu projektu Housing First, nebo obecního ukončování bezdomovectví. Tak, stejně tak by měla být jednou za čtvrtletí podávána zpráva, jak se u konkrétních realizací pokročilo, kde to vázne, jaké všechny kroky se v tom čtvrtletním mezidobí učinily, aby tady byla jistota veřejnosti, že je to ta úplně nejdůležitější priorita města Brna, aby se protipovodňová opatření udělala dříve, než sem ta velká voda přijde. A jak paní kolegyně Flamiková říkala, v tom svém příspěvku, v rámci klimatických změn, a to nevidíme jen tady, v České republice, vidíme to všude v Evropě, vidíme to v Americe, ta situace je dramatická, musíme se připravovat na nejhorší a tyto realizace, ta protipovodňová opatření musí být učiněna expresně. Tak proto si dovoluju, nebudu to už tam dávat písemně, protože ten návrh tam leží, dát k tomuto bodu doplňující usnesení stejného znění a prosím, aby o něm bylo znova hlasováno i v tomto bodě. Ať je jasné, jak se k tomu kdo za, ze zastupitelů staví.",2,21185e2ff631d16f
matej-hollan,Z9/20,76,"Bc. Matěj Hollan: Já mám interpelaci, a poprosím o písemnou odpověď, ohledně té akce, kulový blesk, s brněnskými sportovišti. A ty dotazy jsou následující. Jednak, jakým způsobem se v té, i nedávno aktualizované, koncepci sportu, kterou jsme měli na minulém zastupitelstvu, došlo k tomu, že nový fotbalový stadion proz, pro 20-22 000 lidí bude stát 2.000.000.000? Víme, kolik stojí jiné sportoviště? Asi máme všichni základní představu, kolik mohou stát takovéto velké stavby u nás, i v zahraničí. Ty 2.000.000.000 působí jako hrubě podseknuté. Zajímalo by mě, jakým způsobem se k této částce dospělo a jak se dostala do, do té koncepce tato částka? Toto je jeden dotaz. Druhý dotaz je, poprosím vo, o zápis z jednání mezi vedením města Brna a TJ Favorit, který se uskutečnil během minulého měsíce, ohledně budoucnosti brněnského velodromu a jeho možného přesunu na, do prostoru za Lužánkami. Konkrétně mně jde o to, jakým způsobem, kdy, podle slov pana radního pro sport, se dá postavit velodrom na, v tom areálu za Lužánkami, formou změnou stavby před dokončením, toho aquaparku, na který je vydáno povolení? Toto mělo na tom jednání zaznít. Tak poprosím o zápis z tohoto jednání a o vysvětlení, písemné, toho, jak by bylo možné tuto změnu stavu před dokončením provést, aby ten úřad, stavební, příslušný, to mohl takto legálně tím procesem provést. Pokud ta skutečnost existuje a je to tak, že nyní, jako že rozestavíte aquapark, okamžitě se ale začne změna stavby a výsledkem bude velodrom, tak neříkám, že jsem principiálně proti. Je to možná cesta, která je legální, a mohla by znamenat, v brzké budoucnosti, nový velodrom. Ale je to pro mě zvláštní informace. A chtěl bych se o tom dozvědět více. Takže prosím o písemné odpovědi na tyto 2 dotazy.",2,21185e2ff631d16f
matej-hollan,Z9/18,26,"Bc. Matěj Hollan: Já využiju tohoto bodu, abych se zeptal na to, protože ten bod je o rozvoji edukačních aktivit Filharmonie Brno, máme tady i jinou příspěvkovou organizaci, kde se teď dramaticky řeší rozvoj edukačních aktivit. A to Národní divadlo Brna a vznik nebo ne vznik edukačního centra a místa pro fungování baletní školy v Bohémě. Vím, že jste říkal v tom, v reakci na paní Veroniku Bromovou, že o tom včera bylo s vedením Národního divadla jednání. Chtěl bych se zeptat, jestli jste tam k něčemu dospěli a jenom velmi krátce uvedu, proč. Jenom když jsem si nechával poslat na základě žádosti o svobodny, podle zákona o svobodném přístupu k informacím, informace od Náhradního divadla Brno, tak jenom vynaložená částka doteď jak na externí studii, tak vnitřních zdrojů přesáhla 360 tisíc a naposledy se záměr edukačního centra v Bohémě schválil pro ni, pokud se nepletu, v červnu, v rámci druhého akčního plánu v rámci strategie kultury s prioritou vysoká. Stejně jako mnozí další nerozumím tomu, proč, když se opakovaně mnoho let směřuje ke vzniku edukačního centra, což samozřejmě sebou nese nějaké investiční náklady. Nerozumím tomu, proč poté, co rada rozhodla, že tam nebude gastro provoz, proč najednou po tom schválení akčního plánu se jde do toho, že se tento dlouhodobě připravovaný záměr ruší, když v tom stejném bodě akčního plánu, který se schválil loni, jsou v dalších kolonkách pod tímto edukačním centrem v Bohémě rozvoj edukačních aktivit dalších příspěvkových organizací, jako je právě Filharmonie Brno. Ale je tam i knihovna Mahenova a další instituce. Je zřejmé, že všechny tyto instituce potřebují tu edukaci,",0,aeee21aca2ee1a98
matej-hollan,Z9/18,27,"Bc. Matěj Hollan: Baletní škola a edukační centrum jsou dva rozdílné projekty, které se pouze prostorově setkávají nebo by mohly setkávat v prostorách bývalé restaurace Bohéma. Jsou to dvě odlišné aktivity. Pokud by vedení města dospělo k tomu, že se má ukončit činnost baletní školy, která je zde několik desítek let, tak to bude mít dopady asi pouze na balet, který nebude mít takový rezervoár a takové zázemí už od dětských let, aby zde mohly vznikat talenty pro balet, chodí tam dohromady třeba 200 lidí, jak dětí, tak dospělých, není to obrovská baletní škola, ale byla by jí škoda, ale něco úplně jiného je edukační centrum, které je schválené v akčním plánu, nesouvisí s baletní školou, souvisí s edukací, souvisí s tímtéž, co teďka v bodě 27) řešíme v rámci Filharmonie Brno, souvisí s tím, co se právě opakovaně objevuje ve strategii kultury i akčním plánu, že pokud nebude probíhat edukace, a tady si to dovolím rozporovat, že je to primárním posláním a zadáním pro Národního divadlo dělat edukaci svých diváků, protože jinak nebude možné do budoucna naplňovat to divadlo tak, aby ekonomicky fungovalo. Tak, jak v té analýze, co vy máte k dispozici, se ukazuje, při srovnání s jakýmkoliv zahraniční operním domem, že se bez ničeho takového neobejde. Takže jsou to dvě věci. Fajn. Pokud je teda rozhodnutí nepokračovat v baletní škole, je dobré, když to vedení města oznámí, že zadává Národnímu divadlu, aby ukončilo tuto činnost. Ale u toho edukačního centra si jednak myslím, že jste na to jako porada vedení nebo i rada neměli právo, protože suverénně v tomto zastupitelstvo a akční plán, loni schválený, se zastupitelstvem nijak neměnil a tam ten úkol dále trvá, rozhodlo o tom zastupitelstvo. Tak jestli můžu poprosit reakci i na to a zároveň, jestli je tady někdo z vedení Národního divadla, který by potvrdil, že závěrem té včerejší schůzky bylo, že Národní divadlo nemá dělat edukaci. Respektive že to není účelem, základním posláním divadla.",0,aeee21aca2ee1a98
matej-hollan,Z9/18,28,"Bc. Matěj Hollan: Reaguju na pana náměstka Kerndla. Nebavíme se o tom, že by muselo docházet k utlumení aktivit, ale jak je zřejmé z akčního plánu, kde je napsáno – Podpora záměru projektu vzniku edukačního centra v prostorách Janáčkova divadla. Všichni, co tady sedíme, víme, že to znamená v té Bohémě, že se to schválilo před rokem, že v té Bohémě má vzniknout edukační centrum, nejsou jiné prostory v Janáčkově divadle, kde by to mohlo vzniknout to edukační centrum, všichni to divadlo známe asi podrobně a víme, že je to přesně jediný prostor, kde se to nachází, a o tom je ta věta v tom akčním plánu. Víme, že je potřeba, aby to divadlo edukační centrum mělo, protože do budoucna jinak bez něj nedokáže zajistit dostatečnou obsazenost toho divadla diváky, takže pokud paní Vorlíčková uvádí, že primární účel Národního divadla je řešit ty tři soubory a ta tři divadla, tak součástí toho, že jistě to, aby tam chodilo dostatek lidí. Pokud celý svět funguje tak, nebo celá Evropa funguje tak, že edukace je nutnou součástí pro dosažení tohoto cíle, tak těžko bez toho edukačního centra se to bude dělat a bavíme se tady o rozvoji edukačních aktivit, ne o udržení. Ano, bez edukačního centra se trošku nějaká edukace bude možná dělat, ale nebude ji možné rozvíjet a nebude ji možno zajistit do té míry, aby to do budoucna dobře fungovalo. Což tady všichni víme, a proto jsme, to společně před rokem schválili v tom akčním plánu. Pokud bychom si to nemysleli, tak to před rokem neschvalujeme. Od té doby nevznikly tady žádné další dokumenty, které by toto nějak vyvrátily, naopak od té doby se to všechno potvrzovalo, ale najednou je tady otočka o 180 stupňů vedení města, kdy nejprve rozhodne, že tam gastro nebude, a teď, když je e všechno připravené, tak se najednou tam soutěží gastro provoz, aniž by to na něj bylo dispozičně připraveno.",0,aeee21aca2ee1a98
matej-hollan,Z9/18,42,"Bc. Matěj Hollan: Já bych u tohoto bodu poprosil pana Kubeše, jestli by mohl podrobněji uvést v jaké fázi je teďka ten projekt, co se přesně teďka po KAVĚ chce, jaké je zadání a jak se předpokládá akce, další průběh toho projektu realizace kreativního centra a místa paměti, jaký nějaký stručný časový harmonogram, vyhlídky a kdy se můžeme dočkat třeba zahájení stavby, když to pude dobře nebo když to pude méně dobře, tak jestli mohu poprosit k tomu nějaké komplexnější informace teďka na mikrofon. Děkuju.",0,aeee21aca2ee1a98
matej-hollan,Z9/18,44,"Bc. Matěj Hollan: Já opět poprosím nějakou diskusi nebo informace k tomuto bodu, ta cyklostezka Valchařšká - Olší – Franzova nebo Dolnopolní - Olší se zde vrací asi 15 let. Já sám si vzpomínám, že sem to začal řešit už někdy v roce 2008 nebo 2009 a ten problematický úsek je mezi Franzovou a Olší, což znamená, že je to asi II. fáze tady tohoto projektu, protože se ťedka se bavíme, jestli jsem to dobře pochopil z toho materiálu, jenom o těch zhruba 150 metrech mezi Dolnopolní a Franzovou, kdo to tam znáte, tak víte, že ten úsek je, hlavně při dešti a tak, těžko sjízdný, tvoří se tam velké kaluže a bylo by moc fajn, když by se to upravilo. Klidně ať je tam nějaké asfaltové řešení, aby to bylo dobře",0,aeee21aca2ee1a98
matej-hollan,Z9/18,45,"Bc. Matěj Hollan: Já poprosím o upřesnění, protože, když je tady ta I. etapa, tak se asi předpokládá, že to bude potom pokračovat, aby to na tu Olší bylo provedeno a uvažuje se teď s tím, že to pojede poté Franzové nebo, že to pojede po břehu s těmi ….",0,aeee21aca2ee1a98
matej-hollan,Z9/18,45,"Bc. Matěj Hollan: Už jenom krátce, doporučuju se tam případně zajít podívat. Já jsem to udělal už před těmi 15 lety. Nemyslím to teďka nijak politicky v rámci nějakého vymezování, ale tam to místo je prostě hezké a poté Franzové se to dá provést bez problémů tak, aby ten, vím, že je to ta trasa jednoho z hlavních cyklistických koridorů tak, aby se tam dalo plynule jezdit, tak provést to po těch klidnějších ulicích, tam těch pár set metrů jde a nemusí tam vznikat ten konflikt. Vím, že to husovičtí, možná, že teď i městská část Husovice nechce, aby to jí šlo po tom břehu, tak tady se jenom přimlouvám za nějaký racionální přístup k tomu, ať se tam zbytečně nevytváří ten konflikt a jinak, jak jsem říkal na začátku děkuju za to, že ten první úsek se tam opravovat bude, tam se skutečně teďka pohybuje a jezdí špatně.",0,aeee21aca2ee1a98
matej-hollan,Z9/18,51,"Bc. Matěj Hollan: Poprosím opět o krátké vysvětlení, vysvětlení souvislostí k tomuto bodu, jak vlastně došlo k tomu, že se, že je tady na stole dohoda s panem Faitem a jeho firmou na to, aby v tom záměru pomohl, a jestli to vychází z jeho strany, protože má do budoucna zájem ten, jak se v materiálu uvádí, renesanční objekt provozovat a realizovat v něm nějaké aktivity? Tak jenom prosím o vysvětlení, jestli to chápu dobře, jestli ten zbytek je, že město na něj přenáší vlastně to vypořádání? A za tím je ten další krok, že když se to panu Foitovi povede, tak by potom byl to on, kdo bude v tom městském majetku působit, a podobně jak ve Vaňkovce realizuje tu výbornou Fait Gallery, tak jestli vlastně něčím podobným by měl potom přispívat k tomu kulturnímu životu v Brně a něco, ne s, galerie, ale nějaká smysluplná věc by tam z jeho úrovně byla realizovaná? Poprosím k tomu o informaci a prosím i o informaci, jak vlastně došlo tadyktéto spolupráci s ním?",0,aeee21aca2ee1a98
matej-hollan,Z9/18,53,"Bc. Matěj Hollan: Já bych chtěl upřesnit, že v současné chvíli, tedy pokud se nepletu, tak to není památka, protože to spadá do těch několika set zrušených památek. Ale aktuálně to prochází znova památkovým řízením, jak je tam uvedeno, a dá se předpokládat, že to památka bude. Pokud by nebyla, tak budoucímu nabyvateli se těžko, z památkových důvodů, dá zabránit tomu, aby s tím nenakládal jako s památkou. Nicméně pokud předpokládáme, pozitivně, a není důvod, aby to tak nedopadlo, a památka to byla, tak to legálním způsobem nemůže zbourat nikdo. A zvlášť u pana Faita, jako jednoho z největších českých mecenášů kultury, bych to ani nepředpokládal a takový záměr určitě nepodsouval, protože pokud někdo jako pro, ověřil, že má k umění, k památkám má tak velký vztah, tak je to právě pan Fait. Už i my jsme s panem Faitem jednali o možnosti, že by využil, převzal, odkoupil něco, nějakou z těch budov na výstavišti, z těch historických, kulturních, protože on dlouhodobě má záměr po sobě, krom jiného, zanechávat i tadytento silný kulturní odkaz.",0,aeee21aca2ee1a98
matej-hollan,Z9/18,64,"Bc. Matěj Hollan: Já bych rád upřesnil 2 věci, nebo okomentoval. Když slyším částku 50.000.000.000, tak je to hodně úsměvné. Tato částka, v dnešních cenách se nejsme schopni pod 100.000.000.000 na tuto investici dostat, a při v tom státu hodně štěstí při argumentaci, proč má takovéto enormní množství finančních prostředků vyhodit na to, aby zhoršilo železniční a veřejnou dopravu, ale třeba se to stane. V tomto desetiletí jsme prošvihli již tradiční oslavu, která se naposledy konala v roce 2012, kdy se slavilo 100 let výročí příprav na odsun nádraží. Letos jsme už 112. rok, kdy se nádraží stát, město a další snaží odsouvat, tak tady spíš navazuju na kolegu Koláčného. Myslím, že se Správa železnic trošku přeřekla a ten odhadovaný začátek výstavby není 2028, ale spíše 2128, 228, nebo nějaké takové datum. S přihlédnutím k tomu, že řešíme virtuální záležitost, tak tadyta malá domů, pro pana Křetínského, nabývá ještě bizarnějších rozměrů. Ale vůbec nepochybuju o tom, že si to prohlasujete.",0,aeee21aca2ee1a98
matej-hollan,Z9/18,64,"Bc. Matěj Hollan: Já vím, pane Kratochvíle, že Vy si nedokážete představit rozvoj Brna ani bez hokejové haly a bez lanovky. Takže v tomto neudivuje, že ani výrazné zhoršení hromadné dopravy a železniční dopravy je pro Vás věcí, bez které si ho ten rozvoj města nedokážete představit. Já jako už člověk, který je v tom tématu intenzivně položen 20 let, tak doufám, že se tady za 20 let o tom nesmyslu budeme bavit dál, ale to se samozřejmě uvidí a já v souladu s přáním většiny obyvatel města Brna si přeju, aby se to nezrealizovalo ten projekt. Vliv na to teď už moc nemám, ale zatím se ten projekt vždycky zabil sám, protože je dopravně škodlivý a finančně natolik enormně náročný, že zatím si do toho nikdo netroufl. V roce 1988, když se o totéž ještě pokoušeli komunisté, tak jim do toho hodila vidle tehdejší Centrální národní banka, nebo jak se to přesně jmenovala. A řekla Brnu, že pokud chce takovýdle nesmysl realizovat, tak ať si to zaplatí ze svého, že stát to realizovat nebude. Teďka je tady nová doba a uvidíme, na čem to zhavaruje tentokrát. Ten popis toho, jak v průběhu prvních",0,aeee21aca2ee1a98
matej-hollan,Z9/19,1,"Omluveni: Bc. Matěj Hollan (do 8:25 hod.), Bc. Jakub Hruška (od 11:30 do 12:00 hod.), Mgr. René Novotný (do 9:00 hod.), MUDr. Dagmar Seidlová, Ph.D. (do 9:00 hod.), Mgr. Břetislav Štefan (do 9:00 hod.), Libor Zábranský.",0,7a2e7987609bcbd0
matej-hollan,Z9/19,11,"Bc. Matěj Hollan: Já bych poprosil o vyjádření, vysvětlení, následně o zaslání podkladů, pokud existují, pro tvrzení, že pod lanovkou se nebude muset vykácet pás lesa. To tvrdí v oficiální komunikaci, mimo jiné, Dopravní podnik na své oficiální facebookové stránce, v materiálu k tomu, že nebude potřeba kácet ten pruh. Předpokládám, že k tomuto tvrzení existuje něja, nějaké vyjádření záchranných složek, jak se bude přistupovat k tomu, když se lanovka zasekne, protože je to běžná situace, která může nastat, že je nějaká porucha, tak jak je toto ošetřeno? Jestli jsou tam nějaké ruční mechanismy na tahání té lanovky, nebo jakým způsobem se k tomu technika dostane, mezi těma s, mezi sloupy, kde, podle vyjádření Dopravního podniku, rostou stromy?",0,7a2e7987609bcbd0
matej-hollan,Z9/19,18,"Bc. Matěj Hollan: Ta, to zjištění, které přinesla INVESTIGACE.CZ a následně to převzala další média, o hospodaření Autoklubu, tedy konkrétně aktuálního prezidenta, Jana Šťovíčka, což je jméno, všech, kteří se v tom volebním období 2014-18 zabývali MotoGP, velmi známo, a velmi negativně, tak jsou hodně zajímavá. A museli vracet Národní sportovní agentuře 1.900.000, což nejsou úplně zanedbatelné peníze, za to, že s nimi Autoklub a Šťovíček napad, nakládali naprosto odsouzeníhodným způsobem. Pan Šťovíček si lítal z Prahy do Vídně za 45.000, ještě si tam nechával poslat, posílat svého řidiče, protože přece není, když je státem dotovaný, přece není tak chudý, aby musel soc, jezdit sockou, tedy vlakem z Prahy do Vídně, ale když na to má ty veřejné peníze, tak si tam přece bude lítat. Ten Autoklub dlouhodobě jako nezakládá příliš důvěru v to, že veřejné peníze, které do toho, do tohoto půjdou, budou vynaloženy dobře. Takže jako dost chápu žádosti kolegů, aby do toho účetnictví bylo vidět podrobně, protože právě je to dost jiná situace, než když Brno bylo minoritním akcionářem. A v době, kdy to pořádal Automotodrom, tak to viděli, ty debat, tak jsme to viděli, nějakým způsobem, ty debaty si tady mnozí jistě pamatují, protože obchodní tajemství tam hrálo značnou roli i tehdy. Ale minimálně ti, kteří za město Brno zastupovali město na valné hromadě, tak k těm materiálům přístup měli. Když to potom pořádal spolek Brna a Jihomoravského kraje, tak samozřejmě bylo jasné, kam ty peníze jsou. Teď se dá vyjádřit poměrně značná pochybnost, že část těch peněz tam vyletí komínem na rozmary pana Šťovíčka, který není schopen to svoje ego v tomto ukočírovat a potřebuje si připadat jako král. Ještě bych měl jeden dotaz. Paní primátorka zmínila, a já s tím souhlasím, že spolek vlastně jako přesně věděl, jaké jsou náklady. Ve vzduchu ale stále lítá, v éteru, v médiích, posledních 15, 20 let, dohady, že se vlastně nedá dopočítat toho, kolik ta akce stojí a kolik přináší. Já bych tedy požádal o zveřejnění toho, transparentně, kolik to stálo, když to dělal spolek. Ten, tu žádost pokládám jak městu, případně přímo paní primátorce, která v orgánech spolku, byť je v insolvenci, tak, nebo jak se to jmenuje, tak pořád, zahájeno insolvenční řízení, tak v těch orgánech pořád sedí. Tak případně se obracím i na spolek, jako veřejný subjekt podléhající zákonu o svobodným přístupu k informacím, nebo jako zastupitel. A prosím, aby toto bylo zveřejněno. Ten krok dělám proto, aby bylo jasné, i médiím, které se k tomu velmi těžko mohou dostat, kolik to stálo. Vím, že dneska ty ceny můžou být jiné, ale pro tu veřejnou debatu, aby byly známy náklady na pořádání akce, tak žádám o jejich zveřejnění.",2,7a2e7987609bcbd0
matej-hollan,Z9/19,23,"Bc. Matěj Hollan: Já bych se chtěl zeptat, jestli je to nějaká sofistikovaná akce, jak dostat z Brna Pop Messe? Protože poté, co to úspěšně proběhlo na fotbalovém stadionu, kde to mělo krásnou atmosféru, tak jste se rozhodli, že ho zboříte. Když se to odstěhovalo na velodrom, kde to proběhlo velmi úspěšně, tak jste se rozhodli, že to zboříte. Jak je to probíráno s organizátory Pop Messe? A kam tentokrát je vyženete?",0,7a2e7987609bcbd0
matej-hollan,Z9/21,1,"Omluveni: Bc. Matěj Hollan (do 10:00 hod.), Bc. Kateřina Jarošová, MBA, Mgr. Filip Leder (od 8:45 hod.), Petr Levíček, MBA, Mgr. René Novotný, JUDr. Markéta Vaňková, primátorka.",0,f9d440624b7d3d49
matej-hollan,Z9/22,18,"Bc. Matěj Hollan: Myslím si také, v souladu vlastně se všemi předřečníky, že územní plán tak, jak je představen, je asi jako nejlepším možným výsledkem toho sáhodlouhého procesu. Ale ten proces, sám o sobě, je",0,0a5e067d7f1d3081
matej-hollan,Z9/22,22,"Bc. Matěj Hollan: Já bych se chtěl přimluvit za ten návrh Tomáše Koláčného, a to i z toho důvodu, že letošní hlasování v Dáme na vás skončilo pro ten 8., doufám, že to říkám dobře, návrh, absolutně těsně pod čarou, víceméně o 5, nebo 6 hlasujících, a všechny ty návrhy, které byly na těch prvních 8 místech, měly víceméně stejný počet hlasů, mezi, asi, 3996 a 4085, nebo tak nějak, což s přihlédnutím k tomu, že každý tam může dávat 2 hlasy pro ten 1 projekt, vlastně nám ukazuje, z pohledu statistického, takřka úplně stejnou podporu. Mezi tím prvním postup, teda posledním postupujícím a prvním nepostupujícím je ten rozdíl malicherný. V případě toho, že by ten návrh na navýšení byl zařazen a odrazil i tu inflaci a odrazil to, aby se poměroje dávalo na PARO podobně jako tehdy, tak by potom rada mohla přistoupit k tomu, nebo možná zastupitelstvo, aby zařadila do toho financování i ten 1. projekt pod čarou, z toho důvodu, že má prostě vlastně úplně stejně hlasů jako ty ostatní.",2,0a5e067d7f1d3081
matej-hollan,Z9/22,80,"Bc. Matěj Hollan: Já bych měl také ještě dotaz k datům za odtahy. V tom článku rozhlasu se uvádí, že za roky 2015-19 jsou ta data neznámá, protože tehdy si o to novináři nežádali, a policií jim bylo odpovězeno, panem mluvčím, že tak dlouho policie tyto údaje nemá. Chtěl bych se zeptat, buďto vedení města, nebo policie, jak dlouho se tyto údaje uchovávají a podle jakého paragrafu toho zákona o, o archivnictví a spisové službě se postupuje? Jak dlouho to ze zákona musí být uchováváno a podle jakého předpisu to, po jaké době tyto informace skartují, likvidují, vy, vyřazují? Předpokládám, že to jsou nějaké databáze, které jsou on-line, ale nejsem si tím jistý. Tak podle čeho se v tom postupuje? Načetl jsem si k tomu nějakou metodiku Ministerstva vnitra, která říká, že městská policie si to, podle toho zákona, buď musí uchovávat sama, anebo to za ni musí vést město, jako její, její zřizovatel. Tak prosím policii, nebo město, o odpověď, podle čeho se tady postupuje.",0,0a5e067d7f1d3081
matej-hollan,Z9/23,59,"Bc. Matěj Hollan: Já bych poprosil, protože se to jedn, týká projednávané věci a hlasování, které máme učinit, aby ta odpověď byla tady. Aby ta nejistota byla vyvrácena. Pozdější písemná odpověď je dost k ničemu.",0,4658264f1b9b47c0
matej-hollan,Z9/25,14,"Bc. Matěj Hollan: Chtěl bych se zeptat u této akce, jaké je její pozadí? I s ohledem na to, že ta navrhovaná dotace je poměrně vysoká, jestli by mohlo, ideálně zástupce organizátorů, nebo ten, kdo materiál zpracovával, to představit podrobněji? Možná se pletu, ale nepomotuju si z minulých rok, že by se ta akce podporovala. Tím nechci říct, že by to tak být nemělo. Naopak, jsem se na tu akci díval, i na ty organizátory, připadá mi, že to je zpracováno velmi dobře, velmi zajímavě. Ale rád bych o tom měl, před hlasováním, více informací, než je v tom materiálu.",0,e988b29ad183637c
matej-hollan,Z9/25,41,"Bc. Matěj Hollan: Já jsem měl vlastně podobné dotazy, jenom je rozšířím, aby zde bylo přesně vedeno, je. Pokud je pravda, že tam jsou ty rozpory a ten regurační plán MPR nelze plně uplatňovat, tak odkdy tato situace nastává, jak dlouho by trval proces toho zrušení, jak dlouho se tedy pohybujeme v té době, kdy stejně na každou žádost se bude muset dělat individuálně ten výklad, kde je ten střet a kde není, protože se tam něco posuzuje pořád? A jestli zde opravdu nemůže vzniknout reálná obava,",0,e988b29ad183637c
matej-hollan,Z9/25,44,"Bc. Matěj Hollan: My se tím asi zabýváme tolik proto, že ten regulační plán, pánů Mikšíka a Němce, z toho roku 99, je velmi uznávaný, velmi kvalitní, a v, za tu dobu své platnosti to několikrát ověřil. Byly to i případy, jako podzemní garáže na Zelném trhu, kdy se to dostávalo tehdy do komických rozporů, kdy tehdejší šéfka odboru územního plánování, myslím, že paní Leopoldová, možná, že si už jméno pletu, tak tvrdila, že ty územní plány a regulační plány neřeší to, co je v podzemí, takže to na to nejde uplatňovat. Tak jsem se, ptali, jestli tam jde teda vybudovat třeba úložiště uranu pod, nebo jar, jaderného odpadu pod Zelňákem, když to žádný plán neupravuje, tadytyto věci? A pánové Mikšík a Němec, nejen v této kauze, ale v mnohých dalších, byli v tom oporou a jasně poskytovali i metodické vedení, neformální, stavebním úřadům, OUPR, diskutovali o tom s památkáři, jak konkrétně k tomu přistupovat. Takže tohle je asi nějakej důvod, proč se tím tolik zabýváme. Já bych ještě rád poprosil, jestli je tady pan Havlíček, nebo nějaký zástupce Odboru památkové péče, aby mohl potvrdit, že je to tak, jak tady zaznívá, že k těm problémům nebude docházet. Já si jinak tu složitost dobře uvědomuju. Vidíme to nejvíc na, nebo asi budeme vidět nejvíc na tom salátu jménem městské památkové zóny, nebo jak se jmenuje to, co je teďka vyhlášený na půlku Brna a nemá to hlavu a patu, protože to Ministerstvo kultury prostě vyhlásilo bez debaty s městem, bez nějakého řádného projednání. Prostě tam něco napsali, nějaké regulativy, a moc si nekoukali vpravo a vlevo. Oproti tomu tadytento Regulační plán městské památkové rezervace byl zpracován velmi podrobně a velmi citlivě. Ale celkově, jak víme, to posuzování těch památkových hodnot, s ohledem právě na tyto dokumenty, v souladu s územním plánem a dalšími pravidly, je obtížný. A teda můj dotaz je na Odbor památkové péče, nebo někoho, kdo za to může mluvit, jak se tím bude bez tohoto dokumentu postupovat, jestli ten zákon, nebo ta vyhláška o městské památkové rezervaci, někdy z těch 80. let, v kombinaci s tím dnešním územním plánem, je dostatečně robustní na to, aby nemohlo docházet k problémům a něco tam neproteklo mezi prsty. Jinak to považuju, to, co jsem slyšel, za jako dostatečné, za důkladné vysvětlení, že by tam k problémům nemělo docházet. Ale ten Odbor s, památkové péče by bylo dobré, když by i k tomu řekl své. Je to i to, co říkala Jana Drápalová, že možná než to zjišťovat procesem, že CC vyhláší zrušení, a bude se čekat, co na to dotčené orgány, tedy pamáťák a Odbor památkové péče, případně další, řeknou, tak by bylo dobré to slyšet asi dopředu, jak se na tadytoto dívají.",0,e988b29ad183637c
matej-hollan,Z9/25,46,"Bc. Matěj Hollan: Já se chci zeptat, jestli je normální projednávat na zastupitelstvu takovýto pamflet, který je tady předložený? Takto nevypadá normální materiál, kterýmu by se mělo zastupitelstvo věnovat. Ty Brněnské Vánoce, o nichž se bavíme, je jedna, nebo možná vůbec nejreprezentativnější věc, která je s Brnem za posledních mnoho let, díky činnosti TIC, spojována. Ten letošní titul, evropské město Vánoc, přitáhl městu obrovskou publicitu. Ty, ta akce má jako neuvěřitelně pozitivní benefit z hlediska turismu, brandingu, marketingu města. TIC by si zasloužil za ní, a paní ředitelka, velkou pochvalu za to, že takováto akce, minimálně evropského formátu, se v Brně dělá. Vedle toho, když vidíme další činnosti TIC, jako jsou teďka vodojemy, které jsou nonstop plné, samozřejmě tady jako velké poděkování znova Jiřímu Olivovi, že to dotáhl, ten projekt, a že se to zpřístupnilo. Je to naprosté terno, prostě mluví se o tom úplně všude a je to pořád plné. Každý, každý organizátor tam chce. A máme tady organizaci, která dokáže pro město udělat brand vlastně silnější, zvučnější, než dokáže to město samo o sobě, což je v pořádku, na tom Brno, na to město takové organizace má. A tady místo toho si čteme věty v důvodové zprávě - na základě zjištění Kontrolního výboru i mediálního obrazu této akce dochází k reputačnímu poškození města Brna. Myslím, že jediné reputační poškození města Brna v kon, v kontextu Brněnských Vánoc dělá SPD, s panem Šibřinou, který neustále úplně všechny spamuje svými zprávami, ať jsou to média, ať jsme to my, osobně, kdokoliv o tom cokoliv napíše, tak mu dalších několik dnů pan Šibřina vypisuje elaboráty a kudy chodí, tudy špiní Brněnské Vánoce. A žádné jiné reputační poškození města tady není než tadytahle uměle vyvolaná kauza na základě nějakých úplně zástupných věcí. Ano, připojuju se v tomhle, jak říká Tomáš Koláčný, určitě, pokud je tady poptávka na nějaké zefektivnění, nebo přehodnocení toho, jak se mají ty Vánoce dělat, to je zcela legitimní, je to městská akce, městská organizace, ale má se to řešit v nějaké pracovní skupině, dohromady s městskou částí, dohromady s dalšími významnými aktéry, kteří jsou toho součástí. Ne, ještě v průběhu toho, když probíhají vnitřní kontroly, tak zadávat externí audit na pitomosti typu - kolik má stát dračí vejce nebo krokodýl ve svetru, což jsou nějaké umělecké věci, nějaké hodnoty, které všichni víme, jak u soch, u obrazů, jak se posuzují, úplně se to jako odhadem tržní ceny, tadytyto věci, nedělají. A zabývat se tady jako dohonestováním a taháním stokama, bahnem, TIC, po takto úspěšném ročníku, který zase znova prostě obletěl média v celé střední Evropě, minimálně, tak mně připadá úplně mimo mísu. A byl bych velmi za to, když by tento materiál, v této pamfletové podobě, s naprosto vágním, náhodným zadáním, nebyl schválen a postupovalo se racionálně, tak jak v případě jiných příspěvkových organizací města Brna. A to jsou ty zprávy o činnosti příspěvkových organizacích v kulturní komisi a v dalších komisí a v radě pořád. To město má x kontrolních mechanismů, jak toto řeší. A pokud by se tady děly nějaké podivnosti, tak za ty, za těch mnoho let, co pod tímto vedením TIC to mělo pod sebou v gesci ANO, ODS, já jsem nějak u toho byl, Tomáš Koláčný určitě taky, jako kulturní náměstek, a další, tak bysme si asi všimli, jako město, že se tam děje něco, co je takto závažné, že se musí tady vyhazovat veřejné peníze na to, aby externí auditor a externí firma prověřovala hodnotu dračího vejce.",0,e988b29ad183637c
matej-hollan,Z9/25,48,"Bc. Matěj Hollan: Já se chci zeptat, co to je ta hospodárnost? Jak konkrétně to bude poměřováno? Jak ty dotazy budou kon, koncipovány? Co je cílem toho prověření? Vůči čemu to má poměřit tu u, hospodárnost? Prosím pana tajemníka, jak to dokončím, aby se k tomu vyjádřil, co přesně a komu bude zadávat, jaký je okruh těch firem, pokud to pude zakázkou, nebo jakým způsobem se soutěží zakázka na externí posouzení hospodárnosti, personálních nákladů a, obecně, Vánoc? Pokud to teďka reprodukuju správně, co jste o tom říkala. Z mého pohledu to zní podobně, jako když by se tady zadával externí posudek na hospodárnost muzikálu v městském divadle, nebo oper v národním divadle. Že budeme řešit, jestli ek, někdo externí nám bude říkat, jestli personální náklady v té opeře a v tom muzikálu, vybírám ty drahé produkce záměrně, jestli jsou správné, nebo ne? Bude to poměřovat s nějakým divadlem malých forem, nebo scénou v Olomouci, nebo v Plzni, která má úplně jiné možnosti, úplně jiné cíle, i v rámci toho daného žánru? A co se zjistí? Co je ta hospodárnost u toho? Prosím, jestli to může být rozvedeno, tadytahle věc, panem tajemníkem zodpovězena? Další věc je, když je ta dá, a podle toho navrženého usnesení má postupovat, nebo přihlížet k té příloze č. 1. Jak si má, někdo nezávislý, po, poradit s tak návodnými otázkami, jako je bod 3) - nadměrné osobní náklady na zaměstnance? Ten materiál už jako předjímá, jak to dopadne.",0,e988b29ad183637c
matej-hollan,Z9/25,49,"Bc. Matěj Hollan: Já moc děkuji za podrobnou odpověď. Ano, chápu, že pan Šibřina si s formulací těch otázek dal hodně práce, a mně to posílal taky, ne v úplně podobné formě, ale mnoha z nás toto zasílá, opakovaně. Chápu, že s tím i přes média vzbudil velkou pozornost, že tedy je jako na místě, že se tím i jako zastupitelstvo nějak zabýváme. Nicméně, já se podržím toho, co jste říkal, a to podepisuji, že zadat takovoudle zakázku na hospodárnost, aniž by bylo řečené radou, zastupitelstvem, někým,",0,e988b29ad183637c
matej-hollan,Z9/24,1,"Omluveni: Ing. Jana Drápalová (do 9:45 hod.), Mgr. Jasna Flamiková (do 9:25 hod.), Ing. David Grund (od 12:15 do 13:00 hod.), Bc. Matěj Hollan (do 9:10 hod.), Mgr. Vladan Krásný (do 9:45 hod.), Mgr. Martin Maleček (od 11:45 hod.), Mgr. Jaroslav Suchý (do 9:25 hod.).",0,0f8748a98e03e9ac
matej-hollan,Z9/24,26,"Bc. Matěj Hollan: Já bych chtěl, za sebe, říct, že jsem velmi rád, že tento bod dnes projednáváme a že to tedy znamená, že, reálně od září, zde PORG bude muset působit. Já tu školu sleduju dlóhodobě, výsledky jejích studentů, to, jak je to vzdělání kvalitní. A je to opravdu, z mého pohledu, jako bezprecedentní školská instituce u nás, která je výrazně postavena na inkluzi, dokáže velmi podporovat talenty. Samozřejmě to školné je tam vysoké, pro ty, který jsou, si to mohou dovolit, ale ten program je udělán tak, aby tam mohli studovat i talentovaní studenti, kteří, jejichž rodiče na to nemají. Ta škola je v tomto postavená velmi dobře. A samozřejmě je to něco jiného než klasické základní vzdělávání, které má zajišťovat komunál, nebo veřejná správa, ale takovédle soukromé školy sem jistě patří. Já jsem sledoval podrobněji tu anabázi s tím, jak se sem PORG dostával, jak ministerstvo školství mu nechtělo povolit akreditaci, tady to muselo jít ňa, nákupem německého gymnázia. A jsem rád, že se to panu Romanovi a dalším podařilo, ve spolupráci s městem, městskou částí a krajem a panem Nantlem, který se o to hodně zasadil, překonat, a že tedy nyní stojíme před tím, aby se ta transakce dokončila. Myslím si, že je to uděláno bezpečně, z pohledu toho zpětného prodeje, a že Brno si takto kvalitní, vzdělávací instituci zaslouží. Tak jak to zde zaznělo, ta poptávka je po tom opravdu obrovská. A je to velmi dobrá škola.",0,0f8748a98e03e9ac
matej-hollan,Z9/24,30,"Bc. Matěj Hollan: Já se radši ještě zeptám. Tak jak to bylo představené předtím, i v té diskusi, byla stanovena znaleckým posudkem nějaká suma a mělo se to prodávat za vyšší cenu, než je tá, ta suma. To je tadytento příklad, protože tam bylo, tam …",0,0f8748a98e03e9ac
matej-hollan,Z9/26,1,"Omluveni: Ing. David Grund, Mgr. Petr Hladík, Bc. Matěj Hollan (do 9:15 hod.), Bc. Kateřina Jarošová, MBA, Mgr. Jaroslav Suchý, Libor Zábranský.",0,e5fe37ddafdb66a3
matej-hollan,Z9/26,66,"Bc. Matěj Hollan: Já bych rád pořá, požádal, písemně, o informace, jak běží proces přípravy dalších protipovodňových opatření, konkrétně co se všechno udělalo za kroky od loňské pod, povodně, která Brno naštěstí minula, až na nějaké velmi malé rozlivy, ale vyhli jsme se k tomu jenom dílem okolností. Tak prosím o přesné informace, co se v tomto, od toho září 2024, stalo. Vyžádávám si to i proto, že když jsme v reakci na ty povodně navrhovali usnesením, aby Rada města Brna, co čtvrt roku, předkládala zastupitelstvu materiál, jak protipovodňové opatření a jejich příprava a realizace postupují, tak tento náš návrh, toto usnesení nebylo přijato. Tak o to žádám touto formou a budu o to žádat pravidelně, vždycky po čtvrt roce, aby bylo možné s tím potom následně seznámit i veřejnost a média, co se v tom děje a jak Brno se ponaučilo z té doposud velmi liknavé přípravy protipovodňovek.",4,e5fe37ddafdb66a3
matej-hollan,Z9/26,67,"Bc. Matěj Hollan: Já chci ještě specifikovat ten dotaz, ale prosím, aby to bylo, jestli je možné, z Vaší strany říct to i teď, pro přítomnou veřejnost a média. Ne všichni ví z hlavy ta čísla těch jednotlivých protipovodňových opatření, co je přesně 8, 9, 10, co je číslo 20 a tak, jestli by bylo možné, aby tady zaznělo, kterých se to týká úseků a kterých toků? Jinak děkuji za tu informaci, že se to zrychlilo. Je to velmi dobrá reakce na ty a, na ty povodně, co proběhly, tak aby až někdy přijdou příště, tak aby bylo velmi pravděpodobné, že budou do té doby realizovány. Děkuji za to upřesnění, i teďka, a v té písemné formě rovnou prosím o to, aby tam bylo napsáno, co je to za úseky. I slovně, nejenom tím číslem.",0,e5fe37ddafdb66a3
matej-hollan,Z9/29,1,"Omluveni: Mgr. Bc. Blanka Borovská, Bc. Matěj Hollan (od 10:30 hod.), Mgr. Filip Leder, Mgr. Martin Maleček (od 9:30 do 10:30 hod.), Mgr. Jaroslav Suchý (od 10:30 hod.), Mgr. Břetislav Štefan.",0,af870d56898ecc01
matej-hollan,Z9/29,2,"Bc. Matěj Hollan: Já jsem jenom chtěl poprosit, jestli není tady chyba, že nemáme rozdány závěry toho auditu, který byl vyhotoven v srpnu 2025, abychom se mohli rozhodovat o zařazení toho bodu. Je to jeden, ten papír a není, chybí tam ten audit.",0,af870d56898ecc01
matej-hollan,Z9/28,1,"Omluveni: Mgr. Jasna Flamiková, RNDr. Jiří Herman, Ph.D., Mgr. Petr Hladík (od 12:35 hod.), Bc. Matěj Hollan, JUDr. Michal Chládek, MBA (od 13:00 hod.), Petr Levíček, MBA, Mgr. Monika Lukášová Spilková, Ph.D. (od 13:00 hod.), Leoš Prokeš (do 11:00 hod.).",0,7ac680d41d8d0dd0
matej-hollan,Z9/30,30,"Bc. Matěj Hollan: To se platí však z jejich daních. Oni na to hodně vydělají, a jak plyne ze všech statistik, tohle je čistý přínos pro ekonomiku a pro daňové výnosy České republiky. Takže tadytomuhle argumentu moc nerozumím.",0,b92d222bc5bd1312
matej-hollan,Z9/30,32,"Bc. Matěj Hollan: Tomuto postoji bych rád oponoval, protože obce mají právo podávat ústavní stížnosti na zákon. Já jsem sám v minulosti jednu úspěšnou inicioval, kdy zákonodárce zamezoval obcím v jejich ústavním právu na samosprávu, na veřejný pořádek, a znemožňoval jim regulovat hazard. Takže obce se spojily, a protože jim to přišlo protiústavní, tak to napadly u Ústavního soudu, který tu předmětnou část zákona o loteriích vyškrtl. Protože ústavním s, protože porušovala ústavní právo obcí. To je deklarováno ústavou, a pokud, pokud obce, nebo obec dospěje k názoru, že je to v rozporu,",0,b92d222bc5bd1312
matej-hollan,Z9/30,65,"Bc. Matěj Hollan: Já bych se chtěl vrátit s jedním dotazem k minulému zastupitelstvu, kdy byl tehdy předložen na stůl bod k TIC a závěrům auditu v něm, který byl schválen na program za, pro mě hodně zvláštních okolností, že ten audit jsme tehdy, o kterém se jednalo, jsme neměli, jako opoziční kluby, s výjimkou SPD, k dispozici. Ten průběh byl tehdy takový, že se o tom, že se to prohlasovalo na program, diskutovalo, a pak to bylo staženo a další den teprve jste to měli v radě. Tak i ten celý postup, že se jednalo o materiálu, který ještě nebyl projednán radou, byl zvláštní. Nicméně zastupitelé za SPD tímto materiálem, o kterém se jednalo, disponovali. My, jako další opoziční kluby, my jsme ho neměli k dispozici. Což jsem taky na tom minulém zastupitelstvu kritizoval. Ten dotaz možná primárně míří na pana předsedu kontrolního výboru, jestli si myslí, že tímto způsobem je normální a korektní postupovat, kdy materiály, o kterých zastupitelstvo jedná, má jenom část zastupitelstva a části to záměrně není před tím jednáním poskytnuto?",0,b92d222bc5bd1312
matej-hollan,Z9/30,65,"Bc. Matěj Hollan: Vy jste ten materiál předkládali. S nějakým, a dávali jste tam nějaké závěry, na základě toho, že jste měli ten audit k dispozici. To byl Váš bod. To nebylo, ostatní zastupitelé. Vy jste to předkládal, ten bod. A dal jste to jenom svým kolegům, nikoliv ostatním zastupitelům.",0,b92d222bc5bd1312
matej-hollan,Z9/31,15,"Bc. Matěj Hollan: Já bych se chtěl také zeptat na ty obecní byty. Konkrétně mě zaujalo, že už brzo vzniknou nové obecní byty na náměstí Míru, což je věc, kterou tady všichni slyšíme, 20 let? Zhruba, od té doby, nebo 2025, v roce 2004, 2026, přesně nevím, se s tím napevno počítá, že to už určitě bude. Tak prosím paní Podivinskou o konkrétní upřesnění, kdy se teda příští rok začíná stavět, na náměstí Míru, jestli je to všechno vypořádáno a jak se s tím počítá v rozpočtu?",0,be8083cfb4f00a99
matej-hollan,Z9/31,19,"Bc. Matěj Hollan: Já jsem chtěl jenom doplnit, my jsme v úrovni těch čísel, ohledně té indexace, když jsem se jenom rychle podíval na kumulativní inflaci od té doby, když se, když Brno přispívalo 1.700.000.000, tak dneska je to zhruba 2.650.000.000, v těch současných cenách. Tak jenom, aby to nevypadlo, že město zvýšilo příspěvek z 1.700.000.000 na 2.800.000.000, a že to bylo, že je to nějaké, jako daleko vyšší čísla. Ale jsou, jako pokud se počítáme rychle, tak ten příspěvek stoupl i v těch relativních číslech města Brna. A myslím, že taky můžu potvrdit, že Dopravní podnik města Brna je určitě jeden z nejlepších na světě, z hlediska toho, jak dokáže dopravu organizovat a, a podchytit. Ale to jenom navazuju na to, jak jste říkal, že se zvyšuje cena jízdenky a tak, tak že je tam potřeba započítávat tu inflaci, abychom tady měli ty čísla víc opřená v realitě.",0,be8083cfb4f00a99
