hlasovani_id,zasedani,datum,osoba_id,jmeno_v_protokolu,klub_v_protokolu,volba,volba_original,zdroj_id,pouzitelne_pro_statistiky,omezeni_protokolu,predmet,url
Z9-14-001,Z9/14,2024-01-30,petr-borecky-1,Petr Bořecký,Lidovci a Starostové,Ano,Ano,286b231185112a4b,ano,,"1. Technický bod (zapisovatelé, právní asistence, ověřovatelé zápisu, schválení programu zasedání ZMB) - ověřovatelé zápisu",https://apl.brno.cz/protokoly-zmb/zmb-z9-14/20240130-1-29722.html
Z9-14-003,Z9/14,2024-01-30,petr-borecky-1,Petr Bořecký,Lidovci a Starostové,Ano,Ano,c9ec1a2589669bab,ano,,"1. Technický bod (zapisovatelé, právní asistence, ověřovatelé zápisu, schválení programu zasedání ZMB) - program - hlasování o zařazení bodu č. 95, 96",https://apl.brno.cz/protokoly-zmb/zmb-z9-14/20240130-3-29964.html
Z9-14-002,Z9/14,2024-01-30,petr-borecky-1,Petr Bořecký,Lidovci a Starostové,Ano,Ano,5dee7d30380f39df,ano,,"1. Technický bod (zapisovatelé, právní asistence, ověřovatelé zápisu, schválení programu zasedání ZMB) - program - hlasování o stažení bodu č. 86",https://apl.brno.cz/protokoly-zmb/zmb-z9-14/20240130-2-29943.html
Z9-14-004,Z9/14,2024-01-30,petr-borecky-1,Petr Bořecký,Lidovci a Starostové,Ano,Ano,6388e1bc361dd0af,ano,,"1. Technický bod (zapisovatelé, právní asistence, ověřovatelé zápisu, schválení programu zasedání ZMB) - program",https://apl.brno.cz/protokoly-zmb/zmb-z9-14/20240130-4-29987.html
Z9-14-005,Z9/14,2024-01-30,petr-borecky-1,Petr Bořecký,Lidovci a Starostové,Ano,Ano,fc92f8e7ec147cb9,ano,,"6. Určení funkcí, pro které budou členky/členové Zastupitelstva města Brna dlouhodobě uvolněny/i – návrh na změnu usnesení Z9/01. zasedání Zastupitelstva města Brna konaného dne 20.10.2022, bod č. 4, ve znění pozdějších změn",https://apl.brno.cz/protokoly-zmb/zmb-z9-14/20240130-5-30884.html
Z9-14-007,Z9/14,2024-01-30,petr-borecky-1,Petr Bořecký,Lidovci a Starostové,Ano,Ano,650923ce9085f67f,ano,,7. Změna ve složení Výboru pro národnostní menšiny Zastupitelstva města Brna - volba volební komise,https://apl.brno.cz/protokoly-zmb/zmb-z9-14/20240130-7-31948.html
Z9-14-008,Z9/14,2024-01-30,petr-borecky-1,Petr Bořecký,Lidovci a Starostové,Ano,Ano,697bdbf983f3508d,ano,,"7. Změna ve složení Výboru pro národnostní menšiny Zastupitelstva města Brna - volba předsedkyně/předsedy Výboru pro národnostní menšiny Zastupitelstva města Brna Mgr. Monika Lukášová Spilková, Ph.D.",https://apl.brno.cz/protokoly-zmb/zmb-z9-14/20240130-8-32502.html
Z9-14-006,Z9/14,2024-01-30,petr-borecky-1,Petr Bořecký,Lidovci a Starostové,Ano,Ano,e3eeb0a3ed9d3ed1,ano,,7. Změna ve složení Výboru pro národnostní menšiny Zastupitelstva města Brna - bere na vědomí,https://apl.brno.cz/protokoly-zmb/zmb-z9-14/20240130-6-31863.html
Z9-14-009,Z9/14,2024-01-30,petr-borecky-1,Petr Bořecký,Lidovci a Starostové,Ano,Ano,316276d6e631a91d,ano,,7. Změna ve složení Výboru pro národnostní menšiny Zastupitelstva města Brna - volba členky/člena Výboru pro národnostní menšiny Zastupitelstva města Brna - bere na vědomí,https://apl.brno.cz/protokoly-zmb/zmb-z9-14/20240130-9-32767.html
Z9-14-010,Z9/14,2024-01-30,petr-borecky-1,Petr Bořecký,Lidovci a Starostové,Ano,Ano,971c52ab5cf4495d,ano,,7. Změna ve složení Výboru pro národnostní menšiny Zastupitelstva města Brna - volba členky/člena Výboru pro národnostní menšiny Zastupitelstva města Brna - volba volební komise,https://apl.brno.cz/protokoly-zmb/zmb-z9-14/20240130-10-32832.html
Z9-14-011,Z9/14,2024-01-30,petr-borecky-1,Petr Bořecký,Lidovci a Starostové,Nehlasoval,Nehlasoval,bdcbdcaf98bded80,ano,,7. Změna ve složení Výboru pro národnostní menšiny Zastupitelstva města Brna - volba členky/člena Výboru pro národnostní menšiny Zastupitelstva města Brna - pí Fuchsová,https://apl.brno.cz/protokoly-zmb/zmb-z9-14/20240130-11-33264.html
Z9-14-013,Z9/14,2024-01-30,petr-borecky-1,Petr Bořecký,Lidovci a Starostové,Nehlasoval,Nehlasoval,b851278c48549797,ano,,7. Změna ve složení Výboru pro národnostní menšiny Zastupitelstva města Brna - volba členky/člena Výboru pro národnostní menšiny Zastupitelstva města Brna - p. Pernes,https://apl.brno.cz/protokoly-zmb/zmb-z9-14/20240130-13-33332.html
Z9-14-012,Z9/14,2024-01-30,petr-borecky-1,Petr Bořecký,Lidovci a Starostové,Ano,Ano,277b42607e0f3c57,ano,,7. Změna ve složení Výboru pro národnostní menšiny Zastupitelstva města Brna - volba členky/člena Výboru pro národnostní menšiny Zastupitelstva města Brna - p. Krytinář,https://apl.brno.cz/protokoly-zmb/zmb-z9-14/20240130-12-33296.html
Z9-14-014,Z9/14,2024-01-30,petr-borecky-1,Petr Bořecký,Lidovci a Starostové,Ano,Ano,7d29f6555b69213f,ano,,7. Změna ve složení Výboru pro národnostní menšiny Zastupitelstva města Brna - volba členky/člena Výboru pro národnostní menšiny Zastupitelstva města Brna - p. Štefan,https://apl.brno.cz/protokoly-zmb/zmb-z9-14/20240130-14-33351.html
Z9-14-015,Z9/14,2024-01-30,petr-borecky-1,Petr Bořecký,Lidovci a Starostové,Ano,Ano,202f860bb2af308e,ano,,8. Změna ve složení Kontrolního výboru Zastupitelstva města Brna - bere na vědomí,https://apl.brno.cz/protokoly-zmb/zmb-z9-14/20240130-15-33675.html
Z9-14-018,Z9/14,2024-01-30,petr-borecky-1,Petr Bořecký,Lidovci a Starostové,Ano,Ano,b15dd074533bf7d0,ano,,"95. Změna v osobě v pořadí druhého náměstka primátorky města Brna - volba v pořadí druhé náměstkyně/druhého náměstka primátorky města Brna - RNDr. Filip Chvátal, Ph.D.",https://apl.brno.cz/protokoly-zmb/zmb-z9-14/20240130-18-34971.html
Z9-14-017,Z9/14,2024-01-30,petr-borecky-1,Petr Bořecký,Lidovci a Starostové,Ano,Ano,66a5ff409e7ed1c3,ano,,95. Změna v osobě v pořadí druhého náměstka primátorky města Brna - bere na vědomí,https://apl.brno.cz/protokoly-zmb/zmb-z9-14/20240130-17-34016.html
Z9-14-016,Z9/14,2024-01-30,petr-borecky-1,Petr Bořecký,Lidovci a Starostové,Ano,Ano,2622054cdf96e87d,ano,,"8. Změna ve složení Kontrolního výboru Zastupitelstva města Brna - volba místopředsedkyně /místopředsedy Kontrolního výboru Zastupitelstva města Brna - Mgr. Sabina Benešová, DiS, LL.M.",https://apl.brno.cz/protokoly-zmb/zmb-z9-14/20240130-16-33798.html
Z9-14-019,Z9/14,2024-01-30,petr-borecky-1,Petr Bořecký,Lidovci a Starostové,Ano,Ano,41ea25c8d6f93848,ano,,"9. Návrh změny Jednacího řádu Zastupitelstva města Brna - čl. 8, písm. b, odst. 7",https://apl.brno.cz/protokoly-zmb/zmb-z9-14/20240130-19-35534.html
Z9-14-020,Z9/14,2024-01-30,petr-borecky-1,Petr Bořecký,Lidovci a Starostové,Ano,Ano,9316bedb5dc9f05d,ano,,9. Návrh změny Jednacího řádu Zastupitelstva města Brna,https://apl.brno.cz/protokoly-zmb/zmb-z9-14/20240130-20-35565.html
Z9-14-021,Z9/14,2024-01-30,petr-borecky-1,Petr Bořecký,Lidovci a Starostové,Nehlasoval,Nehlasoval,f505a0529a80821b,ano,,10. Přehled účastí na schůzích výborů ZMB,https://apl.brno.cz/protokoly-zmb/zmb-z9-14/20240130-21-35601.html
Z9-14-022,Z9/14,2024-01-30,petr-borecky-1,Petr Bořecký,Lidovci a Starostové,Ano,Ano,defbac2ccb003cd1,ano,,"11. Odměňování neuvolněných členů Zastupitelstva města Brna a členů komisí Rady města Brna a výborů Zastupitelstva města Brna, kteří nejsou členy Zastupitelstva města Brna",https://apl.brno.cz/protokoly-zmb/zmb-z9-14/20240130-22-35635.html
Z9-14-023,Z9/14,2024-01-30,petr-borecky-1,Petr Bořecký,Lidovci a Starostové,Ano,Ano,9c0dc45b50cf1393,ano,,"12. Návrh obecně závazné vyhlášky statutárního města Brna, kterou se mění obecně závazná vyhláška statutárního města Brna č. 20/2001, kterou se vydává Statut města Brna, ve znění pozdějších vyhlášek, a obecně závazná vyhláška statutárního města Brna č. 25/2023",https://apl.brno.cz/protokoly-zmb/zmb-z9-14/20240130-23-35676.html
Z9-14-024,Z9/14,2024-01-30,petr-borecky-1,Petr Bořecký,Lidovci a Starostové,Ano,Ano,e711f7ebdc10d926,ano,,13. Návrh zřizovacích listin příspěvkových organizací v působnosti Odboru sociální péče Magistrátu města Brna,https://apl.brno.cz/protokoly-zmb/zmb-z9-14/20240130-24-35708.html
Z9-14-025,Z9/14,2024-01-30,petr-borecky-1,Petr Bořecký,Lidovci a Starostové,Ano,Ano,e53fdc7b3fa6db6f,ano,,"14. SAKO Brno, a. s.– návrh změny stanov",https://apl.brno.cz/protokoly-zmb/zmb-z9-14/20240130-25-35737.html
Z9-14-026,Z9/14,2024-01-30,petr-borecky-1,Petr Bořecký,Lidovci a Starostové,Ano,Ano,7e72fdc4aa60e9f4,ano,,"17. Brněnské vodárny a kanalizace, a. s.– podpora Projektu Kalové hospodářství ČOV Brno-Modřice, zpráva o zahájení jednání o odkupu podílu SUEZ International S. A. S.",https://apl.brno.cz/protokoly-zmb/zmb-z9-14/20240130-26-36806.html
Z9-14-027,Z9/14,2024-01-30,petr-borecky-1,Petr Bořecký,Lidovci a Starostové,Ano,Ano,367bd232da3f34d5,ano,,"18. Návrh Protokolu č. 76 o předání majetku statutárního města Brna k hospodaření Veřejné zeleni města Brna, příspěvkové organizaci",https://apl.brno.cz/protokoly-zmb/zmb-z9-14/20240130-27-36837.html
Z9-14-029,Z9/14,2024-01-30,petr-borecky-1,Petr Bořecký,Lidovci a Starostové,Ano,Ano,63502d7206fb1c38,ano,,"20. Návrh na změnu zástupce statutárního města Brna na všech valných shromážděních Sdružení energetických manažerů měst a obcí, z. s.",https://apl.brno.cz/protokoly-zmb/zmb-z9-14/20240130-29-36905.html
Z9-14-028,Z9/14,2024-01-30,petr-borecky-1,Petr Bořecký,Lidovci a Starostové,Ano,Ano,6123ccbd158c1e54,ano,,"19. Návrh na delegování zástupců statutárního města Brna na valnou hromadu spolku CIVINET Česká a Slovenská republika, z. s.; návrh na zrušení části usnesení Z8/19. zasedání ZMB konaného dne 8. 9. 2020, bod 8",https://apl.brno.cz/protokoly-zmb/zmb-z9-14/20240130-28-36875.html
Z9-14-030,Z9/14,2024-01-30,petr-borecky-1,Petr Bořecký,Lidovci a Starostové,Ano,Ano,0bf6c18e4c27793a,ano,,"21. Návrh aktualizace dokumentu ""Energetická politika statutárního města Brna""; návrh na zrušení části usnesení Z8/38. zasedání Zastupitelstva města Brna konaného dne 17. května 2022, bod č. 18",https://apl.brno.cz/protokoly-zmb/zmb-z9-14/20240130-30-36944.html
Z9-14-031,Z9/14,2024-01-30,petr-borecky-1,Petr Bořecký,Lidovci a Starostové,Ano,Ano,7559b1a6193c5c5a,ano,,22. Akční plán zlepšování kvality ovzduší Brno - 2023,https://apl.brno.cz/protokoly-zmb/zmb-z9-14/20240130-31-36976.html
Z9-14-032,Z9/14,2024-01-30,petr-borecky-1,Petr Bořecký,Lidovci a Starostové,Nehlasoval,Nehlasoval,22332c0f3b67014c,ano,,23. Návrh změny Dotačních pravidel,https://apl.brno.cz/protokoly-zmb/zmb-z9-14/20240130-32-37074.html
Z9-14-033,Z9/14,2024-01-30,petr-borecky-1,Petr Bořecký,Lidovci a Starostové,Ano,Ano,e22ba009bdd4ba70,ano,,24. Návrh na poskytnutí peněžitého daru do majetku Jihomoravského filmového nadačního fondu,https://apl.brno.cz/protokoly-zmb/zmb-z9-14/20240130-33-37103.html
Z9-14-034,Z9/14,2024-01-30,petr-borecky-1,Petr Bořecký,Lidovci a Starostové,Ano,Ano,69038a31982cfe3e,ano,,25. Aktualizace rozpočtu Odboru investičního MMB – leden 2024 – návrh rozpočtového opatření,https://apl.brno.cz/protokoly-zmb/zmb-z9-14/20240130-34-37133.html
Z9-14-036,Z9/14,2024-01-30,petr-borecky-1,Petr Bořecký,Lidovci a Starostové,Ano,Ano,75b3fa7bc69dcdd1,ano,,27. Zapojení rezervy rozpočtu v souvislosti s úhradou regresní platby – návrh rozpočtového opatření,https://apl.brno.cz/protokoly-zmb/zmb-z9-14/20240130-36-37296.html
Z9-14-035,Z9/14,2024-01-30,petr-borecky-1,Petr Bořecký,Lidovci a Starostové,Ano,Ano,5f8cb097e9de5cf4,ano,,26. Návrh rozpočtového opatření – přesun finančních prostředků z rozpočtu Odboru územního plánování a rozvoje MMB do rozpočtu Odboru vnitřních věcí MMB,https://apl.brno.cz/protokoly-zmb/zmb-z9-14/20240130-35-37265.html
Z9-14-037,Z9/14,2024-01-30,petr-borecky-1,Petr Bořecký,Lidovci a Starostové,Ano,Ano,d9b634c90b80bf84,ano,,"28. Zapojení Fondu rezerv a rozvoje v souvislosti s poskytnutím úročené investiční zápůjčky městské části Brno-Slatina, návrh rozpočtového opatření",https://apl.brno.cz/protokoly-zmb/zmb-z9-14/20240130-37-37328.html
Z9-14-038,Z9/14,2024-01-30,petr-borecky-1,Petr Bořecký,Lidovci a Starostové,Ano,Ano,6fae8d083fe774ef,ano,,29. Zapojení Fondu rezerv a rozvoje v souvislosti s návrhem na poskytnutí neinvestičních transferů a investičního transferu městským částem – návrh rozpočtového opatření,https://apl.brno.cz/protokoly-zmb/zmb-z9-14/20240130-38-37360.html
Z9-14-040,Z9/14,2024-01-30,petr-borecky-1,Petr Bořecký,Lidovci a Starostové,Ano,Ano,1b0cb1f4d3678f5f,ano,,31. Zapojení Fondu rezerv a rozvoje v souvislosti s poskytnutím účelového investičního transferu městské části Brno-sever na realizaci II. etapy parku Marie Restituty – návrh rozpočtového opatření,https://apl.brno.cz/protokoly-zmb/zmb-z9-14/20240130-40-37766.html
Z9-14-039,Z9/14,2024-01-30,petr-borecky-1,Petr Bořecký,Lidovci a Starostové,Ano,Ano,a9276c96e25b9bcb,ano,,"30. Zapojení Fondu rezerv a rozvoje v souvislosti s poskytnutím účelového neinvestičního příspěvku Kanceláři architekta města Brna, příspěvkové organizaci, na soutěž o návrh ""Sportovní hala pro dráhovou cyklistiku a atletiku"", návrh rozpočtového opatření",https://apl.brno.cz/protokoly-zmb/zmb-z9-14/20240130-39-37732.html
Z9-14-041,Z9/14,2024-01-30,petr-borecky-1,Petr Bořecký,Lidovci a Starostové,Ano,Ano,b77a1ac826d53ae7,ano,,32. Návrh na poskytnutí transferů městským částem z rozpočtu Odboru investičního MMB na rok 2024 – návrh rozpočtového opatření,https://apl.brno.cz/protokoly-zmb/zmb-z9-14/20240130-41-37798.html
Z9-14-042,Z9/14,2024-01-30,petr-borecky-1,Petr Bořecký,Lidovci a Starostové,Ano,Ano,d3b01fdd9ec0b68f,ano,,hlasování o zařazení bodu č. 97,https://apl.brno.cz/protokoly-zmb/zmb-z9-14/20240130-42-40462.html
Z9-14-043,Z9/14,2024-01-30,petr-borecky-1,Petr Bořecký,Lidovci a Starostové,Ano,Ano,f518ef2cd0ecfc0f,ano,,97. Volba členky/člena Rady města Brna pro participaci - Petr Bořecký,https://apl.brno.cz/protokoly-zmb/zmb-z9-14/20240130-43-40828.html
Z9-14-044,Z9/14,2024-01-30,petr-borecky-1,Petr Bořecký,Lidovci a Starostové,Ano,Ano,041d3181661df7ff,ano,,"15. Žádost obchodní společnosti Energie Teplárny Brno, s. r. o., o vstup do Koncernu statutárního města Brna, návrh Dodatku č. 4 k Deklaraci Koncernu statutárního města Brna",https://apl.brno.cz/protokoly-zmb/zmb-z9-14/20240130-44-41046.html
Z9-14-045,Z9/14,2024-01-30,petr-borecky-1,Petr Bořecký,Lidovci a Starostové,Ano,Ano,0e436362eb6a7697,ano,,16. Koordinace a synchronizace projektů informačních a komunikačních technologií řízených osob – návrh předchozího souhlasu s udělením koncernového pokynu,https://apl.brno.cz/protokoly-zmb/zmb-z9-14/20240130-45-41242.html
Z9-14-047,Z9/14,2024-01-30,petr-borecky-1,Petr Bořecký,Lidovci a Starostové,Ano,Ano,9819b16af22ed950,ano,,34. Návrh na poskytnutí neinvestičních dotací v rámci Programu I pro rok 2024 – sociální služby poskytované NNO – návrh rozpočtového opatření,https://apl.brno.cz/protokoly-zmb/zmb-z9-14/20240130-47-41314.html
Z9-14-048,Z9/14,2024-01-30,petr-borecky-1,Petr Bořecký,Lidovci a Starostové,Ano,Ano,a076205cd5cab1b4,ano,,35. Návrh na poskytnutí neinvestičních příspěvků školám a školským zařízením na podporu dietního stravování ve městě Brně na rok 2024 - návrh rozpočtového opatření,https://apl.brno.cz/protokoly-zmb/zmb-z9-14/20240130-48-41347.html
Z9-14-046,Z9/14,2024-01-30,petr-borecky-1,Petr Bořecký,Lidovci a Starostové,Ano,Ano,08d447270eb2eecf,ano,,"33. Návrh na poskytnutí neinvestičního transferu městským částem na opravy v objektech určených pro poskytování sociálních služeb, poskytnutí investičního transferu městské části Brno-Bohunice na pořízení zvedací plošiny, návrh rozpočtového opatření",https://apl.brno.cz/protokoly-zmb/zmb-z9-14/20240130-46-41281.html
Z9-14-049,Z9/14,2024-01-30,petr-borecky-1,Petr Bořecký,Lidovci a Starostové,Nehlasoval,Nehlasoval,342ad33a085d52fa,ano,,"36. Návrh na poskytnutí individuální neinvestiční dotace Trenéři ve škole, z. s., na zabezpečení projektu „Trenéři ve škole“ v období 02-06/2024 – návrh rozpočtového opatření",https://apl.brno.cz/protokoly-zmb/zmb-z9-14/20240130-49-41381.html
Z9-14-050,Z9/14,2024-01-30,petr-borecky-1,Petr Bořecký,Lidovci a Starostové,Ano,Ano,4e0b04f3eca88218,ano,,37. Návrh na poskytnutí neinvestičních dotací na podporu vrcholového sportu pro rok 2024 – návrh rozpočtového opatření,https://apl.brno.cz/protokoly-zmb/zmb-z9-14/20240130-50-41426.html
Z9-14-051,Z9/14,2024-01-30,petr-borecky-1,Petr Bořecký,Lidovci a Starostové,Ano,Ano,6c2b6cf5f6925efb,ano,,38. Návrh na poskytnutí neinvestičních dotací na podporu provozu sportovišť pro rok 2024,https://apl.brno.cz/protokoly-zmb/zmb-z9-14/20240130-51-41473.html
Z9-14-052,Z9/14,2024-01-30,petr-borecky-1,Petr Bořecký,Lidovci a Starostové,Ano,Ano,ee50e61a0fcf17d8,ano,,"39. Návrh na poskytnutí individuální neinvestiční dotace Malý fotbal Brno, z. s., na projekt „Podpora činnosti trenérů a animátorů pohybových aktivit na ZŠ“ v období 01-06/2024 – návrh rozpočtového opatření",https://apl.brno.cz/protokoly-zmb/zmb-z9-14/20240130-52-41639.html
Z9-14-053,Z9/14,2024-01-30,petr-borecky-1,Petr Bořecký,Lidovci a Starostové,Ano,Ano,36501449ba608765,ano,,"40. Návrh na poskytnutí investičních dotací v rámci dotačního programu Podpora vytváření zelených střech, návrh vzorové veřejnoprávní smlouvy o poskytnutí dotace z rozpočtu města Brna",https://apl.brno.cz/protokoly-zmb/zmb-z9-14/20240130-53-41766.html
Z9-14-054,Z9/14,2024-01-30,petr-borecky-1,Petr Bořecký,Lidovci a Starostové,Ano,Ano,0a0fddb56f32be24,ano,,"41. Návrh na poskytnutí investičních dotací v rámci dotačního programu Podpora využití srážkové vody, návrh veřejnoprávní smlouvy o poskytnutí dotace z rozpočtu města Brna",https://apl.brno.cz/protokoly-zmb/zmb-z9-14/20240130-54-41799.html
Z9-14-055,Z9/14,2024-01-30,petr-borecky-1,Petr Bořecký,Lidovci a Starostové,Ano,Ano,c1599cbc90fc901e,ano,,42. Návrh na poskytnutí dotací na podporu projektů ekologické výchovy ve městě Brně na rok 2024 a návrh rozpočtového opatření,https://apl.brno.cz/protokoly-zmb/zmb-z9-14/20240130-55-41833.html
Z9-14-057,Z9/14,2024-01-30,petr-borecky-1,Petr Bořecký,Lidovci a Starostové,Ano,Ano,ba6c5fc6ba6a6c09,ano,,"44. Návrh na poskytnutí neinvestičních dotací na podporu aktivit k oživení ploch veřejné zeleně ve městě Brně v roce 2024 -""Nábřežít"", návrh vzorové veřejnoprávní smlouvy o poskytnutí dotace z rozpočtu města Brna, návrh rozpočtového opatření",https://apl.brno.cz/protokoly-zmb/zmb-z9-14/20240130-57-41918.html
Z9-14-056,Z9/14,2024-01-30,petr-borecky-1,Petr Bořecký,Lidovci a Starostové,Ano,Ano,7187523ec89f0485,ano,,"43. Návrh na poskytnutí neinvestičních dotací na podporu aktivit k oživení ploch veřejné zeleně ve městě Brně v roce 2024 – ""Vnitroblok"", návrh vzorové veřejnoprávní smlouvy o poskytnutí dotace z rozpočtu města Brna, návrh rozpočtového opatření",https://apl.brno.cz/protokoly-zmb/zmb-z9-14/20240130-56-41879.html
Z9-14-058,Z9/14,2024-01-30,petr-borecky-1,Petr Bořecký,Lidovci a Starostové,Ano,Ano,1d3311925cfbddb7,ano,,"45. Návrh navýšení poskytnuté individuální dotace, návrh dodatku č. 1 ke smlouvě o poskytnutí individuální dotace z rozpočtu města Brna v letech 2022-2025 uzavřené s Českým filharmonickým sborem Brno, o. p. s.",https://apl.brno.cz/protokoly-zmb/zmb-z9-14/20240130-58-41955.html
Z9-14-059,Z9/14,2024-01-30,petr-borecky-1,Petr Bořecký,Lidovci a Starostové,Ano,Ano,7d57d61947672cfe,ano,,"46. Návrh na poskytnutí dotací a uzavření smluv s organizacemi poskytujícími služby zdravotnické, služby v oblasti podpory rodinné politiky a podpory prevence domácího násilí",https://apl.brno.cz/protokoly-zmb/zmb-z9-14/20240130-59-42040.html
Z9-14-060,Z9/14,2024-01-30,petr-borecky-1,Petr Bořecký,Lidovci a Starostové,Ano,Ano,649d9b0a3e19cabd,ano,,47. Návrh na uzavření smluv o poskytnutí individuálních dotací z rozpočtu města Brna pro státní příspěvkové organizace v oblasti kultury na roky 2024-2025,https://apl.brno.cz/protokoly-zmb/zmb-z9-14/20240130-60-42076.html
Z9-14-063,Z9/14,2024-01-30,petr-borecky-1,Petr Bořecký,Lidovci a Starostové,Ano,Ano,cbbebae5c6530ac7,ano,,"48. Návrh smlouvy o poskytnutí individuální dotace z rozpočtu města Brna v letech 2024–2025 pro společnost DBP, s. r. o., na projekt „Letní scéna Divadla Bolka Polívky v Brně“",https://apl.brno.cz/protokoly-zmb/zmb-z9-14/20240130-63-42555.html
Z9-14-062,Z9/14,2024-01-30,petr-borecky-1,Petr Bořecký,Lidovci a Starostové,Ano,Ano,867b389f45370721,ano,,"51. Návrh dohody o ukončení Smlouvy o poskytnutí individuální dotace v letech 2023-2025 se společností DBP, s. r. o., návrh dodatku č. 1 ke Smlouvě o poskytnutí individuální dotace 2023-2025 s Divadlem Bolka Polívky, z. ú. - návrh rozpočtového opatření",https://apl.brno.cz/protokoly-zmb/zmb-z9-14/20240130-62-42516.html
Z9-14-064,Z9/14,2024-01-30,petr-borecky-1,Petr Bořecký,Lidovci a Starostové,Ano,Ano,340475d4302fab0d,ano,,49. Návrh na uzavření smluv o poskytnutí jednoletých individuálních dotací z rozpočtu města Brna v oblasti kultury v roce 2024 - bod 1.2,https://apl.brno.cz/protokoly-zmb/zmb-z9-14/20240130-64-42626.html
Z9-14-065,Z9/14,2024-01-30,petr-borecky-1,Petr Bořecký,Lidovci a Starostové,Ano,Ano,1cb926a547877b42,ano,,49. Návrh na uzavření smluv o poskytnutí jednoletých individuálních dotací z rozpočtu města Brna v oblasti kultury v roce 2024,https://apl.brno.cz/protokoly-zmb/zmb-z9-14/20240130-65-42650.html
Z9-14-066,Z9/14,2024-01-30,petr-borecky-1,Petr Bořecký,Lidovci a Starostové,Ano,Ano,12ed8b7f0100417e,ano,,49. Návrh na uzavření smluv o poskytnutí jednoletých individuálních dotací z rozpočtu města Brna v oblasti kultury v roce 2024 - bod 2,https://apl.brno.cz/protokoly-zmb/zmb-z9-14/20240130-66-42677.html
Z9-14-067,Z9/14,2024-01-30,petr-borecky-1,Petr Bořecký,Lidovci a Starostové,Ano,Ano,05eb1eec3bd52956,ano,,50. Návrh na uzavření smluv o poskytnutí víceletých individuálních dotací z rozpočtu města Brna v oblasti kultury v letech 2024–2026,https://apl.brno.cz/protokoly-zmb/zmb-z9-14/20240130-67-42712.html
Z9-14-068,Z9/14,2024-01-30,petr-borecky-1,Petr Bořecký,Lidovci a Starostové,Nehlasoval,Nehlasoval,2e0676bf2b97507f,ano,,"52. Návrh smlouvy s JIC, zájmovým sdružením právnických osob, o poskytování veřejné služby a podmínkách poskytnutí vyrovnávací platby za plnění závazku veřejné služby – rozpočtové opatření",https://apl.brno.cz/protokoly-zmb/zmb-z9-14/20240130-68-42748.html
Z9-14-069,Z9/14,2024-01-30,petr-borecky-1,Petr Bořecký,Lidovci a Starostové,Ano,Ano,1fee77ba323245bd,ano,,53. Návrh smlouvy s FabLab Brno s. r. o. o poskytování veřejné služby a podmínkách poskytnutí vyrovnávací platby za plnění závazku veřejné služby,https://apl.brno.cz/protokoly-zmb/zmb-z9-14/20240130-69-42777.html
Z9-14-070,Z9/14,2024-01-30,petr-borecky-1,Petr Bořecký,Lidovci a Starostové,Ano,Ano,9bca2e7279978e26,ano,,54. Návrh Smlouvy o poskytnutí investičního příspěvku „Nová Zbrojovka – objekt A“,https://apl.brno.cz/protokoly-zmb/zmb-z9-14/20240130-70-42808.html
Z9-14-071,Z9/14,2024-01-30,petr-borecky-1,Petr Bořecký,Lidovci a Starostové,Ano,Ano,89295b84e092c7f1,ano,,55. Návrh Dodatku č. 1 ke Smlouvě o poskytnutí investičního příspěvku „BLOK VÍDEŇSKÁ – DOSTAVBY“,https://apl.brno.cz/protokoly-zmb/zmb-z9-14/20240130-71-42882.html
Z9-14-072,Z9/14,2024-01-30,petr-borecky-1,Petr Bořecký,Lidovci a Starostové,Ano,Ano,678ad7b4fba47514,ano,,56. Návrh na uzavření dohody o narovnání – smírné vyřešení soudních sporů se společností KOREKT REAL s. r. o.,https://apl.brno.cz/protokoly-zmb/zmb-z9-14/20240130-72-42915.html
Z9-14-073,Z9/14,2024-01-30,petr-borecky-1,Petr Bořecký,Lidovci a Starostové,Ano,Ano,01ed3e8a8561e271,ano,,57. Odpis nedobytné pohledávky z titulu dlužného nájemného,https://apl.brno.cz/protokoly-zmb/zmb-z9-14/20240130-73-42943.html
Z9-14-074,Z9/14,2024-01-30,petr-borecky-1,Petr Bořecký,Lidovci a Starostové,Ano,Ano,7a030ae4bebbb348,ano,,"58. Žádost o prominutí či snížení smluvní pokuty, návrh Dodatku č. 1 k Plánovací smlouvě č. 6313173069",https://apl.brno.cz/protokoly-zmb/zmb-z9-14/20240130-74-42975.html
Z9-14-075,Z9/14,2024-01-30,petr-borecky-1,Petr Bořecký,Lidovci a Starostové,Ano,Ano,57edcf84c53c5cd7,ano,,"59. Rozdělení finančních prostředků na projekty participativního rozpočtu – výsledky hlasování, návrh rozpočtového opatření",https://apl.brno.cz/protokoly-zmb/zmb-z9-14/20240130-75-43008.html
Z9-14-077,Z9/14,2024-01-30,petr-borecky-1,Petr Bořecký,Lidovci a Starostové,Ano,Ano,5b08eadfa1d39e20,ano,,61. Finanční prostředky Fondu kofinancování projektů – leden 2024 – návrh rozpočtových opatření - 1. a 2. odr.,https://apl.brno.cz/protokoly-zmb/zmb-z9-14/20240130-77-43222.html
Z9-14-078,Z9/14,2024-01-30,petr-borecky-1,Petr Bořecký,Lidovci a Starostové,Ano,Ano,d3c48be238972aa1,ano,,61. Finanční prostředky Fondu kofinancování projektů – leden 2024 – návrh rozpočtových opatření - 3. odr.,https://apl.brno.cz/protokoly-zmb/zmb-z9-14/20240130-78-43247.html
Z9-14-076,Z9/14,2024-01-30,petr-borecky-1,Petr Bořecký,Lidovci a Starostové,Ano,Ano,6efd5b8e18ee5d31,ano,,60. Projekty financované z Fondu kofinancování projektů – leden 2024 – návrh rozpočtového opatření,https://apl.brno.cz/protokoly-zmb/zmb-z9-14/20240130-76-43037.html
Z9-14-079,Z9/14,2024-01-30,petr-borecky-1,Petr Bořecký,Lidovci a Starostové,Ano,Ano,745ddc939423aec9,ano,,61. Finanční prostředky Fondu kofinancování projektů – leden 2024 – návrh rozpočtových opatření - 4. odr.,https://apl.brno.cz/protokoly-zmb/zmb-z9-14/20240130-79-43270.html
Z9-14-080,Z9/14,2024-01-30,petr-borecky-1,Petr Bořecký,Lidovci a Starostové,Ano,Ano,9316bc08adf010d1,ano,,"62. Návrh na poskytnutí individuální investiční dotace spolku Tělovýchovná jednota Lokomotiva-Ingstav, z. s., na projekt „Stavební úpravy a nástavba objektu Jakuba Obrovského 2/2, 635 00 Brno“ spolufinancovaný z rozpočtu NSA",https://apl.brno.cz/protokoly-zmb/zmb-z9-14/20240130-80-43319.html
Z9-14-082,Z9/14,2024-01-30,petr-borecky-1,Petr Bořecký,Lidovci a Starostové,Ano,Ano,a69b4f43ee8bb619,ano,,"64. Projekt ""Přístavba Logopedické třídy MŠ Hatě Brno – Ivanovice, Hatě 81/19"" – posouzení projektu",https://apl.brno.cz/protokoly-zmb/zmb-z9-14/20240130-82-43381.html
Z9-14-081,Z9/14,2024-01-30,petr-borecky-1,Petr Bořecký,Lidovci a Starostové,Ano,Ano,90758bff14852b2c,ano,,"63. Projekt ""Integrace cizinců ve městě Brně V."" – posouzení projektu",https://apl.brno.cz/protokoly-zmb/zmb-z9-14/20240130-81-43350.html
Z9-14-083,Z9/14,2024-01-30,petr-borecky-1,Petr Bořecký,Lidovci a Starostové,Ano,Ano,e606cdf7ad6c680b,ano,,"65. Projekt ""ZŠ Gajdošova 3, druhá etapa"" – rozhodnutí o poskytnutí dotace",https://apl.brno.cz/protokoly-zmb/zmb-z9-14/20240130-83-43414.html
Z9-14-084,Z9/14,2024-01-30,petr-borecky-1,Petr Bořecký,Lidovci a Starostové,Nehlasoval,Nehlasoval,e14a3e0ebf16d270,ano,,"66. Projekt ""ZŠ Sirotkova – přístavba učeben odborných předmětů"" – rozhodnutí o poskytnutí dotace",https://apl.brno.cz/protokoly-zmb/zmb-z9-14/20240130-84-43443.html
Z9-14-085,Z9/14,2024-01-30,petr-borecky-1,Petr Bořecký,Lidovci a Starostové,Nehlasoval,Nehlasoval,03f60ac79f032293,ano,,"67. Projekt ""Pořízení cisternové automobilové stříkačky pro JSDH Brno-Židenice"" – rozhodnutí o poskytnutí dotace",https://apl.brno.cz/protokoly-zmb/zmb-z9-14/20240130-85-43472.html
Z9-14-086,Z9/14,2024-01-30,petr-borecky-1,Petr Bořecký,Lidovci a Starostové,Nehlasoval,Nehlasoval,c867294a1d48cd8e,ano,,"68. Projekt ""Akumulace dešťových vod v lokalitě Líšeň – Rokle"" – návrh aktualizovaného znění smlouvy o poskytnutí podpory",https://apl.brno.cz/protokoly-zmb/zmb-z9-14/20240130-86-43503.html
Z9-14-088,Z9/14,2024-01-30,petr-borecky-1,Petr Bořecký,Lidovci a Starostové,Ano,Ano,027265401a2135af,ano,,Body č. 70-72,https://apl.brno.cz/protokoly-zmb/zmb-z9-14/20240130-88-43579.html
Z9-14-087,Z9/14,2024-01-30,petr-borecky-1,Petr Bořecký,Lidovci a Starostové,Ano,Ano,4b9d44b025741e28,ano,,"69. Návrh zpeněžení pozemků p. č. 403/1, 403/4, 403/5, 404 v k. ú. Pisárky jejichž součástmi je objekt Lipová č. o. 31, dvě garáže ve veřejné elektronické dobrovolné dražbě",https://apl.brno.cz/protokoly-zmb/zmb-z9-14/20240130-87-43537.html
Z9-14-089,Z9/14,2024-01-30,petr-borecky-1,Petr Bořecký,Lidovci a Starostové,Ano,Ano,75afaef8c2ec09e2,ano,,"73. Návrh nabytí pozemku p. č. 49/3 v k. ú.Dvorska 74. Návrh nabytí pozemků p. č. 1684/76 a p. č. 1903/47, oba v k. ú. Starý Lískovec",https://apl.brno.cz/protokoly-zmb/zmb-z9-14/20240130-89-43620.html
Z9-14-090,Z9/14,2024-01-30,petr-borecky-1,Petr Bořecký,Lidovci a Starostové,Nehlasoval,Nehlasoval,6b89b3fb37984439,ano,,Body č. 75-81,https://apl.brno.cz/protokoly-zmb/zmb-z9-14/20240130-90-43679.html
Z9-14-092,Z9/14,2024-01-30,petr-borecky-1,Petr Bořecký,Lidovci a Starostové,Ano,Ano,3188db883767d14d,ano,,"83. Návrh směny pozemku p. č. 1519 a části pozemku p. č. 2620/1 za část pozemku p. č. 2621 a část pozemku p. č. 2622 k. ú. Bosonohy 84.Návrh směny pozemku p. č. 1601/2 za pozemek p. č. 1598/5, vše v k. ú. Chrlice",https://apl.brno.cz/protokoly-zmb/zmb-z9-14/20240130-92-43783.html
Z9-14-091,Z9/14,2024-01-30,petr-borecky-1,Petr Bořecký,Lidovci a Starostové,Nehlasoval,Nehlasoval,5c14f537a39ae903,ano,,82. Předkupní právo dle § 101 stavebního zákona k pozemku p. č. 707/3 v k. ú. Horní Heršpice,https://apl.brno.cz/protokoly-zmb/zmb-z9-14/20240130-91-43712.html
Z9-14-093,Z9/14,2024-01-30,petr-borecky-1,Petr Bořecký,Lidovci a Starostové,Ano,Ano,7523bf26a2dfdc93,ano,,"85. Návrh směny pozemku p. č. 5864/2 za pozemek p. č. 5811/1 a návrh na zřízení služebnosti k pozemku p. č. 5864/2, vše v k. ú. Židenice",https://apl.brno.cz/protokoly-zmb/zmb-z9-14/20240130-93-43815.html
Z9-14-094,Z9/14,2024-01-30,petr-borecky-1,Petr Bořecký,Lidovci a Starostové,Ano,Ano,db12e27bd0015567,ano,,"87. Návrh odnětí svěřeného majetku města městské části Brno-Maloměřice a Obřany, pozemků p. č. 1804/4, p. č. 1804/5 v k. ú. Obřany",https://apl.brno.cz/protokoly-zmb/zmb-z9-14/20240130-94-43848.html
Z9-14-095,Z9/14,2024-01-30,petr-borecky-1,Petr Bořecký,Lidovci a Starostové,Ano,Ano,4e70b21a77923b0e,ano,,"88. Návrh na setrvání na části usnesení Zastupitelstva města Brna Z9/08 konaného dne 20. 6. 2023, bod č. 159 - nesvěření pozemku p. č. 3123 v k. ú. Kníničky městské části Brno-Kníničky.",https://apl.brno.cz/protokoly-zmb/zmb-z9-14/20240130-95-43889.html
Z9-14-096,Z9/14,2024-01-30,petr-borecky-1,Petr Bořecký,Lidovci a Starostové,Ano,Ano,52b6982f34101f70,ano,,89. Návrh Smlouvy o spolupráci na přípravě a realizaci programu „Rezidence KREILU“,https://apl.brno.cz/protokoly-zmb/zmb-z9-14/20240130-96-43921.html
Z9-14-097,Z9/14,2024-01-30,petr-borecky-1,Petr Bořecký,Lidovci a Starostové,Ano,Ano,7832878a7cac689a,ano,,90. Návrh Smlouvy o spolupráci při výstavbě veřejné infrastruktury „Obytný soubor Pastviny – Uhlířova“,https://apl.brno.cz/protokoly-zmb/zmb-z9-14/20240130-97-43953.html
Z9-14-098,Z9/14,2024-01-30,petr-borecky-1,Petr Bořecký,Lidovci a Starostové,Ano,Ano,afa4f13223beffaf,ano,,"91. Návrh Dodatku č.1 ke Smlouvě o spolupráci při výstavbě veřejné dopravní a technické infrastruktury „Polyfunkční stavba Trnitá II Bulvár"" 92.Návrh Dodatku č. 1 ke Smlouvě o spolupráci při výstavbě veřejné infrastruktury ""Budova D""",https://apl.brno.cz/protokoly-zmb/zmb-z9-14/20240130-98-44011.html
Z9-14-099,Z9/14,2024-01-30,petr-borecky-1,Petr Bořecký,Lidovci a Starostové,Ano,Ano,d001342fdd233b58,ano,,"93. Návrh Dodatku č. 1 ke Smlouvě o spolupráci při výstavbě veřejné infrastruktury „Oáza u řeky, bydlení Horní Heršpice, ulice Dufkovo nábřeží """,https://apl.brno.cz/protokoly-zmb/zmb-z9-14/20240130-99-44042.html
Z9-14-101,Z9/14,2024-01-30,petr-borecky-1,Petr Bořecký,Lidovci a Starostové,Ano,Ano,36df7ac5d5a6779e,ano,,"96. Návrh změny stanov obchodních společností Teplárny Brno, a. s., a Veletrhy Brno, a. s.",https://apl.brno.cz/protokoly-zmb/zmb-z9-14/20240130-101-44112.html
Z9-14-100,Z9/14,2024-01-30,petr-borecky-1,Petr Bořecký,Lidovci a Starostové,Ano,Ano,70f0127b468e68a7,ano,,94. Územně plánovací dokumentace 2023 – návrhy na nezahájení/zahájení procesu pořízení změn Územního plánu a regulačních plánů města Brna,https://apl.brno.cz/protokoly-zmb/zmb-z9-14/20240130-100-44077.html
Z9-16-002,Z9/16,2024-04-09,petr-borecky-1,Petr Bořecký,Lidovci a Starostové,Ano,Ano,27320a5348f9fd49,ano,,"1. Technický bod (zapisovatelé, právní asistence, ověřovatelé zápisu, schválení programu zasedání ZMB) - program - hlasování o stažení bodu č. 20, 25, 52, 85, 122, 128",https://apl.brno.cz/protokoly-zmb/zmb-z9-16/20240409-2-29695.html
Z9-16-003,Z9/16,2024-04-09,petr-borecky-1,Petr Bořecký,Lidovci a Starostové,Ano,Ano,469291f388b0af02,ano,,"1. Technický bod (zapisovatelé, právní asistence, ověřovatelé zápisu, schválení programu zasedání ZMB) - program - hlasování o zařazení bodu č. 130",https://apl.brno.cz/protokoly-zmb/zmb-z9-16/20240409-3-29715.html
Z9-16-001,Z9/16,2024-04-09,petr-borecky-1,Petr Bořecký,Lidovci a Starostové,Ano,Ano,c0a981b8fbbb0172,ano,,"1. Technický bod (zapisovatelé, právní asistence, ověřovatelé zápisu, schválení programu zasedání ZMB) - ověřovatelé zápisu",https://apl.brno.cz/protokoly-zmb/zmb-z9-16/20240409-1-29457.html
Z9-16-007,Z9/16,2024-04-09,petr-borecky-1,Petr Bořecký,Lidovci a Starostové,Ano,Ano,ef637358299916e3,ano,,"6. Návrh obecně závazné vyhlášky statutárního města Brna, kterou se mění obecně závazná vyhláška statutárního města Brna č. 11/2017, o nočním klidu, ve znění pozdějších vyhlášek vč. doplnění",https://apl.brno.cz/protokoly-zmb/zmb-z9-16/20240409-7-29940.html
Z9-16-005,Z9/16,2024-04-09,petr-borecky-1,Petr Bořecký,Lidovci a Starostové,Ano,Ano,0749716171070905,ano,,"5. Návrh obecně závazné vyhlášky statutárního města Brna, kterou se mění obecně závazná vyhláška statutárního města Brna č. 9/2017, o pravidlech pro pohyb psů, ve znění obecně závazné vyhlášky statutárního města Brna č. 21/2020",https://apl.brno.cz/protokoly-zmb/zmb-z9-16/20240409-5-29776.html
Z9-16-008,Z9/16,2024-04-09,petr-borecky-1,Petr Bořecký,Lidovci a Starostové,Ano,Ano,cd1824d16ccd66c4,ano,,"7. Návrh obecně závazné vyhlášky statutárního města Brna, kterou se mění obecně závazná vyhláška statutárního města Brna č. 20/2020, o zákazu požívání alkoholických nápojů na veřejných prostranstvích, ve znění obecně závazné vyhlášky statutárního města Brna č. 6/2022“",https://apl.brno.cz/protokoly-zmb/zmb-z9-16/20240409-8-29988.html
Z9-16-004,Z9/16,2024-04-09,petr-borecky-1,Petr Bořecký,Lidovci a Starostové,Ano,Ano,93a6f82ae88cd7fb,ano,,"1. Technický bod (zapisovatelé, právní asistence, ověřovatelé zápisu, schválení programu zasedání ZMB) - program",https://apl.brno.cz/protokoly-zmb/zmb-z9-16/20240409-4-29734.html
Z9-16-011,Z9/16,2024-04-09,petr-borecky-1,Petr Bořecký,Lidovci a Starostové,Ano,Ano,5347e53a2a4484bb,ano,,10. Návrh smlouvy o spolupráci mezi městy Záhřebem (Chorvatská republika) a Brnem (Česká republika),https://apl.brno.cz/protokoly-zmb/zmb-z9-16/20240409-11-30427.html
Z9-16-009,Z9/16,2024-04-09,petr-borecky-1,Petr Bořecký,Lidovci a Starostové,Ano,Ano,70bbf6e4b0b62f45,ano,,8. Návrh zřizovacích listin příspěvkových organizací v působnosti Odboru kultury Magistrátu města Brna,https://apl.brno.cz/protokoly-zmb/zmb-z9-16/20240409-9-30017.html
Z9-16-010,Z9/16,2024-04-09,petr-borecky-1,Petr Bořecký,Lidovci a Starostové,Ano,Ano,820d6d4271bc6529,ano,,9. Návrh smlouvy o spolupráci mezi městy Lvovem (Ukrajina) a Brnem (Česká republika),https://apl.brno.cz/protokoly-zmb/zmb-z9-16/20240409-10-30396.html
Z9-16-012,Z9/16,2024-04-09,petr-borecky-1,Petr Bořecký,Lidovci a Starostové,Ano,Ano,23ff8b723bbe6a6e,ano,,11. Návrh aktualizace Integrované strategie rozvoje Brněnské metropolitní oblasti 2021+,https://apl.brno.cz/protokoly-zmb/zmb-z9-16/20240409-12-30464.html
Z9-16-014,Z9/16,2024-04-09,petr-borecky-1,Petr Bořecký,Lidovci a Starostové,Ano,Ano,10c7c941b0745116,ano,,13. Členský příspěvek Cities and RegionsforCyclists – návrh rozpočtového opatření,https://apl.brno.cz/protokoly-zmb/zmb-z9-16/20240409-14-30528.html
Z9-16-013,Z9/16,2024-04-09,petr-borecky-1,Petr Bořecký,Lidovci a Starostové,Ano,Ano,1028b6dc8c0bc548,ano,,12. Návrh přistoupení města Brna k Memorandu ze dne 10. 9. 2021 o vzájemné spolupráci a společném postupu „Muchova stezka“,https://apl.brno.cz/protokoly-zmb/zmb-z9-16/20240409-13-30496.html
Z9-16-016,Z9/16,2024-04-09,petr-borecky-1,Petr Bořecký,Lidovci a Starostové,Ano,Ano,459c00ae515fed24,ano,,15. Zapojení vyšších příjmů Odboru strategického rozvoje a spolupráce MMB na úhradu faktur za energie a služby Vysokému učení technickému v Brně – návrh rozpočtového opatření,https://apl.brno.cz/protokoly-zmb/zmb-z9-16/20240409-16-30590.html
Z9-16-015,Z9/16,2024-04-09,petr-borecky-1,Petr Bořecký,Lidovci a Starostové,Ano,Ano,58c0726c4dda7a19,ano,,14. Aktualizace rozpočtu Odboru investičního MMB – duben 2024 – návrh rozpočtového opatření,https://apl.brno.cz/protokoly-zmb/zmb-z9-16/20240409-15-30557.html
Z9-16-019,Z9/16,2024-04-09,petr-borecky-1,Petr Bořecký,Lidovci a Starostové,Ano,Ano,d02acaea7ae5af22,ano,,18. Zapojení Fondu rezerv a rozvoje v souvislosti s návrhem poskytnutí individuální dotace z rozpočtu města Brna v roce 2024 pro společnost Prokoncertagency s.r.o. na projekt „BRNO BRASS FEST“ – návrh rozpočtového opatření,https://apl.brno.cz/protokoly-zmb/zmb-z9-16/20240409-19-32758.html
Z9-16-017,Z9/16,2024-04-09,petr-borecky-1,Petr Bořecký,Lidovci a Starostové,Ano,Ano,20e3c7be326bc3b7,ano,,16. Zapojení Fondu rezerv a rozvoje v souvislosti s přebíráním objektu bývalé pošty na ulici Orlí a Benešova – návrh rozpočtového opatření,https://apl.brno.cz/protokoly-zmb/zmb-z9-16/20240409-17-30624.html
Z9-16-020,Z9/16,2024-04-09,petr-borecky-1,Petr Bořecký,Lidovci a Starostové,Ano,Ano,60c813ff4c276629,ano,,"19. Zapojení Fondu rezerv a rozvoje v souvislosti s návrhem poskytnutí individuální dotace z rozpočtu města Brna v roce 2024 pro spolek Zahrady Soutoku, z. s., na projekt „Lužánecká Open 2024“ – návrh rozpočtového opatření",https://apl.brno.cz/protokoly-zmb/zmb-z9-16/20240409-20-32793.html
Z9-16-021,Z9/16,2024-04-09,petr-borecky-1,Petr Bořecký,Lidovci a Starostové,Ano,Ano,b76d7dd696aa0768,ano,,"21. Zapojení Fondu rezerv a rozvoje v souvislosti s navýšením účelových neinvestičních příspěvků Centru experimentálního divadla, příspěvkové organizaci v roce 2024 – návrh rozpočtového opatření",https://apl.brno.cz/protokoly-zmb/zmb-z9-16/20240409-21-32829.html
Z9-16-022,Z9/16,2024-04-09,petr-borecky-1,Petr Bořecký,Lidovci a Starostové,Ano,Ano,e6631e2538e62d8f,ano,,"22. Zapojení Fondu rezerv a rozvoje v souvislosti s poskytnutím investičního příspěvku Zoo Brno a stanici zájmových činností, příspěvkové organizaci – návrh rozpočtového opatření",https://apl.brno.cz/protokoly-zmb/zmb-z9-16/20240409-22-33731.html
Z9-16-018,Z9/16,2024-04-09,petr-borecky-1,Petr Bořecký,Lidovci a Starostové,Ano,Ano,d6cb7721fa86b362,ano,,"17. Zapojení Fondu rezerv a rozvoje k financování Hlukové a rozptylové studie pro účely Vyhodnocení vlivů na udržitelný rozvoj území k návrhu Územního plánu města Brna, návrh rozpočtového opatření",https://apl.brno.cz/protokoly-zmb/zmb-z9-16/20240409-18-32724.html
Z9-16-026,Z9/16,2024-04-09,petr-borecky-1,Petr Bořecký,Lidovci a Starostové,Ano,Ano,ad3cefc4588491e5,ano,,"27. Návrh na poskytnutí individuální neinvestiční dotace společnosti EkoInkubátor, z. ú., na podporu Mezinárodního filmového festivalu EKOFILM a návrh smlouvy o poskytnutí dotace",https://apl.brno.cz/protokoly-zmb/zmb-z9-16/20240409-26-33869.html
Z9-16-023,Z9/16,2024-04-09,petr-borecky-1,Petr Bořecký,Lidovci a Starostové,Ano,Ano,048bc65aabac0fff,ano,,23. Zapojení Fondu rezerv a rozvoje v souvislosti s poskytnutím účelového investičního a neinvestičního transferu městské části Brno-Komín na realizaci Komunitního veřejného prostoru Urbánkova – návrh rozpočtového opatření,https://apl.brno.cz/protokoly-zmb/zmb-z9-16/20240409-23-33766.html
Z9-16-027,Z9/16,2024-04-09,petr-borecky-1,Petr Bořecký,Lidovci a Starostové,Ano,Ano,fc250d75d913bacf,ano,,28. Záměr poskytnutí individuálních investičních dotací z rozpočtu města Brna žadatelům v programech Národní sportovní agentury vyhlášených v roce 2024,https://apl.brno.cz/protokoly-zmb/zmb-z9-16/20240409-27-33903.html
Z9-16-028,Z9/16,2024-04-09,petr-borecky-1,Petr Bořecký,Lidovci a Starostové,Ano,Ano,144b7ec23fe653d1,ano,,"29. Návrh na poskytnutí individuální neinvestiční dotace spolku Emilova sportovní, z. s., na uspořádání 13. ročníku Evropských her handicapované mládeže Emil Open ve městě Brně v roce 2024",https://apl.brno.cz/protokoly-zmb/zmb-z9-16/20240409-28-33936.html
Z9-16-029,Z9/16,2024-04-09,petr-borecky-1,Petr Bořecký,Lidovci a Starostové,Ano,Ano,09ba249ac13327d5,ano,,"30. Návrh na poskytnutí neinvestičních dotací na projekty v programu ""Dotace na projekty v oblasti podpory rodinné politiky"" na rok 2024, návrh rozpočtového opatření",https://apl.brno.cz/protokoly-zmb/zmb-z9-16/20240409-29-33967.html
Z9-16-025,Z9/16,2024-04-09,petr-borecky-1,Petr Bořecký,Lidovci a Starostové,Ano,Ano,0d7a72c156350ca8,ano,,26. Návrh na poskytnutí investičních dotací v rámci dotačního programu Podpora vytváření zelených střech,https://apl.brno.cz/protokoly-zmb/zmb-z9-16/20240409-25-33831.html
Z9-16-024,Z9/16,2024-04-09,petr-borecky-1,Petr Bořecký,Lidovci a Starostové,Ano,Ano,ee5ae6c5042b8636,ano,,24. Návrh Dodatku č. 1 Statutu Sociálního fondu a zapojení Fondu rezerv a rozvoje do rozpočtu Odboru vnitřních věcí MMB – návrh rozpočtového opatření,https://apl.brno.cz/protokoly-zmb/zmb-z9-16/20240409-24-33796.html
Z9-16-032,Z9/16,2024-04-09,petr-borecky-1,Petr Bořecký,Lidovci a Starostové,Nehlasoval,Nehlasoval,c6d7b2cf76e1c3ce,ano,,33. Návrh na poskytnutí neinvestičních dotací v rámci dotačního programu pro poskytování dotací v oblasti podpory kreativních odvětví na rok 2024 v 5. etapě - “Pro Kreativní Brno” - návrh rozpočtového opatření,https://apl.brno.cz/protokoly-zmb/zmb-z9-16/20240409-32-34073.html
Z9-16-033,Z9/16,2024-04-09,petr-borecky-1,Petr Bořecký,Lidovci a Starostové,Ano,Ano,fc6fb63b4cc5a408,ano,,"34. Návrh na poskytnutí neinvestičních dotací – Program II pro rok 2024 – projekty nestátních neziskových organizací v sociální oblasti, které vhodným způsobem navazují na sociální služby – návrh rozpočtového opatření",https://apl.brno.cz/protokoly-zmb/zmb-z9-16/20240409-33-34111.html
Z9-16-030,Z9/16,2024-04-09,petr-borecky-1,Petr Bořecký,Lidovci a Starostové,Ano,Ano,ec1a78717f05135f,ano,,"31. Návrh na poskytnutí neinvestičních dotací na projekty v programu ""Dotace na činnosti doplňující zdravotnické služby na území města Brna"" na rok 2024, návrh rozpočtového opatření",https://apl.brno.cz/protokoly-zmb/zmb-z9-16/20240409-30-34002.html
Z9-16-035,Z9/16,2024-04-09,petr-borecky-1,Petr Bořecký,Lidovci a Starostové,Ano,Ano,1433011d04accfac,ano,,36. Návrh na poskytnutí neinvestičních dotací na rok 2024 z Programu IV – Prevence kriminality – návrh rozpočtového opatření,https://apl.brno.cz/protokoly-zmb/zmb-z9-16/20240409-35-34259.html
Z9-16-034,Z9/16,2024-04-09,petr-borecky-1,Petr Bořecký,Lidovci a Starostové,Ano,Ano,47f8c9bf3dc786a0,ano,,35. Návrh na poskytnutí neinvestičních dotací na rok 2024 z Programu III – Aktivity v oblasti drog a závislostí – návrh rozpočtového opatření,https://apl.brno.cz/protokoly-zmb/zmb-z9-16/20240409-34-34225.html
Z9-16-031,Z9/16,2024-04-09,petr-borecky-1,Petr Bořecký,Lidovci a Starostové,Ano,Ano,ff80896b4273a903,ano,,32. Návrh na poskytnutí individuální neinvestiční dotace na projekt Prima FRESH festival Brno,https://apl.brno.cz/protokoly-zmb/zmb-z9-16/20240409-31-34034.html
Z9-16-037,Z9/16,2024-04-09,petr-borecky-1,Petr Bořecký,Lidovci a Starostové,Ano,Ano,29e8aaca9f1cb311,ano,,"38. Návrh na poskytnutí individuální neinvestiční dotace Potravinové bance pro Brno a Jihomoravský kraj, z. s., na projekt ""Pokračování projektu Potravinová banka pro Brno a Jihomoravský kraj v roce 2024""",https://apl.brno.cz/protokoly-zmb/zmb-z9-16/20240409-37-34364.html
Z9-16-036,Z9/16,2024-04-09,petr-borecky-1,Petr Bořecký,Lidovci a Starostové,Ano,Ano,0e32da631c1d0457,ano,,37. Návrh na poskytnutí neinvestičních dotací organizacím národnostních menšin a organizacím působícím v oblasti etnik pro rok 2024 – návrh rozpočtového opatření,https://apl.brno.cz/protokoly-zmb/zmb-z9-16/20240409-36-34329.html
Z9-16-038,Z9/16,2024-04-09,petr-borecky-1,Petr Bořecký,Lidovci a Starostové,Ano,Ano,d05650e792890058,ano,,"39. Návrh na poskytnutí individuální neinvestiční dotace Sociálnímu nadačnímu fondu na projekt ""Spolu štěstí naproti"" – návrh rozpočtového opatření",https://apl.brno.cz/protokoly-zmb/zmb-z9-16/20240409-38-34396.html
Z9-16-039,Z9/16,2024-04-09,petr-borecky-1,Petr Bořecký,Lidovci a Starostové,Ano,Ano,c724133b95f9846b,ano,,"40. Návrh na poskytnutí individuální neinvestiční dotace společnosti AMERFO o. p. s. na projekt ""Podpora osob se zdravotním postižením v sociálním podniku"" – návrh rozpočtového opatření",https://apl.brno.cz/protokoly-zmb/zmb-z9-16/20240409-39-34431.html
Z9-16-041,Z9/16,2024-04-09,petr-borecky-1,Petr Bořecký,Lidovci a Starostové,Ano,Ano,dd90f9e9e4d744dd,ano,,42. Návrh na poskytnutí individuálních neinvestičních dotací na rok 2024 organizacím poskytujícím služby v souladu se Strategií politiky statutárního města Brna v oblasti drog a závislostí na období 2022-2025,https://apl.brno.cz/protokoly-zmb/zmb-z9-16/20240409-41-34502.html
Z9-16-040,Z9/16,2024-04-09,petr-borecky-1,Petr Bořecký,Lidovci a Starostové,Ano,Ano,a17e7d6830ef2024,ano,,"41. Návrh na poskytnutí individuální neinvestiční dotace spolku INSTITUT SOCIÁLNĚ ZDRAVOTNÍCH STRATEGIÍ z. s. na projekt ""PORADNA JAKO SLON – Alzheimerovská poradna, rozšíření činnosti poradny",https://apl.brno.cz/protokoly-zmb/zmb-z9-16/20240409-40-34465.html
Z9-16-042,Z9/16,2024-04-09,petr-borecky-1,Petr Bořecký,Lidovci a Starostové,Ano,Ano,de13c7a7cb3b23a3,ano,,"43. Návrh na poskytnutí investičního příspěvku Centru sociálních služeb, příspěvkové organizaci, na akci ""Rekonstrukce vnitřních prostor objektu Masná 134/3b, k. ú. Trnitá"", návrh rozpočtového opatření",https://apl.brno.cz/protokoly-zmb/zmb-z9-16/20240409-42-34536.html
Z9-16-043,Z9/16,2024-04-09,petr-borecky-1,Petr Bořecký,Lidovci a Starostové,Ano,Ano,e3dd8efc8260e11d,ano,,44. Návrh na poskytnutí finančních podílů z rozpočtu města Brna na projekty prevence kriminality v roce 2024 - návrh rozpočtového opatření,https://apl.brno.cz/protokoly-zmb/zmb-z9-16/20240409-43-34568.html
Z9-16-045,Z9/16,2024-04-09,petr-borecky-1,Petr Bořecký,Lidovci a Starostové,Ano,Ano,f3bd05c914ba930a,ano,,46. Návrh záměru poskytnutí dotace České provincii Kongregace sester sv. Cyrila a Metoděje na výstavbu Cyrilometodějské mateřské školy Brno,https://apl.brno.cz/protokoly-zmb/zmb-z9-16/20240409-45-34633.html
Z9-16-044,Z9/16,2024-04-09,petr-borecky-1,Petr Bořecký,Lidovci a Starostové,Nehlasoval,Nehlasoval,37fb71837a3b4a9c,ano,,45. Návrh na poskytnutí neinvestičních příspěvků základním školám na zajištění základní plavecké výuky žáků základních škol – návrh rozpočtového opatření,https://apl.brno.cz/protokoly-zmb/zmb-z9-16/20240409-44-34598.html
Z9-16-046,Z9/16,2024-04-09,petr-borecky-1,Petr Bořecký,Lidovci a Starostové,Ano,Ano,e0cc923dd2bf150d,ano,,"47. Návrh smlouvy o poskytnutí individuální dotace z rozpočtu města Brna v roce 2024 pro Divadlo BARKA, z. ú., na činnost „Divadlo BARKA“ – návrh rozpočtového opatření",https://apl.brno.cz/protokoly-zmb/zmb-z9-16/20240409-46-34666.html
Z9-16-047,Z9/16,2024-04-09,petr-borecky-1,Petr Bořecký,Lidovci a Starostové,Ano,Ano,2ae3c810a6368109,ano,,"48. Návrh smlouvy o poskytnutí individuální dotace z rozpočtu města Brna v roce 2024 pro spolek Parnas, z. s., na projekt „Koncertní cesta orchestru ZUŠ Veveří do Lipska (DE)“ – návrh rozpočtového opatření",https://apl.brno.cz/protokoly-zmb/zmb-z9-16/20240409-47-34702.html
Z9-16-048,Z9/16,2024-04-09,petr-borecky-1,Petr Bořecký,Lidovci a Starostové,Ano,Ano,52c87ea8d3c03162,ano,,49. Návrh Smlouvy o poskytnutí investičního příspěvku „Nová Zbrojovka – objekt F“,https://apl.brno.cz/protokoly-zmb/zmb-z9-16/20240409-48-34730.html
Z9-16-049,Z9/16,2024-04-09,petr-borecky-1,Petr Bořecký,Lidovci a Starostové,Ano,Ano,7ea2ab7e969977d0,ano,,50. Návrh Smlouvy o spolupráci na přípravě a realizaci programů rezidencí začleněných do systému rezidencí „Villa HEZKA“,https://apl.brno.cz/protokoly-zmb/zmb-z9-16/20240409-49-34760.html
Z9-16-050,Z9/16,2024-04-09,petr-borecky-1,Petr Bořecký,Lidovci a Starostové,Ano,Ano,e783bf9f5d5a8e6b,ano,,"51. Návrh na prominutí dluhů na nájemném v objektu Koniklecová 5, Brno",https://apl.brno.cz/protokoly-zmb/zmb-z9-16/20240409-50-34789.html
Z9-16-051,Z9/16,2024-04-09,petr-borecky-1,Petr Bořecký,Lidovci a Starostové,Ano,Ano,81252f0a3841e289,ano,,53. Finanční prostředky Fondu kofinancování projektů – duben 2024 – návrh rozpočtových opatření,https://apl.brno.cz/protokoly-zmb/zmb-z9-16/20240409-51-34825.html
Z9-16-052,Z9/16,2024-04-09,petr-borecky-1,Petr Bořecký,Lidovci a Starostové,Ano,Ano,d42676cfb8201e0d,ano,,"54. Projekt ""IT vybavení pro stavební úřad"" – posouzení projektu",https://apl.brno.cz/protokoly-zmb/zmb-z9-16/20240409-52-34854.html
Z9-16-053,Z9/16,2024-04-09,petr-borecky-1,Petr Bořecký,Lidovci a Starostové,Ano,Ano,f384588589d73f73,ano,,"55. Projekt ""Přírodní vzdělávací pointy v areálu Zoo Brno"" – posouzení projektu",https://apl.brno.cz/protokoly-zmb/zmb-z9-16/20240409-53-34955.html
Z9-16-054,Z9/16,2024-04-09,petr-borecky-1,Petr Bořecký,Lidovci a Starostové,Ano,Ano,88d6895ad1659db5,ano,,"56. Projekt ""Stavební úpravy MŠ Štolcova 51"" – posouzení projektu",https://apl.brno.cz/protokoly-zmb/zmb-z9-16/20240409-54-34983.html
Z9-16-055,Z9/16,2024-04-09,petr-borecky-1,Petr Bořecký,Lidovci a Starostové,Ano,Ano,e89895146a03afa6,ano,,"57. Projekt ""Základní a mateřská škola Nová Zbrojovka, Brno – pořízení PD"" – posouzení projektu",https://apl.brno.cz/protokoly-zmb/zmb-z9-16/20240409-55-35011.html
Z9-16-056,Z9/16,2024-04-09,petr-borecky-1,Petr Bořecký,Lidovci a Starostové,Ano,Ano,3aad79c4f956bb57,ano,,"58. Projekt ""Bazén Ponávka – technické zhodnocení"" – posouzení projektu",https://apl.brno.cz/protokoly-zmb/zmb-z9-16/20240409-56-35041.html
Z9-16-057,Z9/16,2024-04-09,petr-borecky-1,Petr Bořecký,Lidovci a Starostové,Ano,Ano,173ded05530eb71d,ano,,"59. Projekt ""Modernizace kuchyně MMB Malinovského nám. 3"" – rozhodnutí o poskytnutí dotace",https://apl.brno.cz/protokoly-zmb/zmb-z9-16/20240409-57-35071.html
Z9-16-059,Z9/16,2024-04-09,petr-borecky-1,Petr Bořecký,Lidovci a Starostové,Ano,Ano,c55987789319ad10,ano,,"61. Projekt ""Rozvoj ITS v Brně, 1. etapa"" – návrh rámcové smlouvy o financování projektu",https://apl.brno.cz/protokoly-zmb/zmb-z9-16/20240409-59-35135.html
Z9-16-058,Z9/16,2024-04-09,petr-borecky-1,Petr Bořecký,Lidovci a Starostové,Ano,Ano,b9131fab108b5a1f,ano,,"60. Projekt ""Paracentrum Fénix"" – návrh smlouvy o poskytnutí návratné finanční výpomoci; návrh zástavní smlouvy; návrh rozpočtového opatření",https://apl.brno.cz/protokoly-zmb/zmb-z9-16/20240409-58-35103.html
Z9-16-061,Z9/16,2024-04-09,petr-borecky-1,Petr Bořecký,Lidovci a Starostové,Ano,Ano,2d870538f7f28085,ano,,"63. Návrh zpeněžení pozemku p. č. 1301 v k. ú. Staré Brno, jehož součástí je administrativní objekt na adrese Hybešova č. or. 16 (vjezd Vodní č. or. 9) formou veřejné elektronické dobrovolné dražby",https://apl.brno.cz/protokoly-zmb/zmb-z9-16/20240409-61-35225.html
Z9-16-060,Z9/16,2024-04-09,petr-borecky-1,Petr Bořecký,Lidovci a Starostové,Ano,Ano,b604a5fcbbb320d5,ano,,"62. Návrh na vyjmutí nemovitých věcí – pozemku p. č. 488 a pozemku p. č. 489, jehož součástí je rodinný dům č. p. 93, Hroznová 39, Brno, vše v k. ú. Pisárky, ze ""Seznamu bytových a rodinných domů, které budou připravovány k prodeji""",https://apl.brno.cz/protokoly-zmb/zmb-z9-16/20240409-60-35181.html
Z9-16-063,Z9/16,2024-04-09,petr-borecky-1,Petr Bořecký,Lidovci a Starostové,Ano,Ano,7402a80b8646d9c7,ano,,Body č. 65-69,https://apl.brno.cz/protokoly-zmb/zmb-z9-16/20240409-63-35323.html
Z9-16-064,Z9/16,2024-04-09,petr-borecky-1,Petr Bořecký,Lidovci a Starostové,Ano,Ano,b9462b10bb5a7bbf,ano,,"70. Návrh prodeje pozemků p. č. 2915/39, p. č. 2915/40, p. č. 2918/18, p. č. 2923 a p. č. 2925, vše v k. ú. Kuřim",https://apl.brno.cz/protokoly-zmb/zmb-z9-16/20240409-64-35469.html
Z9-16-065,Z9/16,2024-04-09,petr-borecky-1,Petr Bořecký,Lidovci a Starostové,Ano,Ano,6c04cd081d045d66,ano,,Body č. 71-77,https://apl.brno.cz/protokoly-zmb/zmb-z9-16/20240409-65-35498.html
Z9-16-066,Z9/16,2024-04-09,petr-borecky-1,Petr Bořecký,Lidovci a Starostové,Ano,Ano,2ce161d54c5280c5,ano,,Body č. 78-88 bez bodu 85,https://apl.brno.cz/protokoly-zmb/zmb-z9-16/20240409-66-35550.html
Z9-16-067,Z9/16,2024-04-09,petr-borecky-1,Petr Bořecký,Lidovci a Starostové,Ano,Ano,1aae639f83953669,ano,,"89. Návrh na zrušení usnesení zasedání ZMB č. Z9/13, konaného dne 12.12.2023, bod č.73 a návrh nabytí pozemku p. č. 2004/2 v k. ú. Obřany pro stavbu ""Brno, MČ Hradiska a Mlýnské nábřeží – dostavba stokové sítě""",https://apl.brno.cz/protokoly-zmb/zmb-z9-16/20240409-67-35599.html
Z9-16-068,Z9/16,2024-04-09,petr-borecky-1,Petr Bořecký,Lidovci a Starostové,Ano,Ano,89ca27fce95d5167,ano,,Body č. 90-106,https://apl.brno.cz/protokoly-zmb/zmb-z9-16/20240409-68-35642.html
Z9-16-070,Z9/16,2024-04-09,petr-borecky-1,Petr Bořecký,Lidovci a Starostové,Ano,Ano,593d32346a95f81d,ano,,"113. Žádost o uznání vlastnického práva k pozemkům p. č. 1538/8 a p. č. 1538/10, vše v k. ú. Stránice",https://apl.brno.cz/protokoly-zmb/zmb-z9-16/20240409-70-35738.html
Z9-16-071,Z9/16,2024-04-09,petr-borecky-1,Petr Bořecký,Lidovci a Starostové,Ano,Ano,abd77aad563aea31,ano,,"114. Návrh dispozice s pozemky p. č. 1249/1 a p. č. 1359/4, oba v k. ú. Husovice",https://apl.brno.cz/protokoly-zmb/zmb-z9-16/20240409-71-36371.html
Z9-16-072,Z9/16,2024-04-09,petr-borecky-1,Petr Bořecký,Lidovci a Starostové,Ano,Ano,8ad83baa7711b1a9,ano,,"115. Záměr dispozice s pozemky p. č. 308/2, 309/2, 310/2, vše v k. ú. Dolní Heršpice",https://apl.brno.cz/protokoly-zmb/zmb-z9-16/20240409-72-36401.html
Z9-16-073,Z9/16,2024-04-09,petr-borecky-1,Petr Bořecký,Lidovci a Starostové,Ano,Ano,a9e2ccb6265a01f8,ano,,116. Návrh směny části pozemku p. č. 519/2 za část pozemku p. č. 522 oba v k. ú. Nový Lískovec,https://apl.brno.cz/protokoly-zmb/zmb-z9-16/20240409-73-36430.html
Z9-16-074,Z9/16,2024-04-09,petr-borecky-1,Petr Bořecký,Lidovci a Starostové,Ano,Ano,e155bf64e1f4e220,ano,,"117. Návrh svěření majetku města městské části Brno-Starý Lískovec, pozemek p. č. 2455/1 v k. ú. Starý Lískovec",https://apl.brno.cz/protokoly-zmb/zmb-z9-16/20240409-74-36458.html
Z9-16-076,Z9/16,2024-04-09,petr-borecky-1,Petr Bořecký,Lidovci a Starostové,Ano,Ano,f13d2ef94084d870,ano,,119. Návrh Smlouvy o spolupráci při výstavbě veřejné infrastruktury „Nová Zbrojovka – objekt B“,https://apl.brno.cz/protokoly-zmb/zmb-z9-16/20240409-76-36518.html
Z9-16-077,Z9/16,2024-04-09,petr-borecky-1,Petr Bořecký,Lidovci a Starostové,Ano,Ano,bd75b5194950a9eb,ano,,120. Návrh Smlouvy o spolupráci při výstavbě veřejné infrastruktury „Obytný soubor Tuřany“,https://apl.brno.cz/protokoly-zmb/zmb-z9-16/20240409-77-36574.html
Z9-16-078,Z9/16,2024-04-09,petr-borecky-1,Petr Bořecký,Lidovci a Starostové,Ano,Ano,906f1b1e13b2b2cb,ano,,"121. Návrh Smlouvy o spolupráci při výstavbě veřejné infrastruktury „Výstavba RD Jehnice – jih, 3. etapa“",https://apl.brno.cz/protokoly-zmb/zmb-z9-16/20240409-78-36607.html
Z9-16-062,Z9/16,2024-04-09,petr-borecky-1,Petr Bořecký,Lidovci a Starostové,Ano,Ano,795c3be9a48e0e48,ano,,64. Návrh zpeněžení pozemků p. č. 2700/5 a p. č. 2700/11 v k. ú. Kuřim formou veřejné elektronické dobrovolné dražby,https://apl.brno.cz/protokoly-zmb/zmb-z9-16/20240409-62-35257.html
Z9-16-069,Z9/16,2024-04-09,petr-borecky-1,Petr Bořecký,Lidovci a Starostové,Ano,Ano,4bd7643d060ff236,ano,,Body č. 107-112,https://apl.brno.cz/protokoly-zmb/zmb-z9-16/20240409-69-35698.html
Z9-16-075,Z9/16,2024-04-09,petr-borecky-1,Petr Bořecký,Lidovci a Starostové,Ano,Ano,6b4fbd25b5aef8d2,ano,,"118. Návrh odnětí svěřeného majetku města městské části Brno-Starý Lískovec, pozemek p. č. 2484/4 v k. ú. Starý Lískovec",https://apl.brno.cz/protokoly-zmb/zmb-z9-16/20240409-75-36488.html
Z9-16-082,Z9/16,2024-04-09,petr-borecky-1,Petr Bořecký,Lidovci a Starostové,Ano,Ano,87495f18c0ca0b51,ano,,129. Změna Územního plánu města Brna – B343_POR_1_22 – návrh na vydání formou opatření obecné povahy,https://apl.brno.cz/protokoly-zmb/zmb-z9-16/20240409-82-36753.html
Z9-16-083,Z9/16,2024-04-09,petr-borecky-1,Petr Bořecký,Lidovci a Starostové,Ano,Ano,90ab0acd50603c94,ano,,"130. Zapojení statutárního města Brna do projektu Agentury pro sociální začleňování s názvem ""Desegregace vzdělávání dětí a žáků se sociálním znevýhodněním"" – návrh na změnu části usnesení Z9/15. zasedání ZMB, konaného dne 5. 3. 2024, bod č. 124",https://apl.brno.cz/protokoly-zmb/zmb-z9-16/20240409-83-36799.html
Z9-15-001,Z9/15,2024-03-05,petr-borecky-1,Petr Bořecký,Lidovci a Starostové,Ano,Ano,6ab68b95cf1cc4e9,ano,,"1. Technický bod (zapisovatelé, právní asistence, ověřovatelé zápisu, schválení programu zasedání ZMB) - ověřovatelé zápisu",https://apl.brno.cz/protokoly-zmb/zmb-z9-15/20240305-1-29497.html
Z9-16-079,Z9/16,2024-04-09,petr-borecky-1,Petr Bořecký,Lidovci a Starostové,Ano,Ano,d77b3053df4e975a,ano,,Body č. 123-125,https://apl.brno.cz/protokoly-zmb/zmb-z9-16/20240409-79-36655.html
Z9-15-002,Z9/15,2024-03-05,petr-borecky-1,Petr Bořecký,Lidovci a Starostové,Ano,Ano,6048ae00bcc595c7,ano,,"1. Technický bod (zapisovatelé, právní asistence, ověřovatelé zápisu, schválení programu zasedání ZMB) - program - hlasování o stažení bodu č. 15, 98, 113",https://apl.brno.cz/protokoly-zmb/zmb-z9-15/20240305-2-29635.html
Z9-15-003,Z9/15,2024-03-05,petr-borecky-1,Petr Bořecký,Lidovci a Starostové,Ano,Ano,2b45ed90baef3fc6,ano,,"1. Technický bod (zapisovatelé, právní asistence, ověřovatelé zápisu, schválení programu zasedání ZMB) - program - hlasování o zařazení bodu č. 123, 124",https://apl.brno.cz/protokoly-zmb/zmb-z9-15/20240305-3-29656.html
Z9-15-004,Z9/15,2024-03-05,petr-borecky-1,Petr Bořecký,Lidovci a Starostové,Ano,Ano,4e34c84ed430af9a,ano,,"1. Technický bod (zapisovatelé, právní asistence, ověřovatelé zápisu, schválení programu zasedání ZMB) - program",https://apl.brno.cz/protokoly-zmb/zmb-z9-15/20240305-4-29688.html
Z9-15-005,Z9/15,2024-03-05,petr-borecky-1,Petr Bořecký,Lidovci a Starostové,Ano,Ano,7129ae3af9b5fdf2,ano,,"4. Určení funkcí, pro které budou členky/členové Zastupitelstva města Brna dlouhodobě uvolněny/i – návrh na změnu usnesení Z9/14. zasedání Zastupitelstva města Brna konaného dne 30. 1. 2024, bod č. 6",https://apl.brno.cz/protokoly-zmb/zmb-z9-15/20240305-5-29762.html
Z9-15-006,Z9/15,2024-03-05,petr-borecky-1,Petr Bořecký,Lidovci a Starostové,Ano,Ano,a671beb0b582527b,ano,,"5. Návrh obecně závazné vyhlášky statutárního města Brna, kterou se mění obecně závazná vyhláška statutárního města Brna č. 11/2017, o nočním klidu, ve znění pozdějších vyhlášek",https://apl.brno.cz/protokoly-zmb/zmb-z9-15/20240305-6-29799.html
Z9-15-007,Z9/15,2024-03-05,petr-borecky-1,Petr Bořecký,Lidovci a Starostové,Ano,Ano,a68c74250aa9b7f5,ano,,"6. Návrh obecně závazné vyhlášky statutárního města Brna, kterou se mění obecně závazná vyhláška statutárního města Brna č. 2/2017, kterou se stanoví školské obvody základních škol, ve znění pozdějších vyhlášek",https://apl.brno.cz/protokoly-zmb/zmb-z9-15/20240305-7-29836.html
Z9-15-008,Z9/15,2024-03-05,petr-borecky-1,Petr Bořecký,Lidovci a Starostové,Ano,Ano,636df42e5d7f656a,ano,,"7. Návrh obecně závazné vyhlášky statutárního města Brna, kterou se mění obecně závazná vyhláška statutárního města Brna č. 3/2017, kterou se stanoví školské obvody mateřských škol, ve znění pozdějších vyhlášek",https://apl.brno.cz/protokoly-zmb/zmb-z9-15/20240305-8-29872.html
Z9-15-009,Z9/15,2024-03-05,petr-borecky-1,Petr Bořecký,Lidovci a Starostové,Ano,Ano,e348d686101bd4f2,ano,,"8. Návrh zřizovací listiny Kanceláře architekta města Brna, příspěvkové organizace",https://apl.brno.cz/protokoly-zmb/zmb-z9-15/20240305-9-29902.html
Z9-15-010,Z9/15,2024-03-05,petr-borecky-1,Petr Bořecký,Lidovci a Starostové,Ano,Ano,91f9ccb0677329fb,ano,,"9. Návrh zřizovací listiny Správy hřbitovů města Brna, příspěvkové organizace",https://apl.brno.cz/protokoly-zmb/zmb-z9-15/20240305-10-29932.html
Z9-15-011,Z9/15,2024-03-05,petr-borecky-1,Petr Bořecký,Lidovci a Starostové,Ano,Ano,04e4f5739534c46c,ano,,"10. Návrh zřizovací listiny Veřejné zeleně města Brna, příspěvkové organizace",https://apl.brno.cz/protokoly-zmb/zmb-z9-15/20240305-11-29960.html
Z9-15-012,Z9/15,2024-03-05,petr-borecky-1,Petr Bořecký,Lidovci a Starostové,Ano,Ano,61958ba73ae7e32b,ano,,"11. Návrh zřizovací listiny Zoo Brno a stanice zájmových činností, příspěvkové organizace",https://apl.brno.cz/protokoly-zmb/zmb-z9-15/20240305-12-29988.html
Z9-15-013,Z9/15,2024-03-05,petr-borecky-1,Petr Bořecký,Lidovci a Starostové,Ano,Ano,b85007543ddee984,ano,,"12. Návrh zřizovací listiny Hvězdárny a planetária Brno, příspěvkové organizace",https://apl.brno.cz/protokoly-zmb/zmb-z9-15/20240305-13-30016.html
Z9-15-014,Z9/15,2024-03-05,petr-borecky-1,Petr Bořecký,Lidovci a Starostové,Ano,Ano,97ed84e86fc8f0ea,ano,,13. Návrh zřizovacích listin příspěvkových organizací v působnosti Odboru zdraví Magistrátu města Brna,https://apl.brno.cz/protokoly-zmb/zmb-z9-15/20240305-14-30048.html
Z9-15-015,Z9/15,2024-03-05,petr-borecky-1,Petr Bořecký,Lidovci a Starostové,Ano,Ano,9479f91e0eae0738,ano,,14. Návrh zřizovacích listin příspěvkových organizací v působnosti Odboru školství a mládeže Magistrátu města Brna,https://apl.brno.cz/protokoly-zmb/zmb-z9-15/20240305-15-30078.html
Z9-15-016,Z9/15,2024-03-05,petr-borecky-1,Petr Bořecký,Lidovci a Starostové,Ano,Ano,edb4a1e2ef1da769,ano,,16. Výstavba městských holubníků – návrh rozpočtového opatření,https://apl.brno.cz/protokoly-zmb/zmb-z9-15/20240305-16-30450.html
Z9-15-017,Z9/15,2024-03-05,petr-borecky-1,Petr Bořecký,Lidovci a Starostové,Ano,Ano,230535c912aaa3d7,ano,,"17. Platba faktur za energie Vysokému učení technickému v Brně – nebytové prostory svěřené Hvězdárně a planetáriu Brno, příspěvkové organizaci – návrh rozpočtového opatření",https://apl.brno.cz/protokoly-zmb/zmb-z9-15/20240305-17-30481.html
Z9-15-018,Z9/15,2024-03-05,petr-borecky-1,Petr Bořecký,Lidovci a Starostové,Nehlasoval,Nehlasoval,7338795ff27a1fb5,ano,,18. Aktualizace rozpočtu Odboru investičního MMB – březen 2024 – návrh rozpočtového opatření,https://apl.brno.cz/protokoly-zmb/zmb-z9-15/20240305-18-30508.html
Z9-15-019,Z9/15,2024-03-05,petr-borecky-1,Petr Bořecký,Lidovci a Starostové,Ano,Ano,6a3f626949af9f66,ano,,19. Aktualizace rozpočtu běžných a kapitálových výdajů rozpočtu Odboru dopravy MMB – březen 2024 – návrh rozpočtového opatření,https://apl.brno.cz/protokoly-zmb/zmb-z9-15/20240305-19-30673.html
Z9-15-020,Z9/15,2024-03-05,petr-borecky-1,Petr Bořecký,Lidovci a Starostové,Ano,Ano,040a7bb5bd28943d,ano,,20. Návrh rozpočtového opatření – aktualizace rozpočtu Odboru participace MMB,https://apl.brno.cz/protokoly-zmb/zmb-z9-15/20240305-20-31995.html
Z9-15-021,Z9/15,2024-03-05,petr-borecky-1,Petr Bořecký,Lidovci a Starostové,Ano,Ano,378ad6669df790ca,ano,,"21. Zapojení Fondu rezerv a rozvoje k financování běžných výdajů Městské policie Brno, návrh rozpočtového opatření",https://apl.brno.cz/protokoly-zmb/zmb-z9-15/20240305-21-32023.html
Z9-15-022,Z9/15,2024-03-05,petr-borecky-1,Petr Bořecký,Lidovci a Starostové,Ano,Ano,0378e14b2a47cd91,ano,,22. Zapojení Fondu rezerv a rozvoje v souvislosti s poskytnutí účelového investičního transferu městské části Brno-střed na realizaci Revitalizace vnitrobloku Bayerova – Botanická – návrh rozpočtového opatření,https://apl.brno.cz/protokoly-zmb/zmb-z9-15/20240305-22-32060.html
Z9-15-023,Z9/15,2024-03-05,petr-borecky-1,Petr Bořecký,Lidovci a Starostové,Ano,Ano,ea741f26c1eeea17,ano,,"23. Zapojení Fondu rezerv a rozvoje v souvislosti s poskytnutím investičního příspěvku Kanceláři architekta města Brna, příspěvkové organizaci, na fyzický model k soutěži ""Sportovní hala pro dráhovou cyklistiku a atletiku"", návrh rozpočtového opatření",https://apl.brno.cz/protokoly-zmb/zmb-z9-15/20240305-23-32185.html
Z9-15-024,Z9/15,2024-03-05,petr-borecky-1,Petr Bořecký,Lidovci a Starostové,Ano,Ano,7ce34d1b4adc9d41,ano,,24. Zapojení Fondu rezerv a rozvoje k financování běžných a kapitálových výdajů Odboru školství a mládeže MMB – návrh rozpočtového opatření,https://apl.brno.cz/protokoly-zmb/zmb-z9-15/20240305-24-32216.html
Z9-15-025,Z9/15,2024-03-05,petr-borecky-1,Petr Bořecký,Lidovci a Starostové,Ano,Ano,4e51015cd0b5393f,ano,,25. Zapojení Fondu rezerv a rozvoje v souvislosti s poskytnutím neinvestičních příspěvků základním školám na zajištění projektu Primární prevence na základních školách – návrh rozpočtového opatření,https://apl.brno.cz/protokoly-zmb/zmb-z9-15/20240305-25-32250.html
Z9-15-026,Z9/15,2024-03-05,petr-borecky-1,Petr Bořecký,Lidovci a Starostové,Ano,Ano,5f023c5e0680af24,ano,,26. Zapojení Fondu rezerv a rozvoje do rozpočtu Odboru vnitřních věcí MMB v souvislosti se vznikem Odboru územního plánování a stavebního řádu MMB – návrh rozpočtového opatření,https://apl.brno.cz/protokoly-zmb/zmb-z9-15/20240305-26-33399.html
Z9-15-027,Z9/15,2024-03-05,petr-borecky-1,Petr Bořecký,Lidovci a Starostové,Ano,Ano,139600ba3f32c8ec,ano,,"27. Změna zatřídění účelového transferu z rozpočtu města Brna poskytnutého městské části Brno-Bohunice na správu a údržbu kontejnerových stání, určených pro nádoby na komunální odpad z neinvestičního na investiční, návrh rozpočtového opatření",https://apl.brno.cz/protokoly-zmb/zmb-z9-15/20240305-27-33437.html
Z9-15-028,Z9/15,2024-03-05,petr-borecky-1,Petr Bořecký,Lidovci a Starostové,Ano,Ano,b6d3cfbd7193cf49,ano,,28. Návrh na poskytnutí účelového neinvestičního transferu městské části Brno-střed na správu a údržbu svěřeného pomníku Adolfa Loose na Janáčkově náměstí a svěřeného vodního prvku na Dominikánském náměstí v Brně; návrh rozpočtového opatření,https://apl.brno.cz/protokoly-zmb/zmb-z9-15/20240305-28-33604.html
Z9-15-029,Z9/15,2024-03-05,petr-borecky-1,Petr Bořecký,Lidovci a Starostové,Ano,Ano,f334e30b875d8105,ano,,"29. Návrh na poskytnutí neinvestičních dotací dle dotačních programů v oblasti kultury na rok 2024 - návrh rozpočtového opatření - tab. č. 1, pol. 8",https://apl.brno.cz/protokoly-zmb/zmb-z9-15/20240305-29-33783.html
Z9-15-030,Z9/15,2024-03-05,petr-borecky-1,Petr Bořecký,Lidovci a Starostové,Ano,Ano,e17dc7e371190f1e,ano,,"29. Návrh na poskytnutí neinvestičních dotací dle dotačních programů v oblasti kultury na rok 2024 - návrh rozpočtového opatření - tab. č. 1, pol. 11",https://apl.brno.cz/protokoly-zmb/zmb-z9-15/20240305-30-33814.html
Z9-15-031,Z9/15,2024-03-05,petr-borecky-1,Petr Bořecký,Lidovci a Starostové,Ano,Ano,af3e6941aed9111e,ano,,29. Návrh na poskytnutí neinvestičních dotací dle dotačních programů v oblasti kultury na rok 2024 - návrh rozpočtového opatření,https://apl.brno.cz/protokoly-zmb/zmb-z9-15/20240305-31-33850.html
Z9-15-032,Z9/15,2024-03-05,petr-borecky-1,Petr Bořecký,Lidovci a Starostové,Ano,Ano,a1f2ec2c22cb0926,ano,,30. Návrh na poskytnutí individuální investiční dotace z rozpočtu města Brna na realizaci busty Ernsta Wiesnera ve vile Stiassni; návrh rozpočtového opatření,https://apl.brno.cz/protokoly-zmb/zmb-z9-15/20240305-32-33885.html
Z9-15-033,Z9/15,2024-03-05,petr-borecky-1,Petr Bořecký,Lidovci a Starostové,Ano,Ano,1c201b3bd160393f,ano,,31. Záměr poskytnutí individuální investiční dotace Tělocvičné jednotě Sokol Brno-Žabovřesky na realizaci projektu „Rekonstrukce sauny Rosnička Brno“,https://apl.brno.cz/protokoly-zmb/zmb-z9-15/20240305-33-33932.html
Z9-15-034,Z9/15,2024-03-05,petr-borecky-1,Petr Bořecký,Lidovci a Starostové,Ano,Ano,870edacf394527f1,ano,,"32. Návrh na poskytnutí individuální investiční dotace společnosti STAREZ-SPORT, a. s., na realizaci projektu – Rekonstrukce ledové plochy haly Rondo",https://apl.brno.cz/protokoly-zmb/zmb-z9-15/20240305-34-33974.html
Z9-15-035,Z9/15,2024-03-05,petr-borecky-1,Petr Bořecký,Lidovci a Starostové,Ano,Ano,d89cd81ea14baa69,ano,,33. Návrh na poskytnutí individuální neinvestiční dotace TJ TESLA BRNO z. s. na projekt „Zabezpečení celoročního provozu sportovního areálu TJ TESLA BRNO v roce 2024“,https://apl.brno.cz/protokoly-zmb/zmb-z9-15/20240305-35-34006.html
Z9-15-036,Z9/15,2024-03-05,petr-borecky-1,Petr Bořecký,Lidovci a Starostové,Ano,Ano,3c7f38d245d1f85a,ano,,34. Návrh na poskytnutí individuální neinvestiční dotace GALANT BRNO s. r. o. na projekt „Zabezpečení celoročního provozu Sportareálu Družstevní v roce 2024“,https://apl.brno.cz/protokoly-zmb/zmb-z9-15/20240305-36-34037.html
Z9-15-037,Z9/15,2024-03-05,petr-borecky-1,Petr Bořecký,Lidovci a Starostové,Ano,Ano,a7d53f111beb983a,ano,,35. Návrh na poskytnutí neinvestičních příspěvků základním školám na zajištění vzdělávacího projektu Příběhy našich sousedů – návrh rozpočtového opatření,https://apl.brno.cz/protokoly-zmb/zmb-z9-15/20240305-37-34065.html
Z9-15-038,Z9/15,2024-03-05,petr-borecky-1,Petr Bořecký,Lidovci a Starostové,Ano,Ano,245d03b42ed74455,ano,,"36. Návrh na poskytnutí účelového neinvestičního příspěvku Základní škole a Mateřské škole Brno, Merhautova 37, příspěvkové organizaci, na projekt OnStage Brno – návrh rozpočtového opatření",https://apl.brno.cz/protokoly-zmb/zmb-z9-15/20240305-38-34302.html
Z9-15-039,Z9/15,2024-03-05,petr-borecky-1,Petr Bořecký,Lidovci a Starostové,Ano,Ano,b7df2a1e634026ba,ano,,37. Návrh na poskytnutí účelových neinvestičních příspěvků základním školám na mezinárodní projekty v roce 2024 – návrh rozpočtového opatření,https://apl.brno.cz/protokoly-zmb/zmb-z9-15/20240305-39-34331.html
Z9-16-080,Z9/16,2024-04-09,petr-borecky-1,Petr Bořecký,Lidovci a Starostové,Ano,Ano,cb4b0e2f0a101912,ano,,126. Změna Územního plánu města Brna – B1/22 – návrh na vydání formou opatření obecné povahy,https://apl.brno.cz/protokoly-zmb/zmb-z9-16/20240409-80-36685.html
Z9-16-081,Z9/16,2024-04-09,petr-borecky-1,Petr Bořecký,Lidovci a Starostové,Ano,Ano,7f95b566d388cf1b,ano,,"127. Změna Územního plánu města Brna B50/07-II – MČ Brno-jih, k. ú. Přízřenice, ul. Moravanská – návrh na vydání formou opatření obecné povahy",https://apl.brno.cz/protokoly-zmb/zmb-z9-16/20240409-81-36717.html
Z9-15-043,Z9/15,2024-03-05,petr-borecky-1,Petr Bořecký,Lidovci a Starostové,Ano,Ano,30167a97d82f04d4,ano,,41. Návrh na poskytnutí individuálních neinvestičních dotací pro oblast životního prostředí na rok 2024,https://apl.brno.cz/protokoly-zmb/zmb-z9-15/20240305-43-34452.html
Z9-15-042,Z9/15,2024-03-05,petr-borecky-1,Petr Bořecký,Lidovci a Starostové,Ano,Ano,3498954d97dabf2a,ano,,40. Návrh na poskytnutí individuální neinvestiční dotace Masarykově univerzitě na popularizaci vědy pro žáky základních škol ve vědeckém výukovém centru Bioskop v roce 2024 – návrh rozpočtového opatření,https://apl.brno.cz/protokoly-zmb/zmb-z9-15/20240305-42-34423.html
Z9-15-041,Z9/15,2024-03-05,petr-borecky-1,Petr Bořecký,Lidovci a Starostové,Ano,Ano,f7fa4152deddbd13,ano,,39. Návrh na poskytnutí neinvestičních dotací na provozní náklady středisek volného času v roce 2024,https://apl.brno.cz/protokoly-zmb/zmb-z9-15/20240305-41-34392.html
Z9-15-044,Z9/15,2024-03-05,petr-borecky-1,Petr Bořecký,Lidovci a Starostové,Ano,Ano,bed33512a030a67f,ano,,"42. Návrh na poskytnutí individuální neinvestiční dotace Ptačímu centru o. p. s., na zajištění činnosti záchranné stanice v roce 2024 - návrh rozpočtového opatření",https://apl.brno.cz/protokoly-zmb/zmb-z9-15/20240305-44-34483.html
Z9-15-046,Z9/15,2024-03-05,petr-borecky-1,Petr Bořecký,Lidovci a Starostové,Ano,Ano,0e062986d08765fc,ano,,44. Návrh na poskytnutí investičních dotací v rámci dotačního programu Podpora vytváření zelených střech,https://apl.brno.cz/protokoly-zmb/zmb-z9-15/20240305-46-34675.html
Z9-15-045,Z9/15,2024-03-05,petr-borecky-1,Petr Bořecký,Lidovci a Starostové,Nehlasoval,Nehlasoval,c293894bf41c48fd,ano,,"43. Návrh na poskytnutí neinvestičního účelového příspěvku Kanceláři architekta města Brna, příspěvkové organizaci – návrh rozpočtového opatření",https://apl.brno.cz/protokoly-zmb/zmb-z9-15/20240305-45-34646.html
Z9-15-049,Z9/15,2024-03-05,petr-borecky-1,Petr Bořecký,Lidovci a Starostové,Ano,Ano,ef68ea89d8409691,ano,,47. Návrh na poskytnutí investiční dotace na pořízení výškové techniky pro Hasičský záchranný sbor Jihomoravského kraje; návrh veřejnoprávní smlouvy,https://apl.brno.cz/protokoly-zmb/zmb-z9-15/20240305-49-34767.html
Z9-15-048,Z9/15,2024-03-05,petr-borecky-1,Petr Bořecký,Lidovci a Starostové,Ano,Ano,dcab94075bf23231,ano,,46. Návrh na poskytnutí neinvestiční dotace na provoz a vybavení jednotek Hasičského záchranného sboru Jihomoravského kraje; návrh veřejnoprávní smlouvy; návrh rozpočtového opatření,https://apl.brno.cz/protokoly-zmb/zmb-z9-15/20240305-48-34736.html
Z9-15-050,Z9/15,2024-03-05,petr-borecky-1,Petr Bořecký,Lidovci a Starostové,Ano,Ano,2f9b30d657d60344,ano,,"48. Návrh smlouvy o poskytnutí individuální neinvestiční dotace SNIP & CO, reklamní společnost, spol. s r.o. na realizaci projektu „Dronové show 2024""",https://apl.brno.cz/protokoly-zmb/zmb-z9-15/20240305-50-34800.html
Z9-15-051,Z9/15,2024-03-05,petr-borecky-1,Petr Bořecký,Lidovci a Starostové,Ano,Ano,b442a49f40064062,ano,,49. Návrh smlouvy o poskytnutí individuální dotace z rozpočtu města Brna v roce 2024 pro Nadační fond MEHRIN na projekt „Výroba 3D exponátů pro Nadační fond Mehrin“ – návrh rozpočtového opatření,https://apl.brno.cz/protokoly-zmb/zmb-z9-15/20240305-51-34833.html
Z9-15-052,Z9/15,2024-03-05,petr-borecky-1,Petr Bořecký,Lidovci a Starostové,Ano,Ano,45a39c82061d5b7c,ano,,"50. Návrh Dodatku č. 1 ke Smlouvě o poskytnutí investičního příspěvku „Bytový dům Rezidence Koniklec, Nový Lískovec“ a návrh Dohody o zrušení zástavního práva smluvního k nemovitým věcem",https://apl.brno.cz/protokoly-zmb/zmb-z9-15/20240305-52-35085.html
Z9-15-053,Z9/15,2024-03-05,petr-borecky-1,Petr Bořecký,Lidovci a Starostové,Ano,Ano,e2777f99e6e32109,ano,,"51. Žádost Masarykovy univerzity o prominutí nájemného v objektu Jakubské náměstí 5/Moravské náměstí 3, k. ú. Město Brno",https://apl.brno.cz/protokoly-zmb/zmb-z9-15/20240305-53-35119.html
Z9-15-054,Z9/15,2024-03-05,petr-borecky-1,Petr Bořecký,Lidovci a Starostové,Ano,Ano,fcba475016e5c932,ano,,52. Finanční prostředky Fondu kofinancování projektů – březen 2024 – návrh rozpočtových opatření,https://apl.brno.cz/protokoly-zmb/zmb-z9-15/20240305-54-35149.html
Z9-15-055,Z9/15,2024-03-05,petr-borecky-1,Petr Bořecký,Lidovci a Starostové,Nehlasoval,Nehlasoval,e5c438b00e7d78d0,ano,,"53. Projekt ""Bosonožské náměstí – úprava veřejného prostranství"" – posouzení projektu",https://apl.brno.cz/protokoly-zmb/zmb-z9-15/20240305-55-35180.html
Z9-15-056,Z9/15,2024-03-05,petr-borecky-1,Petr Bořecký,Lidovci a Starostové,Ano,Ano,112836298e272bf7,ano,,"54. Projekt ""Rekonstrukce parkové plochy u ZŠ Jana Babáka"" – posouzení projektu",https://apl.brno.cz/protokoly-zmb/zmb-z9-15/20240305-56-35211.html
Z9-15-057,Z9/15,2024-03-05,petr-borecky-1,Petr Bořecký,Lidovci a Starostové,Ano,Ano,31d2fed855c1ce01,ano,,"55. Projekt ""Rozvoj ITS v Brně, 3. etapa"" – posouzení projektu",https://apl.brno.cz/protokoly-zmb/zmb-z9-15/20240305-57-35279.html
Z9-15-059,Z9/15,2024-03-05,petr-borecky-1,Petr Bořecký,Lidovci a Starostové,Ano,Ano,4903fee20528f327,ano,,"57. Projekt ""Výstavba budovy mateřské školy, školní družiny a úprava přilehlého školního hřiště v areálu ZŠ Přemyslovo náměstí 1"" – posouzení projektu",https://apl.brno.cz/protokoly-zmb/zmb-z9-15/20240305-59-35337.html
Z9-15-060,Z9/15,2024-03-05,petr-borecky-1,Petr Bořecký,Lidovci a Starostové,Ano,Ano,c0744d5efeab6b04,ano,,"58. Projekt ""#Vzdělávání #Inovace #Prosperita 2"" – posouzení projektu, návrh rozpočtového opatření",https://apl.brno.cz/protokoly-zmb/zmb-z9-15/20240305-60-35367.html
Z9-15-040,Z9/15,2024-03-05,petr-borecky-1,Petr Bořecký,Lidovci a Starostové,Ano,Ano,e9d6a6615e996805,ano,,38. Návrh na poskytnutí účelových neinvestičních dotací v programu Mezinárodní cena vévody z Edinburghu v roce 2024 – návrh rozpočtového opatření,https://apl.brno.cz/protokoly-zmb/zmb-z9-15/20240305-40-34364.html
Z9-15-062,Z9/15,2024-03-05,petr-borecky-1,Petr Bořecký,Lidovci a Starostové,Ano,Ano,cbf851b7b9a14a56,ano,,"60. Projekt ""Místní akční plán rozvoje vzdělávání ve městě Brně IV""– rozhodnutí o poskytnutí dotace",https://apl.brno.cz/protokoly-zmb/zmb-z9-15/20240305-62-35425.html
Z9-15-063,Z9/15,2024-03-05,petr-borecky-1,Petr Bořecký,Lidovci a Starostové,Ano,Ano,363dfd5f2bdea6f6,ano,,"61. Projekt ""ZŠ a MŠ Jana Broskvy – rekonstrukce školní kuchyně"" – rozhodnutí o poskytnutí dotace",https://apl.brno.cz/protokoly-zmb/zmb-z9-15/20240305-63-35455.html
Z9-15-047,Z9/15,2024-03-05,petr-borecky-1,Petr Bořecký,Lidovci a Starostové,Ano,Ano,81cbdb25909b1d85,ano,,45. Návrh na poskytnutí individuální neinvestiční dotace na projekt Zpřístupnění Atomového krytu 10-Z v roce 2024,https://apl.brno.cz/protokoly-zmb/zmb-z9-15/20240305-47-34705.html
Z9-15-064,Z9/15,2024-03-05,petr-borecky-1,Petr Bořecký,Lidovci a Starostové,Nehlasoval,Nehlasoval,1f598a659849cb55,ano,,"62. Projekty ""Fotovoltaický systém pro městskou část Brno-Líšeň"" – rozhodnutí o poskytnutí dotace",https://apl.brno.cz/protokoly-zmb/zmb-z9-15/20240305-64-35483.html
Z9-15-065,Z9/15,2024-03-05,petr-borecky-1,Petr Bořecký,Lidovci a Starostové,Ano,Ano,a3b963f65e778264,ano,,"63. Projekt ""Brno, MČ Bosonohy III. a IV. etapa – dostavba oddílného kanalizačního systému"" - rozhodnutí o poskytnutí dotace",https://apl.brno.cz/protokoly-zmb/zmb-z9-15/20240305-65-35513.html
Z9-15-066,Z9/15,2024-03-05,petr-borecky-1,Petr Bořecký,Lidovci a Starostové,Ano,Ano,5349ebb95e47fd0a,ano,,"64. Projekt ""ZŠ Hamry – stavební úpravy"" – návrh smlouvy o poskytnutí podpory",https://apl.brno.cz/protokoly-zmb/zmb-z9-15/20240305-66-35540.html
Z9-15-067,Z9/15,2024-03-05,petr-borecky-1,Petr Bořecký,Lidovci a Starostové,Ano,Ano,f91639708742606a,ano,,65. Návrh na schválení záměru poskytnutí úročené investiční zápůjčky z rozpočtu města Brna městské části Brno-Židenice,https://apl.brno.cz/protokoly-zmb/zmb-z9-15/20240305-67-35851.html
Z9-15-068,Z9/15,2024-03-05,petr-borecky-1,Petr Bořecký,Lidovci a Starostové,Ano,Ano,2425b653e044a184,ano,,"66. Návrh vzorové dohody o narovnání s bezúplatným převodem spoluvlastnického podílu města na bytových jednotkách bytového domu č. p.1228 Vrbovecká 4, 6, 8, 10 a převod podílu na pozemku p. č. 7231/2 v k. ú. Bystrc členům BYTOVÉHO DRUŽSTVA ZELENÁ LOUKA",https://apl.brno.cz/protokoly-zmb/zmb-z9-15/20240305-68-35883.html
Z9-15-069,Z9/15,2024-03-05,petr-borecky-1,Petr Bořecký,Lidovci a Starostové,Ano,Ano,75932f74bb84a988,ano,,"67. Adresný záměr bezúplatného převodu spoluvlastnických podílů na b.j. domu č.p. 2072, k. ú. Řečkovice na členy družstva Cihelna a záměr úplatného převodu podílů na pozemcích p. č. 799/7, 799/8, 815/34, 815/35, 940/4, 940/5, 940/6, k. ú. Řečkovice",https://apl.brno.cz/protokoly-zmb/zmb-z9-15/20240305-69-35924.html
Z9-15-070,Z9/15,2024-03-05,petr-borecky-1,Petr Bořecký,Lidovci a Starostové,Ano,Ano,8e3f5362bc1f3fac,ano,,"68. Vymezení bytových jednotek a adresný záměr bezúplatného převodu spoluvlastnických podílů na 31 bytových jednotkách bytového domu č. p. 729 v k. ú. Žebětín, Brno, členům Bytového družstva Za Kněžským hájkem",https://apl.brno.cz/protokoly-zmb/zmb-z9-15/20240305-70-35959.html
Z9-15-071,Z9/15,2024-03-05,petr-borecky-1,Petr Bořecký,Lidovci a Starostové,Ano,Ano,668871d9e56b5f08,ano,,"69. Návrh prodeje podílu na pozemku p. č. 1651/1, k. ú. Kohoutovice, pod bytovým domem Bellova 22, 24, 26 v Brně",https://apl.brno.cz/protokoly-zmb/zmb-z9-15/20240305-71-35991.html
Z9-15-072,Z9/15,2024-03-05,petr-borecky-1,Petr Bořecký,Lidovci a Starostové,Zdržel se,Zdržel se,74175a6a75edaf21,ano,,"70. Návrh dispozice s bytovými domy Ibsenova 9, 10, 11, Brno, včetně pozemků - hlasování o návrhu p. Zemka",https://apl.brno.cz/protokoly-zmb/zmb-z9-15/20240305-72-36955.html
Z9-15-073,Z9/15,2024-03-05,petr-borecky-1,Petr Bořecký,Lidovci a Starostové,Ano,Ano,76733d41fad811a2,ano,,"70. Návrh dispozice s bytovými domy Ibsenova 9, 10, 11, Brno, včetně pozemků, vč. úpravy",https://apl.brno.cz/protokoly-zmb/zmb-z9-15/20240305-73-37046.html
Z9-15-075,Z9/15,2024-03-05,petr-borecky-1,Petr Bořecký,Lidovci a Starostové,Ano,Ano,372576c0d4ba45e4,ano,,"71. Návrh na odnětí svěřeného majetku města městské části Brno-střed, pozemku p. č. 1119/1, jehož součástí je stavba č. p. 329, bytový dům Mlýnská 21, 23 v k. ú. Trnitá, obec Brno",https://apl.brno.cz/protokoly-zmb/zmb-z9-15/20240305-75-37119.html
Z9-15-076,Z9/15,2024-03-05,petr-borecky-1,Petr Bořecký,Lidovci a Starostové,Ano,Ano,ccfd3e518a39ea6f,ano,,72. Přehled bytů poskytnutých v celoměstském zájmu za 2. pololetí roku 2023,https://apl.brno.cz/protokoly-zmb/zmb-z9-15/20240305-76-37147.html
Z9-15-077,Z9/15,2024-03-05,petr-borecky-1,Petr Bořecký,Lidovci a Starostové,Ano,Ano,65512dd41b1f27ba,ano,,73. Návrh na změnu katastrální hranice mezi katastrálním územím Štýřice a katastrálním územím Horní Heršpice,https://apl.brno.cz/protokoly-zmb/zmb-z9-15/20240305-77-37175.html
Z9-15-058,Z9/15,2024-03-05,petr-borecky-1,Petr Bořecký,Lidovci a Starostové,Ano,Ano,4a773fc5c7cf5cb0,ano,,"56. Projekt ""Výstavba MŠ Šámalova"" – posouzení projektu",https://apl.brno.cz/protokoly-zmb/zmb-z9-15/20240305-58-35308.html
Z9-15-079,Z9/15,2024-03-05,petr-borecky-1,Petr Bořecký,Lidovci a Starostové,Ano,Ano,66ffc071fd92b88b,ano,,"74. Návrh zpeněžení pozemků p. č. 2773/1, p. č. 2773/2 a p. č. 2773/7, vše k. ú. Kuřim, formou veřejné elektronické dobrovolné dražby",https://apl.brno.cz/protokoly-zmb/zmb-z9-15/20240305-79-40510.html
Z9-15-080,Z9/15,2024-03-05,petr-borecky-1,Petr Bořecký,Lidovci a Starostové,Ano,Ano,1d10757b17113ea1,ano,,"75. Dohoda o narovnání, prodej pozemků p. č. 288/6 a 288/12, nabytí stavby vše v k. ú. Město Brno-majetkoprávní vypořádání ve vztahu k nemovitému majetku statutárního města Brna v lokalitě podchod pod hlavním nádražím, ulice Benešova, Pohořelec a Josefská - bere na vědomí",https://apl.brno.cz/protokoly-zmb/zmb-z9-15/20240305-80-40583.html
Z9-15-081,Z9/15,2024-03-05,petr-borecky-1,Petr Bořecký,Lidovci a Starostové,Ano,Ano,81125e857040ecf9,ano,,"75. Dohoda o narovnání, prodej pozemků p. č. 288/6 a 288/12, nabytí stavby vše v k. ú. Město Brno-majetkoprávní vypořádání ve vztahu k nemovitému majetku statutárního města Brna v lokalitě podchod pod hlavním nádražím, ulice Benešova, Pohořelec a Josefská - schvaluje - 1. a 4. odr.",https://apl.brno.cz/protokoly-zmb/zmb-z9-15/20240305-81-40614.html
Z9-15-061,Z9/15,2024-03-05,petr-borecky-1,Petr Bořecký,Lidovci a Starostové,Ano,Ano,1cd717e8724e8c17,ano,,"59. Projekt ""Rosteme s digitálními technologiemi"" – posouzení projektu, návrh rozpočtového opatření",https://apl.brno.cz/protokoly-zmb/zmb-z9-15/20240305-61-35396.html
Z9-15-083,Z9/15,2024-03-05,petr-borecky-1,Petr Bořecký,Lidovci a Starostové,Ano,Ano,a94abfe10e71758e,ano,,Body č. 76-80,https://apl.brno.cz/protokoly-zmb/zmb-z9-15/20240305-83-40705.html
Z9-15-084,Z9/15,2024-03-05,petr-borecky-1,Petr Bořecký,Lidovci a Starostové,Ano,Ano,a93a6d14dee47fc7,ano,,"81. Návrh prodeje částí pozemků p. č. 852/5, 974/1, 977/2, vše v k. ú. Trnitá společnosti MS Trnitá 2, s.r.o.",https://apl.brno.cz/protokoly-zmb/zmb-z9-15/20240305-84-40734.html
Z9-15-086,Z9/15,2024-03-05,petr-borecky-1,Petr Bořecký,Lidovci a Starostové,Ano,Ano,c0163174130dd405,ano,,Body č. 83-86,https://apl.brno.cz/protokoly-zmb/zmb-z9-15/20240305-86-40801.html
Z9-15-085,Z9/15,2024-03-05,petr-borecky-1,Petr Bořecký,Lidovci a Starostové,Ano,Ano,1f9f23422c530941,ano,,82. Návrh prodeje části pozemku p. č. 2927/23 v k. ú. Žebětín,https://apl.brno.cz/protokoly-zmb/zmb-z9-15/20240305-85-40762.html
Z9-15-087,Z9/15,2024-03-05,petr-borecky-1,Petr Bořecký,Lidovci a Starostové,Ano,Ano,81bd9320c665faf2,ano,,"87-101, bez 98",https://apl.brno.cz/protokoly-zmb/zmb-z9-15/20240305-87-40853.html
Z9-15-088,Z9/15,2024-03-05,petr-borecky-1,Petr Bořecký,Lidovci a Starostové,Ano,Ano,9d3e6226df860d40,ano,,"102. Návrh smlouvy o bezúplatném převodu části stavby s názvem ""Brno, MČ Tuřany – odkanalizování Dvorska"" (celoplošná obnova povrchu stávající komunikace č. II/417 ul. Zapletalova)",https://apl.brno.cz/protokoly-zmb/zmb-z9-15/20240305-88-40889.html
Z9-15-089,Z9/15,2024-03-05,petr-borecky-1,Petr Bořecký,Lidovci a Starostové,Ano,Ano,7712b6d57e7fef23,ano,,Body č. 103-106,https://apl.brno.cz/protokoly-zmb/zmb-z9-15/20240305-89-40926.html
Z9-15-091,Z9/15,2024-03-05,petr-borecky-1,Petr Bořecký,Lidovci a Starostové,Ano,Ano,91cc52ec40a37251,ano,,"108. Návrh odnětí svěřeného majetku města městské části Brno–Nový Lískovec, pozemků v k. ú. Nový Lískovec",https://apl.brno.cz/protokoly-zmb/zmb-z9-15/20240305-91-40982.html
Z9-15-093,Z9/15,2024-03-05,petr-borecky-1,Petr Bořecký,Lidovci a Starostové,Ano,Ano,252eb69375384aa9,ano,,"110. Brněnské vodárny a kanalizace, a. s.– Smlouva o součinnosti v rámci Projektu Kalové hospodářství ČOV Brno-Modřice",https://apl.brno.cz/protokoly-zmb/zmb-z9-15/20240305-93-41042.html
Z9-15-095,Z9/15,2024-03-05,petr-borecky-1,Petr Bořecký,Lidovci a Starostové,Ano,Ano,0ded9d9e8fc083d1,ano,,"111. Návrh Smlouvy o spolupráci při výstavbě veřejné infrastruktury „POLYFUNKČNÍ OBJEKT, BRNO – KALOVÁ“",https://apl.brno.cz/protokoly-zmb/zmb-z9-15/20240305-95-41104.html
Z9-15-096,Z9/15,2024-03-05,petr-borecky-1,Petr Bořecký,Lidovci a Starostové,Ano,Ano,78f6a14ba8cc9a44,ano,,112. Návrh Smlouvy o spolupráci při výstavbě veřejné infrastruktury „Dostavba proluky a městský park při ulici Leitnerova v Brně“,https://apl.brno.cz/protokoly-zmb/zmb-z9-15/20240305-96-41134.html
Z9-15-097,Z9/15,2024-03-05,petr-borecky-1,Petr Bořecký,Lidovci a Starostové,Ano,Ano,8204c0d4ee6bfbf0,ano,,Body č. 114-118,https://apl.brno.cz/protokoly-zmb/zmb-z9-15/20240305-97-41216.html
Z9-15-098,Z9/15,2024-03-05,petr-borecky-1,Petr Bořecký,Lidovci a Starostové,Ano,Ano,5b95612a5fbade54,ano,,"119. Návrh Dodatku č. 2 ke Smlouvě o výstavbě veřejné dopravní a technické infrastruktury v rámci stavby ""OC KASKÁDY"", návrh Smlouvy o výstavbě veřejné dopravní a technické infrastruktury v rámci stavby ""OC KASKÁDY – C) Horní výstavba""",https://apl.brno.cz/protokoly-zmb/zmb-z9-15/20240305-98-41249.html
Z9-15-099,Z9/15,2024-03-05,petr-borecky-1,Petr Bořecký,Lidovci a Starostové,Ano,Ano,c666981b70da6e8d,ano,,"120. Návrh Dodatku č. 2 ke Smlouvě o spolupráci při výstavbě veřejné infrastruktury „POLYFUNKČNÍ OBJEKT TRIANGL C, ulice Podveská, Brno“ 121. Návrh Dodatku č. 3 ke Smlouvě o spolupráci při výstavbě veřejné infrastruktury „POLYFUNKČNÍ OBJEKT TRIANGL B, ulice Podveská, Brno“ a návrh Dohody o zrušení zástavního práva smluvního k nemovitým věcem",https://apl.brno.cz/protokoly-zmb/zmb-z9-15/20240305-99-41280.html
Z9-15-100,Z9/15,2024-03-05,petr-borecky-1,Petr Bořecký,Lidovci a Starostové,Ano,Ano,ab4261d8ff6e4653,ano,,122. Plán udržitelné městské mobility města Brna – aktualizace přílohy 2.1. Zásobník projektů,https://apl.brno.cz/protokoly-zmb/zmb-z9-15/20240305-100-41311.html
Z9-15-082,Z9/15,2024-03-05,petr-borecky-1,Petr Bořecký,Lidovci a Starostové,Ano,Ano,1aa85c2c712241c8,ano,,"75. Dohoda o narovnání, prodej pozemků p. č. 288/6 a 288/12, nabytí stavby vše v k. ú. Město Brno-majetkoprávní vypořádání ve vztahu k nemovitému majetku statutárního města Brna v lokalitě podchod pod hlavním nádražím, ulice Benešova, Pohořelec a Josefská - schvaluje - 2. a 3. odr.",https://apl.brno.cz/protokoly-zmb/zmb-z9-15/20240305-82-40648.html
Z9-15-102,Z9/15,2024-03-05,petr-borecky-1,Petr Bořecký,Lidovci a Starostové,Ano,Ano,a863d63ddb049446,ano,,"124. Návrh zapojení statutárního města Brna do projektu Agentury pro sociální začleňování s názvem ""Desegregace vzdělávání dětí a žáků se sociálním znevýhodněním""",https://apl.brno.cz/protokoly-zmb/zmb-z9-15/20240305-102-41438.html
Z9-15-090,Z9/15,2024-03-05,petr-borecky-1,Petr Bořecký,Lidovci a Starostové,Ano,Ano,68cac5caf4cbaf53,ano,,"107. Návrh svěření majetku města městské části Brno-jih, pozemků p. č. 480/3, 480/31, 480/32 v k. ú. Komárov",https://apl.brno.cz/protokoly-zmb/zmb-z9-15/20240305-90-40954.html
Z9-15-092,Z9/15,2024-03-05,petr-borecky-1,Petr Bořecký,Lidovci a Starostové,Ano,Ano,10c78ede7e13836f,ano,,109. Návrh na zrušení věcného břemene (služebnosti) zatěžujícího pozemek p. č. 1117/1 v k. ú. Štýřice,https://apl.brno.cz/protokoly-zmb/zmb-z9-15/20240305-92-41012.html
Z9-15-101,Z9/15,2024-03-05,petr-borecky-1,Petr Bořecký,Lidovci a Starostové,Ano,Ano,fccb1bfedd4d0235,ano,,"123. Návrh koncernového pokynu – Zajištění dodávek elektřiny a zemního plynu prostřednictvím společnosti Energie Teplárny Brno, s. r. o., od roku 2025 dále",https://apl.brno.cz/protokoly-zmb/zmb-z9-15/20240305-101-41397.html
Z9-17-002,Z9/17,2024-05-14,petr-borecky-1,Petr Bořecký,Lidovci a Starostové,Ano,Ano,381cd39665706fb9,ano,,"1. Technický bod (zapisovatelé, právní asistence, ověřovatelé zápisu, schválení programu zasedání ZMB) - program - hlasování o zařazení bodu č. 106, 107",https://apl.brno.cz/protokoly-zmb/zmb-z9-17/20240514-2-29563.html
Z9-17-001,Z9/17,2024-05-14,petr-borecky-1,Petr Bořecký,Lidovci a Starostové,Ano,Ano,542d559a64336591,ano,,"1. Technický bod (zapisovatelé, právní asistence, ověřovatelé zápisu, schválení programu zasedání ZMB) - ověřovatelé zápisu",https://apl.brno.cz/protokoly-zmb/zmb-z9-17/20240514-1-29363.html
Z9-17-003,Z9/17,2024-05-14,petr-borecky-1,Petr Bořecký,Lidovci a Starostové,Ano,Ano,f0a28f13cd4bf8e0,ano,,"1. Technický bod (zapisovatelé, právní asistence, ověřovatelé zápisu, schválení programu zasedání ZMB) - program - hlasování o stažení bodu č. 51",https://apl.brno.cz/protokoly-zmb/zmb-z9-17/20240514-3-29585.html
Z9-17-004,Z9/17,2024-05-14,petr-borecky-1,Petr Bořecký,Lidovci a Starostové,Ano,Ano,4596648288bd7312,ano,,"1. Technický bod (zapisovatelé, právní asistence, ověřovatelé zápisu, schválení programu zasedání ZMB) - program - hlasování o stažení bodu č. 107",https://apl.brno.cz/protokoly-zmb/zmb-z9-17/20240514-4-29830.html
Z9-17-005,Z9/17,2024-05-14,petr-borecky-1,Petr Bořecký,Lidovci a Starostové,Ano,Ano,1203d9d45eaf4e84,ano,,"1. Technický bod (zapisovatelé, právní asistence, ověřovatelé zápisu, schválení programu zasedání ZMB) - program",https://apl.brno.cz/protokoly-zmb/zmb-z9-17/20240514-5-29861.html
Z9-17-006,Z9/17,2024-05-14,petr-borecky-1,Petr Bořecký,Lidovci a Starostové,Ano,Ano,12d09c36e3f9062b,ano,,4. Přehled účastí na schůzích výborů ZMB,https://apl.brno.cz/protokoly-zmb/zmb-z9-17/20240514-6-29890.html
Z9-17-007,Z9/17,2024-05-14,petr-borecky-1,Petr Bořecký,Lidovci a Starostové,Ano,Ano,55e2e1df3223b754,ano,,5. Poskytování příspěvků členům Zastupitelstva města Brna,https://apl.brno.cz/protokoly-zmb/zmb-z9-17/20240514-7-29920.html
Z9-17-010,Z9/17,2024-05-14,petr-borecky-1,Petr Bořecký,Lidovci a Starostové,Ano,Ano,085e1dbab9d99654,ano,,"6. Návrh Dodatku č. 5 k Deklaraci Koncernu statutárního města Brna, návrh předchozího souhlasu s rozšířením koncernových pokynů č. 1/2023 a č. 3/2023 na nové členy Koncernu statutárního města Brna - 2. a 3. odr.",https://apl.brno.cz/protokoly-zmb/zmb-z9-17/20240514-10-30534.html
Z9-17-008,Z9/17,2024-05-14,petr-borecky-1,Petr Bořecký,Lidovci a Starostové,Ano,Ano,6374ac03f5027ebd,ano,,"6. Návrh Dodatku č. 5 k Deklaraci Koncernu statutárního města Brna, návrh předchozího souhlasu s rozšířením koncernových pokynů č. 1/2023 a č. 3/2023 na nové členy Koncernu statutárního města Brna - 1. odr.",https://apl.brno.cz/protokoly-zmb/zmb-z9-17/20240514-8-30429.html
Z9-17-011,Z9/17,2024-05-14,petr-borecky-1,Petr Bořecký,Lidovci a Starostové,Ano,Ano,5d5d7ceb4af695c0,ano,,"7. Návrh změny stanov obchodní společnosti CD CENTRUM COMS, a. s.",https://apl.brno.cz/protokoly-zmb/zmb-z9-17/20240514-11-30563.html
Z9-17-012,Z9/17,2024-05-14,petr-borecky-1,Petr Bořecký,Lidovci a Starostové,Ano,Ano,651da6ed5bbd1665,ano,,"8. Projekt realizace fotovoltaických systémů (SAKO Brno, a. s.), vyslovení předchozího souhlasu s udělením koncernového pokynu",https://apl.brno.cz/protokoly-zmb/zmb-z9-17/20240514-12-30592.html
Z9-17-014,Z9/17,2024-05-14,petr-borecky-1,Petr Bořecký,Lidovci a Starostové,Ano,Ano,c8b9f2f1e3839012,ano,,"10. Návrh závěrečného účtu statutárního města Brna za rok 2023, návrh účetní závěrky statutárního města Brna za rok 2023",https://apl.brno.cz/protokoly-zmb/zmb-z9-17/20240514-14-33553.html
Z9-17-015,Z9/17,2024-05-14,petr-borecky-1,Petr Bořecký,Lidovci a Starostové,Ano,Ano,dff6d428ae982ed4,ano,,"11. Návrh změn rozpočtů účelových fondů a veřejných sbírek města Brna, návrh rozpočtových opatření v souvislosti s finančním vypořádáním rozpočtu města Brna za rok 2023",https://apl.brno.cz/protokoly-zmb/zmb-z9-17/20240514-15-33589.html
Z9-17-013,Z9/17,2024-05-14,petr-borecky-1,Petr Bořecký,Lidovci a Starostové,Ano,Ano,ab3d33da29218693,ano,,"9. Návrh Dodatku č. 1 ke zřizovací listině Veřejné zeleně města Brna, příspěvkové organizace",https://apl.brno.cz/protokoly-zmb/zmb-z9-17/20240514-13-30621.html
Z9-17-016,Z9/17,2024-05-14,petr-borecky-1,Petr Bořecký,Lidovci a Starostové,Nehlasoval,Nehlasoval,bbfba878719b22ba,ano,,12. Finanční hospodaření dobrovolného svazku obcí Cyklistická stezka Brno – Vídeň za rok 2023,https://apl.brno.cz/protokoly-zmb/zmb-z9-17/20240514-16-33620.html
Z9-17-017,Z9/17,2024-05-14,petr-borecky-1,Petr Bořecký,Lidovci a Starostové,Ano,Ano,3bde2ac346c84786,ano,,"13. Členský příspěvek města Brna ve spolku Brněnsko, z. s., pro rok 2024, návrh rozpočtového opatření",https://apl.brno.cz/protokoly-zmb/zmb-z9-17/20240514-17-33648.html
Z9-17-020,Z9/17,2024-05-14,petr-borecky-1,Petr Bořecký,Lidovci a Starostové,Ano,Ano,9b9f06415bbf9e97,ano,,"16. Aktualizace rozpočtu akcí zajišťovaných společností Brněnské vodárny a kanalizace, a. s.– květen 2024 – návrh rozpočtového opatření",https://apl.brno.cz/protokoly-zmb/zmb-z9-17/20240514-20-33743.html
Z9-17-018,Z9/17,2024-05-14,petr-borecky-1,Petr Bořecký,Lidovci a Starostové,Ano,Ano,4211a5acb2118f80,ano,,14. Žádost městské části Brno-Žabovřesky o předchozí souhlas s použitím části kladného výsledku hospodaření z vedlejší hospodářské činnosti-bytové hospodářství k jiným účelům,https://apl.brno.cz/protokoly-zmb/zmb-z9-17/20240514-18-33682.html
Z9-17-019,Z9/17,2024-05-14,petr-borecky-1,Petr Bořecký,Lidovci a Starostové,Ano,Ano,d97071084c959769,ano,,"15. Změna zatřídění účelového transferu z rozpočtu města Brna poskytnutého městské části Brno-Tuřany na akci ""ZŠ Měšťanská – výměna oken"" z neinvestičního na investiční, návrh rozpočtového opatření",https://apl.brno.cz/protokoly-zmb/zmb-z9-17/20240514-19-33713.html
Z9-17-021,Z9/17,2024-05-14,petr-borecky-1,Petr Bořecký,Lidovci a Starostové,Ano,Ano,8c3ae1e7efaf741e,ano,,17. Rekonstrukce sociálních zařízení v prostorách pavilonu B a vestibulu Waldorfské školy Brno – návrh rozpočtového opatření,https://apl.brno.cz/protokoly-zmb/zmb-z9-17/20240514-21-34049.html
Z9-17-022,Z9/17,2024-05-14,petr-borecky-1,Petr Bořecký,Lidovci a Starostové,Ano,Ano,04665d063dba45ce,ano,,18. Zapojení Fondu rezerv a rozvoje v souvislosti s poskytnutím účelového investičního transferu městské části Brno-Řečkovice a Mokrá Hora na realizaci Parku pod hřbitovem – návrh rozpočtového opatření,https://apl.brno.cz/protokoly-zmb/zmb-z9-17/20240514-22-34080.html
Z9-17-023,Z9/17,2024-05-14,petr-borecky-1,Petr Bořecký,Lidovci a Starostové,Ano,Ano,4ad12ca7fc135cc1,ano,,19. Zapojení Fondu rezerv a rozvoje v souvislosti s poskytnutím individuální investiční dotace spolku Brněnský lužánecký tenisový klub – zapsaný spolek na rekonstrukci a modernizaci tenisového areálu BLTC – návrh rozpočtového opatření,https://apl.brno.cz/protokoly-zmb/zmb-z9-17/20240514-23-34113.html
Z9-17-024,Z9/17,2024-05-14,petr-borecky-1,Petr Bořecký,Lidovci a Starostové,Ano,Ano,68afcfccc9a23114,ano,,20. Zapojení Fondu rezerv a rozvoje v souvislosti s návrhem poskytnutí individuální dotace z rozpočtu města Brna v roce 2024 pro spolek Divadlo 3+kk z. s. na projekt „Realizace česko-ukrajinského divadelního projektu Slepci“ – návrh rozpočtového opatření,https://apl.brno.cz/protokoly-zmb/zmb-z9-17/20240514-24-34150.html
Z9-17-026,Z9/17,2024-05-14,petr-borecky-1,Petr Bořecký,Lidovci a Starostové,Nehlasoval,Nehlasoval,fd74f56a6598c096,ano,,"21. Zapojení Fondu rezerv a rozvoje v souvislosti s poskytnutím bezúročné zápůjčky městské části Brno-sever, návrh rozpočtového opatření - hlasování o návrhu p. Koláčného",https://apl.brno.cz/protokoly-zmb/zmb-z9-17/20240514-26-34355.html
Z9-17-027,Z9/17,2024-05-14,petr-borecky-1,Petr Bořecký,Lidovci a Starostové,Ano,Ano,ca0335f15a76161f,ano,,"21. Zapojení Fondu rezerv a rozvoje v souvislosti s poskytnutím bezúročné zápůjčky městské části Brno-sever, návrh rozpočtového opatření",https://apl.brno.cz/protokoly-zmb/zmb-z9-17/20240514-27-34383.html
Z9-17-028,Z9/17,2024-05-14,petr-borecky-1,Petr Bořecký,Lidovci a Starostové,Ano,Ano,140c81be2eb3000f,ano,,"22. Návrh na poskytnutí účelového investičního příspěvku Veřejné zeleni města Brna, příspěvkové organizaci na projektovou dokumentaci akce ORG 1878 Otevřený les – návrh rozpočtového opatření",https://apl.brno.cz/protokoly-zmb/zmb-z9-17/20240514-28-34421.html
Z9-17-029,Z9/17,2024-05-14,petr-borecky-1,Petr Bořecký,Lidovci a Starostové,Ano,Ano,1fa5dafcbb77bd38,ano,,23. Návrh na poskytnutí investičních dotací v rámci dotačního programu Podpora vytváření zelených střech,https://apl.brno.cz/protokoly-zmb/zmb-z9-17/20240514-29-34449.html
Z9-17-030,Z9/17,2024-05-14,petr-borecky-1,Petr Bořecký,Lidovci a Starostové,Ano,Ano,4148d8a4a1968008,ano,,"24. Návrh na poskytnutí individuální neinvestiční dotace Nadaci Partnerství, na provoz Otevřené zahrady v roce 2024, návrh smlouvy o poskytnutí dotace",https://apl.brno.cz/protokoly-zmb/zmb-z9-17/20240514-30-34479.html
Z9-17-031,Z9/17,2024-05-14,petr-borecky-1,Petr Bořecký,Lidovci a Starostové,Ano,Ano,c8ec84643bc26494,ano,,"25. Návrh na poskytnutí individuální neinvestiční dotace ZO ČSOP Pozemkovému spolku Hády na environmentální vzdělávání, výchovu a osvětu na Hádech, návrh rozpočtového opatření",https://apl.brno.cz/protokoly-zmb/zmb-z9-17/20240514-31-34521.html
Z9-17-032,Z9/17,2024-05-14,petr-borecky-1,Petr Bořecký,Lidovci a Starostové,Ano,Ano,15ae3cec61c3a4d0,ano,,26. Návrh na poskytnutí neinvestičních dotací na zachování a obnovu kulturních památek v roce 2024 – návrh rozpočtového opatření,https://apl.brno.cz/protokoly-zmb/zmb-z9-17/20240514-32-34550.html
Z9-17-034,Z9/17,2024-05-14,petr-borecky-1,Petr Bořecký,Lidovci a Starostové,Ano,Ano,bf610e329661065c,ano,,28. Návrh na poskytnutí neinvestičních příspěvků mateřským školám na zajištění vzdělávacího projektu Technické mateřské školy – návrh rozpočtového opatření,https://apl.brno.cz/protokoly-zmb/zmb-z9-17/20240514-34-34612.html
Z9-17-033,Z9/17,2024-05-14,petr-borecky-1,Petr Bořecký,Lidovci a Starostové,Ano,Ano,7eedb1da95be721d,ano,,27. Návrh na přidělení státní dotace od Ministerstva kultury z Programu regenerace městských památkových rezervací a městských památkových zón v roce 2024 a návrh na úhradu povinného podílu města ke státní dotaci – návrh rozpočtového opatření,https://apl.brno.cz/protokoly-zmb/zmb-z9-17/20240514-33-34584.html
Z9-17-036,Z9/17,2024-05-14,petr-borecky-1,Petr Bořecký,Lidovci a Starostové,Ano,Ano,402a014a49dd2042,ano,,30. Návrh na poskytnutí neinvestičních dotací na podporu handicapovaných sportovců pro rok 2024 – návrh rozpočtového opatření,https://apl.brno.cz/protokoly-zmb/zmb-z9-17/20240514-36-34685.html
Z9-17-035,Z9/17,2024-05-14,petr-borecky-1,Petr Bořecký,Lidovci a Starostové,Ano,Ano,0213c75e90162850,ano,,29. Návrh na poskytnutí neinvestičních dotací na podporu mládežnického sportu pro rok 2024,https://apl.brno.cz/protokoly-zmb/zmb-z9-17/20240514-35-34657.html
Z9-17-037,Z9/17,2024-05-14,petr-borecky-1,Petr Bořecký,Lidovci a Starostové,Ano,Ano,24338f09cc441fc2,ano,,31. Návrh na poskytnutí neinvestičních dotací na podporu významných sportovních akcí konaných ve městě Brně v roce 2024 – návrh rozpočtového opatření,https://apl.brno.cz/protokoly-zmb/zmb-z9-17/20240514-37-34721.html
Z9-17-038,Z9/17,2024-05-14,petr-borecky-1,Petr Bořecký,Lidovci a Starostové,Ano,Ano,66f0112585a25868,ano,,32. Návrh na poskytnutí individuální neinvestiční dotace Vysokému učení technickému v Brně na zabezpečení provozu atletického stadionu Pod Palackého vrchem v rámci projektu Centrum brněnské atletiky pro rok 2024 – návrh rozpočtového opatření,https://apl.brno.cz/protokoly-zmb/zmb-z9-17/20240514-38-34753.html
Z9-17-040,Z9/17,2024-05-14,petr-borecky-1,Petr Bořecký,Lidovci a Starostové,Ano,Ano,1f4fcefe65717670,ano,,"34. Návrh na poskytnutí finančního daru spolku Městský sportovní klub Brno, z. s., na podporu brněnských olympioniků – sportovců seniorů pro rok 2024 – návrh rozpočtového opatření",https://apl.brno.cz/protokoly-zmb/zmb-z9-17/20240514-40-35142.html
Z9-17-039,Z9/17,2024-05-14,petr-borecky-1,Petr Bořecký,Lidovci a Starostové,Ano,Ano,91136d4a3d1fcd83,ano,,33. Návrh na poskytnutí individuální neinvestiční dotace společnosti PLAYzone s. r. o. na uspořádání Mistrovství České republiky v počítačových a mobilních hrách 2024 ve městě Brně – návrh rozpočtového opatření,https://apl.brno.cz/protokoly-zmb/zmb-z9-17/20240514-39-35112.html
Z9-17-041,Z9/17,2024-05-14,petr-borecky-1,Petr Bořecký,Lidovci a Starostové,Ano,Ano,f15fb631f1d5bda3,ano,,"35. Žádost JAZZFESTBRNO AHEAD, s. r. o., o změnu příjemce dotace na projekt JAZZFESTBRNO dětem 2024 - návrh rozpočtového opatření",https://apl.brno.cz/protokoly-zmb/zmb-z9-17/20240514-41-35176.html
Z9-17-043,Z9/17,2024-05-14,petr-borecky-1,Petr Bořecký,Lidovci a Starostové,Ano,Ano,4c6f8ea3890fb012,ano,,37. Návrh Dodatku č. 1 ke Smlouvě o poskytnutí investičního příspěvku „Campus Living“,https://apl.brno.cz/protokoly-zmb/zmb-z9-17/20240514-43-35314.html
Z9-17-042,Z9/17,2024-05-14,petr-borecky-1,Petr Bořecký,Lidovci a Starostové,Ano,Ano,0011ddc9a7e1ef8b,ano,,36. Návrh Dotačního programu pro poskytování dotací v oblasti podpory kreativních odvětví na rok 2024 – “Pro Kreativní Brno” – 6. etapa – návrh rozpočtového opatření,https://apl.brno.cz/protokoly-zmb/zmb-z9-17/20240514-42-35207.html
Z9-17-044,Z9/17,2024-05-14,petr-borecky-1,Petr Bořecký,Lidovci a Starostové,Ano,Ano,88810efc348d2b81,ano,,38. Návrh Dodatku č. 1 ke Smlouvě o poskytnutí investičního příspěvku „Bytový dům Palackého 94/96/98“,https://apl.brno.cz/protokoly-zmb/zmb-z9-17/20240514-44-35340.html
Z9-17-046,Z9/17,2024-05-14,petr-borecky-1,Petr Bořecký,Lidovci a Starostové,Ano,Ano,032273a7b3ab7311,ano,,40. Návrh dodatku č. 2 ke Smlouvě o poskytnutí neinvestiční dotace č. 7223090651 – návrh rozpočtového opatření,https://apl.brno.cz/protokoly-zmb/zmb-z9-17/20240514-46-35603.html
Z9-17-045,Z9/17,2024-05-14,petr-borecky-1,Petr Bořecký,Lidovci a Starostové,Ano,Ano,27877cf9ddf1ce95,ano,,39. Návrh Dodatku č. 1 ke Smlouvě o poskytnutí investičního příspěvku „Komplex Centropolis“ - stažení bodu,https://apl.brno.cz/protokoly-zmb/zmb-z9-17/20240514-45-35575.html
Z9-17-049,Z9/17,2024-05-14,petr-borecky-1,Petr Bořecký,Lidovci a Starostové,Ano,Ano,d19cc588e774fc49,ano,,42. Projekty financované z Fondu kofinancování projektů – květen 2024 – návrh rozpočtového opatření - 1. odr.,https://apl.brno.cz/protokoly-zmb/zmb-z9-17/20240514-49-35734.html
Z9-17-050,Z9/17,2024-05-14,petr-borecky-1,Petr Bořecký,Lidovci a Starostové,Ano,Ano,9d797a9ad24a51db,ano,,42. Projekty financované z Fondu kofinancování projektů – květen 2024 – návrh rozpočtového opatření - ostatní odr.,https://apl.brno.cz/protokoly-zmb/zmb-z9-17/20240514-50-35771.html
Z9-17-047,Z9/17,2024-05-14,petr-borecky-1,Petr Bořecký,Lidovci a Starostové,Ano,Ano,884713bb82a71f9b,ano,,41. Výuka hry na hudební nástroje na základních školách – projekt OnStage Brno – návrh na prodloužení termínu vyúčtování,https://apl.brno.cz/protokoly-zmb/zmb-z9-17/20240514-47-35630.html
Z9-17-051,Z9/17,2024-05-14,petr-borecky-1,Petr Bořecký,Lidovci a Starostové,Ano,Ano,42bb3a19fe571a81,ano,,43. Finanční prostředky Fondu kofinancování projektů – květen 2024 – návrh rozpočtového opatření,https://apl.brno.cz/protokoly-zmb/zmb-z9-17/20240514-51-35800.html
Z9-17-052,Z9/17,2024-05-14,petr-borecky-1,Petr Bořecký,Lidovci a Starostové,Ano,Ano,2c01f6b0be444c1b,ano,,"44. Projekt ""Modernizace kuchyně a jídelny ZŠ Pastviny"" – rozhodnutí o poskytnutí dotace",https://apl.brno.cz/protokoly-zmb/zmb-z9-17/20240514-52-35826.html
Z9-17-053,Z9/17,2024-05-14,petr-borecky-1,Petr Bořecký,Lidovci a Starostové,Ano,Ano,f03636c804978047,ano,,"45. Projekt ""Integrace cizinců ve městě Brně V."" – rozhodnutí o poskytnutí dotace",https://apl.brno.cz/protokoly-zmb/zmb-z9-17/20240514-53-35853.html
Z9-17-054,Z9/17,2024-05-14,petr-borecky-1,Petr Bořecký,Lidovci a Starostové,Ano,Ano,85937454cd0bd2a4,ano,,"46. Projekt ""IT vybavení pro stavební úřad"" – rozhodnutí o poskytnutí dotace",https://apl.brno.cz/protokoly-zmb/zmb-z9-17/20240514-54-35881.html
Z9-17-055,Z9/17,2024-05-14,petr-borecky-1,Petr Bořecký,Lidovci a Starostové,Ano,Ano,85939fe88e5e407a,ano,,"47. Projekt ""Sanace skalního řícení v ulici Práčata, městská část Brno-Bosonohy"" – rozhodnutí o poskytnutí dotace",https://apl.brno.cz/protokoly-zmb/zmb-z9-17/20240514-55-35907.html
Z9-17-056,Z9/17,2024-05-14,petr-borecky-1,Petr Bořecký,Lidovci a Starostové,Ano,Ano,492ab2fa5c7b137d,ano,,"48. Projekt ""Elektrovozy pro MČ Brno-Medlánky"" – návrh smlouvy o poskytnutí podpory",https://apl.brno.cz/protokoly-zmb/zmb-z9-17/20240514-56-36010.html
Z9-17-057,Z9/17,2024-05-14,petr-borecky-1,Petr Bořecký,Lidovci a Starostové,Ano,Ano,cc6a37a73206ad41,ano,,"49. Projekt ""Výstavba MŠ Šámalova"" – změna parametrů posouzení projektu",https://apl.brno.cz/protokoly-zmb/zmb-z9-17/20240514-57-36039.html
Z9-17-060,Z9/17,2024-05-14,petr-borecky-1,Petr Bořecký,Lidovci a Starostové,Ano,Ano,cfa5c2b525403a11,ano,,53. Návrh změny Pravidel pronájmu bytů v domech v majetku statutárního města Brna a jejich Přílohy č. 1 Statut sociálního bytu a Přílohy č. 2 Statut startovacího bytu,https://apl.brno.cz/protokoly-zmb/zmb-z9-17/20240514-60-36323.html
Z9-17-058,Z9/17,2024-05-14,petr-borecky-1,Petr Bořecký,Lidovci a Starostové,Ano,Ano,cba987721bc9dc53,ano,,"50. Záměr prodeje volné vymezené bytové jednotky č. 593/18 v domě Osová 6, Brno",https://apl.brno.cz/protokoly-zmb/zmb-z9-17/20240514-58-36068.html
Z9-17-059,Z9/17,2024-05-14,petr-borecky-1,Petr Bořecký,Lidovci a Starostové,Ano,Ano,531be9aaa373e259,ano,,"52. Návrh vzorové dohody o narovnání s bezúplatným převodem spoluvlastnických podílů města na 39 bytových jednotkách v bytovém domě č.p. 957 v k. ú. Staré Brno, ul. Bezručova 19 v Brně, členům Bytového družstva Bezručova 19",https://apl.brno.cz/protokoly-zmb/zmb-z9-17/20240514-59-36105.html
Z9-17-061,Z9/17,2024-05-14,petr-borecky-1,Petr Bořecký,Lidovci a Starostové,Ano,Ano,aa1a41881e7d40cc,ano,,"54. Návrh na udělení výjimky ze Statutu bytu pro osamělé rodiče s dětmi, který je přílohou č. 3 Pravidel pronájmu bytů v domech v majetku statutárního města Brna, nájemkyni bytu pro osamělé rodiče s dětmi č. 15 v domě Vlhká 179/22, Brno",https://apl.brno.cz/protokoly-zmb/zmb-z9-17/20240514-61-36408.html
Z9-17-062,Z9/17,2024-05-14,petr-borecky-1,Petr Bořecký,Lidovci a Starostové,Ano,Ano,1117eec43f1ec5e4,ano,,"55. Návrh na úhradu náhrad nájemného za sociální byty a náhrady za mimořádnou opravu sociálního bytu městským částem, návrh rozpočtového opatření",https://apl.brno.cz/protokoly-zmb/zmb-z9-17/20240514-62-36439.html
Z9-17-065,Z9/17,2024-05-14,petr-borecky-1,Petr Bořecký,Lidovci a Starostové,Ano,Ano,6d9809c041a5f5a7,ano,,"58. Žádost o vzdání se práva na část nájemného představující zvýšení nájemného o inflaci za rok 2023 za užívání nebytových prostor v budově Nádražní 10, k. ú. Město Brno",https://apl.brno.cz/protokoly-zmb/zmb-z9-17/20240514-65-36592.html
Z9-17-064,Z9/17,2024-05-14,petr-borecky-1,Petr Bořecký,Lidovci a Starostové,Ano,Ano,a9b93c4e8f0c1429,ano,,57. Žádost o prominutí příslušenství dluhu za nájem bytu č. 12 v domě Zderadova 474/3 v Brně,https://apl.brno.cz/protokoly-zmb/zmb-z9-17/20240514-64-36562.html
Z9-17-063,Z9/17,2024-05-14,petr-borecky-1,Petr Bořecký,Lidovci a Starostové,Ano,Ano,46cdb031ade06e9a,ano,,"56. Návrh na uzavření dohody o splátkách dluhu z nájmu bytu č. 11 v domě Francouzská 64, Brno",https://apl.brno.cz/protokoly-zmb/zmb-z9-17/20240514-63-36536.html
Z9-17-066,Z9/17,2024-05-14,petr-borecky-1,Petr Bořecký,Lidovci a Starostové,Ano,Ano,25fb93abb602e77f,ano,,"59. Návrh prodeje částí pozemků p. č. 1137/1 a p. č. 1137/4, oba v k. ú. Zábrdovice",https://apl.brno.cz/protokoly-zmb/zmb-z9-17/20240514-66-36619.html
Z9-17-067,Z9/17,2024-05-14,petr-borecky-1,Petr Bořecký,Lidovci a Starostové,Ano,Ano,4bcb5c7468df6060,ano,,Body č. 60-62,https://apl.brno.cz/protokoly-zmb/zmb-z9-17/20240514-67-36681.html
Z9-17-068,Z9/17,2024-05-14,petr-borecky-1,Petr Bořecký,Lidovci a Starostové,Ano,Ano,fdf4714fa10d59cf,ano,,63. Návrh nabytí spoluvlastnických podílů na pozemcích v k. ú. Lesná a k. ú. Obřany,https://apl.brno.cz/protokoly-zmb/zmb-z9-17/20240514-68-36711.html
Z9-17-069,Z9/17,2024-05-14,petr-borecky-1,Petr Bořecký,Lidovci a Starostové,Ano,Ano,9ecc0e5946003713,ano,,Body č. 64-77,https://apl.brno.cz/protokoly-zmb/zmb-z9-17/20240514-69-36742.html
Z9-17-070,Z9/17,2024-05-14,petr-borecky-1,Petr Bořecký,Lidovci a Starostové,Ano,Ano,c63efa6ae97d2e43,ano,,"78. Návrh nabytí movitých věcí a nemovitých věcí v k. ú. Město Brno z vlastnictví České republiky – České pošty, s. p., návrh na zřízení služebnosti, návrh na zřízení zákazu zcizení a zatížení, návrh rozpočtového opatření",https://apl.brno.cz/protokoly-zmb/zmb-z9-17/20240514-70-37073.html
Z9-17-071,Z9/17,2024-05-14,petr-borecky-1,Petr Bořecký,Lidovci a Starostové,Ano,Ano,8ebb1aa1f66146f4,ano,,"79. Nabídky odkupu zapsaných i nezapsaných staveb k rodinné rekreaci postavených v rozvojové lokalitě Moravanské lány na části pozemku p. č. 494 a p. č. 496/1 a na pozemku p. č. 493/2 a p. č. 497/2, k. ú. Dolní Heršpice",https://apl.brno.cz/protokoly-zmb/zmb-z9-17/20240514-71-37105.html
Z9-17-073,Z9/17,2024-05-14,petr-borecky-1,Petr Bořecký,Lidovci a Starostové,Ano,Ano,554d3b834e00f63f,ano,,Body č. 81-88,https://apl.brno.cz/protokoly-zmb/zmb-z9-17/20240514-73-37172.html
Z9-17-072,Z9/17,2024-05-14,petr-borecky-1,Petr Bořecký,Lidovci a Starostové,Ano,Ano,164a6a244d89bd95,ano,,80. Návrh na uznání vlastnického práva k části pozemku p. č. 1142/20 a části pozemku p. č. 1142/7 v k. ú. Bystrc,https://apl.brno.cz/protokoly-zmb/zmb-z9-17/20240514-72-37133.html
Z9-17-075,Z9/17,2024-05-14,petr-borecky-1,Petr Bořecký,Lidovci a Starostové,Ano,Ano,9704ef3e241e1e32,ano,,95. Návrh směny částí pozemků v k. ú. Kohoutovice při ul. návrší Svobody,https://apl.brno.cz/protokoly-zmb/zmb-z9-17/20240514-75-37243.html
Z9-17-074,Z9/17,2024-05-14,petr-borecky-1,Petr Bořecký,Lidovci a Starostové,Ano,Ano,946903d46850350a,ano,,Body č. 89-94,https://apl.brno.cz/protokoly-zmb/zmb-z9-17/20240514-74-37216.html
Z9-17-076,Z9/17,2024-05-14,petr-borecky-1,Petr Bořecký,Lidovci a Starostové,Ano,Ano,58c22b1f0bed69ae,ano,,"96. Návrh směny pozemků v k. ú. Komín, Bystrc, Horní Heršpice a částí pozemku v k. ú. Banín s Českou republikou – Povodím Moravy, s. p.",https://apl.brno.cz/protokoly-zmb/zmb-z9-17/20240514-76-37270.html
Z9-17-078,Z9/17,2024-05-14,petr-borecky-1,Petr Bořecký,Lidovci a Starostové,Ano,Ano,128c72e7e55f41a8,ano,,98. Návrh Smlouvy o budoucí smlouvě směnné pro stavbu „RK – Nové chodníky Hviezdoslavova“,https://apl.brno.cz/protokoly-zmb/zmb-z9-17/20240514-78-37325.html
Z9-17-077,Z9/17,2024-05-14,petr-borecky-1,Petr Bořecký,Lidovci a Starostové,Ano,Ano,7ae36165b5788567,ano,,"97. Návrh směny pozemků a částí pozemků v k. ú. Štýřice, Bohunice, Trnitá se společností Shell Czech Republic a. s.",https://apl.brno.cz/protokoly-zmb/zmb-z9-17/20240514-77-37299.html
Z9-17-079,Z9/17,2024-05-14,petr-borecky-1,Petr Bořecký,Lidovci a Starostové,Ano,Ano,c7ead30577f6e791,ano,,"99. Návrh svěření majetku města Brna městské části Brno – Řečkovice a Mokrá Hora, pozemku p. č. 3225/1 k. ú. Řečkovice",https://apl.brno.cz/protokoly-zmb/zmb-z9-17/20240514-79-37352.html
Z9-17-080,Z9/17,2024-05-14,petr-borecky-1,Petr Bořecký,Lidovci a Starostové,Ano,Ano,3d59096ea0992ad9,ano,,"100. Návrh svěření majetku města Brna městské části Brno – Řečkovice a Mokrá Hora, pozemku p. č. 65 k. ú. Mokrá Hora včetně stavby zvonice nezapsané v katastru nemovitostí",https://apl.brno.cz/protokoly-zmb/zmb-z9-17/20240514-80-37379.html
Z9-17-081,Z9/17,2024-05-14,petr-borecky-1,Petr Bořecký,Lidovci a Starostové,Ano,Ano,aa6ab0cd466c6ad8,ano,,"101. Návrh odnětí svěřeného majetku města městské části Brno-jih, pozemku p. č. 223/5 k. ú. Přízřenice",https://apl.brno.cz/protokoly-zmb/zmb-z9-17/20240514-81-37407.html
Z9-17-082,Z9/17,2024-05-14,petr-borecky-1,Petr Bořecký,Lidovci a Starostové,Ano,Ano,f3d8357b6a38f717,ano,,102. Návrh Smlouvy o spolupráci při výstavbě veřejné infrastruktury „DOPRAVNÍ A TECHNICKÁ INFRASTRUKTURA OS BOSONOHY MLATY“,https://apl.brno.cz/protokoly-zmb/zmb-z9-17/20240514-82-37438.html
Z9-17-083,Z9/17,2024-05-14,petr-borecky-1,Petr Bořecký,Lidovci a Starostové,Ano,Ano,d575ca98b7645ae9,ano,,103. Návrh Dodatku č. 1 ke Smlouvě o spolupráci při výstavbě veřejné infrastruktury „Nová Zvonařka s. r. o. - Polyfunkční městský projekt I. ETAPA – BLOK A“,https://apl.brno.cz/protokoly-zmb/zmb-z9-17/20240514-83-37483.html
Z9-17-084,Z9/17,2024-05-14,petr-borecky-1,Petr Bořecký,Lidovci a Starostové,Ano,Ano,245b832609a1cc06,ano,,"104. Návrh dodatku č. 1 ke Smlouvě o spolupráci v rámci projektu ""Prodloužení tramvajové trati Bystrc –Kamechy"" se společností Dopravní podnik města Brna, a. s.",https://apl.brno.cz/protokoly-zmb/zmb-z9-17/20240514-84-37512.html
Z9-17-085,Z9/17,2024-05-14,petr-borecky-1,Petr Bořecký,Lidovci a Starostové,Ano,Ano,b6c45ca15f37a86c,ano,,105. Návrh Dodatku č. 1 ke Smlouvě o spolupráci při výstavbě veřejné infrastruktury „Bytový dům Sokolova“,https://apl.brno.cz/protokoly-zmb/zmb-z9-17/20240514-85-37539.html
Z9-17-086,Z9/17,2024-05-14,petr-borecky-1,Petr Bořecký,Lidovci a Starostové,Zdržel se,Zdržel se,77dc8f7e87b2acd8,ano,,"106. Zapojení Fondu rezerv a rozvoje v souvislosti s navýšením účelového neinvestičního příspěvku Národnímu divadlu Brno, příspěvkové organizaci v roce 2024 – návrh rozpočtového opatření - hlasování o návrhu pí Flamikové",https://apl.brno.cz/protokoly-zmb/zmb-z9-17/20240514-86-38062.html
Z9-17-088,Z9/17,2024-05-14,petr-borecky-1,Petr Bořecký,Lidovci a Starostové,Ano,Ano,a187146729442e63,ano,,hlasování o pokračování jednání do vyčerpání programu,https://apl.brno.cz/protokoly-zmb/zmb-z9-17/20240514-88-38167.html
Z9-17-087,Z9/17,2024-05-14,petr-borecky-1,Petr Bořecký,Lidovci a Starostové,Ano,Ano,a39a0889b150a383,ano,,"106. Zapojení Fondu rezerv a rozvoje v souvislosti s navýšením účelového neinvestičního příspěvku Národnímu divadlu Brno, příspěvkové organizaci v roce 2024 – návrh rozpočtového opatření",https://apl.brno.cz/protokoly-zmb/zmb-z9-17/20240514-87-38087.html
Z9-20-001,Z9/20,2024-10-15,petr-borecky-1,Petr Bořecký,Lidovci a Starostové,Ano,Ano (VK),70b8db83321d99c9,ano,,"1. Technický bod (zapisovatelé, právní asistence, ověřovatelé zápisu, schválení programu zasedání ZMB) - ověřovatelé zápisu",https://apl.brno.cz/protokoly-zmb/zmb-z9-20/20241015-1-29608.html
Z9-20-002,Z9/20,2024-10-15,petr-borecky-1,Petr Bořecký,Lidovci a Starostové,Ano,Ano (VK),97b2f5274ecc5943,ano,,"1. Technický bod (zapisovatelé, právní asistence, ověřovatelé zápisu, schválení programu zasedání ZMB) - program - hlasování o stažení bodu č. 20, 24, 46, 62, 65",https://apl.brno.cz/protokoly-zmb/zmb-z9-20/20241015-2-30163.html
Z9-20-004,Z9/20,2024-10-15,petr-borecky-1,Petr Bořecký,Lidovci a Starostové,Nehlasoval,Nehlasoval (VK),f44f4ef34b64df33,ano,,"1. Technický bod (zapisovatelé, právní asistence, ověřovatelé zápisu, schválení programu zasedání ZMB) - program - hlasování o návrhu pí. Drápalové na zařazení bodu č. 124",https://apl.brno.cz/protokoly-zmb/zmb-z9-20/20241015-4-30237.html
Z9-20-003,Z9/20,2024-10-15,petr-borecky-1,Petr Bořecký,Lidovci a Starostové,Ano,Ano (VK),e14729f4b004a8eb,ano,,"1. Technický bod (zapisovatelé, právní asistence, ověřovatelé zápisu, schválení programu zasedání ZMB) - program - hlasování o zařazení bodu č. 123",https://apl.brno.cz/protokoly-zmb/zmb-z9-20/20241015-3-30186.html
Z9-20-005,Z9/20,2024-10-15,petr-borecky-1,Petr Bořecký,Lidovci a Starostové,Ano,Ano (VK),d923ee796691d5ea,ano,,"1. Technický bod (zapisovatelé, právní asistence, ověřovatelé zápisu, schválení programu zasedání ZMB) - program",https://apl.brno.cz/protokoly-zmb/zmb-z9-20/20241015-5-30261.html
Z9-20-006,Z9/20,2024-10-15,petr-borecky-1,Petr Bořecký,Lidovci a Starostové,Ano,Ano (VK),c52f582100e12351,ano,,"124. Nezákonné jednání generálního ředitele Dopravního podniku Brno, a. s., Ing. Miloše Havránka - hlasování o návrhu p. Kerndla",https://apl.brno.cz/protokoly-zmb/zmb-z9-20/20241015-6-32986.html
Z9-20-007,Z9/20,2024-10-15,petr-borecky-1,Petr Bořecký,Lidovci a Starostové,Nehlasoval,Nehlasoval (VK),11868e513260e182,ano,,"124. Nezákonné jednání generálního ředitele Dopravního podniku Brno, a. s., Ing. Miloše Havránka - hlasování o návrhu p. Zemka",https://apl.brno.cz/protokoly-zmb/zmb-z9-20/20241015-7-33036.html
Z9-20-008,Z9/20,2024-10-15,petr-borecky-1,Petr Bořecký,Lidovci a Starostové,Zdržel se,Zdržel se (VK),194185fd83eafda4,ano,,"124. Nezákonné jednání generálního ředitele Dopravního podniku Brno, a. s., Ing. Miloše Havránka",https://apl.brno.cz/protokoly-zmb/zmb-z9-20/20241015-8-33077.html
Z9-20-009,Z9/20,2024-10-15,petr-borecky-1,Petr Bořecký,Lidovci a Starostové,Ano,Ano (VK),98ea507957be0d43,ano,,"6. Návrh změny stanov obchodní společnosti Veletrhy Brno, a. s.",https://apl.brno.cz/protokoly-zmb/zmb-z9-20/20241015-9-33836.html
Z9-20-010,Z9/20,2024-10-15,petr-borecky-1,Petr Bořecký,Lidovci a Starostové,Ano,Ano (VK),f514f6582d08660f,ano,,"7. Dodatky ke zřizovacím listinám Nemocnice Milosrdných bratří, příspěvkové organizace, a Sdružení zdravotnických zařízení II Brno, příspěvkové organizace",https://apl.brno.cz/protokoly-zmb/zmb-z9-20/20241015-10-33883.html
Z9-20-011,Z9/20,2024-10-15,petr-borecky-1,Petr Bořecký,Lidovci a Starostové,Ano,Ano (VK),5caf68b4bf3a568b,ano,,"8. Návrh Dodatku č. 1 ke Zřizovací listině Chovánek – dětské centrum rodinného typu, příspěvková organizace",https://apl.brno.cz/protokoly-zmb/zmb-z9-20/20241015-11-33911.html
Z9-20-012,Z9/20,2024-10-15,petr-borecky-1,Petr Bořecký,Lidovci a Starostové,Ano,Ano (VK),1d57a5d94c4ea293,ano,,"9. Návrh Dodatku č. 1 ke zřizovací listině Základní školy Brno, Čejkovická 10, příspěvkové organizace",https://apl.brno.cz/protokoly-zmb/zmb-z9-20/20241015-12-33942.html
Z9-20-013,Z9/20,2024-10-15,petr-borecky-1,Petr Bořecký,Lidovci a Starostové,Ano,Ano (VK),2e1378fc81f12697,ano,,"10. Návrh změny zakládací smlouvy a stanov Centrály cestovního ruchu – Jižní Morava, z. s. p. o.",https://apl.brno.cz/protokoly-zmb/zmb-z9-20/20241015-13-33973.html
Z9-20-014,Z9/20,2024-10-15,petr-borecky-1,Petr Bořecký,Lidovci a Starostové,Ano,Ano (VK),cf308550fc9479df,ano,,"11. Projekt zařízení na anaerobní digesci bioodpadů pro území statutárního města Brna a okolí – návrh Dohody o vypořádání závazků, návrh Memoranda o spolupráci se společností SAKO Brno, a. s., a Recovera Využití zdrojů a. s.",https://apl.brno.cz/protokoly-zmb/zmb-z9-20/20241015-14-34411.html
Z9-20-015,Z9/20,2024-10-15,petr-borecky-1,Petr Bořecký,Lidovci a Starostové,Ano,Ano (VK),6956e690698b1fd2,ano,,12. Rozvoj služeb odpadového hospodářství pro město Brno v návaznosti na připravovanou legislativu,https://apl.brno.cz/protokoly-zmb/zmb-z9-20/20241015-15-34631.html
Z9-20-016,Z9/20,2024-10-15,petr-borecky-1,Petr Bořecký,Lidovci a Starostové,Ano,Ano (VK),ae5fab8cff334fe5,ano,,13. Aktualizace Územní energetické koncepce statutárního města Brna na roky 2024–2028,https://apl.brno.cz/protokoly-zmb/zmb-z9-20/20241015-16-34835.html
Z9-20-017,Z9/20,2024-10-15,petr-borecky-1,Petr Bořecký,Lidovci a Starostové,Ano,Ano (VK),dac2630376e9bd12,ano,,14. Návrh aktualizace Integrované strategie rozvoje Brněnské metropolitní oblasti 2021+,https://apl.brno.cz/protokoly-zmb/zmb-z9-20/20241015-17-35030.html
Z9-20-019,Z9/20,2024-10-15,petr-borecky-1,Petr Bořecký,Lidovci a Starostové,Ano,Ano (VK),f09ee99cf0aaad29,ano,,"16. Veletrhy Brno, a. s. - náhrada újmy vzniklé v důsledku plnění Koncernového pokynu č. 01/2021 – část IV., návrh Smlouvy o náhradě újmy",https://apl.brno.cz/protokoly-zmb/zmb-z9-20/20241015-19-35089.html
Z9-20-018,Z9/20,2024-10-15,petr-borecky-1,Petr Bořecký,Lidovci a Starostové,Ano,Ano (VK),48e148b508a2cd3f,ano,,15. Návrh střednědobého výhledu rozpočtu statutárního města Brna na období 2025-2029,https://apl.brno.cz/protokoly-zmb/zmb-z9-20/20241015-18-35059.html
Z9-20-020,Z9/20,2024-10-15,petr-borecky-1,Petr Bořecký,Lidovci a Starostové,Ano,Ano (VK),f003e629d44d2f14,ano,,17. Návrh rozpočtového opatření v souvislosti s přenesením působnosti obecního stavebního úřadu z úřadů městských částí na Magistrát města Brna,https://apl.brno.cz/protokoly-zmb/zmb-z9-20/20241015-20-35122.html
Z9-20-021,Z9/20,2024-10-15,petr-borecky-1,Petr Bořecký,Lidovci a Starostové,Ano,Ano (VK),ee3bd240fe4f6c8d,ano,,18. Návrh rozpočtového opatření – přesun finančních prostředků z rozpočtu Odboru územního plánování a rozvoje MMB do rozpočtu Odboru vnitřních věcí MMB,https://apl.brno.cz/protokoly-zmb/zmb-z9-20/20241015-21-35153.html
Z9-20-022,Z9/20,2024-10-15,petr-borecky-1,Petr Bořecký,Lidovci a Starostové,Ano,Ano (VK),37a137404b52ade1,ano,,19. Aktualizace rozpočtu Odboru investičního MMB – říjen 2024 – návrh rozpočtového opatření,https://apl.brno.cz/protokoly-zmb/zmb-z9-20/20241015-22-35184.html
Z9-20-023,Z9/20,2024-10-15,petr-borecky-1,Petr Bořecký,Lidovci a Starostové,Ano,Ano (VK),12310dc18f23242f,ano,,21. Návrh na použití zdrojů Fondu mobility – návrh rozpočtového opatření - bod č. 1,https://apl.brno.cz/protokoly-zmb/zmb-z9-20/20241015-23-35506.html
Z9-20-024,Z9/20,2024-10-15,petr-borecky-1,Petr Bořecký,Lidovci a Starostové,Ano,Ano (VK),08d153bf6e9b0a2f,ano,,21. Návrh na použití zdrojů Fondu mobility – návrh rozpočtového opatření - bod č. 2,https://apl.brno.cz/protokoly-zmb/zmb-z9-20/20241015-24-35527.html
Z9-20-025,Z9/20,2024-10-15,petr-borecky-1,Petr Bořecký,Lidovci a Starostové,Ano,Ano (VK),bfb24673dee1f9be,ano,,21. Návrh na použití zdrojů Fondu mobility – návrh rozpočtového opatření - bod č. 3,https://apl.brno.cz/protokoly-zmb/zmb-z9-20/20241015-25-35560.html
Z9-20-026,Z9/20,2024-10-15,petr-borecky-1,Petr Bořecký,Lidovci a Starostové,Ano,Ano (VK),ce959758190285b9,ano,,21. Návrh na použití zdrojů Fondu mobility – návrh rozpočtového opatření - 2. část,https://apl.brno.cz/protokoly-zmb/zmb-z9-20/20241015-26-35586.html
Z9-20-027,Z9/20,2024-10-15,petr-borecky-1,Petr Bořecký,Lidovci a Starostové,Ano,Ano (VK),cf36bdcbf46878f9,ano,,22. Návrh rozpočtového opatření v souvislosti se změnou pořadatele Brno Art Open,https://apl.brno.cz/protokoly-zmb/zmb-z9-20/20241015-27-35617.html
Z9-20-028,Z9/20,2024-10-15,petr-borecky-1,Petr Bořecký,Lidovci a Starostové,Ano,Ano (VK),fb0bc948b0d941f8,ano,,23. Návrh rozpočtového opatření – přesun běžných a kapitálových výdajů rozpočtu 4. úseku v souvislosti s nákupem nástroje pro sledování stavu systémů MMB – kybernetická bezpečnost,https://apl.brno.cz/protokoly-zmb/zmb-z9-20/20241015-28-35650.html
Z9-20-030,Z9/20,2024-10-15,petr-borecky-1,Petr Bořecký,Lidovci a Starostové,Ano,Ano (VK),3d557c7987437e21,ano,,26. Aktualizace očekávaného čerpání rozpočtu kapitálových a běžných výdajů Odboru vnitřních věcí MMB v roce 2024 – návrh rozpočtového opatření,https://apl.brno.cz/protokoly-zmb/zmb-z9-20/20241015-30-35984.html
Z9-20-029,Z9/20,2024-10-15,petr-borecky-1,Petr Bořecký,Lidovci a Starostové,Ano,Ano (VK),c6419b7e983e8d54,ano,,25. Aktualizace očekávaného čerpání rozpočtu kapitálových výdajů Městské policie Brno v roce 2024 – návrh rozpočtového opatření,https://apl.brno.cz/protokoly-zmb/zmb-z9-20/20241015-29-35956.html
Z9-20-032,Z9/20,2024-10-15,petr-borecky-1,Petr Bořecký,Lidovci a Starostové,Ano,Ano (VK),922da0c45b9c7347,ano,,28. Aktualizace očekávaného čerpání rozpočtu kapitálových výdajů Odboru vodního a lesního hospodářství a zemědělství MMB v roce 2024 – návrh rozpočtového opatření,https://apl.brno.cz/protokoly-zmb/zmb-z9-20/20241015-32-36042.html
Z9-20-031,Z9/20,2024-10-15,petr-borecky-1,Petr Bořecký,Lidovci a Starostové,Ano,Ano (VK),3ecade715b3135db,ano,,27. Aktualizace očekávaného čerpání rozpočtu kapitálových výdajů Odboru životního prostředí MMB v roce 2024 – návrh rozpočtového opatření,https://apl.brno.cz/protokoly-zmb/zmb-z9-20/20241015-31-36012.html
Z9-20-034,Z9/20,2024-10-15,petr-borecky-1,Petr Bořecký,Lidovci a Starostové,Ano,Ano (VK),f1a6b2c8691d950c,ano,,30. Aktualizace očekávaného čerpání rozpočtu kapitálových výdajů Odboru zdraví MMB v roce 2024 – návrh rozpočtového opatření,https://apl.brno.cz/protokoly-zmb/zmb-z9-20/20241015-34-36105.html
Z9-20-033,Z9/20,2024-10-15,petr-borecky-1,Petr Bořecký,Lidovci a Starostové,Ano,Ano (VK),0db3e55021ffaabb,ano,,29. Aktualizace očekávaného čerpání rozpočtu kapitálových výdajů a prodloužení čerpání účelového neinvestičního příspěvku u příspěvkové organizace v působnosti Odboru kultury MMB v roce 2024 – návrh rozpočtového opatření,https://apl.brno.cz/protokoly-zmb/zmb-z9-20/20241015-33-36076.html
Z9-20-035,Z9/20,2024-10-15,petr-borecky-1,Petr Bořecký,Lidovci a Starostové,Ano,Ano (VK),c98bcc1eee3988e7,ano,,31. Aktualizace očekávaného čerpání rozpočtu kapitálových výdajů Odboru městské informatiky MMB v roce 2024 – návrh rozpočtového opatření,https://apl.brno.cz/protokoly-zmb/zmb-z9-20/20241015-35-36132.html
Z9-20-036,Z9/20,2024-10-15,petr-borecky-1,Petr Bořecký,Lidovci a Starostové,Ano,Ano (VK),b7c2279ccebafc48,ano,,32. Aktualizace očekávaného čerpání rozpočtu kapitálových výdajů Kanceláře marketingu a cestovního ruchu MMB v roce 2024 – návrh rozpočtového opatření,https://apl.brno.cz/protokoly-zmb/zmb-z9-20/20241015-36-36161.html
Z9-20-037,Z9/20,2024-10-15,petr-borecky-1,Petr Bořecký,Lidovci a Starostové,Ano,Ano (VK),c1d39044ee5b5c97,ano,,"33. Aktualizace očekávaného čerpání rozpočtu kapitálových výdajů Odboru správy majetku MMB v roce 2024, návrh rozpočtového opatření",https://apl.brno.cz/protokoly-zmb/zmb-z9-20/20241015-37-36191.html
Z9-20-038,Z9/20,2024-10-15,petr-borecky-1,Petr Bořecký,Lidovci a Starostové,Ano,Ano (VK),dc5ab956362c014a,ano,,"34.	Aktualizace očekávaného čerpání rozpočtu kapitálových výdajů Majetkového odboru MMB v roce 2024, návrh rozpočtového opatření",https://apl.brno.cz/protokoly-zmb/zmb-z9-20/20241015-38-36225.html
Z9-20-040,Z9/20,2024-10-15,petr-borecky-1,Petr Bořecký,Lidovci a Starostové,Zdržel se,Zdržel se (VK),d6efb7962e54bb80,ano,,36. Aktualizace očekávaného čerpání rozpočtu kapitálových výdajů Odboru územního plánování a rozvoje Magistrátu města Brna v roce 2024 – návrh rozpočtového opatření - návrh pí Flamikové,https://apl.brno.cz/protokoly-zmb/zmb-z9-20/20241015-40-36562.html
Z9-20-039,Z9/20,2024-10-15,petr-borecky-1,Petr Bořecký,Lidovci a Starostové,Ano,Ano (VK),662bc16bfc152f3e,ano,,35. Aktualizace očekávaného čerpání rozpočtu kapitálových výdajů Odboru dopravy MMB a běžných a kapitálových výdajů Fondu mobility v roce 2024 – návrh rozpočtového opatření,https://apl.brno.cz/protokoly-zmb/zmb-z9-20/20241015-39-36256.html
Z9-20-041,Z9/20,2024-10-15,petr-borecky-1,Petr Bořecký,Lidovci a Starostové,Ano,Ano (VK),ae0c2cb90d6611f2,ano,,36. Aktualizace očekávaného čerpání rozpočtu kapitálových výdajů Odboru územního plánování a rozvoje Magistrátu města Brna v roce 2024 – návrh rozpočtového opatření,https://apl.brno.cz/protokoly-zmb/zmb-z9-20/20241015-41-36587.html
Z9-20-042,Z9/20,2024-10-15,petr-borecky-1,Petr Bořecký,Lidovci a Starostové,Ano,Ano (VK),f0cee87d68a4e999,ano,,"37. Zřízení Fondu Dáme na vás, aktualizace očekávaného čerpání rozpočtu kapitálových a běžných výdajů na projekty participativního rozpočtu v roce 2024 – návrh rozpočtového opatření",https://apl.brno.cz/protokoly-zmb/zmb-z9-20/20241015-42-36619.html
Z9-20-044,Z9/20,2024-10-15,petr-borecky-1,Petr Bořecký,Lidovci a Starostové,Ano,Ano (VK),8eddab8c2933bdd6,ano,,39. Zapojení Fondu rezerv a rozvoje v souvislosti s navýšením rozpočtu na opravy a údržbu sběrných středisek odpadů – návrh rozpočtového opatření,https://apl.brno.cz/protokoly-zmb/zmb-z9-20/20241015-44-36683.html
Z9-20-043,Z9/20,2024-10-15,petr-borecky-1,Petr Bořecký,Lidovci a Starostové,Ano,Ano (VK),c508b69b1ef8db49,ano,,38. Tvorba Fondu rezerv a rozvoje na základě očekávaného nedočerpání rozpočtu kapitálových výdajů Odboru životního prostředí MMB roku 2024 – návrh rozpočtového opatření,https://apl.brno.cz/protokoly-zmb/zmb-z9-20/20241015-43-36652.html
Z9-20-046,Z9/20,2024-10-15,petr-borecky-1,Petr Bořecký,Lidovci a Starostové,Ano,Ano (VK),d7bb3d2f332205ba,ano,,41. Zapojení Fondu rezerv a rozvoje v souvislosti s poskytnutím neinvestičního transferu městské části Brno-střed – návrh rozpočtového opatření,https://apl.brno.cz/protokoly-zmb/zmb-z9-20/20241015-46-36745.html
Z9-20-045,Z9/20,2024-10-15,petr-borecky-1,Petr Bořecký,Lidovci a Starostové,Ano,Ano (VK),3c555dc014e8f29d,ano,,"40. Zapojení Fondu rezerv a rozvoje v souvislosti s poskytnutím investičního příspěvku Veřejné zeleni města Brna, příspěvkové organizaci – návrh rozpočtového opatření",https://apl.brno.cz/protokoly-zmb/zmb-z9-20/20241015-45-36715.html
Z9-20-047,Z9/20,2024-10-15,petr-borecky-1,Petr Bořecký,Lidovci a Starostové,Ano,Ano (VK),f73432b29dbca77f,ano,,42. Zapojení Fondu rezerv a rozvoje v souvislosti se zajištěním provozu obecního systému odpadového hospodářství – návrh rozpočtového opatření,https://apl.brno.cz/protokoly-zmb/zmb-z9-20/20241015-47-36772.html
Z9-20-048,Z9/20,2024-10-15,petr-borecky-1,Petr Bořecký,Lidovci a Starostové,Ano,Ano (VK),60a6ca1ec6f4d585,ano,,"43. Zapojení Fondu rezerv a rozvoje v souvislosti se zajištěním úhrady daně z nemovitých věcí, návrh rozpočtového opatření",https://apl.brno.cz/protokoly-zmb/zmb-z9-20/20241015-48-36801.html
Z9-20-049,Z9/20,2024-10-15,petr-borecky-1,Petr Bořecký,Lidovci a Starostové,Ano,Ano (VK),e5a8280465b29d94,ano,,44. Zapojení Fondu rezerv a rozvoje v souvislosti s návrhem poskytnutí individuální dotace z rozpočtu města Brna v roce 2024 spolku Kantiléna z. s. na realizaci koncertního turné po USA – návrh rozpočtového opatření,https://apl.brno.cz/protokoly-zmb/zmb-z9-20/20241015-49-36990.html
Z9-20-051,Z9/20,2024-10-15,petr-borecky-1,Petr Bořecký,Lidovci a Starostové,Zdržel se,Zdržel se (VK),1645f7732e89c5e9,ano,,"45. Zapojení Fondu rezerv a rozvoje v souvislosti s poskytnutím finančního daru městům Jeseník, Krnov a Litovel – návrh rozpočtového opatření - hlasování o návrhu p. Hollana",https://apl.brno.cz/protokoly-zmb/zmb-z9-20/20241015-51-37814.html
Z9-20-052,Z9/20,2024-10-15,petr-borecky-1,Petr Bořecký,Lidovci a Starostové,Ano,Ano (VK),69d8a341946923c2,ano,,"45. Zapojení Fondu rezerv a rozvoje v souvislosti s poskytnutím finančního daru městům Jeseník, Krnov a Litovel – návrh rozpočtového opatření",https://apl.brno.cz/protokoly-zmb/zmb-z9-20/20241015-52-37839.html
Z9-20-053,Z9/20,2024-10-15,petr-borecky-1,Petr Bořecký,Lidovci a Starostové,Zdržel se,Zdržel se (VK),5d4450535ffab6dc,ano,,"5. Návrh obecně závazné vyhlášky statutárního města Brna, kterou se mění obecně závazná vyhláška statutárního města Brna č. 20/2001, kterou se vydává Statut města Brna, ve znění pozdějších vyhlášek - stažení bodu",https://apl.brno.cz/protokoly-zmb/zmb-z9-20/20241015-53-41060.html
Z9-20-055,Z9/20,2024-10-15,petr-borecky-1,Petr Bořecký,Lidovci a Starostové,Zdržel se,Zdržel se (VK),b05629fb9fe69b97,ano,,"5. Návrh obecně závazné vyhlášky statutárního města Brna, kterou se mění obecně závazná vyhláška statutárního města Brna č. 20/2001, kterou se vydává Statut města Brna, ve znění pozdějších vyhlášek - hlasování o návrhu p. Kmenta",https://apl.brno.cz/protokoly-zmb/zmb-z9-20/20241015-55-42673.html
Z9-20-056,Z9/20,2024-10-15,petr-borecky-1,Petr Bořecký,Lidovci a Starostové,Zdržel se,Zdržel se (VK),52a89726a9dcfb49,ano,,"5. Návrh obecně závazné vyhlášky statutárního města Brna, kterou se mění obecně závazná vyhláška statutárního města Brna č. 20/2001, kterou se vydává Statut města Brna, ve znění pozdějších vyhlášek - hlasování o návrhu pí. Drápalové",https://apl.brno.cz/protokoly-zmb/zmb-z9-20/20241015-56-42712.html
Z9-20-057,Z9/20,2024-10-15,petr-borecky-1,Petr Bořecký,Lidovci a Starostové,Ano,Ano (VK),d52bb13f03d9e2f2,ano,,"5. Návrh obecně závazné vyhlášky statutárního města Brna, kterou se mění obecně závazná vyhláška statutárního města Brna č. 20/2001, kterou se vydává Statut města Brna, ve znění pozdějších vyhlášek",https://apl.brno.cz/protokoly-zmb/zmb-z9-20/20241015-57-42750.html
Z9-20-058,Z9/20,2024-10-15,petr-borecky-1,Petr Bořecký,Lidovci a Starostové,Ano,Ano (VK),a18f3c172dbac546,ano,,47. Návrh na poskytnutí investičních dotací v rámci dotačního programu Podpora vytváření zelených střech,https://apl.brno.cz/protokoly-zmb/zmb-z9-20/20241015-58-42794.html
Z9-20-060,Z9/20,2024-10-15,petr-borecky-1,Petr Bořecký,Lidovci a Starostové,Ano,Ano (VK),6a27b033ae4b3d80,ano,,"49. Návrh na poskytnutí investičního transferu městské části Brno-Nový Lískovec na realizaci zelené střechy na bytovém domě na adrese Oblá 346/2 a na bytovém domě na adrese Kamínky 275/6, návrh rozpočtového opatření",https://apl.brno.cz/protokoly-zmb/zmb-z9-20/20241015-60-42861.html
Z9-20-059,Z9/20,2024-10-15,petr-borecky-1,Petr Bořecký,Lidovci a Starostové,Ano,Ano (VK),541a4eb4e55fa1b2,ano,,"48. Návrh na poskytnutí investičního transferu městské části Brno-Královo Pole na realizaci zelené střechy na DPS Purkyňova 91a, návrh rozpočtového opatření",https://apl.brno.cz/protokoly-zmb/zmb-z9-20/20241015-59-42828.html
Z9-20-061,Z9/20,2024-10-15,petr-borecky-1,Petr Bořecký,Lidovci a Starostové,Ano,Ano (VK),dfb3fe21455851be,ano,,"50. Návrh na zařazení nové investiční akce do závazného plánu investic a poskytnutí investičního příspěvku Správě hřbitovů města Brna, příspěvkové organizaci – návrh rozpočtového opatření",https://apl.brno.cz/protokoly-zmb/zmb-z9-20/20241015-61-42900.html
Z9-20-065,Z9/20,2024-10-15,petr-borecky-1,Petr Bořecký,Lidovci a Starostové,Ano,Ano (VK),b0c488515b4571af,ano,,"54. Návrh na poskytnutí individuální neinvestiční dotace z rozpočtu města Brna na rok 2024 organizaci Jihomoravské dobrovolnické centrum z.s., návrh rozpočtového opatření",https://apl.brno.cz/protokoly-zmb/zmb-z9-20/20241015-65-43032.html
Z9-20-063,Z9/20,2024-10-15,petr-borecky-1,Petr Bořecký,Lidovci a Starostové,Ano,Ano (VK),68cfec700049c942,ano,,"52. Návrh na snížení neinvestičního příspěvku příspěvkovým organizacím v působnosti Odboru životního prostředí MMB, návrh rozpočtového opatření",https://apl.brno.cz/protokoly-zmb/zmb-z9-20/20241015-63-42965.html
Z9-20-064,Z9/20,2024-10-15,petr-borecky-1,Petr Bořecký,Lidovci a Starostové,Ano,Ano (VK),0a91c01e5372dc36,ano,,"53. Návrh na změnu účelu investičního příspěvku Domu umění města Brna, příspěvkové organizaci, v roce 2024",https://apl.brno.cz/protokoly-zmb/zmb-z9-20/20241015-64-42998.html
Z9-20-062,Z9/20,2024-10-15,petr-borecky-1,Petr Bořecký,Lidovci a Starostové,Ano,Ano (VK),74a25f528f45da4a,ano,,51. Návrh na změnu účelu použití části účelového investičního transferu a prodloužení termínu vyúčtování účelových investičních a neinvestičních transferů poskytnutých městským částem – návrh rozpočtového opatření,https://apl.brno.cz/protokoly-zmb/zmb-z9-20/20241015-62-42936.html
Z9-20-066,Z9/20,2024-10-15,petr-borecky-1,Petr Bořecký,Lidovci a Starostové,Ano,Ano (VK),75ee30137c19cb76,ano,,"55. Návrh na poskytnutí individuální neinvestiční dotace z rozpočtu města Brna na rok 2024 organizaci Tyfloservis, o.p.s., návrh rozpočtového opatření",https://apl.brno.cz/protokoly-zmb/zmb-z9-20/20241015-66-43064.html
Z9-20-068,Z9/20,2024-10-15,petr-borecky-1,Petr Bořecký,Lidovci a Starostové,Ano,Ano (VK),2a60e604fddeb8b8,ano,,57. Návrh na poskytnutí individuálních neinvestičních dotací pro oblast tělovýchovy a sportu pro rok 2024 – II. kolo – návrh rozpočtového opatření,https://apl.brno.cz/protokoly-zmb/zmb-z9-20/20241015-68-43125.html
Z9-20-067,Z9/20,2024-10-15,petr-borecky-1,Petr Bořecký,Lidovci a Starostové,Ano,Ano (VK),3bfa0fc57f8ad96d,ano,,"56. Návrh na poskytnutí individuální neinvestiční dotace Fondu ohrožených dětí na projekt ""Klokánek FOD Brno – zařízení pro děti vyžadující okamžitou pomoc"" - návrh rozpočtového opatření",https://apl.brno.cz/protokoly-zmb/zmb-z9-20/20241015-67-43097.html
Z9-20-070,Z9/20,2024-10-15,petr-borecky-1,Petr Bořecký,Lidovci a Starostové,Ano,Ano (VK),de30e1cf1b41c019,ano,,59. Návrh na poskytnutí neinvestičních dotací na podporu významných sportovních akcí konaných ve městě Brně v roce 2024 – II. kolo – návrh rozpočtového opatření,https://apl.brno.cz/protokoly-zmb/zmb-z9-20/20241015-70-43184.html
Z9-20-069,Z9/20,2024-10-15,petr-borecky-1,Petr Bořecký,Lidovci a Starostové,Ano,Ano (VK),69a9d026b56e1fb6,ano,,58. Návrh na poskytnutí neinvestičních dotací na podporu sportovních odvětví v roce 2024 – návrh rozpočtového opatření,https://apl.brno.cz/protokoly-zmb/zmb-z9-20/20241015-69-43153.html
Z9-20-071,Z9/20,2024-10-15,petr-borecky-1,Petr Bořecký,Lidovci a Starostové,Ano,Ano (VK),177a6f5fd9ce2f63,ano,,"60. Návrh na poskytnutí účelového neinvestičního příspěvku Waldorfské škole Brno-střední škole, základní škole a mateřské škole, příspěvkové organizaci – návrh rozpočtového opatření",https://apl.brno.cz/protokoly-zmb/zmb-z9-20/20241015-71-43335.html
Z9-20-072,Z9/20,2024-10-15,petr-borecky-1,Petr Bořecký,Lidovci a Starostové,Ano,Ano (VK),8609a26f6e1ab1c0,ano,,61. Návrh na změnu účelu použití částí neinvestičních a investičních transferů poskytnutých městským částem na rok 2024 – návrh rozpočtového opatření,https://apl.brno.cz/protokoly-zmb/zmb-z9-20/20241015-72-43363.html
Z9-20-074,Z9/20,2024-10-15,petr-borecky-1,Petr Bořecký,Lidovci a Starostové,Ano,Ano (VK),f0e990a3d7a61608,ano,,63. Návrh na poskytnutí individuální neinvestiční dotace na projekt Comic-Con Junior,https://apl.brno.cz/protokoly-zmb/zmb-z9-20/20241015-74-43434.html
Z9-20-075,Z9/20,2024-10-15,petr-borecky-1,Petr Bořecký,Lidovci a Starostové,Ano,Ano (VK),0926caaab00f7491,ano,,64. Návrh na poskytnutí neinvestiční dotace na zajištění provozu Realitní společnosti města Brna a. s.,https://apl.brno.cz/protokoly-zmb/zmb-z9-20/20241015-75-43464.html
Z9-20-076,Z9/20,2024-10-15,petr-borecky-1,Petr Bořecký,Lidovci a Starostové,Ano,Ano (VK),6b36dd43cd741b45,ano,,66. Návrh Smlouvy o poskytnutí investičního příspěvku „Nová Zbrojovka – objekt G“,https://apl.brno.cz/protokoly-zmb/zmb-z9-20/20241015-76-43496.html
Z9-20-077,Z9/20,2024-10-15,petr-borecky-1,Petr Bořecký,Lidovci a Starostové,Nehlasoval,Nehlasoval (VK),b0e28577fc98710b,ano,,"67. Návrh smlouvy o poskytnutí dotace Moravian Science Centre Brno, příspěvkové organizaci, na spolufinancování VIDA! science centra v období od 1. 1. 2025 do 31. 12. 2025 - var. A",https://apl.brno.cz/protokoly-zmb/zmb-z9-20/20241015-77-43616.html
Z9-20-078,Z9/20,2024-10-15,petr-borecky-1,Petr Bořecký,Lidovci a Starostové,Ano,Ano (VK),314da3a0880463af,ano,,"67. Návrh smlouvy o poskytnutí dotace Moravian Science Centre Brno, příspěvkové organizaci, na spolufinancování VIDA! science centra v období od 1. 1. 2025 do 31. 12. 2025 - var. B",https://apl.brno.cz/protokoly-zmb/zmb-z9-20/20241015-78-43645.html
Z9-20-079,Z9/20,2024-10-15,petr-borecky-1,Petr Bořecký,Lidovci a Starostové,Ano,Ano (VK),5b44468ffdb7fccf,ano,,68. Projekty financované z Fondu kofinancování projektů – říjen 2024 – návrh rozpočtového opatření,https://apl.brno.cz/protokoly-zmb/zmb-z9-20/20241015-79-43682.html
Z9-20-080,Z9/20,2024-10-15,petr-borecky-1,Petr Bořecký,Lidovci a Starostové,Ano,Ano (VK),c08ec11aed542338,ano,,69. Finanční prostředky Fondu kofinancování projektů – říjen 2024 – návrh rozpočtového opatření,https://apl.brno.cz/protokoly-zmb/zmb-z9-20/20241015-80-43713.html
Z9-20-081,Z9/20,2024-10-15,petr-borecky-1,Petr Bořecký,Lidovci a Starostové,Ano,Ano (VK),66559ecba316c924,ano,,"70. Projekt ""Výstavba MŠ Šámalova"" – rozhodnutí o poskytnutí dotace",https://apl.brno.cz/protokoly-zmb/zmb-z9-20/20241015-81-43745.html
Z9-20-082,Z9/20,2024-10-15,petr-borecky-1,Petr Bořecký,Lidovci a Starostové,Ano,Ano (VK),cc4ffefb33c1b80b,ano,,"71. Projekt ""MŠ Holásky – novostavba při ulici Tomáše Krumla, Brno"" - rozhodnutí o poskytnutí dotace",https://apl.brno.cz/protokoly-zmb/zmb-z9-20/20241015-82-43771.html
Z9-20-083,Z9/20,2024-10-15,petr-borecky-1,Petr Bořecký,Lidovci a Starostové,Ano,Ano (VK),21090d525cf98dc7,ano,,"72. Projekt ""Výstavba budovy mateřské školy, školní družiny a úprava přilehlého školního hřiště v areálu ZŠ Přemyslovo náměstí 1"" – rozhodnutí o poskytnutí dotace",https://apl.brno.cz/protokoly-zmb/zmb-z9-20/20241015-83-43798.html
Z9-20-085,Z9/20,2024-10-15,petr-borecky-1,Petr Bořecký,Lidovci a Starostové,Ano,Ano (VK),f0ed9a5f147abab1,ano,,"74. Projekt ""Revitalizace Žebětínského rybníka"" – návrh smlouvy o poskytnutí dotace",https://apl.brno.cz/protokoly-zmb/zmb-z9-20/20241015-85-43855.html
Z9-20-084,Z9/20,2024-10-15,petr-borecky-1,Petr Bořecký,Lidovci a Starostové,Ano,Ano (VK),d536ae3bc2ae06c4,ano,,"73. Projekt ""Přístavba Logopedické třídy MŠ Hatě Brno Ivanovice, Hatě 81/19"" – rozhodnutí o poskytnutí dotace",https://apl.brno.cz/protokoly-zmb/zmb-z9-20/20241015-84-43825.html
Z9-20-086,Z9/20,2024-10-15,petr-borecky-1,Petr Bořecký,Lidovci a Starostové,Ano,Ano (VK),5924687f1578a3d8,ano,,"75. Projekt ""Rosteme s uměním"" – posouzení projektu, návrh rozpočtového opatření",https://apl.brno.cz/protokoly-zmb/zmb-z9-20/20241015-86-43887.html
Z9-20-087,Z9/20,2024-10-15,petr-borecky-1,Petr Bořecký,Lidovci a Starostové,Ano,Ano (VK),131fbff2cd4f45b8,ano,,"76. Projekt ""Vstupní objekt s parkovištěm pro Zoo Brno – 1. etapa"" – posouzení projektu",https://apl.brno.cz/protokoly-zmb/zmb-z9-20/20241015-87-43916.html
Z9-20-088,Z9/20,2024-10-15,petr-borecky-1,Petr Bořecký,Lidovci a Starostové,Ano,Ano (VK),0a62b30781f71749,ano,,"77. Projekt ""Obnova vodní nádrže U Panenky Marie, k. ú. Bosonohy"" – posouzení projektu",https://apl.brno.cz/protokoly-zmb/zmb-z9-20/20241015-88-43944.html
Z9-20-089,Z9/20,2024-10-15,petr-borecky-1,Petr Bořecký,Lidovci a Starostové,Ano,Ano (VK),93d7a1d6e5c844a4,ano,,"78. Projekt ""Bosonožské náměstí – úprava veřejného prostranství"" – změna parametrů posouzení projektu",https://apl.brno.cz/protokoly-zmb/zmb-z9-20/20241015-89-43972.html
Z9-20-091,Z9/20,2024-10-15,petr-borecky-1,Petr Bořecký,Lidovci a Starostové,Ano,Ano (VK),2b44b62e05c32716,ano,,80. Přehled bytů poskytnutých v celoměstském zájmu za 1. pololetí roku 2024,https://apl.brno.cz/protokoly-zmb/zmb-z9-20/20241015-91-44032.html
Z9-20-090,Z9/20,2024-10-15,petr-borecky-1,Petr Bořecký,Lidovci a Starostové,Ano,Ano (VK),cfc9875930c734b6,ano,,"79. Projekt ""Interoperabilita a eHealth Úrazové nemocnice v Brně"" – návrh pověřovacího aktu",https://apl.brno.cz/protokoly-zmb/zmb-z9-20/20241015-90-44001.html
Z9-20-092,Z9/20,2024-10-15,petr-borecky-1,Petr Bořecký,Lidovci a Starostové,Ano,Ano (VK),49f2235cc59ac9a9,ano,,81. Návrh rozpočtového opatření – Aktualizace očekávaného čerpání rozpočtu kapitálových a běžných výdajů Fondu bytové výstavby v roce 2024,https://apl.brno.cz/protokoly-zmb/zmb-z9-20/20241015-92-44067.html
Z9-20-093,Z9/20,2024-10-15,petr-borecky-1,Petr Bořecký,Lidovci a Starostové,Ano,Ano (VK),fe2c8745d4114196,ano,,"82. Návrh rozpočtového opatření v souvislosti s vrácením finančních prostředků poskytnutých městské části Brno-Královo Pole z Fondu bytové výstavby na akci ""BD Veleslavínova 1 - úpravy bytového domu, 7 b. j.""",https://apl.brno.cz/protokoly-zmb/zmb-z9-20/20241015-93-44100.html
Z9-20-096,Z9/20,2024-10-15,petr-borecky-1,Petr Bořecký,Lidovci a Starostové,Ano,Ano (VK),6b87e2cec31dd4b8,ano,,112. Návrh směny pozemků v k. ú. Žebětín,https://apl.brno.cz/protokoly-zmb/zmb-z9-20/20241015-96-44321.html
Z9-20-094,Z9/20,2024-10-15,petr-borecky-1,Petr Bořecký,Lidovci a Starostové,Ano,Ano (VK),a818a717f359165e,ano,,"83. Návrh na odnětí svěřeného nemovitého majetku města městské části Brno-střed, 2 jednotek v domech Dřevařská 31 a Dřevařská 33 v k. ú. Veveří",https://apl.brno.cz/protokoly-zmb/zmb-z9-20/20241015-94-44129.html
Z9-20-095,Z9/20,2024-10-15,petr-borecky-1,Petr Bořecký,Lidovci a Starostové,Ano,Ano (VK),b35ffb3d466f4393,ano,,Body č. 84-111,https://apl.brno.cz/protokoly-zmb/zmb-z9-20/20241015-95-44281.html
Z9-20-097,Z9/20,2024-10-15,petr-borecky-1,Petr Bořecký,Lidovci a Starostové,Ano,Ano (VK),c3faf4fe9a8b5a46,ano,,113. Návrh na uzavření dodatku č. 1 ke smlouvě o budoucí směnné smlouvě č. 6321072538 ze dne 06.09.2021,https://apl.brno.cz/protokoly-zmb/zmb-z9-20/20241015-97-44353.html
Z9-20-098,Z9/20,2024-10-15,petr-borecky-1,Petr Bořecký,Lidovci a Starostové,Ano,Ano (VK),6fcc0a3343c65dd8,ano,,Body č. 114-115,https://apl.brno.cz/protokoly-zmb/zmb-z9-20/20241015-98-44410.html
Z9-20-099,Z9/20,2024-10-15,petr-borecky-1,Petr Bořecký,Lidovci a Starostové,Ano,Ano (VK),e4aa424c80fc18bb,ano,,"116. Návrh svěření majetku města městské části Brno-Tuřany, pozemku p. č. 140,k. ú.Dvorska včetně stavby bez čp/če, pozemku p. č. 128 k. ú. Holásky včetně stavby bez čp/če",https://apl.brno.cz/protokoly-zmb/zmb-z9-20/20241015-99-44446.html
Z9-20-100,Z9/20,2024-10-15,petr-borecky-1,Petr Bořecký,Lidovci a Starostové,Ano,Ano (VK),6c35bcd9f172608a,ano,,"117. Návrh svěření majetku města Brna městské části Brno-Líšeň, pozemku p. č. 3873,k. ú. Líšeň",https://apl.brno.cz/protokoly-zmb/zmb-z9-20/20241015-100-44502.html
Z9-20-101,Z9/20,2024-10-15,petr-borecky-1,Petr Bořecký,Lidovci a Starostové,Ano,Ano (VK),8e6497fddaebe390,ano,,Body č. 118-119,https://apl.brno.cz/protokoly-zmb/zmb-z9-20/20241015-101-44530.html
Z9-20-102,Z9/20,2024-10-15,petr-borecky-1,Petr Bořecký,Lidovci a Starostové,Ano,Ano (VK),a43815cd5c0cd5db,ano,,120. Návrh Smlouvy o spolupráci při výstavbě veřejné infrastruktury „Nová Zbrojovka – objekt H“,https://apl.brno.cz/protokoly-zmb/zmb-z9-20/20241015-102-44734.html
Z9-20-103,Z9/20,2024-10-15,petr-borecky-1,Petr Bořecký,Lidovci a Starostové,Ano,Ano (VK),c00f7834efb993b3,ano,,"121. Projekt ""Akademické náměstí včetně parkovacího domu"" - návrh dodatku č. 1 ke smlouvě o právu provést stavbu a vypořádání pozemků pod stavbou",https://apl.brno.cz/protokoly-zmb/zmb-z9-20/20241015-103-44763.html
Z9-20-104,Z9/20,2024-10-15,petr-borecky-1,Petr Bořecký,Lidovci a Starostové,Ano,Ano (VK),bc9e64b157097c11,ano,,122. Návrh Dodatku č. 2 ke Smlouvě o výstavbě veřejné infrastruktury „Polyfunkční dům Železniční Brno-Komárov“,https://apl.brno.cz/protokoly-zmb/zmb-z9-20/20241015-104-44790.html
Z9-18-002,Z9/18,2024-06-18,petr-borecky-1,Petr Bořecký,Lidovci a Starostové,Ano,Ano,80b475617f86eb4c,ano,,"1. Technický bod (zapisovatelé, právní asistence, ověřovatelé zápisu, schválení programu zasedání ZMB) - program",https://apl.brno.cz/protokoly-zmb/zmb-z9-18/20240618-2-29798.html
Z9-18-003,Z9/18,2024-06-18,petr-borecky-1,Petr Bořecký,Lidovci a Starostové,Ano,Ano,11147acf91d86665,ano,,"1. Technický bod (zapisovatelé, právní asistence, ověřovatelé zápisu, schválení programu zasedání ZMB) - program - hlasování o stažení bodu č. 8, 93, 108, 149",https://apl.brno.cz/protokoly-zmb/zmb-z9-18/20240618-3-29854.html
Z9-18-001,Z9/18,2024-06-18,petr-borecky-1,Petr Bořecký,Lidovci a Starostové,Ano,Ano,7a624c4e3832caa0,ano,,"1. Technický bod (zapisovatelé, právní asistence, ověřovatelé zápisu, schválení programu zasedání ZMB) - ověřovatelé zápisu",https://apl.brno.cz/protokoly-zmb/zmb-z9-18/20240618-1-29489.html
Z9-18-004,Z9/18,2024-06-18,petr-borecky-1,Petr Bořecký,Lidovci a Starostové,Ano,Ano,93f5ed9e2f8cf728,ano,,"1. Technický bod (zapisovatelé, právní asistence, ověřovatelé zápisu, schválení programu zasedání ZMB) - program - hlasování o zařazení bodu č. 166, 167, 168",https://apl.brno.cz/protokoly-zmb/zmb-z9-18/20240618-4-29891.html
Z9-18-005,Z9/18,2024-06-18,petr-borecky-1,Petr Bořecký,Lidovci a Starostové,Ano,Ano,6a3f4b72cd7651a3,ano,,"1. Technický bod (zapisovatelé, právní asistence, ověřovatelé zápisu, schválení programu zasedání ZMB) - program",https://apl.brno.cz/protokoly-zmb/zmb-z9-18/20240618-5-30073.html
Z9-18-006,Z9/18,2024-06-18,petr-borecky-1,Petr Bořecký,Lidovci a Starostové,Ano,Ano,aa8753c55aa919a2,ano,,"5. Návrh na pojmenování nových ulic, návrh na pojmenování prodloužení stávající ulice a návrh na pojmenování nábřeží, vše na území města Brna",https://apl.brno.cz/protokoly-zmb/zmb-z9-18/20240618-6-30125.html
Z9-18-007,Z9/18,2024-06-18,petr-borecky-1,Petr Bořecký,Lidovci a Starostové,Ano,Ano,443fad4a9178671c,ano,,"6. Návrh obecně závazné vyhlášky statutárního města Brna, kterou se mění obecně závazná vyhláška statutárního města Brna č. 11/2017, o nočním klidu, ve znění pozdějších vyhlášek",https://apl.brno.cz/protokoly-zmb/zmb-z9-18/20240618-7-30187.html
Z9-18-008,Z9/18,2024-06-18,petr-borecky-1,Petr Bořecký,Lidovci a Starostové,Ano,Ano,7013a222e988fa56,ano,,"9. Návrh obecně závazné vyhlášky statutárního města Brna, kterou se mění obecně závazná vyhláška statutárního města Brna č. 26/2023, o místních poplatcích, vč.",https://apl.brno.cz/protokoly-zmb/zmb-z9-18/20240618-8-30508.html
Z9-18-009,Z9/18,2024-06-18,petr-borecky-1,Petr Bořecký,Lidovci a Starostové,Ano,Ano,f91e96f499979cbe,ano,,"7. Návrh obecně závazné vyhlášky statutárního města Brna, kterou se mění obecně závazná vyhláška statutárního města Brna č. 9/2017, o pravidlech pro pohyb psů, ve znění pozdějších vyhlášek",https://apl.brno.cz/protokoly-zmb/zmb-z9-18/20240618-9-30566.html
Z9-18-010,Z9/18,2024-06-18,petr-borecky-1,Petr Bořecký,Lidovci a Starostové,Ano,Ano,4437590f225eb444,ano,,10. Finanční hospodaření dobrovolného svazku obcí České dědictví UNESCO za rok 2023,https://apl.brno.cz/protokoly-zmb/zmb-z9-18/20240618-10-32470.html
Z9-18-011,Z9/18,2024-06-18,petr-borecky-1,Petr Bořecký,Lidovci a Starostové,Ano,Ano,747f2114f5e275fb,ano,,"12. Projekt OHB II – linka K1 (SAKO Brno, a. s.) – informace o plnění Koncernového pokynu č. 4/2023 ze dne 06.12.2023",https://apl.brno.cz/protokoly-zmb/zmb-z9-18/20240618-11-35225.html
Z9-18-012,Z9/18,2024-06-18,petr-borecky-1,Petr Bořecký,Lidovci a Starostové,Ano,Ano,2e9bb9648c8d715e,ano,,13. Výsledky hospodaření statutárního města Brna za I. čtvrtletí roku 2024,https://apl.brno.cz/protokoly-zmb/zmb-z9-18/20240618-12-35267.html
Z9-18-013,Z9/18,2024-06-18,petr-borecky-1,Petr Bořecký,Lidovci a Starostové,Ano,Ano,77ab966439f71daa,ano,,"14. Návrh harmonogramu přípravy návrhu rozpočtu statutárního města Brna na rok 2025, návrh rozsahu a struktury návrhu střednědobého výhledu rozpočtu statutárního města Brna na období 2026-2030",https://apl.brno.cz/protokoly-zmb/zmb-z9-18/20240618-13-35315.html
Z9-18-015,Z9/18,2024-06-18,petr-borecky-1,Petr Bořecký,Lidovci a Starostové,Ano,Ano,2d442106ba32c387,ano,,16. Návrh na použití zdrojů Fondu mobility – návrh rozpočtového opatření,https://apl.brno.cz/protokoly-zmb/zmb-z9-18/20240618-15-35381.html
Z9-18-016,Z9/18,2024-06-18,petr-borecky-1,Petr Bořecký,Lidovci a Starostové,Ano,Ano,330527b3e9cfe909,ano,,17. Realizace bezbariérových úprav – návrh rozpočtového opatření,https://apl.brno.cz/protokoly-zmb/zmb-z9-18/20240618-16-35418.html
Z9-18-018,Z9/18,2024-06-18,petr-borecky-1,Petr Bořecký,Lidovci a Starostové,Ano,Ano,1d75e4f8efb9c7d0,ano,,"19. Aktualizace rozpočtu Odboru participace MMB a zapojení nedočerpaných výdajů na PARO projekty z?roku 2023 do rozpočtu města Brna na rok 2024, návrh rozpočtového opatření",https://apl.brno.cz/protokoly-zmb/zmb-z9-18/20240618-18-35492.html
Z9-18-019,Z9/18,2024-06-18,petr-borecky-1,Petr Bořecký,Lidovci a Starostové,Ano,Ano,e4e67807221d8345,ano,,"20. Zapojení FRR na krytí běžných výdajů a dotací DPMB, a. s., aktualizace rozpočtu běžných a kapitálových výdajů Odboru dopravy MMB a Odboru investičního MMB – návrh rozpočtového opatření",https://apl.brno.cz/protokoly-zmb/zmb-z9-18/20240618-19-35550.html
Z9-18-020,Z9/18,2024-06-18,petr-borecky-1,Petr Bořecký,Lidovci a Starostové,Ano,Ano,ef5985277267a6be,ano,,"21. Přesun běžných a kapitálových výdajů v rámci rozpočtu Odboru správy majetku MMB, návrh rozpočtového opatření",https://apl.brno.cz/protokoly-zmb/zmb-z9-18/20240618-20-35582.html
Z9-18-021,Z9/18,2024-06-18,petr-borecky-1,Petr Bořecký,Lidovci a Starostové,Ano,Ano,4d4ad32cc0d46654,ano,,"22. Přesun běžných a kapitálových výdajů v rámci rozpočtu Odboru vnitřních věcí MMB, návrh rozpočtového opatření",https://apl.brno.cz/protokoly-zmb/zmb-z9-18/20240618-21-35620.html
Z9-18-022,Z9/18,2024-06-18,petr-borecky-1,Petr Bořecký,Lidovci a Starostové,Ano,Ano,88c74970f5793d38,ano,,"23. Zapojení vyšších příjmů roku 2024 a přesun běžných výdajů v rámci rozpočtu Odboru správy majetku, návrh rozpočtového opatření",https://apl.brno.cz/protokoly-zmb/zmb-z9-18/20240618-22-35663.html
Z9-18-023,Z9/18,2024-06-18,petr-borecky-1,Petr Bořecký,Lidovci a Starostové,Ano,Ano,1fd0b974d5dc58f1,ano,,24. Zapojení vyšších příjmů Odboru strategického rozvoje a spolupráce MMB na úhradu přeplatků za energie a služby nájemcům v areálu Vysokého učení technického v Brně – návrh rozpočtového opatření,https://apl.brno.cz/protokoly-zmb/zmb-z9-18/20240618-23-35711.html
Z9-18-024,Z9/18,2024-06-18,petr-borecky-1,Petr Bořecký,Lidovci a Starostové,Ano,Ano,5c4d0c0ec9c21a20,ano,,25. Zapojení volných zdrojů minulých let do rozpočtu Odboru vnitřních věcí MMB v roce 2024 – návrh rozpočtového opatření,https://apl.brno.cz/protokoly-zmb/zmb-z9-18/20240618-24-35755.html
Z9-18-025,Z9/18,2024-06-18,petr-borecky-1,Petr Bořecký,Lidovci a Starostové,Ano,Ano,236fccbacf2709a1,ano,,"26. Zapojení Fondu rezerv a rozvoje v souvislosti s poskytnutím účelového neinvestičního příspěvku Muzeu města Brna, příspěvkové organizaci, na zajištění projektu ""Art protis 60 let brněnské legendy"" v roce 2024 – návrh rozpočtového opatření",https://apl.brno.cz/protokoly-zmb/zmb-z9-18/20240618-25-35800.html
Z9-18-026,Z9/18,2024-06-18,petr-borecky-1,Petr Bořecký,Lidovci a Starostové,Ano,Ano,b71c596505ff68ad,ano,,"27. Zapojení Fondu rezerv a rozvoje v souvislosti s poskytnutím účelových neinvestičních příspěvků Filharmonii Brno, příspěvkové organizaci, v roce 2024- návrh rozpočtového opatření",https://apl.brno.cz/protokoly-zmb/zmb-z9-18/20240618-26-36797.html
Z9-18-027,Z9/18,2024-06-18,petr-borecky-1,Petr Bořecký,Lidovci a Starostové,Ano,Ano,2d4946e415bbddc0,ano,,"28. Zapojení Fondu rezerv a rozvoje v souvislosti s poskytnutím příspěvků Muzeu města Brna, příspěvkové organizaci na rekonstrukci a revitalizaci zahrady Arnoldovy vily a na údržbu a správu ploch u Arnoldovy vily v roce 2024 – návrh rozpočtového opatření",https://apl.brno.cz/protokoly-zmb/zmb-z9-18/20240618-27-36841.html
Z9-18-028,Z9/18,2024-06-18,petr-borecky-1,Petr Bořecký,Lidovci a Starostové,Ano,Ano,0da30c27b1b590f3,ano,,"29. Zapojení Fondu rezerv a rozvoje v souvislosti s návrhem Dodatku č. 1 ke Smlouvě o poskytnutí dotace spolku Ensemble Opera Diversa, z. s., na realizaci projektu ""Divadlo Diversa"" – návrh rozpočtového opatření",https://apl.brno.cz/protokoly-zmb/zmb-z9-18/20240618-28-36881.html
Z9-18-029,Z9/18,2024-06-18,petr-borecky-1,Petr Bořecký,Lidovci a Starostové,Ano,Ano,3a9d0e0408dbea25,ano,,"30. Zapojení Fondu rezerv a rozvoje v souvislosti s předfinancováním doplatku grantu v souladu s Grantovou dohodou pro projekt s více příjemci v rámci programu ERASMUS+, návrh rozpočtového opatření",https://apl.brno.cz/protokoly-zmb/zmb-z9-18/20240618-29-36917.html
Z9-18-030,Z9/18,2024-06-18,petr-borecky-1,Petr Bořecký,Lidovci a Starostové,Ano,Ano,43eb3b1f3aed7466,ano,,31. Zapojení Fondu rezerv a rozvoje v souvislosti s poskytnutím investičního transferu městské části Brno-Řečkovice a Mokrá Hora – návrh rozpočtového opatření,https://apl.brno.cz/protokoly-zmb/zmb-z9-18/20240618-30-36950.html
Z9-18-031,Z9/18,2024-06-18,petr-borecky-1,Petr Bořecký,Lidovci a Starostové,Ano,Ano,b0af81a0be69d7ca,ano,,"32. Zapojení Fondu rezerv a rozvoje v souvislosti s poskytnutím individuální investiční dotace spolku FC Svratka Brno, z. s., na rekonstrukci fotbalového hřiště FC Svratka Brno v Brně-Žabovřeskách – návrh rozpočtového opatření",https://apl.brno.cz/protokoly-zmb/zmb-z9-18/20240618-31-36986.html
Z9-18-032,Z9/18,2024-06-18,petr-borecky-1,Petr Bořecký,Lidovci a Starostové,Ano,Ano,c870ea1595c950c9,ano,,"33. Zapojení Fondu rezerv a rozvoje v souvislosti s poskytnutím individuální investiční dotace spolku FBŠ Hattrick Brno, z. s., na vybudování multifunkční sportovní plochy v areálu TJ Start Brno na ul. Loosova 1b, Brno – návrh rozpočtového opatření",https://apl.brno.cz/protokoly-zmb/zmb-z9-18/20240618-32-37025.html
Z9-20-105,Z9/20,2024-10-15,petr-borecky-1,Petr Bořecký,Lidovci a Starostové,Ano,Ano (VK),77458d6c50b353aa,ano,,"123. Návrh odnětí svěřeného majetku města městské části Brno-sever, pozemku p. č. 1643/7, k. ú. Černá Pole",https://apl.brno.cz/protokoly-zmb/zmb-z9-20/20241015-105-44822.html
Z9-18-014,Z9/18,2024-06-18,petr-borecky-1,Petr Bořecký,Lidovci a Starostové,Ano,Ano,fa99e95cee459840,ano,,15. Návrh Změny č. 3 Dotačních pravidel,https://apl.brno.cz/protokoly-zmb/zmb-z9-18/20240618-14-35348.html
Z9-18-017,Z9/18,2024-06-18,petr-borecky-1,Petr Bořecký,Lidovci a Starostové,Ano,Ano,14144e0f177b90d3,ano,,18. Aktualizace rozpočtu Odboru investičního MMB – červen 2024 – návrh rozpočtového opatření,https://apl.brno.cz/protokoly-zmb/zmb-z9-18/20240618-17-35454.html
Z9-18-036,Z9/18,2024-06-18,petr-borecky-1,Petr Bořecký,Lidovci a Starostové,Ano,Ano,84df67f3497eea54,ano,,37. Návrh na poskytnutí investičních dotací v rámci dotačního programu Podpora vytváření zelených střech,https://apl.brno.cz/protokoly-zmb/zmb-z9-18/20240618-36-37312.html
Z9-18-037,Z9/18,2024-06-18,petr-borecky-1,Petr Bořecký,Lidovci a Starostové,Ano,Ano,325d4452b824bee4,ano,,"38. Návrh na poskytnutí individuální účelové neinvestiční dotace Územnímu sdružení Českého zahrádkářského svazu Brno-město na podporu zahrádkářských akcí, vzdělávacích aktivit a zapojení dětí a mládeže – návrh smlouvy a rozpočtového opatření",https://apl.brno.cz/protokoly-zmb/zmb-z9-18/20240618-37-37351.html
Z9-18-038,Z9/18,2024-06-18,petr-borecky-1,Petr Bořecký,Lidovci a Starostové,Ano,Ano,49acf22ef8cbfeab,ano,,"39. Návrh na poskytnutí individuální neinvestiční dotace KOMETA GROUP, spolek na zabezpečení projektu „Podpora Akademie v rámci HC KOMETA BRNO“ v roce 2024",https://apl.brno.cz/protokoly-zmb/zmb-z9-18/20240618-38-37436.html
Z9-18-039,Z9/18,2024-06-18,petr-borecky-1,Petr Bořecký,Lidovci a Starostové,Ano,Ano,9835b596678b5d60,ano,,40. Návrh na poskytnutí individuálních neinvestičních a investičních dotací pro oblast tělovýchovy a sportu pro rok 2024 – I. kolo – návrh rozpočtového opatření,https://apl.brno.cz/protokoly-zmb/zmb-z9-18/20240618-39-37479.html
Z9-18-040,Z9/18,2024-06-18,petr-borecky-1,Petr Bořecký,Lidovci a Starostové,Ano,Ano,537fa6591de2f556,ano,,41. Návrh na poskytnutí individuální investiční dotace z rozpočtu města Brna na realizaci pamětní desky věnované Oto Mádrovi a spol.; návrh rozpočtového opatření,https://apl.brno.cz/protokoly-zmb/zmb-z9-18/20240618-40-37527.html
Z9-18-041,Z9/18,2024-06-18,petr-borecky-1,Petr Bořecký,Lidovci a Starostové,Ano,Ano,f6f29ffb38e0adbf,ano,,"42. Návrh na poskytnutí individuální neinvestiční dotace Národnímu institutu nápomoci, zastoupení, opatrovnictví a péče České republiky, z. ú., na předložený projekt – návrh rozpočtového opatření",https://apl.brno.cz/protokoly-zmb/zmb-z9-18/20240618-41-37566.html
Z9-18-042,Z9/18,2024-06-18,petr-borecky-1,Petr Bořecký,Lidovci a Starostové,Ano,Ano,0ff7c81414e010d9,ano,,"43. Návrh na poskytnutí účelového neinvestičního příspěvku Waldorfské škole Brno-střední škole, základní škole a mateřské škole, příspěvkové organizaci – návrh rozpočtového opatření",https://apl.brno.cz/protokoly-zmb/zmb-z9-18/20240618-42-37600.html
Z9-18-044,Z9/18,2024-06-18,petr-borecky-1,Petr Bořecký,Lidovci a Starostové,Ano,Ano,517254a18be41c61,ano,,"44. Návrh na poskytnutí neinvestičních příspěvků základním školám na realizaci projektu ""Participace ve školách"" – návrh rozpočtového opatření",https://apl.brno.cz/protokoly-zmb/zmb-z9-18/20240618-44-40375.html
Z9-18-045,Z9/18,2024-06-18,petr-borecky-1,Petr Bořecký,Lidovci a Starostové,Ano,Ano,9cb30b4f8ca8b869,ano,,45. Návrh na poskytnutí neinvestičních transferů městským částem za účelem úhrady provozních nákladů středisek volného času – návrh rozpočtového opatření,https://apl.brno.cz/protokoly-zmb/zmb-z9-18/20240618-45-40473.html
Z9-18-033,Z9/18,2024-06-18,petr-borecky-1,Petr Bořecký,Lidovci a Starostové,Ano,Ano,92ac1f609795f19a,ano,,"34. Zapojení Fondu rezerv a rozvoje na krytí nákladů investiční akce ""Domov pro seniory Brno, Nopova"" - návrh rozpočtového opatření",https://apl.brno.cz/protokoly-zmb/zmb-z9-18/20240618-33-37061.html
Z9-18-047,Z9/18,2024-06-18,petr-borecky-1,Petr Bořecký,Lidovci a Starostové,Nehlasoval,Nehlasoval,320e5a798637dca0,ano,,"47. Návrh na poskytnutí neinvestičního příspěvku Hvězdárně a planetáriu Brno, příspěvkové organizaci – návrh rozpočtového opatření",https://apl.brno.cz/protokoly-zmb/zmb-z9-18/20240618-47-40549.html
Z9-18-048,Z9/18,2024-06-18,petr-borecky-1,Petr Bořecký,Lidovci a Starostové,Ano,Ano,9f483032b9ebee8d,ano,,48. Návrh na změnu účelu použití částí investičních transferů a neinvestičního transferu poskytnutých městským částem na rok 2024 – návrh rozpočtového opatření,https://apl.brno.cz/protokoly-zmb/zmb-z9-18/20240618-48-40583.html
Z9-18-049,Z9/18,2024-06-18,petr-borecky-1,Petr Bořecký,Lidovci a Starostové,Ano,Ano,905baae5445ac757,ano,,"49. Návrh na změnu účelu investičního příspěvku Divadlu Radost, příspěvkové organizaci v roce 2024",https://apl.brno.cz/protokoly-zmb/zmb-z9-18/20240618-49-40615.html
Z9-18-034,Z9/18,2024-06-18,petr-borecky-1,Petr Bořecký,Lidovci a Starostové,Ano,Ano,731d742329687ad6,ano,,"35. Zapojení Fondu rezerv a rozvoje v souvislosti s poskytnutím investičních příspěvků Zoo Brno a stanici zájmových činností, příspěvkové organizaci – návrh rozpočtového opatření",https://apl.brno.cz/protokoly-zmb/zmb-z9-18/20240618-34-37226.html
Z9-18-051,Z9/18,2024-06-18,petr-borecky-1,Petr Bořecký,Lidovci a Starostové,Ano,Ano,8b4151b6bafb2ca5,ano,,51. Návrh Dodatku č. 1 ke Smlouvě o poskytnutí investičního příspěvku „Komplex Centropolis“,https://apl.brno.cz/protokoly-zmb/zmb-z9-18/20240618-51-40679.html
Z9-18-052,Z9/18,2024-06-18,petr-borecky-1,Petr Bořecký,Lidovci a Starostové,Ano,Ano,177bb6fe0952ba99,ano,,"52. Návrh smlouvy o poskytnutí individuální neinvestiční dotace Brno CreativeDays s. r. o. na realizaci projektu „Brno CreativeDays 2024""",https://apl.brno.cz/protokoly-zmb/zmb-z9-18/20240618-52-40727.html
Z9-18-053,Z9/18,2024-06-18,petr-borecky-1,Petr Bořecký,Lidovci a Starostové,Ano,Ano,0b158a0a845fe8ae,ano,,"53. Návrh smlouvy o poskytnutí individuální neinvestiční dotace organizaci JCMM, z. s. p. o., na projekt ""Brno Ph.D. Talent, Výzva 2024"" – návrh rozpočtového opatření",https://apl.brno.cz/protokoly-zmb/zmb-z9-18/20240618-53-40755.html
Z9-18-054,Z9/18,2024-06-18,petr-borecky-1,Petr Bořecký,Lidovci a Starostové,Ano,Ano,c9aa251f892907d2,ano,,"54. Návrh prodloužení realizace projektu, návrh dodatku č. 2 ke smlouvě o poskytnutí dotace z rozpočtu města Brna na rok 2023 uzavřené s Martinem Reinerem",https://apl.brno.cz/protokoly-zmb/zmb-z9-18/20240618-54-40787.html
Z9-18-055,Z9/18,2024-06-18,petr-borecky-1,Petr Bořecký,Lidovci a Starostové,Ano,Ano,26a7d43d373ef6e8,ano,,"55. Návrh na uzavření dodatku ke smlouvě o poskytnutí individuální investiční dotace společnosti STAREZ-SPORT, a. s., na realizaci projektu „Rekonstrukce ledové plochy haly Rondo“",https://apl.brno.cz/protokoly-zmb/zmb-z9-18/20240618-55-40838.html
Z9-18-035,Z9/18,2024-06-18,petr-borecky-1,Petr Bořecký,Lidovci a Starostové,Ano,Ano,d7d17d325935b372,ano,,"36. Návrh na založení spolku ""H2vBrně z. s."", zapojení Fondu rezerv a rozvoje do rozpočtu Odboru vnitřních věcí MMB, návrh rozpočtového opatření",https://apl.brno.cz/protokoly-zmb/zmb-z9-18/20240618-35-37278.html
Z9-18-056,Z9/18,2024-06-18,petr-borecky-1,Petr Bořecký,Lidovci a Starostové,Ano,Ano,d23daec398e58638,ano,,"56. Návrh Dodatku č. 5 ke Smlouvě o závazku veřejné služby a vyrovnávací platbě za jeho výkon uzavřené se STAREZ-SPORT, a. s.",https://apl.brno.cz/protokoly-zmb/zmb-z9-18/20240618-56-40868.html
Z9-18-058,Z9/18,2024-06-18,petr-borecky-1,Petr Bořecký,Lidovci a Starostové,Ano,Ano,aa237a595470b067,ano,,58. Návrh na uzavření dohody v rámci Programu Mobility sítě CultureNextCities Network,https://apl.brno.cz/protokoly-zmb/zmb-z9-18/20240618-58-40946.html
Z9-18-057,Z9/18,2024-06-18,petr-borecky-1,Petr Bořecký,Lidovci a Starostové,Ano,Ano,bb2c89c0349335a8,ano,,"57. Návrh Dodatku č. 1 k Memorandu o spolupráci mezi Českým svazem ledního hokeje z. s., KOMETA GROUP, spolek, Jihomoravským krajem a statutárním městem Brnem",https://apl.brno.cz/protokoly-zmb/zmb-z9-18/20240618-57-40915.html
Z9-18-046,Z9/18,2024-06-18,petr-borecky-1,Petr Bořecký,Lidovci a Starostové,Ano,Ano,2e3751446054dd65,ano,,46. Návrh na poskytnutí neinvestičního transferu městské části Brno-střed – návrh rozpočtového opatření,https://apl.brno.cz/protokoly-zmb/zmb-z9-18/20240618-46-40513.html
Z9-18-050,Z9/18,2024-06-18,petr-borecky-1,Petr Bořecký,Lidovci a Starostové,Ano,Ano,c30bec42e737cb2f,ano,,"50. Návrh na změnu účelu použití investičního transferu městské části Brno-Bohunice u akce “Zaizolování technické místnosti pod bazénem v objektu ZŠ Arménská 21“, návrh rozpočtového opatření",https://apl.brno.cz/protokoly-zmb/zmb-z9-18/20240618-50-40646.html
Z9-18-062,Z9/18,2024-06-18,petr-borecky-1,Petr Bořecký,Lidovci a Starostové,Ano,Ano,350eedb8a62ecba3,ano,,"62. Žádost společnosti Oční studio Aleš Žejdl s. r. o., o odpuštění části nájemného za užívání nebytových prostor v budově Nádražní 10, k. ú. Město Brno",https://apl.brno.cz/protokoly-zmb/zmb-z9-18/20240618-62-41289.html
Z9-18-059,Z9/18,2024-06-18,petr-borecky-1,Petr Bořecký,Lidovci a Starostové,Ano,Ano,b784c2315f584e59,ano,,"59. Návrh plné moci pro společnost KAVA, spol. s r.o.",https://apl.brno.cz/protokoly-zmb/zmb-z9-18/20240618-59-41188.html
Z9-18-060,Z9/18,2024-06-18,petr-borecky-1,Petr Bořecký,Lidovci a Starostové,Ano,Ano,724311b88c5af05c,ano,,"60. Brněnské vodárny a kanalizace, a. s. - smlouva o součinnosti – jednání o nové provozní smlouvě a zachování rozsahu činností",https://apl.brno.cz/protokoly-zmb/zmb-z9-18/20240618-60-41234.html
Z9-18-061,Z9/18,2024-06-18,petr-borecky-1,Petr Bořecký,Lidovci a Starostové,Ano,Ano,5fb7edac8ee751ef,ano,,"61. Žádost Masarykovy univerzity o prominutí nájemného v objektu Jakubské nám. 5 / Moravské nám. 3, k. ú. Město Brno",https://apl.brno.cz/protokoly-zmb/zmb-z9-18/20240618-61-41262.html
Z9-18-063,Z9/18,2024-06-18,petr-borecky-1,Petr Bořecký,Lidovci a Starostové,Ano,Ano,d4d43a6f49d08d9a,ano,,63. Projekty financované z Fondu kofinancování projektů – červen 2024 – návrh rozpočtového opatření,https://apl.brno.cz/protokoly-zmb/zmb-z9-18/20240618-63-41318.html
Z9-18-064,Z9/18,2024-06-18,petr-borecky-1,Petr Bořecký,Lidovci a Starostové,Ano,Ano,2b0f039afb2053f9,ano,,64. Finanční prostředky Fondu kofinancování projektů – červen 2024 – návrh rozpočtových opatření,https://apl.brno.cz/protokoly-zmb/zmb-z9-18/20240618-64-41345.html
Z9-18-065,Z9/18,2024-06-18,petr-borecky-1,Petr Bořecký,Lidovci a Starostové,Ano,Ano,4126110b69d55e0e,ano,,"65. Projekt ""Cyklostezka Valchařská – Olší (I. etapa)"" – posouzení projektu, návrh rozpočtového opatření",https://apl.brno.cz/protokoly-zmb/zmb-z9-18/20240618-65-41754.html
Z9-18-066,Z9/18,2024-06-18,petr-borecky-1,Petr Bořecký,Lidovci a Starostové,Ano,Ano,9676e7e5a5ff1bf3,ano,,"66. Projekt ""Výměna otvorových výplní v administrativní budově NDB, Dvořákova 11"" – posouzení projektu",https://apl.brno.cz/protokoly-zmb/zmb-z9-18/20240618-66-41782.html
Z9-18-067,Z9/18,2024-06-18,petr-borecky-1,Petr Bořecký,Lidovci a Starostové,Ano,Ano,a4d35f1acbd0ce1a,ano,,"67. Projekty ""Pořízení cisternové automobilové stříkačky pro JSDH – pro rok 2024"" – posouzení projektů",https://apl.brno.cz/protokoly-zmb/zmb-z9-18/20240618-67-41810.html
Z9-18-068,Z9/18,2024-06-18,petr-borecky-1,Petr Bořecký,Lidovci a Starostové,Ano,Ano,24710dfca72eac86,ano,,"68. Projekt ""Modernizace kuchyně ZŠ Milénova"" – posouzení projektu",https://apl.brno.cz/protokoly-zmb/zmb-z9-18/20240618-68-41838.html
Z9-18-069,Z9/18,2024-06-18,petr-borecky-1,Petr Bořecký,Lidovci a Starostové,Ano,Ano,e7a9ba85a565979b,ano,,"69. Projekt ""MŠ Holásky – novostavba při ulici Tomáše Krumla, Brno“ – změna parametrů posouzení projektu",https://apl.brno.cz/protokoly-zmb/zmb-z9-18/20240618-69-41866.html
Z9-18-070,Z9/18,2024-06-18,petr-borecky-1,Petr Bořecký,Lidovci a Starostové,Ano,Ano,a002289c0b711594,ano,,"70. Projekt ""Integrace cizinců ve městě Brně V."" – návrh smlouvy o partnerství",https://apl.brno.cz/protokoly-zmb/zmb-z9-18/20240618-70-41902.html
Z9-18-071,Z9/18,2024-06-18,petr-borecky-1,Petr Bořecký,Lidovci a Starostové,Ano,Ano,d30df2a314acebb1,ano,,"71. Projekt ""Rozvoj ITS v Brně, 1. etapa"" – návrh aktualizovaného znění rámcové smlouvy o financování projektu",https://apl.brno.cz/protokoly-zmb/zmb-z9-18/20240618-71-41933.html
Z9-18-072,Z9/18,2024-06-18,petr-borecky-1,Petr Bořecký,Lidovci a Starostové,Ano,Ano,436783640a982e09,ano,,"72. Záměr prodeje volné vymezené bytové jednotky č. 510/112 v domě Pavlovská 7, 9, 11, Brno",https://apl.brno.cz/protokoly-zmb/zmb-z9-18/20240618-72-41963.html
Z9-18-074,Z9/18,2024-06-18,petr-borecky-1,Petr Bořecký,Lidovci a Starostové,Ano,Ano,763e8d61cc255337,ano,,74. Žádost o prominutí dluhu za nájem bytu č. 7 v domě Dukelská třída 1658/88 v Brně,https://apl.brno.cz/protokoly-zmb/zmb-z9-18/20240618-74-42142.html
Z9-18-073,Z9/18,2024-06-18,petr-borecky-1,Petr Bořecký,Lidovci a Starostové,Ano,Ano,103df302f1f55d68,ano,,"73. Záměr prodeje volné vymezené bytové jednotky č. 378/12 v domě Nejedlého 2, 4, 6, Brno",https://apl.brno.cz/protokoly-zmb/zmb-z9-18/20240618-73-42114.html
Z9-18-075,Z9/18,2024-06-18,petr-borecky-1,Petr Bořecký,Lidovci a Starostové,Ano,Ano,154fcc2cd302a432,ano,,75. Návrh prodeje pozemku p. č. 196 k. ú. Ořešín. Návrh na zřízení služebnosti,https://apl.brno.cz/protokoly-zmb/zmb-z9-18/20240618-75-42171.html
Z9-18-076,Z9/18,2024-06-18,petr-borecky-1,Petr Bořecký,Lidovci a Starostové,Ano,Ano,f00c5a397f3776a0,ano,,76. Návrh prodeje pozemku p. č. 1688/110 v k. ú. Jundrov,https://apl.brno.cz/protokoly-zmb/zmb-z9-18/20240618-76-42199.html
Z9-18-077,Z9/18,2024-06-18,petr-borecky-1,Petr Bořecký,Lidovci a Starostové,Ano,Ano,b58091a76a8457c2,ano,,77. Návrh prodeje pozemku p. č. 647 v k. ú. Lesná,https://apl.brno.cz/protokoly-zmb/zmb-z9-18/20240618-77-42229.html
Z9-18-078,Z9/18,2024-06-18,petr-borecky-1,Petr Bořecký,Lidovci a Starostové,Ano,Ano,0cb69d1ef5b2eb43,ano,,"78. Návrh prodeje pozemků v k. ú. Černovice do vlastnictví České republiky – Správy železnic, státní organizace",https://apl.brno.cz/protokoly-zmb/zmb-z9-18/20240618-78-42258.html
Z9-18-079,Z9/18,2024-06-18,petr-borecky-1,Petr Bořecký,Lidovci a Starostové,Ano,Ano,50255a6c0ef2564e,ano,,"79. Návrh prodeje pozemků p. č. 54/1 a p. č. 54/2, oba v k. ú. Vohančice, společnosti Lesy města Brna, a. s.",https://apl.brno.cz/protokoly-zmb/zmb-z9-18/20240618-79-42292.html
Z9-18-080,Z9/18,2024-06-18,petr-borecky-1,Petr Bořecký,Lidovci a Starostové,Ne,Ne,a988d674cc11c2f4,ano,,"80. Návrh prodeje pozemků v k. ú. Pisárky, návrh na zřízení výhrady zpětné koupě, návrh na zřízení budoucí služebnosti - stažení bodu",https://apl.brno.cz/protokoly-zmb/zmb-z9-18/20240618-80-43262.html
Z9-18-081,Z9/18,2024-06-18,petr-borecky-1,Petr Bořecký,Lidovci a Starostové,Ano,Ano,a27c47708e52b757,ano,,"80. Návrh prodeje pozemků v k. ú. Pisárky, návrh na zřízení výhrady zpětné koupě, návrh na zřízení budoucí služebnosti",https://apl.brno.cz/protokoly-zmb/zmb-z9-18/20240618-81-43294.html
Z9-18-082,Z9/18,2024-06-18,petr-borecky-1,Petr Bořecký,Lidovci a Starostové,Ano,Ano,b4dc4c404ac43e71,ano,,"81. Návrh prodeje pozemků p. č. 868, 882, 886 v k. ú. Slatina",https://apl.brno.cz/protokoly-zmb/zmb-z9-18/20240618-82-43325.html
Z9-18-084,Z9/18,2024-06-18,petr-borecky-1,Petr Bořecký,Lidovci a Starostové,Ano,Ano,6aaa90add42e1eb4,ano,,Body č. 83-85,https://apl.brno.cz/protokoly-zmb/zmb-z9-18/20240618-84-43398.html
Z9-18-083,Z9/18,2024-06-18,petr-borecky-1,Petr Bořecký,Lidovci a Starostové,Ano,Ano,878672e06b06a003,ano,,82. Návrh prodeje části pozemku p. č. 4445/3 v k. ú. Líšeň,https://apl.brno.cz/protokoly-zmb/zmb-z9-18/20240618-83-43361.html
Z9-18-085,Z9/18,2024-06-18,petr-borecky-1,Petr Bořecký,Lidovci a Starostové,Ano,Ano,2a58b101c94abb02,ano,,"86. Návrh nabytí nemovitých věcí v k. ú. Trnitá z vlastnictví společností ČSAD Brno holding, a. s., a TOREA Plus, s. r. o., do vlastnictví statutárního města Brna, návrh rozpočtového opatření, návrh správy 11. Projekt ""Přestavba železničního uzlu Brno"" – majetkoprávní vypořádání se společností ČSAD Brno holding, a. s.– koncernový pokyn společnosti Brněnské komunikace a. s. - prodložení ZMB do dokončení bodů",https://apl.brno.cz/protokoly-zmb/zmb-z9-18/20240618-85-47033.html
Z9-18-086,Z9/18,2024-06-18,petr-borecky-1,Petr Bořecký,Lidovci a Starostové,Nehlasoval,Nehlasoval,1977a1c0ca39fb70,ano,,"86. Návrh nabytí nemovitých věcí v k. ú. Trnitá z vlastnictví společností ČSAD Brno holding, a. s., a TOREA Plus, s. r. o., do vlastnictví statutárního města Brna, návrh rozpočtového opatření, návrh správy",https://apl.brno.cz/protokoly-zmb/zmb-z9-18/20240618-86-47232.html
Z9-18-088,Z9/18,2024-06-18,petr-borecky-1,Petr Bořecký,Lidovci a Starostové,Nehlasoval,Nehlasoval,1d4b26db3428b0ab,ano,,"11. Projekt ""Přestavba železničního uzlu Brno"" – majetkoprávní vypořádání se společností ČSAD Brno holding, a. s.– koncernový pokyn společnosti Brněnské komunikace a. s.",https://apl.brno.cz/protokoly-zmb/zmb-z9-18/20240618-88-47355.html
Z9-18-087,Z9/18,2024-06-18,petr-borecky-1,Petr Bořecký,Lidovci a Starostové,Nehlasoval,Nehlasoval,068fb7ae57fddb44,ano,,"11. Projekt ""Přestavba železničního uzlu Brno"" – majetkoprávní vypořádání se společností ČSAD Brno holding, a. s.– koncernový pokyn společnosti Brněnské komunikace a. s. - hlasování o návrhu p. Koláčného",https://apl.brno.cz/protokoly-zmb/zmb-z9-18/20240618-87-47311.html
Z9-18-089,Z9/18,2024-06-18,petr-borecky-1,Petr Bořecký,Lidovci a Starostové,Ano,Ano (VK),328aa54b1fca5d97,ano,,Body č. 87-92,https://apl.brno.cz/protokoly-zmb/zmb-z9-18/20240618-89-52790.html
Z9-18-090,Z9/18,2024-06-18,petr-borecky-1,Petr Bořecký,Lidovci a Starostové,Ano,Ano (VK),3b40510d8ec2daee,ano,,Body č. 94-98,https://apl.brno.cz/protokoly-zmb/zmb-z9-18/20240618-90-52825.html
Z9-18-091,Z9/18,2024-06-18,petr-borecky-1,Petr Bořecký,Lidovci a Starostové,Ano,Ano (VK),0a4b413308c3e8a6,ano,,Body č. 99-116 bez 108,https://apl.brno.cz/protokoly-zmb/zmb-z9-18/20240618-91-52888.html
Z9-18-092,Z9/18,2024-06-18,petr-borecky-1,Petr Bořecký,Lidovci a Starostové,Ano,Ano (VK),148b560e7afef425,ano,,Body č. 117-137,https://apl.brno.cz/protokoly-zmb/zmb-z9-18/20240618-92-52963.html
Z9-18-093,Z9/18,2024-06-18,petr-borecky-1,Petr Bořecký,Lidovci a Starostové,Ano,Ano (VK),09b1f7f7cbc9eadf,ano,,"138. Návrh směny pozemků p. č. 967 a p. č. 968/1 za pozemek p. č. 2675/2, vše v k. ú. Jundrov",https://apl.brno.cz/protokoly-zmb/zmb-z9-18/20240618-93-53032.html
Z9-18-094,Z9/18,2024-06-18,petr-borecky-1,Petr Bořecký,Lidovci a Starostové,Ano,Ano (VK),946b1b2400f32921,ano,,Body č. 139 a 140,https://apl.brno.cz/protokoly-zmb/zmb-z9-18/20240618-94-53069.html
Z9-18-095,Z9/18,2024-06-18,petr-borecky-1,Petr Bořecký,Lidovci a Starostové,Ano,Ano (VK),47f44d4e06f2d4c1,ano,,"141. Záměr dispozice s pozemky p. č. 3007 a p. č. 3452, oba v k. ú. Kníničky",https://apl.brno.cz/protokoly-zmb/zmb-z9-18/20240618-95-53109.html
Z9-18-096,Z9/18,2024-06-18,petr-borecky-1,Petr Bořecký,Lidovci a Starostové,Nehlasoval,Nehlasoval (VK),6b1430706da11563,ano,,Body č. 142-148,https://apl.brno.cz/protokoly-zmb/zmb-z9-18/20240618-96-53150.html
Z9-18-098,Z9/18,2024-06-18,petr-borecky-1,Petr Bořecký,Lidovci a Starostové,Ano,Ano (VK),962d3f131fe3e0c2,ano,,151. Návrh Smlouvy o spolupráci při výstavbě veřejné infrastruktury „BRNO JEDNA – FÁZE 3 – Polyfunkční dům Plynárenská“,https://apl.brno.cz/protokoly-zmb/zmb-z9-18/20240618-98-53237.html
Z9-18-097,Z9/18,2024-06-18,petr-borecky-1,Petr Bořecký,Lidovci a Starostové,Ano,Ano (VK),d82c8a3e6bf0cace,ano,,"150. Návrh Smlouvy o spolupráci při výstavbě veřejné infrastruktury „Prodloužení komunikace Vychodilova, parc. č. 5423/1, k. ú. Žabovřesky“",https://apl.brno.cz/protokoly-zmb/zmb-z9-18/20240618-97-53207.html
Z9-18-099,Z9/18,2024-06-18,petr-borecky-1,Petr Bořecký,Lidovci a Starostové,Ano,Ano (VK),43cae68b78fa99f1,ano,,"152. Návrh Smlouvy o spolupráci při výstavbě veřejné infrastruktury „H9 centrum – rekonstrukce a přístavba polyfunkčního objektu – Heršpická 9, etapa 3+4“",https://apl.brno.cz/protokoly-zmb/zmb-z9-18/20240618-99-53267.html
Z9-18-100,Z9/18,2024-06-18,petr-borecky-1,Petr Bořecký,Lidovci a Starostové,Ano,Ano (VK),c7e009c7ec4d07bd,ano,,153. Návrh Dodatku č. 2 ke Smlouvě o spolupráci při výstavbě veřejné infrastruktury „Rezidence Podlesí – Brno Komín“,https://apl.brno.cz/protokoly-zmb/zmb-z9-18/20240618-100-53297.html
Z9-18-102,Z9/18,2024-06-18,petr-borecky-1,Petr Bořecký,Lidovci a Starostové,Ano,Ano (VK),c8f11bf4d22396da,ano,,155. Návrh Dodatku č. 3 k Plánovací smlouvě č. 6314171782 a návrh Dodatku č.4 ke Smlouvě o zrušení a vypořádání podílového spoluvlastnictví a smlouvě o zřízení zástavního práva č. 6312174631,https://apl.brno.cz/protokoly-zmb/zmb-z9-18/20240618-102-53361.html
Z9-18-101,Z9/18,2024-06-18,petr-borecky-1,Petr Bořecký,Lidovci a Starostové,Ano,Ano (VK),7f7a9fb404099324,ano,,154. Návrh Dodatku č. 3 ke Smlouvě o spolupráci při výstavbě veřejné infrastruktury „Obytný soubor BRIXX“,https://apl.brno.cz/protokoly-zmb/zmb-z9-18/20240618-101-53327.html
Z9-18-103,Z9/18,2024-06-18,petr-borecky-1,Petr Bořecký,Lidovci a Starostové,Ano,Ano (VK),bcead17cba4d051d,ano,,156. Návrh Dodatku č. 3 k plánovací smlouvě č. 5616174410 (stavební záměr Palác Trnitá),https://apl.brno.cz/protokoly-zmb/zmb-z9-18/20240618-103-53390.html
Z9-18-105,Z9/18,2024-06-18,petr-borecky-1,Petr Bořecký,Lidovci a Starostové,Ano,Ano (VK),89a896e7f76bdbfb,ano,,158. Jednotlivé změny ÚPmB (tzv. „Skupina B.I.“) – návrh na vydání vybraných změn formou opatření obecné povahy,https://apl.brno.cz/protokoly-zmb/zmb-z9-18/20240618-105-53639.html
Z9-18-104,Z9/18,2024-06-18,petr-borecky-1,Petr Bořecký,Lidovci a Starostové,Ano,Ano (VK),20bda41000e04396,ano,,157. Jednotlivé změny ÚPmB (tzv. „Skupina B.I.“) – návrh na ukončení pořizování vybraných změn,https://apl.brno.cz/protokoly-zmb/zmb-z9-18/20240618-104-53421.html
Z9-18-106,Z9/18,2024-06-18,petr-borecky-1,Petr Bořecký,Lidovci a Starostové,Ano,Ano (VK),9d0dd50eb3127436,ano,,159. Změna ÚPmB– B154_p35_22 – návrh na vydání formou opatření obecné povahy,https://apl.brno.cz/protokoly-zmb/zmb-z9-18/20240618-106-53672.html
Z9-18-107,Z9/18,2024-06-18,petr-borecky-1,Petr Bořecký,Lidovci a Starostové,Ano,Ano (VK),f2329f06b0184a2e,ano,,160. Změna ÚPmB– B168_p351_22 – návrh na vydání formou opatření obecné povahy,https://apl.brno.cz/protokoly-zmb/zmb-z9-18/20240618-107-53702.html
Z9-18-108,Z9/18,2024-06-18,petr-borecky-1,Petr Bořecký,Lidovci a Starostové,Ano,Ano (VK),0552df77bce0a7fc,ano,,161. Změna ÚPmB– B100_p94_22 – návrh na vydání formou opatření obecné povahy,https://apl.brno.cz/protokoly-zmb/zmb-z9-18/20240618-108-53732.html
Z9-18-109,Z9/18,2024-06-18,petr-borecky-1,Petr Bořecký,Lidovci a Starostové,Ano,Ano (VK),c3515f376a39f08e,ano,,162. Změna ÚPmB – B342_p159_22_MC_Zidenice – návrh na vydání formou opatření obecné povahy,https://apl.brno.cz/protokoly-zmb/zmb-z9-18/20240618-109-53760.html
Z9-18-110,Z9/18,2024-06-18,petr-borecky-1,Petr Bořecký,Lidovci a Starostové,Ano,Ano (VK),8786bc55524de4b8,ano,,163. Změna ÚPmB –B4/22 souběžně se změnou RP MČ Medlánky – RP_Me3-22 – návrh na vydání formou opatření obecné povahy,https://apl.brno.cz/protokoly-zmb/zmb-z9-18/20240618-110-53789.html
Z9-18-112,Z9/18,2024-06-18,petr-borecky-1,Petr Bořecký,Lidovci a Starostové,Ano,Ano (VK),651889e3bbfb02ce,ano,,165. Regulační plán Cejl – Křenová – návrh na zrušení formou opatření obecné povahy,https://apl.brno.cz/protokoly-zmb/zmb-z9-18/20240618-112-53845.html
Z9-18-113,Z9/18,2024-06-18,petr-borecky-1,Petr Bořecký,Lidovci a Starostové,Ano,Ano (VK),e8f1da42cc9fb02b,ano,,"166. Nabídka předkupního práva ke stavbě č. e. 915, způsob využití rodinná rekreace, postavené na pozemku p. č. 1991 v k. ú. Jundrov",https://apl.brno.cz/protokoly-zmb/zmb-z9-18/20240618-113-53874.html
Z9-18-111,Z9/18,2024-06-18,petr-borecky-1,Petr Bořecký,Lidovci a Starostové,Ano,Ano (VK),a9713398c04d3dc6,ano,,164. Změna RP MČ Medlánky – RP_Me3-22 souběžně se změnou ÚPmB – B4/22 - návrh na vydání formou opatření obecné povahy,https://apl.brno.cz/protokoly-zmb/zmb-z9-18/20240618-111-53818.html
Z9-18-114,Z9/18,2024-06-18,petr-borecky-1,Petr Bořecký,Lidovci a Starostové,Ano,Ano (VK),fd9acc74e1c041bd,ano,,167. Návrh dodatku č. 1 ke Smlouvě o návratné finanční výpomoci č. 7323114056 na projekt CO.LABS,https://apl.brno.cz/protokoly-zmb/zmb-z9-18/20240618-114-53908.html
Z9-18-115,Z9/18,2024-06-18,petr-borecky-1,Petr Bořecký,Lidovci a Starostové,Ano,Ano (VK),ea6647a97f9c89d5,ano,,168. Změna parametrů „Rodičovských voucherů“ s účinností od 1. 7. 2024,https://apl.brno.cz/protokoly-zmb/zmb-z9-18/20240618-115-53949.html
Z9-19-002,Z9/19,2024-09-10,petr-borecky-1,Petr Bořecký,Lidovci a Starostové,Ano,Ano,e08bd369791f82f3,ano,,"1. Technický bod (zapisovatelé, právní asistence, ověřovatelé zápisu, schválení programu zasedání ZMB) - program - hlasování o stažení bodu č. 14",https://apl.brno.cz/protokoly-zmb/zmb-z9-19/20240910-2-29714.html
Z9-19-003,Z9/19,2024-09-10,petr-borecky-1,Petr Bořecký,Lidovci a Starostové,Ano,Ano,d15e91d69d3f172f,ano,,"1. Technický bod (zapisovatelé, právní asistence, ověřovatelé zápisu, schválení programu zasedání ZMB) - program - hlasování o zařazení bodu č. 174",https://apl.brno.cz/protokoly-zmb/zmb-z9-19/20240910-3-29736.html
Z9-19-001,Z9/19,2024-09-10,petr-borecky-1,Petr Bořecký,Lidovci a Starostové,Ano,Ano,dd62714b8c02575c,ano,,"1. Technický bod (zapisovatelé, právní asistence, ověřovatelé zápisu, schválení programu zasedání ZMB) - ověřovatelé zápisu",https://apl.brno.cz/protokoly-zmb/zmb-z9-19/20240910-1-29539.html
Z9-19-004,Z9/19,2024-09-10,petr-borecky-1,Petr Bořecký,Lidovci a Starostové,Ano,Ano,e60eb106bf6e27db,ano,,"1. Technický bod (zapisovatelé, právní asistence, ověřovatelé zápisu, schválení programu zasedání ZMB) - program",https://apl.brno.cz/protokoly-zmb/zmb-z9-19/20240910-4-29756.html
Z9-19-005,Z9/19,2024-09-10,petr-borecky-1,Petr Bořecký,Lidovci a Starostové,Zdržel se,Zdržel se,d4184f30d47e2a2e,ano,,"5. Kvalifikovaná žádost občanů dle § 16 odst. 2 písm. f) zákona o obcích – projekt ""Lanová dráha Pisárky-Kampus"" - hlasování o návrhu pí Flamikové",https://apl.brno.cz/protokoly-zmb/zmb-z9-19/20240910-5-31359.html
Z9-19-007,Z9/19,2024-09-10,petr-borecky-1,Petr Bořecký,Lidovci a Starostové,Ano,Ano,567bcb3d4180e622,ano,,7. Přehled účastí na schůzích výborů ZMB,https://apl.brno.cz/protokoly-zmb/zmb-z9-19/20240910-7-31638.html
Z9-19-006,Z9/19,2024-09-10,petr-borecky-1,Petr Bořecký,Lidovci a Starostové,Ano,Ano,bf1d0a52917d5107,ano,,"5. Kvalifikovaná žádost občanů dle § 16 odst. 2 písm. f) zákona o obcích – projekt ""Lanová dráha Pisárky-Kampus""",https://apl.brno.cz/protokoly-zmb/zmb-z9-19/20240910-6-31417.html
Z9-19-008,Z9/19,2024-09-10,petr-borecky-1,Petr Bořecký,Lidovci a Starostové,Ano,Ano,420f17c7364a7cdb,ano,,"8. Návrh na vyslovení předchozího souhlasu s koncernovým pokynem, kterým se mění Koncernový pokyn č. 1/2021 ve znění Koncernového pokynu č. 2/2023 - aktualizace Přílohy č. 2",https://apl.brno.cz/protokoly-zmb/zmb-z9-19/20240910-8-31672.html
Z9-19-009,Z9/19,2024-09-10,petr-borecky-1,Petr Bořecký,Lidovci a Starostové,Ano,Ano,a3062fd8b3d4286c,ano,,"9. Návrh svěření majetku města Brna k hospodaření TIC BRNO, příspěvkové organizaci – bývalé městské vodojemy Žlutý kopec – návrh dodatku č. 1 ke Zřizovací listině",https://apl.brno.cz/protokoly-zmb/zmb-z9-19/20240910-9-31702.html
Z9-19-010,Z9/19,2024-09-10,petr-borecky-1,Petr Bořecký,Lidovci a Starostové,Ano,Ano,10428fc2b80668fc,ano,,"10. Návrh odnětí pozemků a Vily Wittal městské části Brno-střed a jejich svěření k hospodaření Muzeu města Brna, příspěvkové organizaci – návrh dodatku č. 1 ke Zřizovací listině",https://apl.brno.cz/protokoly-zmb/zmb-z9-19/20240910-10-31734.html
Z9-19-011,Z9/19,2024-09-10,petr-borecky-1,Petr Bořecký,Lidovci a Starostové,Ano,Ano,c2781fc9d46a8f6a,ano,,11. Návrh Memoranda o porozumění k projektu vyvedení tepla z elektrárny Dukovany pro město Brno,https://apl.brno.cz/protokoly-zmb/zmb-z9-19/20240910-11-32141.html
Z9-19-014,Z9/19,2024-09-10,petr-borecky-1,Petr Bořecký,Lidovci a Starostové,Zdržel se,Zdržel se,65cd257bd482dc69,ano,,"12. Návrh Memoranda o spolupráci uzavíraného s Jihomoravským krajem, Autoklubem České republiky a společností Automotodrom Brno, a. s.– Mistrovství světa silničních motocyklů – Grand Prix České republiky v letech 2025-2029 - hlasování o návrhu p. Koláčného",https://apl.brno.cz/protokoly-zmb/zmb-z9-19/20240910-14-33889.html
Z9-19-016,Z9/19,2024-09-10,petr-borecky-1,Petr Bořecký,Lidovci a Starostové,Ano,Ano,8bbe8150495e6d78,ano,,13. Koncepce sportu města Brna na léta 2018–2030 – návrh aktualizace kapitoly 8.1,https://apl.brno.cz/protokoly-zmb/zmb-z9-19/20240910-16-34771.html
Z9-19-015,Z9/19,2024-09-10,petr-borecky-1,Petr Bořecký,Lidovci a Starostové,Ano,Ano,a7e54e996cbf72a6,ano,,"12. Návrh Memoranda o spolupráci uzavíraného s Jihomoravským krajem, Autoklubem České republiky a společností Automotodrom Brno, a. s.– Mistrovství světa silničních motocyklů – Grand Prix České republiky v letech 2025-2029",https://apl.brno.cz/protokoly-zmb/zmb-z9-19/20240910-15-33922.html
Z9-19-017,Z9/19,2024-09-10,petr-borecky-1,Petr Bořecký,Lidovci a Starostové,Ano,Ano,84106ed056b27c6f,ano,,15. Výsledky hospodaření statutárního města Brna za I. pololetí roku 2024,https://apl.brno.cz/protokoly-zmb/zmb-z9-19/20240910-17-34810.html
Z9-19-018,Z9/19,2024-09-10,petr-borecky-1,Petr Bořecký,Lidovci a Starostové,Ano,Ano,fe14fc4ab169e2af,ano,,"16. Návrh bilance zdrojů statutárního města Brna na rok 2025, stanovení základních proporcí návrhu rozpočtu statutárního města Brna na rok 2025",https://apl.brno.cz/protokoly-zmb/zmb-z9-19/20240910-18-34844.html
Z9-19-019,Z9/19,2024-09-10,petr-borecky-1,Petr Bořecký,Lidovci a Starostové,Ano,Ano,a92db57fed1d480a,ano,,"17. Návrh rozpočtového opatření ve věci daně z příjmů právnických osob za obce z rozpočtové činnosti, jejímž poplatníkem je město Brno",https://apl.brno.cz/protokoly-zmb/zmb-z9-19/20240910-19-34875.html
Z9-19-020,Z9/19,2024-09-10,petr-borecky-1,Petr Bořecký,Lidovci a Starostové,Ano,Ano,5615e332c82496a8,ano,,18. Záměr uzavření dohod o provedení práce se členy ZMB pro hodnocení žádostí o dotace v oblasti kultury,https://apl.brno.cz/protokoly-zmb/zmb-z9-19/20240910-20-34905.html
Z9-19-021,Z9/19,2024-09-10,petr-borecky-1,Petr Bořecký,Lidovci a Starostové,Ano,Ano,bdfe65ee901f9305,ano,,"19. Zapojení Fondu rezerv a rozvoje v souvislosti s poskytnutím příspěvků Muzeu města Brna, příspěvkové organizaci na projekt ""Vila Wittal – Centrum židovské kultury Štetl – židovské muzeum"", návrh rozpočtového opatření",https://apl.brno.cz/protokoly-zmb/zmb-z9-19/20240910-21-34939.html
Z9-19-022,Z9/19,2024-09-10,petr-borecky-1,Petr Bořecký,Lidovci a Starostové,Ano,Ano,8fec3d50bc4cdab6,ano,,"20. Zapojení Fondu rezerv a rozvoje na projekt „Rozvoj kulturního centra CO.LABS“, návrh dodatku č. 1 ke smlouvě o poskytnutí investiční dotace z rozpočtu města Brna a č. 2 ke smlouvě o poskytnutí návratné finanční výpomoci, návrh rozpočtového opatření",https://apl.brno.cz/protokoly-zmb/zmb-z9-19/20240910-22-34975.html
Z9-19-023,Z9/19,2024-09-10,petr-borecky-1,Petr Bořecký,Lidovci a Starostové,Ano,Ano,368c6afb4278db24,ano,,"21. Zapojení Fondu rezerv a rozvoje v souvislosti s poskytnutím účelového neinvestičního příspěvku Národnímu divadlu Brno, příspěvkové organizaci v roce 2024 – návrh rozpočtového opatření",https://apl.brno.cz/protokoly-zmb/zmb-z9-19/20240910-23-35008.html
Z9-19-024,Z9/19,2024-09-10,petr-borecky-1,Petr Bořecký,Lidovci a Starostové,Ano,Ano,8a6fd1e8387af760,ano,,22. Zapojení Fondu rezerv a rozvoje v souvislosti s poskytnutím individuální investiční dotace Orel jednota Brno – Řečkovice na revitalizaci sportovního areálu při ul. Medlánecká v Brně-Řečkovicích (tzv. Orlák) – návrh rozpočtového opatření,https://apl.brno.cz/protokoly-zmb/zmb-z9-19/20240910-24-35066.html
Z9-19-026,Z9/19,2024-09-10,petr-borecky-1,Petr Bořecký,Lidovci a Starostové,Ano,Ano,c694e411d9131326,ano,,24. Zapojení Fondu rezerv a rozvoje v souvislosti s poskytnutím investičního transferu městské části Brno-Líšeň – návrh rozpočtového opatření,https://apl.brno.cz/protokoly-zmb/zmb-z9-19/20240910-26-35133.html
Z9-19-025,Z9/19,2024-09-10,petr-borecky-1,Petr Bořecký,Lidovci a Starostové,Ano,Ano,1a84e42559a3f163,ano,,23. Zapojení Fondu rezerv a rozvoje v souvislosti s poskytnutím individuální investiční dotace TJ STADION BRNO z. s. na modernizaci a rekonstrukci stadionu na ul. Křídlovická 32 za účelem zajištění energetické udržitelnosti – návrh rozpočtového opatření,https://apl.brno.cz/protokoly-zmb/zmb-z9-19/20240910-25-35103.html
Z9-19-027,Z9/19,2024-09-10,petr-borecky-1,Petr Bořecký,Lidovci a Starostové,Ano,Ano,310aad534b367823,ano,,25. Zapojení Fondu rezerv a rozvoje v souvislosti s poskytnutím neinvestičního transferu a změna účelu použití transferu městské části Brno-Bohunice – návrh rozpočtového opatření,https://apl.brno.cz/protokoly-zmb/zmb-z9-19/20240910-27-35165.html
Z9-19-028,Z9/19,2024-09-10,petr-borecky-1,Petr Bořecký,Lidovci a Starostové,Ano,Ano,9078b1429efcf8a4,ano,,26. Zapojení Fondu rezerv a rozvoje v souvislosti s návrhem na poskytnutí individuální investiční dotace České provincii Kongregace sester sv. Cyrila a Metoděje na výstavbu Cyrilometodějské mateřské školy Brno – návrh rozpočtového opatření,https://apl.brno.cz/protokoly-zmb/zmb-z9-19/20240910-28-35202.html
Z9-19-029,Z9/19,2024-09-10,petr-borecky-1,Petr Bořecký,Lidovci a Starostové,Ano,Ano,03df069636ee04c1,ano,,"27. Zapojení Fondu rezerv a rozvoje v souvislosti s poskytnutím neinvestičních příspěvků, návrh na poskytnutí investičních příspěvků příspěvkovým organizacím v působnosti Odboru sociální péče MMB – návrh rozpočtového opatření",https://apl.brno.cz/protokoly-zmb/zmb-z9-19/20240910-29-35236.html
Z9-19-030,Z9/19,2024-09-10,petr-borecky-1,Petr Bořecký,Lidovci a Starostové,Ano,Ano,7237600d21028d76,ano,,"28. Zapojení Fondu rezerv a rozvoje na krytí běžných výdajů, aktualizace rozpočtu běžných a kapitálových výdajů Odboru dopravy MMB a Odboru investičního MMB – září 2024 – návrh rozpočtového opatření",https://apl.brno.cz/protokoly-zmb/zmb-z9-19/20240910-30-35272.html
Z9-19-031,Z9/19,2024-09-10,petr-borecky-1,Petr Bořecký,Lidovci a Starostové,Ano,Ano,22df571af8f14160,ano,,29. Návrh rozpočtového opatření – přesun běžných výdajů rozpočtu Kanceláře marketingu a cestovního ruchu MMB,https://apl.brno.cz/protokoly-zmb/zmb-z9-19/20240910-31-35305.html
Z9-19-032,Z9/19,2024-09-10,petr-borecky-1,Petr Bořecký,Lidovci a Starostové,Ano,Ano,43b3dc25178f3362,ano,,"30. Přesun běžných a kapitálových výdajů v rámci rozpočtu Odboru správy majetku MMB, návrh rozpočtového opatření",https://apl.brno.cz/protokoly-zmb/zmb-z9-19/20240910-32-35337.html
Z9-19-033,Z9/19,2024-09-10,petr-borecky-1,Petr Bořecký,Lidovci a Starostové,Ano,Ano,39c90e8c4bba37ed,ano,,31. Návrh rozpočtového opatření – přesun běžných výdajů rozpočtu Odboru strategického rozvoje a spolupráce MMB,https://apl.brno.cz/protokoly-zmb/zmb-z9-19/20240910-33-35369.html
Z9-19-034,Z9/19,2024-09-10,petr-borecky-1,Petr Bořecký,Lidovci a Starostové,Ano,Ano,76d8f0107ae0cde3,ano,,"32. Aktualizace rozpočtu běžných výdajů Městské policie Brno v roce 2024, návrh rozpočtového opatření",https://apl.brno.cz/protokoly-zmb/zmb-z9-19/20240910-34-35399.html
Z9-19-035,Z9/19,2024-09-10,petr-borecky-1,Petr Bořecký,Lidovci a Starostové,Ano,Ano,75e8b1452c793ac4,ano,,33. Aktualizace očekávaného čerpání rozpočtu kapitálových výdajů Odboru kultury MMB v roce 2024 – návrh rozpočtového opatření,https://apl.brno.cz/protokoly-zmb/zmb-z9-19/20240910-35-35433.html
Z9-19-037,Z9/19,2024-09-10,petr-borecky-1,Petr Bořecký,Lidovci a Starostové,Ano,Ano,580f87100e457432,ano,,"35. Návrh na poskytnutí individuální investiční dotace Mendelově univerzitě v Brně, návrh rozpočtového opatření",https://apl.brno.cz/protokoly-zmb/zmb-z9-19/20240910-37-35494.html
Z9-19-036,Z9/19,2024-09-10,petr-borecky-1,Petr Bořecký,Lidovci a Starostové,Ano,Ano,9a00d07d24df1307,ano,,34. Aktualizace rozpočtu Odboru investičního MMB – září 2024 - návrh rozpočtového opatření,https://apl.brno.cz/protokoly-zmb/zmb-z9-19/20240910-36-35463.html
Z9-19-039,Z9/19,2024-09-10,petr-borecky-1,Petr Bořecký,Lidovci a Starostové,Ano,Ano,7f1a930aa8d1ff61,ano,,"37. Návrh na změnu účelu využití neinvestičního příspěvku schváleného Zoo Brno a stanici zájmových činností, příspěvkové organizaci",https://apl.brno.cz/protokoly-zmb/zmb-z9-19/20240910-39-35557.html
Z9-19-038,Z9/19,2024-09-10,petr-borecky-1,Petr Bořecký,Lidovci a Starostové,Ano,Ano,56dcda0fe4af8f08,ano,,"36. Návrh na poskytnutí investičního transferu městské části Brno–Medlánky na realizaci zelené střechy na výukovém altánu Základní školy Brno, Hudcova 35, příspěvková organizace, návrh rozpočtového opatření",https://apl.brno.cz/protokoly-zmb/zmb-z9-19/20240910-38-35527.html
Z9-19-041,Z9/19,2024-09-10,petr-borecky-1,Petr Bořecký,Lidovci a Starostové,Ano,Ano,822a0f473928628c,ano,,"39. Úrazová nemocnice v Brně – návrh na změnu účelu využití investičního příspěvku, návrh rozpočtového opatření",https://apl.brno.cz/protokoly-zmb/zmb-z9-19/20240910-41-35619.html
Z9-19-040,Z9/19,2024-09-10,petr-borecky-1,Petr Bořecký,Lidovci a Starostové,Ano,Ano,9f34b71a7a8d87d6,ano,,"38. Kancelář architekta města Brna, příspěvková organizace – návrh na změnu účelu využití části účelového investičního příspěvku, návrh rozpočtového opatření",https://apl.brno.cz/protokoly-zmb/zmb-z9-19/20240910-40-35589.html
Z9-19-043,Z9/19,2024-09-10,petr-borecky-1,Petr Bořecký,Lidovci a Starostové,Ano,Ano,d3ad4626c24d51e8,ano,,"41. Návrh na poskytnutí individuálních investičních dotací z rozpočtu města Brna společnosti Dopravní podnik města Brna, a. s., na přístřešky pro cestující, přístřešky u konečných stanic a zelené koleje – návrh rozpočtového opatření",https://apl.brno.cz/protokoly-zmb/zmb-z9-19/20240910-43-35745.html
Z9-19-042,Z9/19,2024-09-10,petr-borecky-1,Petr Bořecký,Lidovci a Starostové,Ano,Ano,ae017ba6aff2263d,ano,,"40. Realizace bezbariérových úprav – rekonstrukce a opravy komunikací, poskytnutí individuální investiční dotace společnosti Dopravní podnik města Brna, a. s., na úpravy zastávek Hluboká – návrh rozpočtového opatření",https://apl.brno.cz/protokoly-zmb/zmb-z9-19/20240910-42-35653.html
Z9-19-045,Z9/19,2024-09-10,petr-borecky-1,Petr Bořecký,Lidovci a Starostové,Ano,Ano,70c77951247c8f33,ano,,43. Návrh na poskytnutí individuální investiční dotace Diakonii ČCE – středisko v Brně na projekt Rekonstrukce budovy pro Chráněné bydlení Ovečka pro lidi s duševním onemocněním – návrh rozpočtového opatření,https://apl.brno.cz/protokoly-zmb/zmb-z9-19/20240910-45-35815.html
Z9-19-044,Z9/19,2024-09-10,petr-borecky-1,Petr Bořecký,Lidovci a Starostové,Ano,Ano,fa1b7b6e746b8150,ano,,"42. Návrh na poskytnutí individuální investiční dotace z rozpočtu města Brna společnosti Dopravní podnik města Brna, a. s., na nezbytná provizorní opatření k zachování provozu ve vozovně Komín – návrh rozpočtového opatření",https://apl.brno.cz/protokoly-zmb/zmb-z9-19/20240910-44-35781.html
Z9-19-046,Z9/19,2024-09-10,petr-borecky-1,Petr Bořecký,Lidovci a Starostové,Ano,Ano,9b171f8afdf6fd47,ano,,"44. Návrh na poskytnutí investičního příspěvku Domovu pro seniory Mikuláškovo nám., příspěvkové organizaci, z dědictví – návrh rozpočtového opatření",https://apl.brno.cz/protokoly-zmb/zmb-z9-19/20240910-46-35848.html
Z9-19-047,Z9/19,2024-09-10,petr-borecky-1,Petr Bořecký,Lidovci a Starostové,Ano,Ano,ccf156b75eacc870,ano,,"45. Návrh na změnu účelu využití účelového neinvestičního příspěvku Centra experimentálního divadla, příspěvkové organizace",https://apl.brno.cz/protokoly-zmb/zmb-z9-19/20240910-47-35879.html
Z9-19-048,Z9/19,2024-09-10,petr-borecky-1,Petr Bořecký,Lidovci a Starostové,Ano,Ano,fd23b26fd7645a8b,ano,,"46. Návrh na poskytnutí peněžitého daru do majetku Sociálního nadačního fondu, návrh rozpočtového opatření",https://apl.brno.cz/protokoly-zmb/zmb-z9-19/20240910-48-35908.html
Z9-19-049,Z9/19,2024-09-10,petr-borecky-1,Petr Bořecký,Lidovci a Starostové,Ano,Ano,e008579cde970377,ano,,47. Návrh na poskytnutí peněžitého daru Nadačnímu fondu Josefů K. – návrh rozpočtového opatření,https://apl.brno.cz/protokoly-zmb/zmb-z9-19/20240910-49-35937.html
Z9-19-050,Z9/19,2024-09-10,petr-borecky-1,Petr Bořecký,Lidovci a Starostové,Ano,Ano,90077461dc2ea1f4,ano,,"48. Návrh navýšení poskytnuté dotace, návrh Dodatku č. 1 ke Smlouvě o poskytnutí dotace spolku Divadlo Líšeň, z. s., na ""Celoroční činnost Divadla Líšeň"" – návrh rozpočtového opatření",https://apl.brno.cz/protokoly-zmb/zmb-z9-19/20240910-50-35971.html
Z9-19-052,Z9/19,2024-09-10,petr-borecky-1,Petr Bořecký,Lidovci a Starostové,Ano,Ano,fdb5c6509758dd78,ano,,50. Návrh na poskytnutí individuální neinvestiční dotace Nadačnímu fondu regionální fotbalové Akademie Jihomoravského kraje na zabezpečení činnosti fotbalové akademie ve školním roce 2024/2025,https://apl.brno.cz/protokoly-zmb/zmb-z9-19/20240910-52-36054.html
Z9-19-051,Z9/19,2024-09-10,petr-borecky-1,Petr Bořecký,Lidovci a Starostové,Ano,Ano,21d2314e776701ba,ano,,49. Návrh na poskytnutí neinvestičních dotací na podporu pravidelné sportovní činnosti dospělých v roce 2024,https://apl.brno.cz/protokoly-zmb/zmb-z9-19/20240910-51-36018.html
Z9-19-053,Z9/19,2024-09-10,petr-borecky-1,Petr Bořecký,Lidovci a Starostové,Ano,Ano,f42fd5c7609408e7,ano,,51. Návrh na poskytnutí individuální neinvestiční dotace společnosti vkkpbrno.cz s. r. o. na podporu vrcholového sportu na období 07-12/2024 – návrh rozpočtového opatření,https://apl.brno.cz/protokoly-zmb/zmb-z9-19/20240910-53-36096.html
Z9-19-054,Z9/19,2024-09-10,petr-borecky-1,Petr Bořecký,Lidovci a Starostové,Ano,Ano,7adf13d1eb89465a,ano,,"52. Návrh na poskytnutí individuální neinvestiční dotace spolku Malý fotbal Brno, z. s., na projekt „Podpora činnosti trenérů a animátorů pohybových aktivit na ZŠ“ v období 09/2024–01/2025 – návrh rozpočtového opatření",https://apl.brno.cz/protokoly-zmb/zmb-z9-19/20240910-54-36128.html
Z9-19-055,Z9/19,2024-09-10,petr-borecky-1,Petr Bořecký,Lidovci a Starostové,Ano,Ano,c1b9a884078a8c9f,ano,,"53. Návrh na poskytnutí individuální neinvestiční dotace spolku Trenéři ve škole, z. s., na realizaci projektu „Trenéři ve škole“ v období 09/2024-01/2025 – návrh rozpočtového opatření",https://apl.brno.cz/protokoly-zmb/zmb-z9-19/20240910-55-36161.html
Z9-19-056,Z9/19,2024-09-10,petr-borecky-1,Petr Bořecký,Lidovci a Starostové,Ano,Ano,18ea77dd5f23e221,ano,,"54. Návrh na poskytnutí individuální investiční dotace spolku Hroch, z. s., na realizaci projektu „Výstavba 2 hřišť pro mládežnický baseball a softbal – vynětí pozemků pod sportovištěm ze zemědělského půdního fondu“ – návrh rozpočtového opatření",https://apl.brno.cz/protokoly-zmb/zmb-z9-19/20240910-56-36200.html
Z9-19-057,Z9/19,2024-09-10,petr-borecky-1,Petr Bořecký,Lidovci a Starostové,Ano,Ano,056c468c0db2176c,ano,,"55. Návrh na poskytnutí individuální neinvestiční dotace Provincii kapucínů v ČR na akci ""Stavební úpravy podlahového souvrství Kapucínské hrobky"", návrh rozpočtového opatření",https://apl.brno.cz/protokoly-zmb/zmb-z9-19/20240910-57-36232.html
Z9-19-058,Z9/19,2024-09-10,petr-borecky-1,Petr Bořecký,Lidovci a Starostové,Ano,Ano,e6d1b974ab79a51d,ano,,56. Návrh poskytnutí individuální neinvestiční dotace společnosti Make More s. r. o. na organizaci celosvětové konference FAB2025.cz - návrh rozpočtového opatření,https://apl.brno.cz/protokoly-zmb/zmb-z9-19/20240910-58-36264.html
Z9-19-059,Z9/19,2024-09-10,petr-borecky-1,Petr Bořecký,Lidovci a Starostové,Ano,Ano,2131942ca38375b1,ano,,"57. Návrh na poskytnutí finančního daru spolku BRNĚNSKÉ CENTRUM SPORTOVNÍCH NADĚJÍ, z. s., na podporu brněnských talentovaných sportovců v sezóně 2024/2025 – návrh rozpočtového opatření",https://apl.brno.cz/protokoly-zmb/zmb-z9-19/20240910-59-36302.html
Z9-19-060,Z9/19,2024-09-10,petr-borecky-1,Petr Bořecký,Lidovci a Starostové,Ano,Ano,dc2fbc5317a6e2db,ano,,"58. Návrh na uzavření dodatku č. 1 ke Smlouvě č. 5124093149 o poskytnutí neinvestiční dotace spolku Talent sport Brno, z. s.",https://apl.brno.cz/protokoly-zmb/zmb-z9-19/20240910-60-36332.html
Z9-19-062,Z9/19,2024-09-10,petr-borecky-1,Petr Bořecký,Lidovci a Starostové,Ano,Ano,9e558d050063fd55,ano,,"60. Návrh Dodatku č. 1 ke smlouvě č. 1524092417 o poskytnutí programové neinvestiční dotace z rozpočtu města Brna Bloomfield s. r. o. na projekt „Brno Bold – platforma pro grafické designéry“ v rámci dotačního programu Pro Kreativní Brno, 5. etapa",https://apl.brno.cz/protokoly-zmb/zmb-z9-19/20240910-62-36438.html
Z9-19-061,Z9/19,2024-09-10,petr-borecky-1,Petr Bořecký,Lidovci a Starostové,Ano,Ano,b6b3554154bf9af2,ano,,59. Návrh dodatku č. 1 ke Smlouvě o poskytnutí neinvestiční dotace č. 7224090889 - Dům pro Julii z. ú. - návrh rozpočtového opatření,https://apl.brno.cz/protokoly-zmb/zmb-z9-19/20240910-61-36403.html
Z9-19-063,Z9/19,2024-09-10,petr-borecky-1,Petr Bořecký,Lidovci a Starostové,Ano,Ano,94a1ba59d5e477b1,ano,,"61. Žádost o souhlas se změnou obsahu projektu ""Výroba 3D exponátů pro Nadační fond Mehrin"" – Nadační fond MEHRIN",https://apl.brno.cz/protokoly-zmb/zmb-z9-19/20240910-63-36539.html
Z9-19-064,Z9/19,2024-09-10,petr-borecky-1,Petr Bořecký,Lidovci a Starostové,Ano,Ano,bc675c658f58a2f9,ano,,"62. Žádost o souhlas se změnou obsahu projektu ""Obrana Brna ve scénických obrazech II s motion komiksem"" – Spolek přátel Raduit de Souches",https://apl.brno.cz/protokoly-zmb/zmb-z9-19/20240910-64-36570.html
Z9-19-066,Z9/19,2024-09-10,petr-borecky-1,Petr Bořecký,Lidovci a Starostové,Ano,Ano,ad553f46297e1b04,ano,,64. Finanční prostředky Fondu kofinancování projektů – září 2024 – návrh rozpočtových opatření,https://apl.brno.cz/protokoly-zmb/zmb-z9-19/20240910-66-36626.html
Z9-19-065,Z9/19,2024-09-10,petr-borecky-1,Petr Bořecký,Lidovci a Starostové,Ano,Ano,a54a1cbc72d100ce,ano,,63. Projekty financované z Fondu kofinancování projektů – září 2024 – návrh rozpočtového opatření,https://apl.brno.cz/protokoly-zmb/zmb-z9-19/20240910-65-36597.html
Z9-19-067,Z9/19,2024-09-10,petr-borecky-1,Petr Bořecký,Lidovci a Starostové,Ano,Ano,e9c69f9a9458d68a,ano,,65. Zapojení Fondu kofinancování projektů v souvislosti s poskytnutím neinvestičních transferů městské části Brno-Židenice – návrh rozpočtového opatření,https://apl.brno.cz/protokoly-zmb/zmb-z9-19/20240910-67-36655.html
Z9-19-069,Z9/19,2024-09-10,petr-borecky-1,Petr Bořecký,Lidovci a Starostové,Ano,Ano,e77ce4ec0146376f,ano,,"67. Projekt ""Revitalizace Holáseckých jezer"" – posouzení projektu",https://apl.brno.cz/protokoly-zmb/zmb-z9-19/20240910-69-36855.html
Z9-19-068,Z9/19,2024-09-10,petr-borecky-1,Petr Bořecký,Lidovci a Starostové,Ano,Ano,02b3e64ca8084b79,ano,,"66. Projekt ""Výměna svítidel a zateplení půdního prostoru v ZŠ Slovanské nám. 2"" – posouzení projektu",https://apl.brno.cz/protokoly-zmb/zmb-z9-19/20240910-68-36683.html
Z9-19-070,Z9/19,2024-09-10,petr-borecky-1,Petr Bořecký,Lidovci a Starostové,Ano,Ano,2cdac6f911be60e1,ano,,"68. Projekt ""Rekonstrukce asfaltových cest na Ústředním hřbitově města Brna"" – rozhodnutí o poskytnutí dotace",https://apl.brno.cz/protokoly-zmb/zmb-z9-19/20240910-70-36886.html
Z9-19-071,Z9/19,2024-09-10,petr-borecky-1,Petr Bořecký,Lidovci a Starostové,Ano,Ano,643e49779769164b,ano,,"69. Projekt ""Rekonstrukce parkové plochy u ZŠ Jana Babáka"" – rozhodnutí o poskytnutí dotace",https://apl.brno.cz/protokoly-zmb/zmb-z9-19/20240910-71-36914.html
Z9-19-072,Z9/19,2024-09-10,petr-borecky-1,Petr Bořecký,Lidovci a Starostové,Ano,Ano,43384e01ed54d799,ano,,"70. Projekty ""Pořízení cisternové automobilové stříkačky pro JSDH – pro rok 2024"" – návrhy smluv o poskytnutí dotace",https://apl.brno.cz/protokoly-zmb/zmb-z9-19/20240910-72-36944.html
Z9-19-075,Z9/19,2024-09-10,petr-borecky-1,Petr Bořecký,Lidovci a Starostové,Ano,Ano,be504171ccd2815c,ano,,"73. Návrh vzorové dohody o narovnání s bezúplatným převodem spoluvlastnických podílů města na b. j. domu č. p. 2072, k. ú. Řečkovice, členům družstva Cihelna, s adresným záměrem prodeje částí pozemků p. č. 799/1. 815/1, 940/1, k. ú. Řečkovice",https://apl.brno.cz/protokoly-zmb/zmb-z9-19/20240910-75-37051.html
Z9-19-074,Z9/19,2024-09-10,petr-borecky-1,Petr Bořecký,Lidovci a Starostové,Ano,Ano,2707ab6f0bbd5b74,ano,,"72. Návrh Dodatku č. 1 ke Smlouvě o poskytnutí individuální investiční dotace Realitní společnosti města Brna a. s. na zajištění předprojekční přípravy pro pilotní projekt „Dostupné družstevní bydlení – stávající domy, Mostecká 16“",https://apl.brno.cz/protokoly-zmb/zmb-z9-19/20240910-74-37010.html
Z9-19-073,Z9/19,2024-09-10,petr-borecky-1,Petr Bořecký,Lidovci a Starostové,Ano,Ano,0770a2d0c9f4cea7,ano,,"71. Projekt „Podpora rozvoje a dostupnosti zdravotní následné péče v Úrazové nemocnici v Brně“ – posouzení projektu, návrh na?poskytnutí návratné finanční výpomoci, návrh rozpočtového opatření",https://apl.brno.cz/protokoly-zmb/zmb-z9-19/20240910-73-36978.html
Z9-19-076,Z9/19,2024-09-10,petr-borecky-1,Petr Bořecký,Lidovci a Starostové,Ano,Ano,696da3d3d234c628,ano,,"74. Návrh vzorové dohody o narovnání s bezúplatným převodem spoluvlastnických podílů města na bytových jednotkách bytového domu č. p. 729, k. ú. Žebětín, členům Bytového družstva Za Kněžským Hájkem",https://apl.brno.cz/protokoly-zmb/zmb-z9-19/20240910-76-37089.html
Z9-19-077,Z9/19,2024-09-10,petr-borecky-1,Petr Bořecký,Lidovci a Starostové,Ano,Ano,04261e6982a0b7bf,ano,,Body č. 75-77,https://apl.brno.cz/protokoly-zmb/zmb-z9-19/20240910-77-37129.html
Z9-19-080,Z9/19,2024-09-10,petr-borecky-1,Petr Bořecký,Lidovci a Starostové,Ano,Ano,51c16c88c83db8c7,ano,,"83. Záměr prodeje volné vymezené bytové jednotky č. 1911/5 v domě Purkyňova 1, 3, 5, 7, Brno",https://apl.brno.cz/protokoly-zmb/zmb-z9-19/20240910-80-37279.html
Z9-19-078,Z9/19,2024-09-10,petr-borecky-1,Petr Bořecký,Lidovci a Starostové,Ano,Ano,23719d84dcb654e7,ano,,Body č. 78-82,https://apl.brno.cz/protokoly-zmb/zmb-z9-19/20240910-78-37185.html
Z9-19-081,Z9/19,2024-09-10,petr-borecky-1,Petr Bořecký,Lidovci a Starostové,Ano,Ano,b9f33081efe3c70f,ano,,"84. Návrh prodeje podílu na pozemku p. č. 8342, k. ú. Židenice, pod bytovým domem Velkopavlovická 4072/7 v Brně",https://apl.brno.cz/protokoly-zmb/zmb-z9-19/20240910-81-37312.html
Z9-19-082,Z9/19,2024-09-10,petr-borecky-1,Petr Bořecký,Lidovci a Starostové,Ano,Ano,2b8b306754388677,ano,,"85. Návrh na neudělení výjimky ze Statutu startovacího bytu, který je přílohou č. 2 Pravidel pronájmu bytů v domech v majetku statutárního města Brna, nájemcům startovacího bytu č. 4.3 v domě Valchařská 1667/14, Brno",https://apl.brno.cz/protokoly-zmb/zmb-z9-19/20240910-82-37345.html
Z9-19-084,Z9/19,2024-09-10,petr-borecky-1,Petr Bořecký,Lidovci a Starostové,Ano,Ano,ff27fcc3c2e076b9,ano,,"87. Návrh na uzavření dohody o splátkách dluhu z nájmu bytu č. 2.2 v domě Valchařská 14, Brno",https://apl.brno.cz/protokoly-zmb/zmb-z9-19/20240910-84-37399.html
Z9-19-083,Z9/19,2024-09-10,petr-borecky-1,Petr Bořecký,Lidovci a Starostové,Ano,Ano,bb4b19b19b168256,ano,,"86. Návrh na uzavření dohody o splátkách dluhu z nájmu bytu č. 14 v domě Podnásepní 2, Brno",https://apl.brno.cz/protokoly-zmb/zmb-z9-19/20240910-83-37371.html
Z9-19-085,Z9/19,2024-09-10,petr-borecky-1,Petr Bořecký,Lidovci a Starostové,Ano,Ano,18f9748369e5855c,ano,,"88. Návrh na uzavření dohody o splátkách dluhu z nájmu bytu č. 22 v domě Vlhká 4, Brno",https://apl.brno.cz/protokoly-zmb/zmb-z9-19/20240910-85-37427.html
Z9-19-086,Z9/19,2024-09-10,petr-borecky-1,Petr Bořecký,Lidovci a Starostové,Ano,Ano,669793d06b73d94f,ano,,"89. Návrh na uzavření dohody o splátkách dluhu z nájmu sociálního bytu č. 5 v domě Vlhká 22, Brno",https://apl.brno.cz/protokoly-zmb/zmb-z9-19/20240910-86-37455.html
Z9-19-087,Z9/19,2024-09-10,petr-borecky-1,Petr Bořecký,Lidovci a Starostové,Ano,Ano,6ce5f3f5f588b800,ano,,"90. Žádost společnosti WolfGangconcept s. r. o. o odpuštění části nájemného za užívání nebytových prostor v budově Radnická 6 a 8, k. ú. Město Brno",https://apl.brno.cz/protokoly-zmb/zmb-z9-19/20240910-87-37489.html
Z9-19-088,Z9/19,2024-09-10,petr-borecky-1,Petr Bořecký,Lidovci a Starostové,Ano,Ano,6f669974def66055,ano,,91. Návrh na slevu z nájemného z nájemní smlouvy č. 6312032822 - var. A,https://apl.brno.cz/protokoly-zmb/zmb-z9-19/20240910-88-37552.html
Z9-19-090,Z9/19,2024-09-10,petr-borecky-1,Petr Bořecký,Lidovci a Starostové,Ano,Ano,10302b0df30edb26,ano,,93. Návrh souhlasného prohlášení o uznání vlastnického práva statutárního města Brna k pozemku a stavbě v k. ú. Černovice,https://apl.brno.cz/protokoly-zmb/zmb-z9-19/20240910-90-37611.html
Z9-19-089,Z9/19,2024-09-10,petr-borecky-1,Petr Bořecký,Lidovci a Starostové,Ano,Ano,0760927760c73ae1,ano,,92. Návrh na udělení předchozího souhlasu s uzavřením dohody o změně části hranice městských částí Brno-Nový Lískovec a Brno-střed,https://apl.brno.cz/protokoly-zmb/zmb-z9-19/20240910-89-37580.html
Z9-19-091,Z9/19,2024-09-10,petr-borecky-1,Petr Bořecký,Lidovci a Starostové,Ano,Ano,61aaae2db9380e66,ano,,"94. Návrh zpeněžení pozemků p. č. 553/31, p. č. 553/43 a p. č. 553/68, vše v k. ú. Ivanovice, formou veřejné elektronické dobrovolné dražby",https://apl.brno.cz/protokoly-zmb/zmb-z9-19/20240910-91-37642.html
Z9-19-092,Z9/19,2024-09-10,petr-borecky-1,Petr Bořecký,Lidovci a Starostové,Ano,Ano,279810f49e43ce26,ano,,"95. Návrh zpeněžení pozemku p. č. 1124, jehož součástí je stavba – objekt k bydlení Pekařská 405/16, v k. ú. Staré Brno formou veřejné elektronické dobrovolné dražby",https://apl.brno.cz/protokoly-zmb/zmb-z9-19/20240910-92-37674.html
Z9-19-094,Z9/19,2024-09-10,petr-borecky-1,Petr Bořecký,Lidovci a Starostové,Ano,Ano,9d5b7741ff8a6f01,ano,,"96. Návrh prodeje pozemků p. č. 205/24, p. č. 205/25 a p. č. 205/30 k. ú. Lesná",https://apl.brno.cz/protokoly-zmb/zmb-z9-19/20240910-94-37775.html
Z9-19-095,Z9/19,2024-09-10,petr-borecky-1,Petr Bořecký,Lidovci a Starostové,Ano,Ano,9c604d6fbc743aac,ano,,97. Návrh prodeje pozemku p. č. 209/3 k. ú. Město Brno,https://apl.brno.cz/protokoly-zmb/zmb-z9-19/20240910-95-37805.html
Z9-19-096,Z9/19,2024-09-10,petr-borecky-1,Petr Bořecký,Lidovci a Starostové,Ano,Ano,7c9c10e9440d6f7a,ano,,Body č. 98-106,https://apl.brno.cz/protokoly-zmb/zmb-z9-19/20240910-96-40305.html
Z9-19-097,Z9/19,2024-09-10,petr-borecky-1,Petr Bořecký,Lidovci a Starostové,Ano,Ano,2a8a1021420ef0ca,ano,,"107. Návrh prodeje pozemků p. č. 656/8, 659/10 a 659/11 při ulici Hudcova v k. ú. Medlánky",https://apl.brno.cz/protokoly-zmb/zmb-z9-19/20240910-97-40331.html
Z9-19-098,Z9/19,2024-09-10,petr-borecky-1,Petr Bořecký,Lidovci a Starostové,Ano,Ano,6b73937a66b92abc,ano,,Body č. 108-112,https://apl.brno.cz/protokoly-zmb/zmb-z9-19/20240910-98-40360.html
Z9-19-100,Z9/19,2024-09-10,petr-borecky-1,Petr Bořecký,Lidovci a Starostové,Ano,Ano,f05688e6b079875b,ano,,114. Návrh nabytí vlastnictví k zapsaným a nezapsaným stavbám garáží postaveným na pozemku statutárního města Brna v rozvojové lokalitě při ul. Rybkova,https://apl.brno.cz/protokoly-zmb/zmb-z9-19/20240910-100-40435.html
Z9-19-099,Z9/19,2024-09-10,petr-borecky-1,Petr Bořecký,Lidovci a Starostové,Ano,Ano,a7380141a2a01e97,ano,,"113. Návrh prodeje id. 2/8 pozemků p. č. 2046 a p. č. 2047, oba v k. ú. Královo Pole za podmínky postoupení pohledávky městskou částí Brno-Královo Pole",https://apl.brno.cz/protokoly-zmb/zmb-z9-19/20240910-99-40400.html
Z9-19-101,Z9/19,2024-09-10,petr-borecky-1,Petr Bořecký,Lidovci a Starostové,Ano,Ano,a5a59b352a18e481,ano,,Body č. 115-119,https://apl.brno.cz/protokoly-zmb/zmb-z9-19/20240910-101-40491.html
Z9-19-102,Z9/19,2024-09-10,petr-borecky-1,Petr Bořecký,Lidovci a Starostové,Ano,Ano,4dcd6ceefa7dc29f,ano,,"120. Návrh nabytí pozemků p. č. 1223/23, p. č. 1223/29, p. č. 1229/33, p. č. 1229/34 a p. č. 1236/7, vše v k. ú. Kohoutovice",https://apl.brno.cz/protokoly-zmb/zmb-z9-19/20240910-102-40524.html
Z9-19-103,Z9/19,2024-09-10,petr-borecky-1,Petr Bořecký,Lidovci a Starostové,Ano,Ano,6772a021c04d2e77,ano,,Body č. 121-130,https://apl.brno.cz/protokoly-zmb/zmb-z9-19/20240910-103-40572.html
Z9-19-104,Z9/19,2024-09-10,petr-borecky-1,Petr Bořecký,Lidovci a Starostové,Ano,Ano,10ba13906e7ca6b3,ano,,"131. Návrh nabytí spoluvlastnických podílů k pozemkům p. č. 1323/131 a p. č. 2952/13 v k. ú. Černovice – návrh na změnu části usnesení Z9/13. zasedání ZMB, konaného dne 12. 12. 2023, bod č. 76",https://apl.brno.cz/protokoly-zmb/zmb-z9-19/20240910-104-40613.html
Z9-19-105,Z9/19,2024-09-10,petr-borecky-1,Petr Bořecký,Lidovci a Starostové,Ano,Ano,f7b5610688ba6559,ano,,"132. Návrh na zrušení usnesení Z8/40. zasedání ZMB konaného dne 6. 9. 2022, bod č. 185 a bod č. 207, návrh nabytí pozemků v k. ú. Soběšice",https://apl.brno.cz/protokoly-zmb/zmb-z9-19/20240910-105-40648.html
Z9-19-108,Z9/19,2024-09-10,petr-borecky-1,Petr Bořecký,Lidovci a Starostové,Ano,Ano,87b5720b3fc77e9c,ano,,"151. Nabídka předkupního práva ke stavbě č. e. 839, způsob využití rodinná rekreace, postavené na pozemku p. č. 1625 v k. ú. Jundrov - var. A",https://apl.brno.cz/protokoly-zmb/zmb-z9-19/20240910-108-40787.html
Z9-19-106,Z9/19,2024-09-10,petr-borecky-1,Petr Bořecký,Lidovci a Starostové,Ano,Ano,cc5278f972b5e2fa,ano,,Body č. 133-145,https://apl.brno.cz/protokoly-zmb/zmb-z9-19/20240910-106-40690.html
Z9-19-107,Z9/19,2024-09-10,petr-borecky-1,Petr Bořecký,Lidovci a Starostové,Ano,Ano,b75f099939879ba7,ano,,Body č. 146-150,https://apl.brno.cz/protokoly-zmb/zmb-z9-19/20240910-107-40735.html
Z9-19-109,Z9/19,2024-09-10,petr-borecky-1,Petr Bořecký,Lidovci a Starostové,Ano,Ano,ed645c11d72f807a,ano,,Body č. 152-158,https://apl.brno.cz/protokoly-zmb/zmb-z9-19/20240910-109-40843.html
Z9-19-110,Z9/19,2024-09-10,petr-borecky-1,Petr Bořecký,Lidovci a Starostové,Ano,Ano,30f6b56f967066bb,ano,,"159. Návrh směny nemovitých věcí v k. ú. Pisárky se společností STAREZ – SPORT, a. s., návrh na zřízení služebnosti",https://apl.brno.cz/protokoly-zmb/zmb-z9-19/20240910-110-40874.html
Z9-19-111,Z9/19,2024-09-10,petr-borecky-1,Petr Bořecký,Lidovci a Starostové,Ano,Ano,2900b24729f2f446,ano,,"160. Návrh směny pozemků v k. ú. Brněnské Ivanovice v areálu Městské policie Brno, za pozemky v k. ú.Dvorska v dostihovém areálu TJ Brno, Dvorska, z. s., a návrh prodeje pozemků v k. ú. Brněnské Ivanovice v areálu Městské policie Brno",https://apl.brno.cz/protokoly-zmb/zmb-z9-19/20240910-111-40909.html
Z9-19-112,Z9/19,2024-09-10,petr-borecky-1,Petr Bořecký,Lidovci a Starostové,Ano,Ano,2b46e7e63c6e7f5d,ano,,"161. Návrh budoucí směny části pozemku p. č. 740 a pozemku p. č. 741 za část pozemku p. č. 743, vše v k. ú. Horní Heršpice",https://apl.brno.cz/protokoly-zmb/zmb-z9-19/20240910-112-40946.html
Z9-19-113,Z9/19,2024-09-10,petr-borecky-1,Petr Bořecký,Lidovci a Starostové,Ano,Ano,767c870721eb629e,ano,,"162. Návrh svěření majetku města městské části Brno-Černovice, pozemků p. č. 506/22, p. č. 1691/101, p. č. 1691/103 k. ú. Černovice",https://apl.brno.cz/protokoly-zmb/zmb-z9-19/20240910-113-40981.html
Z9-19-114,Z9/19,2024-09-10,petr-borecky-1,Petr Bořecký,Lidovci a Starostové,Ano,Ano,87c8894acd68d441,ano,,"163. Návrh odnětí svěřeného majetku města městské části Brno-sever, pozemku p. č. 3362/3 v k. ú. Černá Pole",https://apl.brno.cz/protokoly-zmb/zmb-z9-19/20240910-114-41019.html
Z9-19-115,Z9/19,2024-09-10,petr-borecky-1,Petr Bořecký,Lidovci a Starostové,Ano,Ano,21b1c3644c76fdf0,ano,,"164. Návrh odnětí svěřeného majetku města městské části Brno-Starý Lískovec, pozemků v k. ú. Starý Lískovec",https://apl.brno.cz/protokoly-zmb/zmb-z9-19/20240910-115-41048.html
Z9-19-116,Z9/19,2024-09-10,petr-borecky-1,Petr Bořecký,Lidovci a Starostové,Ano,Ano,0b2284411f596183,ano,,165. Návrh Smlouvy o budoucí smlouvě kupní pro stavbu „RK – Nové chodníky Hviezdoslavova“,https://apl.brno.cz/protokoly-zmb/zmb-z9-19/20240910-116-41085.html
Z9-19-117,Z9/19,2024-09-10,petr-borecky-1,Petr Bořecký,Lidovci a Starostové,Ano,Ano,d13516c3c209f11f,ano,,166. Návrh smlouvy o právu umístění a provedení stavby s ujednáním o budoucí kupní smlouvě pro stavbu „Cyklotrasa Červený mlýn – Myslínova“,https://apl.brno.cz/protokoly-zmb/zmb-z9-19/20240910-117-41135.html
Z9-19-118,Z9/19,2024-09-10,petr-borecky-1,Petr Bořecký,Lidovci a Starostové,Zdržel se,Zdržel se,9d336d27c28d5519,ano,,167. Návrh Smlouvy o spolupráci při výstavbě veřejné infrastruktury „Habitas Bohunice“ - hlasování o stažení bodu,https://apl.brno.cz/protokoly-zmb/zmb-z9-19/20240910-118-41236.html
Z9-19-119,Z9/19,2024-09-10,petr-borecky-1,Petr Bořecký,Lidovci a Starostové,Zdržel se,Zdržel se,4485fdf6272daedd,ano,,167. Návrh Smlouvy o spolupráci při výstavbě veřejné infrastruktury „Habitas Bohunice“ - hlasování o stažení bodu,https://apl.brno.cz/protokoly-zmb/zmb-z9-19/20240910-119-41801.html
Z9-19-120,Z9/19,2024-09-10,petr-borecky-1,Petr Bořecký,Lidovci a Starostové,Ano,Ano,eab1b4a88b7d800c,ano,,167. Návrh Smlouvy o spolupráci při výstavbě veřejné infrastruktury „Habitas Bohunice“,https://apl.brno.cz/protokoly-zmb/zmb-z9-19/20240910-120-41840.html
Z9-19-121,Z9/19,2024-09-10,petr-borecky-1,Petr Bořecký,Lidovci a Starostové,Ano,Ano,1378a152cc8e60c7,ano,,168. Návrh Smlouvy o spolupráci při výstavbě veřejné infrastruktury „VITALITY RESORT LÁNY“,https://apl.brno.cz/protokoly-zmb/zmb-z9-19/20240910-121-41870.html
Z9-19-122,Z9/19,2024-09-10,petr-borecky-1,Petr Bořecký,Lidovci a Starostové,Ano,Ano,a416c03dbb710329,ano,,169. Návrh Dodatku č. 1 ke Smlouvě o výstavbě veřejné infrastruktury „CENTRUM VÍDEŇSKÁ“,https://apl.brno.cz/protokoly-zmb/zmb-z9-19/20240910-122-41900.html
Z9-19-124,Z9/19,2024-09-10,petr-borecky-1,Petr Bořecký,Lidovci a Starostové,Ano,Ano,f7c8d4cd7e81ebdb,ano,,171. Návrh Dodatku č. 2 ke Smlouvě o spolupráci při výstavbě veřejné infrastruktury „Bytový dům Havlenova“,https://apl.brno.cz/protokoly-zmb/zmb-z9-19/20240910-124-41958.html
Z9-19-123,Z9/19,2024-09-10,petr-borecky-1,Petr Bořecký,Lidovci a Starostové,Nehlasoval,Nehlasoval,047f440e3b40b24e,ano,,"170. Návrh Dodatku č. 1 ke Smlouvě o spolupráci při výstavbě veřejné infrastruktury „Rezidence Pod Lesem, Brno – Žebětín“ a návrh Dodatku č. 1 k Zástavní smlouvě k nemovité věci.",https://apl.brno.cz/protokoly-zmb/zmb-z9-19/20240910-123-41930.html
Z9-19-125,Z9/19,2024-09-10,petr-borecky-1,Petr Bořecký,Lidovci a Starostové,Ano,Ano,c798ddcafb264cae,ano,,172. Návrh Dodatku č. 1 ke Smlouvě o výstavbě veřejné infrastruktury „Rezidence Svratka“,https://apl.brno.cz/protokoly-zmb/zmb-z9-19/20240910-125-41986.html
Z9-19-126,Z9/19,2024-09-10,petr-borecky-1,Petr Bořecký,Lidovci a Starostové,Ano,Ano,f4523ec4acb5a0ce,ano,,173. Návrh Dodatku č. 3 ke Smlouvě o výstavbě veřejné infrastruktury „Soubor staveb Západní brána Brno“,https://apl.brno.cz/protokoly-zmb/zmb-z9-19/20240910-126-42015.html
Z9-19-127,Z9/19,2024-09-10,petr-borecky-1,Petr Bořecký,Lidovci a Starostové,Ano,Ano,431614c287949a9d,ano,,"174. Návrh navýšení poskytnuté dotace, návrh Dodatku č. 1 ke Smlouvě o poskytnutí dotace spolku aTRIUM, z. s., na činnost ""Třináctá abonentní sezóna souboru Brno ContemporaryOrchestra"" – návrh rozpočtového opatření",https://apl.brno.cz/protokoly-zmb/zmb-z9-19/20240910-127-42061.html
Z9-21-001,Z9/21,2024-11-12,petr-borecky-1,Petr Bořecký,Lidovci a Starostové,Ano,Ano,e8588dde1838c8b5,ano,,"1. Technický bod (zapisovatelé, právní asistence, ověřovatelé zápisu, schválení programu zasedání ZMB) - ověřovatelé zápisu",https://apl.brno.cz/protokoly-zmb/zmb-z9-21/20241112-1-29702.html
Z9-21-002,Z9/21,2024-11-12,petr-borecky-1,Petr Bořecký,Lidovci a Starostové,Ano,Ano,2247ab15320647ae,ano,,"1. Technický bod (zapisovatelé, právní asistence, ověřovatelé zápisu, schválení programu zasedání ZMB) - program - hlasování o stažení bodu č. 7, 33",https://apl.brno.cz/protokoly-zmb/zmb-z9-21/20241112-2-29902.html
Z9-21-003,Z9/21,2024-11-12,petr-borecky-1,Petr Bořecký,Lidovci a Starostové,Ano,Ano,68d6a2ca6b3c6ee1,ano,,"1. Technický bod (zapisovatelé, právní asistence, ověřovatelé zápisu, schválení programu zasedání ZMB) - program - hlasování o zařazení bodu č. 105",https://apl.brno.cz/protokoly-zmb/zmb-z9-21/20241112-3-29938.html
Z9-21-004,Z9/21,2024-11-12,petr-borecky-1,Petr Bořecký,Lidovci a Starostové,Nehlasoval,Nehlasoval,7c9774f89771cd29,ano,,"1. Technický bod (zapisovatelé, právní asistence, ověřovatelé zápisu, schválení programu zasedání ZMB) - program - hlasování o zařazení bodu - Vozovna Komín – odborný posudek soudního znalce",https://apl.brno.cz/protokoly-zmb/zmb-z9-21/20241112-4-30026.html
Z9-21-005,Z9/21,2024-11-12,petr-borecky-1,Petr Bořecký,Lidovci a Starostové,Ano,Ano,d7de4a88ca7493c6,ano,,"1. Technický bod (zapisovatelé, právní asistence, ověřovatelé zápisu, schválení programu zasedání ZMB) - program",https://apl.brno.cz/protokoly-zmb/zmb-z9-21/20241112-5-30079.html
Z9-21-007,Z9/21,2024-11-12,petr-borecky-1,Petr Bořecký,Lidovci a Starostové,Ano,Ano,8383c7ad9f6718d6,ano,,"6. Návrh obecně závazné vyhlášky, kterou se mění obecně závazná vyhláška statutárního města Brna č. 15/2007 o ochraně zeleně v městě Brně, ve znění pozdějších vyhlášek",https://apl.brno.cz/protokoly-zmb/zmb-z9-21/20241112-7-30324.html
Z9-21-006,Z9/21,2024-11-12,petr-borecky-1,Petr Bořecký,Lidovci a Starostové,Ano,Ano,94dd5561de678f49,ano,,5. Návrh harmonogramu zasedání Zastupitelstva města Brna v roce 2025,https://apl.brno.cz/protokoly-zmb/zmb-z9-21/20241112-6-30285.html
Z9-21-008,Z9/21,2024-11-12,petr-borecky-1,Petr Bořecký,Lidovci a Starostové,Ano,Ano,1615575433fc9199,ano,,"8. Návrh aktualizace dokumentu ""Energetická politika statutárního města Brna"" a návrh dokumentu ""Směrnice energetického managementu dle ČSN EN ISO 50001""",https://apl.brno.cz/protokoly-zmb/zmb-z9-21/20241112-8-30637.html
Z9-21-009,Z9/21,2024-11-12,petr-borecky-1,Petr Bořecký,Lidovci a Starostové,Ano,Ano,d7c8fc607c485380,ano,,9. Výsledky hospodaření statutárního města Brna za I.–III. čtvrtletí roku 2024,https://apl.brno.cz/protokoly-zmb/zmb-z9-21/20241112-9-31264.html
Z9-21-012,Z9/21,2024-11-12,petr-borecky-1,Petr Bořecký,Lidovci a Starostové,Ano,Ano,502297bf770dc493,ano,,"11. Návrh rozpočtového opatření na pokrytí zvýšených nákladů na energie, návrh na poskytnutí účelových neinvestičních příspěvků",https://apl.brno.cz/protokoly-zmb/zmb-z9-21/20241112-12-32491.html
Z9-21-011,Z9/21,2024-11-12,petr-borecky-1,Petr Bořecký,Lidovci a Starostové,Ano,Ano,3b5aff89fe551cff,ano,,"10. Návrh příjmů, které město Brno postoupí v roce 2025 do rozpočtů městských částí",https://apl.brno.cz/protokoly-zmb/zmb-z9-21/20241112-11-31704.html
Z9-21-013,Z9/21,2024-11-12,petr-borecky-1,Petr Bořecký,Lidovci a Starostové,Ano,Ano,2846fcdd79c11ba0,ano,,12. Návrh na přesun výdajů v rámci rozpočtu Odboru sportu MMB v roce 2024 – návrh rozpočtového opatření,https://apl.brno.cz/protokoly-zmb/zmb-z9-21/20241112-13-32530.html
Z9-21-014,Z9/21,2024-11-12,petr-borecky-1,Petr Bořecký,Lidovci a Starostové,Ano,Ano,1b7d90c9c05668d3,ano,,13. Návrh rozpočtového opatření – přesun mezi výdaji v rámci rozpočtu Odboru životního prostředí Magistrátu města Brna,https://apl.brno.cz/protokoly-zmb/zmb-z9-21/20241112-14-32570.html
Z9-21-015,Z9/21,2024-11-12,petr-borecky-1,Petr Bořecký,Lidovci a Starostové,Ano,Ano,fcb73fc7dabfd770,ano,,14. Návrh na přesun mezi běžnými a kapitálovými výdaji v rámci rozpočtu Odboru kultury MMB v souvislosti s činností expertní skupiny (varhany) – návrh rozpočtového opatření,https://apl.brno.cz/protokoly-zmb/zmb-z9-21/20241112-15-32609.html
Z9-21-017,Z9/21,2024-11-12,petr-borecky-1,Petr Bořecký,Lidovci a Starostové,Ano,Ano,0a6f2bb437f0cfdb,ano,,"15. Přesun běžných a kapitálových výdajů v rámci rozpočtu Odboru správy majetku MMB, návrh rozpočtového opatření",https://apl.brno.cz/protokoly-zmb/zmb-z9-21/20241112-17-32713.html
Z9-21-018,Z9/21,2024-11-12,petr-borecky-1,Petr Bořecký,Lidovci a Starostové,Ano,Ano,7d3b1091e5e77987,ano,,"16. Zapojení vyšších příjmů a přesun běžných výdajů v rámci rozpočtu Odboru správy majetku MMB, návrh rozpočtového opatření",https://apl.brno.cz/protokoly-zmb/zmb-z9-21/20241112-18-32745.html
Z9-21-019,Z9/21,2024-11-12,petr-borecky-1,Petr Bořecký,Lidovci a Starostové,Ano,Ano,25a44bba26d6c68d,ano,,17. Zapojení příjmů k financování běžných výdajů Odboru vnitřních věcí MMB v roce 2024 – návrh rozpočtového opatření,https://apl.brno.cz/protokoly-zmb/zmb-z9-21/20241112-19-32822.html
Z9-21-020,Z9/21,2024-11-12,petr-borecky-1,Petr Bořecký,Lidovci a Starostové,Ano,Ano,27ee7a2d2677ba87,ano,,18. Návrh rozpočtového opatření – přesun běžných výdajů rozpočtu Kanceláře marketingu a cestovního ruchu MMB,https://apl.brno.cz/protokoly-zmb/zmb-z9-21/20241112-20-32855.html
Z9-21-022,Z9/21,2024-11-12,petr-borecky-1,Petr Bořecký,Lidovci a Starostové,Ano,Ano,afe97955d604e9c8,ano,,20. Aktualizace rozpočtu běžných a kapitálových výdajů Odboru dopravy MMB – listopad 2024 – návrh rozpočtového opatření,https://apl.brno.cz/protokoly-zmb/zmb-z9-21/20241112-22-32988.html
Z9-21-021,Z9/21,2024-11-12,petr-borecky-1,Petr Bořecký,Lidovci a Starostové,Ano,Ano,3ecac20064426bcb,ano,,19. Aktualizace rozpočtu Odboru investičního MMB – listopad 2024 - návrh rozpočtového opatření,https://apl.brno.cz/protokoly-zmb/zmb-z9-21/20241112-21-32886.html
Z9-21-023,Z9/21,2024-11-12,petr-borecky-1,Petr Bořecký,Lidovci a Starostové,Ano,Ano,230b3ada47f980b4,ano,,21. Aktualizace očekávaného čerpání rozpočtu kapitálových výdajů Odboru školství a mládeže MMB v roce 2024 – návrh rozpočtového opatření,https://apl.brno.cz/protokoly-zmb/zmb-z9-21/20241112-23-33015.html
Z9-21-024,Z9/21,2024-11-12,petr-borecky-1,Petr Bořecký,Lidovci a Starostové,Ano,Ano,a7e9d3558e4e3d56,ano,,"22. Tvorba Fondu rezerv a rozvoje z nedočerpaných výdajů rozpočtu Městské policie Brno na rok 2024, návrh rozpočtového opatření",https://apl.brno.cz/protokoly-zmb/zmb-z9-21/20241112-24-33046.html
Z9-21-026,Z9/21,2024-11-12,petr-borecky-1,Petr Bořecký,Lidovci a Starostové,Ano,Ano,30c1d69384c6ecc6,ano,,24. Zapojení Fondu rezerv a rozvoje v souvislosti s poskytnutím individuální neinvestiční dotace Žabiny s. r. o. na zabezpečení účasti týmu BK Žabiny v soutěži EuroLeague Women v ročníku 2024/2025 – návrh rozpočtového opatření,https://apl.brno.cz/protokoly-zmb/zmb-z9-21/20241112-26-33258.html
Z9-21-025,Z9/21,2024-11-12,petr-borecky-1,Petr Bořecký,Lidovci a Starostové,Ano,Ano,848d3548d3df7323,ano,,23. Zapojení Fondu rezerv a rozvoje do rozpočtu Odboru vnitřních věcí MMB v souvislosti s realizací představení – návrh rozpočtového opatření,https://apl.brno.cz/protokoly-zmb/zmb-z9-21/20241112-25-33227.html
Z9-21-027,Z9/21,2024-11-12,petr-borecky-1,Petr Bořecký,Lidovci a Starostové,Ano,Ano,9f44b945c7f43bd1,ano,,"25. Zapojení Fondu rezerv a rozvoje v souvislosti s předfinancováním doplatku grantu v souladu s Dodatkem č. 1 ke grantové dohodě pro projekt s více příjemci v rámci programu ERASMUS+, návrh rozpočtového opatření",https://apl.brno.cz/protokoly-zmb/zmb-z9-21/20241112-27-33290.html
Z9-21-028,Z9/21,2024-11-12,petr-borecky-1,Petr Bořecký,Lidovci a Starostové,Ano,Ano,c8d3150db50c7107,ano,,26. Návrh na poskytnutí investičních dotací v rámci dotačního programu Podpora vytváření zelených střech,https://apl.brno.cz/protokoly-zmb/zmb-z9-21/20241112-28-33320.html
Z9-21-029,Z9/21,2024-11-12,petr-borecky-1,Petr Bořecký,Lidovci a Starostové,Ano,Ano,115f490cce4e6047,ano,,"27. Návrh na poskytnutí investičního transferu městské části Brno-Černovice na realizaci zelené střechy na sociálním domě Charbulova 86, návrh rozpočtového opatření",https://apl.brno.cz/protokoly-zmb/zmb-z9-21/20241112-29-33356.html
Z9-21-030,Z9/21,2024-11-12,petr-borecky-1,Petr Bořecký,Lidovci a Starostové,Ano,Ano,5ec15020230b0848,ano,,"28. Návrh na poskytnutí investičního transferu městské části Brno-Židenice na realizaci zelené střechy na škole na adrese Filipínského 1, návrh rozpočtového opatření",https://apl.brno.cz/protokoly-zmb/zmb-z9-21/20241112-30-33384.html
Z9-21-031,Z9/21,2024-11-12,petr-borecky-1,Petr Bořecký,Lidovci a Starostové,Ano,Ano,ccc788e226d34c09,ano,,29. Návrh na poskytnutí neinvestičních příspěvků základním školám na zajištění vzdělávacího projektu Příběhy našich sousedů – návrh rozpočtového opatření,https://apl.brno.cz/protokoly-zmb/zmb-z9-21/20241112-31-33416.html
Z9-21-032,Z9/21,2024-11-12,petr-borecky-1,Petr Bořecký,Lidovci a Starostové,Ano,Ano,120cf37d6f547971,ano,,30. Návrh na poskytnutí neinvestičních dotací dle dotačního programu na podporu projektů ke 130. výročí narození architekta Bohuslava Fuchse na roky 2024–2025 – návrh rozpočtového opatření,https://apl.brno.cz/protokoly-zmb/zmb-z9-21/20241112-32-33447.html
Z9-21-033,Z9/21,2024-11-12,petr-borecky-1,Petr Bořecký,Lidovci a Starostové,Nehlasoval,Nehlasoval,31b372080654dfde,ano,,31. Návrh na poskytnutí neinvestičních dotací v rámci dotačního programu pro poskytování dotací v oblasti podpory kreativních odvětví na rok 2024 a 2025 v 6. etapě – “Pro Kreativní Brno” - návrh rozpočtového opatření - var. A,https://apl.brno.cz/protokoly-zmb/zmb-z9-21/20241112-33-33981.html
Z9-21-034,Z9/21,2024-11-12,petr-borecky-1,Petr Bořecký,Lidovci a Starostové,Ano,Ano,203e30b9f3a06c9b,ano,,31. Návrh na poskytnutí neinvestičních dotací v rámci dotačního programu pro poskytování dotací v oblasti podpory kreativních odvětví na rok 2024 a 2025 v 6. etapě – “Pro Kreativní Brno” - návrh rozpočtového opatření - var. B,https://apl.brno.cz/protokoly-zmb/zmb-z9-21/20241112-34-34013.html
Z9-21-035,Z9/21,2024-11-12,petr-borecky-1,Petr Bořecký,Lidovci a Starostové,Ano,Ano,f3d182802ad52840,ano,,32. Návrh na poskytnutí individuální neinvestiční dotace na projekt Brněnský sedmnáctý,https://apl.brno.cz/protokoly-zmb/zmb-z9-21/20241112-35-34043.html
Z9-21-037,Z9/21,2024-11-12,petr-borecky-1,Petr Bořecký,Lidovci a Starostové,Ano,Ano,9f96ec2f5865283d,ano,,"35. Návrh navýšení poskytnuté dvouleté dotace, návrh Dodatku č. 2 ke smlouvě o poskytnutí dotace pro POST BELLUM, z. ú., na činnost ""Institut Paměti národa Brno – multimediální expozice a doprovodný program"" – návrh rozpočtového opatření",https://apl.brno.cz/protokoly-zmb/zmb-z9-21/20241112-37-34339.html
Z9-21-036,Z9/21,2024-11-12,petr-borecky-1,Petr Bořecký,Lidovci a Starostové,Ano,Ano,40a09a764c41ef22,ano,,34. Návrh na změny transferů poskytnutých městským částem z rozpočtu Odboru investičního MMB – listopad 2024 – návrh rozpočtového opatření vč. úpravy,https://apl.brno.cz/protokoly-zmb/zmb-z9-21/20241112-36-34308.html
Z9-21-038,Z9/21,2024-11-12,petr-borecky-1,Petr Bořecký,Lidovci a Starostové,Ano,Ano,d05ca014db2015eb,ano,,"36. Návrh na snížení příspěvku zřizovatele Sdružení zdravotnických zařízení II Brno, příspěvkové organizaci na rok 2024 – návrh rozpočtového opatření",https://apl.brno.cz/protokoly-zmb/zmb-z9-21/20241112-38-34370.html
Z9-21-039,Z9/21,2024-11-12,petr-borecky-1,Petr Bořecký,Lidovci a Starostové,Ano,Ano,16172449cd05dc53,ano,,37. Návrh na snížení příspěvku zřizovatele příspěvkovým organizacím v působnosti Odboru sociální péče MMB na rok 2024 – návrh rozpočtového opatření,https://apl.brno.cz/protokoly-zmb/zmb-z9-21/20241112-39-34398.html
Z9-21-041,Z9/21,2024-11-12,petr-borecky-1,Petr Bořecký,Lidovci a Starostové,Ano,Ano,2f6b6869820bcb6c,ano,,"39. Návrh na prodloužení termínu vyúčtování, změnu účelu a tvorba Fondu rezerv a rozvoje na základě očekávaného nedočerpání transferů poskytnutých městským částem na rok 2024 – návrh rozpočtového opatření",https://apl.brno.cz/protokoly-zmb/zmb-z9-21/20241112-41-34453.html
Z9-21-040,Z9/21,2024-11-12,petr-borecky-1,Petr Bořecký,Lidovci a Starostové,Ano,Ano,ee4f41c2800f91fc,ano,,38. Návrh na prodloužení termínu vyúčtování účelového investičního transferu poskytnutého městské části Brno-střed,https://apl.brno.cz/protokoly-zmb/zmb-z9-21/20241112-40-34423.html
Z9-21-042,Z9/21,2024-11-12,petr-borecky-1,Petr Bořecký,Lidovci a Starostové,Ano,Ano,b113235f4b8980fe,ano,,"40. Kancelář architekta města Brna, příspěvková organizace – návrh na prodloužení termínu vyúčtování schválených účelových neinvestičních příspěvků a prodloužení termínu vyúčtování schválených investičních příspěvků",https://apl.brno.cz/protokoly-zmb/zmb-z9-21/20241112-42-34543.html
Z9-21-043,Z9/21,2024-11-12,petr-borecky-1,Petr Bořecký,Lidovci a Starostové,Ano,Ano,103942acde75a266,ano,,"41. Návrh dodatků ke Smlouvám o poskytnutí individuálních investičních dotací z rozpočtu statutárního města Brna v oblasti dopravy se společností Dopravní podnik města Brna, a. s.",https://apl.brno.cz/protokoly-zmb/zmb-z9-21/20241112-43-34574.html
Z9-21-044,Z9/21,2024-11-12,petr-borecky-1,Petr Bořecký,Lidovci a Starostové,Ano,Ano,a01113cbbad884b1,ano,,"42. Žádost společnosti OSEVA,AGRO Brno, spol. s r. o., o vzdání se práva na část nájemného za užívání nebytových prostor v budově Jánská 459/23, k. ú. Město Brno",https://apl.brno.cz/protokoly-zmb/zmb-z9-21/20241112-44-34603.html
Z9-21-046,Z9/21,2024-11-12,petr-borecky-1,Petr Bořecký,Lidovci a Starostové,Ano,Ano,9fef691a53eeb6cc,ano,,44. Projekty financované z Fondu kofinancování projektů – listopad 2024 – návrh rozpočtového opatření,https://apl.brno.cz/protokoly-zmb/zmb-z9-21/20241112-46-34858.html
Z9-21-045,Z9/21,2024-11-12,petr-borecky-1,Petr Bořecký,Lidovci a Starostové,Ano,Ano,53f5536f1c6a30a4,ano,,"43. Projekt Regionální inovační strategie Jihomoravského kraje ""Brno Expat Centre""– návrh dodatku č. 1 ke smlouvě č. 1522172848 o poskytování veřejné služby a podmínkách poskytnutí vyrovnávací platby za plnění závazku veřejné služby",https://apl.brno.cz/protokoly-zmb/zmb-z9-21/20241112-45-34832.html
Z9-21-048,Z9/21,2024-11-12,petr-borecky-1,Petr Bořecký,Lidovci a Starostové,Ano,Ano,2587dd590dd5a56c,ano,,"46. Projekt ""Urban Sandbox Brno: Spojujeme akademiky, neziskovky, průmysl a veřejnou správu v prostředí pro inovace a spolupráci na principu Plug&Play&Apply"" – posouzení projektu",https://apl.brno.cz/protokoly-zmb/zmb-z9-21/20241112-48-34957.html
Z9-21-047,Z9/21,2024-11-12,petr-borecky-1,Petr Bořecký,Lidovci a Starostové,Ano,Ano,e048aa095dd536ac,ano,,45. Finanční prostředky Fondu kofinancování projektů – listopad 2024 – návrh rozpočtového opatření,https://apl.brno.cz/protokoly-zmb/zmb-z9-21/20241112-47-34889.html
Z9-21-049,Z9/21,2024-11-12,petr-borecky-1,Petr Bořecký,Lidovci a Starostové,Ano,Ano,25613d7363f5fcc1,ano,,"47. Projekt ""Řekněte si o pomoc – Socio Info Point"" – posouzení projektu",https://apl.brno.cz/protokoly-zmb/zmb-z9-21/20241112-49-34983.html
Z9-21-051,Z9/21,2024-11-12,petr-borecky-1,Petr Bořecký,Lidovci a Starostové,Ano,Ano,d8b04b4bb3385005,ano,,"49. Projekt ""Stavební úpravy MŠ Marie Majerové"" – posouzení projektu",https://apl.brno.cz/protokoly-zmb/zmb-z9-21/20241112-51-35044.html
Z9-21-050,Z9/21,2024-11-12,petr-borecky-1,Petr Bořecký,Lidovci a Starostové,Ano,Ano,ed8d6c7e8eb27f3a,ano,,"48. Projekt ""Stavební úpravy MŠ Loosova"" – posouzení projektu",https://apl.brno.cz/protokoly-zmb/zmb-z9-21/20241112-50-35012.html
Z9-21-052,Z9/21,2024-11-12,petr-borecky-1,Petr Bořecký,Lidovci a Starostové,Ano,Ano,8f2bd80b7c97cc8c,ano,,Body č. 50-52,https://apl.brno.cz/protokoly-zmb/zmb-z9-21/20241112-52-35080.html
Z9-21-053,Z9/21,2024-11-12,petr-borecky-1,Petr Bořecký,Lidovci a Starostové,Ano,Ano,ef6c7eb80ce6c511,ano,,"53. Projekt ""Interoperabilita a eHealth Nemocnice Milosrdných bratří"" – návrh pověřovacího aktu",https://apl.brno.cz/protokoly-zmb/zmb-z9-21/20241112-53-35112.html
Z9-21-054,Z9/21,2024-11-12,petr-borecky-1,Petr Bořecký,Lidovci a Starostové,Ano,Ano,007bcc4e65d46645,ano,,"54. Návrh dohody o mimosoudním jednání uzavírané v souvislosti s vypořádáním historických závazků týkajících se družstevní bytové výstavby na území statutárního města Brna spolufinancované prostřednictvím státní dotace pro Dvouřádky, bytové družstvo",https://apl.brno.cz/protokoly-zmb/zmb-z9-21/20241112-54-35144.html
Z9-21-055,Z9/21,2024-11-12,petr-borecky-1,Petr Bořecký,Lidovci a Starostové,Ano,Ano,f6545d11c8fda81c,ano,,Body č. 55-58,https://apl.brno.cz/protokoly-zmb/zmb-z9-21/20241112-55-35324.html
Z9-21-056,Z9/21,2024-11-12,petr-borecky-1,Petr Bořecký,Lidovci a Starostové,Ano,Ano,6720d5e0d40a36e8,ano,,"59. Žádost o uzavření dohody o splátkách dluhu z nájmu ubytovací jednotky v domě Lomená 48, Brno",https://apl.brno.cz/protokoly-zmb/zmb-z9-21/20241112-56-35354.html
Z9-21-057,Z9/21,2024-11-12,petr-borecky-1,Petr Bořecký,Lidovci a Starostové,Ano,Ano,15175bb0cb9a30c8,ano,,60. Návrh na neudělení výjimky z Pravidel pronájmu bytů v domech v majetku statutárního města Brna žadatelce o bezbariérový byt,https://apl.brno.cz/protokoly-zmb/zmb-z9-21/20241112-57-35526.html
Z9-21-058,Z9/21,2024-11-12,petr-borecky-1,Petr Bořecký,Lidovci a Starostové,Ano,Ano,e58a80e78ddc8f77,ano,,Body č. 61-65,https://apl.brno.cz/protokoly-zmb/zmb-z9-21/20241112-58-35562.html
Z9-21-059,Z9/21,2024-11-12,petr-borecky-1,Petr Bořecký,Lidovci a Starostové,Ano,Ano,614a2e1896ff0229,ano,,"66. Návrh budoucího prodeje částí pozemků p. č. 7016/1, 7016/18, 7016/19 v k. ú. Bystrc, návrh na zřízení budoucích věcných práv a služebností",https://apl.brno.cz/protokoly-zmb/zmb-z9-21/20241112-59-35596.html
Z9-21-061,Z9/21,2024-11-12,petr-borecky-1,Petr Bořecký,Lidovci a Starostové,Ano,Ano,c8c8ee61bb1c8be5,ano,,Body č. 68-72,https://apl.brno.cz/protokoly-zmb/zmb-z9-21/20241112-61-35661.html
Z9-21-060,Z9/21,2024-11-12,petr-borecky-1,Petr Bořecký,Lidovci a Starostové,Ano,Ano,89a6dcebf6cc315b,ano,,67. Návrh úplatného nabytí pozemků pod komunikacemi v k. ú. Bohunice a návrh na uzavření dodatku č. 3 ke Smlouvě o uzavření budoucí kupní smlouvy č. 6319074508 s Masarykovou univerzitou,https://apl.brno.cz/protokoly-zmb/zmb-z9-21/20241112-60-35625.html
Z9-21-062,Z9/21,2024-11-12,petr-borecky-1,Petr Bořecký,Lidovci a Starostové,Ano,Ano,28aa4e78948d45d7,ano,,Body č. 73-81,https://apl.brno.cz/protokoly-zmb/zmb-z9-21/20241112-62-35716.html
Z9-21-063,Z9/21,2024-11-12,petr-borecky-1,Petr Bořecký,Lidovci a Starostové,Ano,Ano,e75c6f4df0925a54,ano,,82. Návrh na uznání vlastnického práva k části pozemku p. č. 1272 v k. ú. Černovice formou souhlasného prohlášení,https://apl.brno.cz/protokoly-zmb/zmb-z9-21/20241112-63-35759.html
Z9-21-065,Z9/21,2024-11-12,petr-borecky-1,Petr Bořecký,Lidovci a Starostové,Ano,Ano,d403e2a2bfc90809,ano,,83. Návrh na uznání vlastnického práva k pozemku p. č. 490/2 k. ú. Kohoutovice formou souhlasného prohlášení,https://apl.brno.cz/protokoly-zmb/zmb-z9-21/20241112-65-35838.html
Z9-21-066,Z9/21,2024-11-12,petr-borecky-1,Petr Bořecký,Lidovci a Starostové,Ano,Ano,821bc805d2d793f7,ano,,Body č. 84-92,https://apl.brno.cz/protokoly-zmb/zmb-z9-21/20241112-66-35880.html
Z9-21-067,Z9/21,2024-11-12,petr-borecky-1,Petr Bořecký,Lidovci a Starostové,Ano,Ano,5bfb88e067fa1afe,ano,,"93. Návrh směny nemovitých věcí v k. ú. Město Brno a v k. ú. Veveří s Biskupstvím brněnským, návrh na zřízení služebnosti",https://apl.brno.cz/protokoly-zmb/zmb-z9-21/20241112-67-36937.html
Z9-21-068,Z9/21,2024-11-12,petr-borecky-1,Petr Bořecký,Lidovci a Starostové,Ano,Ano,39dbdb944cd1f533,ano,,Body č. 94-96,https://apl.brno.cz/protokoly-zmb/zmb-z9-21/20241112-68-37025.html
Z9-21-069,Z9/21,2024-11-12,petr-borecky-1,Petr Bořecký,Lidovci a Starostové,Ano,Ano,0716083039ad47e7,ano,,Body č. 97 a 98,https://apl.brno.cz/protokoly-zmb/zmb-z9-21/20241112-69-37126.html
Z9-21-070,Z9/21,2024-11-12,petr-borecky-1,Petr Bořecký,Lidovci a Starostové,Ano,Ano,d6d60d595b433217,ano,,"99. Návrh na udělení výjimky z metodiky týkající se užívání pozemků, které jsou součástí veřejného prostranství, návrh pronájmu pozemků a částí pozemků v k. ú. Trnitá společnosti Brno New Town Square, s. r. o.",https://apl.brno.cz/protokoly-zmb/zmb-z9-21/20241112-70-37158.html
Z9-21-071,Z9/21,2024-11-12,petr-borecky-1,Petr Bořecký,Lidovci a Starostové,Ano,Ano,245606dbd6b33654,ano,,100. Návrh Smlouvy o spolupráci při výstavbě veřejné infrastruktury „REKONSTRUKCE OBJEKTU MILADY HORÁKOVÉ 19“,https://apl.brno.cz/protokoly-zmb/zmb-z9-21/20241112-71-37215.html
Z9-21-072,Z9/21,2024-11-12,petr-borecky-1,Petr Bořecký,Lidovci a Starostové,Ano,Ano,026f6362371bf699,ano,,101. Návrh Smlouvy o spolupráci při výstavbě veřejné infrastruktury „POLYFUNKČNÍ DŮM PONAVIA REZIDENCE IV“,https://apl.brno.cz/protokoly-zmb/zmb-z9-21/20241112-72-37247.html
Z9-21-074,Z9/21,2024-11-12,petr-borecky-1,Petr Bořecký,Lidovci a Starostové,Ano,Ano,a430910084052f50,ano,,Body č. 102 a 103,https://apl.brno.cz/protokoly-zmb/zmb-z9-21/20241112-74-37355.html
Z9-21-075,Z9/21,2024-11-12,petr-borecky-1,Petr Bořecký,Lidovci a Starostové,Ano,Ano,97905dbe141e3892,ano,,104. Návrh Dodatku č. 1 ke Smlouvě o součinnosti v rámci provozování vodohospodářské infrastruktury,https://apl.brno.cz/protokoly-zmb/zmb-z9-21/20241112-75-37388.html
Z9-21-076,Z9/21,2024-11-12,petr-borecky-1,Petr Bořecký,Lidovci a Starostové,Ano,Ano,b6cbd27af1daedca,ano,,105. Záměr poskytnutí individuálních investičních dotací z rozpočtu města Brna žadatelům v programech Národní sportovní agentury na rok 2025,https://apl.brno.cz/protokoly-zmb/zmb-z9-21/20241112-76-37576.html
Z9-22-001,Z9/22,2024-12-10,petr-borecky-1,Petr Bořecký,Lidovci a Starostové,Ano,Ano,cc1d8d0dbd07702e,ano,,"Pověření Mgr. René Černého, 1. náměstka primátorky, vedením Z9/22. zasedání Zastupitelstva města Brna, konaného dne 10.12.2024",https://apl.brno.cz/protokoly-zmb/zmb-z9-22/20241210-1-29371.html
Z9-22-002,Z9/22,2024-12-10,petr-borecky-1,Petr Bořecký,Lidovci a Starostové,Ano,Ano,f4a8e1d017ddeb2b,ano,,"1. Technický bod (zapisovatelé, právní asistence, ověřovatelé zápisu, schválení programu zasedání ZMB) - ověřovatelé zápisu",https://apl.brno.cz/protokoly-zmb/zmb-z9-22/20241210-2-29519.html
Z9-22-003,Z9/22,2024-12-10,petr-borecky-1,Petr Bořecký,Lidovci a Starostové,Ano,Ano,2ae6683b02d2f32e,ano,,"1. Technický bod (zapisovatelé, právní asistence, ověřovatelé zápisu, schválení programu zasedání ZMB) - program - hlasování o stažení bodu č. 48, 49, 63, 111",https://apl.brno.cz/protokoly-zmb/zmb-z9-22/20241210-3-29943.html
Z9-22-004,Z9/22,2024-12-10,petr-borecky-1,Petr Bořecký,Lidovci a Starostové,Ano,Ano,57f97ce028559a50,ano,,"1. Technický bod (zapisovatelé, právní asistence, ověřovatelé zápisu, schválení programu zasedání ZMB) - program - hlasování o zařazení bodu č. 114, 115, 116, 117, 118, 119, 120",https://apl.brno.cz/protokoly-zmb/zmb-z9-22/20241210-4-29974.html
Z9-22-005,Z9/22,2024-12-10,petr-borecky-1,Petr Bořecký,Lidovci a Starostové,Ano,Ano,8981960323b632bb,ano,,"1. Technický bod (zapisovatelé, právní asistence, ověřovatelé zápisu, schválení programu zasedání ZMB) - program",https://apl.brno.cz/protokoly-zmb/zmb-z9-22/20241210-5-30012.html
Z9-22-006,Z9/22,2024-12-10,petr-borecky-1,Petr Bořecký,Lidovci a Starostové,Ano,Ano,2172d15e7bb24cef,ano,,"1. Technický bod (zapisovatelé, právní asistence, ověřovatelé zápisu, schválení programu zasedání ZMB) - program vč. změn",https://apl.brno.cz/protokoly-zmb/zmb-z9-22/20241210-6-30044.html
Z9-22-007,Z9/22,2024-12-10,petr-borecky-1,Petr Bořecký,Lidovci a Starostové,Ano,Ano,bb67a992e37ab7a5,ano,,4. Návrh změny Jednacího řádu Zastupitelstva města Brna,https://apl.brno.cz/protokoly-zmb/zmb-z9-22/20241210-7-30110.html
Z9-22-008,Z9/22,2024-12-10,petr-borecky-1,Petr Bořecký,Lidovci a Starostové,Ano,Ano,96a027dd1de9fa2c,ano,,5. Kvalifikovaná žádost občanů dle § 16 odst. 2 písm. f) zákona o obcích – nesouhlas s plánovanou výstavbou v městské části Brno-Maloměřice a Obřany,https://apl.brno.cz/protokoly-zmb/zmb-z9-22/20241210-8-30374.html
Z9-22-010,Z9/22,2024-12-10,petr-borecky-1,Petr Bořecký,Lidovci a Starostové,Ano,Ano,b661c13903738d39,ano,,75. Návrh nabytí spoluvlastnického podílu ve výši id. 1/2 pozemku p. č. 888/9 v k. ú. Bohunice z vlastnictví České republiky – Státního pozemkového úřadu do vlastnictví statutárního města Brna,https://apl.brno.cz/protokoly-zmb/zmb-z9-22/20241210-10-30504.html
Z9-22-011,Z9/22,2024-12-10,petr-borecky-1,Petr Bořecký,Lidovci a Starostové,Ano,Ano,1fb4559fed5b5568,ano,,7. Územní plán města Brna – návrh na vydání formou opatření obecné povahy,https://apl.brno.cz/protokoly-zmb/zmb-z9-22/20241210-11-34554.html
Z9-22-012,Z9/22,2024-12-10,petr-borecky-1,Petr Bořecký,Lidovci a Starostové,Nehlasoval,Nehlasoval,761057c791320312,ano,,6. Návrh rozpočtu statutárního města Brna na rok 2025 - hlasování o návrhu p. Zemka,https://apl.brno.cz/protokoly-zmb/zmb-z9-22/20241210-12-35789.html
Z9-22-013,Z9/22,2024-12-10,petr-borecky-1,Petr Bořecký,Lidovci a Starostové,Nehlasoval,Nehlasoval,8f33504f372c95ff,ano,,6. Návrh rozpočtu statutárního města Brna na rok 2025 - hlasování o návrhu p. Lahody,https://apl.brno.cz/protokoly-zmb/zmb-z9-22/20241210-13-35826.html
Z9-22-015,Z9/22,2024-12-10,petr-borecky-1,Petr Bořecký,Lidovci a Starostové,Nehlasoval,Nehlasoval,9c3ae99581c87ae5,ano,,6. Návrh rozpočtu statutárního města Brna na rok 2025 - hlasování o návrhu p. Koláčného,https://apl.brno.cz/protokoly-zmb/zmb-z9-22/20241210-15-35941.html
Z9-22-016,Z9/22,2024-12-10,petr-borecky-1,Petr Bořecký,Lidovci a Starostové,Ano,Ano,b2999502ba6eeafc,ano,,6. Návrh rozpočtu statutárního města Brna na rok 2025,https://apl.brno.cz/protokoly-zmb/zmb-z9-22/20241210-16-35980.html
Z9-22-018,Z9/22,2024-12-10,petr-borecky-1,Petr Bořecký,Lidovci a Starostové,Ano,Ano,0fed38100d539828,ano,,8. Návrh na udělení Ceny města Brna pro rok 2024 - 2.,https://apl.brno.cz/protokoly-zmb/zmb-z9-22/20241210-18-36148.html
Z9-22-017,Z9/22,2024-12-10,petr-borecky-1,Petr Bořecký,Lidovci a Starostové,Ano,Ano,2e0da372b37515cc,ano,,8. Návrh na udělení Ceny města Brna pro rok 2024 - 1.,https://apl.brno.cz/protokoly-zmb/zmb-z9-22/20241210-17-36118.html
Z9-22-020,Z9/22,2024-12-10,petr-borecky-1,Petr Bořecký,Lidovci a Starostové,Ano,Ano,c5bfdefea409a894,ano,,8. Návrh na udělení Ceny města Brna pro rok 2024 - 4.,https://apl.brno.cz/protokoly-zmb/zmb-z9-22/20241210-20-36201.html
Z9-22-019,Z9/22,2024-12-10,petr-borecky-1,Petr Bořecký,Lidovci a Starostové,Ano,Ano,e6375056b7bd1479,ano,,8. Návrh na udělení Ceny města Brna pro rok 2024 - 3.,https://apl.brno.cz/protokoly-zmb/zmb-z9-22/20241210-19-36176.html
Z9-22-021,Z9/22,2024-12-10,petr-borecky-1,Petr Bořecký,Lidovci a Starostové,Ano,Ano,65f0f8857b463793,ano,,8. Návrh na udělení Ceny města Brna pro rok 2024 - 5.,https://apl.brno.cz/protokoly-zmb/zmb-z9-22/20241210-21-36228.html
Z9-22-022,Z9/22,2024-12-10,petr-borecky-1,Petr Bořecký,Lidovci a Starostové,Ano,Ano,29c54de83fe69f36,ano,,8. Návrh na udělení Ceny města Brna pro rok 2024 - 6.,https://apl.brno.cz/protokoly-zmb/zmb-z9-22/20241210-22-36251.html
Z9-22-023,Z9/22,2024-12-10,petr-borecky-1,Petr Bořecký,Lidovci a Starostové,Ano,Ano,58e4f53f1cbd8424,ano,,8. Návrh na udělení Ceny města Brna pro rok 2024 - 7.,https://apl.brno.cz/protokoly-zmb/zmb-z9-22/20241210-23-36281.html
Z9-22-024,Z9/22,2024-12-10,petr-borecky-1,Petr Bořecký,Lidovci a Starostové,Ano,Ano,76ed227ce856bb57,ano,,8. Návrh na udělení Ceny města Brna pro rok 2024 - 8.,https://apl.brno.cz/protokoly-zmb/zmb-z9-22/20241210-24-36307.html
Z9-22-025,Z9/22,2024-12-10,petr-borecky-1,Petr Bořecký,Lidovci a Starostové,Ano,Ano,56091dcc2720a55b,ano,,8. Návrh na udělení Ceny města Brna pro rok 2024 - 9.,https://apl.brno.cz/protokoly-zmb/zmb-z9-22/20241210-25-36335.html
Z9-22-026,Z9/22,2024-12-10,petr-borecky-1,Petr Bořecký,Lidovci a Starostové,Ano,Ano,6df8bccf0c0fcfdd,ano,,8. Návrh na udělení Ceny města Brna pro rok 2024 - 10.,https://apl.brno.cz/protokoly-zmb/zmb-z9-22/20241210-26-36358.html
Z9-22-027,Z9/22,2024-12-10,petr-borecky-1,Petr Bořecký,Lidovci a Starostové,Ano,Ano,2e1da4f372ed8e70,ano,,8. Návrh na udělení Ceny města Brna pro rok 2024 - 11.,https://apl.brno.cz/protokoly-zmb/zmb-z9-22/20241210-27-36379.html
Z9-22-028,Z9/22,2024-12-10,petr-borecky-1,Petr Bořecký,Lidovci a Starostové,Ano,Ano,c4ab7032d7356c68,ano,,8. Návrh na udělení Ceny města Brna pro rok 2024 - 12.,https://apl.brno.cz/protokoly-zmb/zmb-z9-22/20241210-28-36402.html
Z9-22-029,Z9/22,2024-12-10,petr-borecky-1,Petr Bořecký,Lidovci a Starostové,Ano,Ano,bef6ee3eff376378,ano,,8. Návrh na udělení Ceny města Brna pro rok 2024 - 13.,https://apl.brno.cz/protokoly-zmb/zmb-z9-22/20241210-29-36428.html
Z9-22-030,Z9/22,2024-12-10,petr-borecky-1,Petr Bořecký,Lidovci a Starostové,Ano,Ano,9b66cdf37e521790,ano,,8. Návrh na udělení Ceny města Brna pro rok 2024 - 14.,https://apl.brno.cz/protokoly-zmb/zmb-z9-22/20241210-30-36456.html
Z9-22-031,Z9/22,2024-12-10,petr-borecky-1,Petr Bořecký,Lidovci a Starostové,Ano,Ano,782db5546725ff8b,ano,,9. Návrh obecně závazné vyhlášky statutárního města Brna o místních poplatcích,https://apl.brno.cz/protokoly-zmb/zmb-z9-22/20241210-31-36516.html
Z9-22-032,Z9/22,2024-12-10,petr-borecky-1,Petr Bořecký,Lidovci a Starostové,Ano,Ano,a99971c50b893b8e,ano,,"10. Návrh obecně závazné vyhlášky statutárního města Brna, kterou se zrušuje vyhláška č. 10/1996, o použití koeficientu pro výpočet sazby daně z nemovitostí",https://apl.brno.cz/protokoly-zmb/zmb-z9-22/20241210-32-36548.html
Z9-22-033,Z9/22,2024-12-10,petr-borecky-1,Petr Bořecký,Lidovci a Starostové,Ano,Ano,42f208beb656840b,ano,,"11. Návrh obecně závazné vyhlášky statutárního města Brna, kterou se mění obecně závazná vyhláška statutárního města Brna č. 20/2001, kterou se vydává Statut města Brna, ve znění pozdějších vyhlášek",https://apl.brno.cz/protokoly-zmb/zmb-z9-22/20241210-33-36602.html
Z9-22-034,Z9/22,2024-12-10,petr-borecky-1,Petr Bořecký,Lidovci a Starostové,Ano,Ano,b0503cb33c1f2db4,ano,,"12. Návrh obecně závazné vyhlášky, kterou se mění obecně závazná vyhláška statutárního města Brna č. 24/2023, o poplatku za obecní systém odpadového hospodářství",https://apl.brno.cz/protokoly-zmb/zmb-z9-22/20241210-34-37245.html
Z9-22-035,Z9/22,2024-12-10,petr-borecky-1,Petr Bořecký,Lidovci a Starostové,Ano,Ano,5413202314f57188,ano,,13. Návrh řádného členství statutárního města Brna v mezinárodní síti CultureNext,https://apl.brno.cz/protokoly-zmb/zmb-z9-22/20241210-35-37278.html
Z9-22-037,Z9/22,2024-12-10,petr-borecky-1,Petr Bořecký,Lidovci a Starostové,Ano,Ano,a5ea072de6534496,ano,,15. Návrh změny stanov obchodní společnosti Brněnské komunikace a. s.,https://apl.brno.cz/protokoly-zmb/zmb-z9-22/20241210-37-37349.html
Z9-22-038,Z9/22,2024-12-10,petr-borecky-1,Petr Bořecký,Lidovci a Starostové,Ano,Ano,8165da78f6688746,ano,,"16. Návrh dodatků ke zřizovacím listinám Centra sociálních služeb, příspěvkové organizace a Domova pro seniory Mikuláškovo nám., příspěvkové organizace",https://apl.brno.cz/protokoly-zmb/zmb-z9-22/20241210-38-37379.html
Z9-22-036,Z9/22,2024-12-10,petr-borecky-1,Petr Bořecký,Lidovci a Starostové,Ano,Ano,c00928796ce3e82a,ano,,14. Souhlas s aktualizovaným zněním Stanov dobrovolného svazku obcí České dědictví UNESCO,https://apl.brno.cz/protokoly-zmb/zmb-z9-22/20241210-36-37308.html
Z9-22-039,Z9/22,2024-12-10,petr-borecky-1,Petr Bořecký,Lidovci a Starostové,Ano,Ano,5ebac0f7a47721fa,ano,,17. Návrh Dodatku č. 2 Statutu Sociálního fondu,https://apl.brno.cz/protokoly-zmb/zmb-z9-22/20241210-39-37412.html
Z9-22-040,Z9/22,2024-12-10,petr-borecky-1,Petr Bořecký,Lidovci a Starostové,Ano,Ano,17f6885ee1507256,ano,,"18. Návrh prodeje obchodních podílů statutárního města Brna ve společnosti Jihomoravská rozvojová společnost, s. r. o., do vlastnictví Jihomoravského kraje",https://apl.brno.cz/protokoly-zmb/zmb-z9-22/20241210-40-37445.html
Z9-22-042,Z9/22,2024-12-10,petr-borecky-1,Petr Bořecký,Lidovci a Starostové,Ano,Ano,06171916fa868d6c,ano,,20. Poskytování příspěvků členům Zastupitelstva města Brna,https://apl.brno.cz/protokoly-zmb/zmb-z9-22/20241210-42-37511.html
Z9-22-041,Z9/22,2024-12-10,petr-borecky-1,Petr Bořecký,Lidovci a Starostové,Ano,Ano,8b0791d1112c8899,ano,,"19. Odměňování neuvolněných členů Zastupitelstva města Brna a členů komisí Rady města Brna a výborů Zastupitelstva města Brna, kteří nejsou členy Zastupitelstva města Brna",https://apl.brno.cz/protokoly-zmb/zmb-z9-22/20241210-41-37479.html
Z9-22-043,Z9/22,2024-12-10,petr-borecky-1,Petr Bořecký,Lidovci a Starostové,Ano,Ano,d4ffd685568616d5,ano,,21. Tvorba Fondu rezerv a rozvoje na základě očekávaného nedočerpání transferů poskytnutých městským částem na rok 2024 – návrh rozpočtového opatření,https://apl.brno.cz/protokoly-zmb/zmb-z9-22/20241210-43-37543.html
Z9-22-044,Z9/22,2024-12-10,petr-borecky-1,Petr Bořecký,Lidovci a Starostové,Ano,Ano,71100f2fe5d794b0,ano,,"22. Zapojení Fondu rezerv a rozvoje v souvislosti s poskytnutím účelového neinvestičního příspěvku Muzeu města Brna, příspěvkové organizaci, na projekt Země vína, v roce 2024 – návrh rozpočtového opatření",https://apl.brno.cz/protokoly-zmb/zmb-z9-22/20241210-44-37574.html
Z9-22-046,Z9/22,2024-12-10,petr-borecky-1,Petr Bořecký,Lidovci a Starostové,Ano,Ano,4a298f95690ddd88,ano,,24. Aktualizace rozpočtu běžných a kapitálových výdajů Odboru dopravy MMB a Fondu mobility – prosinec 2024 – návrh rozpočtového opatření,https://apl.brno.cz/protokoly-zmb/zmb-z9-22/20241210-46-37640.html
Z9-22-045,Z9/22,2024-12-10,petr-borecky-1,Petr Bořecký,Lidovci a Starostové,Ano,Ano,ab56d05a605f7b9d,ano,,23. Aktualizace rozpočtu Odboru investičního MMB – prosinec 2024 – návrh rozpočtového opatření,https://apl.brno.cz/protokoly-zmb/zmb-z9-22/20241210-45-37609.html
Z9-22-047,Z9/22,2024-12-10,petr-borecky-1,Petr Bořecký,Lidovci a Starostové,Ano,Ano,ad05760faa53d33a,ano,,25. Aktualizace očekávaného čerpání rozpočtu běžných výdajů Odboru školství a mládeže MMB v roce 2024 – návrh rozpočtového opatření,https://apl.brno.cz/protokoly-zmb/zmb-z9-22/20241210-47-37672.html
Z9-22-048,Z9/22,2024-12-10,petr-borecky-1,Petr Bořecký,Lidovci a Starostové,Ano,Ano,1bbdbbb99f5bf878,ano,,"26. Aktualizace rozpočtu běžných výdajů Městské policie Brno v roce 2024, návrh rozpočtového opatření",https://apl.brno.cz/protokoly-zmb/zmb-z9-22/20241210-48-37703.html
Z9-22-050,Z9/22,2024-12-10,petr-borecky-1,Petr Bořecký,Lidovci a Starostové,Ano,Ano,12a123bf821a82f0,ano,,"28. Návrh rozpočtového opatření na pokrytí zvýšených nákladů na energie Národnímu divadlu Brno, příspěvkové organizaci",https://apl.brno.cz/protokoly-zmb/zmb-z9-22/20241210-50-40732.html
Z9-22-049,Z9/22,2024-12-10,petr-borecky-1,Petr Bořecký,Lidovci a Starostové,Ano,Ano,1455c159bcd1559d,ano,,"27. Přesun běžných a kapitálových výdajů v rámci rozpočtu Odboru správy majetku MMB, návrh rozpočtového opatření",https://apl.brno.cz/protokoly-zmb/zmb-z9-22/20241210-49-40700.html
Z9-22-051,Z9/22,2024-12-10,petr-borecky-1,Petr Bořecký,Lidovci a Starostové,Ano,Ano,92a48b1aaffff017,ano,,"29. Návrh na poskytnutí neinvestičního transferu městské části Brno-střed, prodloužení termínů vyúčtování transferů městské části Brno-Bohunice a investičního příspěvku příspěvkové organizaci – návrh rozpočtového opatření",https://apl.brno.cz/protokoly-zmb/zmb-z9-22/20241210-51-40765.html
Z9-22-054,Z9/22,2024-12-10,petr-borecky-1,Petr Bořecký,Lidovci a Starostové,Ano,Ano,bc783c67c2ec06a2,ano,,32. Návrh na poskytnutí neinvestiční individuální dotace spolku Český florbal na uspořádání Mistrovství světa IFF ve florbalu žen 2025 – návrh rozpočtového opatření,https://apl.brno.cz/protokoly-zmb/zmb-z9-22/20241210-54-40965.html
Z9-22-052,Z9/22,2024-12-10,petr-borecky-1,Petr Bořecký,Lidovci a Starostové,Ano,Ano,f009b388117b9c21,ano,,30. Návrh na poskytnutí neinvestičních příspěvků základním školám zapojeným do projektu Příběhy našich sousedů na zajištění vstupu do expozice Tichá hrdinství – návrh rozpočtového opatření,https://apl.brno.cz/protokoly-zmb/zmb-z9-22/20241210-52-40801.html
Z9-22-055,Z9/22,2024-12-10,petr-borecky-1,Petr Bořecký,Lidovci a Starostové,Ano,Ano,4c9323db10b00f69,ano,,33. Návrh na poskytnutí individuálních neinvestičních a investičních dotací pro oblast tělovýchovy a sportu pro rok 2024 – III. kolo – návrh rozpočtového opatření,https://apl.brno.cz/protokoly-zmb/zmb-z9-22/20241210-55-40996.html
Z9-22-057,Z9/22,2024-12-10,petr-borecky-1,Petr Bořecký,Lidovci a Starostové,Ano,Ano,226e75a8c0513190,ano,,35. Záměr poskytnutí individuálních investičních dotací z rozpočtu města Brna žadatelům v programech Národní sportovní agentury na rok 2025,https://apl.brno.cz/protokoly-zmb/zmb-z9-22/20241210-57-41072.html
Z9-22-056,Z9/22,2024-12-10,petr-borecky-1,Petr Bořecký,Lidovci a Starostové,Ano,Ano,a4dd1ee439bc722c,ano,,34. Návrh na poskytnutí individuální investiční dotace spolku SK Líšeň na vybudování LED osvětlení fotbalového stadionu – návrh rozpočtového opatření,https://apl.brno.cz/protokoly-zmb/zmb-z9-22/20241210-56-41040.html
Z9-22-058,Z9/22,2024-12-10,petr-borecky-1,Petr Bořecký,Lidovci a Starostové,Ano,Ano,06bc47e609f2fa3d,ano,,"36. Návrh na poskytnutí účelového investičního transferu městské části Brno-Kohoutovice na realizaci akce ""49-24 Komunitní zahrada při ul. Kopaniny Brno-Kohoutovice“ – návrh rozpočtového opatření",https://apl.brno.cz/protokoly-zmb/zmb-z9-22/20241210-58-41108.html
Z9-22-059,Z9/22,2024-12-10,petr-borecky-1,Petr Bořecký,Lidovci a Starostové,Ano,Ano,1b6f868c7f3fc231,ano,,37. Návrh na poskytnutí účelového investičního transferu městské části Brno-sever na realizaci komunitní zahrady na ulici Bieblova – návrh rozpočtového opatření,https://apl.brno.cz/protokoly-zmb/zmb-z9-22/20241210-59-41142.html
Z9-22-060,Z9/22,2024-12-10,petr-borecky-1,Petr Bořecký,Lidovci a Starostové,Ano,Ano,6d25c0bba09cc8ad,ano,,"38. Návrh na poskytnutí investičního transferu městské části Brno-Žabovřesky na realizovanou zelenou střechu na budově radnice na adrese Horova 28, návrh rozpočtového opatření",https://apl.brno.cz/protokoly-zmb/zmb-z9-22/20241210-60-41175.html
Z9-22-061,Z9/22,2024-12-10,petr-borecky-1,Petr Bořecký,Lidovci a Starostové,Ano,Ano,70421f9c51ad18e6,ano,,39. Návrh na poskytnutí účelových neinvestičních příspěvků na “Odstranění následků škod po povodních“ příspěvkovým organizacím v působnosti Odboru životního prostředí MMB – návrh rozpočtového opatření,https://apl.brno.cz/protokoly-zmb/zmb-z9-22/20241210-61-41205.html
Z9-22-062,Z9/22,2024-12-10,petr-borecky-1,Petr Bořecký,Lidovci a Starostové,Ano,Ano,75a596a697bc5d61,ano,,"40. Návrh na poskytnutí investičního transferu městské části Brno-jih na realizaci projektu Zahrádkářská kolonie Bernáčkova, návrh rozpočtového opatření",https://apl.brno.cz/protokoly-zmb/zmb-z9-22/20241210-62-41436.html
Z9-22-063,Z9/22,2024-12-10,petr-borecky-1,Petr Bořecký,Lidovci a Starostové,Ano,Ano,7eed91f82761ea1b,ano,,41. Návrh na změnu termínu vyúčtování a změnu účelu využití části investičního účelového transferu městské části Brno-Kohoutovice,https://apl.brno.cz/protokoly-zmb/zmb-z9-22/20241210-63-41466.html
Z9-22-064,Z9/22,2024-12-10,petr-borecky-1,Petr Bořecký,Lidovci a Starostové,Nehlasoval,Nehlasoval,dc775881ec8fc8dd,ano,,"42. Návrh na změnu neinvestičních příspěvků u příspěvkových organizací v působnosti Odboru kultury MMB v roce 2024 z důvodu kompenzace snížené dotace z Ministerstva kultury ČR, tvorba Fondu rezerv a rozvoje – návrh rozpočtového opatření",https://apl.brno.cz/protokoly-zmb/zmb-z9-22/20241210-64-41499.html
Z9-22-065,Z9/22,2024-12-10,petr-borecky-1,Petr Bořecký,Lidovci a Starostové,Ano,Ano,741918bd086649d2,ano,,"43. Návrh na změnu účelu využití účelového neinvestičního příspěvku Knihovny Jiřího Mahena v Brně, příspěvkové organizace, v roce 2024",https://apl.brno.cz/protokoly-zmb/zmb-z9-22/20241210-65-41532.html
Z9-22-066,Z9/22,2024-12-10,petr-borecky-1,Petr Bořecký,Lidovci a Starostové,Ano,Ano,d66af69f98d7214e,ano,,44. Návrh změn neinvestičních příspěvků u příspěvkových organizací v působnosti Odboru kultury MMB v roce 2024 – návrh rozpočtových opatření,https://apl.brno.cz/protokoly-zmb/zmb-z9-22/20241210-66-41562.html
Z9-22-067,Z9/22,2024-12-10,petr-borecky-1,Petr Bořecký,Lidovci a Starostové,Ano,Ano,59e126c3017018f9,ano,,45. Žádost o prodloužení čerpání účelového neinvestičního příspěvku u příspěvkové organizace v působnosti Odboru strategického rozvoje a spolupráce MMB,https://apl.brno.cz/protokoly-zmb/zmb-z9-22/20241210-67-41594.html
Z9-22-068,Z9/22,2024-12-10,petr-borecky-1,Petr Bořecký,Lidovci a Starostové,Ano,Ano,83074af84b076d18,ano,,"46. Návrh smlouvy o poskytnutí individuální neinvestiční dotace Czech NationalSemiconductor Cluster, z. s., na realizaci projektu „Polovodičové kompetence Brna“",https://apl.brno.cz/protokoly-zmb/zmb-z9-22/20241210-68-41627.html
Z9-22-069,Z9/22,2024-12-10,petr-borecky-1,Petr Bořecký,Lidovci a Starostové,Ano,Ano,d6ef9d7b96ab735c,ano,,"47. Návrh smlouvy o poskytnutí individuální neinvestiční dotace SNIP & CO, reklamní společnost, spol. s r. o., na realizaci projektu „Dronové show 2025"" – návrh rozpočtového opatření",https://apl.brno.cz/protokoly-zmb/zmb-z9-22/20241210-69-41707.html
Z9-22-070,Z9/22,2024-12-10,petr-borecky-1,Petr Bořecký,Lidovci a Starostové,Ano,Ano,ccc0d6129120468c,ano,,"50. Návrh dodatku č. 1 ke Smlouvě o poskytnutí neinvestiční dotace č. 7224090960 – Tady to mám rád, z. s. – návrh rozpočtového opatření",https://apl.brno.cz/protokoly-zmb/zmb-z9-22/20241210-70-41755.html
Z9-22-071,Z9/22,2024-12-10,petr-borecky-1,Petr Bořecký,Lidovci a Starostové,Ano,Ano,e4f105ff24f01c5c,ano,,"51. Návrh dodatku č. 1 ke Smlouvě o poskytnutí neinvestiční dotace č. 7224090935 –Sanus Brno, z. s. – návrh rozpočtového opatření",https://apl.brno.cz/protokoly-zmb/zmb-z9-22/20241210-71-41790.html
Z9-22-072,Z9/22,2024-12-10,petr-borecky-1,Petr Bořecký,Lidovci a Starostové,Ano,Ano,c7ee9a45ece2a2a2,ano,,52. Návrh odpisu nákladů na zmařenou investici – SSO Slaměníkova,https://apl.brno.cz/protokoly-zmb/zmb-z9-22/20241210-72-41823.html
Z9-22-074,Z9/22,2024-12-10,petr-borecky-1,Petr Bořecký,Lidovci a Starostové,Ano,Ano,e13829fe346bb09f,ano,,54. Návrh na prominutí dluhu,https://apl.brno.cz/protokoly-zmb/zmb-z9-22/20241210-74-42089.html
Z9-22-073,Z9/22,2024-12-10,petr-borecky-1,Petr Bořecký,Lidovci a Starostové,Ano,Ano,2975b70dcf59fb8f,ano,,53. Návrh dohody o narovnání a prominutí dluhu společnosti S-Invest CZ s. r. o.,https://apl.brno.cz/protokoly-zmb/zmb-z9-22/20241210-73-42053.html
Z9-22-075,Z9/22,2024-12-10,petr-borecky-1,Petr Bořecký,Lidovci a Starostové,Ano,Ano,eb8dc9fc4448f3cf,ano,,55. Návrh na slevu z nájemného z nájemní smlouvy č. 6312032822,https://apl.brno.cz/protokoly-zmb/zmb-z9-22/20241210-75-42130.html
Z9-22-076,Z9/22,2024-12-10,petr-borecky-1,Petr Bořecký,Lidovci a Starostové,Ano,Ano,977e1eb11235a37c,ano,,56. Žádosti o souhlas se změnou projektu/činnosti a návrh dodatku ke smlouvě o poskytnutí dotace v oblasti kultury,https://apl.brno.cz/protokoly-zmb/zmb-z9-22/20241210-76-42166.html
Z9-22-077,Z9/22,2024-12-10,petr-borecky-1,Petr Bořecký,Lidovci a Starostové,Ano,Ano,f29bd008a28b3b12,ano,,"57. Návrh Dodatku č. 3 ke Smlouvě o společné realizaci projektu ""Velké dějiny města Brna""",https://apl.brno.cz/protokoly-zmb/zmb-z9-22/20241210-77-42196.html
Z9-22-078,Z9/22,2024-12-10,petr-borecky-1,Petr Bořecký,Lidovci a Starostové,Ano,Ano,4cd1933b5ac0a8d2,ano,,58. Projekty financované z Fondu kofinancování projektů – prosinec 2024 – návrh rozpočtového opatření,https://apl.brno.cz/protokoly-zmb/zmb-z9-22/20241210-78-42226.html
Z9-22-079,Z9/22,2024-12-10,petr-borecky-1,Petr Bořecký,Lidovci a Starostové,Ano,Ano,0d3700dd11d9ae74,ano,,59. Finanční prostředky Fondu kofinancování projektů – prosinec 2024 – návrh rozpočtových opatření,https://apl.brno.cz/protokoly-zmb/zmb-z9-22/20241210-79-42261.html
Z9-22-080,Z9/22,2024-12-10,petr-borecky-1,Petr Bořecký,Lidovci a Starostové,Ano,Ano,0c0d90d4e3a330cd,ano,,"60. Projekt ""Dům pro seniory Bystrc"" – posouzení projektu",https://apl.brno.cz/protokoly-zmb/zmb-z9-22/20241210-80-42293.html
Z9-22-082,Z9/22,2024-12-10,petr-borecky-1,Petr Bořecký,Lidovci a Starostové,Ano,Ano,d597a6eb8ec8bfea,ano,,"62. Projekt ""Rozšíření monitoringu a logování síťových prvků SMB"" – rozhodnutí o poskytnutí dotace",https://apl.brno.cz/protokoly-zmb/zmb-z9-22/20241210-82-42364.html
Z9-22-081,Z9/22,2024-12-10,petr-borecky-1,Petr Bořecký,Lidovci a Starostové,Ano,Ano,5f4ef75f72e80314,ano,,"61. Projekt ""Kontaktní centrum Koliště"" – rozhodnutí o poskytnutí dotace",https://apl.brno.cz/protokoly-zmb/zmb-z9-22/20241210-81-42326.html
Z9-22-083,Z9/22,2024-12-10,petr-borecky-1,Petr Bořecký,Lidovci a Starostové,Ano,Ano,c5d5cc237e576a75,ano,,"64. Předchozí souhlas Zastupitelstva města Brna k úhradě kupní ceny spoluvlastnických podílů na pozemcích ve splátkách dle ""Postupu města při prodeji bytového fondu"" – Gallašova 2/Grmelova 10, Brno",https://apl.brno.cz/protokoly-zmb/zmb-z9-22/20241210-83-42406.html
Z9-22-085,Z9/22,2024-12-10,petr-borecky-1,Petr Bořecký,Lidovci a Starostové,Ano,Ano,534f24397ad96ff1,ano,,"65. Návrh postupu při zpeněžení pozemků p. č. 2615/1, 2615/49, 2615/54, 2615/55, 2825/6, 2828/2, 2828/203, 2828/204, 2861/1, 2861/2, 2861/3 v k. ú. Černovice nebo jejich částí - var. B vč. doplnění",https://apl.brno.cz/protokoly-zmb/zmb-z9-22/20241210-85-42725.html
Z9-22-086,Z9/22,2024-12-10,petr-borecky-1,Petr Bořecký,Lidovci a Starostové,Ano,Ano,5cf4e255de6ef411,ano,,Body č. 66-68,https://apl.brno.cz/protokoly-zmb/zmb-z9-22/20241210-86-42806.html
Z9-22-087,Z9/22,2024-12-10,petr-borecky-1,Petr Bořecký,Lidovci a Starostové,Ano,Ano,333da81f5bc447e4,ano,,69. Návrh prodeje části pozemku p. č. 1378 v k. ú. Štýřice,https://apl.brno.cz/protokoly-zmb/zmb-z9-22/20241210-87-42846.html
Z9-22-088,Z9/22,2024-12-10,petr-borecky-1,Petr Bořecký,Lidovci a Starostové,Ano,Ano,32d4b5bacad2e5c3,ano,,"70. Návrh prodeje spoluvlastnického podílu ve výši id. 1/6 na pozemku p. č. 2952/20 v k. ú. Černovice do vlastnictví České republiky – Správy železnic, státní organizace",https://apl.brno.cz/protokoly-zmb/zmb-z9-22/20241210-88-42886.html
Z9-22-089,Z9/22,2024-12-10,petr-borecky-1,Petr Bořecký,Lidovci a Starostové,Ano,Ano,3f525f8dfcaea990,ano,,"71. Adresný záměr úplatného převodu spoluvlastnických podílů na pozemcích p. č. 1658/5 a p. č. 1658/6, v k. ú. Černovice, pod bytovým domem č. p. 1191 v k. ú. Černovice, Brno, Bytovému družstvu Kneslova, družstvo",https://apl.brno.cz/protokoly-zmb/zmb-z9-22/20241210-89-42953.html
Z9-22-090,Z9/22,2024-12-10,petr-borecky-1,Petr Bořecký,Lidovci a Starostové,Ano,Ano,4e62e287ed7109e5,ano,,Body č. 72-74,https://apl.brno.cz/protokoly-zmb/zmb-z9-22/20241210-90-42993.html
Z9-22-092,Z9/22,2024-12-10,petr-borecky-1,Petr Bořecký,Lidovci a Starostové,Ano,Ano,5d6fd39ac6d7f365,ano,,Body č. 81-82,https://apl.brno.cz/protokoly-zmb/zmb-z9-22/20241210-92-43104.html
Z9-22-091,Z9/22,2024-12-10,petr-borecky-1,Petr Bořecký,Lidovci a Starostové,Ano,Ano,18af593eab69c79b,ano,,Body č. 76-80,https://apl.brno.cz/protokoly-zmb/zmb-z9-22/20241210-91-43063.html
Z9-22-093,Z9/22,2024-12-10,petr-borecky-1,Petr Bořecký,Lidovci a Starostové,Ano,Ano,c8cc0d8b48cc07fa,ano,,Body č. 83-85,https://apl.brno.cz/protokoly-zmb/zmb-z9-22/20241210-93-43170.html
Z9-22-094,Z9/22,2024-12-10,petr-borecky-1,Petr Bořecký,Lidovci a Starostové,Ano,Ano,b895849a0074fa5b,ano,,Body č. 86 a 87,https://apl.brno.cz/protokoly-zmb/zmb-z9-22/20241210-94-43209.html
Z9-22-095,Z9/22,2024-12-10,petr-borecky-1,Petr Bořecký,Lidovci a Starostové,Ano,Ano,e87262328d4d2eb2,ano,,88. Nabídka na využití předkupního práva dle § 101 stavebního zákona k podílu id. 1/9 pozemku p. č. 1902/4 v k. ú. Tuřany,https://apl.brno.cz/protokoly-zmb/zmb-z9-22/20241210-95-43246.html
Z9-22-096,Z9/22,2024-12-10,petr-borecky-1,Petr Bořecký,Lidovci a Starostové,Ano,Ano,4ecdae19d0515fbc,ano,,Body č. 89-101,https://apl.brno.cz/protokoly-zmb/zmb-z9-22/20241210-96-43311.html
Z9-22-097,Z9/22,2024-12-10,petr-borecky-1,Petr Bořecký,Lidovci a Starostové,Ano,Ano,1b1099c15cf5baab,ano,,102. Návrh majetkové dispozice nemovitých věcí v k. ú. Trnitá pro celkovou revitalizaci území Skořepka,https://apl.brno.cz/protokoly-zmb/zmb-z9-22/20241210-97-43351.html
Z9-22-098,Z9/22,2024-12-10,petr-borecky-1,Petr Bořecký,Lidovci a Starostové,Ano,Ano,354919d7ea0e511b,ano,,"103. Návrh budoucí směny pozemků v k. ú. Černovice a Tuřany za pozemky v k. ú. Černovice, Komín, Líšeň a Slatina a návrh budoucího prodeje pozemků v k. ú. Černovice",https://apl.brno.cz/protokoly-zmb/zmb-z9-22/20241210-98-43388.html
Z9-22-099,Z9/22,2024-12-10,petr-borecky-1,Petr Bořecký,Lidovci a Starostové,Ano,Ano,850f239ce1b03724,ano,,"104. Návrh svěření majetku města městské části Brno-Slatina, pozemků p. č. 68/2, p. č. 342/4, p. č. 3574/3 k. ú. Slatina",https://apl.brno.cz/protokoly-zmb/zmb-z9-22/20241210-99-43430.html
Z9-22-100,Z9/22,2024-12-10,petr-borecky-1,Petr Bořecký,Lidovci a Starostové,Ano,Ano,75077b7cc51c4d23,ano,,105. Návrh na změnu části usnesení Zastupitelstva města Brna Z9/18 konaného dne 18. 6. 2024 pod bodem 140 – návrh svěření nemovitých věcí v k. ú. Židenice městské části Brno-Vinohrady,https://apl.brno.cz/protokoly-zmb/zmb-z9-22/20241210-100-43463.html
Z9-22-101,Z9/22,2024-12-10,petr-borecky-1,Petr Bořecký,Lidovci a Starostové,Ano,Ano,546ecd11a7f46773,ano,,"106. Návrh na odnětí svěřeného majetku města městské části Brno-střed, pozemků p. č. 31/12, p. č. 41/2, p. č. 41/3, p. č. 41/4, p. č. 1119/2, p. č. 1119/4 v k. ú. Trnitá",https://apl.brno.cz/protokoly-zmb/zmb-z9-22/20241210-101-43501.html
Z9-22-102,Z9/22,2024-12-10,petr-borecky-1,Petr Bořecký,Lidovci a Starostové,Ano,Ano,9b6267dc9649d966,ano,,107. Návrh smlouvy o pachtu a provozování vodovodů a kanalizací,https://apl.brno.cz/protokoly-zmb/zmb-z9-22/20241210-102-43536.html
Z9-22-103,Z9/22,2024-12-10,petr-borecky-1,Petr Bořecký,Lidovci a Starostové,Ano,Ano,d93de2b99f934d0a,ano,,Body č. 108 a 110,https://apl.brno.cz/protokoly-zmb/zmb-z9-22/20241210-103-43605.html
Z9-22-104,Z9/22,2024-12-10,petr-borecky-1,Petr Bořecký,Lidovci a Starostové,Ano,Ano,acc3158dd30d8582,ano,,109. Návrh Smlouvy o spolupráci při výstavbě veřejné infrastruktury „BD MORAVANSKÁ“,https://apl.brno.cz/protokoly-zmb/zmb-z9-22/20241210-104-43639.html
Z9-22-105,Z9/22,2024-12-10,petr-borecky-1,Petr Bořecký,Lidovci a Starostové,Ano,Ano,4d02965506f99152,ano,,"112. Návrh Dodatku č. 2 ke Smlouvě o spolupráci při výstavbě veřejné infrastruktury ""RYBÁŘKA, POLYFUNKČNÍ SOUBOR – dům C2""",https://apl.brno.cz/protokoly-zmb/zmb-z9-22/20241210-105-43677.html
Z9-22-106,Z9/22,2024-12-10,petr-borecky-1,Petr Bořecký,Lidovci a Starostové,Ano,Ano,2af4f1133ec8b860,ano,,"113. Návrh Dodatku č. 2 ke Smlouvě o spolupráci při výstavbě veřejné infrastruktury „Residenční park Štefánikova, Brno – soubor staveb I (Etapa A+B)“",https://apl.brno.cz/protokoly-zmb/zmb-z9-22/20241210-106-43706.html
Z9-22-107,Z9/22,2024-12-10,petr-borecky-1,Petr Bořecký,Lidovci a Starostové,Ano,Ano,2cf30a6bfa4cb522,ano,,114. Tvorba Fondu rezerv a rozvoje na základě očekávaného nedočerpání rozpočtu kapitálových výdajů Odboru kultury MMB roku 2024 – návrh rozpočtového opatření,https://apl.brno.cz/protokoly-zmb/zmb-z9-22/20241210-107-43816.html
Z9-22-109,Z9/22,2024-12-10,petr-borecky-1,Petr Bořecký,Lidovci a Starostové,Ano,Ano,581a53a924c21bf9,ano,,"116. Návrh na změnu části usnesení zasedání Zastupitelstva města Brna č. Z9/19 konaného dne 10.09.2024, bod č. 159 týkající se směny nemovitých věcí v k.ú. Pisárky se společností STAREZ – SPORT, a. s.",https://apl.brno.cz/protokoly-zmb/zmb-z9-22/20241210-109-43884.html
Z9-22-108,Z9/22,2024-12-10,petr-borecky-1,Petr Bořecký,Lidovci a Starostové,Nehlasoval,Nehlasoval,a17cb31001c93cf5,ano,,"115. Záměr nabytí částí pozemku p. č. 424/1 v k.ú. Trnitá nově označených jako p. č. 424/18 a p. č. 424/19, souhlas s nabídkou kupní ceny Českých drah, a. s., pro stavbu „Cyklistická stezka Hladíkova“",https://apl.brno.cz/protokoly-zmb/zmb-z9-22/20241210-108-43850.html
Z9-22-110,Z9/22,2024-12-10,petr-borecky-1,Petr Bořecký,Lidovci a Starostové,Ano,Ano,292e11050043e8f9,ano,,"117. Návrh nabytí části pozemku p. č. 2795/2 v k. ú. Bosonohy pro stavbu ""Brno, MČ Bosonohy III. a IV. etapa – dostavba oddílného kanalizačního systému“ – návrh kupní smlouvy",https://apl.brno.cz/protokoly-zmb/zmb-z9-22/20241210-110-43920.html
Z9-22-113,Z9/22,2024-12-10,petr-borecky-1,Petr Bořecký,Lidovci a Starostové,Ano,Ano,f58b00e80aeb7956,ano,,120. Návrh na prodloužení termínu vyúčtování účelového investičního transferu poskytnutého městské části Brno-sever,https://apl.brno.cz/protokoly-zmb/zmb-z9-22/20241210-113-44013.html
Z9-23-001,Z9/23,2025-01-28,petr-borecky-1,Petr Bořecký,Lidovci a Starostové,Ano,Ano,19ae43011b02ab83,ano,,"Pověření Mgr. René Černého, 1. náměstka primátorky, vedením Z9/23. zasedání Zastupitelstva města Brna, konaného dne 28. 1. 2025",https://apl.brno.cz/protokoly-zmb/zmb-z9-23/20250128-1-33297.html
Z9-23-002,Z9/23,2025-01-28,petr-borecky-1,Petr Bořecký,Lidovci a Starostové,Ano,Ano,6d68964c98c4dff8,ano,,"1. Technický bod (zapisovatelé, právní asistence, ověřovatelé zápisu, schválení programu zasedání ZMB) - ověřovatelé zápisu",https://apl.brno.cz/protokoly-zmb/zmb-z9-23/20250128-2-33537.html
Z9-23-003,Z9/23,2025-01-28,petr-borecky-1,Petr Bořecký,Lidovci a Starostové,Ano,Ano,b1265f3c9669332b,ano,,"1. Technický bod (zapisovatelé, právní asistence, ověřovatelé zápisu, schválení programu zasedání ZMB) - program - hlasování o stažení bodu č. 40",https://apl.brno.cz/protokoly-zmb/zmb-z9-23/20250128-3-33736.html
Z9-23-004,Z9/23,2025-01-28,petr-borecky-1,Petr Bořecký,Lidovci a Starostové,Ano,Ano,fb869471934c03fd,ano,,"1. Technický bod (zapisovatelé, právní asistence, ověřovatelé zápisu, schválení programu zasedání ZMB) - program - hlasování o zařazení bodu č. 118",https://apl.brno.cz/protokoly-zmb/zmb-z9-23/20250128-4-33768.html
Z9-23-005,Z9/23,2025-01-28,petr-borecky-1,Petr Bořecký,Lidovci a Starostové,Ano,Ano,15c6125436b1aa9e,ano,,"1. Technický bod (zapisovatelé, právní asistence, ověřovatelé zápisu, schválení programu zasedání ZMB) - program",https://apl.brno.cz/protokoly-zmb/zmb-z9-23/20250128-5-33812.html
Z9-22-053,Z9/22,2024-12-10,petr-borecky-1,Petr Bořecký,Lidovci a Starostové,Ano,Ano,902d8355160455e0,ano,,"31. Zapojení Fondu rezerv a rozvoje v souvislosti s poskytnutím neinvestičního příspěvku Nemocnici Milosrdných bratří, příspěvkové organizaci, z důvodu evakuace nemocnice před hrozící záplavou – návrh rozpočtového opatření",https://apl.brno.cz/protokoly-zmb/zmb-z9-22/20241210-53-40930.html
Z9-23-007,Z9/23,2025-01-28,petr-borecky-1,Petr Bořecký,Lidovci a Starostové,Ano,Ano,b05b996e7e4bb892,ano,,6. Návrh na pojmenování nových ulic na území města Brna,https://apl.brno.cz/protokoly-zmb/zmb-z9-23/20250128-7-33919.html
Z9-23-008,Z9/23,2025-01-28,petr-borecky-1,Petr Bořecký,Lidovci a Starostové,Ano,Ano,d0e9f6dd931fbf75,ano,,7. Smlouva o spolupráci mezi městy Záhřebem (Chorvatská republika) a Brnem (Česká republika) – návrh na pověření podpisem,https://apl.brno.cz/protokoly-zmb/zmb-z9-23/20250128-8-33954.html
Z9-23-009,Z9/23,2025-01-28,petr-borecky-1,Petr Bořecký,Lidovci a Starostové,Ano,Ano,5e27c4870d70a804,ano,,8. Strategie bydlení města Brna 2018-2030 - návrh Akčního plánu 2025-2027,https://apl.brno.cz/protokoly-zmb/zmb-z9-23/20250128-9-35136.html
Z9-23-010,Z9/23,2025-01-28,petr-borecky-1,Petr Bořecký,Lidovci a Starostové,Ano,Ano,11d9d446aed47e57,ano,,9. Návrh aktualizace Integrované strategie rozvoje Brněnské metropolitní oblasti 2021+,https://apl.brno.cz/protokoly-zmb/zmb-z9-23/20250128-10-35312.html
Z9-23-011,Z9/23,2025-01-28,petr-borecky-1,Petr Bořecký,Lidovci a Starostové,Ano,Ano,165258a9736c4450,ano,,"10. Žádost o souhlas se změnou dramaturgického plánu celoroční činnosti ""Popularizace historie, architektury a hudby ve vile Stiassni"" – Národní památkový ústav",https://apl.brno.cz/protokoly-zmb/zmb-z9-23/20250128-11-35352.html
Z9-23-012,Z9/23,2025-01-28,petr-borecky-1,Petr Bořecký,Lidovci a Starostové,Ano,Ano,af2e4c254a6b61b4,ano,,"11. Souhlas s vytvořením společného školského obvodu Základní školy Brno, Arménská 21, příspěvkové organizace, s obcí Nebovidy – návrh dohody",https://apl.brno.cz/protokoly-zmb/zmb-z9-23/20250128-12-35381.html
Z9-23-013,Z9/23,2025-01-28,petr-borecky-1,Petr Bořecký,Lidovci a Starostové,Ano,Ano,bee07320db6627f3,ano,,12. Návrh Dohody členů společnosti ARENA REALIZACE o vypořádání nákladů dle čl. 3. odst. 3.1. písm. d) Dodatku č. 2 Smlouvy o společnosti ARENA REALIZACE,https://apl.brno.cz/protokoly-zmb/zmb-z9-23/20250128-13-35410.html
Z9-23-014,Z9/23,2025-01-28,petr-borecky-1,Petr Bořecký,Lidovci a Starostové,Ano,Ano,5dc6013dbf1a2a61,ano,,13. Aktualizace rozpočtu Odboru investičního MMB – leden 2025 – návrh rozpočtového opatření,https://apl.brno.cz/protokoly-zmb/zmb-z9-23/20250128-14-35538.html
Z9-23-015,Z9/23,2025-01-28,petr-borecky-1,Petr Bořecký,Lidovci a Starostové,Ano,Ano,ea34dd5fa4c67bb2,ano,,14. Návrh rozpočtového opatření v rozpočtu Odboru strategického rozvoje a spolupráce MMB,https://apl.brno.cz/protokoly-zmb/zmb-z9-23/20250128-15-35570.html
Z9-23-016,Z9/23,2025-01-28,petr-borecky-1,Petr Bořecký,Lidovci a Starostové,Ano,Ano,a0cf389b27e3dc1a,ano,,15. Návrh rozpočtového opatření v souvislosti s realizací veřejné zakázky na dodávku koncertních varhan v roce 2025,https://apl.brno.cz/protokoly-zmb/zmb-z9-23/20250128-16-35600.html
Z9-23-017,Z9/23,2025-01-28,petr-borecky-1,Petr Bořecký,Lidovci a Starostové,Ano,Ano,e615a9262776211d,ano,,"16. Přesun běžných výdajů v rámci rozpočtu Odboru správy majetku MMB, návrh rozpočtového opatření",https://apl.brno.cz/protokoly-zmb/zmb-z9-23/20250128-17-35632.html
Z9-23-018,Z9/23,2025-01-28,petr-borecky-1,Petr Bořecký,Lidovci a Starostové,Ano,Ano,a23eb4625b068e34,ano,,"17. Zapojení Fondu rezerv a rozvoje k financování běžných a kapitálových výdajů Odboru školství a mládeže, Dodatek č. 2 ke Smlouvě o dílo ""Rekonstrukce soc. zařízení v prostorách pavilonu B a vestibulu Waldorfské školy Brno"" – návrh rozpočtového opatření",https://apl.brno.cz/protokoly-zmb/zmb-z9-23/20250128-18-35660.html
Z9-23-019,Z9/23,2025-01-28,petr-borecky-1,Petr Bořecký,Lidovci a Starostové,Ano,Ano,1a7ab7a12f1d2f2d,ano,,"18. Zapojení Fondu Dáme na vás na projekty participativního rozpočtu, výsledky hlasování – návrh rozpočtového opatření",https://apl.brno.cz/protokoly-zmb/zmb-z9-23/20250128-19-35691.html
Z9-23-020,Z9/23,2025-01-28,petr-borecky-1,Petr Bořecký,Lidovci a Starostové,Ano,Ano,6a38a795d0d51355,ano,,19. Návrh na poskytnutí transferů městským částem z rozpočtu Odboru investičního MMB na rok 2025 – návrh rozpočtového opatření,https://apl.brno.cz/protokoly-zmb/zmb-z9-23/20250128-20-35734.html
Z9-22-111,Z9/22,2024-12-10,petr-borecky-1,Petr Bořecký,Lidovci a Starostové,Ano,Ano,38fcfb121df97494,ano,,"118. Návrh nabytí pozemku p. č. 1495/14 v k. ú. Bosonohy pro stavbu ""Brno, MČ Bosonohy III. a IV. etapa – dostavba oddílného kanalizačního systému“ – návrh kupní smlouvy",https://apl.brno.cz/protokoly-zmb/zmb-z9-22/20241210-111-43951.html
Z9-22-112,Z9/22,2024-12-10,petr-borecky-1,Petr Bořecký,Lidovci a Starostové,Ano,Ano,e147fbe203132660,ano,,"119. Návrh Dodatku č. 2 ke zřizovací listině Základní školy Brno, Čejkovická 10, příspěvkové organizace",https://apl.brno.cz/protokoly-zmb/zmb-z9-22/20241210-112-43978.html
Z9-23-022,Z9/23,2025-01-28,petr-borecky-1,Petr Bořecký,Lidovci a Starostové,Ano,Ano,18e7100551c4019a,ano,,21. Návrh na poskytnutí neinvestičních dotací na podporu vrcholového sportu pro rok 2025 – návrh rozpočtového opatření,https://apl.brno.cz/protokoly-zmb/zmb-z9-23/20250128-22-35826.html
Z9-23-023,Z9/23,2025-01-28,petr-borecky-1,Petr Bořecký,Lidovci a Starostové,Ano,Ano,d70e96cd20428da1,ano,,22. Návrh na poskytnutí neinvestičních dotací na podporu provozu sportovišť pro rok 2025,https://apl.brno.cz/protokoly-zmb/zmb-z9-23/20250128-23-35867.html
Z9-23-024,Z9/23,2025-01-28,petr-borecky-1,Petr Bořecký,Lidovci a Starostové,Ano,Ano,99ad918abf25a46c,ano,,"23. Návrh na poskytnutí individuální neinvestiční dotace GALANT BRNO, s. r. o., na projekt Zabezpečení celoročního provozu Sportareálu Družstevní v roce 2025",https://apl.brno.cz/protokoly-zmb/zmb-z9-23/20250128-24-35896.html
Z9-23-025,Z9/23,2025-01-28,petr-borecky-1,Petr Bořecký,Lidovci a Starostové,Ano,Ano,6fb5dd30b3c3cb45,ano,,24. Návrh na poskytnutí individuální neinvestiční dotace TJ TESLA BRNO z.s. na projekt Zabezpečení celoročního provozu sportovního areálu TJ TESLA BRNO v roce 2025,https://apl.brno.cz/protokoly-zmb/zmb-z9-23/20250128-25-35935.html
Z9-23-026,Z9/23,2025-01-28,petr-borecky-1,Petr Bořecký,Lidovci a Starostové,Ano,Ano,7c06adbc0fc4308d,ano,,"25. Návrh na poskytnutí individuální neinvestiční dotace spolku Malý fotbal Brno, z. s., na projekt „Podpora činnosti trenérů a animátorů pohybových aktivit na ZŠ“ v období 02/2025–06/2025 – návrh rozpočtového opatření",https://apl.brno.cz/protokoly-zmb/zmb-z9-23/20250128-26-36319.html
Z9-23-028,Z9/23,2025-01-28,petr-borecky-1,Petr Bořecký,Lidovci a Starostové,Ano,Ano,2e8897a2e8b8eee1,ano,,27. Záměr poskytnutí individuální investiční dotace VUT na výměnu povrchu na atletickém stadionu Pod Palackého vrchem v období 2025–2027,https://apl.brno.cz/protokoly-zmb/zmb-z9-23/20250128-28-36450.html
Z9-23-029,Z9/23,2025-01-28,petr-borecky-1,Petr Bořecký,Lidovci a Starostové,Ano,Ano,11aacef463890e39,ano,,28. Návrh na poskytnutí individuální neinvestiční dotace Společenství Romů na Moravě Romano jekhetanibenpre Morava,https://apl.brno.cz/protokoly-zmb/zmb-z9-23/20250128-29-36507.html
Z9-23-006,Z9/23,2025-01-28,petr-borecky-1,Petr Bořecký,Lidovci a Starostové,Ano,Ano,df9bd6218e47a953,ano,,5. Přehled účastí na schůzích výborů ZMB,https://apl.brno.cz/protokoly-zmb/zmb-z9-23/20250128-6-33884.html
Z9-23-030,Z9/23,2025-01-28,petr-borecky-1,Petr Bořecký,Lidovci a Starostové,Ano,Ano,18138b71ddeea1fa,ano,,29. Návrh na poskytnutí neinvestičních dotací v rámci Programu I pro rok 2025 – sociální služby poskytované NNO – návrh rozpočtového opatření - pol. č. 16,https://apl.brno.cz/protokoly-zmb/zmb-z9-23/20250128-30-36577.html
Z9-23-032,Z9/23,2025-01-28,petr-borecky-1,Petr Bořecký,Lidovci a Starostové,Ano,Ano,992ce08a4b19ed79,ano,,29. Návrh na poskytnutí neinvestičních dotací v rámci Programu I pro rok 2025 – sociální služby poskytované NNO – návrh rozpočtového opatření - pol. č. 45,https://apl.brno.cz/protokoly-zmb/zmb-z9-23/20250128-32-36625.html
Z9-23-033,Z9/23,2025-01-28,petr-borecky-1,Petr Bořecký,Lidovci a Starostové,Ano,Ano,f88cdb3200ff9465,ano,,29. Návrh na poskytnutí neinvestičních dotací v rámci Programu I pro rok 2025 – sociální služby poskytované NNO – návrh rozpočtového opatření,https://apl.brno.cz/protokoly-zmb/zmb-z9-23/20250128-33-36652.html
Z9-23-034,Z9/23,2025-01-28,petr-borecky-1,Petr Bořecký,Lidovci a Starostové,Ano,Ano,6e65c640cfb64e44,ano,,"30. Návrh na poskytnutí investičního příspěvku Domovu pro seniory Kociánka, příspěvkové organizaci – návrh rozpočtového opatření",https://apl.brno.cz/protokoly-zmb/zmb-z9-23/20250128-34-36679.html
Z9-23-035,Z9/23,2025-01-28,petr-borecky-1,Petr Bořecký,Lidovci a Starostové,Ano,Ano,636679e8d2751a70,ano,,"31. Návrh na poskytnutí investičních dotací v rámci dotačního programu Podpora vytváření zelených střech přislíbených v roce 2023 a 2024, návrh vzorové veřejnoprávní smlouvy o poskytnutí dotace z rozpočtu města Brna za roky 2023 a 2024",https://apl.brno.cz/protokoly-zmb/zmb-z9-23/20250128-35-36707.html
Z9-23-036,Z9/23,2025-01-28,petr-borecky-1,Petr Bořecký,Lidovci a Starostové,Ano,Ano,c349d696d4880312,ano,,32. Návrh na poskytnutí peněžitého daru do majetku Jihomoravského filmového nadačního fondu,https://apl.brno.cz/protokoly-zmb/zmb-z9-23/20250128-36-36731.html
Z9-23-037,Z9/23,2025-01-28,petr-borecky-1,Petr Bořecký,Lidovci a Starostové,Ano,Ano,c72949dbecc5004e,ano,,33. Návrh smlouvy o poskytnutí individuální dotace z rozpočtu města Brna v letech 2025-2026 pro společnost Prokoncertagency s. r. o. na projekt „BRNO BRASS FEST“,https://apl.brno.cz/protokoly-zmb/zmb-z9-23/20250128-37-36758.html
Z9-23-038,Z9/23,2025-01-28,petr-borecky-1,Petr Bořecký,Lidovci a Starostové,Ano,Ano,41fb858572878a9c,ano,,34. Návrh smlouvy o poskytnutí individuální dotace z rozpočtu města Brna v letech 2025-2026 pro Sdružení přátel folkloru v Brně z. s. na projekt „Mezinárodní folklorní festival Brno“,https://apl.brno.cz/protokoly-zmb/zmb-z9-23/20250128-38-36788.html
Z9-23-021,Z9/23,2025-01-28,petr-borecky-1,Petr Bořecký,Lidovci a Starostové,Ano,Ano,4fb657fb46768412,ano,,"20. Návrh na poskytnutí dotací a uzavření smluv s organizacemi poskytujícími služby zdravotnické, služby v oblasti podpory rodinné politiky a podpory prevence domácího násilí",https://apl.brno.cz/protokoly-zmb/zmb-z9-23/20250128-21-35764.html
Z9-23-027,Z9/23,2025-01-28,petr-borecky-1,Petr Bořecký,Lidovci a Starostové,Ano,Ano,4cc1a6b00530a689,ano,,"26. Návrh na poskytnutí individuální neinvestiční dotace spolku Trenéři ve škole, z. s., na realizaci projektu „Trenéři ve škole“ v období 02/2025-06/2025 – návrh rozpočtového opatření",https://apl.brno.cz/protokoly-zmb/zmb-z9-23/20250128-27-36420.html
Z9-23-031,Z9/23,2025-01-28,petr-borecky-1,Petr Bořecký,Lidovci a Starostové,Ano,Ano,b031b400a999f0f6,ano,,29. Návrh na poskytnutí neinvestičních dotací v rámci Programu I pro rok 2025 – sociální služby poskytované NNO – návrh rozpočtového opatření - pol. č. 29,https://apl.brno.cz/protokoly-zmb/zmb-z9-23/20250128-31-36602.html
Z9-23-039,Z9/23,2025-01-28,petr-borecky-1,Petr Bořecký,Lidovci a Starostové,Ano,Ano,fcf625551282644e,ano,,"35. Návrh smlouvy o poskytnutí individuální dotace z rozpočtu města Brna v letech 2025-2027 pro POST BELLUM, z. ú., na projekt „Institut Paměti národa Brno – multimediální expozice a doprovodný program 2025-2027“",https://apl.brno.cz/protokoly-zmb/zmb-z9-23/20250128-39-36815.html
Z9-23-042,Z9/23,2025-01-28,petr-borecky-1,Petr Bořecký,Lidovci a Starostové,Ano,Ano,13da0fdd929055b8,ano,,"38. Návrh na uzavření dodatku č. 2 ke smlouvě o poskytnutí individuální investiční dotace společnosti STAREZ – SPORT, a. s., na realizaci projektu „Rekonstrukce ledové plochy haly Rondo“",https://apl.brno.cz/protokoly-zmb/zmb-z9-23/20250128-42-36900.html
Z9-23-041,Z9/23,2025-01-28,petr-borecky-1,Petr Bořecký,Lidovci a Starostové,Ano,Ano,7891f705d861d334,ano,,"37. Návrh smlouvy o poskytnutí individuální dotace z rozpočtu města Brna v letech 2025-2026 pro Společně, o. p. s., na projekt „Mendel festival 2025–2026“",https://apl.brno.cz/protokoly-zmb/zmb-z9-23/20250128-41-36869.html
Z9-23-040,Z9/23,2025-01-28,petr-borecky-1,Petr Bořecký,Lidovci a Starostové,Ano,Ano,a40ebbc57187bad8,ano,,36. Návrh smlouvy o poskytnutí individuální dotace z rozpočtu města Brna v letech 2025-2027 pro Nadační fond MEHRIN na projekt „Moravské židovské muzeum Malý Mehrin“ – návrh rozpočtového opatření,https://apl.brno.cz/protokoly-zmb/zmb-z9-23/20250128-40-36843.html
Z9-23-043,Z9/23,2025-01-28,petr-borecky-1,Petr Bořecký,Lidovci a Starostové,Ano,Ano,07f1425488ce3a73,ano,,"39. Návrh plné moci pro společnost KAVA, spol. s r. o.",https://apl.brno.cz/protokoly-zmb/zmb-z9-23/20250128-43-36932.html
Z9-23-044,Z9/23,2025-01-28,petr-borecky-1,Petr Bořecký,Lidovci a Starostové,Ano,Ano,95a51cf4c5fab73b,ano,,41. Finanční prostředky Fondu kofinancování projektů – leden 2025 – návrh rozpočtových opatření,https://apl.brno.cz/protokoly-zmb/zmb-z9-23/20250128-44-36964.html
Z9-23-046,Z9/23,2025-01-28,petr-borecky-1,Petr Bořecký,Lidovci a Starostové,Ano,Ano,a3a3494f4f00369c,ano,,"43. Projekty ""Pořízení cisternové automobilové stříkačky pro JSDH – pro rok 2024"" – rozhodnutí o poskytnutí dotací",https://apl.brno.cz/protokoly-zmb/zmb-z9-23/20250128-46-37025.html
Z9-23-045,Z9/23,2025-01-28,petr-borecky-1,Petr Bořecký,Lidovci a Starostové,Ano,Ano,375545ffb544cd0c,ano,,"42. Projekt ""Integrace cizinců ve městě Brně VI."" – posouzení projektu",https://apl.brno.cz/protokoly-zmb/zmb-z9-23/20250128-45-36994.html
Z9-23-047,Z9/23,2025-01-28,petr-borecky-1,Petr Bořecký,Lidovci a Starostové,Ano,Ano,0df7854c5c13960b,ano,,"44. Návrh na poskytnutí zápůjčky městské části Brno-Slatina a městské části Brno-sever z rozpočtu města Brna, návrh rozpočtového opatření",https://apl.brno.cz/protokoly-zmb/zmb-z9-23/20250128-47-37058.html
Z9-23-048,Z9/23,2025-01-28,petr-borecky-1,Petr Bořecký,Lidovci a Starostové,Ano,Ano,d207368ec3781ec9,ano,,"45. Návrh na zrušení usnesení Zastupitelstva města Brna č. Z9/08 konaného dne 20.06.2023, bod č. 87, Záměr prodeje volné vymezené bytové jednotky v domě Nové sady 22, Brno, a podílu na souvisejícím pozemku p. č. 1463, k. ú. Staré Brno",https://apl.brno.cz/protokoly-zmb/zmb-z9-23/20250128-48-37106.html
Z9-23-050,Z9/23,2025-01-28,petr-borecky-1,Petr Bořecký,Lidovci a Starostové,Ano,Ano,5c2cf79f55a9e26b,ano,,47. Návrh zpeněžení (prodeje) pozemku p. č. 4701/4 v k. ú. Židenice formou veřejné elektronické dobrovolné dražby,https://apl.brno.cz/protokoly-zmb/zmb-z9-23/20250128-50-37527.html
Z9-23-049,Z9/23,2025-01-28,petr-borecky-1,Petr Bořecký,Lidovci a Starostové,Ano,Ano,efc0b0e5d6efd7cc,ano,,"46. Návrh na zrušení usnesení Zastupitelstva města Brna č. Z9/19 konaného dne 10.09.2024, bod č. 83, Záměr prodeje volné vymezené bytové jednotky v domě Purkyňova 1,3,5,7, Brno",https://apl.brno.cz/protokoly-zmb/zmb-z9-23/20250128-49-37138.html
Z9-23-052,Z9/23,2025-01-28,petr-borecky-1,Petr Bořecký,Lidovci a Starostové,Ano,Ano,aa780375873f8d07,ano,,49. Návrh zpeněžení-prodeje pozemku p. č. 685 jehož součástí je bytový dům Kamenná 2 vše v k. ú. Štýřice ve veřejné elektronické dražbě,https://apl.brno.cz/protokoly-zmb/zmb-z9-23/20250128-52-37582.html
Z9-23-051,Z9/23,2025-01-28,petr-borecky-1,Petr Bořecký,Lidovci a Starostové,Ano,Ano,f8ac9e25150d6794,ano,,"48. Návrh zpeněžení (prodeje) pozemků St. p. č. 132, St. p. č. 136/1, p. č. 53/2 a p. č. 53/10, vše v k. ú. Vohančice, formou veřejné elektronické dobrovolné dražby",https://apl.brno.cz/protokoly-zmb/zmb-z9-23/20250128-51-37552.html
Z9-23-053,Z9/23,2025-01-28,petr-borecky-1,Petr Bořecký,Lidovci a Starostové,Ano,Ano,31d847fb549a7720,ano,,"50. Návrh zpeněžení (prodeje) pozemků p. č. 2773/1, p. č. 2773/2 a p. č. 2773/7, vše k. ú. Kuřim, formou veřejné elektronické dobrovolné dražby",https://apl.brno.cz/protokoly-zmb/zmb-z9-23/20250128-53-37609.html
Z9-23-054,Z9/23,2025-01-28,petr-borecky-1,Petr Bořecký,Lidovci a Starostové,Ano,Ano,95a2824762f40359,ano,,Body č. 51-55,https://apl.brno.cz/protokoly-zmb/zmb-z9-23/20250128-54-37681.html
Z9-23-055,Z9/23,2025-01-28,petr-borecky-1,Petr Bořecký,Lidovci a Starostové,Ano,Ano,595c8de49bbd127a,ano,,"56. Návrh prodeje stánku umístěného na části pozemku p. č. 1336 v k. ú. Zábrdovice, návrh souhlasu se záměrem poskytnutí transferu",https://apl.brno.cz/protokoly-zmb/zmb-z9-23/20250128-55-37715.html
Z9-23-058,Z9/23,2025-01-28,petr-borecky-1,Petr Bořecký,Lidovci a Starostové,Ano,Ano,342082def75c6eda,ano,,"61. Návrh nabytí spoluvlastnických podílů k pozemku p. č. 1811/38 v k. ú. Žebětín pro stavbu „Nový chodník v prodloužení ul. Hostislavova II. etapa, 1. úsek“",https://apl.brno.cz/protokoly-zmb/zmb-z9-23/20250128-58-37841.html
Z9-23-059,Z9/23,2025-01-28,petr-borecky-1,Petr Bořecký,Lidovci a Starostové,Ano,Ano,023ef06683c46cd1,ano,,Body č. 62-67,https://apl.brno.cz/protokoly-zmb/zmb-z9-23/20250128-59-37879.html
Z9-23-060,Z9/23,2025-01-28,petr-borecky-1,Petr Bořecký,Lidovci a Starostové,Ano,Ano,aa2e00dae7d894f8,ano,,68. Návrh svěření pravomoci Odboru investičnímu a Odboru dopravy MMB k uzavírání smluv o zřízení věcného břemene u pozemků nabývaných od ČR-ÚZSVM se specifickými podmínkami; návrh rozpočtového opatření,https://apl.brno.cz/protokoly-zmb/zmb-z9-23/20250128-60-37916.html
Z9-23-061,Z9/23,2025-01-28,petr-borecky-1,Petr Bořecký,Lidovci a Starostové,Ano,Ano,db9ffcb977d92970,ano,,Body č. 69-101,https://apl.brno.cz/protokoly-zmb/zmb-z9-23/20250128-61-37981.html
Z9-23-062,Z9/23,2025-01-28,petr-borecky-1,Petr Bořecký,Lidovci a Starostové,Ano,Ano,b31daddb335aee6c,ano,,"102. Návrh souhlasu se záměrem bezúplatného nabytí pozemku p. č. 1191/27 v k. ú. Trnitá, souhlas s technickými podmínkami převodu pozemku p. č. 1191/27 v k. ú. Trnitá",https://apl.brno.cz/protokoly-zmb/zmb-z9-23/20250128-62-38036.html
Z9-23-063,Z9/23,2025-01-28,petr-borecky-1,Petr Bořecký,Lidovci a Starostové,Ano,Ano,f381f406ed6e6b4f,ano,,Body č. 103-106,https://apl.brno.cz/protokoly-zmb/zmb-z9-23/20250128-63-38086.html
Z9-23-065,Z9/23,2025-01-28,petr-borecky-1,Petr Bořecký,Lidovci a Starostové,Ano,Ano,75d8a1d6bfbb033f,ano,,"108. Návrh směny pozemků a části pozemku v k. ú. Trnitá a v k. ú. Komárov, návrh budoucího nabytí pozemku a části pozemku v k. ú. Komárov - stažení bodu",https://apl.brno.cz/protokoly-zmb/zmb-z9-23/20250128-65-38819.html
Z9-23-064,Z9/23,2025-01-28,petr-borecky-1,Petr Bořecký,Lidovci a Starostové,Ano,Ano,b472818f98e3e804,ano,,"107. Návrh na uznání vlastnického práva k pozemkům p. č. 2787, 2788, 2789, vše v k. ú. Bohunice formou souhlasného prohlášení",https://apl.brno.cz/protokoly-zmb/zmb-z9-23/20250128-64-38116.html
Z9-23-066,Z9/23,2025-01-28,petr-borecky-1,Petr Bořecký,Lidovci a Starostové,Ano,Ano,9c9e2f608eea73ad,ano,,Body č. 109 a 110,https://apl.brno.cz/protokoly-zmb/zmb-z9-23/20250128-66-38870.html
Z9-23-068,Z9/23,2025-01-28,petr-borecky-1,Petr Bořecký,Lidovci a Starostové,Nehlasoval,Nehlasoval,16b7ab94e989a6f3,ano,,"112. Návrh svěření majetku města městské části Brno-Kohoutovice, pozemků p. č. 846/145, p. č. 846/198, p. č. 846/205 k. ú. Kohoutovice - stažení bodu",https://apl.brno.cz/protokoly-zmb/zmb-z9-23/20250128-68-39005.html
Z9-23-069,Z9/23,2025-01-28,petr-borecky-1,Petr Bořecký,Lidovci a Starostové,Ano,Ano,d485e2e7fc5e022d,ano,,"113. Návrh svěření majetku města městské části Brno-Židenice, pozemků p. č. 4407/71, p. č. 7861/1, p. č. 7856/1, p. č. 7899/1, p. č. 7899/2 k. ú. Židenice",https://apl.brno.cz/protokoly-zmb/zmb-z9-23/20250128-69-39040.html
Z9-23-070,Z9/23,2025-01-28,petr-borecky-1,Petr Bořecký,Lidovci a Starostové,Ano,Ano,2dcbfdf277706e68,ano,,"114. Návrh odnětí svěřeného majetku města městské části Brno – Řečkovice a Mokrá Hora, pozemků p. č. 48/38, p. č. 49 k. ú. Řečkovice - vč. doplnění",https://apl.brno.cz/protokoly-zmb/zmb-z9-23/20250128-70-39150.html
Z9-23-071,Z9/23,2025-01-28,petr-borecky-1,Petr Bořecký,Lidovci a Starostové,Ano,Ano,ad387a5f62e18e0d,ano,,"115. Návrh kupní smlouvy a smlouvy o zrušení věcného břemene k části pozemku p. č. 1747/3 v k. ú. Bosonohy pro stavbu ""Brno, MČ Bosonohy, III. a IV. etapa – dostavba oddílného kanalizačního systému""",https://apl.brno.cz/protokoly-zmb/zmb-z9-23/20250128-71-39176.html
Z9-23-072,Z9/23,2025-01-28,petr-borecky-1,Petr Bořecký,Lidovci a Starostové,Ano,Ano,b07082596d918e92,ano,,"116. Návrh Smlouvy o spolupráci při výstavbě veřejné infrastruktury „ČTVRŤ POD HÁDY – 3. ETAPA A, BRNO“",https://apl.brno.cz/protokoly-zmb/zmb-z9-23/20250128-72-39217.html
Z9-23-056,Z9/23,2025-01-28,petr-borecky-1,Petr Bořecký,Lidovci a Starostové,Ano,Ano,62c6bfec7ccef7b8,ano,,"57. Návrh souhlasu se záměrem nabytí pozemku p. č. 1191/29 v k. ú. Trnitá, souhlas s technickými podmínkami prodeje pozemku p. č. 1191/29 v k. ú. Trnitá",https://apl.brno.cz/protokoly-zmb/zmb-z9-23/20250128-56-37747.html
Z9-23-057,Z9/23,2025-01-28,petr-borecky-1,Petr Bořecký,Lidovci a Starostové,Ano,Ano,cd8f2c23a8d61fca,ano,,Body č. 58-60,https://apl.brno.cz/protokoly-zmb/zmb-z9-23/20250128-57-37809.html
Z9-23-074,Z9/23,2025-01-28,petr-borecky-1,Petr Bořecký,Lidovci a Starostové,Ano,Ano,79f9ab21b3b107c8,ano,,118. Územní plán města Brna (OOP č.1/2025) – vliv nabytí účinnosti na územně plánovací dokumentace města Brna,https://apl.brno.cz/protokoly-zmb/zmb-z9-23/20250128-74-39376.html
Z9-25-001,Z9/25,2025-03-25,petr-borecky-1,Petr Bořecký,Lidovci a Starostové,Ano,Ano,c2de147c73e6344a,ano,,"1.Technický bod (zapisovatelé, právní asistence, ověřovatelé zápisu, schválení programu zasedání ZMB) - ověřovatelé zápisu",https://apl.brno.cz/protokoly-zmb/zmb-z9-25/20250325-1-33143.html
Z9-25-002,Z9/25,2025-03-25,petr-borecky-1,Petr Bořecký,Lidovci a Starostové,Ano,Ano,452f584612b80574,ano,,"1.Technický bod (zapisovatelé, právní asistence, ověřovatelé zápisu, schválení programu zasedání ZMB) - program- stažení bodu č. 48",https://apl.brno.cz/protokoly-zmb/zmb-z9-25/20250325-2-33254.html
Z9-25-003,Z9/25,2025-03-25,petr-borecky-1,Petr Bořecký,Lidovci a Starostové,Ano,Ano,24455c00cdc55db2,ano,,"1.Technický bod (zapisovatelé, právní asistence, ověřovatelé zápisu, schválení programu zasedání ZMB) - program - hlasování o návrhu p. Skřičky na zařazení bodu",https://apl.brno.cz/protokoly-zmb/zmb-z9-25/20250325-3-33308.html
Z9-25-004,Z9/25,2025-03-25,petr-borecky-1,Petr Bořecký,Lidovci a Starostové,Ano,Ano,c688e0fd83c83dd3,ano,,"1.Technický bod (zapisovatelé, právní asistence, ověřovatelé zápisu, schválení programu zasedání ZMB) - program",https://apl.brno.cz/protokoly-zmb/zmb-z9-25/20250325-4-33333.html
Z9-25-005,Z9/25,2025-03-25,petr-borecky-1,Petr Bořecký,Lidovci a Starostové,Ano,Ano,e4eba88740f544f9,ano,,"4. Návrh obecně závazné vyhlášky statutárního města Brna, kterou se mění obecně závazná vyhláška statutárního města Brna č. 11/2017, o nočním klidu, ve znění pozdějších vyhlášek",https://apl.brno.cz/protokoly-zmb/zmb-z9-25/20250325-5-33375.html
Z9-25-006,Z9/25,2025-03-25,petr-borecky-1,Petr Bořecký,Lidovci a Starostové,Ano,Ano,1894676a4db3d921,ano,,5. Návrh Dodatku č. 1 ke Zřizovací listině Úrazové nemocnice v Brně,https://apl.brno.cz/protokoly-zmb/zmb-z9-25/20250325-6-33406.html
Z9-25-007,Z9/25,2025-03-25,petr-borecky-1,Petr Bořecký,Lidovci a Starostové,Ano,Ano,34259d8f295b55ce,ano,,6. Návrh Akčního plánu na období 2024–2026 Strategie integrace cizinců ve městě Brně 2020–2026,https://apl.brno.cz/protokoly-zmb/zmb-z9-25/20250325-7-33439.html
Z9-25-008,Z9/25,2025-03-25,petr-borecky-1,Petr Bořecký,Lidovci a Starostové,Ano,Ano,d1fd16dcbb14fb26,ano,,7. Strategie rozvoje Zoo Brno 2024-2040,https://apl.brno.cz/protokoly-zmb/zmb-z9-25/20250325-8-33470.html
Z9-25-009,Z9/25,2025-03-25,petr-borecky-1,Petr Bořecký,Lidovci a Starostové,Ano,Ano,25df730998007537,ano,,8. Odpis nákladů na zmařenou investiční akci z účtu nedokončených investic,https://apl.brno.cz/protokoly-zmb/zmb-z9-25/20250325-9-33501.html
Z9-25-010,Z9/25,2025-03-25,petr-borecky-1,Petr Bořecký,Lidovci a Starostové,Ano,Ano,7190d9601a34eacb,ano,,9. Návrh na použití zdrojů Fondu mobility – návrh rozpočtového opatření,https://apl.brno.cz/protokoly-zmb/zmb-z9-25/20250325-10-33532.html
Z9-23-067,Z9/23,2025-01-28,petr-borecky-1,Petr Bořecký,Lidovci a Starostové,Ano,Ano,a276c6d4549ebfa9,ano,,"111. Návrh svěření majetku města městské části Brno-střed, pozemek p. č. 1527/7 v k. ú. Staré Brno",https://apl.brno.cz/protokoly-zmb/zmb-z9-23/20250128-67-38949.html
Z9-25-012,Z9/25,2025-03-25,petr-borecky-1,Petr Bořecký,Lidovci a Starostové,Ano,Ano,bf789da70d565ba5,ano,,"10. Aktualizace rozpočtu kapitálových výdajů Městské policie Brno v roce 2025, návrh rozpočtového opatření",https://apl.brno.cz/protokoly-zmb/zmb-z9-25/20250325-12-33617.html
Z9-25-013,Z9/25,2025-03-25,petr-borecky-1,Petr Bořecký,Lidovci a Starostové,Ano,Ano,22e9620677a6d91c,ano,,11. Aktualizace rozpočtu Odboru investičního MMB – březen 2025 – návrh rozpočtového opatření,https://apl.brno.cz/protokoly-zmb/zmb-z9-25/20250325-13-33647.html
Z9-25-014,Z9/25,2025-03-25,petr-borecky-1,Petr Bořecký,Lidovci a Starostové,Ano,Ano,bf68b05053879106,ano,,12. Návrh na úpravu rozpočtu Odboru sociální péče MMB na rok 2025 - návrh rozpočtového opatření,https://apl.brno.cz/protokoly-zmb/zmb-z9-25/20250325-14-33678.html
Z9-25-015,Z9/25,2025-03-25,petr-borecky-1,Petr Bořecký,Lidovci a Starostové,Ano,Ano,a40b0f4e92cfbf98,ano,,"13. Přesun běžných a kapitálových výdajů v rámci rozpočtu Odboru správy majetku MMB, návrh rozpočtového opatření",https://apl.brno.cz/protokoly-zmb/zmb-z9-25/20250325-15-33709.html
Z9-25-016,Z9/25,2025-03-25,petr-borecky-1,Petr Bořecký,Lidovci a Starostové,Ano,Ano,9b543094e59e7143,ano,,"14. Zapojení Fondu rezerv a rozvoje v souvislosti s poskytnutím účelového neinvestičního příspěvku pro Filharmonii Brno, příspěvkovou organizaci – návrh rozpočtového opatření",https://apl.brno.cz/protokoly-zmb/zmb-z9-25/20250325-16-33741.html
Z9-25-017,Z9/25,2025-03-25,petr-borecky-1,Petr Bořecký,Lidovci a Starostové,Ano,Ano,e339370e8a609dd1,ano,,15. Zapojení Fondu rezerv a rozvoje v souvislosti s návrhem řešení výtvarného pojetí nových protipovodňových stěn u řeky Svratky – návrh rozpočtového opatření,https://apl.brno.cz/protokoly-zmb/zmb-z9-25/20250325-17-33774.html
Z9-25-018,Z9/25,2025-03-25,petr-borecky-1,Petr Bořecký,Lidovci a Starostové,Ano,Ano,331c63a8ecf88b23,ano,,"16. Zapojení Fondu rezerv a rozvoje v souvislosti s předfinancováním doplatku grantu v souladu s Grantovou dohodou pro projekt s více příjemci v rámci programu ERASMUS+, návrh rozpočtového opatření",https://apl.brno.cz/protokoly-zmb/zmb-z9-25/20250325-18-33807.html
Z9-25-019,Z9/25,2025-03-25,petr-borecky-1,Petr Bořecký,Lidovci a Starostové,Ano,Ano,b606b146fa088d0b,ano,,17. Zapojení Fondu rezerv a rozvoje v souvislosti s návrhem na poskytnutí účelového investičního transferu městské části Brno-střed na realizaci Parčíku u Janáčkova domu – návrh rozpočtového opatření,https://apl.brno.cz/protokoly-zmb/zmb-z9-25/20250325-19-33841.html
Z9-25-020,Z9/25,2025-03-25,petr-borecky-1,Petr Bořecký,Lidovci a Starostové,Ano,Ano,288d2769c3efc4e6,ano,,"18. Zapojení Fondu rezerv a rozvoje v souvislosti s pilotním projektem ""Zajištění menstruačních potřeb na základních školách v Brně"" - návrh rozpočtového opatření",https://apl.brno.cz/protokoly-zmb/zmb-z9-25/20250325-20-33886.html
Z9-25-021,Z9/25,2025-03-25,petr-borecky-1,Petr Bořecký,Lidovci a Starostové,Ano,Ano,1de509a053a3477d,ano,,"19. Zapojení Fondu rezerv a rozvoje v souvislosti s poskytnutím investičního transferu městské části Brno-střed, návrh rozpočtového opatření",https://apl.brno.cz/protokoly-zmb/zmb-z9-25/20250325-21-33923.html
Z9-23-073,Z9/23,2025-01-28,petr-borecky-1,Petr Bořecký,Lidovci a Starostové,Ano,Ano,f496a52b3d26e1fc,ano,,"117. Návrh aktualizovaného znění Dodatku č. 1 ke Smlouvě o výstavbě dopravní a technické infrastruktury a mateřské školy v rámci stavby obytný soubor ""Čtvrť Pod Hády, Brno""",https://apl.brno.cz/protokoly-zmb/zmb-z9-23/20250128-73-39251.html
Z9-25-022,Z9/25,2025-03-25,petr-borecky-1,Petr Bořecký,Lidovci a Starostové,Ano,Ano,dd1e7778626b288d,ano,,"20. Zapojení Fondu rezerv a rozvoje v souvislosti se zajištěním koordinace Souboru staveb jihozápad, návrh rozpočtového opatření",https://apl.brno.cz/protokoly-zmb/zmb-z9-25/20250325-22-33953.html
Z9-25-023,Z9/25,2025-03-25,petr-borecky-1,Petr Bořecký,Lidovci a Starostové,Ano,Ano,129a8169f9b11de6,ano,,"21. Návrh na poskytnutí individuální neinvestiční dotace KOMETA GROUP, spolek na zabezpečení projektu „Podpora Akademie v rámci HC KOMETA BRNO“ v roce 2025",https://apl.brno.cz/protokoly-zmb/zmb-z9-25/20250325-23-33985.html
Z9-25-024,Z9/25,2025-03-25,petr-borecky-1,Petr Bořecký,Lidovci a Starostové,Ano,Ano,dade944968badd65,ano,,"22. Návrh na poskytnutí individuální neinvestiční dotace spolku Emilova sportovní, z. s., na uspořádání 14. ročníku Evropských her handicapované mládeže Emil Open ve městě Brně v roce 2025",https://apl.brno.cz/protokoly-zmb/zmb-z9-25/20250325-24-34021.html
Z9-25-025,Z9/25,2025-03-25,petr-borecky-1,Petr Bořecký,Lidovci a Starostové,Ano,Ano,fc711982ae3e7aaa,ano,,23. Zapojení Fondu rezerv a rozvoje v souvislosti s poskytnutím individuální investiční dotace spolku SK Líšeň na vybudování LED osvětlení fotbalového stadionu – dofinancování projektu – návrh rozpočtového opatření,https://apl.brno.cz/protokoly-zmb/zmb-z9-25/20250325-25-34066.html
Z9-25-027,Z9/25,2025-03-25,petr-borecky-1,Petr Bořecký,Lidovci a Starostové,Ano,Ano,4d8d9d4ed5e3fd5b,ano,,"25. Návrh na poskytnutí individuální neinvestiční dotace Centru Brusinka na projekt ""Série Video reportáží pod názvem Životy národnostních menšin ve městě Brně"" - neschvaluje",https://apl.brno.cz/protokoly-zmb/zmb-z9-25/20250325-27-34183.html
Z9-25-026,Z9/25,2025-03-25,petr-borecky-1,Petr Bořecký,Lidovci a Starostové,Ano,Ano,b7ad0e26afbf29c9,ano,,24. Návrh na poskytnutí individuálních neinvestičních dotací na rok 2025 organizacím poskytujícím služby v souladu se Strategií politiky statutárního města Brna v oblasti drog a závislostí na období 2022–2025,https://apl.brno.cz/protokoly-zmb/zmb-z9-25/20250325-26-34106.html
Z9-25-028,Z9/25,2025-03-25,petr-borecky-1,Petr Bořecký,Lidovci a Starostové,Ano,Ano,6e22c6b1d999f657,ano,,"26. Návrh poskytnutí individuální investiční dotace Diecézní charitě Brno na projekt ""Komplexní rekonstrukce budovy Centra služeb pro lidi bez domova na adrese Bratislavská 58a""",https://apl.brno.cz/protokoly-zmb/zmb-z9-25/20250325-28-34221.html
Z9-25-029,Z9/25,2025-03-25,petr-borecky-1,Petr Bořecký,Lidovci a Starostové,Ano,Ano,783a12eb255dad13,ano,,27. Návrh na poskytnutí individuální neinvestiční dotace Masarykově univerzitě na popularizaci vědy pro žáky základních škol ve vědeckém výukovém centru Bioskop v roce 2025 – návrh rozpočtového opatření,https://apl.brno.cz/protokoly-zmb/zmb-z9-25/20250325-29-34320.html
Z9-25-031,Z9/25,2025-03-25,petr-borecky-1,Petr Bořecký,Lidovci a Starostové,Ano,Ano,2a52e49609eff362,ano,,"29. Návrh na poskytnutí individuálních neinvestičních dotací pro oblast životního prostředí na rok 2025, návrh rozpočtového opatření",https://apl.brno.cz/protokoly-zmb/zmb-z9-25/20250325-31-34383.html
Z9-25-030,Z9/25,2025-03-25,petr-borecky-1,Petr Bořecký,Lidovci a Starostové,Ano,Ano,20514e9a222f61d0,ano,,"28. Návrh na poskytnutí individuální neinvestiční dotace MEETING BRNO, z. s., na projekt ""Meeting Brno"" z rozpočtu města Brna v letech 2025-2027",https://apl.brno.cz/protokoly-zmb/zmb-z9-25/20250325-30-34351.html
Z9-25-032,Z9/25,2025-03-25,petr-borecky-1,Petr Bořecký,Lidovci a Starostové,Ano,Ano,d5c69343be3c8edb,ano,,"30. Návrh na poskytnutí individuální neinvestiční dotace Územnímu sdružení Českého zahrádkářského svazu Brno-město na podporu zahrádkářských akcí, vzdělávacích aktivit a zapojení dětí a mládeže – návrh rozpočtového opatření",https://apl.brno.cz/protokoly-zmb/zmb-z9-25/20250325-32-34417.html
Z9-25-033,Z9/25,2025-03-25,petr-borecky-1,Petr Bořecký,Lidovci a Starostové,Ano,Ano,a657c442a8c898d5,ano,,31. Návrh na poskytnutí individuální neinvestiční dotace na projekt Zpřístupnění Atomového krytu 10-Z v roce 2025,https://apl.brno.cz/protokoly-zmb/zmb-z9-25/20250325-33-34449.html
Z9-25-034,Z9/25,2025-03-25,petr-borecky-1,Petr Bořecký,Lidovci a Starostové,Ano,Ano,42f860e2d3a4cf60,ano,,32. Návrh na poskytnutí individuální neinvestiční dotace na projekt Prima FRESH festival 2025,https://apl.brno.cz/protokoly-zmb/zmb-z9-25/20250325-34-34482.html
Z9-25-035,Z9/25,2025-03-25,petr-borecky-1,Petr Bořecký,Lidovci a Starostové,Ano,Ano,d4a704bdc2068d7a,ano,,33. Návrh na poskytnutí individuální neinvestiční dotace na projekt Brno 1945,https://apl.brno.cz/protokoly-zmb/zmb-z9-25/20250325-35-34767.html
Z9-25-036,Z9/25,2025-03-25,petr-borecky-1,Petr Bořecký,Lidovci a Starostové,Ano,Ano,2cdaeae1c53d8bdf,ano,,34. Návrh na poskytnutí neinvestiční dotace na provoz a vybavení jednotek Hasičského záchranného sboru Jihomoravského kraje; návrh veřejnoprávní smlouvy,https://apl.brno.cz/protokoly-zmb/zmb-z9-25/20250325-36-34798.html
Z9-25-038,Z9/25,2025-03-25,petr-borecky-1,Petr Bořecký,Lidovci a Starostové,Ano,Ano,437e20e59d595b1a,ano,,"36. Návrh na poskytnutí neinvestičních dotací na projekty v programu ""Dotace na projekty v oblasti podpory rodinné politiky"" na rok 2025, návrh rozpočtového opatření",https://apl.brno.cz/protokoly-zmb/zmb-z9-25/20250325-38-34864.html
Z9-25-037,Z9/25,2025-03-25,petr-borecky-1,Petr Bořecký,Lidovci a Starostové,Ano,Ano,bfff7824be0d5da7,ano,,"35. Návrh na poskytnutí neinvestičních dotací na projekty v programu ""Dotace na činnosti doplňující zdravotnické služby na území města Brna"" na rok 2025, návrh rozpočtového opatření",https://apl.brno.cz/protokoly-zmb/zmb-z9-25/20250325-37-34834.html
Z9-25-039,Z9/25,2025-03-25,petr-borecky-1,Petr Bořecký,Lidovci a Starostové,Ano,Ano,1802aa107d87e60f,ano,,37. Návrh na poskytnutí neinvestičních dotací na rok 2025 z Programu III – Aktivity v oblasti drog a závislostí – návrh rozpočtového opatření,https://apl.brno.cz/protokoly-zmb/zmb-z9-25/20250325-39-34898.html
Z9-25-041,Z9/25,2025-03-25,petr-borecky-1,Petr Bořecký,Lidovci a Starostové,Ano,Ano,80d45cade3e0c87a,ano,,"39. Návrh na poskytnutí neinvestičních dotací v rámci Programu II pro rok 2025 – projekty NNO v sociální oblasti, které vhodným způsobem navazují na sociální služby – návrh rozpočtového opatření",https://apl.brno.cz/protokoly-zmb/zmb-z9-25/20250325-41-34961.html
Z9-25-042,Z9/25,2025-03-25,petr-borecky-1,Petr Bořecký,Lidovci a Starostové,Ano,Ano,c9b155f2f7a6efb7,ano,,40. Návrh na poskytnutí účelových neinvestičních příspěvků základním školám na mezinárodní projekty v roce 2025 – návrh rozpočtového opatření,https://apl.brno.cz/protokoly-zmb/zmb-z9-25/20250325-42-34991.html
Z9-25-040,Z9/25,2025-03-25,petr-borecky-1,Petr Bořecký,Lidovci a Starostové,Ano,Ano,b091458b915ef46f,ano,,38. Návrh na poskytnutí neinvestičních dotací na rok 2025 z Programu IV – Prevencekriminality – návrh rozpočtového opatření,https://apl.brno.cz/protokoly-zmb/zmb-z9-25/20250325-40-34929.html
Z9-25-043,Z9/25,2025-03-25,petr-borecky-1,Petr Bořecký,Lidovci a Starostové,Ano,Ano,55ac61ff2db8d54d,ano,,"41. Návrh na poskytnutí dotací na podporu aktivit k oživení ploch veřejné zeleně ve městě Brně v roce 2025 – ""Vnitroblok"", návrh vzorových podmínek pro uzavření veřejnoprávních smluv o poskytnutí dotace z rozpočtu města Brna, návrh rozpočtového opatření",https://apl.brno.cz/protokoly-zmb/zmb-z9-25/20250325-43-35035.html
Z9-25-044,Z9/25,2025-03-25,petr-borecky-1,Petr Bořecký,Lidovci a Starostové,Ano,Ano,e683880a3e3e1e2c,ano,,42. Návrh na poskytnutí investičních dotací v rámci dotačního programu Podpora vytváření zelených střech,https://apl.brno.cz/protokoly-zmb/zmb-z9-25/20250325-44-35066.html
Z9-25-045,Z9/25,2025-03-25,petr-borecky-1,Petr Bořecký,Lidovci a Starostové,Ano,Ano,1a49a91bedc696da,ano,,"43. Návrh na poskytnutí investičního příspěvku Domovu pro seniory Věstonická, příspěvkové organizaci – návrh rozpočtového opatření",https://apl.brno.cz/protokoly-zmb/zmb-z9-25/20250325-45-35097.html
Z9-25-047,Z9/25,2025-03-25,petr-borecky-1,Petr Bořecký,Lidovci a Starostové,Ano,Ano,69e921034b067fae,ano,,45. Projekty financované z Fondu kofinancování projektů – březen 2025 – návrh rozpočtového opatření,https://apl.brno.cz/protokoly-zmb/zmb-z9-25/20250325-47-35156.html
Z9-25-046,Z9/25,2025-03-25,petr-borecky-1,Petr Bořecký,Lidovci a Starostové,Ano,Ano,784508175e0dbd04,ano,,44. Návrh na poskytnutí finančních podílů z rozpočtu města Brna na projekty prevence kriminality v roce 2025 - návrh rozpočtového opatření,https://apl.brno.cz/protokoly-zmb/zmb-z9-25/20250325-46-35127.html
Z9-25-048,Z9/25,2025-03-25,petr-borecky-1,Petr Bořecký,Lidovci a Starostové,Ano,Ano,12cf70c597c247dd,ano,,46. Finanční prostředky Fondu kofinancování projektů – březen 2025 – návrh rozpočtových opatření,https://apl.brno.cz/protokoly-zmb/zmb-z9-25/20250325-48-35186.html
Z9-25-049,Z9/25,2025-03-25,petr-borecky-1,Petr Bořecký,Lidovci a Starostové,Ano,Ano,7148c1d6466a0793,ano,,"47. Projekt ""Bosonožské náměstí – úprava veřejného prostranství"" – rozhodnutí o poskytnutí dotace",https://apl.brno.cz/protokoly-zmb/zmb-z9-25/20250325-49-35215.html
Z9-25-051,Z9/25,2025-03-25,petr-borecky-1,Petr Bořecký,Lidovci a Starostové,Ano,Ano,a262150296ffb4d0,ano,,"50. Návrh na vypořádání dotované družstevní výstavby v k. ú. Sadová s Bytovým družstvem Hamerláky, adresný záměr bezúplatného převodu spoluvlastnických podílů na 44 bytových jednotkách v bytových domech Kociánka č. p. 62 a 63 v k. ú. Sadová",https://apl.brno.cz/protokoly-zmb/zmb-z9-25/20250325-51-35285.html
Z9-25-050,Z9/25,2025-03-25,petr-borecky-1,Petr Bořecký,Lidovci a Starostové,Ano,Ano,2a5451e4b9dccd50,ano,,"49. Návrh na uzavření dohody o splátkách dluhu z nájmu sociálního bytu v domě Vlhká 22, Brno",https://apl.brno.cz/protokoly-zmb/zmb-z9-25/20250325-50-35247.html
Z9-25-053,Z9/25,2025-03-25,petr-borecky-1,Petr Bořecký,Lidovci a Starostové,Ano,Ano,5b136f30e6c15856,ano,,"51. Záměr prodeje volné vymezené bytové jednotky v domovním celku Hlinky 25/Výstavní 24, Brno",https://apl.brno.cz/protokoly-zmb/zmb-z9-25/20250325-53-35344.html
Z9-25-054,Z9/25,2025-03-25,petr-borecky-1,Petr Bořecký,Lidovci a Starostové,Ano,Ano,07a5297fc1806c17,ano,,52. Návrh zpeněžení-prodeje pozemku p. č. 544 jehož součástí je rodinný dům Heinrichova 4 a spoluvlastnický podíl o velikosti 2/3 na pozemku p. č. 543/1 vše v k. ú. Stránice ve veřejné elektronické dražbě,https://apl.brno.cz/protokoly-zmb/zmb-z9-25/20250325-54-35380.html
Z9-25-055,Z9/25,2025-03-25,petr-borecky-1,Petr Bořecký,Lidovci a Starostové,Ano,Ano,b643b7b2ff8c0bbf,ano,,Body č. 53-56,https://apl.brno.cz/protokoly-zmb/zmb-z9-25/20250325-55-35438.html
Z9-25-056,Z9/25,2025-03-25,petr-borecky-1,Petr Bořecký,Lidovci a Starostové,Ano,Ano,e2e5a873686648cf,ano,,57. Návrh prodeje pozemku p. č. 616/8 v k. ú. Město Brno a zřízení služebnosti veřejného statku,https://apl.brno.cz/protokoly-zmb/zmb-z9-25/20250325-56-35471.html
Z9-25-057,Z9/25,2025-03-25,petr-borecky-1,Petr Bořecký,Lidovci a Starostové,Ano,Ano,51e4b76cc1f5ba4c,ano,,"58. Návrh prodeje pozemků p. č. 718, p. č. 720 jehož součástí je bytový dům Dornych 31 a p. č. 721 jehož součástí je bytový dům Dornych 29 vše v k. ú. Trnitá",https://apl.brno.cz/protokoly-zmb/zmb-z9-25/20250325-57-36378.html
Z9-25-058,Z9/25,2025-03-25,petr-borecky-1,Petr Bořecký,Lidovci a Starostové,Ano,Ano,c62a6ab29d3ded34,ano,,59. Návrh prodeje části pozemku p. č. 498/2 v k. ú. Kohoutovice,https://apl.brno.cz/protokoly-zmb/zmb-z9-25/20250325-58-36410.html
Z9-25-059,Z9/25,2025-03-25,petr-borecky-1,Petr Bořecký,Lidovci a Starostové,Ano,Ano,73c49276d03f5e56,ano,,"60. Návrh prodeje částí pozemků p. č. 173/1 a p. č. 184/1, oba v k. ú. Zábrdovice",https://apl.brno.cz/protokoly-zmb/zmb-z9-25/20250325-59-36477.html
Z9-25-060,Z9/25,2025-03-25,petr-borecky-1,Petr Bořecký,Lidovci a Starostové,Ano,Ano,465f7bfbb1e570db,ano,,61. Návrh na uznání vlastnického práva k pozemku p. č. 5606 v k. ú. Královo Pole formou souhlasného prohlášení,https://apl.brno.cz/protokoly-zmb/zmb-z9-25/20250325-60-36520.html
Z9-25-061,Z9/25,2025-03-25,petr-borecky-1,Petr Bořecký,Lidovci a Starostové,Ano,Ano,a8daf7657bec64b3,ano,,62. Návrh na uznání vlastnického práva k části pozemku p. č. 5230/9 v k. ú. Žabovřesky formou souhlasného prohlášení,https://apl.brno.cz/protokoly-zmb/zmb-z9-25/20250325-61-36553.html
Z9-25-062,Z9/25,2025-03-25,petr-borecky-1,Petr Bořecký,Lidovci a Starostové,Ano,Ano,40277b100aa42dd4,ano,,Body č. 63-72,https://apl.brno.cz/protokoly-zmb/zmb-z9-25/20250325-62-36608.html
Z9-25-064,Z9/25,2025-03-25,petr-borecky-1,Petr Bořecký,Lidovci a Starostové,Ano,Ano,8aba13e9de74dce8,ano,,"74. Návrh nabytí komunikační stavby a pozemků při ulici Miry Figarové, Psotova a Vlasty Fialové v k. ú. Sadová, 75. Návrh nabytí komunikační stavby a pozemků a zřízení věcného břemene při ulici Dubová, Bratří Ocelků, Prašnice a Ke Káčatům v k. ú. Jundrov",https://apl.brno.cz/protokoly-zmb/zmb-z9-25/20250325-64-36680.html
Z9-25-063,Z9/25,2025-03-25,petr-borecky-1,Petr Bořecký,Lidovci a Starostové,Ano,Ano,3742879a3003eef9,ano,,73. Návrh nabytí pozemku p. č. 6238/38 v k. ú. Líšeň,https://apl.brno.cz/protokoly-zmb/zmb-z9-25/20250325-63-36642.html
Z9-25-066,Z9/25,2025-03-25,petr-borecky-1,Petr Bořecký,Lidovci a Starostové,Ano,Ano,294e361f7bae6109,ano,,Body č. 78-81,https://apl.brno.cz/protokoly-zmb/zmb-z9-25/20250325-66-36748.html
Z9-25-065,Z9/25,2025-03-25,petr-borecky-1,Petr Bořecký,Lidovci a Starostové,Ano,Ano,1d34d365e1734806,ano,,"76. Návrh bezúplatného nabytí pozemků v k. ú. Komárov, Královo Pole, Jundrov, Slatina a Černovice z vlastnictví České republiky – Úřadu pro zastupování státu ve věcech majetkových do vlastnictví statutárního města Brna s omezujícími podmínkami; 77. Návrh souhlasu se záměrem bezúplatného nabytí pozemku p. č. 945/2 v k. ú. Židenice, souhlas s technickými podmínkami, pro stavbu „Brno, Filipínského III, Šámalova III – rekonstrukce kanalizace a vodovodu“",https://apl.brno.cz/protokoly-zmb/zmb-z9-25/20250325-65-36711.html
Z9-25-068,Z9/25,2025-03-25,petr-borecky-1,Petr Bořecký,Lidovci a Starostové,Ano,Ano,a1cb7e5f08592c70,ano,,"83. Návrh svěření majetku města městské části Brno-Řečkovice a Mokrá Hora, pozemků p. č. 3125/280, p. č. 3125/279, p. č. 4988/2, p. č. 4988/1 a p. č. 4990/3 v k. ú. Řečkovice - var. A ve znění doplňku",https://apl.brno.cz/protokoly-zmb/zmb-z9-25/20250325-68-36923.html
Z9-25-069,Z9/25,2025-03-25,petr-borecky-1,Petr Bořecký,Lidovci a Starostové,Ano,Ano,f65a69b9a176627d,ano,,84. Změny regulačních plánů města Brna – vlastní podněty na pořízení změn,https://apl.brno.cz/protokoly-zmb/zmb-z9-25/20250325-69-36954.html
Z9-25-070,Z9/25,2025-03-25,petr-borecky-1,Petr Bořecký,Lidovci a Starostové,Nehlasoval,Nehlasoval,af38dcb0cd25b873,ano,,85. Návrh na zahájení procesu zrušení regulačních plánů města Brna - hlasování o návrhu pí Drápalové,https://apl.brno.cz/protokoly-zmb/zmb-z9-25/20250325-70-38724.html
Z9-25-067,Z9/25,2025-03-25,petr-borecky-1,Petr Bořecký,Lidovci a Starostové,Ano,Ano,8b523e7c76802732,ano,,82. Návrh směny části pozemku p. č. 2247/3 za část pozemku p. č. 2249/1 k. ú. Husovice,https://apl.brno.cz/protokoly-zmb/zmb-z9-25/20250325-67-36779.html
Z9-25-072,Z9/25,2025-03-25,petr-borecky-1,Petr Bořecký,Lidovci a Starostové,Ano,Ano,569ba3019cf369ef,ano,,85. Návrh na zahájení procesu zrušení regulačních plánů města Brna - odr. 2,https://apl.brno.cz/protokoly-zmb/zmb-z9-25/20250325-72-38781.html
Z9-25-071,Z9/25,2025-03-25,petr-borecky-1,Petr Bořecký,Lidovci a Starostové,Ano,Ano,1122daf1be0ef51f,ano,,85. Návrh na zahájení procesu zrušení regulačních plánů města Brna - odr. 1,https://apl.brno.cz/protokoly-zmb/zmb-z9-25/20250325-71-38758.html
Z9-25-073,Z9/25,2025-03-25,petr-borecky-1,Petr Bořecký,Lidovci a Starostové,Zdržel se,Zdržel se,368aceb9f9582542,ano,,85. Návrh na zahájení procesu zrušení regulačních plánů města Brna - odr. 3,https://apl.brno.cz/protokoly-zmb/zmb-z9-25/20250325-73-38810.html
Z9-25-074,Z9/25,2025-03-25,petr-borecky-1,Petr Bořecký,Lidovci a Starostové,Ano,Ano,847885ac293b92ca,ano,,85. Návrh na zahájení procesu zrušení regulačních plánů města Brna - odr. 4,https://apl.brno.cz/protokoly-zmb/zmb-z9-25/20250325-74-38835.html
Z9-25-075,Z9/25,2025-03-25,petr-borecky-1,Petr Bořecký,Lidovci a Starostové,Nehlasoval,Nehlasoval,fc94fc9a8c92cc25,ano,,86. Návrh na provedení hloubkového auditu hospodaření příspěvkové organizace TIC Brno při pořádání vánočních trhů - hlasování o návrhu p. Koláčného,https://apl.brno.cz/protokoly-zmb/zmb-z9-25/20250325-75-41035.html
Z9-25-076,Z9/25,2025-03-25,petr-borecky-1,Petr Bořecký,Lidovci a Starostové,Ano,Ano,97148bdb758b26f3,ano,,86. Návrh na provedení hloubkového auditu hospodaření příspěvkové organizace TIC Brno při pořádání vánočních trhů - hlasování o návrhu pí Vaňkové,https://apl.brno.cz/protokoly-zmb/zmb-z9-25/20250325-76-41086.html
Z9-24-001,Z9/24,2025-02-25,petr-borecky-1,Petr Bořecký,Lidovci a Starostové,Ano,Ano,775c9ecc608942ed,ano,,"1. Technický bod (zapisovatelé, právní asistence, ověřovatelé zápisu, schválení programu zasedání ZMB) - ověřovatelé zápisu",https://apl.brno.cz/protokoly-zmb/zmb-z9-24/20250225-1-33077.html
Z9-24-002,Z9/24,2025-02-25,petr-borecky-1,Petr Bořecký,Lidovci a Starostové,Ano,Ano,e0e181b47236d514,ano,,"1. Technický bod (zapisovatelé, právní asistence, ověřovatelé zápisu, schválení programu zasedání ZMB) - program - hlasování o stažení bodu č. 10, 22, 58, 78",https://apl.brno.cz/protokoly-zmb/zmb-z9-24/20250225-2-33252.html
Z9-24-004,Z9/24,2025-02-25,petr-borecky-1,Petr Bořecký,Lidovci a Starostové,Ano,Ano,49e1ae9a54bdbd26,ano,,"1. Technický bod (zapisovatelé, právní asistence, ověřovatelé zápisu, schválení programu zasedání ZMB) - program",https://apl.brno.cz/protokoly-zmb/zmb-z9-24/20250225-4-33305.html
Z9-24-003,Z9/24,2025-02-25,petr-borecky-1,Petr Bořecký,Lidovci a Starostové,Ano,Ano,7bf8fc409e0a5cab,ano,,"1. Technický bod (zapisovatelé, právní asistence, ověřovatelé zápisu, schválení programu zasedání ZMB) - program - hlasování o zařazení bodu č. 87, 88",https://apl.brno.cz/protokoly-zmb/zmb-z9-24/20250225-3-33274.html
Z9-24-005,Z9/24,2025-02-25,petr-borecky-1,Petr Bořecký,Lidovci a Starostové,Ano,Ano,13af9e1193e68df6,ano,,"4. Návrh obecně závazné vyhlášky statutárního města Brna, kterou se zrušuje obecně závazná vyhláška č.19/2017, kterou se stanovují podmínky pro spalování suchých rostlinných materiálů ve statutárním městě Brně, ve znění obecně závazné vyhlášky č.12/2020",https://apl.brno.cz/protokoly-zmb/zmb-z9-24/20250225-5-33369.html
Z9-24-006,Z9/24,2025-02-25,petr-borecky-1,Petr Bořecký,Lidovci a Starostové,Ano,Ano,4e534e5ab8d7ae65,ano,,"5. Návrh obecně závazné vyhlášky statutárního města Brna, kterou se mění obecně závazná vyhláška statutárního města Brna č. 2/2017, kterou se stanoví školské obvody základních škol, ve znění pozdějších vyhlášek 6. Návrh obecně závazné vyhlášky statutárního města Brna, kterou se mění obecně závazná vyhláška statutárního města Brna č. 3/2017, kterou se stanoví školské obvody mateřských škol, ve znění pozdějších vyhlášek",https://apl.brno.cz/protokoly-zmb/zmb-z9-24/20250225-6-33419.html
Z9-24-007,Z9/24,2025-02-25,petr-borecky-1,Petr Bořecký,Lidovci a Starostové,Ano,Ano,b508a4d4794cc202,ano,,7. Určení člena Zastupitelstva města Brna pro spolupráci s Odborem územního plánování a rozvoje Magistrátu města Brna při pořizování územních studií,https://apl.brno.cz/protokoly-zmb/zmb-z9-24/20250225-7-33450.html
Z9-24-008,Z9/24,2025-02-25,petr-borecky-1,Petr Bořecký,Lidovci a Starostové,Ano,Ano,baed01d96381b581,ano,,"8. Návrh Smlouvy o spolupráci na přípravě a realizaci programu „Rezidence KREILU“ s partnerským městem Debrecín, Maďarsko",https://apl.brno.cz/protokoly-zmb/zmb-z9-24/20250225-8-33482.html
Z9-24-009,Z9/24,2025-02-25,petr-borecky-1,Petr Bořecký,Lidovci a Starostové,Ano,Ano,bd21549e1e839863,ano,,9. Návrh aktualizovaného znění Zásad participativního rozpočtu statutárního města Brna a aktualizovaného znění Metodiky participativního rozpočtu statutárního města Brna - omezení čl. ZMB,https://apl.brno.cz/protokoly-zmb/zmb-z9-24/20250225-9-33967.html
Z9-24-010,Z9/24,2025-02-25,petr-borecky-1,Petr Bořecký,Lidovci a Starostové,Ano,Ano,67cc2bf9501cb3dc,ano,,9. Návrh aktualizovaného znění Zásad participativního rozpočtu statutárního města Brna a aktualizovaného znění Metodiky participativního rozpočtu statutárního města Brna - 2. úprava,https://apl.brno.cz/protokoly-zmb/zmb-z9-24/20250225-10-34024.html
Z9-24-012,Z9/24,2025-02-25,petr-borecky-1,Petr Bořecký,Lidovci a Starostové,Ano,Ano,77259bc0596fa0dd,ano,,12. Aktualizace rozpočtu běžných a kapitálových výdajů Odboru dopravy MMB – únor 2025 - návrh rozpočtového opatření,https://apl.brno.cz/protokoly-zmb/zmb-z9-24/20250225-12-34101.html
Z9-24-011,Z9/24,2025-02-25,petr-borecky-1,Petr Bořecký,Lidovci a Starostové,Ano,Ano,82fe58bd2e8e66c4,ano,,11. Aktualizace rozpočtu Odboru investičního MMB – únor 2025 - návrh rozpočtového opatření,https://apl.brno.cz/protokoly-zmb/zmb-z9-24/20250225-11-34073.html
Z9-24-013,Z9/24,2025-02-25,petr-borecky-1,Petr Bořecký,Lidovci a Starostové,Ano,Ano,c1758be9efd3bf6c,ano,,13. Fond developerských projektů – únor 2025 - návrh rozpočtového opatření,https://apl.brno.cz/protokoly-zmb/zmb-z9-24/20250225-13-34131.html
Z9-24-014,Z9/24,2025-02-25,petr-borecky-1,Petr Bořecký,Lidovci a Starostové,Ano,Ano,a5759e75a4775547,ano,,14. Návrh na použití zdrojů Fondu mobility – návrh rozpočtového opatření,https://apl.brno.cz/protokoly-zmb/zmb-z9-24/20250225-14-34159.html
Z9-24-015,Z9/24,2025-02-25,petr-borecky-1,Petr Bořecký,Lidovci a Starostové,Ano,Ano,b32b1ffede339cfb,ano,,"15. Zapojení Fondu rezerv a rozvoje v souvislosti s poskytnutím úročené zápůjčky městské části Brno-Vinohrady, návrh rozpočtového opatření",https://apl.brno.cz/protokoly-zmb/zmb-z9-24/20250225-15-34188.html
Z9-24-016,Z9/24,2025-02-25,petr-borecky-1,Petr Bořecký,Lidovci a Starostové,Ano,Ano,e6047c618593b35b,ano,,"16. Zapojení Fondu rezerv a rozvoje v souvislosti s poskytnutím účelového investičního příspěvku Muzeu města Brna, příspěvkové organizaci na projekt ""Vila Wittal – Centrum židovské kultury Štetl – židovské muzeum"", návrh rozpočtového opatření",https://apl.brno.cz/protokoly-zmb/zmb-z9-24/20250225-16-34224.html
Z9-24-017,Z9/24,2025-02-25,petr-borecky-1,Petr Bořecký,Lidovci a Starostové,Ano,Ano,b7783067ee0a88b7,ano,,17. Zapojení Fondu rezerv a rozvoje v souvislosti s poskytnutím neinvestičních příspěvků základním školám a individuální neinvestiční dotace na zajištění projektu Síť brněnských otevřených škol – návrh rozpočtového opatření,https://apl.brno.cz/protokoly-zmb/zmb-z9-24/20250225-17-35103.html
Z9-24-018,Z9/24,2025-02-25,petr-borecky-1,Petr Bořecký,Lidovci a Starostové,Ano,Ano,79c2087c5aa065bf,ano,,18. Zapojení Fondu rezerv a rozvoje k financování kapitálových výdajů Odboru školství a mládeže MMB – návrh rozpočtového opatření,https://apl.brno.cz/protokoly-zmb/zmb-z9-24/20250225-18-35130.html
Z9-24-020,Z9/24,2025-02-25,petr-borecky-1,Petr Bořecký,Lidovci a Starostové,Ano,Ano,2c21f8eb31300749,ano,,20. Návrh na poskytnutí účelového neinvestičního příspěvku základním školám na projekt OnStage – návrh rozpočtového opatření,https://apl.brno.cz/protokoly-zmb/zmb-z9-24/20250225-20-35185.html
Z9-24-019,Z9/24,2025-02-25,petr-borecky-1,Petr Bořecký,Lidovci a Starostové,Ano,Ano,ad2d05000bddc6eb,ano,,19. Návrh na poskytnutí neinvestičních příspěvků školám a školským zařízením na podporu dietního stravování ve městě Brně na rok 2025 - návrh rozpočtového opatření,https://apl.brno.cz/protokoly-zmb/zmb-z9-24/20250225-19-35157.html
Z9-24-021,Z9/24,2025-02-25,petr-borecky-1,Petr Bořecký,Lidovci a Starostové,Ano,Ano,dd5c1afa68d2ac5c,ano,,21. Návrh na poskytnutí neinvestičních příspěvků základním školám na zajištění vzdělávacího Projektu pro ZŠ „Příběhy našich sousedů“ – návrh rozpočtového opatření,https://apl.brno.cz/protokoly-zmb/zmb-z9-24/20250225-21-35215.html
Z9-24-022,Z9/24,2025-02-25,petr-borecky-1,Petr Bořecký,Lidovci a Starostové,Ano,Ano,88b5f31aeaf6d545,ano,,23. Návrh na poskytnutí neinvestičních dotací dle dotačních programů v oblasti kultury na rok 2025 a na roky 2025-2026 - návrh rozpočtového opatření,https://apl.brno.cz/protokoly-zmb/zmb-z9-24/20250225-22-35249.html
Z9-24-024,Z9/24,2025-02-25,petr-borecky-1,Petr Bořecký,Lidovci a Starostové,Ano,Ano,5cd16e3c721dd042,ano,,25. Návrh na poskytnutí individuální neinvestiční dotace spolku Česká basketbalová federace z. s. na uspořádání Mistrovství Evropy v basketbalu žen 2025,https://apl.brno.cz/protokoly-zmb/zmb-z9-24/20250225-24-35313.html
Z9-24-023,Z9/24,2025-02-25,petr-borecky-1,Petr Bořecký,Lidovci a Starostové,Ano,Ano,b59e786f2ee21500,ano,,"24. Návrh na poskytnutí individuální účelové neinvestiční dotace TeenChallenge International ČR na projekt „Čím dříve, tím lépe – včasná péče pro děti ze sociálně vyloučeného prostředí""",https://apl.brno.cz/protokoly-zmb/zmb-z9-24/20250225-23-35282.html
Z9-24-026,Z9/24,2025-02-25,petr-borecky-1,Petr Bořecký,Lidovci a Starostové,Ano,Ano,1dec6e5917c1dbef,ano,,"27. Návrh na poskytnutí individuální neinvestiční dotace Fondu ohrožených dětí na projekt ""Klokánek FOD Brno – zařízení pro děti vyžadující okamžitou pomoc""",https://apl.brno.cz/protokoly-zmb/zmb-z9-24/20250225-26-35453.html
Z9-24-025,Z9/24,2025-02-25,petr-borecky-1,Petr Bořecký,Lidovci a Starostové,Ano,Ano,ee8d19c944043a80,ano,,26. Návrh na poskytnutí individuální neinvestiční dotace Vysokému učení technickému v Brně na zabezpečení provozu atletického stadionu Pod Palackého vrchem v rámci projektu Centrum brněnské atletiky pro rok 2025 – návrh rozpočtového opatření,https://apl.brno.cz/protokoly-zmb/zmb-z9-24/20250225-25-35424.html
Z9-24-027,Z9/24,2025-02-25,petr-borecky-1,Petr Bořecký,Lidovci a Starostové,Ano,Ano,caa1dffe4491416f,ano,,"28. Návrh na poskytnutí individuální neinvestiční dotace Sociálnímu nadačnímu fondu na projekt ""Spolu štěstí naproti 2025""",https://apl.brno.cz/protokoly-zmb/zmb-z9-24/20250225-27-35487.html
Z9-24-029,Z9/24,2025-02-25,petr-borecky-1,Petr Bořecký,Lidovci a Starostové,Ano,Ano,4ff4628db7170c8d,ano,,30. Návrh na poskytnutí individuální neinvestiční dotace na projekt 110. Světový kongres esperanta,https://apl.brno.cz/protokoly-zmb/zmb-z9-24/20250225-29-35550.html
Z9-24-028,Z9/24,2025-02-25,petr-borecky-1,Petr Bořecký,Lidovci a Starostové,Ano,Ano,94a66bbd230f1883,ano,,"29. Návrh na poskytnutí individuální neinvestiční dotace společnosti AMERFO o. p. s. na projekt ""Podpora osob se ZP v sociálním podniku"" – návrh rozpočtového opatření",https://apl.brno.cz/protokoly-zmb/zmb-z9-24/20250225-28-35518.html
Z9-24-030,Z9/24,2025-02-25,petr-borecky-1,Petr Bořecký,Lidovci a Starostové,Ano,Ano,81c7f2b6721db0fe,ano,,31. Projekty financované z Fondu kofinancování projektů – únor 2025 – návrh rozpočtových opatření - 1. projekt,https://apl.brno.cz/protokoly-zmb/zmb-z9-24/20250225-30-35629.html
Z9-24-031,Z9/24,2025-02-25,petr-borecky-1,Petr Bořecký,Lidovci a Starostové,Ano,Ano,d87b0d58b92df10b,ano,,31. Projekty financované z Fondu kofinancování projektů – únor 2025 – návrh rozpočtových opatření - 2. projekt,https://apl.brno.cz/protokoly-zmb/zmb-z9-24/20250225-31-35652.html
Z9-24-032,Z9/24,2025-02-25,petr-borecky-1,Petr Bořecký,Lidovci a Starostové,Ano,Ano,00dd3d0737e7cb93,ano,,31. Projekty financované z Fondu kofinancování projektů – únor 2025 – návrh rozpočtových opatření - 3. projekt,https://apl.brno.cz/protokoly-zmb/zmb-z9-24/20250225-32-35682.html
Z9-24-033,Z9/24,2025-02-25,petr-borecky-1,Petr Bořecký,Lidovci a Starostové,Ano,Ano,b5b58b1f6c58dcac,ano,,31. Projekty financované z Fondu kofinancování projektů – únor 2025 – návrh rozpočtových opatření,https://apl.brno.cz/protokoly-zmb/zmb-z9-24/20250225-33-35717.html
Z9-24-035,Z9/24,2025-02-25,petr-borecky-1,Petr Bořecký,Lidovci a Starostové,Ano,Ano,24c0b13be1c28d72,ano,,"33. Projekt ""Archa jménem ZOO"" - posouzení projektu",https://apl.brno.cz/protokoly-zmb/zmb-z9-24/20250225-35-35777.html
Z9-24-036,Z9/24,2025-02-25,petr-borecky-1,Petr Bořecký,Lidovci a Starostové,Ano,Ano,e044b8ee97c06cc5,ano,,"34. Projekt ""Podpora implementace nástroje ITI a metropolitní spolupráce a facilitace činností nositelů ITI pro období 2021-2027"" - posouzení projektu, návrh rozpočtového opatření",https://apl.brno.cz/protokoly-zmb/zmb-z9-24/20250225-36-35807.html
Z9-24-034,Z9/24,2025-02-25,petr-borecky-1,Petr Bořecký,Lidovci a Starostové,Ano,Ano,ab3f90577de77052,ano,,32. Finanční prostředky Fondu kofinancování projektů – únor 2025 – návrh rozpočtových opatření,https://apl.brno.cz/protokoly-zmb/zmb-z9-24/20250225-34-35746.html
Z9-24-037,Z9/24,2025-02-25,petr-borecky-1,Petr Bořecký,Lidovci a Starostové,Ano,Ano,2609f3f59196225f,ano,,"35. Projekt ""Rekonstrukce požární zbrojnice Brno-Židenice"" – posouzení projektu",https://apl.brno.cz/protokoly-zmb/zmb-z9-24/20250225-37-35836.html
Z9-24-039,Z9/24,2025-02-25,petr-borecky-1,Petr Bořecký,Lidovci a Starostové,Ano,Ano,229086c28a5fdd69,ano,,"37. Projekt ""Výstavba MŠ Šámalova"" – změna parametrů posouzení projektu, návrh rozpočtového opatření",https://apl.brno.cz/protokoly-zmb/zmb-z9-24/20250225-39-35892.html
Z9-24-040,Z9/24,2025-02-25,petr-borecky-1,Petr Bořecký,Lidovci a Starostové,Ano,Ano,2e49b13886022369,ano,,"38. Projekt ""Modernizace kuchyně ZŠ Milénova"" – rozhodnutí o poskytnutí dotace",https://apl.brno.cz/protokoly-zmb/zmb-z9-24/20250225-40-35920.html
Z9-24-038,Z9/24,2025-02-25,petr-borecky-1,Petr Bořecký,Lidovci a Starostové,Ano,Ano,93bbce15c741e60c,ano,,"36. Projekty ""Revitalizace vegetace v lokalitách Vychodilova, Záhřebská, Voroněžská, Brno – Žabovřesky"" – posouzení projektů",https://apl.brno.cz/protokoly-zmb/zmb-z9-24/20250225-38-35865.html
Z9-24-041,Z9/24,2025-02-25,petr-borecky-1,Petr Bořecký,Lidovci a Starostové,Ano,Ano,e1816c9a513b7a94,ano,,39. Návrh nové Strategie a pravidel pro nakládání s nemovitým majetkem ve vlastnictví statutárního města Brna včetně postupu nabývání nemovitého majetku,https://apl.brno.cz/protokoly-zmb/zmb-z9-24/20250225-41-35954.html
Z9-24-042,Z9/24,2025-02-25,petr-borecky-1,Petr Bořecký,Lidovci a Starostové,Ano,Ano,38cbe8681f04ccc2,ano,,"40. Návrh zpeněžení (prodeje) pozemku p. č. 37 a pozemku p. č. 39, jehož součástí je stavba bydlení č.p. 517 na adrese Úvoz č.or. 14, vše v k. ú. Staré Brno, formou veřejné elektronické dražby",https://apl.brno.cz/protokoly-zmb/zmb-z9-24/20250225-42-35999.html
Z9-24-045,Z9/24,2025-02-25,petr-borecky-1,Petr Bořecký,Lidovci a Starostové,Ano,Ano,7bee7eaa18275318,ano,,přerušení zasedání do12:15,https://apl.brno.cz/protokoly-zmb/zmb-z9-24/20250225-45-38402.html
Z9-24-044,Z9/24,2025-02-25,petr-borecky-1,Petr Bořecký,Lidovci a Starostové,Ano,Ano,72cbc253b3e7150c,ano,,"44. Návrh prodeje pozemku p. č. 957 v k. ú. Staré Brno, návrh na zřízení služebnosti - ukončení rozpravy",https://apl.brno.cz/protokoly-zmb/zmb-z9-24/20250225-44-38301.html
Z9-24-046,Z9/24,2025-02-25,petr-borecky-1,Petr Bořecký,Lidovci a Starostové,Ano,Ano,f9372bb6ea4c4672,ano,,"44. Návrh prodeje pozemku p. č. 957 v k. ú. Staré Brno, návrh na zřízení služebnosti - var. A vč. doplnění",https://apl.brno.cz/protokoly-zmb/zmb-z9-24/20250225-46-45759.html
Z9-24-047,Z9/24,2025-02-25,petr-borecky-1,Petr Bořecký,Lidovci a Starostové,Ano,Ano,74222119d3271ad2,ano,,Body č. 41-50 bez 44,https://apl.brno.cz/protokoly-zmb/zmb-z9-24/20250225-47-45839.html
Z9-24-048,Z9/24,2025-02-25,petr-borecky-1,Petr Bořecký,Lidovci a Starostové,Ano,Ano,c962995563066563,ano,,"51. Návrh budoucího prodeje části pozemku p. č. 2722/21 v k. ú. Černovice, budoucího zřízení výhrady zpětné koupě, budoucího zřízení zákazu zcizení a zatížení",https://apl.brno.cz/protokoly-zmb/zmb-z9-24/20250225-48-45869.html
Z9-24-049,Z9/24,2025-02-25,petr-borecky-1,Petr Bořecký,Lidovci a Starostové,Ano,Ano,1a59cd67320b7ae6,ano,,"52. Návrh trvání na usnesení Z9/19. zasedání Zastupitelstva města Brna konaném dne 10. 9. 2024, bod č. 113",https://apl.brno.cz/protokoly-zmb/zmb-z9-24/20250225-49-46019.html
Z9-24-050,Z9/24,2025-02-25,petr-borecky-1,Petr Bořecký,Lidovci a Starostové,Ano,Ano,762c3e15c811c6cd,ano,,Body č. 53-63 bez 58,https://apl.brno.cz/protokoly-zmb/zmb-z9-24/20250225-50-46060.html
Z9-24-052,Z9/24,2025-02-25,petr-borecky-1,Petr Bořecký,Lidovci a Starostové,Ano,Ano,30097ce397d8120b,ano,,"65. Návrh souhlasu se záměrem bezúplatného nabytí pozemků p. č. 1253/5 a p. č. 1368 v k. ú. Brněnské Ivanovice, souhlas s technickými podmínkami 66. Návrh na uzavření Dodatku č. 1 ke smlouvě o bezúplatném převodu vlastnického práva k nemovitým věcem s omezujícími podmínkami č. BP-20/082",https://apl.brno.cz/protokoly-zmb/zmb-z9-24/20250225-52-46123.html
Z9-24-051,Z9/24,2025-02-25,petr-borecky-1,Petr Bořecký,Lidovci a Starostové,Ano,Ano,d26d95245ea5702b,ano,,64. Návrh bezúplatného nabytí pozemku p. č. 80/8 v k. ú. Štýřice z vlastnictví České republiky – Úřadu pro zastupování státu ve věcech majetkových do vlastnictví statutárního města Brna s omezujícími podmínkami,https://apl.brno.cz/protokoly-zmb/zmb-z9-24/20250225-51-46088.html
Z9-24-053,Z9/24,2025-02-25,petr-borecky-1,Petr Bořecký,Lidovci a Starostové,Ano,Ano,2280636a0b1a7d6a,ano,,"67. Návrh vzorové dohody o narovnání s bezúplatným převodem spoluvlastnických podílů města na bytových jednotkách v domech Podbělová 2, 4, 6, 8, 10, 12, 14 a 16 v Brně členům družstva HABŘÍ, bytové družstvo, bezúplatné nabytí částí pozemku p. č. 5037/3",https://apl.brno.cz/protokoly-zmb/zmb-z9-24/20250225-53-46152.html
Z9-24-054,Z9/24,2025-02-25,petr-borecky-1,Petr Bořecký,Lidovci a Starostové,Ano,Ano,aafbd7c82bc60046,ano,,68. Návrh na uznání vlastnického práva k pozemkům p. č. 156/10 a p. č. 156/11 k. ú. Komárov formou souhlasného prohlášení,https://apl.brno.cz/protokoly-zmb/zmb-z9-24/20250225-54-46215.html
Z9-24-055,Z9/24,2025-02-25,petr-borecky-1,Petr Bořecký,Lidovci a Starostové,Ano,Ano,2229754e271d60e4,ano,,"69. Návrh na uznání vlastnického práva k pozemkům p. č. 1371/6, 1420/11, 1420/45, 1420/52, vše v k. ú. Stránice formou souhlasného prohlášení",https://apl.brno.cz/protokoly-zmb/zmb-z9-24/20250225-55-46244.html
Z9-24-056,Z9/24,2025-02-25,petr-borecky-1,Petr Bořecký,Lidovci a Starostové,Ano,Ano,9a45f9dac6331cda,ano,,70. Návrh na uznání vlastnického práva k pozemku p. č. 1387/10 v k. ú. Štýřice formou souhlasného prohlášení,https://apl.brno.cz/protokoly-zmb/zmb-z9-24/20250225-56-46272.html
Z9-24-058,Z9/24,2025-02-25,petr-borecky-1,Petr Bořecký,Lidovci a Starostové,Ano,Ano,2550414e662fd55d,ano,,Body č. 74-77,https://apl.brno.cz/protokoly-zmb/zmb-z9-24/20250225-58-46339.html
Z9-24-059,Z9/24,2025-02-25,petr-borecky-1,Petr Bořecký,Lidovci a Starostové,Ano,Ano,688c8ac61f6dab3f,ano,,"79. Návrh na odnětí svěřeného majetku města městské části Brno-střed, nemovitosti při ulici Dornych 29 a Dornych 31, vše k. ú. Trnitá, obec Brno - var. A",https://apl.brno.cz/protokoly-zmb/zmb-z9-24/20250225-59-46385.html
Z9-24-060,Z9/24,2025-02-25,petr-borecky-1,Petr Bořecký,Lidovci a Starostové,Ano,Ano,42b18b6c7f16c8ac,ano,,Body č. 80-82,https://apl.brno.cz/protokoly-zmb/zmb-z9-24/20250225-60-46429.html
Z9-24-061,Z9/24,2025-02-25,petr-borecky-1,Petr Bořecký,Lidovci a Starostové,Ano,Ano,3fc4a915c4ec7e4a,ano,,83. Územně plánovací dokumentace 2024 – návrhy na nezahájení procesu pořízení změn Územního plánu města Brna (1994),https://apl.brno.cz/protokoly-zmb/zmb-z9-24/20250225-61-46457.html
Z9-24-062,Z9/24,2025-02-25,petr-borecky-1,Petr Bořecký,Lidovci a Starostové,Ano,Ano,4b4dbe5b5f675eaf,ano,,84. Ukončení procesu pořizování změn Územního plánu města Brna (1994),https://apl.brno.cz/protokoly-zmb/zmb-z9-24/20250225-62-46486.html
Z9-24-063,Z9/24,2025-02-25,petr-borecky-1,Petr Bořecký,Lidovci a Starostové,Ano,Ano,b3fa0718987f6b93,ano,,85. Návrh na ukončení procesu pořizování změn regulačních plánů,https://apl.brno.cz/protokoly-zmb/zmb-z9-24/20250225-63-46512.html
Z9-24-064,Z9/24,2025-02-25,petr-borecky-1,Petr Bořecký,Lidovci a Starostové,Ano,Ano,f97ec0e2966c97ce,ano,,86. Změna 1-25 Územního plánu města Brna – vlastní podnět na pořízení změny,https://apl.brno.cz/protokoly-zmb/zmb-z9-24/20250225-64-46541.html
Z9-24-065,Z9/24,2025-02-25,petr-borecky-1,Petr Bořecký,Lidovci a Starostové,Ano,Ano,1b8619535d2934d3,ano,,"87. Projekt ""Paracentrum Fénix"" – návrh dodatku č. 1 ke smlouvě o poskytnutí návratné finanční výpomoci",https://apl.brno.cz/protokoly-zmb/zmb-z9-24/20250225-65-46569.html
Z9-24-066,Z9/24,2025-02-25,petr-borecky-1,Petr Bořecký,Lidovci a Starostové,Ano,Ano,30fe45003473df01,ano,,88. Plán udržitelné městské mobility města Brna – aktualizace přílohy 2.1. Zásobník projektů,https://apl.brno.cz/protokoly-zmb/zmb-z9-24/20250225-66-46598.html
Z9-26-001,Z9/26,2025-04-29,petr-borecky-1,Petr Bořecký,Lidovci a Starostové,Ano,Ano,a71d5142484e3a08,ano,,"1. Technický bod (zapisovatelé, právní asistence, ověřovatelé zápisu, schválení programu zasedání ZMB) - ověřovatelé zápisu",https://apl.brno.cz/protokoly-zmb/zmb-z9-26/20250429-1-33173.html
Z9-26-002,Z9/26,2025-04-29,petr-borecky-1,Petr Bořecký,Lidovci a Starostové,Ano,Ano,1ab2c8b56a33f8ad,ano,,"1. Technický bod (zapisovatelé, právní asistence, ověřovatelé zápisu, schválení programu zasedání ZMB) - program - hlasování o stažení bodu č. 25",https://apl.brno.cz/protokoly-zmb/zmb-z9-26/20250429-2-33306.html
Z9-26-004,Z9/26,2025-04-29,petr-borecky-1,Petr Bořecký,Lidovci a Starostové,Ano,Ano,af1520a6b7bd4587,ano,,"1. Technický bod (zapisovatelé, právní asistence, ověřovatelé zápisu, schválení programu zasedání ZMB) - program",https://apl.brno.cz/protokoly-zmb/zmb-z9-26/20250429-4-33356.html
Z9-26-005,Z9/26,2025-04-29,petr-borecky-1,Petr Bořecký,Lidovci a Starostové,Ano,Ano,c00580549084dd0e,ano,,5. Přehled účastí na schůzích výborů ZMB,https://apl.brno.cz/protokoly-zmb/zmb-z9-26/20250429-5-33388.html
Z9-24-043,Z9/24,2025-02-25,petr-borecky-1,Petr Bořecký,Lidovci a Starostové,Zdržel se,Zdržel se,a74bb23f9fb6793f,ano,,"44. Návrh prodeje pozemku p. č. 957 v k. ú. Staré Brno, návrh na zřízení služebnosti - stažení bodu",https://apl.brno.cz/protokoly-zmb/zmb-z9-24/20250225-43-36729.html
Z9-26-007,Z9/26,2025-04-29,petr-borecky-1,Petr Bořecký,Lidovci a Starostové,Ano,Ano,bdbe7a787d37cc6f,ano,,"6. Návrh obecně závazné vyhlášky statutárního města Brna, kterou se zrušuje obecně závazná vyhláška statutárního města Brna č. 15/2007 o ochraně zeleně v městě Brně, ve znění pozdějších vyhlášek - hlasování vč. návrhu p. Chvátala",https://apl.brno.cz/protokoly-zmb/zmb-z9-26/20250429-7-33935.html
Z9-26-008,Z9/26,2025-04-29,petr-borecky-1,Petr Bořecký,Lidovci a Starostové,Ano,Ano,c28a5ec6a077c98d,ano,,"7. Návrh Zásad tvorby uličního názvosloví a označování ulic, veřejných prostranství a číslování budov v městě Brně",https://apl.brno.cz/protokoly-zmb/zmb-z9-26/20250429-8-33979.html
Z9-26-009,Z9/26,2025-04-29,petr-borecky-1,Petr Bořecký,Lidovci a Starostové,Ano,Ano,d6060b9d4fa975df,ano,,"8. Návrh změny stanov obchodní společnosti Brněnské vodárny a kanalizace, a. s.",https://apl.brno.cz/protokoly-zmb/zmb-z9-26/20250429-9-34009.html
Z9-26-011,Z9/26,2025-04-29,petr-borecky-1,Petr Bořecký,Lidovci a Starostové,Ano,Ano,7d3def11aaeeae98,ano,,"9. Návrh změny stanov obchodní společnosti STAREZ-SPORT, a. s.",https://apl.brno.cz/protokoly-zmb/zmb-z9-26/20250429-11-34074.html
Z9-26-012,Z9/26,2025-04-29,petr-borecky-1,Petr Bořecký,Lidovci a Starostové,Ano,Ano,06a8ba05c83db6de,ano,,"10. Návrh dodatku č. 2 ke zřizovací listině Centra sociálních služeb, příspěvkové organizace",https://apl.brno.cz/protokoly-zmb/zmb-z9-26/20250429-12-34105.html
Z9-26-013,Z9/26,2025-04-29,petr-borecky-1,Petr Bořecký,Lidovci a Starostové,Ano,Ano,b387d9bc49183806,ano,,11. Návrh Dodatku č. 6 k Deklaraci Koncernu statutárního města Brna,https://apl.brno.cz/protokoly-zmb/zmb-z9-26/20250429-13-36206.html
Z9-26-014,Z9/26,2025-04-29,petr-borecky-1,Petr Bořecký,Lidovci a Starostové,Zdržel se,Zdržel se,0614da8c7f7499ca,ano,,11. Návrh Dodatku č. 6 k Deklaraci Koncernu statutárního města Brna - hlasování o návrhu p. Koláčného,https://apl.brno.cz/protokoly-zmb/zmb-z9-26/20250429-14-36238.html
Z9-26-015,Z9/26,2025-04-29,petr-borecky-1,Petr Bořecký,Lidovci a Starostové,Ano,Ano,e31473be32a5d019,ano,,"12. Návrh na změnu zástupce statutárního města Brna v představenstvu společnosti Technologický Park Brno, a. s.",https://apl.brno.cz/protokoly-zmb/zmb-z9-26/20250429-15-36318.html
Z9-24-057,Z9/24,2025-02-25,petr-borecky-1,Petr Bořecký,Lidovci a Starostové,Ano,Ano,a03e7b5e10e912e7,ano,,Body č. 71-73,https://apl.brno.cz/protokoly-zmb/zmb-z9-24/20250225-57-46302.html
Z9-26-016,Z9/26,2025-04-29,petr-borecky-1,Petr Bořecký,Lidovci a Starostové,Ano,Ano,b55904fa5fd3a88c,ano,,13. Poskytování příspěvků členům Zastupitelstva města Brna,https://apl.brno.cz/protokoly-zmb/zmb-z9-26/20250429-16-36347.html
Z9-26-017,Z9/26,2025-04-29,petr-borecky-1,Petr Bořecký,Lidovci a Starostové,Ano,Ano,bf47e199537214c7,ano,,14. Návrh rozpočtového opatření v rozpočtu Odboru strategického rozvoje a spolupráce MMB,https://apl.brno.cz/protokoly-zmb/zmb-z9-26/20250429-17-36376.html
Z9-26-018,Z9/26,2025-04-29,petr-borecky-1,Petr Bořecký,Lidovci a Starostové,Ano,Ano,1a1b440d5d93d2fa,ano,,"15. Návrh rozpočtového opatření v souvislosti s realizací akce ""Chata Jedovnice – přístupová cesta""",https://apl.brno.cz/protokoly-zmb/zmb-z9-26/20250429-18-36406.html
Z9-26-019,Z9/26,2025-04-29,petr-borecky-1,Petr Bořecký,Lidovci a Starostové,Ano,Ano,acdf46d6d0cc557d,ano,,16. Rozpočtové opatření v souvislosti s realizací projektu „Areál sociálních služeb a bydlení Kociánka“,https://apl.brno.cz/protokoly-zmb/zmb-z9-26/20250429-19-36435.html
Z9-26-020,Z9/26,2025-04-29,petr-borecky-1,Petr Bořecký,Lidovci a Starostové,Ano,Ano,5f571fb2fdb0dbb5,ano,,"17. Aktualizace rozpočtu akcí zajišťovaných společností Brněnské vodárny a kanalizace, a. s. – duben 2025 – návrh dodatku č. 101 k mandátní smlouvě č. 56019271 – návrh rozpočtového opatření",https://apl.brno.cz/protokoly-zmb/zmb-z9-26/20250429-20-36468.html
Z9-26-021,Z9/26,2025-04-29,petr-borecky-1,Petr Bořecký,Lidovci a Starostové,Ano,Ano,63d7418de900dbc9,ano,,18. Realizace bezbariérových úprav – návrh rozpočtového opatření,https://apl.brno.cz/protokoly-zmb/zmb-z9-26/20250429-21-36496.html
Z9-26-022,Z9/26,2025-04-29,petr-borecky-1,Petr Bořecký,Lidovci a Starostové,Ano,Ano,2e43572b1c00bd12,ano,,19. Návrh rozpočtového opatření – přesun běžných výdajů v rámci rozpočtu 4. úseku MMB v roce 2025,https://apl.brno.cz/protokoly-zmb/zmb-z9-26/20250429-22-36528.html
Z9-26-023,Z9/26,2025-04-29,petr-borecky-1,Petr Bořecký,Lidovci a Starostové,Ano,Ano,53567afc61eeb6e6,ano,,20. Aktualizace rozpočtu běžných a kapitálových výdajů Odboru dopravy MMB – duben 2025 – návrh rozpočtového opatření,https://apl.brno.cz/protokoly-zmb/zmb-z9-26/20250429-23-36560.html
Z9-26-025,Z9/26,2025-04-29,petr-borecky-1,Petr Bořecký,Lidovci a Starostové,Ano,Ano,9678ab4565646f88,ano,,21. Zapojení Fondu rezerv a rozvoje k financování běžných výdajů Odboru vnitřních věcí MMB – návrh rozpočtového opatření,https://apl.brno.cz/protokoly-zmb/zmb-z9-26/20250429-25-36630.html
Z9-26-026,Z9/26,2025-04-29,petr-borecky-1,Petr Bořecký,Lidovci a Starostové,Ano,Ano,a1d2fb7f052b2b07,ano,,"22. Zapojení Fondu rezerv a rozvoje v souvislosti s poskytnutím individuální neinvestiční dotace Autoklubu České republiky na pořádání Mistrovství světa silničních motocyklů – GRAND PRIX ČR, návrh rozpočtového opatření, návrh smlouvy",https://apl.brno.cz/protokoly-zmb/zmb-z9-26/20250429-26-37196.html
Z9-26-003,Z9/26,2025-04-29,petr-borecky-1,Petr Bořecký,Lidovci a Starostové,Ano,Ano,418c4713054672d8,ano,,"1. Technický bod (zapisovatelé, právní asistence, ověřovatelé zápisu, schválení programu zasedání ZMB) - program - hlasování o zařazení bodu č. 102, 103",https://apl.brno.cz/protokoly-zmb/zmb-z9-26/20250429-3-33327.html
Z9-26-006,Z9/26,2025-04-29,petr-borecky-1,Petr Bořecký,Lidovci a Starostové,Nehlasoval,Nehlasoval,2325713ba695be60,ano,,"6. Návrh obecně závazné vyhlášky statutárního města Brna, kterou se zrušuje obecně závazná vyhláška statutárního města Brna č. 15/2007 o ochraně zeleně v městě Brně, ve znění pozdějších vyhlášek - hlasování o návrhu pí Drápalové",https://apl.brno.cz/protokoly-zmb/zmb-z9-26/20250429-6-33865.html
Z9-26-028,Z9/26,2025-04-29,petr-borecky-1,Petr Bořecký,Lidovci a Starostové,Ano,Ano,06eb80c07e2ec3c7,ano,,24. Zapojení Fondu rezerv a rozvoje v souvislosti s poskytnutím investičního transferu městské části Brno-Řečkovice a Mokrá Hora – návrh rozpočtového opatření,https://apl.brno.cz/protokoly-zmb/zmb-z9-26/20250429-28-37262.html
Z9-26-030,Z9/26,2025-04-29,petr-borecky-1,Petr Bořecký,Lidovci a Starostové,Ano,Ano,2e0121519d406902,ano,,"27. Návrh na poskytnutí individuálních investičních dotací z rozpočtu města Brna společnosti Dopravní podnik města Brna, a. s.",https://apl.brno.cz/protokoly-zmb/zmb-z9-26/20250429-30-37642.html
Z9-26-029,Z9/26,2025-04-29,petr-borecky-1,Petr Bořecký,Lidovci a Starostové,Ano,Ano,6692810407e2d7af,ano,,26. Zapojení Fondu rezerv a rozvoje v souvislosti s poskytnutím individuální investiční dotace z rozpočtu města Brna Nadačnímu fondu MEHRIN na nákup Židovské knihovny Petra Broda; návrh rozpočtového opatření,https://apl.brno.cz/protokoly-zmb/zmb-z9-26/20250429-29-37300.html
Z9-26-027,Z9/26,2025-04-29,petr-borecky-1,Petr Bořecký,Lidovci a Starostové,Ano,Ano,38ab88a06b8a96af,ano,,"23. Zapojení Fondu rezerv a rozvoje v souvislosti s poskytnutím individuální investiční dotace spolku T.J. KOMÍN, z. s., na projekt „T.J. KOMÍN, z. s. – stavební úpravy hygienického zázemí“ – návrh rozpočtového opatření",https://apl.brno.cz/protokoly-zmb/zmb-z9-26/20250429-27-37230.html
Z9-26-032,Z9/26,2025-04-29,petr-borecky-1,Petr Bořecký,Lidovci a Starostové,Ano,Ano,38188120e36188d4,ano,,29. Návrh na poskytnutí investičních a neinvestičních dotací – Program VI Obnova materiálně-technického vybavení pro rok 2025-2026 – návrh rozpočtového opatření,https://apl.brno.cz/protokoly-zmb/zmb-z9-26/20250429-32-37701.html
Z9-26-031,Z9/26,2025-04-29,petr-borecky-1,Petr Bořecký,Lidovci a Starostové,Ano,Ano,c65f105f9f4ee1bc,ano,,28. Návrh na poskytnutí investičních dotací v rámci dotačního programu Podpora vytváření zelených střech,https://apl.brno.cz/protokoly-zmb/zmb-z9-26/20250429-31-37672.html
Z9-26-034,Z9/26,2025-04-29,petr-borecky-1,Petr Bořecký,Lidovci a Starostové,Ano,Ano,0c949d5c11224183,ano,,31. Návrh na poskytnutí individuální neinvestiční dotace spolku Česká basketbalová federace z. s. na uspořádání Mistrovství světa v basketbalu U19 žen 2025,https://apl.brno.cz/protokoly-zmb/zmb-z9-26/20250429-34-37762.html
Z9-26-033,Z9/26,2025-04-29,petr-borecky-1,Petr Bořecký,Lidovci a Starostové,Ano,Ano,ee538f46688f85ed,ano,,30. Návrh na poskytnutí individuální neinvestiční dotace Českému svazu ledního hokeje z. s. na mezinárodní sportovní akci HLINKA GRETZKY CUP 2025,https://apl.brno.cz/protokoly-zmb/zmb-z9-26/20250429-33-37731.html
Z9-26-035,Z9/26,2025-04-29,petr-borecky-1,Petr Bořecký,Lidovci a Starostové,Ano,Ano,77c1c4336de27b12,ano,,32. Návrh na poskytnutí individuální neinvestiční dotace Českému svazu ledního hokeje z. s. na mezinárodní sportovní akci ČESKÉ HOKEJOVÉ HRY 2025,https://apl.brno.cz/protokoly-zmb/zmb-z9-26/20250429-35-37793.html
Z9-26-038,Z9/26,2025-04-29,petr-borecky-1,Petr Bořecký,Lidovci a Starostové,Ano,Ano,b369c1359f43fb1d,ano,,33. Návrh na poskytnutí individuálních neinvestičních dotací pro oblast tělovýchovy a sportu pro rok 2025 – I. kolo – návrh rozpočtového opatření - žádost č. 29,https://apl.brno.cz/protokoly-zmb/zmb-z9-26/20250429-38-38180.html
Z9-26-039,Z9/26,2025-04-29,petr-borecky-1,Petr Bořecký,Lidovci a Starostové,Ano,Ano,9f40d19e60d95cc0,ano,,33. Návrh na poskytnutí individuálních neinvestičních dotací pro oblast tělovýchovy a sportu pro rok 2025 – I. kolo – návrh rozpočtového opatření,https://apl.brno.cz/protokoly-zmb/zmb-z9-26/20250429-39-38219.html
Z9-26-040,Z9/26,2025-04-29,petr-borecky-1,Petr Bořecký,Lidovci a Starostové,Ano,Ano,42486b0dced0f38d,ano,,"34. Návrh na poskytnutí individuální neinvestiční dotace INSTITUTU SOCIÁLNĚ ZDRAVOTNÍCH STRATEGIÍ z. s. na projekt PORADNA JAKO SLON – Alzheimerovská poradna, rozšíření činnosti poradny 2025",https://apl.brno.cz/protokoly-zmb/zmb-z9-26/20250429-40-38255.html
Z9-26-041,Z9/26,2025-04-29,petr-borecky-1,Petr Bořecký,Lidovci a Starostové,Ano,Ano,7617bce6445f882e,ano,,35. Návrh na poskytnutí individuálních neinvestičních dotací na provozní náklady středisek volného času v roce 2025,https://apl.brno.cz/protokoly-zmb/zmb-z9-26/20250429-41-38283.html
Z9-26-042,Z9/26,2025-04-29,petr-borecky-1,Petr Bořecký,Lidovci a Starostové,Ano,Ano,1cecaa6bd20da21d,ano,,36. Návrh na poskytnutí neinvestičních příspěvků základním školám na zajištění základní plavecké výuky žáků základních škol – návrh rozpočtového opatření,https://apl.brno.cz/protokoly-zmb/zmb-z9-26/20250429-42-38314.html
Z9-26-043,Z9/26,2025-04-29,petr-borecky-1,Petr Bořecký,Lidovci a Starostové,Ano,Ano,8ca9cb2d13141a4f,ano,,37. Návrh na poskytnutí neinvestičních příspěvků základním školám na zajištění projektu Primární prevence na základních školách – návrh rozpočtového opatření,https://apl.brno.cz/protokoly-zmb/zmb-z9-26/20250429-43-38342.html
Z9-26-044,Z9/26,2025-04-29,petr-borecky-1,Petr Bořecký,Lidovci a Starostové,Ano,Ano,85359b04b127f426,ano,,38. Návrh na poskytnutí neinvestičních dotací na podporu mládežnického sportu pro rok 2025,https://apl.brno.cz/protokoly-zmb/zmb-z9-26/20250429-44-38394.html
Z9-26-045,Z9/26,2025-04-29,petr-borecky-1,Petr Bořecký,Lidovci a Starostové,Ano,Ano,a0d17ccc22f3f2e1,ano,,39. Návrh na poskytnutí neinvestičních dotací na zachování a obnovu kulturních památek v roce 2025 - návrh rozpočtového opatření,https://apl.brno.cz/protokoly-zmb/zmb-z9-26/20250429-45-38504.html
Z9-26-046,Z9/26,2025-04-29,petr-borecky-1,Petr Bořecký,Lidovci a Starostové,Ano,Ano,43e166a8e9dde615,ano,,40. Návrh na přidělení státní dotace od Ministerstva kultury z Programu regenerace městských památkových rezervací a městských památkových zón v roce 2025 a návrh na úhradu povinného podílu města ke státní dotaci – návrh rozpočtového opatření,https://apl.brno.cz/protokoly-zmb/zmb-z9-26/20250429-46-38536.html
Z9-26-047,Z9/26,2025-04-29,petr-borecky-1,Petr Bořecký,Lidovci a Starostové,Ano,Ano,686107e6c1590f43,ano,,"41. Návrh na poskytnutí finančního daru spolku Městský sportovní klub Brno, z. s., na podporu brněnských olympioniků – sportovců seniorů pro rok 2025 – návrh rozpočtového opatření",https://apl.brno.cz/protokoly-zmb/zmb-z9-26/20250429-47-38731.html
Z9-26-048,Z9/26,2025-04-29,petr-borecky-1,Petr Bořecký,Lidovci a Starostové,Ano,Ano,162bfccc66af9582,ano,,"42. Návrh na poskytnutí neinvestičního transferu městské části Brno-střed, návrh rozpočtového opatření",https://apl.brno.cz/protokoly-zmb/zmb-z9-26/20250429-48-38762.html
Z9-26-050,Z9/26,2025-04-29,petr-borecky-1,Petr Bořecký,Lidovci a Starostové,Ano,Ano,5f4b248ff31904af,ano,,"44. Kancelář architekta města Brna, příspěvková organizace – návrh na změnu účelu investičního příspěvku schváleného na rok 2025",https://apl.brno.cz/protokoly-zmb/zmb-z9-26/20250429-50-38824.html
Z9-26-049,Z9/26,2025-04-29,petr-borecky-1,Petr Bořecký,Lidovci a Starostové,Ano,Ano,d11c21ade57f928e,ano,,43. Návrh na poskytnutí transferů městským částem – návrh rozpočtového opatření,https://apl.brno.cz/protokoly-zmb/zmb-z9-26/20250429-49-38790.html
Z9-26-051,Z9/26,2025-04-29,petr-borecky-1,Petr Bořecký,Lidovci a Starostové,Ano,Ano,af83c7edbe213e60,ano,,45. Žádost Židovské obce Brno o prominutí povinnosti odvodu za porušení rozpočtové kázně u smlouvy o poskytnutí účelové neinvestiční dotace z rozpočtu města Brna - var. A - 70 tis. Kč,https://apl.brno.cz/protokoly-zmb/zmb-z9-26/20250429-51-38895.html
Z9-26-052,Z9/26,2025-04-29,petr-borecky-1,Petr Bořecký,Lidovci a Starostové,Ano,Ano,d831e7c982148136,ano,,"46. Návrh smlouvy o poskytnutí individuální neinvestiční dotace Brno CreativeDayss. r. o. na realizaci projektu „Brno CreativeDays 2025""",https://apl.brno.cz/protokoly-zmb/zmb-z9-26/20250429-52-38972.html
Z9-26-053,Z9/26,2025-04-29,petr-borecky-1,Petr Bořecký,Lidovci a Starostové,Ano,Ano,1c02fe2374c55e35,ano,,47. Návrh smlouvy o poskytování veřejné služby a podmínkách poskytnutí vyrovnávací platby za plnění závazku veřejné služby se společností FabLab Brno s. r. o.,https://apl.brno.cz/protokoly-zmb/zmb-z9-26/20250429-53-39005.html
Z9-26-054,Z9/26,2025-04-29,petr-borecky-1,Petr Bořecký,Lidovci a Starostové,Ano,Ano,1f38a0b02960a941,ano,,"48. Návrh dodatku č. 3 ke smlouvě o poskytnutí individuální investiční dotace z rozpočtu statutárního města Brna se společností Dopravní podnik města Brna, a. s.",https://apl.brno.cz/protokoly-zmb/zmb-z9-26/20250429-54-39038.html
Z9-26-055,Z9/26,2025-04-29,petr-borecky-1,Petr Bořecký,Lidovci a Starostové,Ano,Ano,dd237536ce26e879,ano,,"49. Žádost o souhlas se změnou projektu ""Koncert pod ikonickou prosklenou střechou Bohuslava Fuchse"" - Moravské klavírní trio, z. s.",https://apl.brno.cz/protokoly-zmb/zmb-z9-26/20250429-55-39067.html
Z9-26-056,Z9/26,2025-04-29,petr-borecky-1,Petr Bořecký,Lidovci a Starostové,Ano,Ano,d2bcc4fb16bf1d7a,ano,,50. Finanční prostředky Fondu kofinancování projektů – duben 2025 – návrh rozpočtového opatření,https://apl.brno.cz/protokoly-zmb/zmb-z9-26/20250429-56-39097.html
Z9-26-057,Z9/26,2025-04-29,petr-borecky-1,Petr Bořecký,Lidovci a Starostové,Ano,Ano,2a1b23eb7d11f2b8,ano,,"51. Projekt ""Řízení ITI BMO 6"" – posouzení projektu, návrh rozpočtového opatření",https://apl.brno.cz/protokoly-zmb/zmb-z9-26/20250429-57-39126.html
Z9-26-058,Z9/26,2025-04-29,petr-borecky-1,Petr Bořecký,Lidovci a Starostové,Ano,Ano,d576d84ec94bec10,ano,,"52. Projekt ""Integrace cizinců ve městě Brně VI."" – rozhodnutí o poskytnutí dotace",https://apl.brno.cz/protokoly-zmb/zmb-z9-26/20250429-58-39158.html
Z9-26-059,Z9/26,2025-04-29,petr-borecky-1,Petr Bořecký,Lidovci a Starostové,Ano,Ano,eed619b0f30ab301,ano,,"53. Projekt ""Janáčkovo kulturní centrum"" – rozhodnutí o poskytnutí dotace",https://apl.brno.cz/protokoly-zmb/zmb-z9-26/20250429-59-39189.html
Z9-26-060,Z9/26,2025-04-29,petr-borecky-1,Petr Bořecký,Lidovci a Starostové,Ano,Ano,04488d2c7e65e3f6,ano,,"54. Projekt ""Stavební úpravy MŠ Marie Majerové"" – rozhodnutí o poskytnutí finančních prostředků",https://apl.brno.cz/protokoly-zmb/zmb-z9-26/20250429-60-39219.html
Z9-26-061,Z9/26,2025-04-29,petr-borecky-1,Petr Bořecký,Lidovci a Starostové,Ano,Ano,1bc850f703d27a24,ano,,"55. Projekt ""Modernizace rozvodů vytápění a chlazení depozitářů hradu Špilberk"" – rozhodnutí o poskytnutí finančních prostředků",https://apl.brno.cz/protokoly-zmb/zmb-z9-26/20250429-61-39252.html
Z9-26-062,Z9/26,2025-04-29,petr-borecky-1,Petr Bořecký,Lidovci a Starostové,Ano,Ano,8ec60a38a97a1bc4,ano,,"56. Projekt ""Podpora implementace nástroje ITI a metropolitní spolupráce a facilitace činností nositelů ITI v programovém období 2021-2027"" – rozhodnutí o poskytnutí dotace",https://apl.brno.cz/protokoly-zmb/zmb-z9-26/20250429-62-39287.html
Z9-26-063,Z9/26,2025-04-29,petr-borecky-1,Petr Bořecký,Lidovci a Starostové,Ano,Ano,3915caefca0d3479,ano,,"57. Projekt „Družstevní bydlení pro mladé“ lokalita Kamenný vrch II – upřesnění stávajících kritérií u přihlášených žadatelů, stanovení dalšího postupu při realizaci projektu, vyhlášení nové výzvy k přihlášení do projektu",https://apl.brno.cz/protokoly-zmb/zmb-z9-26/20250429-63-39323.html
Z9-26-064,Z9/26,2025-04-29,petr-borecky-1,Petr Bořecký,Lidovci a Starostové,Ano,Ano,9e94775ebe896064,ano,,58. Souhlas s uplatněním práva požadovat zaplacení celé dlužné částky vyplývajícího ze Smlouvy o převzetí části dluhu a o zřízení zástavního práva,https://apl.brno.cz/protokoly-zmb/zmb-z9-26/20250429-64-39382.html
Z9-26-065,Z9/26,2025-04-29,petr-borecky-1,Petr Bořecký,Lidovci a Starostové,Ano,Ano,675666407fb95824,ano,,"59. Návrh na úhradu náhrad nájemného za sociální byty a náhrad za mimořádné opravy sociálních bytů městským částem, návrh rozpočtového opatření",https://apl.brno.cz/protokoly-zmb/zmb-z9-26/20250429-65-39644.html
Z9-26-066,Z9/26,2025-04-29,petr-borecky-1,Petr Bořecký,Lidovci a Starostové,Ano,Ano,24982d596995ac70,ano,,"60. Adresný záměr bezúplatného převodu spoluvlastnických podílů na bytových jednotkách v domech na ulici Bešůvka 2, 4, 6 a 8 v Brně členům Bytového družstva Bešůvka, družstvo",https://apl.brno.cz/protokoly-zmb/zmb-z9-26/20250429-66-39674.html
Z9-26-067,Z9/26,2025-04-29,petr-borecky-1,Petr Bořecký,Lidovci a Starostové,Ano,Ano,ce96e4666e211c2d,ano,,"61. Návrh na zrušení usnesení Zastupitelstva města Brna č. Z9/17 konaného dne 14.05.2024, bod č. 50, Záměr prodeje volné vymezené bytové jednotky v domě Osová 6, Brno",https://apl.brno.cz/protokoly-zmb/zmb-z9-26/20250429-67-39709.html
Z9-26-069,Z9/26,2025-04-29,petr-borecky-1,Petr Bořecký,Lidovci a Starostové,Ano,Ano,027ae5f6a0fc35cc,ano,,63. Přehled bytů poskytnutých v celoměstském zájmu za 2. pololetí roku 2024,https://apl.brno.cz/protokoly-zmb/zmb-z9-26/20250429-69-39774.html
Z9-26-068,Z9/26,2025-04-29,petr-borecky-1,Petr Bořecký,Lidovci a Starostové,Ano,Ano,40efc6b764ddc179,ano,,"62. Návrh na odnětí svěřeného majetku města městské části Brno-sever, nemovitosti při ulici Francouzská 61, Francouzská 72, Traubova 4, Traubova 18",https://apl.brno.cz/protokoly-zmb/zmb-z9-26/20250429-68-39743.html
Z9-26-070,Z9/26,2025-04-29,petr-borecky-1,Petr Bořecký,Lidovci a Starostové,Ano,Ano,0830646a66cce2fe,ano,,64. Návrh majetkoprávního vypořádání zapsaných a nezapsaných staveb garáží postavených na pozemku statutárního města Brna ve vybraných rozvojových lokalitách města Brna,https://apl.brno.cz/protokoly-zmb/zmb-z9-26/20250429-70-39810.html
Z9-26-071,Z9/26,2025-04-29,petr-borecky-1,Petr Bořecký,Lidovci a Starostové,Ano,Ano,be4ed6ee59f7ddfe,ano,,"65. Návrh prodeje pozemků p. č. 432 a p. č. 1321/12, oba v k. ú. Bohunice",https://apl.brno.cz/protokoly-zmb/zmb-z9-26/20250429-71-39842.html
Z9-26-072,Z9/26,2025-04-29,petr-borecky-1,Petr Bořecký,Lidovci a Starostové,Ano,Ano,167c67ad6c1d01be,ano,,66. Návrh nabytí pozemku p. č. 6191/45 v k. ú. Líšeň,https://apl.brno.cz/protokoly-zmb/zmb-z9-26/20250429-72-39883.html
Z9-26-073,Z9/26,2025-04-29,petr-borecky-1,Petr Bořecký,Lidovci a Starostové,Ano,Ano,bcf8e44019c0367c,ano,,"67. Návrh nabytí pozemků p. č. 2722/18 a p. č. 2952/7, oba v k. ú. Černovice",https://apl.brno.cz/protokoly-zmb/zmb-z9-26/20250429-73-40009.html
Z9-26-074,Z9/26,2025-04-29,petr-borecky-1,Petr Bořecký,Lidovci a Starostové,Ano,Ano,87b32766a88ae0b0,ano,,68. Návrh nabytí pozemku p. č. 2395/30 v k. ú. Starý Lískovec - var. A,https://apl.brno.cz/protokoly-zmb/zmb-z9-26/20250429-74-40064.html
Z9-26-075,Z9/26,2025-04-29,petr-borecky-1,Petr Bořecký,Lidovci a Starostové,Ano,Ano,416062edcabb1dab,ano,,Body č. 69-76,https://apl.brno.cz/protokoly-zmb/zmb-z9-26/20250429-75-40128.html
Z9-26-076,Z9/26,2025-04-29,petr-borecky-1,Petr Bořecký,Lidovci a Starostové,Ano,Ano,8a26413d20a37871,ano,,"77. Návrh bezúplatného nabytí pozemků v k. ú. Královo Pole, Komárov a Kníničky z vlastnictví České republiky – Úřadu pro zastupování státu ve věcech majetkových do vlastnictví statutárního města Brna, 78.	Návrh bezúplatného nabytí pozemků v k. ú. Horní Heršpice, Trnitá a Maloměřice z vlastnictví České republiky – Úřadu pro zastupování státu ve věcech majetkových do vlastnictví statutárního města Brna",https://apl.brno.cz/protokoly-zmb/zmb-z9-26/20250429-76-40166.html
Z9-26-077,Z9/26,2025-04-29,petr-borecky-1,Petr Bořecký,Lidovci a Starostové,Ano,Ano,b3b019508a250498,ano,,Body č. 79-85,https://apl.brno.cz/protokoly-zmb/zmb-z9-26/20250429-77-40205.html
Z9-26-078,Z9/26,2025-04-29,petr-borecky-1,Petr Bořecký,Lidovci a Starostové,Ano,Ano,8d8a4444ce127e55,ano,,86. Návrh na uznání vlastnického práva k pozemkům v k. ú. Horní Heršpice formou souhlasného prohlášení,https://apl.brno.cz/protokoly-zmb/zmb-z9-26/20250429-78-40256.html
Z9-26-079,Z9/26,2025-04-29,petr-borecky-1,Petr Bořecký,Lidovci a Starostové,Ano,Ano,d3c275b97a5dc583,ano,,87. Návrh na uznání vlastnického práva k části pozemku p. č. 1611/1 k. ú. Slatina formou souhlasného prohlášení; 88. Návrh na uznání vlastnického práva k pozemku p. č. 1556/2 k. ú. Černovice formou souhlasného prohlášení,https://apl.brno.cz/protokoly-zmb/zmb-z9-26/20250429-79-41205.html
Z9-26-081,Z9/26,2025-04-29,petr-borecky-1,Petr Bořecký,Lidovci a Starostové,Ano,Ano,975e681d375a6908,ano,,89. Návrh na uznání vlastnického práva k pozemku p. č. 614/2 v k. ú. Lesná formou souhlasného prohlášení - Var. A,https://apl.brno.cz/protokoly-zmb/zmb-z9-26/20250429-81-41290.html
Z9-26-082,Z9/26,2025-04-29,petr-borecky-1,Petr Bořecký,Lidovci a Starostové,Zdržel se,Zdržel se,344182364abc23bc,ano,,89. Návrh na uznání vlastnického práva k pozemku p. č. 614/2 v k. ú. Lesná formou souhlasného prohlášení - Var. B,https://apl.brno.cz/protokoly-zmb/zmb-z9-26/20250429-82-41344.html
Z9-26-083,Z9/26,2025-04-29,petr-borecky-1,Petr Bořecký,Lidovci a Starostové,Ano,Ano,f34754f0678245d8,ano,,"90. Návrh na uznání vlastnického práva k částem pozemku p. č. 1547/2 v k. ú. Stránice formou souhlasného prohlášení, 91. Návrh na uznání vlastnického práva k části pozemku p. č.848/55 v k. ú. Obřany formou souhlasného prohlášení",https://apl.brno.cz/protokoly-zmb/zmb-z9-26/20250429-83-41388.html
Z9-26-085,Z9/26,2025-04-29,petr-borecky-1,Petr Bořecký,Lidovci a Starostové,Ano,Ano,20cc6b15c20eb4ee,ano,,"93. Návrh směny pozemků a částí pozemků v k. ú. Komín se spolkem T.J. KOMÍN, z. s., návrh na zřízení služebností, návrh na zřízení zákazu zcizení",https://apl.brno.cz/protokoly-zmb/zmb-z9-26/20250429-85-41452.html
Z9-26-084,Z9/26,2025-04-29,petr-borecky-1,Petr Bořecký,Lidovci a Starostové,Ano,Ano,bc717ca05c3dd825,ano,,"92. Návrh na směnu částí pozemků p. č. 7623/55, p. č. 7623/56, p. č. 7623/57 a p. č. 7623/215, vše v k. ú.Židenice – městská část Brno-Vinohrady",https://apl.brno.cz/protokoly-zmb/zmb-z9-26/20250429-84-41419.html
Z9-26-086,Z9/26,2025-04-29,petr-borecky-1,Petr Bořecký,Lidovci a Starostové,Ano,Ano,dd6e1c9f435b33e7,ano,,"94. Návrh svěření majetku města městské části Brno-střed, pozemku p. č. 479, jehož součástí je stavba bez čp/č.ev., v k. ú. Pisárky",https://apl.brno.cz/protokoly-zmb/zmb-z9-26/20250429-86-41506.html
Z9-26-087,Z9/26,2025-04-29,petr-borecky-1,Petr Bořecký,Lidovci a Starostové,Ano,Ano,e0a43cd838517070,ano,,"95. Návrh svěření majetku města městské části Brno-Tuřany, pozemku p. č. 211/5 k. ú. Tuřany",https://apl.brno.cz/protokoly-zmb/zmb-z9-26/20250429-87-41543.html
Z9-26-088,Z9/26,2025-04-29,petr-borecky-1,Petr Bořecký,Lidovci a Starostové,Ano,Ano,89167fe228c035e9,ano,,"96. Návrh na nesvěření majetku města městské části Brno-Vinohrady, pozemků p. č. 7652/22, p. č. 7652/24 v k. ú. Židenice, 97. Návrh odnětí svěřeného majetku města městské části Brno – Maloměřice a Obřany, pozemků p. č. 299/3, p. č. 299/6 k. ú. Maloměřice",https://apl.brno.cz/protokoly-zmb/zmb-z9-26/20250429-88-41579.html
Z9-26-089,Z9/26,2025-04-29,petr-borecky-1,Petr Bořecký,Lidovci a Starostové,Ano,Ano,9067856461b78e69,ano,,"98. Návrh kupní smlouvy a smlouvy o zrušení věcného břemene k části pozemku p. č. 966 v k. ú. Bosonohy pro stavbu ""Brno, MČ Bosonohy, III. a IV. etapa – dostavba oddílného kanalizačního systému""",https://apl.brno.cz/protokoly-zmb/zmb-z9-26/20250429-89-41616.html
Z9-26-090,Z9/26,2025-04-29,petr-borecky-1,Petr Bořecký,Lidovci a Starostové,Ano,Ano,b17296b079338ca6,ano,,"99. Návrh Smlouvy o spolupráci při výstavbě veřejné infrastruktury „Nová Zbrojovka – Infrastruktura, P1 – Náměstí“",https://apl.brno.cz/protokoly-zmb/zmb-z9-26/20250429-90-41646.html
Z9-26-091,Z9/26,2025-04-29,petr-borecky-1,Petr Bořecký,Lidovci a Starostové,Ano,Ano,dbe80c0ef2eff366,ano,,100. Změna 1-25 Územního plánu města Brna – rozhodnutí o pořízení a schválení zadání změny,https://apl.brno.cz/protokoly-zmb/zmb-z9-26/20250429-91-41678.html
Z9-26-092,Z9/26,2025-04-29,petr-borecky-1,Petr Bořecký,Lidovci a Starostové,Ano,Ano,cc2e0119cc37f6b3,ano,,"101. Změna 1-25 Regulačního plánu V Aleji, k. ú. Holásky a Změna 1-25 Regulačního plánu Kostelíček, Brno – Líšeň – rozhodnutí o pořízení změn a schválení zadání změn",https://apl.brno.cz/protokoly-zmb/zmb-z9-26/20250429-92-41713.html
Z9-26-093,Z9/26,2025-04-29,petr-borecky-1,Petr Bořecký,Lidovci a Starostové,Ano,Ano,adfc38c327fc63b0,ano,,102. Zapojení Fondu rezerv a rozvoje v souvislosti s vydáním knihy Mgr. Mileny Flodrové– Hovory o Brně – návrh rozpočtového opatření,https://apl.brno.cz/protokoly-zmb/zmb-z9-26/20250429-93-41744.html
Z9-26-094,Z9/26,2025-04-29,petr-borecky-1,Petr Bořecký,Lidovci a Starostové,Ano,Ano,52b1d9ff679d3ed7,ano,,"103. Návrh na změnu části usnesení a přílohy č. 19b Zastupitelstva města Brna č. Z9/25, konaného dne 25. 3. 2025, bod č. 23, týkající se poskytnutí individuální investiční dotace spolku SK Líšeň na projekt ""Vybudování LED osvětlení fotbalového stadionu""",https://apl.brno.cz/protokoly-zmb/zmb-z9-26/20250429-94-41791.html
Z9-27-002,Z9/27,2025-06-10,petr-borecky-1,Petr Bořecký,Lidovci a Starostové,Ano,Ano,0f39fcafe402d939,ano,,"1. Technický bod (zapisovatelé, právní asistence, ověřovatelé zápisu, schválení programu zasedání ZMB) - ověřovatelé zápisu",https://apl.brno.cz/protokoly-zmb/zmb-z9-27/20250610-2-33198.html
Z9-27-003,Z9/27,2025-06-10,petr-borecky-1,Petr Bořecký,Lidovci a Starostové,Ano,Ano,5b599b52a9dd137e,ano,,"1. Technický bod (zapisovatelé, právní asistence, ověřovatelé zápisu, schválení programu zasedání ZMB) - program - hlasování o stažení bodu č. 4, 105 a 118",https://apl.brno.cz/protokoly-zmb/zmb-z9-27/20250610-3-33421.html
Z9-27-004,Z9/27,2025-06-10,petr-borecky-1,Petr Bořecký,Lidovci a Starostové,Ano,Ano,64827f8af17da4bd,ano,,"1. Technický bod (zapisovatelé, právní asistence, ověřovatelé zápisu, schválení programu zasedání ZMB) - program - hlasování o zařazení bodu č. 168, 169, 170, 171, 172, 173, 174 a 175",https://apl.brno.cz/protokoly-zmb/zmb-z9-27/20250610-4-33440.html
Z9-27-005,Z9/27,2025-06-10,petr-borecky-1,Petr Bořecký,Lidovci a Starostové,Ano,Ano,4b0c8cddf52f87dd,ano,,"1. Technický bod (zapisovatelé, právní asistence, ověřovatelé zápisu, schválení programu zasedání ZMB) - program",https://apl.brno.cz/protokoly-zmb/zmb-z9-27/20250610-5-33465.html
Z9-27-006,Z9/27,2025-06-10,petr-borecky-1,Petr Bořecký,Lidovci a Starostové,Ano,Ano,ced597d7ce053380,ano,,5. Návrh na pověření člena Zastupitelstva města Brna k předávání podnětů na změny územně plánovací dokumentace pořizovateli,https://apl.brno.cz/protokoly-zmb/zmb-z9-27/20250610-6-33509.html
Z9-27-007,Z9/27,2025-06-10,petr-borecky-1,Petr Bořecký,Lidovci a Starostové,Ano,Ano,33487df89f11e85c,ano,,"6. Návrh na delegování dalšího zástupce statutárního města Brna na všech valných shromážděních Sdružení energetických manažerů měst a obcí, z. s.",https://apl.brno.cz/protokoly-zmb/zmb-z9-27/20250610-7-33537.html
Z9-27-008,Z9/27,2025-06-10,petr-borecky-1,Petr Bořecký,Lidovci a Starostové,Ano,Ano,ce17c72829e9c32f,ano,,"7. Návrh na pojmenování nových náměstí a ulic, návrh na pojmenování prodloužení stávající ulice a návrh na pojmenování nábřeží, vše na území města Brna",https://apl.brno.cz/protokoly-zmb/zmb-z9-27/20250610-8-33572.html
Z9-27-009,Z9/27,2025-06-10,petr-borecky-1,Petr Bořecký,Lidovci a Starostové,Ano,Ano,31eb9503d8df9fe6,ano,,"8. Návrh obecně závazné vyhlášky statutárního města Brna, kterou se mění obecně závazná vyhláška statutárního města Brna č. 20/2001, kterou se vydává Statut města Brna, ve znění pozdějších vyhlášek",https://apl.brno.cz/protokoly-zmb/zmb-z9-27/20250610-9-33973.html
Z9-27-010,Z9/27,2025-06-10,petr-borecky-1,Petr Bořecký,Lidovci a Starostové,Ano,Ano,521b70951e659854,ano,,"9. Návrh obecně závazné vyhlášky statutárního města Brna, kterou se mění obecně závazná vyhláška statutárního města Brna č. 11/2017, o nočním klidu, ve znění pozdějších vyhlášek",https://apl.brno.cz/protokoly-zmb/zmb-z9-27/20250610-10-34004.html
Z9-27-012,Z9/27,2025-06-10,petr-borecky-1,Petr Bořecký,Lidovci a Starostové,Ano,Ano,d238d980eee57e80,ano,,"10. Návrh obecně závazné vyhlášky statutárního města Brna, kterou se mění obecně závazná vyhláška statutárního města Brna č. 20/2020, o zákazu požívání alkoholických nápojů na veřejných prostranstvích, ve znění pozdějších vyhlášek",https://apl.brno.cz/protokoly-zmb/zmb-z9-27/20250610-12-34074.html
Z9-27-013,Z9/27,2025-06-10,petr-borecky-1,Petr Bořecký,Lidovci a Starostové,Ano,Ano,b02afcad2781b9b6,ano,,"11. Návrh Dodatku č. 1 ke zřizovací listině Zoo Brno a stanice zájmových činností, příspěvkové organizace",https://apl.brno.cz/protokoly-zmb/zmb-z9-27/20250610-13-34106.html
Z9-27-014,Z9/27,2025-06-10,petr-borecky-1,Petr Bořecký,Lidovci a Starostové,Ano,Ano,daeb76ed2ac63879,ano,,"12. Návrh Dodatku č. 2 ke zřizovací listině Veřejné zeleně města Brna, příspěvkové organizace",https://apl.brno.cz/protokoly-zmb/zmb-z9-27/20250610-14-34134.html
Z9-27-015,Z9/27,2025-06-10,petr-borecky-1,Petr Bořecký,Lidovci a Starostové,Ano,Ano,79df5688ef2b555a,ano,,"13. Návrh Dodatku č. 2 ke Zřizovací listině Sdružení zdravotnických zařízení II Brno, příspěvková organizace",https://apl.brno.cz/protokoly-zmb/zmb-z9-27/20250610-15-34168.html
Z9-27-016,Z9/27,2025-06-10,petr-borecky-1,Petr Bořecký,Lidovci a Starostové,Ano,Ano,2787777a211c064c,ano,,14. Návrh na sloučení příspěvkové organizace Domov pro seniory Nopova do příspěvkové organizace Domov pro seniory Věstonická,https://apl.brno.cz/protokoly-zmb/zmb-z9-27/20250610-16-35392.html
Z9-27-017,Z9/27,2025-06-10,petr-borecky-1,Petr Bořecký,Lidovci a Starostové,Ano,Ano,62cebdccfe51248f,ano,,15. Návrh Akčního plánu na období 2025-2027 Plánu sociálního začleňování statutárního města Brna 2022-2027,https://apl.brno.cz/protokoly-zmb/zmb-z9-27/20250610-17-35429.html
Z9-27-018,Z9/27,2025-06-10,petr-borecky-1,Petr Bořecký,Lidovci a Starostové,Ano,Ano,78afc7ef48bdc844,ano,,16. Návrh aktualizace Informační strategie města Brna na období 2025 – 2029,https://apl.brno.cz/protokoly-zmb/zmb-z9-27/20250610-18-35650.html
Z9-27-020,Z9/27,2025-06-10,petr-borecky-1,Petr Bořecký,Lidovci a Starostové,Ano,Ano,015697bc7a611044,ano,,18. Návrh změny Pravidel pronájmu bytů v domech v majetku statutárního města Brna a jejich Přílohy č. 2 Statut startovacího bytu,https://apl.brno.cz/protokoly-zmb/zmb-z9-27/20250610-20-35708.html
Z9-27-019,Z9/27,2025-06-10,petr-borecky-1,Petr Bořecký,Lidovci a Starostové,Ano,Ano,a1620c5a195384f8,ano,,17. Návrh změny statutu Fondu mobility,https://apl.brno.cz/protokoly-zmb/zmb-z9-27/20250610-19-35679.html
Z9-27-021,Z9/27,2025-06-10,petr-borecky-1,Petr Bořecký,Lidovci a Starostové,Ano,Ano,db0e24cb2c483c9e,ano,,"19. Žádost o souhlas se změnou dramaturgického plánu celoroční činnosti ""Kulturní mozaika pro Brno"" - Jihomoravské dobrovolnické centrum z. s.",https://apl.brno.cz/protokoly-zmb/zmb-z9-27/20250610-21-35736.html
Z9-27-022,Z9/27,2025-06-10,petr-borecky-1,Petr Bořecký,Lidovci a Starostové,Ano,Ano,d6fc27f290c98a27,ano,,"20. Návrh Dodatku č. 3 k Memorandu o spolupráci mezi Fotbalovou asociací České republiky, Jihomoravským krajem a statutárním městem Brnem na činnost Fotbalové akademie Jihomoravského kraje",https://apl.brno.cz/protokoly-zmb/zmb-z9-27/20250610-22-35769.html
Z9-27-023,Z9/27,2025-06-10,petr-borecky-1,Petr Bořecký,Lidovci a Starostové,Ano,Ano,883c6b0d36de9c69,ano,,21. Návrh dohody o ukončení spolupráce v rámci Koordinovaného přístupu k sociálnímu vyloučení 2021+ a návrh Dohody o poskytnutí poradenství od Agentury pro sociální začleňování,https://apl.brno.cz/protokoly-zmb/zmb-z9-27/20250610-23-35808.html
Z9-27-024,Z9/27,2025-06-10,petr-borecky-1,Petr Bořecký,Lidovci a Starostové,Ano,Ano,9ec2dd85298062d5,ano,,22. Finanční hospodaření dobrovolného svazku obcí České dědictví UNESCO za rok 2024 a návrh na aktualizaci stanov,https://apl.brno.cz/protokoly-zmb/zmb-z9-27/20250610-24-35840.html
Z9-27-025,Z9/27,2025-06-10,petr-borecky-1,Petr Bořecký,Lidovci a Starostové,Ano,Ano,c4ecc32e50d26fb4,ano,,"23. Návrh závěrečného účtu statutárního města Brna za rok 2024, návrh účetní závěrky statutárního města Brna za rok 2024",https://apl.brno.cz/protokoly-zmb/zmb-z9-27/20250610-25-35873.html
Z9-27-026,Z9/27,2025-06-10,petr-borecky-1,Petr Bořecký,Lidovci a Starostové,Ano,Ano,f9682dbda6bca41f,ano,,24. Návrh střednědobého výhledu rozpočtu statutárního města Brna na období 2026-2030,https://apl.brno.cz/protokoly-zmb/zmb-z9-27/20250610-26-35904.html
Z9-27-028,Z9/27,2025-06-10,petr-borecky-1,Petr Bořecký,Lidovci a Starostové,Ano,Ano,6e18acb8b81055c5,ano,,26. Výsledky hospodaření statutárního města Brna za I. čtvrtletí roku 2025,https://apl.brno.cz/protokoly-zmb/zmb-z9-27/20250610-28-35974.html
Z9-27-027,Z9/27,2025-06-10,petr-borecky-1,Petr Bořecký,Lidovci a Starostové,Ano,Ano,52d22d2096cb90bd,ano,,"25. Návrh harmonogramu přípravy návrhu rozpočtu statutárního města Brna na rok 2026, návrh rozsahu a struktury návrhu střednědobého výhledu rozpočtu statutárního města Brna na období 2027-2031",https://apl.brno.cz/protokoly-zmb/zmb-z9-27/20250610-27-35944.html
Z9-27-029,Z9/27,2025-06-10,petr-borecky-1,Petr Bořecký,Lidovci a Starostové,Ano,Ano,3b5eed2faf50eea3,ano,,"27. Návrh změn rozpočtů účelových fondů a veřejných sbírek města Brna, návrh rozpočtových opatření v souvislosti s finančním vypořádáním rozpočtu města Brna za rok 2024",https://apl.brno.cz/protokoly-zmb/zmb-z9-27/20250610-29-36006.html
Z9-27-030,Z9/27,2025-06-10,petr-borecky-1,Petr Bořecký,Lidovci a Starostové,Ano,Ano,8a621366b7bdeb00,ano,,28. Návrh smlouvy o financování mezi Evropskou investiční bankou a statutárním městem Brnem a návrh rozpočtového opatření,https://apl.brno.cz/protokoly-zmb/zmb-z9-27/20250610-30-36038.html
Z9-27-032,Z9/27,2025-06-10,petr-borecky-1,Petr Bořecký,Lidovci a Starostové,Ano,Ano,d6ef088381cadade,ano,,30. Návrh na odpis nákladů zmařených projektových dokumentací z účtu nedokončených investic,https://apl.brno.cz/protokoly-zmb/zmb-z9-27/20250610-32-36109.html
Z9-27-031,Z9/27,2025-06-10,petr-borecky-1,Petr Bořecký,Lidovci a Starostové,Ano,Ano,4303e7532c0f6d8f,ano,,"29. Návrh dodatku č. 1 ke smlouvě o úvěru uzavřené mezi společností ARENA BRNO, a. s., a Česká spořitelna, a. s. – návrh souhlasu s uzavřením dodatku",https://apl.brno.cz/protokoly-zmb/zmb-z9-27/20250610-31-36071.html
Z9-27-033,Z9/27,2025-06-10,petr-borecky-1,Petr Bořecký,Lidovci a Starostové,Ano,Ano,25e9c2d6edcf0ec2,ano,,31. Návrh na použití zdrojů Fondu mobility – návrh rozpočtového opatření,https://apl.brno.cz/protokoly-zmb/zmb-z9-27/20250610-33-36658.html
Z9-27-034,Z9/27,2025-06-10,petr-borecky-1,Petr Bořecký,Lidovci a Starostové,Ano,Ano,27cc1458de6c5830,ano,,"32. Nadlimitní veřejná zakázka „Výstavba DPS, MŠ, TI v lokalitě Tuřany – Holásky“ – návrh rozpočtového opatření",https://apl.brno.cz/protokoly-zmb/zmb-z9-27/20250610-34-36689.html
Z9-27-035,Z9/27,2025-06-10,petr-borecky-1,Petr Bořecký,Lidovci a Starostové,Ano,Ano,3a451f3323ee540d,ano,,33. Návrh rozpočtového opatření – nákup analyzátorů prachových částic do stanic imisního monitoringu města Brna,https://apl.brno.cz/protokoly-zmb/zmb-z9-27/20250610-35-36887.html
Z9-27-036,Z9/27,2025-06-10,petr-borecky-1,Petr Bořecký,Lidovci a Starostové,Ano,Ano,0413224db3128f34,ano,,34. Návrh rozpočtového opatření v souvislosti s financováním projektů participativního rozpočtu,https://apl.brno.cz/protokoly-zmb/zmb-z9-27/20250610-36-36922.html
Z9-27-037,Z9/27,2025-06-10,petr-borecky-1,Petr Bořecký,Lidovci a Starostové,Ano,Ano,8b58a88a23a7e820,ano,,"35. Aktualizace rozpočtu akcí zajišťovaných společností Brněnské vodárny a kanalizace, a. s.– červen 2025 – návrh dodatku č. 103 k mandátní smlouvě č. 56019271 – návrh rozpočtového opatření",https://apl.brno.cz/protokoly-zmb/zmb-z9-27/20250610-37-36957.html
Z9-27-038,Z9/27,2025-06-10,petr-borecky-1,Petr Bořecký,Lidovci a Starostové,Ano,Ano,0cb973014ad7f72a,ano,,36. Aktualizace rozpočtu Odboru investičního MMB – červen 2025 – návrh rozpočtového opatření,https://apl.brno.cz/protokoly-zmb/zmb-z9-27/20250610-38-36989.html
Z9-27-039,Z9/27,2025-06-10,petr-borecky-1,Petr Bořecký,Lidovci a Starostové,Ano,Ano,960777e55b035fa1,ano,,37. Návrh rozpočtového opatření v rozpočtu Odboru strategického rozvoje a spolupráce MMB,https://apl.brno.cz/protokoly-zmb/zmb-z9-27/20250610-39-37022.html
Z9-27-041,Z9/27,2025-06-10,petr-borecky-1,Petr Bořecký,Lidovci a Starostové,Ano,Ano,c568e0a518c281a1,ano,,"39. Přesun běžných a kapitálových výdajů v rámci rozpočtu Odboru správy majetku MMB, návrh rozpočtového opatření",https://apl.brno.cz/protokoly-zmb/zmb-z9-27/20250610-41-37090.html
Z9-27-040,Z9/27,2025-06-10,petr-borecky-1,Petr Bořecký,Lidovci a Starostové,Ano,Ano,35bbf8c7b1ef70b8,ano,,38. Návrh rozpočtového opatření – přesun běžných a kapitálových výdajů rozpočtu 4. úseku MMB v souvislosti s pořízením licencí pro zvýšení bezpečnosti stanic v rámci infrastruktury MMB,https://apl.brno.cz/protokoly-zmb/zmb-z9-27/20250610-40-37059.html
Z9-27-042,Z9/27,2025-06-10,petr-borecky-1,Petr Bořecký,Lidovci a Starostové,Ano,Ano,01ef0a9ed978f814,ano,,"40. Zapojení Fondu rezerv a rozvoje na krytí běžných výdajů, aktualizace rozpočtu běžných a kapitálových výdajů Odboru dopravy MMB – červen 2025 – návrh rozpočtového opatření",https://apl.brno.cz/protokoly-zmb/zmb-z9-27/20250610-42-37127.html
Z9-27-043,Z9/27,2025-06-10,petr-borecky-1,Petr Bořecký,Lidovci a Starostové,Ano,Ano,98191218385ad560,ano,,41. Zapojení Fondu rezerv a rozvoje k financování běžných výdajů Odboru vnitřních věcí MMB – návrh rozpočtového opatření,https://apl.brno.cz/protokoly-zmb/zmb-z9-27/20250610-43-37159.html
Z9-27-044,Z9/27,2025-06-10,petr-borecky-1,Petr Bořecký,Lidovci a Starostové,Ano,Ano,4da8c086a2f9bbbc,ano,,42. Zapojení Fondu rezerv a rozvoje v souvislosti s poskytnutím neinvestičního transferu městské části Brno-Kohoutovice – návrh rozpočtového opatření,https://apl.brno.cz/protokoly-zmb/zmb-z9-27/20250610-44-37191.html
Z9-27-045,Z9/27,2025-06-10,petr-borecky-1,Petr Bořecký,Lidovci a Starostové,Ano,Ano,35774a9cab4a652a,ano,,43. Zapojení Fondu rezerv a rozvoje v souvislosti s pomocí dětem ukrajinských uprchlíků v mateřských a základních školách zřizovaných statutárním městem Brnem a jeho městskými částmi – návrh rozpočtového opatření,https://apl.brno.cz/protokoly-zmb/zmb-z9-27/20250610-45-37227.html
Z9-27-046,Z9/27,2025-06-10,petr-borecky-1,Petr Bořecký,Lidovci a Starostové,Ano,Ano,173adec56e7adb22,ano,,44. Zapojení Fondu rezerv a rozvoje v souvislosti s poskytnutím individuální investiční dotace Tělocvičné jednotě Sokol Brno-Žabovřesky na projekt „Rekonstrukce sauny Rosnička Brno“ – návrh rozpočtového opatření - ve znění doplňku,https://apl.brno.cz/protokoly-zmb/zmb-z9-27/20250610-46-37314.html
Z9-27-047,Z9/27,2025-06-10,petr-borecky-1,Petr Bořecký,Lidovci a Starostové,Ano,Ano,839c67ad9e1f440c,ano,,"45. Zapojení Fondu rezerv a rozvoje v souvislosti s poskytnutím individuální dotace z rozpočtu města Brna v roce 2025 Nadačnímu fondu Arnošta Lustiga na realizaci projektu ""FestivAL100 v Brně"" - návrh rozpočtového opatření",https://apl.brno.cz/protokoly-zmb/zmb-z9-27/20250610-47-37351.html
Z9-27-048,Z9/27,2025-06-10,petr-borecky-1,Petr Bořecký,Lidovci a Starostové,Ano,Ano,61f503e3c9d9b69a,ano,,46. Zapojení Fondu rezerv a rozvoje k financování běžných výdajů Kanceláře marketingu a cestovního ruchu MMB – návrh rozpočtového opatření,https://apl.brno.cz/protokoly-zmb/zmb-z9-27/20250610-48-37388.html
Z9-27-049,Z9/27,2025-06-10,petr-borecky-1,Petr Bořecký,Lidovci a Starostové,Ano,Ano,9a568f14c8040b42,ano,,"47. Zapojení Fondu rezerv a rozvoje v souvislosti s poskytnutím investičního příspěvku Veřejné zeleni města Brna, příspěvkové organizaci – návrh rozpočtového opatření",https://apl.brno.cz/protokoly-zmb/zmb-z9-27/20250610-49-37423.html
Z9-27-051,Z9/27,2025-06-10,petr-borecky-1,Petr Bořecký,Lidovci a Starostové,Ano,Ano,3eb9d14608ab7e58,ano,,"48. Zapojení Fondu rezerv a rozvoje v souvislosti s návrhem na poskytnutí individuální neinvestiční dotace společnosti Společně, o.p.s. na podporu akce MENDEL FESTIVAL 2025 – návrh rozpočtového opatření",https://apl.brno.cz/protokoly-zmb/zmb-z9-27/20250610-51-37517.html
Z9-27-052,Z9/27,2025-06-10,petr-borecky-1,Petr Bořecký,Lidovci a Starostové,Ano,Ano,f38a6e5c475bfc5b,ano,,"49. Návrh na poskytnutí investičního transferu městské části Brno-Královo Pole na vybudování akumulační nádrže u budovy MŠ Vackova 70, návrh rozpočtového opatření",https://apl.brno.cz/protokoly-zmb/zmb-z9-27/20250610-52-37697.html
Z9-27-053,Z9/27,2025-06-10,petr-borecky-1,Petr Bořecký,Lidovci a Starostové,Ano,Ano,569cd6a38d4eafe2,ano,,"50. Návrh na poskytnutí neinvestičního transferu městské části Brno-Židenice, návrh rozpočtového opatření",https://apl.brno.cz/protokoly-zmb/zmb-z9-27/20250610-53-37730.html
Z9-27-054,Z9/27,2025-06-10,petr-borecky-1,Petr Bořecký,Lidovci a Starostové,Ano,Ano,b5ee04aca7bb53dc,ano,,"51. Návrh na poskytnutí neinvestičních příspěvků příspěvkovým organizacím na realizaci projektu ""Participace ve školách"" - návrh rozpočtového opatření",https://apl.brno.cz/protokoly-zmb/zmb-z9-27/20250610-54-37765.html
Z9-27-055,Z9/27,2025-06-10,petr-borecky-1,Petr Bořecký,Lidovci a Starostové,Ano,Ano,a96fde82ab29a063,ano,,52. Návrh na poskytnutí neinvestičních dotací na podporu handicapovaných sportovců pro rok 2025,https://apl.brno.cz/protokoly-zmb/zmb-z9-27/20250610-55-37799.html
Z9-27-056,Z9/27,2025-06-10,petr-borecky-1,Petr Bořecký,Lidovci a Starostové,Ano,Ano,35123271be281f7d,ano,,53. Návrh na poskytnutí neinvestičních dotací na podporu významných sportovních akcí konaných ve městě Brně v roce 2025 – návrh rozpočtového opatření,https://apl.brno.cz/protokoly-zmb/zmb-z9-27/20250610-56-37834.html
Z9-27-057,Z9/27,2025-06-10,petr-borecky-1,Petr Bořecký,Lidovci a Starostové,Ano,Ano,705292d9cbf0fe0d,ano,,"54. Návrh na poskytnutí individuální investiční dotace spolku TJ TESLA BRNO z. s. na projekt „Technické zhodnocení odtoků z přelivových žlábků, rekonstrukce zaústění a modernizace nových výpustí na krytém 25m bazénu TJ TESLA BRNO z. s.""",https://apl.brno.cz/protokoly-zmb/zmb-z9-27/20250610-57-37889.html
Z9-27-058,Z9/27,2025-06-10,petr-borecky-1,Petr Bořecký,Lidovci a Starostové,Ano,Ano,1466d667b2027158,ano,,55. Návrh na poskytnutí individuální neinvestiční dotace Českému volejbalovému svazu na mezinárodní sportovní akci CEV GoldenEuropeanLeagueFinalFour 2025 – návrh rozpočtového opatření,https://apl.brno.cz/protokoly-zmb/zmb-z9-27/20250610-58-37933.html
Z9-27-059,Z9/27,2025-06-10,petr-borecky-1,Petr Bořecký,Lidovci a Starostové,Ano,Ano,504fdfc74cb72e48,ano,,56. Návrh na poskytnutí individuální neinvestiční dotace TS BEAT UP z. s. na mezinárodní akci tanečního sportu SDK WORLD CUP 2025 – návrh rozpočtového opatření,https://apl.brno.cz/protokoly-zmb/zmb-z9-27/20250610-59-37970.html
Z9-27-061,Z9/27,2025-06-10,petr-borecky-1,Petr Bořecký,Lidovci a Starostové,Ano,Ano,9baaf5e951c8e2fe,ano,,"58. Návrh na poskytnutí individuálních neinvestičních dotací z rozpočtu města Brna v letech 2026 –2029 ústavu Divadlo Bolka Polívky, z. ú., a společnosti DBP, s. r. o.",https://apl.brno.cz/protokoly-zmb/zmb-z9-27/20250610-61-38157.html
Z9-27-060,Z9/27,2025-06-10,petr-borecky-1,Petr Bořecký,Lidovci a Starostové,Ano,Ano,dc7a5741f8c30a91,ano,,"57. Návrh na poskytnutí individuální neinvestiční dotace z rozpočtu města Brna v letech 2026-2029 pro Český filharmonický sbor Brno, o. p. s., na ""Koncertní činnost""",https://apl.brno.cz/protokoly-zmb/zmb-z9-27/20250610-60-38005.html
Z9-27-062,Z9/27,2025-06-10,petr-borecky-1,Petr Bořecký,Lidovci a Starostové,Ano,Ano,bb71a2ae014216a5,ano,,"59. Návrh na poskytnutí individuální neinvestiční dotace z rozpočtu města Brna v letech 2026-2029 pro Janáčkovu akademii múzických umění na projekt ""Mezinárodní festival divadelních škol SETKÁNÍ/ENCOUNTER 2026-2029""",https://apl.brno.cz/protokoly-zmb/zmb-z9-27/20250610-62-38200.html
Z9-27-063,Z9/27,2025-06-10,petr-borecky-1,Petr Bořecký,Lidovci a Starostové,Ano,Ano,b1c2eea30173d02e,ano,,"60. Návrh na poskytnutí individuální neinvestiční dotace z rozpočtu města Brna na rok 2025 organizaci Jihomoravské dobrovolnické centrum z. s., návrh rozpočtového opatření",https://apl.brno.cz/protokoly-zmb/zmb-z9-27/20250610-63-38235.html
Z9-27-064,Z9/27,2025-06-10,petr-borecky-1,Petr Bořecký,Lidovci a Starostové,Ano,Ano,9e0472defccf388d,ano,,61. Návrh na poskytnutí individuální neinvestiční dotace na projekt Napoleon v Brně,https://apl.brno.cz/protokoly-zmb/zmb-z9-27/20250610-64-38268.html
Z9-27-065,Z9/27,2025-06-10,petr-borecky-1,Petr Bořecký,Lidovci a Starostové,Ano,Ano,bff321480567414e,ano,,62. Návrh na poskytnutí individuální investiční dotace na rekonstrukci šachty Š15 z rozpočtu města Brna – návrh rozpočtového opatření,https://apl.brno.cz/protokoly-zmb/zmb-z9-27/20250610-65-38299.html
Z9-27-066,Z9/27,2025-06-10,petr-borecky-1,Petr Bořecký,Lidovci a Starostové,Ano,Ano,19c5ca592a116133,ano,,"63. Návrh na poskytnutí individuální neinvestiční dotace spolku Akátky z. s. na projekt ""Zabydlování osob v bytové nouzi 2025"" - návrh rozpočtového opatření",https://apl.brno.cz/protokoly-zmb/zmb-z9-27/20250610-66-38534.html
Z9-27-067,Z9/27,2025-06-10,petr-borecky-1,Petr Bořecký,Lidovci a Starostové,Ano,Ano,5bff5740a3f02bb5,ano,,"64. Návrh na poskytnutí neinvestičního a investičního příspěvku Centru sociálních služeb, příspěvkové organizaci – návrh rozpočtového opatření",https://apl.brno.cz/protokoly-zmb/zmb-z9-27/20250610-67-38564.html
Z9-27-068,Z9/27,2025-06-10,petr-borecky-1,Petr Bořecký,Lidovci a Starostové,Ano,Ano,d407074ddd01c879,ano,,"65. Kancelář architekta města Brna, příspěvková organizace – návrh na změnu účelu využití části účelového investičního příspěvku, návrh rozpočtového opatření",https://apl.brno.cz/protokoly-zmb/zmb-z9-27/20250610-68-38599.html
Z9-27-069,Z9/27,2025-06-10,petr-borecky-1,Petr Bořecký,Lidovci a Starostové,Nehlasoval,Nehlasoval,245ccd50bc65d89b,ano,,"66. Návrh smlouvy o poskytnutí individuální neinvestiční dotace z rozpočtu města Brna v letech 2026-2029 pro ÚSTAV K 2001, z. ú., na realizaci projektu ""Rytíři Nebes""",https://apl.brno.cz/protokoly-zmb/zmb-z9-27/20250610-69-38635.html
Z9-27-071,Z9/27,2025-06-10,petr-borecky-1,Petr Bořecký,Lidovci a Starostové,Ano,Ano,c1affa98faa3853a,ano,,"67. Návrh smlouvy o poskytnutí individuální neinvestiční dotace organizaci JCMM, z. s. p. o., na projekt ""Brno Ph.D. Talent, Výzva 2025""",https://apl.brno.cz/protokoly-zmb/zmb-z9-27/20250610-71-38715.html
Z9-27-073,Z9/27,2025-06-10,petr-borecky-1,Petr Bořecký,Lidovci a Starostové,Ano,Ano,8cdf4eae1c1d5147,ano,,"69. Žádost o uzavření dohody o splátkách dluhu za užívání nebytových prostor v budově Mendlovo náměstí 11, k. ú. Staré Brno - var. A",https://apl.brno.cz/protokoly-zmb/zmb-z9-27/20250610-73-38784.html
Z9-27-072,Z9/27,2025-06-10,petr-borecky-1,Petr Bořecký,Lidovci a Starostové,Ano,Ano,88d1b9e217743fd1,ano,,68. Návrh Smlouvy o poskytnutí investičního příspěvku „ADAPTACE PRŮMYSLOVÉHO OBJEKTU Č.76“,https://apl.brno.cz/protokoly-zmb/zmb-z9-27/20250610-72-38745.html
Z9-27-074,Z9/27,2025-06-10,petr-borecky-1,Petr Bořecký,Lidovci a Starostové,Ano,Ano,061b55e98b382e4c,ano,,"70. Návrh Dodatku č. 6 ke Smlouvě o závazku veřejné služby a vyrovnávací platbě za jeho výkon uzavřené se STAREZ-SPORT, a. s.",https://apl.brno.cz/protokoly-zmb/zmb-z9-27/20250610-74-38815.html
Z9-27-075,Z9/27,2025-06-10,petr-borecky-1,Petr Bořecký,Lidovci a Starostové,Ano,Ano,e0bf7cb73ab1808d,ano,,71. Návrh Dodatku č. 2 ke Smlouvě o poskytnutí protipovodňového zařízení uzavřené s Hasičským záchranným sborem Jihomoravského kraje,https://apl.brno.cz/protokoly-zmb/zmb-z9-27/20250610-75-38848.html
Z9-27-076,Z9/27,2025-06-10,petr-borecky-1,Petr Bořecký,Lidovci a Starostové,Ano,Ano,1911501931a4584b,ano,,"72. Projekt ""Rozvoj preventivního screeningového programu kolorektálního karcinomu v Úrazové nemocnici v Brně"" - návrh pověřovacího aktu",https://apl.brno.cz/protokoly-zmb/zmb-z9-27/20250610-76-38880.html
Z9-27-079,Z9/27,2025-06-10,petr-borecky-1,Petr Bořecký,Lidovci a Starostové,Ano,Ano,06a8aec8755610f8,ano,,"75. Projekt ""Bytový dům A1 KVII Brno-Nový Lískovec"" – souhlas s přijetím úvěru",https://apl.brno.cz/protokoly-zmb/zmb-z9-27/20250610-79-38988.html
Z9-27-078,Z9/27,2025-06-10,petr-borecky-1,Petr Bořecký,Lidovci a Starostové,Ano,Ano,5c823fd2b76afcd0,ano,,74. Finanční prostředky Fondu kofinancování projektů – červen 2025 – návrh rozpočtových opatření,https://apl.brno.cz/protokoly-zmb/zmb-z9-27/20250610-78-38941.html
Z9-27-077,Z9/27,2025-06-10,petr-borecky-1,Petr Bořecký,Lidovci a Starostové,Ano,Ano,bfbf6ac0f925adcc,ano,,73. Projekty financované z Fondu kofinancování projektů – červen 2025 – návrh rozpočtových opatření,https://apl.brno.cz/protokoly-zmb/zmb-z9-27/20250610-77-38911.html
Z9-27-080,Z9/27,2025-06-10,petr-borecky-1,Petr Bořecký,Lidovci a Starostové,Ano,Ano,620d90e69250b782,ano,,"76. Projekt ""Stavební úpravy MŠ Loosova"" – rozhodnutí o poskytnutí finančních prostředků",https://apl.brno.cz/protokoly-zmb/zmb-z9-27/20250610-80-39021.html
Z9-27-081,Z9/27,2025-06-10,petr-borecky-1,Petr Bořecký,Lidovci a Starostové,Ano,Ano,2455570f0e4c9620,ano,,"77. Projekt ""Rozvoj ITS v Brně, 4. etapa"" – posouzení projektu, návrh rozpočtového opatření",https://apl.brno.cz/protokoly-zmb/zmb-z9-27/20250610-81-39051.html
Z9-27-082,Z9/27,2025-06-10,petr-borecky-1,Petr Bořecký,Lidovci a Starostové,Ano,Ano,a9b5e65afd6b1602,ano,,"78. Projekt ""Revitalizace bývalého hřbitova v Brně-Bystrci"" – posouzení projektu",https://apl.brno.cz/protokoly-zmb/zmb-z9-27/20250610-82-39076.html
Z9-27-083,Z9/27,2025-06-10,petr-borecky-1,Petr Bořecký,Lidovci a Starostové,Ano,Ano,9ae69498ac85ebb6,ano,,"79. Projekt ""Rozvoj ITS v Brně, 5. etapa"" - posouzení projektu",https://apl.brno.cz/protokoly-zmb/zmb-z9-27/20250610-83-39104.html
Z9-27-085,Z9/27,2025-06-10,petr-borecky-1,Petr Bořecký,Lidovci a Starostové,Ano,Ano,75517356d0034830,ano,,"81. Projekty ""Pořízení nového dopravního automobilu pro JSDH – pro rok 2025"" – posouzení projektů",https://apl.brno.cz/protokoly-zmb/zmb-z9-27/20250610-85-39205.html
Z9-27-088,Z9/27,2025-06-10,petr-borecky-1,Petr Bořecký,Lidovci a Starostové,Ano,Ano,1b5f867567d33699,ano,,"84. Projekt ""Modernizace přístrojového vybavení urgentního příjmu v Úrazové nemocnici v Brně"" – návrh pověřovacího aktu",https://apl.brno.cz/protokoly-zmb/zmb-z9-27/20250610-88-39296.html
Z9-27-089,Z9/27,2025-06-10,petr-borecky-1,Petr Bořecký,Lidovci a Starostové,Ano,Ano,15476f2511969595,ano,,"85. Návrh na prodloužení výzvy k přihlášení do projektu Družstevní bydlení pro mladé, lokalita Kamenný vrch II",https://apl.brno.cz/protokoly-zmb/zmb-z9-27/20250610-89-39326.html
Z9-27-084,Z9/27,2025-06-10,petr-borecky-1,Petr Bořecký,Lidovci a Starostové,Ano,Ano,4bed3a8a449904b5,ano,,"80. Projekt ""Park Škrobárenská"" – posouzení projektu - hlasování vč. návrhu p. Chvátala",https://apl.brno.cz/protokoly-zmb/zmb-z9-27/20250610-84-39175.html
Z9-27-091,Z9/27,2025-06-10,petr-borecky-1,Petr Bořecký,Lidovci a Starostové,Ano,Ano,446d1d948bc7b15e,ano,,"87. Změna právního vymezení u 54 bytových jednotek v domech Poslušného 9, 7 a 5 v k. ú. Líšeň a záměr bezúplatného převodu těchto jednotek členům Holzova, bytové družstvo",https://apl.brno.cz/protokoly-zmb/zmb-z9-27/20250610-91-39405.html
Z9-27-086,Z9/27,2025-06-10,petr-borecky-1,Petr Bořecký,Lidovci a Starostové,Ano,Ano,8f0c4387abedb3a9,ano,,82. Projekt „Local food Network Strategy (URBACT)“ – účast na projektu,https://apl.brno.cz/protokoly-zmb/zmb-z9-27/20250610-86-39233.html
Z9-27-087,Z9/27,2025-06-10,petr-borecky-1,Petr Bořecký,Lidovci a Starostové,Ano,Ano,0cb36209a2544b02,ano,,"83. Projekt ""Integrace cizinců ve městě Brně VI."" – návrh smlouvy o partnerství",https://apl.brno.cz/protokoly-zmb/zmb-z9-27/20250610-87-39267.html
Z9-27-092,Z9/27,2025-06-10,petr-borecky-1,Petr Bořecký,Lidovci a Starostové,Ano,Ano,3ab2fc8fa2e08b3f,ano,,Body č. 88-90,https://apl.brno.cz/protokoly-zmb/zmb-z9-27/20250610-92-39446.html
Z9-27-093,Z9/27,2025-06-10,petr-borecky-1,Petr Bořecký,Lidovci a Starostové,Ano,Ano,0e22271927a60148,ano,,91. Návrh na přijetí dědictví,https://apl.brno.cz/protokoly-zmb/zmb-z9-27/20250610-93-39482.html
Z9-27-094,Z9/27,2025-06-10,petr-borecky-1,Petr Bořecký,Lidovci a Starostové,Ano,Ano,94ef38fc10961550,ano,,"92. Návrh postupu při zpeněžení pozemků p. č. 2615/1, 2615/49, 2615/54, 2615,55, 2825/6, 2828/2, 2828/203, 2828/204, 2861/1, 2861/2, 2861/3 v k. ú. Černovice formou koncesního řízení",https://apl.brno.cz/protokoly-zmb/zmb-z9-27/20250610-94-39520.html
Z9-27-090,Z9/27,2025-06-10,petr-borecky-1,Petr Bořecký,Lidovci a Starostové,Ano,Ano,d7feddc04be3c055,ano,,"86. Adresný záměr bezúplatného převodu spoluvlastnických podílů na 29 b. j. vymezených v pozemcích p. č. 1461/136 a 1461/102, s bytovými domy č. p. 740, Keřová 9, a č. p. 705, Keřová 11, 13, Brno, a na pozemku p. č. 1461/105, vše v k. ú. Žebětín",https://apl.brno.cz/protokoly-zmb/zmb-z9-27/20250610-90-39364.html
Z9-27-095,Z9/27,2025-06-10,petr-borecky-1,Petr Bořecký,Lidovci a Starostové,Ano,Ano,45fb9eb9e476c2d1,ano,,Body č. 93-96,https://apl.brno.cz/protokoly-zmb/zmb-z9-27/20250610-95-39582.html
Z9-27-097,Z9/27,2025-06-10,petr-borecky-1,Petr Bořecký,Lidovci a Starostové,Ano,Ano,bf2c39d3ed76fdcc,ano,,Body č. 98 a 99,https://apl.brno.cz/protokoly-zmb/zmb-z9-27/20250610-97-39761.html
Z9-27-096,Z9/27,2025-06-10,petr-borecky-1,Petr Bořecký,Lidovci a Starostové,Ano,Ano,1d59a04e7efbf735,ano,,"97. Návrh zpeněžení (prodeje) formou veřejné elektronické dražby části pozemku p. č. 2700/5 a celého pozemku p. č. 2700/11, oba v k. ú. Kuřim",https://apl.brno.cz/protokoly-zmb/zmb-z9-27/20250610-96-39729.html
Z9-27-099,Z9/27,2025-06-10,petr-borecky-1,Petr Bořecký,Lidovci a Starostové,Ano,Ano,cad23ee32e39a6d6,ano,,"103. Návrh prodeje částí pozemků p. č. 2615/1, p. č. 2615/55, p. č. 2615/57, p. č. 2615/58, p. č. 2615/59, p. č. 2615/60, p. č. 2825/6 a p. č. 2861/1, vše v k. ú. Černovice",https://apl.brno.cz/protokoly-zmb/zmb-z9-27/20250610-99-39858.html
Z9-27-098,Z9/27,2025-06-10,petr-borecky-1,Petr Bořecký,Lidovci a Starostové,Ano,Ano,9dfc6fb0c3605ad0,ano,,Body č. 100-102,https://apl.brno.cz/protokoly-zmb/zmb-z9-27/20250610-98-39825.html
Z9-27-100,Z9/27,2025-06-10,petr-borecky-1,Petr Bořecký,Lidovci a Starostové,Ano,Ano,7da542f84174f5c7,ano,,104. Návrh nabytí komunikační stavby a pozemků při ulici Kobylnická v k. ú. Slatina,https://apl.brno.cz/protokoly-zmb/zmb-z9-27/20250610-100-39893.html
Z9-27-101,Z9/27,2025-06-10,petr-borecky-1,Petr Bořecký,Lidovci a Starostové,Ano,Ano,0817179638b8e371,ano,,"106. Návrh převodu části pozemku p. č. 720/1 v k. ú. Město Brno do vlastnictví České republiky, návrh nabytí pozemku p. č. 2249/2 v k. ú. Černá Pole do vlastnictví statutárního města Brna, návrh na zřízení služebnosti, návrh svěření",https://apl.brno.cz/protokoly-zmb/zmb-z9-27/20250610-101-39933.html
Z9-27-102,Z9/27,2025-06-10,petr-borecky-1,Petr Bořecký,Lidovci a Starostové,Ano,Ano,842cb4cda372398b,ano,,Body č. 107-121 bez 118,https://apl.brno.cz/protokoly-zmb/zmb-z9-27/20250610-102-39983.html
Z9-27-103,Z9/27,2025-06-10,petr-borecky-1,Petr Bořecký,Lidovci a Starostové,Ano,Ano,9f8c58e9087c626e,ano,,"122. Návrh převodu pozemků p. č. 1489/2, 2300/120, oba v k. ú. Pisárky do vlastnictví České republiky, návrh nabytí spoluvlastnických podílů na pozemcích v k. ú. Nový Lískovec do vlastnictví statutárního města Brna z vlastnictví České republiky",https://apl.brno.cz/protokoly-zmb/zmb-z9-27/20250610-103-40021.html
Z9-27-105,Z9/27,2025-06-10,petr-borecky-1,Petr Bořecký,Lidovci a Starostové,Ano,Ano,6647982bc2b3995c,ano,,Body č. 132-139,https://apl.brno.cz/protokoly-zmb/zmb-z9-27/20250610-105-40108.html
Z9-27-106,Z9/27,2025-06-10,petr-borecky-1,Petr Bořecký,Lidovci a Starostové,Ano,Ano,449624a2f54253e5,ano,,Body č. 140-152,https://apl.brno.cz/protokoly-zmb/zmb-z9-27/20250610-106-40151.html
Z9-27-107,Z9/27,2025-06-10,petr-borecky-1,Petr Bořecký,Lidovci a Starostové,Nehlasoval,Nehlasoval,b8f95b724cb2bac2,ano,,153. Návrh na zrušení smluvního předkupního práva k pozemku p. č. 737/1 v k. ú. Soběšice,https://apl.brno.cz/protokoly-zmb/zmb-z9-27/20250610-107-40186.html
Z9-27-109,Z9/27,2025-06-10,petr-borecky-1,Petr Bořecký,Lidovci a Starostové,Ano,Ano,a9963a5d2898fc44,ano,,"157. ""Brno, MČ Bosonohy III. a IV. etapa, dostavba oddílného kanalizačního systému"" – návrh směnné smlouvy",https://apl.brno.cz/protokoly-zmb/zmb-z9-27/20250610-109-40268.html
Z9-27-110,Z9/27,2025-06-10,petr-borecky-1,Petr Bořecký,Lidovci a Starostové,Zdržel se,Zdržel se,cca2354e76205f40,ano,,"158. Návrh svěření majetku města městské části Brno-Vinohrady, pozemku p. č. 7747/67 k. ú. Židenice, jehož součástí je stavba č. p. 4328",https://apl.brno.cz/protokoly-zmb/zmb-z9-27/20250610-110-40427.html
Z9-27-111,Z9/27,2025-06-10,petr-borecky-1,Petr Bořecký,Lidovci a Starostové,Ano,Ano,ae3abd16b4024470,ano,,"159. Návrh svěření majetku města městské části Brno-Žabovřesky, pozemku p. č. 4872/35, k. ú. Žabovřesky, lokalita Žabovřeské louky - hlasování o stažení bodu",https://apl.brno.cz/protokoly-zmb/zmb-z9-27/20250610-111-40636.html
Z9-27-112,Z9/27,2025-06-10,petr-borecky-1,Petr Bořecký,Lidovci a Starostové,Ano,Ano,b62f69b8a7c67903,ano,,"160. Návrh odnětí svěřeného majetku města městské části Brno–Starý Lískovec, pozemek p. č. 998/45 v k. ú. Starý Lískovec",https://apl.brno.cz/protokoly-zmb/zmb-z9-27/20250610-112-40668.html
Z9-27-113,Z9/27,2025-06-10,petr-borecky-1,Petr Bořecký,Lidovci a Starostové,Ano,Ano,ee46eb35e7022856,ano,,"161. Návrh dodatku č. 1 ke Smlouvě o pachtu a provozování vodovodů a kanalizací se společností Brněnské vodárny a kanalizace, a. s., a návrh svěření pravomoci Radě města Brna",https://apl.brno.cz/protokoly-zmb/zmb-z9-27/20250610-113-40703.html
Z9-27-114,Z9/27,2025-06-10,petr-borecky-1,Petr Bořecký,Lidovci a Starostové,Ano,Ano,81420987ddc0b789,ano,,Body č. 162-164,https://apl.brno.cz/protokoly-zmb/zmb-z9-27/20250610-114-40746.html
Z9-27-115,Z9/27,2025-06-10,petr-borecky-1,Petr Bořecký,Lidovci a Starostové,Ano,Ano,f336787fa60d1701,ano,,165. Návrh Dodatku č. 2 ke Smlouvě o výstavbě dopravní a technické infrastruktury a mateřské školy v rámci stavby „OBYTNÁ ZÓNA SLUNEČNÁ“,https://apl.brno.cz/protokoly-zmb/zmb-z9-27/20250610-115-40852.html
Z9-27-116,Z9/27,2025-06-10,petr-borecky-1,Petr Bořecký,Lidovci a Starostové,Ano,Ano,13363637f480161e,ano,,166. Návrh Dodatku č. 3 ke Smlouvě o výstavbě veřejné infrastruktury „Polyfunkční dům Železniční Brno-Komárov“,https://apl.brno.cz/protokoly-zmb/zmb-z9-27/20250610-116-40879.html
Z9-27-117,Z9/27,2025-06-10,petr-borecky-1,Petr Bořecký,Lidovci a Starostové,Ano,Ano,60d6826f48c5e3aa,ano,,167. Souhlas s postoupením Smlouvy o spolupráci při výstavbě veřejné infrastruktury „Novostavba Nová Amerika“,https://apl.brno.cz/protokoly-zmb/zmb-z9-27/20250610-117-40910.html
Z9-27-104,Z9/27,2025-06-10,petr-borecky-1,Petr Bořecký,Lidovci a Starostové,Ano,Ano,fc5e7b3c9565f215,ano,,Body č. 123-131,https://apl.brno.cz/protokoly-zmb/zmb-z9-27/20250610-104-40062.html
Z9-27-120,Z9/27,2025-06-10,petr-borecky-1,Petr Bořecký,Lidovci a Starostové,Ano,Ano,0ed284c18476550b,ano,,"172. Návrh svěření majetku města městské části Brno–Nový Lískovec, pozemku p. č. 1417/5 v k. ú. Pisárky včetně objektu kulturní památky",https://apl.brno.cz/protokoly-zmb/zmb-z9-27/20250610-120-41008.html
Z9-27-108,Z9/27,2025-06-10,petr-borecky-1,Petr Bořecký,Lidovci a Starostové,Ano,Ano,bbba5cd82fa7de88,ano,,Body č. 154-156,https://apl.brno.cz/protokoly-zmb/zmb-z9-27/20250610-108-40237.html
Z9-27-121,Z9/27,2025-06-10,petr-borecky-1,Petr Bořecký,Lidovci a Starostové,Ano,Ano,2b357535fd1ec723,ano,,173. Návrh Dohody o vymezení vlastnických práv a společném postupu v souvislosti s realizací projektu Kreativní centrum Brno,https://apl.brno.cz/protokoly-zmb/zmb-z9-27/20250610-121-41042.html
Z9-27-123,Z9/27,2025-06-10,petr-borecky-1,Petr Bořecký,Lidovci a Starostové,Ano,Ano,1876671284ca789a,ano,,"175. Nabídka předkupního práva ke stavbě bez č. p./č. e., způsob využití garáž, postavené na pozemku p. č. 2464 v k. ú. Královo Pole",https://apl.brno.cz/protokoly-zmb/zmb-z9-27/20250610-123-41106.html
Z9-27-122,Z9/27,2025-06-10,petr-borecky-1,Petr Bořecký,Lidovci a Starostové,Ano,Ano,9bbc86517d201c42,ano,,"174. Nabídka předkupního práva ke spoluvlastnickému podílu ve výši id. 1/2 na stavbě bez č. p./č. e., způsob využití garáž, postavené na pozemku p. č. 776/2 v k. ú. Zábrdovice",https://apl.brno.cz/protokoly-zmb/zmb-z9-27/20250610-122-41073.html
Z9-29-002,Z9/29,2025-10-14,petr-borecky-1,Petr Bořecký,Lidovci a Starostové,Ano,Ano,3ab76931a50c32b3,ano,,"1. Technický bod (zapisovatelé, právní asistence, ověřovatelé zápisu, schválení programu zasedání ZMB) - program - hlasování o stažení bodu č. 105",https://apl.brno.cz/protokoly-zmb/zmb-z9-29/20251014-2-33633.html
Z9-29-001,Z9/29,2025-10-14,petr-borecky-1,Petr Bořecký,Lidovci a Starostové,Ano,Ano,092787c315cbc581,ano,,"1. Technický bod (zapisovatelé, právní asistence, ověřovatelé zápisu, schválení programu zasedání ZMB) - ověřovatelé zápisu",https://apl.brno.cz/protokoly-zmb/zmb-z9-29/20251014-1-33418.html
Z9-29-003,Z9/29,2025-10-14,petr-borecky-1,Petr Bořecký,Lidovci a Starostové,Ano,Ano,ec860431b6f5c295,ano,,"1. Technický bod (zapisovatelé, právní asistence, ověřovatelé zápisu, schválení programu zasedání ZMB) - program - hlasování o zařazení bodu č. 108 a 109",https://apl.brno.cz/protokoly-zmb/zmb-z9-29/20251014-3-33703.html
Z9-27-118,Z9/27,2025-06-10,petr-borecky-1,Petr Bořecký,Lidovci a Starostové,Ano,Ano,854cb4abbb0d329c,ano,,"168. Zapojení Fondu rezerv a rozvoje v souvislosti s poskytnutím příspěvků Muzeu města Brna, příspěvkové organizaci na projekt ""Vila Janáček"", návrh rozpočtového opatření",https://apl.brno.cz/protokoly-zmb/zmb-z9-27/20250610-118-40943.html
Z9-27-119,Z9/27,2025-06-10,petr-borecky-1,Petr Bořecký,Lidovci a Starostové,Ano,Ano,93c3faa59837697d,ano,,Body č. 169-171,https://apl.brno.cz/protokoly-zmb/zmb-z9-27/20250610-119-40977.html
Z9-29-007,Z9/29,2025-10-14,petr-borecky-1,Petr Bořecký,Lidovci a Starostové,Ano,Ano,b94475e6958555bd,ano,,"5. Změna ve složení Kontrolního výboru Zastupitelstva města Brna, návrh na schválení změny Volebního řádu pro volbu neuvolněných předsedů, místopředsedů a členů výborů Zastupitelstva města Brna a návrh změny Statutu výborů Zastupitelstva města Brna - volba volební komise",https://apl.brno.cz/protokoly-zmb/zmb-z9-29/20251014-7-33942.html
Z9-29-004,Z9/29,2025-10-14,petr-borecky-1,Petr Bořecký,Lidovci a Starostové,Nehlasoval,Nehlasoval,1cc49d720badc40a,ano,,"1. Technický bod (zapisovatelé, právní asistence, ověřovatelé zápisu, schválení programu zasedání ZMB) - program - hlasování o zařazení bodu č. 110",https://apl.brno.cz/protokoly-zmb/zmb-z9-29/20251014-4-33738.html
Z9-29-005,Z9/29,2025-10-14,petr-borecky-1,Petr Bořecký,Lidovci a Starostové,Ano,Ano,a5dcf58c92e71a31,ano,,"1. Technický bod (zapisovatelé, právní asistence, ověřovatelé zápisu, schválení programu zasedání ZMB) - program",https://apl.brno.cz/protokoly-zmb/zmb-z9-29/20251014-5-33767.html
Z9-29-009,Z9/29,2025-10-14,petr-borecky-1,Petr Bořecký,Lidovci a Starostové,Nehlasoval,Nehlasoval,9968ad6177981e66,ano,,6. Návrh na vydání Veřejné vyhlášky ve věci Návrhu opatření obecné povahy a výzva k uplatnění připomínek nebo námitek,https://apl.brno.cz/protokoly-zmb/zmb-z9-29/20251014-9-35473.html
Z9-29-010,Z9/29,2025-10-14,petr-borecky-1,Petr Bořecký,Lidovci a Starostové,Ano,Ano,ed1a06f7feb53373,ano,,"7. Návrh Dodatku č. 1 ke zřizovací listině Správy hřbitovů města Brna, příspěvkové organizace",https://apl.brno.cz/protokoly-zmb/zmb-z9-29/20251014-10-35501.html
Z9-29-011,Z9/29,2025-10-14,petr-borecky-1,Petr Bořecký,Lidovci a Starostové,Ano,Ano,c05cf6fd5aea5f38,ano,,8. Návrh změny č. 4 Dotačních pravidel,https://apl.brno.cz/protokoly-zmb/zmb-z9-29/20251014-11-35532.html
Z9-29-006,Z9/29,2025-10-14,petr-borecky-1,Petr Bořecký,Lidovci a Starostové,Ano,Ano,6d920ffc8176fb35,ano,,"5. Změna ve složení Kontrolního výboru Zastupitelstva města Brna, návrh na schválení změny Volebního řádu pro volbu neuvolněných předsedů, místopředsedů a členů výborů Zastupitelstva města Brna a návrh změny Statutu výborů Zastupitelstva města Brna - schválení volebního řádu - návrh změny Statutu výborů Zastupitelstva města Brna - bere na vědomí",https://apl.brno.cz/protokoly-zmb/zmb-z9-29/20251014-6-33834.html
Z9-29-012,Z9/29,2025-10-14,petr-borecky-1,Petr Bořecký,Lidovci a Starostové,Ano,Ano,91b78bcb08f53262,ano,,9. Zajištění provozu obecního systému odpadového hospodářství – návrh rozpočtového opatření,https://apl.brno.cz/protokoly-zmb/zmb-z9-29/20251014-12-35562.html
Z9-29-013,Z9/29,2025-10-14,petr-borecky-1,Petr Bořecký,Lidovci a Starostové,Ano,Ano,b609e7b548fdcefc,ano,,10. Realizace vertikální zelené stěny – návrh rozpočtového opatření,https://apl.brno.cz/protokoly-zmb/zmb-z9-29/20251014-13-35594.html
Z9-29-008,Z9/29,2025-10-14,petr-borecky-1,Petr Bořecký,Lidovci a Starostové,Ano,Ano,c55e94e210271c2c,ano,,"5. Změna ve složení Kontrolního výboru Zastupitelstva města Brna, návrh na schválení změny Volebního řádu pro volbu neuvolněných předsedů, místopředsedů a členů výborů Zastupitelstva města Brna a návrh změny Statutu výborů Zastupitelstva města Brna - volba člena Kontrolního výboru Zastupitelstva města Brna - Bc. Marek Bělák",https://apl.brno.cz/protokoly-zmb/zmb-z9-29/20251014-8-34197.html
Z9-29-014,Z9/29,2025-10-14,petr-borecky-1,Petr Bořecký,Lidovci a Starostové,Ano,Ano,25d70cc1cd1846c2,ano,,"11. Aktualizace rozpočtu akcí zajišťovaných společností Brněnské vodárny a kanalizace, a. s. – říjen 2025 – návrh rozpočtového opatření""",https://apl.brno.cz/protokoly-zmb/zmb-z9-29/20251014-14-35627.html
Z9-29-015,Z9/29,2025-10-14,petr-borecky-1,Petr Bořecký,Lidovci a Starostové,Ano,Ano,bc3da849bfc16d9b,ano,,"12. Přesun běžných a kapitálových výdajů v rámci rozpočtu Odboru správy majetku MMB, návrh rozpočtového opatření",https://apl.brno.cz/protokoly-zmb/zmb-z9-29/20251014-15-35657.html
Z9-29-016,Z9/29,2025-10-14,petr-borecky-1,Petr Bořecký,Lidovci a Starostové,Ano,Ano,cecbb773e9046c0b,ano,,13. Aktualizace rozpočtu Odboru investičního MMB a zapojení Fondu developerských projektů – říjen 2025 – rozpočtové opatření,https://apl.brno.cz/protokoly-zmb/zmb-z9-29/20251014-16-35694.html
Z9-29-017,Z9/29,2025-10-14,petr-borecky-1,Petr Bořecký,Lidovci a Starostové,Nehlasoval,Nehlasoval,5fd46b6b9dcd04eb,ano,,"14. Aktualizace rozpočtu běžných a kapitálových výdajů Městské policie Brno v roce 2025, zapojení Veřejné sbírky na činnost Útulku pro opuštěná zvířata a odchytové a asanační služby Městské policie Brno, návrh rozpočtového opatření",https://apl.brno.cz/protokoly-zmb/zmb-z9-29/20251014-17-35727.html
Z9-29-018,Z9/29,2025-10-14,petr-borecky-1,Petr Bořecký,Lidovci a Starostové,Ano,Ano,155ae8622095f62f,ano,,Body č. 15-22,https://apl.brno.cz/protokoly-zmb/zmb-z9-29/20251014-18-35821.html
Z9-29-020,Z9/29,2025-10-14,petr-borecky-1,Petr Bořecký,Lidovci a Starostové,Ano,Ano,9b5cc8bd06843da0,ano,,24. Návrh rozpočtového opatření – aktualizace očekávaného čerpání rozpočtu kapitálových výdajů Odboru městské informatiky MMB v roce 2025,https://apl.brno.cz/protokoly-zmb/zmb-z9-29/20251014-20-36008.html
Z9-29-021,Z9/29,2025-10-14,petr-borecky-1,Petr Bořecký,Lidovci a Starostové,Ano,Ano,002b5cfb7fc0f75b,ano,,"25. Zapojení Fondu rezerv a rozvoje z důvodu poskytnutí účelového investičního transferu městské části Brno-sever na realizaci akce ""Park Marie Restituty – dokončení II. etapy"" – návrh rozpočtového opatření",https://apl.brno.cz/protokoly-zmb/zmb-z9-29/20251014-21-36044.html
Z9-29-023,Z9/29,2025-10-14,petr-borecky-1,Petr Bořecký,Lidovci a Starostové,Ano,Ano,cee10468c23fd2fc,ano,,"27. Zapojení Fondu rezerv a rozvoje v souvislosti s navýšením poskytnuté individuální neinvestiční dotace z rozpočtu města Brna společnosti Telepunk s. r. o. na projekt ""SERIAL KILLER – Festival televizních a online seriálů"" – návrh rozpočtového opatření",https://apl.brno.cz/protokoly-zmb/zmb-z9-29/20251014-23-36116.html
Z9-29-022,Z9/29,2025-10-14,petr-borecky-1,Petr Bořecký,Lidovci a Starostové,Ano,Ano,6dff031fd20cb2bf,ano,,"26. Zapojení Fondu rezerv a rozvoje v souvislosti s poskytnutím individuální investiční dotace na realizaci projektu ""Zajištění základních hygienických podmínek vybraných sběrných středisek odpadů"" – návrh rozpočtového opatření",https://apl.brno.cz/protokoly-zmb/zmb-z9-29/20251014-22-36079.html
Z9-29-024,Z9/29,2025-10-14,petr-borecky-1,Petr Bořecký,Lidovci a Starostové,Ano,Ano,a92b8d49d1a986c3,ano,,"28. Zapojení Fondu rezerv a rozvoje v souvislosti s poskytnutím individuální investiční dotace společnosti Technické sítě Brno, akciová společnost na akci „Slavnostní osvětlení Girlandy“ – návrh rozpočtového opatření",https://apl.brno.cz/protokoly-zmb/zmb-z9-29/20251014-24-36155.html
Z9-29-025,Z9/29,2025-10-14,petr-borecky-1,Petr Bořecký,Lidovci a Starostové,Ano,Ano,8e2a8864a4136e8c,ano,,"29. Zapojení Fondu rezerv a rozvoje na financování opravy a údržby v objektech ve správě Sdružení zdravotnických zařízení II Brno, příspěvkové organizace – návrh rozpočtového opatření",https://apl.brno.cz/protokoly-zmb/zmb-z9-29/20251014-25-36188.html
Z9-29-026,Z9/29,2025-10-14,petr-borecky-1,Petr Bořecký,Lidovci a Starostové,Ano,Ano,42947b909467fa8a,ano,,30. Návrh na poskytnutí neinvestičních příspěvků základním školám zapojeným do projektu Příběhy našich sousedů na využití nabídky programů Institutu Paměti národa pro žáky základních škol – návrh rozpočtového opatření,https://apl.brno.cz/protokoly-zmb/zmb-z9-29/20251014-26-36228.html
Z9-29-028,Z9/29,2025-10-14,petr-borecky-1,Petr Bořecký,Lidovci a Starostové,Ano,Ano,a8f1fe3cd23bfad1,ano,,32. Návrh na změny transferů poskytnutých městským částem z rozpočtu Odboru investičního MMB – říjen 2025 – návrh rozpočtového opatření,https://apl.brno.cz/protokoly-zmb/zmb-z9-29/20251014-28-36293.html
Z9-29-029,Z9/29,2025-10-14,petr-borecky-1,Petr Bořecký,Lidovci a Starostové,Ano,Ano,cd67356007098453,ano,,"33. Návrh na poskytnutí investičního příspěvku Kanceláři architekta města Brna, příspěvkové organizaci na soutěž o návrh ""Nová budova Magistrátu města Brna"", návrh rozpočtového opatření",https://apl.brno.cz/protokoly-zmb/zmb-z9-29/20251014-29-36672.html
Z9-29-031,Z9/29,2025-10-14,petr-borecky-1,Petr Bořecký,Lidovci a Starostové,Ano,Ano,6dde96d5e9b30d8d,ano,,"35. Návrh na poskytnutí individuální investiční dotace Gymnáziu Matyáše Lercha, Brno, Žižkova 55, příspěvková organizace, na pořízení a instalaci nádrží na dešťovou vodu, návrh rozpočtového opatření",https://apl.brno.cz/protokoly-zmb/zmb-z9-29/20251014-31-36736.html
Z9-29-032,Z9/29,2025-10-14,petr-borecky-1,Petr Bořecký,Lidovci a Starostové,Ano,Ano,a772a986264af7d5,ano,,"36. Návrh na poskytnutí individuální neinvestiční dotace ZO ČSOP Pozemkovému spolku Hády na environmentální vzdělávání, výchovu a osvětu na Hádech v roce 2025, návrh rozpočtového opatření",https://apl.brno.cz/protokoly-zmb/zmb-z9-29/20251014-32-36779.html
Z9-29-033,Z9/29,2025-10-14,petr-borecky-1,Petr Bořecký,Lidovci a Starostové,Ano,Ano,f589c5417b615630,ano,,"37. Návrh na poskytnutí individuálních neinvestičních dotací základním organizacím Českého zahrádkářského svazu, návrh rozpočtového opatření",https://apl.brno.cz/protokoly-zmb/zmb-z9-29/20251014-33-36810.html
Z9-29-034,Z9/29,2025-10-14,petr-borecky-1,Petr Bořecký,Lidovci a Starostové,Ano,Ano,3c0ab3172039c006,ano,,"38. Návrh na poskytnutí individuálních neinvestičních dotací z rozpočtu města Brna na rok 2025 Židovské obci Brno a Konventu minoritů v Brně, návrh rozpočtového opatření",https://apl.brno.cz/protokoly-zmb/zmb-z9-29/20251014-34-36843.html
Z9-29-035,Z9/29,2025-10-14,petr-borecky-1,Petr Bořecký,Lidovci a Starostové,Ano,Ano,aa9701a010bb8d0c,ano,,39. Poskytnutí individuální neinvestiční dotace na reklamu a propagaci projektu Kolektor Česká – Středova,https://apl.brno.cz/protokoly-zmb/zmb-z9-29/20251014-35-37278.html
Z9-29-036,Z9/29,2025-10-14,petr-borecky-1,Petr Bořecký,Lidovci a Starostové,Ano,Ano,3010aa6c84d6d6a2,ano,,"40. Návrh na poskytnutí individuální neinvestiční dotace z rozpočtu města Brna v letech 2026-2028 spolku Zahrady Soutoku, z. s., na projekt ""PonavaFest 2026-2028""",https://apl.brno.cz/protokoly-zmb/zmb-z9-29/20251014-36-37313.html
Z9-29-019,Z9/29,2025-10-14,petr-borecky-1,Petr Bořecký,Lidovci a Starostové,Ano,Ano,73fa1d6025797d95,ano,,23. Aktualizace očekávaného čerpání rozpočtu běžných a kapitálových výdajů Odboru dopravy MMB a běžných a kapitálových výdajů Fondu mobility v roce 2025 – návrh rozpočtového opatření,https://apl.brno.cz/protokoly-zmb/zmb-z9-29/20251014-19-35977.html
Z9-29-038,Z9/29,2025-10-14,petr-borecky-1,Petr Bořecký,Lidovci a Starostové,Ano,Ano,c753791df8536284,ano,,42. Návrh na poskytnutí neinvestičních dotací v rámci dotačního programu pro poskytování dotací v oblasti podpory kreativních odvětví na rok 2025 a 2026 v 7. etapě – “Pro Kreativní Brno” – návrh rozpočtového opatření,https://apl.brno.cz/protokoly-zmb/zmb-z9-29/20251014-38-37381.html
Z9-29-039,Z9/29,2025-10-14,petr-borecky-1,Petr Bořecký,Lidovci a Starostové,Ano,Ano,793fdeda416682c3,ano,,"43. Návrh na poskytnutí individuální neinvestiční dotace SK Artis Brno Líšeň-Žabovřesky – fotbal, z. s., na podporu mládežnického sportu v období 07–12/2025 – návrh rozpočtového opatření",https://apl.brno.cz/protokoly-zmb/zmb-z9-29/20251014-39-37417.html
Z9-29-040,Z9/29,2025-10-14,petr-borecky-1,Petr Bořecký,Lidovci a Starostové,Ano,Ano,e3b0ea5d5e7da4ba,ano,,44. Návrh na poskytnutí neinvestičních dotací na podporu významných sportovních akcí konaných ve městě Brně v roce 2025 – II. kolo – návrh rozpočtového opatření,https://apl.brno.cz/protokoly-zmb/zmb-z9-29/20251014-40-37450.html
Z9-29-041,Z9/29,2025-10-14,petr-borecky-1,Petr Bořecký,Lidovci a Starostové,Ano,Ano,afc20e1d73b4eeca,ano,,45. Návrh na poskytnutí neinvestičních a investičních dotací na PROGRAM: Zkvalitnění sportovního prostředí a zařízení na území města Brna pro rok 2025 – návrh rozpočtového opatření,https://apl.brno.cz/protokoly-zmb/zmb-z9-29/20251014-41-37498.html
Z9-29-027,Z9/29,2025-10-14,petr-borecky-1,Petr Bořecký,Lidovci a Starostové,Ano,Ano,dfd17d94a97b8eef,ano,,31. Návrh na poskytnutí neinvestičních transferů městským částem za účelem úhrady provozních nákladů středisek volného času – návrh rozpočtového opatření,https://apl.brno.cz/protokoly-zmb/zmb-z9-29/20251014-27-36262.html
Z9-29-042,Z9/29,2025-10-14,petr-borecky-1,Petr Bořecký,Lidovci a Starostové,Ano,Ano,8e7275edb4d5749a,ano,,"46. Návrh na snížení neinvestičního příspěvku zřizovatele Chovánku – dětskému centru rodinného typu, příspěvkové organizaci na rok 2025 – návrh rozpočtového opatření",https://apl.brno.cz/protokoly-zmb/zmb-z9-29/20251014-42-37532.html
Z9-29-043,Z9/29,2025-10-14,petr-borecky-1,Petr Bořecký,Lidovci a Starostové,Ano,Ano,fed877e379cb5e8a,ano,,"47. Návrh na změnu účelu části investičního příspěvku schváleného Úrazové nemocnici v Brně a Nemocnici Milosrdných bratří, příspěvkové organizaci, návrh rozpočtového opatření",https://apl.brno.cz/protokoly-zmb/zmb-z9-29/20251014-43-37570.html
Z9-29-030,Z9/29,2025-10-14,petr-borecky-1,Petr Bořecký,Lidovci a Starostové,Ano,Ano,022b16147e4ec6f0,ano,,"34. Návrh na poskytnutí účelového neinvestičního příspěvku Veřejné zeleni města Brna, příspěvkové organizaci, na projekt ""Nový park pro Sadovou – Královo Pole"", návrh rozpočtového opatření",https://apl.brno.cz/protokoly-zmb/zmb-z9-29/20251014-30-36703.html
Z9-29-044,Z9/29,2025-10-14,petr-borecky-1,Petr Bořecký,Lidovci a Starostové,Ano,Ano,73b691a8ea0aa888,ano,,"48. Návrh Dodatku č. 1 ke smlouvě o poskytnutí dotace uzavíraný se spolkem Rodinné centrum MaTáTa, spolek",https://apl.brno.cz/protokoly-zmb/zmb-z9-29/20251014-44-37601.html
Z9-29-045,Z9/29,2025-10-14,petr-borecky-1,Petr Bořecký,Lidovci a Starostové,Ano,Ano,233b2e71804452d0,ano,,49. Návrh dodatku č. 2 ke smlouvě č. 1525092748 o poskytování veřejné služby a podmínkách poskytnutí vyrovnávací platby za plnění závazku veřejné služby uzavřené s FabLab Brno s.r.o.,https://apl.brno.cz/protokoly-zmb/zmb-z9-29/20251014-45-37639.html
Z9-29-046,Z9/29,2025-10-14,petr-borecky-1,Petr Bořecký,Lidovci a Starostové,Ano,Ano,1695d8f9dbe8aeeb,ano,,50. Finanční prostředky Fondu kofinancování projektů – říjen 2025 – návrh rozpočtových opatření,https://apl.brno.cz/protokoly-zmb/zmb-z9-29/20251014-46-37669.html
Z9-29-047,Z9/29,2025-10-14,petr-borecky-1,Petr Bořecký,Lidovci a Starostové,Ano,Ano,d28114717c8300a9,ano,,"51. Projekt ""Modernizace kuchyně MŠ Marie Majerové"" – posouzení projektu",https://apl.brno.cz/protokoly-zmb/zmb-z9-29/20251014-47-37697.html
Z9-29-048,Z9/29,2025-10-14,petr-borecky-1,Petr Bořecký,Lidovci a Starostové,Ano,Ano,554c2c694ec89a05,ano,,"52. Projekt ""Rekonstrukce kuchyně ZŠ Slovanské nám. 2"" – posouzení projektu",https://apl.brno.cz/protokoly-zmb/zmb-z9-29/20251014-48-37730.html
Z9-29-049,Z9/29,2025-10-14,petr-borecky-1,Petr Bořecký,Lidovci a Starostové,Ano,Ano,3799fdb9c1128170,ano,,"53. Projekt ""Realizace protipovodňových opatření města Brna – etapy IX, X, XI"" – změna parametrů posouzení projektu",https://apl.brno.cz/protokoly-zmb/zmb-z9-29/20251014-49-37760.html
Z9-29-051,Z9/29,2025-10-14,petr-borecky-1,Petr Bořecký,Lidovci a Starostové,Ano,Ano,0adb66bb6de59fdb,ano,,"54. Projekt ""Revitalizace Holáseckých jezer"" – změna parametrů posouzení projektu",https://apl.brno.cz/protokoly-zmb/zmb-z9-29/20251014-51-37917.html
Z9-29-053,Z9/29,2025-10-14,petr-borecky-1,Petr Bořecký,Lidovci a Starostové,Ano,Ano,4e2f83eb3cedf3fe,ano,,"56. Projekt ""Výměna svítidel a zateplení půdního prostoru v ZŠ Slovanské nám."" – rozhodnutí o poskytnutí finančních prostředků",https://apl.brno.cz/protokoly-zmb/zmb-z9-29/20251014-53-37983.html
Z9-29-052,Z9/29,2025-10-14,petr-borecky-1,Petr Bořecký,Lidovci a Starostové,Ano,Ano,bea324bdb4d91caa,ano,,"55. Projekt ""Výměna otvorových výplní v administrativní budově NDB, Dvořákova 11"" – rozhodnutí o poskytnutí finančních prostředků",https://apl.brno.cz/protokoly-zmb/zmb-z9-29/20251014-52-37949.html
Z9-29-054,Z9/29,2025-10-14,petr-borecky-1,Petr Bořecký,Lidovci a Starostové,Ano,Ano,7933245f3e05f536,ano,,"57. Projekt ""Pořízení nového dopravního automobilu pro JSDH Brno-Vinohrady"" – rozhodnutí o poskytnutí dotace",https://apl.brno.cz/protokoly-zmb/zmb-z9-29/20251014-54-38012.html
Z9-29-055,Z9/29,2025-10-14,petr-borecky-1,Petr Bořecký,Lidovci a Starostové,Ano,Ano,b9c1855e9d2fbbbc,ano,,"58. Projekt ""Paracentrum Fénix"" – návrh dodatku č. 2 ke smlouvě o poskytnutí návratné finanční výpomoci",https://apl.brno.cz/protokoly-zmb/zmb-z9-29/20251014-55-38044.html
Z9-29-056,Z9/29,2025-10-14,petr-borecky-1,Petr Bořecký,Lidovci a Starostové,Ano,Ano,b9fccc31ee21378f,ano,,"59. Návrh změny stanov společenství vlastníků jednotek pro bytové domy Tomečkova 1, 2, 3 a 5 v k. ú. Lesná v bytovém spoluvlastnictví",https://apl.brno.cz/protokoly-zmb/zmb-z9-29/20251014-56-38082.html
Z9-29-037,Z9/29,2025-10-14,petr-borecky-1,Petr Bořecký,Lidovci a Starostové,Ano,Ano,89a796fc95081746,ano,,41. Návrh na poskytnutí individuální neinvestiční dotace na projekt Comic-Con Brno & Junior,https://apl.brno.cz/protokoly-zmb/zmb-z9-29/20251014-37-37343.html
Z9-29-057,Z9/29,2025-10-14,petr-borecky-1,Petr Bořecký,Lidovci a Starostové,Ano,Ano,b70083ea636db530,ano,,"60. Návrh vzorové dohody o narovnání s bezúpl. převodem spoluvl. podílů města na 29 b.j. vymezených v poz. p. č. 1461/136 a 1461/102, a na poz. p. č. 1461/105, vše v k. ú. Žebětín, návrh zřízení služebností, Založení SVJ pro domy Keřová 9 a Keřová 11, 13",https://apl.brno.cz/protokoly-zmb/zmb-z9-29/20251014-57-38125.html
Z9-29-058,Z9/29,2025-10-14,petr-borecky-1,Petr Bořecký,Lidovci a Starostové,Ano,Ano,f5b7c2907f52b4d2,ano,,"61. Záměr prodeje volné vymezené bytové jednotky v domě Dřevařská 31, 33, Brno",https://apl.brno.cz/protokoly-zmb/zmb-z9-29/20251014-58-38176.html
Z9-29-059,Z9/29,2025-10-14,petr-borecky-1,Petr Bořecký,Lidovci a Starostové,Ano,Ano,5f7902b7c250d200,ano,,"62. Záměr prodeje volných vymezených bytových jednotek v domě Nejedlého 2, 4, 6, Brno",https://apl.brno.cz/protokoly-zmb/zmb-z9-29/20251014-59-38204.html
Z9-29-061,Z9/29,2025-10-14,petr-borecky-1,Petr Bořecký,Lidovci a Starostové,Nehlasoval,Nehlasoval,d2ce6e54cc951afd,ano,,"64. Úhrada bezdůvodného obohacení za bezesmluvní užívání pozemků p. č. 4872/47 a p. č. 4872/49, oba v k. ú. Žabovřesky - var. A",https://apl.brno.cz/protokoly-zmb/zmb-z9-29/20251014-61-40712.html
Z9-29-060,Z9/29,2025-10-14,petr-borecky-1,Petr Bořecký,Lidovci a Starostové,Ano,Ano,455bacb81e629ec5,ano,,63. Návrh na uzavření dohody o splátkách – pozemky v k. ú. Staré Brno,https://apl.brno.cz/protokoly-zmb/zmb-z9-29/20251014-60-40645.html
Z9-29-062,Z9/29,2025-10-14,petr-borecky-1,Petr Bořecký,Lidovci a Starostové,Ano,Ano,8be3de3bc45bffe8,ano,,"64. Úhrada bezdůvodného obohacení za bezesmluvní užívání pozemků p. č. 4872/47 a p. č. 4872/49, oba v k. ú. Žabovřesky - var. B",https://apl.brno.cz/protokoly-zmb/zmb-z9-29/20251014-62-40765.html
Z9-29-063,Z9/29,2025-10-14,petr-borecky-1,Petr Bořecký,Lidovci a Starostové,Ano,Ano,a3540093f27df78b,ano,,Body č. 65-75,https://apl.brno.cz/protokoly-zmb/zmb-z9-29/20251014-63-40814.html
Z9-29-064,Z9/29,2025-10-14,petr-borecky-1,Petr Bořecký,Lidovci a Starostové,Ano,Ano,e34b0f3967392746,ano,,Body č. 76-87,https://apl.brno.cz/protokoly-zmb/zmb-z9-29/20251014-64-40857.html
Z9-29-065,Z9/29,2025-10-14,petr-borecky-1,Petr Bořecký,Lidovci a Starostové,Ano,Ano,f80aa756c073f508,ano,,Body č. 88-91,https://apl.brno.cz/protokoly-zmb/zmb-z9-29/20251014-65-40894.html
Z9-29-066,Z9/29,2025-10-14,petr-borecky-1,Petr Bořecký,Lidovci a Starostové,Ano,Ano,7457791e348e0a1d,ano,,92. Návrh souhlasného prohlášení k pozemkům v k. ú. Lesná zapsaným v duplicitním vlastnictví statutárního města Brna a podílovém spoluvlastnictví fyzických osob,https://apl.brno.cz/protokoly-zmb/zmb-z9-29/20251014-66-40931.html
Z9-29-067,Z9/29,2025-10-14,petr-borecky-1,Petr Bořecký,Lidovci a Starostové,Ano,Ano,05fa9be4aab12f41,ano,,Body č. 93-100,https://apl.brno.cz/protokoly-zmb/zmb-z9-29/20251014-67-40969.html
Z9-29-068,Z9/29,2025-10-14,petr-borecky-1,Petr Bořecký,Lidovci a Starostové,Ano,Ano,1017766863e53edb,ano,,101. Návrh směny pozemků v k. ú. Židenice pro stavbu „Zastávkový záliv MHD u Židenických kasáren“,https://apl.brno.cz/protokoly-zmb/zmb-z9-29/20251014-68-40998.html
Z9-29-069,Z9/29,2025-10-14,petr-borecky-1,Petr Bořecký,Lidovci a Starostové,Ano,Ano,5aec5f2d9a2b5b54,ano,,"102. Návrh směny pozemku p. č. 422/18 a části pozemku p. č. 422/1, oba v k. ú. Dolní Heršpice za pozemek p. č. 614/6 v k. ú. Horní Heršpice, návrh na svěření majetku města městské části Brno-jih",https://apl.brno.cz/protokoly-zmb/zmb-z9-29/20251014-69-41029.html
Z9-29-070,Z9/29,2025-10-14,petr-borecky-1,Petr Bořecký,Lidovci a Starostové,Ano,Ano,8ba94569adb995ce,ano,,103. Návrh na změnu části usnesení zasedání Zastupitelstva města Brna č. Z9/27. konaného dne 10.06.2025 bod č. 154 týkající se směny pozemků a částí pozemků v k. ú. Trnitá a v k. ú. Komárov se společností První Železniční Komárov s. r. o.,https://apl.brno.cz/protokoly-zmb/zmb-z9-29/20251014-70-41065.html
Z9-29-071,Z9/29,2025-10-14,petr-borecky-1,Petr Bořecký,Lidovci a Starostové,Ano,Ano,772bc5aef4138a7e,ano,,104. Návrh na zrušení věcného břemene zřízeného ve prospěch pozemků ve vlastnictví statutárního města Brna v k. ú. Bystrc,https://apl.brno.cz/protokoly-zmb/zmb-z9-29/20251014-71-41093.html
Z9-29-072,Z9/29,2025-10-14,petr-borecky-1,Petr Bořecký,Lidovci a Starostové,Ano,Ano,c9df95b14264edd1,ano,,"106. Návrh Dodatku č. 1 ke Smlouvě o spolupráci při výstavbě veřejné infrastruktury „OC Kaskády – C) Horní výstavba""",https://apl.brno.cz/protokoly-zmb/zmb-z9-29/20251014-72-41126.html
Z9-29-074,Z9/29,2025-10-14,petr-borecky-1,Petr Bořecký,Lidovci a Starostové,Zdržel se,Zdržel se,ea13649dc8d73a86,ano,,"107. Návrh obecně závazné vyhlášky statutárního města Brna, kterou se mění obecně závazná vyhláška statutárního města Brna č. 20/2001, kterou se vydává Statut města Brna, ve znění pozdějších vyhlášek - pro změnu čl. 75 odst. 10",https://apl.brno.cz/protokoly-zmb/zmb-z9-29/20251014-74-42810.html
Z9-29-076,Z9/29,2025-10-14,petr-borecky-1,Petr Bořecký,Lidovci a Starostové,Ano,Ano,a657485426ac0604,ano,,"107. Návrh obecně závazné vyhlášky statutárního města Brna, kterou se mění obecně závazná vyhláška statutárního města Brna č. 20/2001, kterou se vydává Statut města Brna, ve znění pozdějších vyhlášek",https://apl.brno.cz/protokoly-zmb/zmb-z9-29/20251014-76-43159.html
Z9-29-075,Z9/29,2025-10-14,petr-borecky-1,Petr Bořecký,Lidovci a Starostové,Zdržel se,Zdržel se,d4b7312c80e2f415,ano,,"107. Návrh obecně závazné vyhlášky statutárního města Brna, kterou se mění obecně závazná vyhláška statutárního města Brna č. 20/2001, kterou se vydává Statut města Brna, ve znění pozdějších vyhlášek - hlasování o návrhu p. Krásného",https://apl.brno.cz/protokoly-zmb/zmb-z9-29/20251014-75-43125.html
Z9-29-077,Z9/29,2025-10-14,petr-borecky-1,Petr Bořecký,Lidovci a Starostové,Ano,Ano,39b31571b0a81d1b,ano,,108. Návrh na zapojení Fondu rezerv a rozvoje v souvislosti s poskytnutím účelového investičního transferu městské části Brno-střed na akci Revitalizace prostoru před ZŠ Úvoz – návrh rozpočtového opatření,https://apl.brno.cz/protokoly-zmb/zmb-z9-29/20251014-77-43194.html
Z9-29-078,Z9/29,2025-10-14,petr-borecky-1,Petr Bořecký,Lidovci a Starostové,Ano,Ano,e33ced578abde371,ano,,"109. Návrh změny stanov obchodní společnosti Technologický Park Brno, a. s.",https://apl.brno.cz/protokoly-zmb/zmb-z9-29/20251014-78-43228.html
Z9-29-079,Z9/29,2025-10-14,petr-borecky-1,Petr Bořecký,Lidovci a Starostové,Ano,Ano,d20b3c1fe8107d91,ano,,"110. Návrh na provedení mimořádné kontroly TIC BRNO, příspěvková organizace - stažení bodu",https://apl.brno.cz/protokoly-zmb/zmb-z9-29/20251014-79-44141.html
Z9-28-002,Z9/28,2025-09-09,petr-borecky-1,Petr Bořecký,Lidovci a Starostové,Ano,Ano,f3e7fedf9405cbab,ano,,"1. Technický bod (zapisovatelé, právní asistence, ověřovatelé zápisu, schválení programu zasedání ZMB) - program - hlasování o zařazení bodu č. 177",https://apl.brno.cz/protokoly-zmb/zmb-z9-28/20250909-2-38550.html
Z9-28-001,Z9/28,2025-09-09,petr-borecky-1,Petr Bořecký,Lidovci a Starostové,nepřít.,nepřít.,18174ae3658a1fd3,ano,,"1. Technický bod (zapisovatelé, právní asistence, ověřovatelé zápisu, schválení programu zasedání ZMB) - ověřovatelé zápisu",https://apl.brno.cz/protokoly-zmb/zmb-z9-28/20250909-1-38264.html
Z9-28-003,Z9/28,2025-09-09,petr-borecky-1,Petr Bořecký,Lidovci a Starostové,Ano,Ano,a4c2879bcef29426,ano,,"1. Technický bod (zapisovatelé, právní asistence, ověřovatelé zápisu, schválení programu zasedání ZMB) - program",https://apl.brno.cz/protokoly-zmb/zmb-z9-28/20250909-3-38572.html
Z9-28-004,Z9/28,2025-09-09,petr-borecky-1,Petr Bořecký,Lidovci a Starostové,Ano,Ano,422977a6e902888e,ano,,5. Přehled účastí na schůzích výborů ZMB,https://apl.brno.cz/protokoly-zmb/zmb-z9-28/20250909-4-38670.html
Z9-28-005,Z9/28,2025-09-09,petr-borecky-1,Petr Bořecký,Lidovci a Starostové,Ano,Ano,d593355a47f7b135,ano,,"6. Návrh obecně závazné vyhlášky statutárního města Brna, kterou se mění obecně závazná vyhláška statutárního města Brna č. 27/2024, o místních poplatcích",https://apl.brno.cz/protokoly-zmb/zmb-z9-28/20250909-5-38701.html
Z9-28-007,Z9/28,2025-09-09,petr-borecky-1,Petr Bořecký,Lidovci a Starostové,Ano,Ano,4806a7296751a86b,ano,,"8. Návrh dodatku č. 1 ke Zřizovací listině Domova pro seniory Nopova, příspěvkové organizace",https://apl.brno.cz/protokoly-zmb/zmb-z9-28/20250909-7-38765.html
Z9-28-006,Z9/28,2025-09-09,petr-borecky-1,Petr Bořecký,Lidovci a Starostové,Ano,Ano,4ef6b925fcb8a57c,ano,,"7. Návrh na změnu stanov obchodní společnosti STAREZ – SPORT, a. s.",https://apl.brno.cz/protokoly-zmb/zmb-z9-28/20250909-6-38733.html
Z9-28-009,Z9/28,2025-09-09,petr-borecky-1,Petr Bořecký,Lidovci a Starostové,Ano,Ano,b4153bd55f0616b6,ano,,10. Návrh přistoupení statutárního města Brna k Výzvě k akci za nízkou uhlíkovou stopu a inkluzivnější kulturu mezinárodní sítě Eurocities,https://apl.brno.cz/protokoly-zmb/zmb-z9-28/20250909-9-38827.html
Z9-28-008,Z9/28,2025-09-09,petr-borecky-1,Petr Bořecký,Lidovci a Starostové,Ano,Ano,f80dbf5479f2c419,ano,,9. Koncesní řízení „Vědecko – technický park Černovické terasy v Brně“ – návrh zadávací dokumentace,https://apl.brno.cz/protokoly-zmb/zmb-z9-28/20250909-8-38794.html
Z9-28-010,Z9/28,2025-09-09,petr-borecky-1,Petr Bořecký,Lidovci a Starostové,Ano,Ano,3e0169293e9c69e1,ano,,11. Návrh na uzavření Smlouvy o zapojení statutárního města Brna jako řádného člena do sítě měst CultureNext v období 2025–2028,https://apl.brno.cz/protokoly-zmb/zmb-z9-28/20250909-10-38862.html
Z9-28-011,Z9/28,2025-09-09,petr-borecky-1,Petr Bořecký,Lidovci a Starostové,Ano,Ano,998a792caa532697,ano,,12. Vlastní podněty statutárního města Brna na pořízení změn Územního plánu města Brna,https://apl.brno.cz/protokoly-zmb/zmb-z9-28/20250909-11-38897.html
Z9-28-013,Z9/28,2025-09-09,petr-borecky-1,Petr Bořecký,Lidovci a Starostové,Ano,Ano,555d1056ec549594,ano,,14. Výsledky hospodaření statutárního města Brna za I. pololetí roku 2025,https://apl.brno.cz/protokoly-zmb/zmb-z9-28/20250909-13-38966.html
Z9-28-012,Z9/28,2025-09-09,petr-borecky-1,Petr Bořecký,Lidovci a Starostové,Ano,Ano,5056864c1939ad79,ano,,13. Finanční hospodaření svazku obcí Cyklistická stezka Brno – Vídeň za rok 2024,https://apl.brno.cz/protokoly-zmb/zmb-z9-28/20250909-12-38933.html
Z9-28-014,Z9/28,2025-09-09,petr-borecky-1,Petr Bořecký,Lidovci a Starostové,Ano,Ano,fbbaf06e4c9b7f30,ano,,"15. Návrh bilance zdrojů statutárního města Brna na rok 2026, stanovení základních proporcí návrhu rozpočtu statutárního města Brna na rok 2026",https://apl.brno.cz/protokoly-zmb/zmb-z9-28/20250909-14-38998.html
Z9-28-015,Z9/28,2025-09-09,petr-borecky-1,Petr Bořecký,Lidovci a Starostové,Ano,Ano,991072f8ccc6530a,ano,,"16. Návrh rozpočtového opatření ve věci daně z příjmů právnických osob za obce z rozpočtové činnosti, jejímž poplatníkem je město Brno",https://apl.brno.cz/protokoly-zmb/zmb-z9-28/20250909-15-39032.html
Z9-28-017,Z9/28,2025-09-09,petr-borecky-1,Petr Bořecký,Lidovci a Starostové,Ano,Ano,b8514974fc4247d1,ano,,"18. Zapojení Fondu rezerv a rozvoje v souvislosti s navýšením účelového neinvestičního příspěvku Filharmonii Brno, příspěvkové organizaci – návrh rozpočtového opatření",https://apl.brno.cz/protokoly-zmb/zmb-z9-28/20250909-17-39102.html
Z9-28-018,Z9/28,2025-09-09,petr-borecky-1,Petr Bořecký,Lidovci a Starostové,Ano,Ano,867a0b1656c39f35,ano,,"19. Zapojení Fondu rezerv a rozvoje v souvislosti s poskytnutím účelového neinvestičního příspěvku Národnímu divadlu Brno, příspěvkové organizaci, v roce 2025 – návrh rozpočtového opatření",https://apl.brno.cz/protokoly-zmb/zmb-z9-28/20250909-18-39136.html
Z9-28-016,Z9/28,2025-09-09,petr-borecky-1,Petr Bořecký,Lidovci a Starostové,Ano,Ano,16712215d03f9103,ano,,"17. Zapojení Fondu rezerv a rozvoje v souvislosti s částečným vykrytím ztráty vedlejší podnikatelské činnosti města Brna – Oddělení Jídelna Odboru vnitřních věcí MMB za rok 2024, návrh rozpočtového opatření",https://apl.brno.cz/protokoly-zmb/zmb-z9-28/20250909-16-39069.html
Z9-28-019,Z9/28,2025-09-09,petr-borecky-1,Petr Bořecký,Lidovci a Starostové,Ano,Ano,037c322d98bb877d,ano,,20. Zapojení Fondu rezerv a rozvoje v souvislosti s navýšením neinvestičních příspěvků příspěvkovým organizacím v působnosti Odboru kultury MMB – návrh rozpočtového opatření,https://apl.brno.cz/protokoly-zmb/zmb-z9-28/20250909-19-39168.html
Z9-28-020,Z9/28,2025-09-09,petr-borecky-1,Petr Bořecký,Lidovci a Starostové,Ano,Ano,e2e3fc890607cb85,ano,,"21. Zapojení Fondu rezerv a rozvoje v souvislosti s poskytnutím individuálních investičních dotací spolkům TJ STADION BRNO z. s., Fotbalový klub SK Bosonohy, z. s., a TJ TESLA BRNO z. s. na projekty spolufinancované NSA - návrh rozpočtového opatření",https://apl.brno.cz/protokoly-zmb/zmb-z9-28/20250909-20-39204.html
Z9-28-022,Z9/28,2025-09-09,petr-borecky-1,Petr Bořecký,Lidovci a Starostové,Ano,Ano,0720fe897af5e8f5,ano,,"23. Zapojení Fondu rezerv a rozvoje v souvislosti s poskytnutím neinvestičních a investičních příspěvků Veřejné zeleni města Brna, příspěvkové organizaci – návrh rozpočtového opatření",https://apl.brno.cz/protokoly-zmb/zmb-z9-28/20250909-22-39267.html
Z9-28-021,Z9/28,2025-09-09,petr-borecky-1,Petr Bořecký,Lidovci a Starostové,Ano,Ano,cf64c0dc812489b9,ano,,"22. Zapojení Fondu rezerv a rozvoje v souvislosti s poskytnutím účelového neinvestičního příspěvku Kanceláři architekta města Brna, příspěvkové organizaci, na urbanistickou soutěž „Stará osada“, návrh rozpočtového opatření",https://apl.brno.cz/protokoly-zmb/zmb-z9-28/20250909-21-39237.html
Z9-28-023,Z9/28,2025-09-09,petr-borecky-1,Petr Bořecký,Lidovci a Starostové,Ano,Ano,c67919f9fed215af,ano,,"24. Zapojení Fondu rezerv a rozvoje v souvislosti s přípravou akce Cirkulární dům Brno, návrh rozpočtového opatření",https://apl.brno.cz/protokoly-zmb/zmb-z9-28/20250909-23-39297.html
Z9-28-024,Z9/28,2025-09-09,petr-borecky-1,Petr Bořecký,Lidovci a Starostové,Ano,Ano,31884de1be6c3d02,ano,,25. Zapojení Fondu Dáme na vás v souvislosti s financováním projektů participativního rozpočtu – návrh rozpočtového opatření,https://apl.brno.cz/protokoly-zmb/zmb-z9-28/20250909-24-39335.html
Z9-28-025,Z9/28,2025-09-09,petr-borecky-1,Petr Bořecký,Lidovci a Starostové,Ano,Ano,45703864a0c3e4b8,ano,,26. Aktualizace očekávaného čerpání rozpočtu kapitálových výdajů Odboru kultury MMB v roce 2025 - návrh rozpočtového opatření,https://apl.brno.cz/protokoly-zmb/zmb-z9-28/20250909-25-39365.html
Z9-28-026,Z9/28,2025-09-09,petr-borecky-1,Petr Bořecký,Lidovci a Starostové,Ano,Ano,58546c04bc15419c,ano,,"27. Aktualizace očekávaného čerpání rozpočtu kapitálových výdajů Odboru správy majetku MMB v roce 2025, návrh rozpočtového opatření“",https://apl.brno.cz/protokoly-zmb/zmb-z9-28/20250909-26-39393.html
Z9-28-027,Z9/28,2025-09-09,petr-borecky-1,Petr Bořecký,Lidovci a Starostové,Ano,Ano,66ce5319568b7a7d,ano,,"28. Aktualizace rozpočtu běžných výdajů Odboru městské informatiky MMB v roce 2025, návrh rozpočtového opatření",https://apl.brno.cz/protokoly-zmb/zmb-z9-28/20250909-27-39420.html
Z9-28-028,Z9/28,2025-09-09,petr-borecky-1,Petr Bořecký,Lidovci a Starostové,Ano,Ano,1342919d6c4ca8a5,ano,,29. Aktualizace rozpočtu Odboru investičního MMB a zapojení Fondu developerských projektů – září 2025 – návrh rozpočtového opatření,https://apl.brno.cz/protokoly-zmb/zmb-z9-28/20250909-28-39590.html
Z9-28-029,Z9/28,2025-09-09,petr-borecky-1,Petr Bořecký,Lidovci a Starostové,Ano,Ano,ad94441894a50910,ano,,"2. Dotazy, připomínky a podněty občanů - hlasování o zařazení bodu – Umožnění stavby nového fotbalového stadionu za Lužánkami",https://apl.brno.cz/protokoly-zmb/zmb-z9-28/20250909-29-41972.html
Z9-28-030,Z9/28,2025-09-09,petr-borecky-1,Petr Bořecký,Lidovci a Starostové,Ano,Ano,4f2c8c632977b12b,ano,,178. Umožnění stavby nového fotbalového stadionu v lokalitě za Lužánkami,https://apl.brno.cz/protokoly-zmb/zmb-z9-28/20250909-30-45337.html
Z9-28-031,Z9/28,2025-09-09,petr-borecky-1,Petr Bořecký,Lidovci a Starostové,Ano,Ano,1d2ab241279cc1f4,ano,,30. Aktualizace rozpočtu běžných výdajů Odboru dopravy MMB a Fondu mobility – září 2025 - návrh rozpočtového opatření,https://apl.brno.cz/protokoly-zmb/zmb-z9-28/20250909-31-45382.html
Z9-28-032,Z9/28,2025-09-09,petr-borecky-1,Petr Bořecký,Lidovci a Starostové,Ano,Ano,b32dac5b43472476,ano,,"31. Aktualizace očekávaného plnění rozpočtu příjmů a čerpání rozpočtu kapitálových výdajů Fondu bytové výstavby v roce 2025, návrh na převod finančních prostředků do Fondu bytové výstavby, návrh rozpočtového opatření",https://apl.brno.cz/protokoly-zmb/zmb-z9-28/20250909-32-45411.html
Z9-28-033,Z9/28,2025-09-09,petr-borecky-1,Petr Bořecký,Lidovci a Starostové,Ano,Ano,14c5e806c3e291f7,ano,,"32. Přesun běžných a kapitálových výdajů v rámci rozpočtu Odboru správy majetku MMB, návrh rozpočtového opatření",https://apl.brno.cz/protokoly-zmb/zmb-z9-28/20250909-33-45442.html
Z9-28-034,Z9/28,2025-09-09,petr-borecky-1,Petr Bořecký,Lidovci a Starostové,Ano,Ano,aa89e5a791df3126,ano,,"33. Přesun kapitálových výdajů v rámci rozpočtu Majetkového odboru MMB v souvislosti s výkupem pozemků v k. ú. Pisárky, návrh rozpočtového opatření",https://apl.brno.cz/protokoly-zmb/zmb-z9-28/20250909-34-45557.html
Z9-28-035,Z9/28,2025-09-09,petr-borecky-1,Petr Bořecký,Lidovci a Starostové,Ano,Ano,f1987b11f9ec143b,ano,,34. Návrh rozpočtového opatření v rozpočtu Odboru strategického rozvoje a spolupráce MMB,https://apl.brno.cz/protokoly-zmb/zmb-z9-28/20250909-35-45583.html
Z9-28-036,Z9/28,2025-09-09,petr-borecky-1,Petr Bořecký,Lidovci a Starostové,Ano,Ano,a488841598827de3,ano,,"35. Realizace bezbariérových úprav – poskytnutí transferů městským částem a poskytnutí individuální investiční dotace společnosti Dopravní podnik města Brna, a. s.– návrh rozpočtového opatření",https://apl.brno.cz/protokoly-zmb/zmb-z9-28/20250909-36-45612.html
Z9-28-037,Z9/28,2025-09-09,petr-borecky-1,Petr Bořecký,Lidovci a Starostové,Ano,Ano,74384182a72a42aa,ano,,"36. Návrh na poskytnutí individuálních investičních dotací z rozpočtu města Brna společnosti DPMB, a. s., na stavební úpravy tramvajové tratě na ulici Kounicova a na prodloužení tramvajové trati Bystrc-Kamechy – návrh rozpočtového opatření",https://apl.brno.cz/protokoly-zmb/zmb-z9-28/20250909-37-45688.html
Z9-28-038,Z9/28,2025-09-09,petr-borecky-1,Petr Bořecký,Lidovci a Starostové,Ano,Ano,2a6f9c912fdae1e8,ano,,"37. Návrh na poskytnutí individuální neinvestiční dotace ústavu EkoInkubátor, z. ú., na podporu 51. Mezinárodního filmového festivalu EKOFILM v roce 2025",https://apl.brno.cz/protokoly-zmb/zmb-z9-28/20250909-38-45868.html
Z9-28-039,Z9/28,2025-09-09,petr-borecky-1,Petr Bořecký,Lidovci a Starostové,Ano,Ano,19a8b0b31d7cafac,ano,,38. Návrh na poskytnutí investičních dotací v rámci dotačního programu Podpora vytváření zelených střech,https://apl.brno.cz/protokoly-zmb/zmb-z9-28/20250909-39-45895.html
Z9-28-043,Z9/28,2025-09-09,petr-borecky-1,Petr Bořecký,Lidovci a Starostové,Ano,Ano,dc952eac45fb76c5,ano,,Body č. 42-44,https://apl.brno.cz/protokoly-zmb/zmb-z9-28/20250909-43-46053.html
Z9-28-042,Z9/28,2025-09-09,petr-borecky-1,Petr Bořecký,Lidovci a Starostové,Ano,Ano,3212bf03912ab9b1,ano,,"41. Návrh na poskytnutí investičních příspěvků Správě hřbitovů města Brna, příspěvkové organizaci – návrh rozpočtového opatření",https://apl.brno.cz/protokoly-zmb/zmb-z9-28/20250909-42-46023.html
Z9-28-041,Z9/28,2025-09-09,petr-borecky-1,Petr Bořecký,Lidovci a Starostové,Ano,Ano,ddab15780cba553e,ano,,"40. Návrh na poskytnutí investičního transferu MČ Brno-Maloměřice a Obřany na vybudování akumulační nádrže u budovy ÚMČ Selská 66 a MČ Brno-sever na vybudování akumulační nádrže u budovy MŠ Marie Majerové 14, návrh rozpočtového opatření",https://apl.brno.cz/protokoly-zmb/zmb-z9-28/20250909-41-45962.html
Z9-28-040,Z9/28,2025-09-09,petr-borecky-1,Petr Bořecký,Lidovci a Starostové,Ano,Ano,132168e517ff6124,ano,,"39. Návrh na poskytnutí investičního transferu městské části Brno-sever na realizaci zelené střechy na budově mateřské školy na adrese Marie Majerové 14, návrh rozpočtového opatření",https://apl.brno.cz/protokoly-zmb/zmb-z9-28/20250909-40-45923.html
Z9-28-044,Z9/28,2025-09-09,petr-borecky-1,Petr Bořecký,Lidovci a Starostové,Ano,Ano,6dbb941632902620,ano,,Body č. 45-48,https://apl.brno.cz/protokoly-zmb/zmb-z9-28/20250909-44-46129.html
Z9-28-045,Z9/28,2025-09-09,petr-borecky-1,Petr Bořecký,Lidovci a Starostové,Ano,Ano,210637945be57cee,ano,,49. Návrh na změnu účelu účelových neinvestičních a investičních příspěvků příspěvkových organizacím v působnosti Odboru kultury MMB v roce 2025,https://apl.brno.cz/protokoly-zmb/zmb-z9-28/20250909-45-46358.html
Z9-28-047,Z9/28,2025-09-09,petr-borecky-1,Petr Bořecký,Lidovci a Starostové,Ano,Ano,cc5c35177bd703c9,ano,,Body č. 51-53,https://apl.brno.cz/protokoly-zmb/zmb-z9-28/20250909-47-46421.html
Z9-28-046,Z9/28,2025-09-09,petr-borecky-1,Petr Bořecký,Lidovci a Starostové,Ano,Ano,919c03e79481b3ba,ano,,"50. Návrh na zvýšení neinvestičního příspěvku TIC BRNO, příspěvkové organizaci, v roce 2025 – návrh rozpočtového opatření",https://apl.brno.cz/protokoly-zmb/zmb-z9-28/20250909-46-46387.html
Z9-28-048,Z9/28,2025-09-09,petr-borecky-1,Petr Bořecký,Lidovci a Starostové,Ano,Ano,2612bab0bcaa96ee,ano,,54. Návrh na poskytnutí individuální neinvestiční dotace PLAYzone s.r.o. na uspořádání Mistrovství České republiky v počítačových a mobilních hrách 2025 ve městě Brně – návrh rozpočtového opatření,https://apl.brno.cz/protokoly-zmb/zmb-z9-28/20250909-48-46487.html
Z9-28-049,Z9/28,2025-09-09,petr-borecky-1,Petr Bořecký,Lidovci a Starostové,Ano,Ano,2386d6750365299c,ano,,55. Návrh na poskytnutí individuálních neinvestičních dotací pro oblast tělovýchovy a sportu pro rok 2025 – II. kolo – návrh rozpočtového opatření,https://apl.brno.cz/protokoly-zmb/zmb-z9-28/20250909-49-46520.html
Z9-28-051,Z9/28,2025-09-09,petr-borecky-1,Petr Bořecký,Lidovci a Starostové,Ano,Ano,96147facd8015c3b,ano,,59. Návrh na poskytnutí neinvestičních příspěvků základním školám na zajištění vzdělávacího Projektu pro ZŠ „Příběhy našich sousedů“ – návrh rozpočtového opatření,https://apl.brno.cz/protokoly-zmb/zmb-z9-28/20250909-51-46605.html
Z9-28-050,Z9/28,2025-09-09,petr-borecky-1,Petr Bořecký,Lidovci a Starostové,Ano,Ano,96411a0d995615e1,ano,,Body č. 56-58,https://apl.brno.cz/protokoly-zmb/zmb-z9-28/20250909-50-46575.html
Z9-28-052,Z9/28,2025-09-09,petr-borecky-1,Petr Bořecký,Lidovci a Starostové,Ano,Ano,070c7bad11451b7d,ano,,60. Návrh na prodloužení termínu vyúčtování a změnu účelu použití investičních a neinvestičních transferů poskytnutých městským částem na rok 2025 - návrh rozpočtového opatření,https://apl.brno.cz/protokoly-zmb/zmb-z9-28/20250909-52-46637.html
Z9-28-053,Z9/28,2025-09-09,petr-borecky-1,Petr Bořecký,Lidovci a Starostové,Ano,Ano,da50761a21e8f136,ano,,"61. Návrh na poskytnutí daru – části zrušené železniční vlečky spolku Výtopna Slaný, z. s.",https://apl.brno.cz/protokoly-zmb/zmb-z9-28/20250909-53-46667.html
Z9-28-054,Z9/28,2025-09-09,petr-borecky-1,Petr Bořecký,Lidovci a Starostové,Ano,Ano,06d1e9fd0f930af1,ano,,"62. Žádost o prominutí dluhu v souvislosti s užíváním nemovitostí v areálu Pisárecká 11, k. ú. Pisárky – Vodní záchranná služba Brno-město, z. s. - souhlasí",https://apl.brno.cz/protokoly-zmb/zmb-z9-28/20250909-54-46923.html
Z9-28-055,Z9/28,2025-09-09,petr-borecky-1,Petr Bořecký,Lidovci a Starostové,nepřít.,nepřít.,9d9f44c6fbf61edd,ano,,63. Návrh smlouvy o poskytnutí návratné finanční výpomoci mezi statutárním městem Brnem a Úrazovou nemocnicí v Brně,https://apl.brno.cz/protokoly-zmb/zmb-z9-28/20250909-55-53140.html
Z9-28-057,Z9/28,2025-09-09,petr-borecky-1,Petr Bořecký,Lidovci a Starostové,Ano,Ano,a7debf2a4df4ec9c,ano,,"67. Návrh Dodatku č. 1 ke Smlouvě o poskytnutí investičního příspěvku ""Nová Zbrojovka – objekt A"", Návrh Dodatku č. 1 ke Smlouvě o poskytnutí investičního příspěvku ""Nová Zbrojovka – objekt G""",https://apl.brno.cz/protokoly-zmb/zmb-z9-28/20250909-57-53384.html
Z9-28-056,Z9/28,2025-09-09,petr-borecky-1,Petr Bořecký,Lidovci a Starostové,Ano,Ano,b3c75f7c48b511c6,ano,,Body č. 64-66,https://apl.brno.cz/protokoly-zmb/zmb-z9-28/20250909-56-53253.html
Z9-28-058,Z9/28,2025-09-09,petr-borecky-1,Petr Bořecký,Lidovci a Starostové,Ano,Ano,665fd3f13a60a7ee,ano,,"68. Návrh dodatku č. 1 ke Smlouvě o poskytnutí neinvestiční dotace č. 7225091070 ze dne 26. 02. 2025 - Sanus Brno, z. s. - návrh rozpočtového opatření",https://apl.brno.cz/protokoly-zmb/zmb-z9-28/20250909-58-53414.html
Z9-28-059,Z9/28,2025-09-09,petr-borecky-1,Petr Bořecký,Lidovci a Starostové,Ano,Ano,13f7269ef80abda5,ano,,"69. Návrh dodatku č. 2 ke smlouvě o poskytnutí investiční dotace a dodatku č. 3 ke smlouvě o poskytnutí návratné finanční výpomoci uzavřených s BuranTeatr z. ú. na podporu projektu „Rozvoj kulturního centra CO.LABS"", návrh rozpočtového opatření",https://apl.brno.cz/protokoly-zmb/zmb-z9-28/20250909-59-53448.html
Z9-28-060,Z9/28,2025-09-09,petr-borecky-1,Petr Bořecký,Lidovci a Starostové,Ano,Ano,6f4398698c0167e7,ano,,"70. Žádosti o souhlas se změnou projektu a návrh dodatku č. 1 ke smlouvě o poskytnutí dotace v oblasti kultury u projektu ""Jiří Zahrádka: Káťa Kabanová a Příhody lišky Bystroušky. Janáčkova druhá míza""",https://apl.brno.cz/protokoly-zmb/zmb-z9-28/20250909-60-53483.html
Z9-28-061,Z9/28,2025-09-09,petr-borecky-1,Petr Bořecký,Lidovci a Starostové,Ano,Ano,27b6da687f8fd081,ano,,71. Návrh na odpis nákladů zmařených projektových dokumentací z účtu nedokončených investic,https://apl.brno.cz/protokoly-zmb/zmb-z9-28/20250909-61-53514.html
Z9-28-062,Z9/28,2025-09-09,petr-borecky-1,Petr Bořecký,Lidovci a Starostové,Ano,Ano,582523207274e33d,ano,,72. Návrh dodatku č. 1 ke smlouvě č. 1525092748 o poskytování veřejné služby a podmínkách poskytnutí vyrovnávací platby za plnění závazku veřejné služby uzavřené s FabLab Brno s. r. o. – návrh rozpočtového opatření,https://apl.brno.cz/protokoly-zmb/zmb-z9-28/20250909-62-53565.html
Z9-28-063,Z9/28,2025-09-09,petr-borecky-1,Petr Bořecký,Lidovci a Starostové,Ano,Ano,5357fff507eecb9f,ano,,"73. Návrh dodatku č. 1 ke smlouvě č. 1522173539 o poskytování veřejné služby a podmínkách poskytnutí vyrovnávací platby za plnění závazku veřejné služby uzavřené s JCMM, z. s. p. o.",https://apl.brno.cz/protokoly-zmb/zmb-z9-28/20250909-63-53600.html
Z9-28-064,Z9/28,2025-09-09,petr-borecky-1,Petr Bořecký,Lidovci a Starostové,Ano,Ano,8c1ef41bdd609174,ano,,74. Projekty financované z Fondu kofinancování projektů – září 2025 – návrh rozpočtového opatření; 75. Finanční prostředky Fondu kofinancování projektů – září 2025 – návrh rozpočtových opatření,https://apl.brno.cz/protokoly-zmb/zmb-z9-28/20250909-64-53707.html
Z9-28-065,Z9/28,2025-09-09,petr-borecky-1,Petr Bořecký,Lidovci a Starostové,Ano,Ano,ecc0dd32c7c58fb6,ano,,Body č. 76-81,https://apl.brno.cz/protokoly-zmb/zmb-z9-28/20250909-65-53746.html
Z9-28-066,Z9/28,2025-09-09,petr-borecky-1,Petr Bořecký,Lidovci a Starostové,Ano,Ano,19d0455b86d6abb8,ano,,Body č. 82-87,https://apl.brno.cz/protokoly-zmb/zmb-z9-28/20250909-66-53779.html
Z9-28-067,Z9/28,2025-09-09,petr-borecky-1,Petr Bořecký,Lidovci a Starostové,Ano,Ano,7a04fa85954f8174,ano,,88. Přehled bytů poskytnutých v celoměstském zájmu za 1. pololetí roku 2025,https://apl.brno.cz/protokoly-zmb/zmb-z9-28/20250909-67-53809.html
Z9-28-069,Z9/28,2025-09-09,petr-borecky-1,Petr Bořecký,Lidovci a Starostové,Ano,Ano,d94dbf374beefa67,ano,,"90. Návrh na zrušení části usnesení Z9/24. zasedání Zastupitelstva města Brna konaného dne 25.2.2025, bod č. 15, návrh záměru poskytnutí úročené zápůjčky z rozpočtu města Brna městské části Brno-Vinohrady, návrh rozpočtového opatření",https://apl.brno.cz/protokoly-zmb/zmb-z9-28/20250909-69-53874.html
Z9-28-068,Z9/28,2025-09-09,petr-borecky-1,Petr Bořecký,Lidovci a Starostové,Ano,Ano,4813884b96af30d5,ano,,89. Žádost městské části Brno-Žabovřesky o předchozí souhlas s použitím části kladného výsledku hospodaření z vlastní podnikatelské činnosti-bytového hospodářství k jiným účelům,https://apl.brno.cz/protokoly-zmb/zmb-z9-28/20250909-68-53842.html
Z9-28-071,Z9/28,2025-09-09,petr-borecky-1,Petr Bořecký,Lidovci a Starostové,Ano,Ano,15dd38e7830f1484,ano,,94. Návrh zpeněžení (prodeje) pozemku p. č. 1548/1 v k. ú. Kohoutovice formou veřejné elektronické dražby,https://apl.brno.cz/protokoly-zmb/zmb-z9-28/20250909-71-53944.html
Z9-28-070,Z9/28,2025-09-09,petr-borecky-1,Petr Bořecký,Lidovci a Starostové,Ano,Ano,c31bdbc5f102184c,ano,,Body č. 91-93,https://apl.brno.cz/protokoly-zmb/zmb-z9-28/20250909-70-53913.html
Z9-28-072,Z9/28,2025-09-09,petr-borecky-1,Petr Bořecký,Lidovci a Starostové,Ano,Ano,88ca42680cd2cbc9,ano,,"95. Návrh prodeje pozemku p. č. 4158/4 v k. ú. Tuřany pro stavbu „Komunikační obchvat Tuřan, I.etapa“ - návrh kupní smlouvy",https://apl.brno.cz/protokoly-zmb/zmb-z9-28/20250909-72-53995.html
Z9-28-075,Z9/28,2025-09-09,petr-borecky-1,Petr Bořecký,Lidovci a Starostové,Ano,Ano,675cbe87ef24aa18,ano,,body č. 104-117,https://apl.brno.cz/protokoly-zmb/zmb-z9-28/20250909-75-54098.html
Z9-28-076,Z9/28,2025-09-09,petr-borecky-1,Petr Bořecký,Lidovci a Starostové,Ano,Ano,f50581b1825234d3,ano,,Body č. 118-149,https://apl.brno.cz/protokoly-zmb/zmb-z9-28/20250909-76-54147.html
Z9-28-077,Z9/28,2025-09-09,petr-borecky-1,Petr Bořecký,Lidovci a Starostové,Ano,Ano,99fefd29666aed9a,ano,,body č. 150-154,https://apl.brno.cz/protokoly-zmb/zmb-z9-28/20250909-77-54183.html
Z9-28-078,Z9/28,2025-09-09,petr-borecky-1,Petr Bořecký,Lidovci a Starostové,Ano,Ano,981e80cc33f46a52,ano,,"155. Návrh darování pozemků a částí pozemků v k. ú. Bystrc do vlastnictví Jihomoravského kraje, návrh na zřízení zákazu zcizení a zatížení, návrh na zřízení služebnosti",https://apl.brno.cz/protokoly-zmb/zmb-z9-28/20250909-78-54212.html
Z9-28-079,Z9/28,2025-09-09,petr-borecky-1,Petr Bořecký,Lidovci a Starostové,Ano,Ano,8c3f6a7730c7e15d,ano,,"156. Návrh Souhlasného prohlášení o vlastnictví a kupní smlouvy ke spoluvlastnickému podílu id. 3/8 na pozemcích p. č. 7863/26 a 8352/8, k. ú. Židenice (městská část Brno-Židenice)",https://apl.brno.cz/protokoly-zmb/zmb-z9-28/20250909-79-54240.html
Z9-28-080,Z9/28,2025-09-09,petr-borecky-1,Petr Bořecký,Lidovci a Starostové,Ano,Ano,dabb9da8ea84e16f,ano,,"157. Návrh na uznání vzniku vlastnického práva k části pozemku p. č. 1556/6, k. ú. Pisárky, formou souhlasného prohlášení",https://apl.brno.cz/protokoly-zmb/zmb-z9-28/20250909-80-54270.html
Z9-28-081,Z9/28,2025-09-09,petr-borecky-1,Petr Bořecký,Lidovci a Starostové,Ano,Ano,8033f15a47f2080a,ano,,"158. Návrh na (ne)uznání vlastnického práva k pozemkům p. č. 2227/2 a p. č. 2228, oba v k. ú. Židenice (městská část Brno-Židenice) formou souhlasného prohlášení - var. B",https://apl.brno.cz/protokoly-zmb/zmb-z9-28/20250909-81-54322.html
Z9-28-082,Z9/28,2025-09-09,petr-borecky-1,Petr Bořecký,Lidovci a Starostové,Ano,Ano,32ea58c2dcb4debb,ano,,159. Návrh souhlasu s kupní cenou za nabytí pozemku p. č. 1191/29 v k. ú. Trnitá,https://apl.brno.cz/protokoly-zmb/zmb-z9-28/20250909-82-54350.html
Z9-28-083,Z9/28,2025-09-09,petr-borecky-1,Petr Bořecký,Lidovci a Starostové,Ano,Ano,119c4c839e539a9f,ano,,"160. Návrh Smlouvy o smlouvě budoucí kupní – pozemek p. č. 1117, k. ú. Zábrdovice",https://apl.brno.cz/protokoly-zmb/zmb-z9-28/20250909-83-54380.html
Z9-28-085,Z9/28,2025-09-09,petr-borecky-1,Petr Bořecký,Lidovci a Starostové,Ano,Ano,f88d481731d1eb7a,ano,,body č. 162 a 163,https://apl.brno.cz/protokoly-zmb/zmb-z9-28/20250909-85-54475.html
Z9-28-073,Z9/28,2025-09-09,petr-borecky-1,Petr Bořecký,Lidovci a Starostové,Ano,Ano,f07c566e5156af7a,ano,,96. Návrh prodeje pozemku p. č. 5274 v k. ú. Bystrc – lokalita Mečkov,https://apl.brno.cz/protokoly-zmb/zmb-z9-28/20250909-73-54024.html
Z9-28-087,Z9/28,2025-09-09,petr-borecky-1,Petr Bořecký,Lidovci a Starostové,Ano,Ano,23cbb2e098b1aca3,ano,,Body č. 165-167,https://apl.brno.cz/protokoly-zmb/zmb-z9-28/20250909-87-54533.html
Z9-28-074,Z9/28,2025-09-09,petr-borecky-1,Petr Bořecký,Lidovci a Starostové,Ano,Ano,f943626aa11f6c31,ano,,body č. 97-103,https://apl.brno.cz/protokoly-zmb/zmb-z9-28/20250909-74-54056.html
Z9-28-088,Z9/28,2025-09-09,petr-borecky-1,Petr Bořecký,Lidovci a Starostové,Ano,Ano,b754cc050bffee84,ano,,"168. Návrh svěření majetku města městské části Brno-Nový Lískovec, pozemku p. č. 527/1 v k. ú. Nový Lískovec - stažení bodu",https://apl.brno.cz/protokoly-zmb/zmb-z9-28/20250909-88-54612.html
Z9-28-089,Z9/28,2025-09-09,petr-borecky-1,Petr Bořecký,Lidovci a Starostové,Ano,Ano,74e822da02dff957,ano,,body č. 169-171,https://apl.brno.cz/protokoly-zmb/zmb-z9-28/20250909-89-54650.html
Z9-28-090,Z9/28,2025-09-09,petr-borecky-1,Petr Bořecký,Lidovci a Starostové,Ano,Ano,1bd64b7738b6e564,ano,,"172. Návrh na setrvání na části usnesení Zastupitelstva města Brna Z9/14 konaného dne 30.1.2024, bod č. 88 – nesvěření pozemku p. č. 3123 v k. ú. Kníničky městské části Brno-Kníničky",https://apl.brno.cz/protokoly-zmb/zmb-z9-28/20250909-90-54679.html
Z9-28-091,Z9/28,2025-09-09,petr-borecky-1,Petr Bořecký,Lidovci a Starostové,Ano,Ano,d9727abfab59c1bc,ano,,"173. Návrh nesouhlasu se záměrem pronájmu části pozemku p. č. 1556/10, k. ú. Pisárky, návrh nesouhlasu se záměrem prodeje části pozemku p. č. 1556/10, k. ú. Pisárky, za cenu dle cenové mapy z roku 1995",https://apl.brno.cz/protokoly-zmb/zmb-z9-28/20250909-91-54713.html
Z9-28-092,Z9/28,2025-09-09,petr-borecky-1,Petr Bořecký,Lidovci a Starostové,Ano,Ano,589091bf19c50d52,ano,,174. Návrh Smlouvy o právu umístění a provedení stavby s ujednáním o budoucí kupní smlouvě pro stavbu „Lávka přes Ponávku u nádraží Brno – Královo Pole“,https://apl.brno.cz/protokoly-zmb/zmb-z9-28/20250909-92-54743.html
Z9-28-093,Z9/28,2025-09-09,petr-borecky-1,Petr Bořecký,Lidovci a Starostové,Ano,Ano,3fcd9a22d8176bd4,ano,,175. Návrh Dodatku č. 2 ke Smlouvě o spolupráci při výstavbě veřejné infrastruktury „Rybářka – polyfunkční soubor – dům A“,https://apl.brno.cz/protokoly-zmb/zmb-z9-28/20250909-93-54775.html
Z9-28-094,Z9/28,2025-09-09,petr-borecky-1,Petr Bořecký,Lidovci a Starostové,Ano,Ano,ac6466fcd27176b3,ano,,176. Návrh Dodatku č. 4 k Plánovací smlouvě č. 6314171782 a návrh Dodatku č. 5 ke Smlouvě o zrušení a vypořádání podílového spoluvlastnictví a smlouvě o zřízení zástavního práva č. 6312174631,https://apl.brno.cz/protokoly-zmb/zmb-z9-28/20250909-94-54810.html
Z9-28-095,Z9/28,2025-09-09,petr-borecky-1,Petr Bořecký,Lidovci a Starostové,Ano,Ano,56fb73b67f7a4170,ano,,177. Horkovod z elektrárny Dukovany do Brna – vyjádření podpory projektu,https://apl.brno.cz/protokoly-zmb/zmb-z9-28/20250909-95-54838.html
Z9-30-001,Z9/30,2025-11-11,petr-borecky-1,Petr Bořecký,Lidovci a Starostové,Ano,Ano,f60d069ae7b21197,ano,,"1. Technický bod (zapisovatelé, právní asistence, ověřovatelé zápisu, schválení programu zasedání ZMB) - ověřovatelé zápisu",https://apl.brno.cz/protokoly-zmb/zmb-z9-30/20251111-1-34111.html
Z9-28-084,Z9/28,2025-09-09,petr-borecky-1,Petr Bořecký,Lidovci a Starostové,Ano,Ano,da306981a9b4e381,ano,,161. Návrh Dodatku č. 1 ke smlouvě o bezúplatném převodu pozemku p. č. 1507/1 v k. ú. Horní Heršpice z vlastnictví České republiky – Úřadu pro zastupování státu ve věcech majetkových do vlastnictví statutárního města Brna s omezujícími podmínkami,https://apl.brno.cz/protokoly-zmb/zmb-z9-28/20250909-84-54412.html
Z9-30-002,Z9/30,2025-11-11,petr-borecky-1,Petr Bořecký,Lidovci a Starostové,Ano,Ano,4ddf7b6843a50c19,ano,,"1. Technický bod (zapisovatelé, právní asistence, ověřovatelé zápisu, schválení programu zasedání ZMB) - program - hlasování o stažení bodu č. 6, 37, 49, 64",https://apl.brno.cz/protokoly-zmb/zmb-z9-30/20251111-2-34275.html
Z9-28-086,Z9/28,2025-09-09,petr-borecky-1,Petr Bořecký,Lidovci a Starostové,Ano,Ano,76964e83229a9f5a,ano,,"164. Návrh směny částí pozemku p. č. 2164 v k. ú. Černovice za pozemky p. č. 2712/209, p. č. 2712/271, p. č. 2712/272, p. č. 2722/18 a p. č. 2952/7, vše v k. ú. Černovice",https://apl.brno.cz/protokoly-zmb/zmb-z9-28/20250909-86-54506.html
Z9-30-004,Z9/30,2025-11-11,petr-borecky-1,Petr Bořecký,Lidovci a Starostové,Ano,Ano,1f4d1b3c75b1d415,ano,,"1. Technický bod (zapisovatelé, právní asistence, ověřovatelé zápisu, schválení programu zasedání ZMB) - program",https://apl.brno.cz/protokoly-zmb/zmb-z9-30/20251111-4-34332.html
Z9-30-003,Z9/30,2025-11-11,petr-borecky-1,Petr Bořecký,Lidovci a Starostové,Ano,Ano,bf911d292adec8ba,ano,,"1. Technický bod (zapisovatelé, právní asistence, ověřovatelé zápisu, schválení programu zasedání ZMB) - program - hlasování o zařazení bodu č. 101, 102 a 103",https://apl.brno.cz/protokoly-zmb/zmb-z9-30/20251111-3-34297.html
Z9-30-005,Z9/30,2025-11-11,petr-borecky-1,Petr Bořecký,Lidovci a Starostové,Ano,Ano,f29a378893bcc413,ano,,4. Návrh harmonogramu zasedání Zastupitelstva města Brna v roce 2026,https://apl.brno.cz/protokoly-zmb/zmb-z9-30/20251111-5-36465.html
Z9-30-006,Z9/30,2025-11-11,petr-borecky-1,Petr Bořecký,Lidovci a Starostové,Ano,Ano,4d2031f2141a1d1d,ano,,5. Návrh obecně závazné vyhlášky statutárního města Brna o místních poplatcích,https://apl.brno.cz/protokoly-zmb/zmb-z9-30/20251111-6-36492.html
Z9-30-007,Z9/30,2025-11-11,petr-borecky-1,Petr Bořecký,Lidovci a Starostové,Ano,Ano,3803a55ab89eac91,ano,,7. Návrh na založení Svazku obcí Metropolitní oblasti a aglomerace České republiky a na delegování zástupců statutárního města Brna na valnou hromadu,https://apl.brno.cz/protokoly-zmb/zmb-z9-30/20251111-7-36523.html
Z9-30-008,Z9/30,2025-11-11,petr-borecky-1,Petr Bořecký,Lidovci a Starostové,Ano,Ano,2ddf516220f0e65a,ano,,"8. Návrh Dodatku č. 1 ke zřizovací listině Kanceláře architekta města Brna, příspěvkové organizace",https://apl.brno.cz/protokoly-zmb/zmb-z9-30/20251111-8-36553.html
Z9-30-009,Z9/30,2025-11-11,petr-borecky-1,Petr Bořecký,Lidovci a Starostové,Ano,Ano,0db4bd0a143f1b8d,ano,,9. Aktualizace Koncepce sociální politiky města Brna do roku 2030,https://apl.brno.cz/protokoly-zmb/zmb-z9-30/20251111-9-36870.html
Z9-30-010,Z9/30,2025-11-11,petr-borecky-1,Petr Bořecký,Lidovci a Starostové,Ano,Ano,080b7db09eaf9501,ano,,10. Akční plán prevence kriminality ve městě Brně na období 2026–2028,https://apl.brno.cz/protokoly-zmb/zmb-z9-30/20251111-10-36901.html
Z9-30-011,Z9/30,2025-11-11,petr-borecky-1,Petr Bořecký,Lidovci a Starostové,Ano,Ano,6f1f528b028f12ad,ano,,11. Strategie politiky statutárního města Brna v oblasti psychoaktivních látek a návykového chování na období 2026–2033 a Akční plán strategie politiky statutárního města Brna v oblasti psychoaktivních látek a návykového chování na období 2026–2029,https://apl.brno.cz/protokoly-zmb/zmb-z9-30/20251111-11-36938.html
Z9-30-012,Z9/30,2025-11-11,petr-borecky-1,Petr Bořecký,Lidovci a Starostové,Ano,Ano,e9177bed59984984,ano,,12. Výsledky hospodaření statutárního města Brna za I.-III. čtvrtletí roku 2025,https://apl.brno.cz/protokoly-zmb/zmb-z9-30/20251111-12-36967.html
Z9-30-013,Z9/30,2025-11-11,petr-borecky-1,Petr Bořecký,Lidovci a Starostové,Ano,Ano,ea6aa9fca50ccbe2,ano,,"13. Návrh příjmů, které město Brno postoupí v roce 2026 do rozpočtů městských částí",https://apl.brno.cz/protokoly-zmb/zmb-z9-30/20251111-13-36998.html
Z9-30-014,Z9/30,2025-11-11,petr-borecky-1,Petr Bořecký,Lidovci a Starostové,Ano,Ano,d8fd69040255ba6a,ano,,14. Návrh aktualizace Metodiky veřejné podpory,https://apl.brno.cz/protokoly-zmb/zmb-z9-30/20251111-14-37025.html
Z9-30-016,Z9/30,2025-11-11,petr-borecky-1,Petr Bořecký,Lidovci a Starostové,Ano,Ano,0071e623fc8d42d6,ano,,"16. Schválení investičního záměru na akci „MŠ v MČ Brno-Kohoutovice, Veslařská – půdní vestavba“, zařazení investiční akce do závazného plánu investic – návrh rozpočtového opatření",https://apl.brno.cz/protokoly-zmb/zmb-z9-30/20251111-16-37089.html
Z9-30-015,Z9/30,2025-11-11,petr-borecky-1,Petr Bořecký,Lidovci a Starostové,Ano,Ano,eb9313e3135ffd77,ano,,"15. Návrh na vnesení nepeněžitého vkladu statutárního města Brna tvořeného souborem staveb veřejného a slavnostního osvětlení do základního kapitálu společnosti Technické sítě Brno, akciová společnost a návrh na změnu stanov této společnosti",https://apl.brno.cz/protokoly-zmb/zmb-z9-30/20251111-15-37059.html
Z9-30-018,Z9/30,2025-11-11,petr-borecky-1,Petr Bořecký,Lidovci a Starostové,Ano,Ano,5bd29ed878bc11a4,ano,,18. Návrh na přesun výdajů v rámci rozpočtu Odboru sportu MMB v roce 2025 – návrh rozpočtového opatření,https://apl.brno.cz/protokoly-zmb/zmb-z9-30/20251111-18-37150.html
Z9-30-017,Z9/30,2025-11-11,petr-borecky-1,Petr Bořecký,Lidovci a Starostové,Ano,Ano,d60b4bb0cd433d3f,ano,,"17. ""MŠ v MČ Brno-Královo Pole, lokalita Dělostřelecká"", zařazení investiční akce do závazného plánu investic – návrh rozpočtového opatření",https://apl.brno.cz/protokoly-zmb/zmb-z9-30/20251111-17-37122.html
Z9-30-019,Z9/30,2025-11-11,petr-borecky-1,Petr Bořecký,Lidovci a Starostové,Ano,Ano,b778586753beb860,ano,,"19. Přesun běžných a kapitálových výdajů v rámci rozpočtu Odboru správy majetku MMB, návrh rozpočtového opatření",https://apl.brno.cz/protokoly-zmb/zmb-z9-30/20251111-19-37180.html
Z9-30-020,Z9/30,2025-11-11,petr-borecky-1,Petr Bořecký,Lidovci a Starostové,Ano,Ano,390cdc6f035ac01c,ano,,20. Aktualizace rozpočtu běžných a kapitálových výdajů Odboru dopravy MMB – listopad 2025 – návrh rozpočtového opatření,https://apl.brno.cz/protokoly-zmb/zmb-z9-30/20251111-20-37210.html
Z9-30-021,Z9/30,2025-11-11,petr-borecky-1,Petr Bořecký,Lidovci a Starostové,Ano,Ano,bc2a095f53ffc048,ano,,"21. Zapojení Fondu Dáme na vás, aktualizace rozpočtu běžných a kapitálových výdajů na projekty participativního rozpočtu v roce 2025 – návrh rozpočtového opatření",https://apl.brno.cz/protokoly-zmb/zmb-z9-30/20251111-21-37238.html
Z9-30-022,Z9/30,2025-11-11,petr-borecky-1,Petr Bořecký,Lidovci a Starostové,Ano,Ano,38536d1849979ea4,ano,,22. Zapojení příjmů k financování běžných výdajů Odboru vnitřních věcí MMB v roce 2025 – návrh rozpočtového opatření,https://apl.brno.cz/protokoly-zmb/zmb-z9-30/20251111-22-37265.html
Z9-30-023,Z9/30,2025-11-11,petr-borecky-1,Petr Bořecký,Lidovci a Starostové,Ano,Ano,704420fc29c8479f,ano,,23. Zapojení Fondu rezerv a rozvoje v souvislosti s poskytnutím individuální investiční dotace spolku Bulldogs Brno na projekt „Specializovaný florbalový povrch“ – návrh rozpočtového opatření,https://apl.brno.cz/protokoly-zmb/zmb-z9-30/20251111-23-37296.html
Z9-30-024,Z9/30,2025-11-11,petr-borecky-1,Petr Bořecký,Lidovci a Starostové,Ano,Ano,6a16352b83d71bf7,ano,,"24. Zapojení Fondu rezerv a rozvoje v souvislosti s navýšením finančních prostředků alokovaných v rámci dotačního programu Podpora nákupu elektronické nepřenosné předplatní jízdenky MHD, návrh rozpočtového opatření",https://apl.brno.cz/protokoly-zmb/zmb-z9-30/20251111-24-37328.html
Z9-30-025,Z9/30,2025-11-11,petr-borecky-1,Petr Bořecký,Lidovci a Starostové,Ano,Ano,6613d0ce459f087b,ano,,"25. Zapojení Fondu rezerv a rozvoje v souvislosti s poskytnutím individuální neinvestiční dotace Nadace Partnerství, návrh rozpočtového opatření",https://apl.brno.cz/protokoly-zmb/zmb-z9-30/20251111-25-37365.html
Z9-30-026,Z9/30,2025-11-11,petr-borecky-1,Petr Bořecký,Lidovci a Starostové,Ano,Ano,da0735f308c6a15c,ano,,"26. Tvorba Fondu rezerv a rozvoje na základě očekávaného nedočerpání rozpočtu kapitálových výdajů OŽP MMB roku 2025, návrh na změnu účelu a prodloužení termínu vyúčtování transferů schválených městským částem – návrh rozpočtového opatření",https://apl.brno.cz/protokoly-zmb/zmb-z9-30/20251111-26-37402.html
Z9-30-027,Z9/30,2025-11-11,petr-borecky-1,Petr Bořecký,Lidovci a Starostové,Ano,Ano,1864e5e64341874d,ano,,27. Tvorba Fondu rezerv a rozvoje na základě očekávaného nedočerpání transferů poskytnutých městským částem v rámci postoupených příjmů od města na rok 2025 – návrh rozpočtového opatření,https://apl.brno.cz/protokoly-zmb/zmb-z9-30/20251111-27-37432.html
Z9-30-028,Z9/30,2025-11-11,petr-borecky-1,Petr Bořecký,Lidovci a Starostové,Ano,Ano,4423dfc852c0da51,ano,,"28. Návrh na prodloužení termínu vyúčtování, změnu účelu a tvorba Fondu rezerv a rozvoje na základě očekávaného nedočerpání transferů poskytnutých městským částem na rok 2025 –návrh rozpočtového opatření",https://apl.brno.cz/protokoly-zmb/zmb-z9-30/20251111-28-37463.html
Z9-30-030,Z9/30,2025-11-11,petr-borecky-1,Petr Bořecký,Lidovci a Starostové,Ano,Ano,bc6e004c8e1ff7b1,ano,,"30. Návrh na poskytnutí účelového neinvestičního příspěvku Veřejné zeleni města Brna, příspěvkové organizaci na projekt ""Zlepšení vitality stromů"" - návrh rozpočtového opatření",https://apl.brno.cz/protokoly-zmb/zmb-z9-30/20251111-30-37531.html
Z9-30-029,Z9/30,2025-11-11,petr-borecky-1,Petr Bořecký,Lidovci a Starostové,Ano,Ano,5fe657b07ca68377,ano,,29. Návrh na poskytnutí investičních dotací v rámci dotačního programu Podpora vytváření zelených střech,https://apl.brno.cz/protokoly-zmb/zmb-z9-30/20251111-29-37497.html
Z9-30-032,Z9/30,2025-11-11,petr-borecky-1,Petr Bořecký,Lidovci a Starostové,Ano,Ano,e4d314bf7120c251,ano,,"32. Návrh na poskytnutí investiční dotace Sportovnímu klubu Jundrov, z. s., na projekt vybudování oplocení fotbalového hřiště podaný v PROGRAMU: Zkvalitnění sportovního prostředí a zařízení na území města Brna pro rok 2025 – návrh rozpočtového opatření",https://apl.brno.cz/protokoly-zmb/zmb-z9-30/20251111-32-38171.html
Z9-30-031,Z9/30,2025-11-11,petr-borecky-1,Petr Bořecký,Lidovci a Starostové,Ano,Ano,f05dfd5c3f2e2b80,ano,,"31. Návrh na poskytnutí individuální investiční dotace společnosti Technické sítě Brno, akciová společnost, na akci ""Osvětlení nábřeží vodního toku Svratka""",https://apl.brno.cz/protokoly-zmb/zmb-z9-30/20251111-31-38137.html
Z9-30-033,Z9/30,2025-11-11,petr-borecky-1,Petr Bořecký,Lidovci a Starostové,Ano,Ano,6f1a6f36a3cb8d60,ano,,"33. Návrh na poskytnutí individuální neinvestiční dotace společnosti STAREZ – SPORT, a. s., na úhradu provozních nákladů Městského fotbalového stadionu Srbská, Srbská 47a, Brno v roce 2025 – návrh rozpočtového opatření",https://apl.brno.cz/protokoly-zmb/zmb-z9-30/20251111-33-38203.html
Z9-30-034,Z9/30,2025-11-11,petr-borecky-1,Petr Bořecký,Lidovci a Starostové,Ano,Ano,d4d20c974aaf5594,ano,,34. Návrh na poskytnutí individuálních neinvestičních dotací v oblasti tělovýchovy a sportu pro rok 2025 – III. kolo – návrh rozpočtového opatření,https://apl.brno.cz/protokoly-zmb/zmb-z9-30/20251111-34-38232.html
Z9-30-035,Z9/30,2025-11-11,petr-borecky-1,Petr Bořecký,Lidovci a Starostové,Ano,Ano,feac83de67675869,ano,,35. Návrh na poskytnutí neinvestičních dotací na podporu sportovních odvětví v roce 2025 – návrh rozpočtového opatření,https://apl.brno.cz/protokoly-zmb/zmb-z9-30/20251111-35-38261.html
Z9-30-036,Z9/30,2025-11-11,petr-borecky-1,Petr Bořecký,Lidovci a Starostové,Ano,Ano,0db2a02800979e25,ano,,36. Návrh na poskytnutí individuální neinvestiční dotace z rozpočtu města Brna v roce 2025 společnosti Větrné mlýny s. r. o. na projekt Edice Brno – návrh rozpočtového opatření,https://apl.brno.cz/protokoly-zmb/zmb-z9-30/20251111-36-38292.html
Z9-30-037,Z9/30,2025-11-11,petr-borecky-1,Petr Bořecký,Lidovci a Starostové,Ano,Ano,b56513da6898e52d,ano,,"38. Návrh na poskytnutí individuální neinvestiční dotace organizaci Chorvatsko – český spolek, z. s., na projekt ""Putovní vernisáž dětských literárních děl Chorvatsko"" – návrh rozpočtového opatření",https://apl.brno.cz/protokoly-zmb/zmb-z9-30/20251111-37-38327.html
Z9-30-039,Z9/30,2025-11-11,petr-borecky-1,Petr Bořecký,Lidovci a Starostové,Ano,Ano,505178b9aa020c56,ano,,40. Návrh na změny transferů poskytnutých městským částem z rozpočtu Odboru investičního MMB – listopad 2025 - návrh rozpočtového opatření,https://apl.brno.cz/protokoly-zmb/zmb-z9-30/20251111-39-38402.html
Z9-30-038,Z9/30,2025-11-11,petr-borecky-1,Petr Bořecký,Lidovci a Starostové,Ano,Ano,def8f7d1d8259a4e,ano,,39. Návrh na poskytnutí peněžitého daru Nadačnímu fondu Josefů K. – návrh rozpočtového opatření,https://apl.brno.cz/protokoly-zmb/zmb-z9-30/20251111-38-38360.html
Z9-30-040,Z9/30,2025-11-11,petr-borecky-1,Petr Bořecký,Lidovci a Starostové,Ano,Ano,edfbd439cf6c299f,ano,,Body č. 41-43,https://apl.brno.cz/protokoly-zmb/zmb-z9-30/20251111-40-38445.html
Z9-30-041,Z9/30,2025-11-11,petr-borecky-1,Petr Bořecký,Lidovci a Starostové,Ano,Ano,cfd163bab80e3f83,ano,,"44. Kancelář architekta města Brna, příspěvková organizace – návrh na změnu účelu využití části účelového neinvestičního příspěvku, návrh na prodloužení termínu vyúčtování schválených účelových neinvestičních a schválených investičních příspěvků",https://apl.brno.cz/protokoly-zmb/zmb-z9-30/20251111-41-38488.html
Z9-30-042,Z9/30,2025-11-11,petr-borecky-1,Petr Bořecký,Lidovci a Starostové,Ano,Ano,967b268672613d3d,ano,,"45. Žádost o souhlas se změnou projektu „Lukáš Oravec Orchestra – tvorba, premiéry a nahrávky v Brně“ a návrh dodatku č. 1 ke smlouvě o poskytnutí dotace v oblasti kultury u projektu ""Hudba pro Brno XXI – Koncerty klasické hudby""",https://apl.brno.cz/protokoly-zmb/zmb-z9-30/20251111-42-38520.html
Z9-30-043,Z9/30,2025-11-11,petr-borecky-1,Petr Bořecký,Lidovci a Starostové,Ano,Ano,c6c15dfc22c85258,ano,,46. Návrh dodatku č. 1 ke Smlouvě o poskytnutí neinvestiční dotace č. 7225091016 ze dne 26.02.2025 – NADĚJE – návrh rozpočtového opatření,https://apl.brno.cz/protokoly-zmb/zmb-z9-30/20251111-43-38549.html
Z9-30-044,Z9/30,2025-11-11,petr-borecky-1,Petr Bořecký,Lidovci a Starostové,Ano,Ano,9274240ef1712bb1,ano,,"47. Návrh dodatku č. 2 smlouvy o poskytnutí dotace z rozpočtu města Brna mezi statutárním městem Brnem a společností SNIP & CO, reklamní společnost, spol. s r. o.",https://apl.brno.cz/protokoly-zmb/zmb-z9-30/20251111-44-38976.html
Z9-30-046,Z9/30,2025-11-11,petr-borecky-1,Petr Bořecký,Lidovci a Starostové,Nehlasoval,Nehlasoval,5c74bed996457416,ano,,50. Žádost o náhradu škody způsobené změnou v území - hlasování o stažení bodu,https://apl.brno.cz/protokoly-zmb/zmb-z9-30/20251111-46-39717.html
Z9-30-047,Z9/30,2025-11-11,petr-borecky-1,Petr Bořecký,Lidovci a Starostové,Ano,Ano,c00c85c37e9978d0,ano,,50. Žádost o náhradu škody způsobené změnou v území,https://apl.brno.cz/protokoly-zmb/zmb-z9-30/20251111-47-40229.html
Z9-30-048,Z9/30,2025-11-11,petr-borecky-1,Petr Bořecký,Lidovci a Starostové,Ano,Ano,cdd0ca287406078d,ano,,51. Návrh prodloužení realizace projektu a návrh dodatku č.1 ke Smlouvě o poskytnutí účelové investiční dotace uzavřené s Českou provincií Kongregace sester sv. Cyrila a Metoděje na výstavbu Cyrilometodějské mateřské školy Brno,https://apl.brno.cz/protokoly-zmb/zmb-z9-30/20251111-48-40349.html
Z9-30-045,Z9/30,2025-11-11,petr-borecky-1,Petr Bořecký,Lidovci a Starostové,Ano,Ano,7672e6a6d4f2acc8,ano,,"48. Návrh dodatku č. 2 ke smlouvě č. 1522172848 o poskytování veřejné služby a podmínkách poskytnutí vyrovnávací platby za plnění závazku veřejné služby – Projekt Regionální inovační strategie Jihomoravského kraje ""Brno Expat Centre""",https://apl.brno.cz/protokoly-zmb/zmb-z9-30/20251111-45-39459.html
Z9-30-049,Z9/30,2025-11-11,petr-borecky-1,Petr Bořecký,Lidovci a Starostové,Ano,Ano,335d609d93427406,ano,,52. Projekty financované z Fondu kofinancování projektů – listopad 2025 – návrh rozpočtových opatření,https://apl.brno.cz/protokoly-zmb/zmb-z9-30/20251111-49-40408.html
Z9-30-050,Z9/30,2025-11-11,petr-borecky-1,Petr Bořecký,Lidovci a Starostové,Ano,Ano,70ac1de8f50f5550,ano,,53. Finanční prostředky Fondu kofinancování projektů – listopad 2025 – návrh rozpočtového opatření,https://apl.brno.cz/protokoly-zmb/zmb-z9-30/20251111-50-40458.html
Z9-30-052,Z9/30,2025-11-11,petr-borecky-1,Petr Bořecký,Lidovci a Starostové,Ano,Ano,715d47d319caa6a0,ano,,"55. Projekt ""Sanace skalního řícení na pozemku p. č. 812/1 v k. ú. Komín – Ruský vrch"" – posouzení projektu, návrh rozpočtového opatření",https://apl.brno.cz/protokoly-zmb/zmb-z9-30/20251111-52-40705.html
Z9-30-051,Z9/30,2025-11-11,petr-borecky-1,Petr Bořecký,Lidovci a Starostové,Ano,Ano,21891284b2708303,ano,,"54. Projekt ""Sanace skalního tělesa v Kamenné čtvrti"" – posouzení projektu",https://apl.brno.cz/protokoly-zmb/zmb-z9-30/20251111-51-40678.html
Z9-30-053,Z9/30,2025-11-11,petr-borecky-1,Petr Bořecký,Lidovci a Starostové,Ano,Ano,370835920f07aa33,ano,,"56. Projekt ""Stavba požární zbrojnice Brno-Ořešín"" – posouzení projektu, návrh smlouvy o poskytnutí dotace",https://apl.brno.cz/protokoly-zmb/zmb-z9-30/20251111-53-40732.html
Z9-30-054,Z9/30,2025-11-11,petr-borecky-1,Petr Bořecký,Lidovci a Starostové,Ano,Ano,6eff74f2eaa168bb,ano,,"57. Projekt ""Revitalizace bývalého hřbitova v Brně-Bystrci"" – rozhodnutí o poskytnutí dotace",https://apl.brno.cz/protokoly-zmb/zmb-z9-30/20251111-54-40760.html
Z9-30-055,Z9/30,2025-11-11,petr-borecky-1,Petr Bořecký,Lidovci a Starostové,Ano,Ano,1a53da3e84c1e6de,ano,,"58. Projekt ""Stavební úpravy MŠ Marie Majerové"" – návrh smlouvy o poskytnutí podpory",https://apl.brno.cz/protokoly-zmb/zmb-z9-30/20251111-55-40789.html
Z9-30-056,Z9/30,2025-11-11,petr-borecky-1,Petr Bořecký,Lidovci a Starostové,Ano,Ano,b8e4cd63da73fc2b,ano,,"59. Návrh na změnu usnesení a přílohy č. 77a Zastupitelstva města Brna č. Z9/27, konaného dne 10. 6. 2025, bod č. 87; návrh vzorové dohody o narovnání s bezúplatným převodem podílu města na bytových jednotkách v domech Poslušného 5, 7 v k. ú. Líšeň",https://apl.brno.cz/protokoly-zmb/zmb-z9-30/20251111-56-40831.html
Z9-30-058,Z9/30,2025-11-11,petr-borecky-1,Petr Bořecký,Lidovci a Starostové,Ano,Ano,05978dd0b489780b,ano,,61. Návrh změny Pravidel pronájmu bytů v domech v majetku statutárního města Brna,https://apl.brno.cz/protokoly-zmb/zmb-z9-30/20251111-58-40911.html
Z9-30-057,Z9/30,2025-11-11,petr-borecky-1,Petr Bořecký,Lidovci a Starostové,Ano,Ano,536f61888f315dcb,ano,,"60. Návrh na uzavření dohody o splátkách dluhu z nájmu bytu v domě Vlhká 4, Brno",https://apl.brno.cz/protokoly-zmb/zmb-z9-30/20251111-57-40868.html
Z9-30-060,Z9/30,2025-11-11,petr-borecky-1,Petr Bořecký,Lidovci a Starostové,Ano,Ano,8239afa8539bf39d,ano,,"63. Návrh zpeněžení (prodeje) pozemků p. č. 2812/30, p. č. 2812/31, p. č. 2812/32, p. č. 2812/33 a p. č. 2812/249, vše k. ú. Šlapanice u Brna, formou veřejné elektronické dražby",https://apl.brno.cz/protokoly-zmb/zmb-z9-30/20251111-60-40981.html
Z9-30-061,Z9/30,2025-11-11,petr-borecky-1,Petr Bořecký,Lidovci a Starostové,Ano,Ano,1fcf960f86ce24b3,ano,,65. Návrh prodeje části pozemku p. č. 998/19 v k. ú. Starý Lískovec,https://apl.brno.cz/protokoly-zmb/zmb-z9-30/20251111-61-41014.html
Z9-30-059,Z9/30,2025-11-11,petr-borecky-1,Petr Bořecký,Lidovci a Starostové,Ano,Ano,61fda60780d201d2,ano,,62. Návrh změny průběhu části katastrální hranice mezi k. ú. Černovice a k. ú. Slatina a návrh na udělení předchozího souhlasu s uzavřením dohody o změně průběhu části hranice městských částí Brno-Černovice a Brno-Slatina,https://apl.brno.cz/protokoly-zmb/zmb-z9-30/20251111-59-40945.html
Z9-30-062,Z9/30,2025-11-11,petr-borecky-1,Petr Bořecký,Lidovci a Starostové,Ano,Ano,f1c4be9eda1eb19d,ano,,"66. Návrh prodeje pozemků v k. ú. Královo Pole a Medlánky Technologickému Parku Brno, a. s., návrh na zřízení služebností",https://apl.brno.cz/protokoly-zmb/zmb-z9-30/20251111-62-41220.html
Z9-30-063,Z9/30,2025-11-11,petr-borecky-1,Petr Bořecký,Lidovci a Starostové,Ano,Ano,1720738312160798,ano,,Body č. 67-72,https://apl.brno.cz/protokoly-zmb/zmb-z9-30/20251111-63-41260.html
Z9-30-064,Z9/30,2025-11-11,petr-borecky-1,Petr Bořecký,Lidovci a Starostové,Ano,Ano,c1b09f6bb732d47f,ano,,Body č. 73-75,https://apl.brno.cz/protokoly-zmb/zmb-z9-30/20251111-64-41295.html
Z9-30-065,Z9/30,2025-11-11,petr-borecky-1,Petr Bořecký,Lidovci a Starostové,Ano,Ano,5d6c00e8f5c382b4,ano,,Body č. 76 a 77,https://apl.brno.cz/protokoly-zmb/zmb-z9-30/20251111-65-41331.html
Z9-30-066,Z9/30,2025-11-11,petr-borecky-1,Petr Bořecký,Lidovci a Starostové,Ano,Ano,b6ae6bde9160d1af,ano,,Body č. 78-87,https://apl.brno.cz/protokoly-zmb/zmb-z9-30/20251111-66-41376.html
Z9-30-067,Z9/30,2025-11-11,petr-borecky-1,Petr Bořecký,Lidovci a Starostové,Ano,Ano,b635e7edef296ca0,ano,,"88. Návrh dodatku č. 1 ke kupní smlouvě č. 6320012082 - zrušení zákazu zcizení k pozemkům p. č. 456/41, 456/46, 456/48 v k. ú. Ponava",https://apl.brno.cz/protokoly-zmb/zmb-z9-30/20251111-67-41408.html
Z9-30-068,Z9/30,2025-11-11,petr-borecky-1,Petr Bořecký,Lidovci a Starostové,Ano,Ano,21f381e62dec2251,ano,,Body č. 89-91,https://apl.brno.cz/protokoly-zmb/zmb-z9-30/20251111-68-41453.html
Z9-30-069,Z9/30,2025-11-11,petr-borecky-1,Petr Bořecký,Lidovci a Starostové,Ano,Ano,1ebe3a208ccc73b6,ano,,92. Aktualizace smluv souvisejících s provozováním VH infrastruktury od 1. ledna 2026. Dodatek č. 1 ke smlouvě o součinnosti v rámci projektu kalové hospodářství ČOV Brno – Modřice,https://apl.brno.cz/protokoly-zmb/zmb-z9-30/20251111-69-41490.html
Z9-30-070,Z9/30,2025-11-11,petr-borecky-1,Petr Bořecký,Lidovci a Starostové,Ano,Ano,85860c0eafc4dd5a,ano,,Body č. 93 a 94,https://apl.brno.cz/protokoly-zmb/zmb-z9-30/20251111-70-41530.html
Z9-30-071,Z9/30,2025-11-11,petr-borecky-1,Petr Bořecký,Lidovci a Starostové,Ano,Ano,0cb4eec0a1b41b71,ano,,95. Návrh Dodatku č. 3 ke Smlouvě o poskytnutí protipovodňového zařízení uzavřené s Českou republikou – Hasičským záchranným sborem Jihomoravského kraje,https://apl.brno.cz/protokoly-zmb/zmb-z9-30/20251111-71-41567.html
Z9-30-072,Z9/30,2025-11-11,petr-borecky-1,Petr Bořecký,Lidovci a Starostové,Ano,Ano,663a17133f9c4ee9,ano,,96. Územní plán zóny Soběšice – návrh na zrušení formou opatření obecné povahy,https://apl.brno.cz/protokoly-zmb/zmb-z9-30/20251111-72-41602.html
Z9-30-073,Z9/30,2025-11-11,petr-borecky-1,Petr Bořecký,Lidovci a Starostové,Ano,Ano,7a95400a7f3f6162,ano,,97. Změna 2-25 Územního plánu města Brna – rozhodnutí o pořízení a schválení zadání změn - hlasování o návrhu p. Hladíka,https://apl.brno.cz/protokoly-zmb/zmb-z9-30/20251111-73-41853.html
Z9-30-074,Z9/30,2025-11-11,petr-borecky-1,Petr Bořecký,Lidovci a Starostové,Ano,Ano,406659a7722e1bd2,ano,,97. Změna 2-25 Územního plánu města Brna – rozhodnutí o pořízení a schválení zadání změn - hlasování o návrhu p. Chvátala,https://apl.brno.cz/protokoly-zmb/zmb-z9-30/20251111-74-41926.html
Z9-30-075,Z9/30,2025-11-11,petr-borecky-1,Petr Bořecký,Lidovci a Starostové,Ano,Ano,847068769b3a5339,ano,,97. Změna 2-25 Územního plánu města Brna – rozhodnutí o pořízení a schválení zadání změn,https://apl.brno.cz/protokoly-zmb/zmb-z9-30/20251111-75-41960.html
Z9-30-076,Z9/30,2025-11-11,petr-borecky-1,Petr Bořecký,Lidovci a Starostové,Zdržel se,Zdržel se,ded17e32f4cd658d,ano,,98. Regulační plán Městské památkové rezervace Brno – návrh na zrušení formou opatření obecné povahy,https://apl.brno.cz/protokoly-zmb/zmb-z9-30/20251111-76-42171.html
Z9-30-077,Z9/30,2025-11-11,petr-borecky-1,Petr Bořecký,Lidovci a Starostové,Ano,Ano,d5292700d02ff089,ano,,99. Regulační plán MČ Medlánky – návrh na zrušení formou opatření obecné povahy,https://apl.brno.cz/protokoly-zmb/zmb-z9-30/20251111-77-42215.html
Z9-30-078,Z9/30,2025-11-11,petr-borecky-1,Petr Bořecký,Lidovci a Starostové,Ano,Ano,5c3fb67a8af34678,ano,,100. Regulační plán bloku Příkop – Bratislavská– Koliště – Milady Horákové – návrh na zrušení formou opatření obecné povahy,https://apl.brno.cz/protokoly-zmb/zmb-z9-30/20251111-78-42398.html
Z9-30-079,Z9/30,2025-11-11,petr-borecky-1,Petr Bořecký,Lidovci a Starostové,Ano,Ano,8b5527df7be1d3e0,ano,,Body č. 101 a 102,https://apl.brno.cz/protokoly-zmb/zmb-z9-30/20251111-79-42441.html
Z9-30-080,Z9/30,2025-11-11,petr-borecky-1,Petr Bořecký,Lidovci a Starostové,Ano,Ano,7a95f35b045a9865,ano,,103. Návrh na snížení neinvestičního příspěvku zřizovatele Úrazové nemocnici v Brně na rok 2025 – návrh rozpočtového opatření,https://apl.brno.cz/protokoly-zmb/zmb-z9-30/20251111-80-42472.html
Z9-31-001,Z9/31,2025-12-10,petr-borecky-1,Petr Bořecký,Lidovci a Starostové,Ano,Ano,d2c7dbbf8d4ab12e,ano,,"1. Technický bod (zapisovatelé, právní asistence, ověřovatelé zápisu, schválení programu zasedání ZMB) - ověřovatelé zápisu",https://apl.brno.cz/protokoly-zmb/zmb-z9-31/20251210-1-29400.html
Z9-31-002,Z9/31,2025-12-10,petr-borecky-1,Petr Bořecký,Lidovci a Starostové,Ano,Ano,1e088959a36ef6ff,ano,,"1. Technický bod (zapisovatelé, právní asistence, ověřovatelé zápisu, schválení programu zasedání ZMB) - program - hlasování o stažení bodu č. 14, 22, 79, 100",https://apl.brno.cz/protokoly-zmb/zmb-z9-31/20251210-2-29545.html
Z9-31-003,Z9/31,2025-12-10,petr-borecky-1,Petr Bořecký,Lidovci a Starostové,Ano,Ano,69aa8fe2ab9a3bcc,ano,,"1. Technický bod (zapisovatelé, právní asistence, ověřovatelé zápisu, schválení programu zasedání ZMB) - program",https://apl.brno.cz/protokoly-zmb/zmb-z9-31/20251210-3-29580.html
Z9-31-004,Z9/31,2025-12-10,petr-borecky-1,Petr Bořecký,Lidovci a Starostové,Ano,Ano,a82498107988bbb9,ano,,4. Návrh na udělení Ceny města Brna pro rok 2025,https://apl.brno.cz/protokoly-zmb/zmb-z9-31/20251210-4-29611.html
Z9-31-005,Z9/31,2025-12-10,petr-borecky-1,Petr Bořecký,Lidovci a Starostové,Ano,Ano,6450fe43f37659ca,ano,,5. Návrh na udělení čestného občanství města Brna za období 2022–2026,https://apl.brno.cz/protokoly-zmb/zmb-z9-31/20251210-5-29647.html
Z9-31-006,Z9/31,2025-12-10,petr-borecky-1,Petr Bořecký,Lidovci a Starostové,Ano,Ano,2af51921ed7176c1,ano,,6. Návrh na pojmenování nových ulic a lávky na území města Brna,https://apl.brno.cz/protokoly-zmb/zmb-z9-31/20251210-6-29678.html
Z9-31-007,Z9/31,2025-12-10,petr-borecky-1,Petr Bořecký,Lidovci a Starostové,Ano,Ano,ad805dc6ad7efae4,ano,,"7. Odměňování neuvolněných členů Zastupitelstva města Brna a členů komisí Rady města Brna a výborů Zastupitelstva města Brna, kteří nejsou členy Zastupitelstva města Brna",https://apl.brno.cz/protokoly-zmb/zmb-z9-31/20251210-7-29710.html
Z9-31-009,Z9/31,2025-12-10,petr-borecky-1,Petr Bořecký,Lidovci a Starostové,Ano,Ano,0bae40aca97dc1ea,ano,,"8. Návrh obecně závazné vyhlášky statutárního města Brna, kterou se mění obecně závazná vyhláška statutárního města Brna č. 20/2001, kterou se vydává Statut města Brna, ve znění pozdějších vyhlášek - hlasování o návrhu na změnu čl. 22 odst. 1, písm. b, bod 1",https://apl.brno.cz/protokoly-zmb/zmb-z9-31/20251210-9-30625.html
Z9-31-010,Z9/31,2025-12-10,petr-borecky-1,Petr Bořecký,Lidovci a Starostové,Ano,Ano,4ecb06d6d13147f5,ano,,"8. Návrh obecně závazné vyhlášky statutárního města Brna, kterou se mění obecně závazná vyhláška statutárního města Brna č. 20/2001, kterou se vydává Statut města Brna, ve znění pozdějších vyhlášek",https://apl.brno.cz/protokoly-zmb/zmb-z9-31/20251210-10-30659.html
Z9-31-011,Z9/31,2025-12-10,petr-borecky-1,Petr Bořecký,Lidovci a Starostové,Ano,Ano,205eb0007283cacd,ano,,9. Návrh obecně závazné vyhlášky statutárního města Brna o regulaci zacházení s pyrotechnickými výrobky,https://apl.brno.cz/protokoly-zmb/zmb-z9-31/20251210-11-31014.html
Z9-31-012,Z9/31,2025-12-10,petr-borecky-1,Petr Bořecký,Lidovci a Starostové,Ano,Ano,e57266030c7b05b1,ano,,"10. Návrh obecně závazné vyhlášky statutárního města Brna, kterou se mění obecně závazná vyhláška statutárního města Brna č. 2/2017, kterou se stanoví školské obvody základních škol, ve znění pozdějších vyhlášek",https://apl.brno.cz/protokoly-zmb/zmb-z9-31/20251210-12-31047.html
Z9-31-014,Z9/31,2025-12-10,petr-borecky-1,Petr Bořecký,Lidovci a Starostové,Ano,Ano,35f975ed16f8ae88,ano,,"12. Návrh stanov obchodní společnosti Veletrhy Brno, a. s.",https://apl.brno.cz/protokoly-zmb/zmb-z9-31/20251210-14-31111.html
Z9-31-013,Z9/31,2025-12-10,petr-borecky-1,Petr Bořecký,Lidovci a Starostové,Ano,Ano,3075b76ed7200551,ano,,"11. Návrh obecně závazné vyhlášky statutárního města Brna, kterou se mění obecně závazná vyhláška statutárního města Brna č. 3/2017, kterou se stanoví školské obvody mateřských škol, ve znění pozdějších vyhlášek",https://apl.brno.cz/protokoly-zmb/zmb-z9-31/20251210-13-31081.html
Z9-31-015,Z9/31,2025-12-10,petr-borecky-1,Petr Bořecký,Lidovci a Starostové,Ano,Ano,bf2cb7874cb864a9,ano,,13. Návrh Vlastnické politiky Koncernu statutárního města Brna,https://apl.brno.cz/protokoly-zmb/zmb-z9-31/20251210-15-31141.html
Z9-31-016,Z9/31,2025-12-10,petr-borecky-1,Petr Bořecký,Lidovci a Starostové,Ano,Ano,620c7b4e6c2da183,ano,,15. Aktualizace Programu regenerace Městské památkové rezervace Brno pro období 2026–2030,https://apl.brno.cz/protokoly-zmb/zmb-z9-31/20251210-16-31175.html
Z9-31-017,Z9/31,2025-12-10,petr-borecky-1,Petr Bořecký,Lidovci a Starostové,Ano,Ano,75746b2b0f23810b,ano,,16. Návrh Dodatku č. 4 k Veřejnoprávní smlouvě o výkonu působnosti na úseku obecní policie s obcí Lelekovice,https://apl.brno.cz/protokoly-zmb/zmb-z9-31/20251210-17-31206.html
Z9-31-018,Z9/31,2025-12-10,petr-borecky-1,Petr Bořecký,Lidovci a Starostové,Ano,Ano,91bda119831eb2c2,ano,,17. Návrh Dodatku č. 5 k Veřejnoprávní smlouvě o výkonu působnosti na úseku obecní policie s obcí Vranov,https://apl.brno.cz/protokoly-zmb/zmb-z9-31/20251210-18-31236.html
Z9-31-019,Z9/31,2025-12-10,petr-borecky-1,Petr Bořecký,Lidovci a Starostové,Ano,Ano,5b7cdebb095561a1,ano,,"18. Návrh dodatků ke zřizovacím listinám Domova pro seniory Kosmonautů, příspěvkové organizace a Centra sociálních služeb, příspěvkové organizace",https://apl.brno.cz/protokoly-zmb/zmb-z9-31/20251210-19-31269.html
Z9-31-020,Z9/31,2025-12-10,petr-borecky-1,Petr Bořecký,Lidovci a Starostové,Ano,Ano,e3d06770f4036c15,ano,,19. Aktualizace zdrojů úvěrového financování rozpočtu v roce 2025 - návrh rozpočtového opatření,https://apl.brno.cz/protokoly-zmb/zmb-z9-31/20251210-20-31304.html
Z9-31-022,Z9/31,2025-12-10,petr-borecky-1,Petr Bořecký,Lidovci a Starostové,Ano,Ano,a04e20e4eb5af420,ano,,20. Návrh rozpočtu statutárního města Brna na rok 2026,https://apl.brno.cz/protokoly-zmb/zmb-z9-31/20251210-22-33889.html
Z9-31-023,Z9/31,2025-12-10,petr-borecky-1,Petr Bořecký,Lidovci a Starostové,Ano,Ano,8bad2a70f1ccf578,ano,,"21. Zajištění provozu obecního systému odpadového hospodářství, rekonstrukce a rozšíření vybraných SSO – návrh rozpočtového opatření",https://apl.brno.cz/protokoly-zmb/zmb-z9-31/20251210-23-33930.html
Z9-31-024,Z9/31,2025-12-10,petr-borecky-1,Petr Bořecký,Lidovci a Starostové,Ano,Ano,82fc8340d2e6b9d5,ano,,23. Zvýšení příjmů a výdajů v rozpočtu Odboru správy majetku MMB – návrh rozpočtového opatření,https://apl.brno.cz/protokoly-zmb/zmb-z9-31/20251210-24-34012.html
Z9-31-025,Z9/31,2025-12-10,petr-borecky-1,Petr Bořecký,Lidovci a Starostové,Ano,Ano,55e682ccee73272f,ano,,24. Tvorba Fondu rezerv a rozvoje na základě očekávaného nedočerpání rozpočtu kapitálových výdajů Odboru životního prostředí MMB roku 2025 - návrh rozpočtového opatření,https://apl.brno.cz/protokoly-zmb/zmb-z9-31/20251210-25-34041.html
Z9-31-027,Z9/31,2025-12-10,petr-borecky-1,Petr Bořecký,Lidovci a Starostové,Ano,Ano,992c52206e28abda,ano,,26. Zapojení Fondu rezerv a rozvoje v souvislosti s poskytnutím individuální neinvestiční dotace TS BEAT UP z. s. na uspořádání taneční akce DANCE Life! v Brně – návrh rozpočtového opatření,https://apl.brno.cz/protokoly-zmb/zmb-z9-31/20251210-27-34163.html
Z9-31-026,Z9/31,2025-12-10,petr-borecky-1,Petr Bořecký,Lidovci a Starostové,Ano,Ano,fbec21614cdee05d,ano,,25. Tvorba Fondu rezerv a rozvoje na základě očekávaného nedočerpání transferů poskytnutých městským částem na rok 2025 – návrh rozpočtového opatření,https://apl.brno.cz/protokoly-zmb/zmb-z9-31/20251210-26-34069.html
Z9-31-028,Z9/31,2025-12-10,petr-borecky-1,Petr Bořecký,Lidovci a Starostové,Ano,Ano,275d21563010341f,ano,,27. Zapojení Fondu rezerv a rozvoje v souvislosti s poskytnutím individuální investiční dotace Tělocvičné jednotě Sokol Brno I na akci „Rekonstrukce stropu a zázemí sportovní gymnastiky pod Horní tělocvičnou Sokola Brno I“ – návrh rozpočtového opatření,https://apl.brno.cz/protokoly-zmb/zmb-z9-31/20251210-28-34197.html
Z9-31-029,Z9/31,2025-12-10,petr-borecky-1,Petr Bořecký,Lidovci a Starostové,Ano,Ano,bfa79a2124453c7a,ano,,"28. Zapojení Fondu rezerv a rozvoje v souvislosti s poskytnutím individuální neinvestiční dotace Českému svazu házené, z.s., na uspořádání Mistrovství Evropy v házené žen 2026 (Women’s EHF EURO 2026) v Brně – návrh rozpočtového opatření",https://apl.brno.cz/protokoly-zmb/zmb-z9-31/20251210-29-34848.html
Z9-31-030,Z9/31,2025-12-10,petr-borecky-1,Petr Bořecký,Lidovci a Starostové,Ano,Ano,5e59c4566050f8c7,ano,,"29. Zapojení Fondu rezerv a rozvoje v souvislosti s poskytnutím neinvestičního příspěvku na vykrytí očekávané ztráty hospodaření roku 2025 a návratné finanční výpomoci Nemocnici Milosrdných bratří, příspěvkové organizaci, návrh rozpočtového opatření",https://apl.brno.cz/protokoly-zmb/zmb-z9-31/20251210-30-34919.html
Z9-31-031,Z9/31,2025-12-10,petr-borecky-1,Petr Bořecký,Lidovci a Starostové,Ano,Ano,3f379456371617e8,ano,,30. Návrh na poskytnutí neinvestiční dotace na zajištění provozu Realitní společnosti města Brna a. s.,https://apl.brno.cz/protokoly-zmb/zmb-z9-31/20251210-31-34949.html
Z9-31-032,Z9/31,2025-12-10,petr-borecky-1,Petr Bořecký,Lidovci a Starostové,Ano,Ano,924ae7f47914c412,ano,,"31. Návrh na poskytnutí individuální neinvestiční dotace spolku Trenéři ve škole, z. s., na realizaci projektu „Trenéři ve škole“ v období 09/2025-01/2026 – návrh rozpočtového opatření",https://apl.brno.cz/protokoly-zmb/zmb-z9-31/20251210-32-34981.html
Z9-31-033,Z9/31,2025-12-10,petr-borecky-1,Petr Bořecký,Lidovci a Starostové,Ano,Ano,9ccd9e15cd5154c8,ano,,32. Návrh na poskytnutí individuálních neinvestičních dotací v oblasti tělovýchovy a sportu pro rok 2025 – IV. kolo – návrh rozpočtového opatření,https://apl.brno.cz/protokoly-zmb/zmb-z9-31/20251210-33-35009.html
Z9-31-035,Z9/31,2025-12-10,petr-borecky-1,Petr Bořecký,Lidovci a Starostové,Ano,Ano,89f560359ed9c503,ano,,34. Návrh na poskytnutí neinvestičních dotací na podporu sportovních odvětví v roce 2025 – 2. kolo – návrh rozpočtového opatření,https://apl.brno.cz/protokoly-zmb/zmb-z9-31/20251210-35-35070.html
Z9-31-034,Z9/31,2025-12-10,petr-borecky-1,Petr Bořecký,Lidovci a Starostové,Ano,Ano,3dbd1a8c7296e45a,ano,,33. Návrh na poskytnutí individuální neinvestiční dotace společnosti Handball Brno s. r. o. na podporu vrcholového sportu na období 09-12/2025 - návrh rozpočtového opatření,https://apl.brno.cz/protokoly-zmb/zmb-z9-31/20251210-34-35042.html
Z9-31-036,Z9/31,2025-12-10,petr-borecky-1,Petr Bořecký,Lidovci a Starostové,Ano,Ano,dfd510e26cf19017,ano,,"35. Návrh na poskytnutí individuální investiční dotace společnosti Technické sítě Brno, akciová společnost, na „Akce spojené s veřejným osvětlením, kolektory a kabelovody“",https://apl.brno.cz/protokoly-zmb/zmb-z9-31/20251210-36-35100.html
Z9-31-037,Z9/31,2025-12-10,petr-borecky-1,Petr Bořecký,Lidovci a Starostové,Ano,Ano,43850902841fd559,ano,,36. Návrh na poskytnutí investičních dotací v rámci dotačního programu Podpora vytváření zelených střech,https://apl.brno.cz/protokoly-zmb/zmb-z9-31/20251210-37-35127.html
Z9-31-038,Z9/31,2025-12-10,petr-borecky-1,Petr Bořecký,Lidovci a Starostové,Ano,Ano,458d53428f274b8a,ano,,37. Návrh na poskytnutí účelového investičního transferu městské části Brno-sever na realizaci akce Komunitní zahrada v Soběšicích – návrh rozpočtového opatření,https://apl.brno.cz/protokoly-zmb/zmb-z9-31/20251210-38-35157.html
Z9-31-039,Z9/31,2025-12-10,petr-borecky-1,Petr Bořecký,Lidovci a Starostové,Ano,Ano,e0dd1a632b44dd15,ano,,"38. Návrh na změnu zatřídění investičního příspěvku schváleného Zoo Brno a stanici zájmových činností, příspěvkové organizaci – návrh rozpočtového opatření",https://apl.brno.cz/protokoly-zmb/zmb-z9-31/20251210-39-35186.html
Z9-31-040,Z9/31,2025-12-10,petr-borecky-1,Petr Bořecký,Lidovci a Starostové,Ano,Ano,962f9d2834c865a9,ano,,"39. Návrh na snížení neinvestičního příspěvku TIC BRNO, příspěvkové organizaci, tvorba Fondu rezerv a rozvoje – návrh rozpočtového opatření",https://apl.brno.cz/protokoly-zmb/zmb-z9-31/20251210-40-35212.html
Z9-31-041,Z9/31,2025-12-10,petr-borecky-1,Petr Bořecký,Lidovci a Starostové,Ano,Ano,795c5b77ed46df4d,ano,,40. Návrh na snížení příspěvku zřizovatele příspěvkovým organizacím v působnosti Odboru sociální péče MMB na rok 2025 – návrh rozpočtového opatření,https://apl.brno.cz/protokoly-zmb/zmb-z9-31/20251210-41-35242.html
Z9-31-042,Z9/31,2025-12-10,petr-borecky-1,Petr Bořecký,Lidovci a Starostové,Ano,Ano,5a82e66b734d2454,ano,,"41. Návrh na snížení neinvestičních příspěvků Národnímu divadlu Brno, příspěvkové organizaci a Filharmonii Brno, příspěvkové organizaci, tvorba Fondu rezerv a rozvoje – návrh rozpočtového opatření",https://apl.brno.cz/protokoly-zmb/zmb-z9-31/20251210-42-35274.html
Z9-31-043,Z9/31,2025-12-10,petr-borecky-1,Petr Bořecký,Lidovci a Starostové,Ano,Ano,0fb3824a71e149f5,ano,,"42. Návrh na snížení neinvestičního příspěvku zřizovatele Knihovně Jiřího Mahena v Brně, příspěvkové organizaci, na rok 2025 – návrh rozpočtového opatření",https://apl.brno.cz/protokoly-zmb/zmb-z9-31/20251210-43-35303.html
Z9-31-044,Z9/31,2025-12-10,petr-borecky-1,Petr Bořecký,Lidovci a Starostové,Ano,Ano,3422ca220f6e1767,ano,,"43. Návrh na prodloužení termínu vyúčtování účelového neinvestičního příspěvku TIC BRNO, příspěvkové organizace",https://apl.brno.cz/protokoly-zmb/zmb-z9-31/20251210-44-35331.html
Z9-31-045,Z9/31,2025-12-10,petr-borecky-1,Petr Bořecký,Lidovci a Starostové,Ano,Ano,e8321c7f8d9e2768,ano,,"44. Návrh na prodloužení termínu vyúčtování investičního příspěvku poskytnutého Domovu pro seniory Mikuláškovo nám., příspěvkové organizaci",https://apl.brno.cz/protokoly-zmb/zmb-z9-31/20251210-45-35360.html
Z9-31-047,Z9/31,2025-12-10,petr-borecky-1,Petr Bořecký,Lidovci a Starostové,Ano,Ano,94439f31e203beb6,ano,,46. Návrh dodatku č. 1 ke smlouvám o poskytnutí dotace z rozpočtu města Brna na podporu oživení zeleně ve vnitroblocích ve městě Brně v roce 2025,https://apl.brno.cz/protokoly-zmb/zmb-z9-31/20251210-47-35426.html
Z9-31-048,Z9/31,2025-12-10,petr-borecky-1,Petr Bořecký,Lidovci a Starostové,Ano,Ano,eed253711e9802f7,ano,,"47. Návrh Dodatku č. 7 ke Smlouvě o závazku veřejné služby a vyrovnávací platbě za jeho výkon uzavřené se STAREZ – SPORT, a. s.",https://apl.brno.cz/protokoly-zmb/zmb-z9-31/20251210-48-35455.html
Z9-31-046,Z9/31,2025-12-10,petr-borecky-1,Petr Bořecký,Lidovci a Starostové,Ano,Ano,51589d09749838bc,ano,,"45. Žádost městské části Brno-Vinohrady o prodloužení termínu vyúčtování investičního transferu, aktualizace rozpočtu běžných výdajů Odboru dopravy MMB – prosinec 2025 – návrh rozpočtového opatření",https://apl.brno.cz/protokoly-zmb/zmb-z9-31/20251210-46-35395.html
Z9-31-050,Z9/31,2025-12-10,petr-borecky-1,Petr Bořecký,Lidovci a Starostové,Ano,Ano,64074caf2b144d5f,ano,,"48. Soudní spor se společností Stavební firma MATYÁŠ s. r. o. (žaloba o 891.149,90 Kč s přísl.) – návrh dohody o narovnání",https://apl.brno.cz/protokoly-zmb/zmb-z9-31/20251210-50-35520.html
Z9-31-052,Z9/31,2025-12-10,petr-borecky-1,Petr Bořecký,Lidovci a Starostové,Ano,Ano,ad7f8c4eb46cf4bb,ano,,50. Projekty financované z Fondu kofinancování projektů – prosinec 2025 – návrh rozpočtového opatření,https://apl.brno.cz/protokoly-zmb/zmb-z9-31/20251210-52-35583.html
Z9-31-051,Z9/31,2025-12-10,petr-borecky-1,Petr Bořecký,Lidovci a Starostové,Ano,Ano,f716e772690f802d,ano,,49. Žádosti o souhlas se změnou projektu/činnosti,https://apl.brno.cz/protokoly-zmb/zmb-z9-31/20251210-51-35552.html
Z9-31-054,Z9/31,2025-12-10,petr-borecky-1,Petr Bořecký,Lidovci a Starostové,Ano,Ano,1ee5f3027a526698,ano,,"52. Projekt ""NetZeroCities – Twinning Learning Programme"" – účast na projektu, návrh dohody o spolupráci",https://apl.brno.cz/protokoly-zmb/zmb-z9-31/20251210-54-35645.html
Z9-31-053,Z9/31,2025-12-10,petr-borecky-1,Petr Bořecký,Lidovci a Starostové,Ano,Ano,1b57468fe0258074,ano,,51. Finanční prostředky Fondu kofinancování projektů – prosinec 2025 – návrh rozpočtového opatření,https://apl.brno.cz/protokoly-zmb/zmb-z9-31/20251210-53-35612.html
Z9-31-055,Z9/31,2025-12-10,petr-borecky-1,Petr Bořecký,Lidovci a Starostové,Ano,Ano,9948f76d45f2136c,ano,,"53. Projekt ""Přírodní vzdělávací pointy v areálu Zoo Brno"" – změna parametrů posouzení projektu",https://apl.brno.cz/protokoly-zmb/zmb-z9-31/20251210-55-35674.html
Z9-31-056,Z9/31,2025-12-10,petr-borecky-1,Petr Bořecký,Lidovci a Starostové,Ano,Ano,6cbd462a16c17cd8,ano,,"54. Projekt ""Rekonstrukce společenského centra Stará hasička a přilehlého veřejného prostoru"" – návrh smlouvy o poskytnutí dotace",https://apl.brno.cz/protokoly-zmb/zmb-z9-31/20251210-56-35705.html
Z9-31-058,Z9/31,2025-12-10,petr-borecky-1,Petr Bořecký,Lidovci a Starostové,Ano,Ano,60029f3648c3d814,ano,,56. Žádost městské části Brno-Židenice o předchozí souhlas s použitím části kladného výsledku hospodaření z vlastní podnikatelské činnosti-bytové hospodářství k jiným účelům,https://apl.brno.cz/protokoly-zmb/zmb-z9-31/20251210-58-35767.html
Z9-31-057,Z9/31,2025-12-10,petr-borecky-1,Petr Bořecký,Lidovci a Starostové,Ano,Ano,7783dfe28dabebd4,ano,,"55. Projekt ""Dny bez bariér"" – návrh dodatku č. 3 ke smlouvě o poskytnutí návratné finanční výpomoci",https://apl.brno.cz/protokoly-zmb/zmb-z9-31/20251210-57-35733.html
Z9-31-059,Z9/31,2025-12-10,petr-borecky-1,Petr Bořecký,Lidovci a Starostové,Ano,Ano,8c5fff7f76e4f6cf,ano,,"57. Návrh kritérií pro přihlašování jednotlivců do projektu „Družstevní bydlení pro mladé“, lokalita Kamenný vrch II a postup výběru bytu; přerušení rezervace bytů u bytového domu označeného jako stavební objekty A2, A3, A4",https://apl.brno.cz/protokoly-zmb/zmb-z9-31/20251210-59-35865.html
Z9-31-060,Z9/31,2025-12-10,petr-borecky-1,Petr Bořecký,Lidovci a Starostové,Ano,Ano,2d88925a464acffb,ano,,"58. Návrh prodeje pozemku p. č. 2270 a části pozemku p. č. 2233/1, k. ú. Husovice",https://apl.brno.cz/protokoly-zmb/zmb-z9-31/20251210-60-35930.html
Z9-31-062,Z9/31,2025-12-10,petr-borecky-1,Petr Bořecký,Lidovci a Starostové,Ano,Ano,e0ff28c7e92b690a,ano,,"60. Návrh prodeje části pozemku p. č. 1044, k. ú. Jehnice",https://apl.brno.cz/protokoly-zmb/zmb-z9-31/20251210-62-35989.html
Z9-31-063,Z9/31,2025-12-10,petr-borecky-1,Petr Bořecký,Lidovci a Starostové,Ano,Ano,5c732455ae628e6e,ano,,61. Návrh prodeje částí pozemku p. č. 1556/6 k. ú. Pisárky,https://apl.brno.cz/protokoly-zmb/zmb-z9-31/20251210-63-36020.html
Z9-31-061,Z9/31,2025-12-10,petr-borecky-1,Petr Bořecký,Lidovci a Starostové,Ano,Ano,76578336b309b2fa,ano,,"59. Návrh prodeje pozemků p. č. 5307/35, 5307/36 v k. ú. Líšeň",https://apl.brno.cz/protokoly-zmb/zmb-z9-31/20251210-61-35959.html
Z9-31-064,Z9/31,2025-12-10,petr-borecky-1,Petr Bořecký,Lidovci a Starostové,Ano,Ano,ea01be59c1dc5a0e,ano,,62. Návrh prodeje části pozemku p. č. 463/29 v k. ú. Starý Lískovec,https://apl.brno.cz/protokoly-zmb/zmb-z9-31/20251210-64-36049.html
Z9-31-065,Z9/31,2025-12-10,petr-borecky-1,Petr Bořecký,Lidovci a Starostové,Ano,Ano,6ff118d5ffd0749f,ano,,63. Návrh prodeje části pozemku p. č. 1074 v k. ú. Chrlice,https://apl.brno.cz/protokoly-zmb/zmb-z9-31/20251210-65-36079.html
Z9-31-067,Z9/31,2025-12-10,petr-borecky-1,Petr Bořecký,Lidovci a Starostové,Ano,Ano,c53ca4abc1bf374f,ano,,"77. Návrh bezúplatného nabytí nemovitých věcí v k. ú. Černá Pole, Pisárky, Řečkovice a Veveří z vlastnictví České republiky – Úřadu pro zastupování státu ve věcech majetkových do vlastnictví statutárního města Brna s omezujícími podmínkami a 78. Návrh bezúplatného nabytí pozemků v k. ú. Ponava, Řečkovice, Slatina, Královo Pole, Medlánky, Lesná z vlastnictví České republiky-Ministerstva obrany do vlastnictví statutárního města Brna",https://apl.brno.cz/protokoly-zmb/zmb-z9-31/20251210-67-36167.html
Z9-31-066,Z9/31,2025-12-10,petr-borecky-1,Petr Bořecký,Lidovci a Starostové,Ano,Ano,000128744278df6f,ano,,Body č. 64-76,https://apl.brno.cz/protokoly-zmb/zmb-z9-31/20251210-66-36133.html
Z9-31-070,Z9/31,2025-12-10,petr-borecky-1,Petr Bořecký,Lidovci a Starostové,Ano,Ano,5fba6ee092e22011,ano,,"95. Návrh směny nemovitých věcí v k. ú. Bohunice, v k. ú. Stránice, Nový Lískovec a Pisárky s Masarykovou univerzitou, návrh na zřízení služebností, návrh na zřízení zákazu zcizení a zatížení",https://apl.brno.cz/protokoly-zmb/zmb-z9-31/20251210-70-36303.html
Z9-31-071,Z9/31,2025-12-10,petr-borecky-1,Petr Bořecký,Lidovci a Starostové,Ano,Ano,335f98e312134614,ano,,"96. Návrh směnné smlouvy se zřízením služebnosti pozemků v k. ú. Žabovřesky pro stavbu „Silnice I/42 Brno, VMO Žabovřeská“",https://apl.brno.cz/protokoly-zmb/zmb-z9-31/20251210-71-36337.html
Z9-31-068,Z9/31,2025-12-10,petr-borecky-1,Petr Bořecký,Lidovci a Starostové,Ano,Ano,fcd9869e38ca94cc,ano,,"80. Návrh na změnu části usnesení Z9/27. zasedání Zastupitelstva města Brna konaného dne 10. 6. 2025, bod č. 129 ve věci uznání vlastnického práva ke spoluvlastnickým podílům na pozemcích v k. ú. Královo Pole formou souhlasného prohlášení",https://apl.brno.cz/protokoly-zmb/zmb-z9-31/20251210-68-36206.html
Z9-31-069,Z9/31,2025-12-10,petr-borecky-1,Petr Bořecký,Lidovci a Starostové,Ano,Ano,1e77a4b9a194e30f,ano,,Body č. 81-94,https://apl.brno.cz/protokoly-zmb/zmb-z9-31/20251210-69-36266.html
Z9-31-072,Z9/31,2025-12-10,petr-borecky-1,Petr Bořecký,Lidovci a Starostové,Ano,Ano,c775f629a7fa06f2,ano,,"97. Návrh souhlasu s technickými podmínkami převodu staveb bez čp/če stojících na pozemcích p. č. 1340/2, 1380, vše v k. ú. Staré Brno",https://apl.brno.cz/protokoly-zmb/zmb-z9-31/20251210-72-36399.html
Z9-31-073,Z9/31,2025-12-10,petr-borecky-1,Petr Bořecký,Lidovci a Starostové,Ano,Ano,c1fd740141d80aac,ano,,"98. Návrh Zásad pro spolupráci s investory na rozvoji veřejné infrastruktury statutárního města Brna – aktualizace č. 1, Návrh na svěření pravomoci Radě města Brna",https://apl.brno.cz/protokoly-zmb/zmb-z9-31/20251210-73-36841.html
Z9-31-075,Z9/31,2025-12-10,petr-borecky-1,Petr Bořecký,Lidovci a Starostové,Ano,Ano,a803fc13c905cab5,ano,,101. Návrh dodatku č. 2 ke Smlouvě o výstavbě veřejné infrastruktury „DORNYCH – polyfunkční komplex“,https://apl.brno.cz/protokoly-zmb/zmb-z9-31/20251210-75-36907.html
Z9-31-074,Z9/31,2025-12-10,petr-borecky-1,Petr Bořecký,Lidovci a Starostové,Ano,Ano,d606dbd081b5c260,ano,,"99. Návrh dodatku č. 2 ke Smlouvě o pachtu a provozování vodovodů a kanalizací, uzavíraného mezi společností Brněnské vodárny a kanalizace, a. s., a statutárním městem Brnem.",https://apl.brno.cz/protokoly-zmb/zmb-z9-31/20251210-74-36879.html
Z9-31-076,Z9/31,2025-12-10,petr-borecky-1,Petr Bořecký,Lidovci a Starostové,Ano,Ano,a0e1bce175e305ad,ano,,102. Návrh na poskytnutí investičního transferu městské části Brno-Žabovřesky z rozpočtu Odboru investičního MMB – prosinec 2025 – návrh rozpočtového opatření,https://apl.brno.cz/protokoly-zmb/zmb-z9-31/20251210-76-36937.html
Z9-31-078,Z9/31,2025-12-10,petr-borecky-1,Petr Bořecký,Lidovci a Starostové,Ano,Ano,5ffb29580ecacd48,ano,,"104. Žádost o prodloužení čerpání účelového neinvestičního příspěvku u Hvězdárny a planetária Brno, příspěvkové organizace, na projekt ""Brněnský satelit""",https://apl.brno.cz/protokoly-zmb/zmb-z9-31/20251210-78-37000.html
Z9-31-079,Z9/31,2025-12-10,petr-borecky-1,Petr Bořecký,Lidovci a Starostové,Ano,Ano,0a0874abd58c9106,ano,,105. Záměr poskytnutí individuálních investičních dotací z rozpočtu města Brna žadatelům v programech Národní sportovní agentury na rok 2026,https://apl.brno.cz/protokoly-zmb/zmb-z9-31/20251210-79-37032.html
Z9-31-080,Z9/31,2025-12-10,petr-borecky-1,Petr Bořecký,Lidovci a Starostové,Nehlasoval,Nehlasoval,6251a435ad59689e,ano,,"106. Aktualizace rozpočtu 4. úseku MMB, návrh rozpočtového opatření",https://apl.brno.cz/protokoly-zmb/zmb-z9-31/20251210-80-37060.html
Z9-31-081,Z9/31,2025-12-10,petr-borecky-1,Petr Bořecký,Lidovci a Starostové,Ano,Ano,cd4d5503478641ec,ano,,107. Změna 2-25 Územního plánu města Brna – zrušení schváleného zadání změny 007 a nové rozhodnutí o pořízení a schválení zadání změn 007 a 152,https://apl.brno.cz/protokoly-zmb/zmb-z9-31/20251210-81-37092.html
Z9-31-082,Z9/31,2025-12-10,petr-borecky-1,Petr Bořecký,Lidovci a Starostové,Ano,Ano,bb0236d85fa8c86f,ano,,"108. Návrh na poskytnutí individuální investiční dotace Gymnáziu Matyáše Lercha, Brno, Žižkova 55, příspěvkové organizaci – Návrh na změnu přílohy č. 31b zápisu zasedání ZMB č. Z9/29 konaného dne 14.10.2025, bod č. 35",https://apl.brno.cz/protokoly-zmb/zmb-z9-31/20251210-82-37130.html
Z9-32-001,Z9/32,2026-01-20,petr-borecky-1,Petr Bořecký,Lidovci a Starostové,Ano,Ano,f552ab1a86580a1d,ano,,"1. Technický bod (zapisovatelé, právní asistence, ověřovatelé zápisu, schválení programu zasedání ZMB) - ověřovatelé zápisu",https://apl.brno.cz/protokoly-zmb/zmb-z9-32/20260120-1-33169.html
Z9-32-002,Z9/32,2026-01-20,petr-borecky-1,Petr Bořecký,Lidovci a Starostové,Ano,Ano,7c95e263d0120633,ano,,"1. Technický bod (zapisovatelé, právní asistence, ověřovatelé zápisu, schválení programu zasedání ZMB) - program - hlasování o stažení bodu č. 25, 40, 91",https://apl.brno.cz/protokoly-zmb/zmb-z9-32/20260120-2-33307.html
Z9-32-003,Z9/32,2026-01-20,petr-borecky-1,Petr Bořecký,Lidovci a Starostové,Ano,Ano,f8efd27814101d8b,ano,,"1. Technický bod (zapisovatelé, právní asistence, ověřovatelé zápisu, schválení programu zasedání ZMB) - program - hlasování o zařazení bodu č. 99",https://apl.brno.cz/protokoly-zmb/zmb-z9-32/20260120-3-33326.html
Z9-32-004,Z9/32,2026-01-20,petr-borecky-1,Petr Bořecký,Lidovci a Starostové,Ano,Ano,6c4a55db325ff71a,ano,,"1. Technický bod (zapisovatelé, právní asistence, ověřovatelé zápisu, schválení programu zasedání ZMB) - program",https://apl.brno.cz/protokoly-zmb/zmb-z9-32/20260120-4-33350.html
Z9-32-005,Z9/32,2026-01-20,petr-borecky-1,Petr Bořecký,Lidovci a Starostové,Ano,Ano,9f77ab82604490dc,ano,,5. Přehled účastí na schůzích výborů ZMB,https://apl.brno.cz/protokoly-zmb/zmb-z9-32/20260120-5-33379.html
Z9-32-006,Z9/32,2026-01-20,petr-borecky-1,Petr Bořecký,Lidovci a Starostové,Ano,Ano,cbbb4892d824a0c2,ano,,6. Poskytování příspěvků členům Zastupitelstva města Brna,https://apl.brno.cz/protokoly-zmb/zmb-z9-32/20260120-6-33410.html
Z9-32-008,Z9/32,2026-01-20,petr-borecky-1,Petr Bořecký,Lidovci a Starostové,Ano,Ano,31a16ba892623678,ano,,8. Plán péče o seniory na území města Brna do roku 2050,https://apl.brno.cz/protokoly-zmb/zmb-z9-32/20260120-8-33478.html
Z9-32-007,Z9/32,2026-01-20,petr-borecky-1,Petr Bořecký,Lidovci a Starostové,Ano,Ano,a82e7ebafd74d8f0,ano,,7. Návrh Dohody o spolupráci mezi městem Brnem (Česká republika) a městem Užhorodem (Ukrajina),https://apl.brno.cz/protokoly-zmb/zmb-z9-32/20260120-7-33446.html
Z9-32-009,Z9/32,2026-01-20,petr-borecky-1,Petr Bořecký,Lidovci a Starostové,Ano,Ano,fe7b5560010b92b2,ano,,"9. Plán desegregačních opatření ve vzdělávání pro MČ Brno-sever na období 2026–2031 zpracovaný v rámci projektu Agentury pro sociální začleňování s názvem ""Desegregace vzdělávání dětí a žáků se sociálním znevýhodněním""",https://apl.brno.cz/protokoly-zmb/zmb-z9-32/20260120-9-33514.html
Z9-32-011,Z9/32,2026-01-20,petr-borecky-1,Petr Bořecký,Lidovci a Starostové,Ano,Ano,47fa3da7d869c8a1,ano,,"11. Aktualizace rozpočtu běžných výdajů Odboru dopravy MMB, běžných výdajů Kanceláře marketingu a cestovního ruchu MMB a Fondu mobility – leden 2026 – návrh rozpočtového opatření",https://apl.brno.cz/protokoly-zmb/zmb-z9-32/20260120-11-33584.html
Z9-32-012,Z9/32,2026-01-20,petr-borecky-1,Petr Bořecký,Lidovci a Starostové,Ano,Ano,9d2ca60db2a915a3,ano,,"12. Zapojení Fondu Dáme na vás na projekty participativního rozpočtu, výsledky hlasování – návrh rozpočtového opatření",https://apl.brno.cz/protokoly-zmb/zmb-z9-32/20260120-12-33614.html
Z9-32-014,Z9/32,2026-01-20,petr-borecky-1,Petr Bořecký,Lidovci a Starostové,Ano,Ano,2ad1ac1c9c5f0c6f,ano,,"14. Zapojení Fondu rezerv a rozvoje – návrh na poskytnutí investičního příspěvku Domovu pro seniory Kociánka, p.o., na druhou etapu investiční akce „Požárně bezpečnostní řešení Domov pro seniory Kociánka, Kociánka 1/8“ – návrh rozpočtového opatření",https://apl.brno.cz/protokoly-zmb/zmb-z9-32/20260120-14-33686.html
Z9-32-015,Z9/32,2026-01-20,petr-borecky-1,Petr Bořecký,Lidovci a Starostové,Ano,Ano,c67567872f1f4ea9,ano,,"15. Zapojení Fondu rezerv a rozvoje – návrh na poskytnutí investičního příspěvku Domovu pro seniory Foltýnova, příspěvkové organizaci – návrh rozpočtového opatření",https://apl.brno.cz/protokoly-zmb/zmb-z9-32/20260120-15-33717.html
Z9-31-077,Z9/31,2025-12-10,petr-borecky-1,Petr Bořecký,Lidovci a Starostové,Ano,Ano,03459364d9b35808,ano,,"103. Návrh na poskytnutí individuální neinvestiční dotace Potravinové bance pro Brno a Jihomoravský kraj, z. s., návrh rozpočtového opatření",https://apl.brno.cz/protokoly-zmb/zmb-z9-31/20251210-77-36968.html
Z9-32-010,Z9/32,2026-01-20,petr-borecky-1,Petr Bořecký,Lidovci a Starostové,Ano,Ano,924937e308a1d63d,ano,,10. Návrh aktualizace Integrované strategie rozvoje Brněnské metropolitní oblasti 2021+,https://apl.brno.cz/protokoly-zmb/zmb-z9-32/20260120-10-33546.html
Z9-32-013,Z9/32,2026-01-20,petr-borecky-1,Petr Bořecký,Lidovci a Starostové,Ano,Ano,10a1371140a1207b,ano,,"13. Zapojení Fondu rezerv a rozvoje v souvislosti s navýšením poskytnuté individuální dotace z rozpočtu města Brna Moravské galerii v Brně na projekt ""Liběna Rochová: Doteky""– návrh rozpočtového opatření",https://apl.brno.cz/protokoly-zmb/zmb-z9-32/20260120-13-33650.html
Z9-32-016,Z9/32,2026-01-20,petr-borecky-1,Petr Bořecký,Lidovci a Starostové,Ano,Ano,1f19c38df6a41c43,ano,,16. Návrh na poskytnutí transferů městským částem z rozpočtu Odboru investičního MMB na rok 2026 - návrh rozpočtového opatření,https://apl.brno.cz/protokoly-zmb/zmb-z9-32/20260120-16-33750.html
Z9-32-019,Z9/32,2026-01-20,petr-borecky-1,Petr Bořecký,Lidovci a Starostové,Ano,Ano,c5b943cb7a0f22f3,ano,,"19. Návrh na poskytnutí individuálních neinvestičních dotací z rozpočtu města Brna na rok 2026 spolku JAZZ SIDE, z. s.",https://apl.brno.cz/protokoly-zmb/zmb-z9-32/20260120-19-33849.html
Z9-32-018,Z9/32,2026-01-20,petr-borecky-1,Petr Bořecký,Lidovci a Starostové,Ano,Ano,abca44eb49bd0fa2,ano,,18. Návrh na poskytnutí individuálních neinvestičních dotací z rozpočtu města Brna pro státní příspěvkové organizace v oblasti kultury na roky 2026-2027,https://apl.brno.cz/protokoly-zmb/zmb-z9-32/20260120-18-33818.html
Z9-32-017,Z9/32,2026-01-20,petr-borecky-1,Petr Bořecký,Lidovci a Starostové,Ano,Ano,db4fd56da4ff6808,ano,,"17. Návrh na poskytnutí individuální neinvestiční dotace z rozpočtu města Brna na rok 2026 spolku Brněnská nezávislá divadla, z. s., na projekt ""Festival brněnských nezávislých divadel""",https://apl.brno.cz/protokoly-zmb/zmb-z9-32/20260120-17-33785.html
Z9-32-022,Z9/32,2026-01-20,petr-borecky-1,Petr Bořecký,Lidovci a Starostové,Ano,Ano,fd30b714c67690d6,ano,,22. Návrh na poskytnutí neinvestičních dotací na podporu vrcholového sportu pro rok 2026 - návrh rozpočtového opatření,https://apl.brno.cz/protokoly-zmb/zmb-z9-32/20260120-22-33969.html
Z9-32-023,Z9/32,2026-01-20,petr-borecky-1,Petr Bořecký,Lidovci a Starostové,Ano,Ano,5ecb8bf7c05d25d8,ano,,23. Návrh na poskytnutí neinvestičních dotací v rámci Programu I pro rok 2026 – sociální služby poskytované nestátními neziskovými organizacemi – návrh rozpočtového opatření,https://apl.brno.cz/protokoly-zmb/zmb-z9-32/20260120-23-34003.html
Z9-32-024,Z9/32,2026-01-20,petr-borecky-1,Petr Bořecký,Lidovci a Starostové,Ano,Ano,89aa9744481c1a9e,ano,,"24. Návrh na poskytnutí dotací a uzavření smluv s organizacemi poskytujícími služby zdravotnické, služby v oblasti podpory rodinné politiky a podpory prevence domácího násilí z rozpočtu města Brna na rok 2026",https://apl.brno.cz/protokoly-zmb/zmb-z9-32/20260120-24-34039.html
Z9-32-025,Z9/32,2026-01-20,petr-borecky-1,Petr Bořecký,Lidovci a Starostové,Ano,Ano,91e06a35cec42b20,ano,,"26. Návrh smlouvy o poskytnutí individuální neinvestiční dotace SNIP & CO, reklamní společnost, spol. s r.o., na realizaci projektu „Dronové show 2026“",https://apl.brno.cz/protokoly-zmb/zmb-z9-32/20260120-25-34076.html
Z9-32-020,Z9/32,2026-01-20,petr-borecky-1,Petr Bořecký,Lidovci a Starostové,Ano,Ano,0178b967debce0af,ano,,"20. Návrh na poskytnutí individuální neinvestiční dotace společnosti STAREZ – SPORT, a. s., na úhradu provozních nákladů Městského fotbalového stadionu Srbská, Srbská 47a, Brno v roce 2026",https://apl.brno.cz/protokoly-zmb/zmb-z9-32/20260120-20-33886.html
Z9-32-028,Z9/32,2026-01-20,petr-borecky-1,Petr Bořecký,Lidovci a Starostové,Ano,Ano,5fabd4d58be01a7e,ano,,29. Návrh dodatku č. 1 ke Smlouvě o poskytnutí dotace z rozpočtu města Brna č. 7225092789,https://apl.brno.cz/protokoly-zmb/zmb-z9-32/20260120-28-34177.html
Z9-32-029,Z9/32,2026-01-20,petr-borecky-1,Petr Bořecký,Lidovci a Starostové,Ano,Ano,2f5982dcf69758c6,ano,,"30. Informace o neuzavření smlouvy o poskytnutí schválené dotace z rozpočtu města Brna s RarePlaces, z. s., v rámci dotačního programu pro poskytování dotací v oblasti podpory kreativních odvětví na rok 2025 a 2026 v 7. etapě – “Pro Kreativní Brno”",https://apl.brno.cz/protokoly-zmb/zmb-z9-32/20260120-29-34215.html
Z9-32-021,Z9/32,2026-01-20,petr-borecky-1,Petr Bořecký,Lidovci a Starostové,Ano,Ano,9a0f2aa28759c5ca,ano,,21. Návrh na poskytnutí individuální neinvestiční dotace TJ TESLA BRNO z. s. na projekt Zabezpečení celoročního provozu sportovního areálu TJ TESLA BRNO v roce 2026,https://apl.brno.cz/protokoly-zmb/zmb-z9-32/20260120-21-33918.html
Z9-32-030,Z9/32,2026-01-20,petr-borecky-1,Petr Bořecký,Lidovci a Starostové,Ano,Ano,0d6fe5b629f2373b,ano,,"31. ""Akademické náměstí včetně parkovacího domu – zhotovitel stavby"" – návrh prodeje 7 kusů elektronabíjecích stanic",https://apl.brno.cz/protokoly-zmb/zmb-z9-32/20260120-30-34736.html
Z9-32-031,Z9/32,2026-01-20,petr-borecky-1,Petr Bořecký,Lidovci a Starostové,Ano,Ano,459c185a77bf3720,ano,,32. Projekty financované z Fondu kofinancování projektů – leden 2026 – návrh rozpočtového opatření,https://apl.brno.cz/protokoly-zmb/zmb-z9-32/20260120-31-34770.html
Z9-32-032,Z9/32,2026-01-20,petr-borecky-1,Petr Bořecký,Lidovci a Starostové,Ano,Ano,eeb9726804cc9b86,ano,,33. Finanční prostředky Fondu kofinancování projektů – leden 2026 – návrh rozpočtových opatření,https://apl.brno.cz/protokoly-zmb/zmb-z9-32/20260120-32-34804.html
Z9-32-026,Z9/32,2026-01-20,petr-borecky-1,Petr Bořecký,Lidovci a Starostové,Ano,Ano,bbfd056a09ff1e8a,ano,,"27. Návrh smlouvy o poskytnutí individuální neinvestiční dotace JINTEK, z. ú., na realizaci projektu „JINTEK 2026“",https://apl.brno.cz/protokoly-zmb/zmb-z9-32/20260120-26-34108.html
Z9-32-027,Z9/32,2026-01-20,petr-borecky-1,Petr Bořecký,Lidovci a Starostové,Ano,Ano,37b4c192e10d1986,ano,,"28. Návrh smlouvy o poskytování veřejné služby a podmínkách poskytnutí vyrovnávací platby za plnění závazku veřejné služby na období hospodářských let 2026 a 2027 uzavírané s JIC, zájmovým sdružením právnických osob",https://apl.brno.cz/protokoly-zmb/zmb-z9-32/20260120-27-34145.html
Z9-32-033,Z9/32,2026-01-20,petr-borecky-1,Petr Bořecký,Lidovci a Starostové,Ano,Ano,c8bd609fe02ee29b,ano,,"34. Projekt ""Integrace cizinců ve městě Brně VII."" – posouzení projektu",https://apl.brno.cz/protokoly-zmb/zmb-z9-32/20260120-33-34834.html
Z9-32-034,Z9/32,2026-01-20,petr-borecky-1,Petr Bořecký,Lidovci a Starostové,Ano,Ano,23f512b35a16bb96,ano,,"35. Projekt ""Pořízení užitkového elektrovozidla pro Úrazovou nemocnici v Brně"" – návrh pověřovacího aktu",https://apl.brno.cz/protokoly-zmb/zmb-z9-32/20260120-34-34865.html
Z9-32-037,Z9/32,2026-01-20,petr-borecky-1,Petr Bořecký,Lidovci a Starostové,Ano,Ano,68406bf7bd1d7d24,ano,,38. Návrh změny Pravidel pronájmu bytů v domech v majetku statutárního města Brna,https://apl.brno.cz/protokoly-zmb/zmb-z9-32/20260120-37-34960.html
Z9-32-038,Z9/32,2026-01-20,petr-borecky-1,Petr Bořecký,Lidovci a Starostové,Ano,Ano,fe70a5042bb3ef87,ano,,"39. Návrh na poskytnutí úročené zápůjčky městské části Brno-Vinohrady z rozpočtu města Brna, návrh rozpočtového opatření",https://apl.brno.cz/protokoly-zmb/zmb-z9-32/20260120-38-35068.html
Z9-32-036,Z9/32,2026-01-20,petr-borecky-1,Petr Bořecký,Lidovci a Starostové,Ano,Ano,872e26913ac813b8,ano,,"37. Návrh na zrušení Postupu při prodeji bytového fondu, dispozice s bytovým fondem v majetku statutárního města Brna",https://apl.brno.cz/protokoly-zmb/zmb-z9-32/20260120-36-34926.html
Z9-32-039,Z9/32,2026-01-20,petr-borecky-1,Petr Bořecký,Lidovci a Starostové,Ano,Ano,5df11e69cde46686,ano,,"41. Návrh na změnu části přílohy č. 77a Zastupitelstva města Brna č. Z9/27, konaného dne 10. 6. 2025, bod č. 87 ve věci vypořádání státem dotované družstevní výstavby v k. ú. Líšeň s Holzova, bytovým družstvem k bytovému domu Poslušného 7, Brno",https://apl.brno.cz/protokoly-zmb/zmb-z9-32/20260120-39-35116.html
Z9-32-040,Z9/32,2026-01-20,petr-borecky-1,Petr Bořecký,Lidovci a Starostové,Ano,Ano,e9ac294a54f6760c,ano,,42. Návrh na změnu katastrální hranice mezi katastrálním územím Maloměřice a katastrálním územím Židenice,https://apl.brno.cz/protokoly-zmb/zmb-z9-32/20260120-40-35148.html
Z9-32-041,Z9/32,2026-01-20,petr-borecky-1,Petr Bořecký,Lidovci a Starostové,Ano,Ano,d18d6fc155230c50,ano,,"43. Návrh prodeje pozemků p. č. 2538/8 a p. č. 2539/4, oba v k. ú. Komín",https://apl.brno.cz/protokoly-zmb/zmb-z9-32/20260120-41-35202.html
Z9-32-043,Z9/32,2026-01-20,petr-borecky-1,Petr Bořecký,Lidovci a Starostové,Ano,Ano,880fb1926c329497,ano,,44. Návrh prodeje pozemků p. č. 4032 a p. č. 4033 v k. ú. Bystrc – lokalita Kozí Horka,https://apl.brno.cz/protokoly-zmb/zmb-z9-32/20260120-43-35320.html
Z9-32-044,Z9/32,2026-01-20,petr-borecky-1,Petr Bořecký,Lidovci a Starostové,Ano,Ano,b84ac9e2adcfa0ef,ano,,"45. Návrh prodeje osmi částí pozemku p. č. 2714/1 a části pozemku p. č. 2730/31, k. ú. Kohoutovice; 46.	Návrh prodeje části pozemku p. č. 2188/2 a pozemku p. č. 2188/17 v k. ú. Černovice.",https://apl.brno.cz/protokoly-zmb/zmb-z9-32/20260120-44-35360.html
Z9-32-046,Z9/32,2026-01-20,petr-borecky-1,Petr Bořecký,Lidovci a Starostové,Ano,Ano,6e4644ce0c52bcd8,ano,,"50. Návrh nabytí pozemků p. č. 1489/2, 1489/7, 1489/36, 1489/37 a 1489/38 v k. ú. Veveří",https://apl.brno.cz/protokoly-zmb/zmb-z9-32/20260120-46-35455.html
Z9-32-045,Z9/32,2026-01-20,petr-borecky-1,Petr Bořecký,Lidovci a Starostové,Ano,Ano,0f1a5ea22fc78ccd,ano,,Body č. 47-49,https://apl.brno.cz/protokoly-zmb/zmb-z9-32/20260120-45-35417.html
Z9-32-047,Z9/32,2026-01-20,petr-borecky-1,Petr Bořecký,Lidovci a Starostové,Ano,Ano,2f89f78d0b38538c,ano,,Body č. 51-53,https://apl.brno.cz/protokoly-zmb/zmb-z9-32/20260120-47-35488.html
Z9-32-050,Z9/32,2026-01-20,petr-borecky-1,Petr Bořecký,Lidovci a Starostové,Ano,Ano,b3ed2706fc718e8a,ano,,66. Návrh souhlasného prohlášení ke spoluvlastnickému podílu na pozemku p. č. 4006/3 v k. ú. Židenice zapsanému v duplicitním vlastnictví statutárního města Brna a podílovém spoluvlastnictví fyzických osob (městská část Brno-Židenice),https://apl.brno.cz/protokoly-zmb/zmb-z9-32/20260120-50-35620.html
Z9-32-048,Z9/32,2026-01-20,petr-borecky-1,Petr Bořecký,Lidovci a Starostové,Ano,Ano,2204658512d5029e,ano,,"54. Návrh nabytí spoluvlastnických podílů ve výši id. 1/2 na pozemcích p. č. 2712/224 a p. č. 2712/274, oba v k. ú. Černovice - var. A",https://apl.brno.cz/protokoly-zmb/zmb-z9-32/20260120-48-35534.html
Z9-32-049,Z9/32,2026-01-20,petr-borecky-1,Petr Bořecký,Lidovci a Starostové,Ano,Ano,8a57b864c13e96fa,ano,,Body č. 55-65,https://apl.brno.cz/protokoly-zmb/zmb-z9-32/20260120-49-35582.html
Z9-32-051,Z9/32,2026-01-20,petr-borecky-1,Petr Bořecký,Lidovci a Starostové,Ano,Ano,de7aa96ae9dd12db,ano,,67. Návrh dalšího postupu při vypořádání podílového spoluvlastnictví k pozemkům p. č. 3328 a p. č. 3329 v k. ú. Řečkovice - var. A,https://apl.brno.cz/protokoly-zmb/zmb-z9-32/20260120-51-35952.html
Z9-32-052,Z9/32,2026-01-20,petr-borecky-1,Petr Bořecký,Lidovci a Starostové,Ano,Ano,1af56a62d50fc064,ano,,Body č. 68-74,https://apl.brno.cz/protokoly-zmb/zmb-z9-32/20260120-52-35993.html
Z9-32-053,Z9/32,2026-01-20,petr-borecky-1,Petr Bořecký,Lidovci a Starostové,Nehlasoval,Nehlasoval,b04d63e2a221fa47,ano,,Body č. 75-85,https://apl.brno.cz/protokoly-zmb/zmb-z9-32/20260120-53-36036.html
Z9-32-054,Z9/32,2026-01-20,petr-borecky-1,Petr Bořecký,Lidovci a Starostové,Ano,Ano,24583180c1475789,ano,,"86. Návrh směny části pozemku p. č. 1035/1 v k. ú. Lesná za pozemky p. č. 1247/108, 1231/61 oba v k. ú. Bohunice",https://apl.brno.cz/protokoly-zmb/zmb-z9-32/20260120-54-36071.html
Z9-32-055,Z9/32,2026-01-20,petr-borecky-1,Petr Bořecký,Lidovci a Starostové,Ano,Ano,9ff85f0b51cb35ed,ano,,87. Návrh svěření pozemku p. č. 527/1 v k. ú. Nový Lískovec městské části Brno-Nový Lískovec - var. A,https://apl.brno.cz/protokoly-zmb/zmb-z9-32/20260120-55-36153.html
Z9-32-056,Z9/32,2026-01-20,petr-borecky-1,Petr Bořecký,Lidovci a Starostové,Ano,Ano,359b57399c3a894f,ano,,"88. Návrh svěření pozemku p. č. 2375/565, k. ú. Žabovřesky, jehož součástí je stavba bez čp/če, městské části Brno–Žabovřesky",https://apl.brno.cz/protokoly-zmb/zmb-z9-32/20260120-56-36185.html
Z9-32-057,Z9/32,2026-01-20,petr-borecky-1,Petr Bořecký,Lidovci a Starostové,Ano,Ano,60f8c16b5cc448dd,ano,,89. Návrh odejmutí svěřených pozemků p. č. 2133 a p. č. 2565/11 v k. ú. Bohunice městské části Brno-Bohunice,https://apl.brno.cz/protokoly-zmb/zmb-z9-32/20260120-57-36213.html
Z9-32-058,Z9/32,2026-01-20,petr-borecky-1,Petr Bořecký,Lidovci a Starostové,Ano,Ano,d2bdaf4b1bccb4c1,ano,,"90. Návrh odejmutí svěřených pozemků p. č. 1219/2, p. č. 1220, p. č. 1221, p. č. 1222 v k. ú. Staré Brno městské části Brno-střed",https://apl.brno.cz/protokoly-zmb/zmb-z9-32/20260120-58-36241.html
Z9-32-059,Z9/32,2026-01-20,petr-borecky-1,Petr Bořecký,Lidovci a Starostové,Ano,Ano,b5c7af53add1eba9,ano,,92. Návrh Plánovací smlouvy „Polyfunkční objekt Brno – Husovice – II. Etapa“,https://apl.brno.cz/protokoly-zmb/zmb-z9-32/20260120-59-36270.html
Z9-32-060,Z9/32,2026-01-20,petr-borecky-1,Petr Bořecký,Lidovci a Starostové,Ano,Ano,8d96ce6dd65b5c31,ano,,93. Návrh Dodatku č. 1 ke Smlouvě o spolupráci při výstavbě veřejné infrastruktury „BD MORAVANSKÁ“,https://apl.brno.cz/protokoly-zmb/zmb-z9-32/20260120-60-36299.html
Z9-32-061,Z9/32,2026-01-20,petr-borecky-1,Petr Bořecký,Lidovci a Starostové,Ano,Ano,a3b2f9d1872d8a53,ano,,"94. Návrh Dodatku č. 2 ke Smlouvě o spolupráci při výstavbě veřejné infrastruktury „Oáza u řeky, bydlení Horní Heršpice, ulice Dufkovo nábřeží“",https://apl.brno.cz/protokoly-zmb/zmb-z9-32/20260120-61-36332.html
Z9-32-062,Z9/32,2026-01-20,petr-borecky-1,Petr Bořecký,Lidovci a Starostové,Ano,Ano,7fcefa1a807626be,ano,,"95. Návrh dodatku č. 2 ke Smlouvě o spolupráci v rámci projektu ""Prodloužení tramvajové trati Bystrc–Kamechy"" se společností Dopravní podnik města Brna, a. s.",https://apl.brno.cz/protokoly-zmb/zmb-z9-32/20260120-62-36363.html
Z9-32-063,Z9/32,2026-01-20,petr-borecky-1,Petr Bořecký,Lidovci a Starostové,Ano,Ano,9fc7911ff1499f32,ano,,96. Návrh Dodatku č. 2 ke Smlouvě o spolupráci při výstavbě veřejné infrastruktury „Obytný soubor Podbělová Líšeň“,https://apl.brno.cz/protokoly-zmb/zmb-z9-32/20260120-63-36395.html
Z9-32-064,Z9/32,2026-01-20,petr-borecky-1,Petr Bořecký,Lidovci a Starostové,Ano,Ano,b3197a0e91897132,ano,,97. Návrh Dodatku č. 4 ke Smlouvě o výstavbě veřejné infrastruktury „Soubor staveb Západní brána Brno“,https://apl.brno.cz/protokoly-zmb/zmb-z9-32/20260120-64-36428.html
Z9-32-065,Z9/32,2026-01-20,petr-borecky-1,Petr Bořecký,Lidovci a Starostové,Ano,Ano,23d405c62c2a7a6c,ano,,"98. Návrh obecně závazné vyhlášky statutárního města Brna, kterou se mění obecně závazná vyhláška statutárního města Brna č. 20/2001, kterou se vydává Statut města Brna, ve znění pozdějších vyhlášek – návrh změn v příloze č. 3",https://apl.brno.cz/protokoly-zmb/zmb-z9-32/20260120-65-36471.html
Z9-32-066,Z9/32,2026-01-20,petr-borecky-1,Petr Bořecký,Lidovci a Starostové,Ano,Ano,941e45faa0171e8c,ano,,"99. Návrh nabytí vlastnického práva k pozemku p. č. 867/13, v k. ú. Pisárky, pro stavbu „Silnice I/42 Brno, VMO Žabovřeská“",https://apl.brno.cz/protokoly-zmb/zmb-z9-32/20260120-66-36507.html
Z9-33-001,Z9/33,2026-03-03,petr-borecky-1,Petr Bořecký,Lidovci a Starostové,Ano,Ano,f0a6cc9cd5c3b182,ano,,"1. Technický bod (zapisovatelé, právní asistence, ověřovatelé zápisu, schválení programu zasedání ZMB) - ověřovatelé zápisu",https://apl.brno.cz/protokoly-zmb/zmb-z9-33/20260303-1-33084.html
Z9-33-002,Z9/33,2026-03-03,petr-borecky-1,Petr Bořecký,Lidovci a Starostové,Ano,Ano,782d3d86fcf25538,ano,,"1. Technický bod (zapisovatelé, právní asistence, ověřovatelé zápisu, schválení programu zasedání ZMB) - program - hlasování o stažení bodu č. 7, 33, 59",https://apl.brno.cz/protokoly-zmb/zmb-z9-33/20260303-2-33080.html
Z9-33-004,Z9/33,2026-03-03,petr-borecky-1,Petr Bořecký,Lidovci a Starostové,Ano,Ano,89fb0bb155b6187b,ano,,"1. Technický bod (zapisovatelé, právní asistence, ověřovatelé zápisu, schválení programu zasedání ZMB) - program",https://apl.brno.cz/protokoly-zmb/zmb-z9-33/20260303-4-33378.html
Z9-32-035,Z9/32,2026-01-20,petr-borecky-1,Petr Bořecký,Lidovci a Starostové,Ano,Ano,b5ca9636e7b0da6b,ano,,"36. Projekt ""Pořízení nového dopravního automobilu pro JSDH Brno-Jundrov"" – rozhodnutí o poskytnutí dotace",https://apl.brno.cz/protokoly-zmb/zmb-z9-32/20260120-35-34893.html
Z9-33-008,Z9/33,2026-03-03,petr-borecky-1,Petr Bořecký,Lidovci a Starostové,Ano,Ano,ad0c5a78ab4fbcf5,ano,,4. Změna ve složení Výboru pro národnostní menšiny Zastupitelstva města Brna - volba člena Výboru pro národnostní menšiny Zastupitelstva města Brna - Jozef Daniel,https://apl.brno.cz/protokoly-zmb/zmb-z9-33/20260303-8-34420.html
Z9-33-010,Z9/33,2026-03-03,petr-borecky-1,Petr Bořecký,Lidovci a Starostové,Zdržel se,Zdržel se,7d2fe92689410415,ano,,"2. Dotazy, připomínky a podněty občanů - hlasování o návrhu p. Kmenta na zařazení bodu",https://apl.brno.cz/protokoly-zmb/zmb-z9-33/20260303-10-40343.html
Z9-33-012,Z9/33,2026-03-03,petr-borecky-1,Petr Bořecký,Lidovci a Starostové,Nehlasoval,Nehlasoval,1d99261f82c5b822,ano,,"2. Dotazy, připomínky a podněty občanů - hlasování o návrhu p. Koláčného na zařazení bodu",https://apl.brno.cz/protokoly-zmb/zmb-z9-33/20260303-12-40460.html
Z9-33-013,Z9/33,2026-03-03,petr-borecky-1,Petr Bořecký,Lidovci a Starostové,Ano,Ano,7f206c89e16aabc5,ano,,"5. Návrh obecně závazné vyhlášky statutárního města Brna, kterou se mění obecně závazná vyhláška statutárního města Brna č. 11/2017, o nočním klidu, ve znění pozdějších vyhlášek",https://apl.brno.cz/protokoly-zmb/zmb-z9-33/20260303-13-40512.html
Z9-33-014,Z9/33,2026-03-03,petr-borecky-1,Petr Bořecký,Lidovci a Starostové,Ano,Ano,c28c0faeb61dda6a,ano,,6. Návrh opatření obecné povahy ve věci osvobození od daně z nemovitých věcí,https://apl.brno.cz/protokoly-zmb/zmb-z9-33/20260303-14-40549.html
Z9-33-015,Z9/33,2026-03-03,petr-borecky-1,Petr Bořecký,Lidovci a Starostové,Nehlasoval,Nehlasoval,5927fbd5c6765c28,ano,,"8. Návrh aktualizace dokumentu ""Energetická politika statutárního města Brna"" a návrh aktualizace dokumentu ""Směrnice energetického managementu dle ČSN EN ISO 50001""",https://apl.brno.cz/protokoly-zmb/zmb-z9-33/20260303-15-40581.html
Z9-33-016,Z9/33,2026-03-03,petr-borecky-1,Petr Bořecký,Lidovci a Starostové,Ano,Ano,a85d4cfa3c205c27,ano,,"9. Návrh Dodatku č. 2 k Memorandu o spolupráci mezi Českým svazem ledního hokeje z. s., KOMETA GROUP, spolek, Jihomoravským krajem a statutárním městem Brnem",https://apl.brno.cz/protokoly-zmb/zmb-z9-33/20260303-16-40619.html
Z9-33-017,Z9/33,2026-03-03,petr-borecky-1,Petr Bořecký,Lidovci a Starostové,Ano,Ano,eadc4a99855dabbc,ano,,"10. Návrh Dodatku č. 3 ke zřizovací listině Základní školy Brno, Čejkovická 10, příspěvkové organizace",https://apl.brno.cz/protokoly-zmb/zmb-z9-33/20260303-17-40651.html
Z9-33-018,Z9/33,2026-03-03,petr-borecky-1,Petr Bořecký,Lidovci a Starostové,Ano,Ano,4cbbf91a836c0a4d,ano,,"11. Návrh dodatku č. 2 ke smlouvě o úvěru uzavřené mezi společností ARENA BRNO, a. s., a Česká spořitelna, a. s. – návrh souhlasu s uzavřením dodatku",https://apl.brno.cz/protokoly-zmb/zmb-z9-33/20260303-18-40693.html
Z9-33-019,Z9/33,2026-03-03,petr-borecky-1,Petr Bořecký,Lidovci a Starostové,Ano,Ano,3b0872567b451a50,ano,,"12. Aktualizace rozpočtu akcí zajišťovaných společností Brněnské vodárny a kanalizace, a. s.– březen 2026 - návrh dodatku č. 107 k mandátní smlouvě č. 56019271 - návrh rozpočtového opatření",https://apl.brno.cz/protokoly-zmb/zmb-z9-33/20260303-19-40725.html
Z9-33-020,Z9/33,2026-03-03,petr-borecky-1,Petr Bořecký,Lidovci a Starostové,Ano,Ano,d485deafd39d98e1,ano,,13. Aktualizace rozpočtu Odboru investičního MMB a Odboru dopravy MMB a zapojení Fondu developerských projektů – březen 2026 – návrh rozpočtového opatření,https://apl.brno.cz/protokoly-zmb/zmb-z9-33/20260303-20-40760.html
Z9-33-021,Z9/33,2026-03-03,petr-borecky-1,Petr Bořecký,Lidovci a Starostové,Ano,Ano,c6928291b00a543c,ano,,14. Aktualizace rozpočtu běžných a kapitálových výdajů Odboru dopravy MMB – březen 2026 – návrh rozpočtového opatření,https://apl.brno.cz/protokoly-zmb/zmb-z9-33/20260303-21-40792.html
Z9-33-022,Z9/33,2026-03-03,petr-borecky-1,Petr Bořecký,Lidovci a Starostové,Nehlasoval,Nehlasoval,e7a957b3c0481181,ano,,"15. Návrh rozpočtového opatření v souvislosti se změnou realizátora investiční akce ""Rekonstrukce parku na ulici Bašty"" - hlasování o stažení bodu",https://apl.brno.cz/protokoly-zmb/zmb-z9-33/20260303-22-41576.html
Z9-33-003,Z9/33,2026-03-03,petr-borecky-1,Petr Bořecký,Lidovci a Starostové,Ano,Ano,d7e3f60d2b8aa932,ano,,"1. Technický bod (zapisovatelé, právní asistence, ověřovatelé zápisu, schválení programu zasedání ZMB) - program - hlasování o zařazení bodu č. 124, 125",https://apl.brno.cz/protokoly-zmb/zmb-z9-33/20260303-3-33342.html
Z9-33-005,Z9/33,2026-03-03,petr-borecky-1,Petr Bořecký,Lidovci a Starostové,Ano,Ano,681e100ad22bdc0a,ano,,4. Změna ve složení Výboru pro národnostní menšiny Zastupitelstva města Brna - bere na vědomí,https://apl.brno.cz/protokoly-zmb/zmb-z9-33/20260303-5-33598.html
Z9-33-006,Z9/33,2026-03-03,petr-borecky-1,Petr Bořecký,Lidovci a Starostové,Ano,Ano,0802a0665033e406,ano,,4. Změna ve složení Výboru pro národnostní menšiny Zastupitelstva města Brna - volba volební komise,https://apl.brno.cz/protokoly-zmb/zmb-z9-33/20260303-6-33746.html
Z9-33-024,Z9/33,2026-03-03,petr-borecky-1,Petr Bořecký,Lidovci a Starostové,Ano,Ano,a683d702dfc26283,ano,,"15. Návrh rozpočtového opatření v souvislosti se změnou realizátora investiční akce ""Rekonstrukce parku na ulici Bašty""",https://apl.brno.cz/protokoly-zmb/zmb-z9-33/20260303-24-41768.html
Z9-33-026,Z9/33,2026-03-03,petr-borecky-1,Petr Bořecký,Lidovci a Starostové,Ano,Ano,12f9fa9f17b88e07,ano,,17. Návrh rozpočtového opatření – přesun běžných a kapitálových výdajů v rámci rozpočtu Odboru městské informatiky MMB,https://apl.brno.cz/protokoly-zmb/zmb-z9-33/20260303-26-41975.html
Z9-33-025,Z9/33,2026-03-03,petr-borecky-1,Petr Bořecký,Lidovci a Starostové,Ano,Ano,5e25d3e1b619a19f,ano,,16. Návrh rozpočtového opatření – přesun běžných výdajů z rozpočtu Odboru životního prostředí MMB do rozpočtu Kanceláře marketingu a cestovního ruchu MMB,https://apl.brno.cz/protokoly-zmb/zmb-z9-33/20260303-25-41941.html
Z9-33-027,Z9/33,2026-03-03,petr-borecky-1,Petr Bořecký,Lidovci a Starostové,Ano,Ano,65587c4e8dd0b816,ano,,18. Zapojení Fondu rezerv a rozvoje k financování běžných výdajů Odboru vnitřních věcí MMB – návrh rozpočtového opatření,https://apl.brno.cz/protokoly-zmb/zmb-z9-33/20260303-27-42034.html
Z9-33-028,Z9/33,2026-03-03,petr-borecky-1,Petr Bořecký,Lidovci a Starostové,Ano,Ano,4fa691d7d2e7862e,ano,,Body č. 19-22,https://apl.brno.cz/protokoly-zmb/zmb-z9-33/20260303-28-42125.html
Z9-33-030,Z9/33,2026-03-03,petr-borecky-1,Petr Bořecký,Lidovci a Starostové,Ano,Ano,b08e93fdababc2bc,ano,,Body č. 24-26,https://apl.brno.cz/protokoly-zmb/zmb-z9-33/20260303-30-42194.html
Z9-33-029,Z9/33,2026-03-03,petr-borecky-1,Petr Bořecký,Lidovci a Starostové,Ano,Ano,782aef66332757b1,ano,,"23. Zapojení Fondu rezerv a rozvoje v souvislosti s poskytnutím neinvestičního transferu městské části Brno-střed pro účely financování architektonické soutěže ""Bytové domy Křídlovická, Brno"", návrh rozpočtového opatření",https://apl.brno.cz/protokoly-zmb/zmb-z9-33/20260303-29-42162.html
Z9-33-031,Z9/33,2026-03-03,petr-borecky-1,Petr Bořecký,Lidovci a Starostové,Ano,Ano,a03f84c684239916,ano,,"27. Zapojení Fondu rezerv a rozvoje v souvislosti s návrhem na poskytnutí individuální neinvestiční dotace BVV Livinglab Brno, z. s., na realizaci projektu „BVV Livinglab Brno“ – návrh rozpočtového opatření",https://apl.brno.cz/protokoly-zmb/zmb-z9-33/20260303-31-42378.html
Z9-33-032,Z9/33,2026-03-03,petr-borecky-1,Petr Bořecký,Lidovci a Starostové,Ano,Ano,8160cbd2bf230e41,ano,,28. Návrh na použití zdrojů Fondu mobility – návrh rozpočtového opatření,https://apl.brno.cz/protokoly-zmb/zmb-z9-33/20260303-32-42844.html
Z9-33-033,Z9/33,2026-03-03,petr-borecky-1,Petr Bořecký,Lidovci a Starostové,Ano,Ano,fd3579ac8347026f,ano,,"29. Zapojení Fondu rezerv a rozvoje v souvislosti s návrhem na poskytnutí investičních transferů městským částem, změna zatřídění transferů poskytnutých městským částem na rok 2026 – návrh rozpočtového opatření",https://apl.brno.cz/protokoly-zmb/zmb-z9-33/20260303-33-42876.html
Z9-33-035,Z9/33,2026-03-03,petr-borecky-1,Petr Bořecký,Lidovci a Starostové,Ano,Ano,1b42fc06ba8264ab,ano,,31. Návrh na poskytnutí programových neinvestičních dotací na podporu projektů ekologické výchovy ve městě Brně na rok 2026 a návrh rozpočtového opatření,https://apl.brno.cz/protokoly-zmb/zmb-z9-33/20260303-35-42939.html
Z9-33-034,Z9/33,2026-03-03,petr-borecky-1,Petr Bořecký,Lidovci a Starostové,Ano,Ano,77cfd0dd6cd4b22b,ano,,"30. Návrh na prodloužení termínu vyúčtování, změna zatřídění investičního transferu a zapojení Fondu rezerv a rozvoje k financování běžných a kapitálových výdajů Odboru školství a mládeže MMB – návrh rozpočtového opatření",https://apl.brno.cz/protokoly-zmb/zmb-z9-33/20260303-34-42906.html
Z9-33-037,Z9/33,2026-03-03,petr-borecky-1,Petr Bořecký,Lidovci a Starostové,Ano,Ano,0089f559370c51a6,ano,,"34. Návrh na poskytnutí neinvestičních dotací na podporu aktivit k oživení ploch veřejné zeleně ve městě Brně v roce 2026 - ""Vnitroblok"", návrh vzorových podmínek pro uzavření veřejnoprávních smluv, návrh rozpočtového opatření",https://apl.brno.cz/protokoly-zmb/zmb-z9-33/20260303-37-43036.html
Z9-33-036,Z9/33,2026-03-03,petr-borecky-1,Petr Bořecký,Lidovci a Starostové,Ano,Ano,ba4491852f87eb06,ano,,"32. Návrh na poskytnutí individuálních neinvestičních dotací pro oblast životního prostředí na rok 2026, návrh rozpočtového opatření",https://apl.brno.cz/protokoly-zmb/zmb-z9-33/20260303-36-42970.html
Z9-33-039,Z9/33,2026-03-03,petr-borecky-1,Petr Bořecký,Lidovci a Starostové,Ano,Ano,b89a539cf8a17d36,ano,,39. Návrh na poskytnutí neinvestičních příspěvků základním školám na zajištění vzdělávacího Projektu pro ZŠ „Příběhy našich sousedů“ – návrh rozpočtového opatření,https://apl.brno.cz/protokoly-zmb/zmb-z9-33/20260303-39-43177.html
Z9-33-038,Z9/33,2026-03-03,petr-borecky-1,Petr Bořecký,Lidovci a Starostové,Ano,Ano,1d1e234c9fd852ab,ano,,Body č. 35-38,https://apl.brno.cz/protokoly-zmb/zmb-z9-33/20260303-38-43138.html
Z9-33-040,Z9/33,2026-03-03,petr-borecky-1,Petr Bořecký,Lidovci a Starostové,Ano,Ano,a32fa89c7e3abfe1,ano,,40. Návrh na poskytnutí účelového neinvestičního příspěvku základním školám na projekt OnStage – návrh rozpočtového opatření,https://apl.brno.cz/protokoly-zmb/zmb-z9-33/20260303-40-43205.html
Z9-33-041,Z9/33,2026-03-03,petr-borecky-1,Petr Bořecký,Lidovci a Starostové,Ano,Ano,f4b2b8ca9fd8ccb8,ano,,Body č. 41-43,https://apl.brno.cz/protokoly-zmb/zmb-z9-33/20260303-41-43243.html
Z9-33-042,Z9/33,2026-03-03,petr-borecky-1,Petr Bořecký,Lidovci a Starostové,Ano,Ano,73e514e17f95c6fa,ano,,44. Návrh na poskytnutí individuální neinvestiční dotace Autoklubu České republiky na pořádání Mistrovství světa silničních motocyklů – GRAND PRIX ČR 2026,https://apl.brno.cz/protokoly-zmb/zmb-z9-33/20260303-42-43288.html
Z9-33-043,Z9/33,2026-03-03,petr-borecky-1,Petr Bořecký,Lidovci a Starostové,Ano,Ano,aadb886dc0581140,ano,,45. Návrh na poskytnutí neinvestičních dotací na podporu provozu sportovišť pro rok 2026,https://apl.brno.cz/protokoly-zmb/zmb-z9-33/20260303-43-43348.html
Z9-33-044,Z9/33,2026-03-03,petr-borecky-1,Petr Bořecký,Lidovci a Starostové,Ano,Ano,9002890717edc8ee,ano,,"46. Návrh na poskytnutí individuální neinvestiční dotace Společenství Romů na Moravě Romano jekhetanibenpre Morava na projekt ""Mezinárodní den Romů"" – návrh rozpočtového opatření",https://apl.brno.cz/protokoly-zmb/zmb-z9-33/20260303-44-43499.html
Z9-33-045,Z9/33,2026-03-03,petr-borecky-1,Petr Bořecký,Lidovci a Starostové,Ano,Ano,34ebe1068163bed5,ano,,Body č. 47 a 48,https://apl.brno.cz/protokoly-zmb/zmb-z9-33/20260303-45-43536.html
Z9-33-047,Z9/33,2026-03-03,petr-borecky-1,Petr Bořecký,Lidovci a Starostové,Ano,Ano,928c2cdcfd8fb426,ano,,Body č. 50 a 51,https://apl.brno.cz/protokoly-zmb/zmb-z9-33/20260303-47-43635.html
Z9-33-046,Z9/33,2026-03-03,petr-borecky-1,Petr Bořecký,Lidovci a Starostové,Ano,Ano,8e5ca173e6a57c92,ano,,49. Návrh na poskytnutí neinvestičních příspěvků základním školám na zajištění základní plavecké výuky žáků základních škol – návrh rozpočtového opatření,https://apl.brno.cz/protokoly-zmb/zmb-z9-33/20260303-46-43564.html
Z9-33-049,Z9/33,2026-03-03,petr-borecky-1,Petr Bořecký,Lidovci a Starostové,Ano,Ano,e17380ca54509c3c,ano,,53. Návrh na odpis nákladů zmařené projektové dokumentace z účtu nedokončených investic,https://apl.brno.cz/protokoly-zmb/zmb-z9-33/20260303-49-43707.html
Z9-33-048,Z9/33,2026-03-03,petr-borecky-1,Petr Bořecký,Lidovci a Starostové,Ano,Ano,e5711bab610da8fd,ano,,"52. Návrh na poskytnutí individuálních investičních dotací z rozpočtu města Brna společnosti Dopravní podnik města Brna, a. s. - návrh rozpočtového opatření",https://apl.brno.cz/protokoly-zmb/zmb-z9-33/20260303-48-43668.html
Z9-33-050,Z9/33,2026-03-03,petr-borecky-1,Petr Bořecký,Lidovci a Starostové,Ano,Ano,cffaff34c4e0aca0,ano,,Body č. 54 a 55,https://apl.brno.cz/protokoly-zmb/zmb-z9-33/20260303-50-43739.html
Z9-33-051,Z9/33,2026-03-03,petr-borecky-1,Petr Bořecký,Lidovci a Starostové,Ano,Ano,d9bcbe31fbbaf07f,ano,,"56. Projekt ""Vybudování urgentního příjmu Nemocnice Milosrdných bratří"" – návrh pověřovacího aktu",https://apl.brno.cz/protokoly-zmb/zmb-z9-33/20260303-51-43793.html
Z9-33-052,Z9/33,2026-03-03,petr-borecky-1,Petr Bořecký,Lidovci a Starostové,Ano,Ano,40865fa89d8d2919,ano,,"57. Projekt ""Vzděláváním k sebevědomému občanství"" – posouzení projektu, návrh rozpočtového opatření",https://apl.brno.cz/protokoly-zmb/zmb-z9-33/20260303-52-43924.html
Z9-33-053,Z9/33,2026-03-03,petr-borecky-1,Petr Bořecký,Lidovci a Starostové,Ano,Ano,6ae8605a121e8991,ano,,"58. Projekt ""Zvýšení kybernetické bezpečnosti, monitoring sítě a zajištění vysoké dostupnosti IS Nemocnice Milosrdných Bratří"" – návrh pověřovacího aktu",https://apl.brno.cz/protokoly-zmb/zmb-z9-33/20260303-53-43959.html
Z9-33-054,Z9/33,2026-03-03,petr-borecky-1,Petr Bořecký,Lidovci a Starostové,Ano,Ano,8a1051704d45ddac,ano,,"60. Projekty ""Revitalizace vegetace v lokalitách Vychodilova, Záhřebská, Voroněžská, Brno – Žabovřesky "" – rozhodnutí o poskytnutí dotace",https://apl.brno.cz/protokoly-zmb/zmb-z9-33/20260303-54-43994.html
Z9-33-056,Z9/33,2026-03-03,petr-borecky-1,Petr Bořecký,Lidovci a Starostové,Ano,Ano,1d8ff8ba701c4f20,ano,,"62. Projekt „Družstevní bydlení pro mladé“ lokalita V Aleji – upřesnění stávajících kritérií u přihlášených žadatelů, stanovení dalšího postupu při realizaci projektu",https://apl.brno.cz/protokoly-zmb/zmb-z9-33/20260303-56-44149.html
Z9-33-055,Z9/33,2026-03-03,petr-borecky-1,Petr Bořecký,Lidovci a Starostové,Ano,Ano,9fa5c2daccb20f41,ano,,"61. Projekt ""Stavební úpravy ZŠ a MŠ Zemědělská"" – posouzení projektu",https://apl.brno.cz/protokoly-zmb/zmb-z9-33/20260303-55-44023.html
Z9-33-058,Z9/33,2026-03-03,petr-borecky-1,Petr Bořecký,Lidovci a Starostové,Ano,Ano,46e9963c169cdec7,ano,,"64. Návrh vzorové dohody o narovnání s bezúplatným převodem spoluvlastnických podílů města na 40 bytových jednotkách v domech na ulici Bešůvka 2, 4, 6 a 8 v Brně členům Bytového družstva Bešůvka, družstvo",https://apl.brno.cz/protokoly-zmb/zmb-z9-33/20260303-58-44206.html
Z9-33-057,Z9/33,2026-03-03,petr-borecky-1,Petr Bořecký,Lidovci a Starostové,Ano,Ano,41dba8ee3d7ef6e9,ano,,63. Přehled bytů poskytnutých v celoměstském zájmu za 2. pololetí roku 2025,https://apl.brno.cz/protokoly-zmb/zmb-z9-33/20260303-57-44179.html
Z9-33-061,Z9/33,2026-03-03,petr-borecky-1,Petr Bořecký,Lidovci a Starostové,Ano,Ano,acebe1b08dd9cb4c,ano,,"66. Návrh souhlasů s technickými podmínkami prodeje pozemků p. č. st. 373 v k. ú. Moravská Chrastová a p. č. st. 43 v k. ú. Zboněk z vlastnictví České republiky – Správy železnic, státní organizace, návrh stanovisek k současnému a budoucímu využití pozemků - var. A A",https://apl.brno.cz/protokoly-zmb/zmb-z9-33/20260303-61-44340.html
Z9-33-059,Z9/33,2026-03-03,petr-borecky-1,Petr Bořecký,Lidovci a Starostové,Ano,Ano,02c9c8ad044db5a4,ano,,65. Návrh na udělení předchozího souhlasu s uzavřením dohody o změně části hranice městských částí Brno-Žabovřesky a Brno-Jundrov,https://apl.brno.cz/protokoly-zmb/zmb-z9-33/20260303-59-44238.html
Z9-33-063,Z9/33,2026-03-03,petr-borecky-1,Petr Bořecký,Lidovci a Starostové,Ano,Ano,4907bee02cb94be2,ano,,68. Návrh prodeje pozemku p. č. 515/7 v k. ú. Kohoutovice,https://apl.brno.cz/protokoly-zmb/zmb-z9-33/20260303-63-44492.html
Z9-33-062,Z9/33,2026-03-03,petr-borecky-1,Petr Bořecký,Lidovci a Starostové,Ano,Ano,0db7ae066c3c4903,ano,,67. Návrh prodeje pozemku p. č. 477/2 v k. ú. Jehnice,https://apl.brno.cz/protokoly-zmb/zmb-z9-33/20260303-62-44451.html
Z9-33-065,Z9/33,2026-03-03,petr-borecky-1,Petr Bořecký,Lidovci a Starostové,Ano,Ano,47594e68402aaca8,ano,,"74. Návrh prodeje části pozemku p. č. 2972/1, k. ú. Slatina",https://apl.brno.cz/protokoly-zmb/zmb-z9-33/20260303-65-44562.html
Z9-33-064,Z9/33,2026-03-03,petr-borecky-1,Petr Bořecký,Lidovci a Starostové,Ano,Ano,81eef41cdb3085a8,ano,,Body č. 69-73,https://apl.brno.cz/protokoly-zmb/zmb-z9-33/20260303-64-44529.html
Z9-33-066,Z9/33,2026-03-03,petr-borecky-1,Petr Bořecký,Lidovci a Starostové,Ano,Ano,e2b74467085c14ba,ano,,"75. Návrh zpeněžení (prodeje) pozemků p. č. 2616/17, p. č. 2616/20, p. č. 2616/23 a části pozemku p. č. 2984, vše v k. ú. Černovice, formou veřejné elektronické dražby",https://apl.brno.cz/protokoly-zmb/zmb-z9-33/20260303-66-44614.html
Z9-33-067,Z9/33,2026-03-03,petr-borecky-1,Petr Bořecký,Lidovci a Starostové,Ano,Ano,b931805ebd1385fa,ano,,"76. Návrh zpeněžení (prodeje) pozemků p. č. 37 a p. č. 39, jehož součástí je stavba bydlení č. p. 517 na adrese Úvoz 14, Brno, vše k. ú. Staré Brno, formou veřejné elektronické dražby",https://apl.brno.cz/protokoly-zmb/zmb-z9-33/20260303-67-44989.html
Z9-33-069,Z9/33,2026-03-03,petr-borecky-1,Petr Bořecký,Lidovci a Starostové,Ano,Ano,182db7896807e7bb,ano,,Body č. 79-90,https://apl.brno.cz/protokoly-zmb/zmb-z9-33/20260303-69-45216.html
Z9-33-068,Z9/33,2026-03-03,petr-borecky-1,Petr Bořecký,Lidovci a Starostové,Ano,Ano,bfa92ff2ba43ed8d,ano,,Body č. 77 a 78,https://apl.brno.cz/protokoly-zmb/zmb-z9-33/20260303-68-45163.html
Z9-33-071,Z9/33,2026-03-03,petr-borecky-1,Petr Bořecký,Lidovci a Starostové,Ano,Ano,f91f3436a4821356,ano,,Body č. 93-94,https://apl.brno.cz/protokoly-zmb/zmb-z9-33/20260303-71-45315.html
Z9-33-070,Z9/33,2026-03-03,petr-borecky-1,Petr Bořecký,Lidovci a Starostové,Ano,Ano,98a976453fd5c17b,ano,,Body č. 91-92,https://apl.brno.cz/protokoly-zmb/zmb-z9-33/20260303-70-45282.html
Z9-33-073,Z9/33,2026-03-03,petr-borecky-1,Petr Bořecký,Lidovci a Starostové,Ano,Ano,f9c471298859085a,ano,,Body č. 99-109,https://apl.brno.cz/protokoly-zmb/zmb-z9-33/20260303-73-45403.html
Z9-33-072,Z9/33,2026-03-03,petr-borecky-1,Petr Bořecký,Lidovci a Starostové,Ano,Ano,5b400686e23c5de2,ano,,95-98,https://apl.brno.cz/protokoly-zmb/zmb-z9-33/20260303-72-45356.html
Z9-33-075,Z9/33,2026-03-03,petr-borecky-1,Petr Bořecký,Lidovci a Starostové,Ano,Ano,55939144aa21baea,ano,,Body č. 111-114,https://apl.brno.cz/protokoly-zmb/zmb-z9-33/20260303-75-45502.html
Z9-33-074,Z9/33,2026-03-03,petr-borecky-1,Petr Bořecký,Lidovci a Starostové,Ano,Ano,a5a7f71b40679c68,ano,,110. Návrh souhlasného prohlášení k pozemkům p. č. 6916/33 a p. č. 6916/34 v k. ú. Židenice zapsaným v duplicitním vlastnictví statutárního města Brna a podílovém spoluvlastnictví fyzických osob (městská část Brno-Židenice),https://apl.brno.cz/protokoly-zmb/zmb-z9-33/20260303-74-45438.html
Z9-33-076,Z9/33,2026-03-03,petr-borecky-1,Petr Bořecký,Lidovci a Starostové,Ano,Ano,6448365ab3f833e1,ano,,"115. Návrh souhlasu se záměrem směny pozemků potřebných pro stavbu ""I/42, VMO MÚK Ostravská radiála"" za bytovou jednotku č. 510/26 v bytovém domě Plachty 510/6",https://apl.brno.cz/protokoly-zmb/zmb-z9-33/20260303-76-45539.html
Z9-33-080,Z9/33,2026-03-03,petr-borecky-1,Petr Bořecký,Lidovci a Starostové,Ano,Ano,9e2d6d4afe0cdf2f,ano,,"119. Návrh Plánovací smlouvy ""RD Ivanovice""",https://apl.brno.cz/protokoly-zmb/zmb-z9-33/20260303-80-45665.html
Z9-33-079,Z9/33,2026-03-03,petr-borecky-1,Petr Bořecký,Lidovci a Starostové,Ano,Ano,a5a9fc8fd1aaf817,ano,,"118. Návrh zřízení služebnosti (věcného břemene) průchodu a průjezdu na pozemku p. č. 2700/5 a návrh prodeje části pozemku p. č. 2700/5 městu Kuřim, vše k. ú. Kuřim",https://apl.brno.cz/protokoly-zmb/zmb-z9-33/20260303-79-45630.html
Z9-33-081,Z9/33,2026-03-03,petr-borecky-1,Petr Bořecký,Lidovci a Starostové,Ano,Ano,8fc265ec01c8efff,ano,,"120. Návrh Plánovací smlouvy „Bytový komplex Pražákova, Brno“",https://apl.brno.cz/protokoly-zmb/zmb-z9-33/20260303-81-45694.html
Z9-33-083,Z9/33,2026-03-03,petr-borecky-1,Petr Bořecký,Lidovci a Starostové,Ano,Ano,4ce9e42d1d7bf463,ano,,122. Návrh Plánovací smlouvy „Bytové domy JULIANA III“,https://apl.brno.cz/protokoly-zmb/zmb-z9-33/20260303-83-45791.html
Z9-33-084,Z9/33,2026-03-03,petr-borecky-1,Petr Bořecký,Lidovci a Starostové,Ano,Ano,bd23fb0d6137c26d,ano,,"123. Návrh obecně závazné vyhlášky statutárního města Brna, kterou se mění obecně závazná vyhláška statutárního města Brna č. 20/2001, kterou se vydává Statut města Brna, ve znění pozdějších vyhlášek – návrh změn v příloze č. 3",https://apl.brno.cz/protokoly-zmb/zmb-z9-33/20260303-84-45826.html
Z9-33-085,Z9/33,2026-03-03,petr-borecky-1,Petr Bořecký,Lidovci a Starostové,Ano,Ano,b3fe7539e0cc248b,ano,,"124. Zapojení Fondu rezerv a rozvoje v souvislosti s poskytnutím investičního příspěvku Sdružení zdravotnických zařízení II Brno, příspěvkové organizaci na rekonstrukci polikliniky Zahradníkova, návrh rozpočtového opatření",https://apl.brno.cz/protokoly-zmb/zmb-z9-33/20260303-85-45860.html
Z9-33-086,Z9/33,2026-03-03,petr-borecky-1,Petr Bořecký,Lidovci a Starostové,Ano,Ano,b113d55a9b730021,ano,,"125. Návrh na změnu zástupce statutárního města Brna v dozorčí radě společnosti Technologický Park Brno, a. s.",https://apl.brno.cz/protokoly-zmb/zmb-z9-33/20260303-86-45893.html
Z9-33-087,Z9/33,2026-03-03,petr-borecky-1,Petr Bořecký,Lidovci a Starostové,Ano,Ano,58a2da96beb219b9,ano,,"3. Dotazy, připomínky a podněty členů ZMB (dle ust. § 82, písm. b, zák. č. 128/2000 Sb., o obcích, v platném znění) - hlasování o pokračování jednání bez přestávky",https://apl.brno.cz/protokoly-zmb/zmb-z9-33/20260303-87-47001.html
Z9-34-001,Z9/34,2026-04-14,petr-borecky-1,Petr Bořecký,Lidovci a Starostové,Ano,Ano,d111eff5bf59cd4d,ano,,"1. Technický bod (zapisovatelé, právní asistence, ověřovatelé zápisu, schválení programu zasedání ZMB) - ověřovatelé zápisu",https://apl.brno.cz/protokoly-zmb/zmb-z9-34/20260414-1-33539.html
Z9-34-002,Z9/34,2026-04-14,petr-borecky-1,Petr Bořecký,Lidovci a Starostové,Ano,Ano,878b2ef411cf357d,ano,,"1. Technický bod (zapisovatelé, právní asistence, ověřovatelé zápisu, schválení programu zasedání ZMB) - program - hlasování o stažení bodu č. 31, 91, 114, 123, 89, 117",https://apl.brno.cz/protokoly-zmb/zmb-z9-34/20260414-2-34157.html
Z9-33-077,Z9/33,2026-03-03,petr-borecky-1,Petr Bořecký,Lidovci a Starostové,Ano,Ano,28536a937842d3ae,ano,,116. Návrh svěření pozemků v k. ú. Staré Brno a k. ú. Štýřice městské části Brno-střed,https://apl.brno.cz/protokoly-zmb/zmb-z9-33/20260303-77-45566.html
Z9-34-005,Z9/34,2026-04-14,petr-borecky-1,Petr Bořecký,Lidovci a Starostové,Nehlasoval,Nehlasoval,b74d14734257f15e,ano,,"1. Technický bod (zapisovatelé, právní asistence, ověřovatelé zápisu, schválení programu zasedání ZMB) - program - hlasování o návrhu p. Kmenta na zařazení bodu II",https://apl.brno.cz/protokoly-zmb/zmb-z9-34/20260414-5-34399.html
Z9-33-078,Z9/33,2026-03-03,petr-borecky-1,Petr Bořecký,Lidovci a Starostové,Ano,Ano,a06f39e6e5e415b5,ano,,117. Návrh odejmutí svěřeného pozemku p. č. 2639/5 v k. ú. Bohunice městské části Brno-Bohunice,https://apl.brno.cz/protokoly-zmb/zmb-z9-33/20260303-78-45597.html
Z9-34-006,Z9/34,2026-04-14,petr-borecky-1,Petr Bořecký,Lidovci a Starostové,Ano,Ano,d0a4ef7399f60b6d,ano,,"1. Technický bod (zapisovatelé, právní asistence, ověřovatelé zápisu, schválení programu zasedání ZMB) - program",https://apl.brno.cz/protokoly-zmb/zmb-z9-34/20260414-6-34483.html
Z9-34-008,Z9/34,2026-04-14,petr-borecky-1,Petr Bořecký,Lidovci a Starostové,Ano,Ano,71136bd630aa2b1a,ano,,3. Informace k 76. Sudetoněmeckému sněmu konaném ve dnech 22.–25. května 2026 v Brně - hlasování o návrhu pí Vaňkové,https://apl.brno.cz/protokoly-zmb/zmb-z9-34/20260414-8-45083.html
Z9-33-082,Z9/33,2026-03-03,petr-borecky-1,Petr Bořecký,Lidovci a Starostové,Ano,Ano,c0e4a465f7cda8f5,ano,,121. Návrh Plánovací smlouvy „KAM JINAM“,https://apl.brno.cz/protokoly-zmb/zmb-z9-33/20260303-82-45756.html
Z9-34-009,Z9/34,2026-04-14,petr-borecky-1,Petr Bořecký,Lidovci a Starostové,Nehlasoval,Nehlasoval,a00067d5c6a567d1,ano,,3. Informace k 76. Sudetoněmeckému sněmu konaném ve dnech 22.–25. května 2026 v Brně - o hlasování po odrážkách,https://apl.brno.cz/protokoly-zmb/zmb-z9-34/20260414-9-45267.html
Z9-34-010,Z9/34,2026-04-14,petr-borecky-1,Petr Bořecký,Lidovci a Starostové,Ano,Ano,44f98fd549e0ffdd,ano,,3. Informace k 76. Sudetoněmeckému sněmu konaném ve dnech 22.–25. května 2026 v Brně - hlasování o návrhu p. Zemka,https://apl.brno.cz/protokoly-zmb/zmb-z9-34/20260414-10-45342.html
Z9-34-011,Z9/34,2026-04-14,petr-borecky-1,Petr Bořecký,Lidovci a Starostové,Zdržel se,Zdržel se,4d9b0e9ee593a9d1,ano,,3. Informace k 76. Sudetoněmeckému sněmu konaném ve dnech 22.–25. května 2026 v Brně - hlasování o návrhu p. Vencálka,https://apl.brno.cz/protokoly-zmb/zmb-z9-34/20260414-11-45435.html
Z9-34-013,Z9/34,2026-04-14,petr-borecky-1,Petr Bořecký,Lidovci a Starostové,Ano,Ano,ebede24e93acb83d,ano,,6. Přehled účastí na schůzích výborů ZMB,https://apl.brno.cz/protokoly-zmb/zmb-z9-34/20260414-13-45666.html
Z9-34-012,Z9/34,2026-04-14,petr-borecky-1,Petr Bořecký,Lidovci a Starostové,Ne,Ne,43b4b94634b827fd,ano,,3. Informace k 76. Sudetoněmeckému sněmu konaném ve dnech 22.–25. května 2026 v Brně - hlasování o návrhu p. Kmenta,https://apl.brno.cz/protokoly-zmb/zmb-z9-34/20260414-12-45505.html
Z9-34-014,Z9/34,2026-04-14,petr-borecky-1,Petr Bořecký,Lidovci a Starostové,Ano,Ano,13bafcc75c165e82,ano,,7. Návrh na stanovení počtu členů Zastupitelstva města Brna pro volební období 2026–2030 a návrh na ponechání jednoho volebního obvodu na území města Brna pro volby do Zastupitelstva města Brna v roce 2026,https://apl.brno.cz/protokoly-zmb/zmb-z9-34/20260414-14-45697.html
Z9-34-015,Z9/34,2026-04-14,petr-borecky-1,Petr Bořecký,Lidovci a Starostové,Ano,Ano,73e02670e2189a07,ano,,8. Poskytování příspěvků členům Zastupitelstva města Brna,https://apl.brno.cz/protokoly-zmb/zmb-z9-34/20260414-15-45752.html
Z9-34-016,Z9/34,2026-04-14,petr-borecky-1,Petr Bořecký,Lidovci a Starostové,Ano,Ano,e067e5a2b8d05c14,ano,,9. Návrh na uzavření dohod o provedení práce se členy Zastupitelstva města Brna pro hodnocení žádostí o dotace v oblasti kultury,https://apl.brno.cz/protokoly-zmb/zmb-z9-34/20260414-16-45788.html
Z9-34-017,Z9/34,2026-04-14,petr-borecky-1,Petr Bořecký,Lidovci a Starostové,Ano,Ano,237d68e85dd069a3,ano,,"10. Návrh změny stanov obchodních společností ARENA, BKOM, DPMB, LMB, PHSMB, RSMB a. s., SAKO, STAREZ, TSB, Teplárny Brno a BVV",https://apl.brno.cz/protokoly-zmb/zmb-z9-34/20260414-17-45824.html
Z9-34-018,Z9/34,2026-04-14,petr-borecky-1,Petr Bořecký,Lidovci a Starostové,Ano,Ano,4ceea0d97af050d9,ano,,"11. Horkovod z jaderné elektrárny Dukovany do Brna – návrh na založení společností Teplárny Brno Prodej, s. r. o., Teplárny Brno Distribuce, a. s., a Teplárny Brno Výroba, a. s., v rámci unbundlingu společnosti Teplárny Brno, a. s., vč. úpravy",https://apl.brno.cz/protokoly-zmb/zmb-z9-34/20260414-18-45920.html
Z9-34-020,Z9/34,2026-04-14,petr-borecky-1,Petr Bořecký,Lidovci a Starostové,Ano,Ano,f3b30b1b52d22703,ano,,13. Návrh aktualizace Integrované strategie rozvoje Brněnské metropolitní oblasti 2021+,https://apl.brno.cz/protokoly-zmb/zmb-z9-34/20260414-20-46081.html
Z9-34-021,Z9/34,2026-04-14,petr-borecky-1,Petr Bořecký,Lidovci a Starostové,Ano,Ano,d137e1bed522f157,ano,,"14. Zapojení Fondu rezerv a rozvoje v souvislosti s aktualizací rozpočtu akcí zajišťovaných společností Brněnské vodárny a kanalizace, a. s. – duben 2026 – návrh rozpočtového opatření",https://apl.brno.cz/protokoly-zmb/zmb-z9-34/20260414-21-46122.html
Z9-34-019,Z9/34,2026-04-14,petr-borecky-1,Petr Bořecký,Lidovci a Starostové,Ano,Ano,fd6a752a7f639446,ano,,"12. Návrh dodatku č. 4 ke zřizovací listině Centra sociálních služeb, příspěvkové organizace, vč. úpravy",https://apl.brno.cz/protokoly-zmb/zmb-z9-34/20260414-19-46048.html
Z9-34-004,Z9/34,2026-04-14,petr-borecky-1,Petr Bořecký,Lidovci a Starostové,Nehlasoval,Nehlasoval,4309feb0d4cef6e1,ano,,"1. Technický bod (zapisovatelé, právní asistence, ověřovatelé zápisu, schválení programu zasedání ZMB) - program - hlasování o návrhu p. Kmenta na zařazení bodu I",https://apl.brno.cz/protokoly-zmb/zmb-z9-34/20260414-4-34348.html
Z9-34-024,Z9/34,2026-04-14,petr-borecky-1,Petr Bořecký,Lidovci a Starostové,Ano,Ano,5581498ea46fc00e,ano,,17. Návrh rozpočtového opatření – přesun běžných a kapitálových výdajů v rámci rozpočtu Odboru městské informatiky MMB,https://apl.brno.cz/protokoly-zmb/zmb-z9-34/20260414-24-46512.html
Z9-34-022,Z9/34,2026-04-14,petr-borecky-1,Petr Bořecký,Lidovci a Starostové,Ano,Ano,427181228057cc44,ano,,15. Aktualizace rozpočtu Odboru investičního MMB – duben 2026 - návrh rozpočtového opatření,https://apl.brno.cz/protokoly-zmb/zmb-z9-34/20260414-22-46154.html
Z9-34-025,Z9/34,2026-04-14,petr-borecky-1,Petr Bořecký,Lidovci a Starostové,Ano,Ano,39a9071da8e9d24c,ano,,"18. Přesun běžných a kapitálových výdajů v rámci rozpočtu Odboru správy majetku MMB, návrh rozpočtového opatření",https://apl.brno.cz/protokoly-zmb/zmb-z9-34/20260414-25-46544.html
Z9-34-023,Z9/34,2026-04-14,petr-borecky-1,Petr Bořecký,Lidovci a Starostové,Ano,Ano,d5d5fd537af8dbbf,ano,,16. Návrh rozpočtového opatření v souvislosti s realizací nového modulu e-shopu městských služeb Brno iD – „Dotační portál MMB“,https://apl.brno.cz/protokoly-zmb/zmb-z9-34/20260414-23-46477.html
Z9-34-026,Z9/34,2026-04-14,petr-borecky-1,Petr Bořecký,Lidovci a Starostové,Ano,Ano,9fce8c5e865ddafc,ano,,"19. Zapojení Fondu rezerv a rozvoje k financování běžných výdajů Městské policie Brno, návrh rozpočtového opatření",https://apl.brno.cz/protokoly-zmb/zmb-z9-34/20260414-26-46657.html
Z9-34-027,Z9/34,2026-04-14,petr-borecky-1,Petr Bořecký,Lidovci a Starostové,Ano,Ano,004c975b0f2de23b,ano,,"20. Zapojení Fondu rezerv a rozvoje v souvislosti s poskytnutím individuální neinvestiční dotace Nadaci Partnerství, návrh rozpočtového opatření",https://apl.brno.cz/protokoly-zmb/zmb-z9-34/20260414-27-46689.html
Z9-34-029,Z9/34,2026-04-14,petr-borecky-1,Petr Bořecký,Lidovci a Starostové,Ano,Ano,2ead1ab527670d27,ano,,"22. Zapojení Fondu rezerv a rozvoje v souvislosti s navýšením poskytnuté dotace spolku Divadlo Aldente, z. s. na celoroční činnost ""Divadlo herců s Downovým syndromem"" - návrh rozpočtového opatření",https://apl.brno.cz/protokoly-zmb/zmb-z9-34/20260414-29-46753.html
Z9-34-028,Z9/34,2026-04-14,petr-borecky-1,Petr Bořecký,Lidovci a Starostové,Ano,Ano,a93f154c1073407a,ano,,21. Zapojení Fondu rezerv a rozvoje v souvislosti s poskytnutím účelových investičních transferů městským částem – návrh rozpočtového opatření,https://apl.brno.cz/protokoly-zmb/zmb-z9-34/20260414-28-46719.html
Z9-34-030,Z9/34,2026-04-14,petr-borecky-1,Petr Bořecký,Lidovci a Starostové,Ano,Ano,916c0733b9eaa96a,ano,,Body č. 23-25,https://apl.brno.cz/protokoly-zmb/zmb-z9-34/20260414-30-46795.html
Z9-34-031,Z9/34,2026-04-14,petr-borecky-1,Petr Bořecký,Lidovci a Starostové,nepřít.,nepřít.,1f2793c297b4f1d0,ano,,26. Zapojení Fondu rezerv a rozvoje v souvislosti s navýšením finančních prostředků pro dotační program V Aktivity v oblasti národnostních menšin a etnik pro rok 2026 – návrh rozpočtového opatření,https://apl.brno.cz/protokoly-zmb/zmb-z9-34/20260414-31-52450.html
Z9-34-032,Z9/34,2026-04-14,petr-borecky-1,Petr Bořecký,Lidovci a Starostové,Nehlasoval,Nehlasoval,c82ecb994d12476d,ano,,"27. Zapojení Fondu rezerv a rozvoje k financování kapitálových výdajů Odboru městské informatiky MMB, návrh rozpočtového opatření",https://apl.brno.cz/protokoly-zmb/zmb-z9-34/20260414-32-52485.html
Z9-34-033,Z9/34,2026-04-14,petr-borecky-1,Petr Bořecký,Lidovci a Starostové,Ano,Ano,cea540b690c6ff04,ano,,"28. Zapojení Fondu rezerv a rozvoje na krytí provozních nákladů, aktualizace rozpočtu běžných a kapitálových výdajů Odboru dopravy MMB a Fondu mobility – duben 2026 – návrh rozpočtového opatření",https://apl.brno.cz/protokoly-zmb/zmb-z9-34/20260414-33-52536.html
Z9-34-034,Z9/34,2026-04-14,petr-borecky-1,Petr Bořecký,Lidovci a Starostové,Ano,Ano,5e8726e017ee3c7d,ano,,"29. Zapojení Fondu Dáme na vás a Fondu rezerv a rozvoje v souvislosti s financováním projektů participativního rozpočtu, zajištění financování menstruačních potřeb na základních školách v Brně a cen do soutěží – návrh rozpočtových opatření",https://apl.brno.cz/protokoly-zmb/zmb-z9-34/20260414-34-52570.html
Z9-34-035,Z9/34,2026-04-14,petr-borecky-1,Petr Bořecký,Lidovci a Starostové,Ano,Ano,d3751e77f8e13d95,ano,,30. Návrh rozpočtového opatření – zapojení Fondu rezerv a rozvoje k financování kapitálových výdajů Odboru vodního a lesního hospodářství a zemědělství MMB v roce 2026,https://apl.brno.cz/protokoly-zmb/zmb-z9-34/20260414-35-52600.html
Z9-34-036,Z9/34,2026-04-14,petr-borecky-1,Petr Bořecký,Lidovci a Starostové,Ano,Ano,9b50162e83828de2,ano,,"32. Návrh na poskytnutí individuální neinvestiční dotace Brno CreativeDays s. r. o., na realizaci projektu „Brno CreativeDays“",https://apl.brno.cz/protokoly-zmb/zmb-z9-34/20260414-36-52633.html
Z9-34-037,Z9/34,2026-04-14,petr-borecky-1,Petr Bořecký,Lidovci a Starostové,Ano,Ano,03b7ed324a81a657,ano,,"33. Návrh na poskytnutí individuální neinvestiční dotace GALANT BRNO, s. r. o., na projekt Zabezpečení celoročního provozu Sportareálu Družstevní v roce 2026",https://apl.brno.cz/protokoly-zmb/zmb-z9-34/20260414-37-52664.html
Z9-34-038,Z9/34,2026-04-14,petr-borecky-1,Petr Bořecký,Lidovci a Starostové,Ano,Ano,12aa91c4ba0cf84a,ano,,"34. Návrh na poskytnutí individuální neinvestiční dotace spolku Emilova sportovní, z. s., na uspořádání 15. ročníku Evropských her handicapované mládeže Emil Open ve městě Brně v roce 2026",https://apl.brno.cz/protokoly-zmb/zmb-z9-34/20260414-38-52704.html
Z9-34-039,Z9/34,2026-04-14,petr-borecky-1,Petr Bořecký,Lidovci a Starostové,Ano,Ano,72b0f2380d3a965c,ano,,35. Návrh na poskytnutí individuální neinvestiční dotace Vysokému učení technickému v Brně na zabezpečení provozu sportovního areálu Pod Palackého vrchem v rámci projektu Centrum brněnské atletiky pro rok 2026 – návrh rozpočtového opatření,https://apl.brno.cz/protokoly-zmb/zmb-z9-34/20260414-39-52735.html
Z9-34-040,Z9/34,2026-04-14,petr-borecky-1,Petr Bořecký,Lidovci a Starostové,Ano,Ano,f40ccc54705ced1c,ano,,"36. Návrh na poskytnutí individuální neinvestiční dotace z rozpočtu města Brna v letech 2026-2028 společnosti Větrné mlýny s. r. o. na projekt ""Edice Brno 2026, resp. 2027, resp. 2028"" - návrh rozpočtového opatření",https://apl.brno.cz/protokoly-zmb/zmb-z9-34/20260414-40-52765.html
Z9-34-041,Z9/34,2026-04-14,petr-borecky-1,Petr Bořecký,Lidovci a Starostové,Ano,Ano,3e2ee351b463fca2,ano,,"37. Návrh na poskytnutí individuální neinvestiční dotace z rozpočtu města Brna na rok 2026 společnosti Aeropolis s. r. o. na činnost ""Kino Scala v roce 2026"" – návrh rozpočtového opatření",https://apl.brno.cz/protokoly-zmb/zmb-z9-34/20260414-41-52795.html
Z9-34-042,Z9/34,2026-04-14,petr-borecky-1,Petr Bořecký,Lidovci a Starostové,Ano,Ano,02223df8be059baa,ano,,38. Návrh na poskytnutí individuální investiční dotace z rozpočtu města Brna na zhotovení a umístění Poesiomatu v prostoru bývalé Velké synagogy v Brně – návrh smlouvy – návrh rozpočtového opatření,https://apl.brno.cz/protokoly-zmb/zmb-z9-34/20260414-42-52828.html
Z9-34-043,Z9/34,2026-04-14,petr-borecky-1,Petr Bořecký,Lidovci a Starostové,Ano,Ano,6d8bf51a4f6ea960,ano,,"39. Návrh na poskytnutí individuální investiční dotace z rozpočtu statutárního města Brna společnosti Dopravní podnik města Brna, a. s. na projekt “Omezení vjezdu do centra“ – návrh rozpočtového opatření",https://apl.brno.cz/protokoly-zmb/zmb-z9-34/20260414-43-52863.html
Z9-34-045,Z9/34,2026-04-14,petr-borecky-1,Petr Bořecký,Lidovci a Starostové,Ano,Ano,f61c607967860e8b,ano,,41. Návrh na poskytnutí neinvestičních dotací v rámci Programu II – Aktivity v sociální oblasti pro rok 2026 - návrh rozpočtového opatření - žadatel č. 43,https://apl.brno.cz/protokoly-zmb/zmb-z9-34/20260414-45-52966.html
Z9-34-044,Z9/34,2026-04-14,petr-borecky-1,Petr Bořecký,Lidovci a Starostové,Ano,Ano,5723e6dbf8a1c6e2,ano,,40. Návrh na poskytnutí individuálních neinvestičních dotací na rok 2026 organizacím poskytujícím služby v souladu se Strategií politiky statutárního města Brna v oblasti psychoaktivních látek a návykového chování na období 2026-2033,https://apl.brno.cz/protokoly-zmb/zmb-z9-34/20260414-44-52894.html
Z9-34-046,Z9/34,2026-04-14,petr-borecky-1,Petr Bořecký,Lidovci a Starostové,Ano,Ano,48d56d92d6057919,ano,,41. Návrh na poskytnutí neinvestičních dotací v rámci Programu II – Aktivity v sociální oblasti pro rok 2026 - návrh rozpočtového opatření,https://apl.brno.cz/protokoly-zmb/zmb-z9-34/20260414-46-53053.html
Z9-34-047,Z9/34,2026-04-14,petr-borecky-1,Petr Bořecký,Lidovci a Starostové,Ano,Ano,e5d0e2551745fb4f,ano,,42. Návrh na poskytnutí neinvestičních dotací na rok 2026 z Programu III – Aktivity v oblasti drog a závislostí – návrh rozpočtového opatření,https://apl.brno.cz/protokoly-zmb/zmb-z9-34/20260414-47-53145.html
Z9-34-049,Z9/34,2026-04-14,petr-borecky-1,Petr Bořecký,Lidovci a Starostové,Ano,Ano,312184283751a459,ano,,44. Návrh na poskytnutí neinvestičních příspěvků základním školám na zajištění projektu Primární prevence na základních školách – návrh rozpočtového opatření,https://apl.brno.cz/protokoly-zmb/zmb-z9-34/20260414-49-53203.html
Z9-34-048,Z9/34,2026-04-14,petr-borecky-1,Petr Bořecký,Lidovci a Starostové,Ano,Ano,9e32f0c03b1dfddb,ano,,43. Návrh na poskytnutí neinvestičních dotací na rok 2026 z Programu IV – Prevencekriminality – návrh rozpočtového opatření,https://apl.brno.cz/protokoly-zmb/zmb-z9-34/20260414-48-53173.html
Z9-34-050,Z9/34,2026-04-14,petr-borecky-1,Petr Bořecký,Lidovci a Starostové,Ano,Ano,af0e210ba05ae0d1,ano,,"45. Návrh na poskytnutí finančního daru spolku Městský sportovní klub Brno, z. s., na podporu brněnských olympioniků – sportovců seniorů pro rok 2026 – návrh rozpočtového opatření",https://apl.brno.cz/protokoly-zmb/zmb-z9-34/20260414-50-53232.html
Z9-34-051,Z9/34,2026-04-14,petr-borecky-1,Petr Bořecký,Lidovci a Starostové,Ano,Ano,b95ea34cafbcc5d3,ano,,46. Návrh na poskytnutí peněžitého daru Jihomoravskému kraji na podporu audiovize; návrh rozpočtového opatření,https://apl.brno.cz/protokoly-zmb/zmb-z9-34/20260414-51-53261.html
Z9-34-052,Z9/34,2026-04-14,petr-borecky-1,Petr Bořecký,Lidovci a Starostové,Ano,Ano,9a1a801caa10176f,ano,,47. Návrh na poskytnutí finančních podílů z rozpočtu města Brna na projekty prevence kriminality v roce 2026 - návrh rozpočtového opatření,https://apl.brno.cz/protokoly-zmb/zmb-z9-34/20260414-52-53290.html
Z9-34-053,Z9/34,2026-04-14,petr-borecky-1,Petr Bořecký,Lidovci a Starostové,Ano,Ano,01a3c311965c351e,ano,,"48. Návrh na změnu účelu neinvestičního příspěvku schváleného Národnímu divadlu Brno, příspěvkové organizaci, v roce 2026",https://apl.brno.cz/protokoly-zmb/zmb-z9-34/20260414-53-53319.html
Z9-34-054,Z9/34,2026-04-14,petr-borecky-1,Petr Bořecký,Lidovci a Starostové,Ano,Ano,4470de8e338e96c6,ano,,"49. Návrh na změnu účelu využití části investičního příspěvku schváleného Veřejné zeleni města Brna, příspěvkové organizaci – návrh rozpočtového opatření",https://apl.brno.cz/protokoly-zmb/zmb-z9-34/20260414-54-53348.html
Z9-34-056,Z9/34,2026-04-14,petr-borecky-1,Petr Bořecký,Lidovci a Starostové,Ano,Ano,f908ea37f5627ce2,ano,,"50. Návrh dodatku č. 3 smlouvy o poskytnutí dotace z rozpočtu města Brna mezi statutárním městem Brnem a společností SNIP & CO, reklamní společnost, spol. s r.o.",https://apl.brno.cz/protokoly-zmb/zmb-z9-34/20260414-56-53420.html
Z9-34-057,Z9/34,2026-04-14,petr-borecky-1,Petr Bořecký,Lidovci a Starostové,Ano,Ano,3984f87d223dc754,ano,,51. Žádost nadačního fondu MEHRIN o prominutí odvodu za porušení rozpočtové kázně u smlouvy o poskytnutí individuální dotace z rozpočtu města Brna v roce 2025,https://apl.brno.cz/protokoly-zmb/zmb-z9-34/20260414-57-53451.html
Z9-34-058,Z9/34,2026-04-14,petr-borecky-1,Petr Bořecký,Lidovci a Starostové,Ano,Ano,ec89d81bef2908d7,ano,,"52. Žádost společnosti CAURION s. r. o. o prominutí dluhu na nájemném za užívání prostor v budově č. p. 64, Kobližná 10, na pozemku p. č. 147 v k. ú. Město Brno",https://apl.brno.cz/protokoly-zmb/zmb-z9-34/20260414-58-53486.html
Z9-34-059,Z9/34,2026-04-14,petr-borecky-1,Petr Bořecký,Lidovci a Starostové,Ano,Ano,3c48b062b3202d42,ano,,"53. Návrh plné moci pro společnost KAVA, spol.s r. o.",https://apl.brno.cz/protokoly-zmb/zmb-z9-34/20260414-59-53520.html
Z9-34-060,Z9/34,2026-04-14,petr-borecky-1,Petr Bořecký,Lidovci a Starostové,Ano,Ano,165188e875c25a35,ano,,54. Finanční prostředky Fondu kofinancování projektů – duben 2026 – návrh rozpočtových opatření,https://apl.brno.cz/protokoly-zmb/zmb-z9-34/20260414-60-53547.html
Z9-34-062,Z9/34,2026-04-14,petr-borecky-1,Petr Bořecký,Lidovci a Starostové,Ano,Ano,9af3944990db6fc7,ano,,"56. Projekt ""PROTOS"" – účast na projektu",https://apl.brno.cz/protokoly-zmb/zmb-z9-34/20260414-62-53643.html
Z9-34-061,Z9/34,2026-04-14,petr-borecky-1,Petr Bořecký,Lidovci a Starostové,Ano,Ano,c1a0a42981313289,ano,,"55. Projekt ""Stavební úpravy MŠ Brechtova"" – posouzení projektu",https://apl.brno.cz/protokoly-zmb/zmb-z9-34/20260414-61-53598.html
Z9-34-063,Z9/34,2026-04-14,petr-borecky-1,Petr Bořecký,Lidovci a Starostové,Ano,Ano,222206c997970f3c,ano,,"57. Projekt ""Grund.Bunt.Štatl"" - účast na projektu, návrh dohody o spolupráci",https://apl.brno.cz/protokoly-zmb/zmb-z9-34/20260414-63-53678.html
Z9-34-064,Z9/34,2026-04-14,petr-borecky-1,Petr Bořecký,Lidovci a Starostové,Ano,Ano,a39f660064c37be7,ano,,"58. Projekt ""Implementace privátní 5G sítě v areálu Úrazové nemocnice v Brně"" – posouzení projektu, návrh na poskytnutí návratné finanční výpomoci, návrh rozpočtového opatření",https://apl.brno.cz/protokoly-zmb/zmb-z9-34/20260414-64-53707.html
Z9-34-065,Z9/34,2026-04-14,petr-borecky-1,Petr Bořecký,Lidovci a Starostové,Ano,Ano,2b725bda7265cbd7,ano,,"59. Návrh na udělení výjimky ze Statutu bytu pro osamělé rodiče s dětmi, který tvoří přílohu č. 3 Pravidel pronájmu bytů v domech v majetku statutárního města Brna, nájemkyni bytu pro osamělé rodiče s dětmi v domě Vlhká 22, Brno",https://apl.brno.cz/protokoly-zmb/zmb-z9-34/20260414-65-53739.html
Z9-34-066,Z9/34,2026-04-14,petr-borecky-1,Petr Bořecký,Lidovci a Starostové,Ano,Ano,b7b8786fa4928234,ano,,"60. Návrh vzorové dohody o narovnání s bezúplatným převodem podílu města na bytových jednotkách v domech Poslušného 9 v k. ú. Líšeň, 61. Návrh vzorové dohody o narovnání s bezúplatným převodem spoluvlastnických podílů města na b.j. domu č.p. 4387, členům Bytového družstva Vinohrady, družstvo, bezúplatné nabytí podílů na pozemcích p. č. 9395/2–6, vše k. ú. Židenice, (MČ Brno-Vinohrady)",https://apl.brno.cz/protokoly-zmb/zmb-z9-34/20260414-66-53769.html
Z9-34-067,Z9/34,2026-04-14,petr-borecky-1,Petr Bořecký,Lidovci a Starostové,Ano,Ano,c289d1bc325f1103,ano,,62. Záměr prodeje spoluvlastnických podílů na pozemcích v městské části Brno-střed vlastníkům jednotek v bytových domech,https://apl.brno.cz/protokoly-zmb/zmb-z9-34/20260414-67-53798.html
Z9-34-068,Z9/34,2026-04-14,petr-borecky-1,Petr Bořecký,Lidovci a Starostové,Ano,Ano,f6e6ed947a1803d4,ano,,"63. Návrh na zrušení části usnesení Z7/27. zasedání Zastupitelstva města Brna, ze dne 11.4.2017, bod 108 ve věci odejmutí svěřené stavby č. p. 216, bytový dům Dornych 25a, vše v k. ú. Trnitá městské části Brno-střed",https://apl.brno.cz/protokoly-zmb/zmb-z9-34/20260414-68-53830.html
Z9-34-069,Z9/34,2026-04-14,petr-borecky-1,Petr Bořecký,Lidovci a Starostové,Ano,Ano,73390eba3a1c5dae,ano,,"64. Návrh na úhradu náhrad nájemného za sociální byty a náhrad za mimořádné opravy sociálních bytů městským částem, návrh rozpočtového opatření",https://apl.brno.cz/protokoly-zmb/zmb-z9-34/20260414-69-53861.html
Z9-34-070,Z9/34,2026-04-14,petr-borecky-1,Petr Bořecký,Lidovci a Starostové,Ano,Ano,d9bf466cbd438df0,ano,,Body č. 65-69,https://apl.brno.cz/protokoly-zmb/zmb-z9-34/20260414-70-53894.html
Z9-34-071,Z9/34,2026-04-14,petr-borecky-1,Petr Bořecký,Lidovci a Starostové,Ano,Ano,40fc7f26b07198a8,ano,,Body č. 70-78,https://apl.brno.cz/protokoly-zmb/zmb-z9-34/20260414-71-53954.html
Z9-34-072,Z9/34,2026-04-14,petr-borecky-1,Petr Bořecký,Lidovci a Starostové,Ano,Ano,4b9c59a2a70c4bfe,ano,,79. Návrh nabytí vlastnictví k dalším zapsaným a nezapsaným stavbám garáží postavených na pozemcích statutárního města Brna v rozvojové lokalitě při ul. Trýbova,https://apl.brno.cz/protokoly-zmb/zmb-z9-34/20260414-72-53986.html
Z9-34-073,Z9/34,2026-04-14,petr-borecky-1,Petr Bořecký,Lidovci a Starostové,Ano,Ano,f78d3c41ff44f9eb,ano,,80. Návrh nabytí ocelové lávky pro pěší a mostu na pozemku p. č. 960/1 v k. ú. Husovice,https://apl.brno.cz/protokoly-zmb/zmb-z9-34/20260414-73-54043.html
Z9-34-074,Z9/34,2026-04-14,petr-borecky-1,Petr Bořecký,Lidovci a Starostové,Ano,Ano,058fc5d9bd387985,ano,,Body č. 81-88,https://apl.brno.cz/protokoly-zmb/zmb-z9-34/20260414-74-54082.html
Z9-34-075,Z9/34,2026-04-14,petr-borecky-1,Petr Bořecký,Lidovci a Starostové,Ano,Ano,f2e324d4a44ce57c,ano,,"90. Návrh nabytí spoluvlastnických podílů k pozemku p. č. 1757/3 a k části pozemku p. č. 1986 v k. ú. Obřany pro stavbu ""Brno, MČ Obřany - ul. Hradiska a Mlýnské nábřeží, dostavba stokové sítě""",https://apl.brno.cz/protokoly-zmb/zmb-z9-34/20260414-75-54123.html
Z9-34-077,Z9/34,2026-04-14,petr-borecky-1,Petr Bořecký,Lidovci a Starostové,Ano,Ano,3e6e622846ad9f54,ano,,"92. Návrh nabytí spoluvlastnických podílů ve výši id. 1/2 na pozemcích p. č. 1159, p. č. 1160/1 a p. č. 1182, vše v k. ú. Nový Lískovec, pro strategický projekt „Bytová výstavba v lokalitě Kamenný vrch II“, návrh rozpočtového opatření",https://apl.brno.cz/protokoly-zmb/zmb-z9-34/20260414-77-54224.html
Z9-34-079,Z9/34,2026-04-14,petr-borecky-1,Petr Bořecký,Lidovci a Starostové,Ano,Ano,71730fd557404a3c,ano,,"94. Návrh nabytí spoluvlastnického podílu na jednotce (garáž) a na pozemcích v k. ú. Zábrdovice, návrh Dodatku č. 2 ke Zřizovací listině Úrazové nemocnice v Brně",https://apl.brno.cz/protokoly-zmb/zmb-z9-34/20260414-79-54306.html
Z9-34-078,Z9/34,2026-04-14,petr-borecky-1,Petr Bořecký,Lidovci a Starostové,Ano,Ano,a9d74c152e912231,ano,,93. Návrh (ne)nabytí pozemku p. č. 7919/1 v k. ú. Židenice (městská část Brno-Židenice) - var. A,https://apl.brno.cz/protokoly-zmb/zmb-z9-34/20260414-78-54269.html
Z9-34-081,Z9/34,2026-04-14,petr-borecky-1,Petr Bořecký,Lidovci a Starostové,Ano,Ano,9cd8ec67715d33af,ano,,"97. Návrh bezúplatného nabytí pozemků v k. ú. Bosonohy, Řečkovice a Žebětín z vlastnictví České republiky – Úřadu pro zastupování státu ve věcech majetkových do vlastnictví statutárního města Brna bez odr.",https://apl.brno.cz/protokoly-zmb/zmb-z9-34/20260414-81-54443.html
Z9-34-080,Z9/34,2026-04-14,petr-borecky-1,Petr Bořecký,Lidovci a Starostové,Ano,Ano,515314f768620487,ano,,"95. Návrh bezúplatného nabytí nemovitých věcí v k. ú. Bohunice, Medlánky, Nový Lískovec a Řečkovice z vlastnictví České republiky – Úřadu pro zastupování státu ve věcech majetkových do vlastnictví statutárního města Brna s omezujícími podmínkami, 96. Návrh bezúplatného nabytí nemovitých věcí v k. ú. Bosonohy, Bystrc, Pisárky a Žabovřesky z vlastnictví České republiky – Úřadu pro zastupování státu ve věcech majetkových do vlastnictví statutárního města Brna s omezujícími podmínkami",https://apl.brno.cz/protokoly-zmb/zmb-z9-34/20260414-80-54372.html
Z9-34-082,Z9/34,2026-04-14,petr-borecky-1,Petr Bořecký,Lidovci a Starostové,Ano,Ano,ee3ec0abb6068a90,ano,,Body č. 98-105,https://apl.brno.cz/protokoly-zmb/zmb-z9-34/20260414-82-54481.html
Z9-34-083,Z9/34,2026-04-14,petr-borecky-1,Petr Bořecký,Lidovci a Starostové,Ano,Ano,5c81be6416009c88,ano,,Body č. 106-111,https://apl.brno.cz/protokoly-zmb/zmb-z9-34/20260414-83-54515.html
Z9-34-085,Z9/34,2026-04-14,petr-borecky-1,Petr Bořecký,Lidovci a Starostové,Ano,Ano,8181fb7653c7eda6,ano,,113. Návrh směny části pozemku p. č. 352/134 v k. ú. Kníničky za část pozemku p. č. 352/183 v k. ú. Kníničky a návrh odejmutí části svěřeného pozemku p. č. 352/134 v k. ú. Kníničky,https://apl.brno.cz/protokoly-zmb/zmb-z9-34/20260414-85-54592.html
Z9-34-084,Z9/34,2026-04-14,petr-borecky-1,Petr Bořecký,Lidovci a Starostové,Ano,Ano,591669ae5ffab9ea,ano,,"112. Návrh směny pozemků a částí pozemků v k. ú. Černovice a Tuřany, návrh prodeje části pozemku p. č. 2615/56 v k. ú. Černovice a návrh nabytí pozemků v k. ú. Komín, Líšeň a Slatina",https://apl.brno.cz/protokoly-zmb/zmb-z9-34/20260414-84-54557.html
Z9-34-087,Z9/34,2026-04-14,petr-borecky-1,Petr Bořecký,Lidovci a Starostové,Ano,Ano,40f79428a1c2df74,ano,,"116. Návrh budoucí směny pozemků a budoucího zřízení služebnosti veřejného statku na pozemcích v k. ú. Židenice (městská část Brno-Židenice) - ""Bytové domy JULIANA III""",https://apl.brno.cz/protokoly-zmb/zmb-z9-34/20260414-87-54656.html
Z9-34-086,Z9/34,2026-04-14,petr-borecky-1,Petr Bořecký,Lidovci a Starostové,Ano,Ano,df1668cc693e3288,ano,,"115. Návrh budoucí směny pozemku p. č. 2373/24 a pozemku p. č. 2373/8 zastavěného stavbou ve vlastnictví společnosti CHOR investment s. r. o., vše k. ú. Královo Pole",https://apl.brno.cz/protokoly-zmb/zmb-z9-34/20260414-86-54625.html
Z9-34-088,Z9/34,2026-04-14,petr-borecky-1,Petr Bořecký,Lidovci a Starostové,Ano,Ano,7ee412a2856cee05,ano,,Body č. 118-121,https://apl.brno.cz/protokoly-zmb/zmb-z9-34/20260414-88-54722.html
Z9-34-089,Z9/34,2026-04-14,petr-borecky-1,Petr Bořecký,Lidovci a Starostové,Ano,Ano,e796b12db7e4efc2,ano,,"122. Návrh Plánovací smlouvy „Přístavba a nástavba objektu A, Bezručova 22, Brno“",https://apl.brno.cz/protokoly-zmb/zmb-z9-34/20260414-89-54753.html
Z9-34-091,Z9/34,2026-04-14,petr-borecky-1,Petr Bořecký,Lidovci a Starostové,Ano,Ano,ea8f169c8278b802,ano,,124. Návrh Plánovací smlouvy „Základní škola a gymnázium s ubytováním Labyrinth“ - var. B,https://apl.brno.cz/protokoly-zmb/zmb-z9-34/20260414-91-54932.html
Z9-34-090,Z9/34,2026-04-14,petr-borecky-1,Petr Bořecký,Lidovci a Starostové,Zdržel se,Zdržel se,a9c1d6273478193a,ano,,124. Návrh Plánovací smlouvy „Základní škola a gymnázium s ubytováním Labyrinth“ - var. A,https://apl.brno.cz/protokoly-zmb/zmb-z9-34/20260414-90-54846.html
Z9-34-092,Z9/34,2026-04-14,petr-borecky-1,Petr Bořecký,Lidovci a Starostové,Ano,Ano,135e2bc18bda906d,ano,,"125. Dodatek č. 1 ke smlouvě o spolupráci uzavřené mezi statutárním městem Brnem a organizací Správa železnic, státní organizace, související s realizací přestavby železničního uzlu Brno",https://apl.brno.cz/protokoly-zmb/zmb-z9-34/20260414-92-55143.html
Z9-34-093,Z9/34,2026-04-14,petr-borecky-1,Petr Bořecký,Lidovci a Starostové,Ano,Ano,1bb32bfa20e2ec08,ano,,126. Návrh Dodatku č. 1 ke Smlouvě o spolupráci na přípravě a realizaci programů rezidencí začleněných do systému rezidencí „VillaBohema“,https://apl.brno.cz/protokoly-zmb/zmb-z9-34/20260414-93-55174.html
Z9-34-095,Z9/34,2026-04-14,petr-borecky-1,Petr Bořecký,Lidovci a Starostové,Ne,Ne,464cbce24b3af7d6,ano,,Hlasování o návrhu p. Novotného na znovuzařazení bodu č. 3 - Informace k 76. Sudetoněmeckému sněmu konaném ve dnech 22.–25. května 2026 v Brně,https://apl.brno.cz/protokoly-zmb/zmb-z9-34/20260414-95-55610.html
Z9-34-094,Z9/34,2026-04-14,petr-borecky-1,Petr Bořecký,Lidovci a Starostové,Ano,Ano,f0779540b87db048,ano,,"127. Návrh obecně závazné vyhlášky statutárního města Brna, kterou se mění obecně závazná vyhláška statutárního města Brna č. 20/2001, kterou se vydává Statut města Brna, ve znění pozdějších vyhlášek – návrh změn v příloze č. 3",https://apl.brno.cz/protokoly-zmb/zmb-z9-34/20260414-94-55228.html
Z9-35-002,Z9/35,2026-05-19,petr-borecky-1,Petr Bořecký,Lidovci a Starostové,Ano,Ano,157bee051b4d5ef4,ano,,"1. Technický bod (zapisovatelé, právní asistence, ověřovatelé zápisu, schválení programu zasedání ZMB) - program - hlasování o stažení bodu č. 12, 18, 63, 69, 76",https://apl.brno.cz/protokoly-zmb/zmb-z9-35/20260519-2-33235.html
Z9-35-003,Z9/35,2026-05-19,petr-borecky-1,Petr Bořecký,Lidovci a Starostové,Ano,Ano,74c472122e36f976,ano,,"1. Technický bod (zapisovatelé, právní asistence, ověřovatelé zápisu, schválení programu zasedání ZMB) - program - hlasování o zařazení bodu č. 115",https://apl.brno.cz/protokoly-zmb/zmb-z9-35/20260519-3-33262.html
Z9-35-005,Z9/35,2026-05-19,petr-borecky-1,Petr Bořecký,Lidovci a Starostové,Ano,Ano,5b29d559648f4168,ano,,"4. Návrh zastupitelského klubu ANO 2011 na pověření Kontrolního výboru Zastupitelstva města Brna k provedení kontroly společnosti SAKO Brno SOLAR, a. s.",https://apl.brno.cz/protokoly-zmb/zmb-z9-35/20260519-5-33592.html
Z9-35-006,Z9/35,2026-05-19,petr-borecky-1,Petr Bořecký,Lidovci a Starostové,Ano,Ano,42dc57b3e93fa2bc,ano,,"5. Návrh obecně závazné vyhlášky statutárního města Brna, kterou se mění obecně závazná vyhláška města Brna č. 1/1992, kterou se ve městě Brně zřizuje městská policie podle zákona č. 553/1991 Sb., ve znění pozdějších vyhlášek",https://apl.brno.cz/protokoly-zmb/zmb-z9-35/20260519-6-33627.html
Z9-35-007,Z9/35,2026-05-19,petr-borecky-1,Petr Bořecký,Lidovci a Starostové,Ano,Ano,b0dddcaca673f198,ano,,"6. Návrh obecně závazné vyhlášky statutárního města Brna, kterou se mění obecně závazná vyhláška statutárního města Brna č. 11/2017, o nočním klidu, ve znění pozdějších vyhlášek",https://apl.brno.cz/protokoly-zmb/zmb-z9-35/20260519-7-33703.html
Z9-35-008,Z9/35,2026-05-19,petr-borecky-1,Petr Bořecký,Lidovci a Starostové,Ano,Ano,d7866bd7dce5ce24,ano,,"7. Návrh Dodatku č. 2 ke zřizovací listině Kanceláře architekta města Brna, příspěvkové organizace",https://apl.brno.cz/protokoly-zmb/zmb-z9-35/20260519-8-33738.html
Z9-35-009,Z9/35,2026-05-19,petr-borecky-1,Petr Bořecký,Lidovci a Starostové,Ano,Ano,09956fdfa8be3d9b,ano,,8. Návrh Strategie kultury a kreativních odvětví 2026-2035,https://apl.brno.cz/protokoly-zmb/zmb-z9-35/20260519-9-33770.html
Z9-35-001,Z9/35,2026-05-19,petr-borecky-1,Petr Bořecký,Lidovci a Starostové,Ano,Ano,1d37a4c4d25115d2,ano,,"1. Technický bod (zapisovatelé, právní asistence, ověřovatelé zápisu, schválení programu zasedání ZMB) - ověřovatelé zápisu",https://apl.brno.cz/protokoly-zmb/zmb-z9-35/20260519-1-33065.html
Z9-35-012,Z9/35,2026-05-19,petr-borecky-1,Petr Bořecký,Lidovci a Starostové,Ano,Ano,af58a6827360e6ae,ano,,11. Výsledky hospodaření statutárního města Brna za I. čtvrtletí roku 2026,https://apl.brno.cz/protokoly-zmb/zmb-z9-35/20260519-12-33874.html
Z9-35-004,Z9/35,2026-05-19,petr-borecky-1,Petr Bořecký,Lidovci a Starostové,Ano,Ano,4d1774105cc8cc00,ano,,"1. Technický bod (zapisovatelé, právní asistence, ověřovatelé zápisu, schválení programu zasedání ZMB) - program",https://apl.brno.cz/protokoly-zmb/zmb-z9-35/20260519-4-33302.html
Z9-35-013,Z9/35,2026-05-19,petr-borecky-1,Petr Bořecký,Lidovci a Starostové,Ano,Ano,3eb129ab52a09cc9,ano,,"13. Aktualizace rozpočtu akcí zajišťovaných společností Brněnské vodárny a kanalizace, a. s.– květen 2026 – návrh rozpočtového opatření",https://apl.brno.cz/protokoly-zmb/zmb-z9-35/20260519-13-33974.html
Z9-35-014,Z9/35,2026-05-19,petr-borecky-1,Petr Bořecký,Lidovci a Starostové,Ano,Ano,2ac0f5d7cd6cf89c,ano,,14. Aktualizace rozpočtu Odboru investičního MMB – květen 2026 – návrh rozpočtového opatření,https://apl.brno.cz/protokoly-zmb/zmb-z9-35/20260519-14-34007.html
Z9-35-015,Z9/35,2026-05-19,petr-borecky-1,Petr Bořecký,Lidovci a Starostové,Ano,Ano,9081a2d00946ade2,ano,,"15. Schválení investičního záměru na akci ""ZŠ Čejkovická – rekonstrukce hřiště"" – návrh rozpočtového opatření",https://apl.brno.cz/protokoly-zmb/zmb-z9-35/20260519-15-34042.html
Z9-35-016,Z9/35,2026-05-19,petr-borecky-1,Petr Bořecký,Lidovci a Starostové,Ano,Ano,ceacff93256d0f28,ano,,"16. Přesun běžných a kapitálových výdajů v rámci rozpočtu Odboru územního plánování a rozvoje Magistrátu města Brna, návrh rozpočtového opatření",https://apl.brno.cz/protokoly-zmb/zmb-z9-35/20260519-16-34075.html
Z9-35-017,Z9/35,2026-05-19,petr-borecky-1,Petr Bořecký,Lidovci a Starostové,Ano,Ano,52a85836b0376e87,ano,,"17. Zapojení zůstatku Sociálního fondu do rozpočtu běžných výdajů Městské policie Brno, návrh rozpočtového opatření",https://apl.brno.cz/protokoly-zmb/zmb-z9-35/20260519-17-34108.html
Z9-35-018,Z9/35,2026-05-19,petr-borecky-1,Petr Bořecký,Lidovci a Starostové,Ano,Ano,f4d231c7cb13722a,ano,,"19. Zapojení Fondu rezerv a rozvoje v souvislosti s poskytnutím investičního příspěvku Úrazové nemocnici v Brně na pořízení magnetické rezonance, návrh rozpočtového opatření",https://apl.brno.cz/protokoly-zmb/zmb-z9-35/20260519-18-35324.html
Z9-35-010,Z9/35,2026-05-19,petr-borecky-1,Petr Bořecký,Lidovci a Starostové,Ano,Ano,9a491c6387510a0d,ano,,"9. Návrh závěrečného účtu statutárního města Brna za rok 2025, návrh účetní závěrky statutárního města Brna za rok 2025",https://apl.brno.cz/protokoly-zmb/zmb-z9-35/20260519-10-33804.html
Z9-35-019,Z9/35,2026-05-19,petr-borecky-1,Petr Bořecký,Lidovci a Starostové,Ano,Ano,c4e8e1123b847068,ano,,20. Zapojení Fondu rezerv a rozvoje v souvislosti s realizací soutěže o návrh „Socha Lucie Bakešové na Žlutém kopci v Brně“ – návrh rozpočtového opatření,https://apl.brno.cz/protokoly-zmb/zmb-z9-35/20260519-19-35363.html
Z9-35-011,Z9/35,2026-05-19,petr-borecky-1,Petr Bořecký,Lidovci a Starostové,Ano,Ano,f38aa38c98f1d9bd,ano,,"10. Návrh změn rozpočtů účelových fondů a veřejných sbírek města Brna, návrh rozpočtových opatření v souvislosti s finančním vypořádáním rozpočtu města Brna za rok 2025",https://apl.brno.cz/protokoly-zmb/zmb-z9-35/20260519-11-33841.html
Z9-35-020,Z9/35,2026-05-19,petr-borecky-1,Petr Bořecký,Lidovci a Starostové,Ano,Ano,9380016764a56ede,ano,,"21. Zapojení Fondu rezerv a rozvoje v souvislosti s realizací soutěže o návrh „Umělecké dílo s vodním prvkem – Česká"" – návrh rozpočtového opatření",https://apl.brno.cz/protokoly-zmb/zmb-z9-35/20260519-20-35651.html
Z9-35-021,Z9/35,2026-05-19,petr-borecky-1,Petr Bořecký,Lidovci a Starostové,Ano,Ano,437a4510b9acd50a,ano,,"22. Zapojení Fondu rezerv a rozvoje v souvislosti s navýšením individuální neinvestiční dotace STAREZ – SPORT, a. s., na úhradu provozních nákladů ""MFS Srbská"" v období 1. 1. 2026-30. 6.2027 – návrh dodatku dotační smlouvy – návrh rozpočtového opatření",https://apl.brno.cz/protokoly-zmb/zmb-z9-35/20260519-21-36412.html
Z9-35-022,Z9/35,2026-05-19,petr-borecky-1,Petr Bořecký,Lidovci a Starostové,Ano,Ano,1971084eed0fc1aa,ano,,"23. Zapojení Fondu rezerv a rozvoje v souvislosti s poskytnutím individuální neinvestiční dotace organizaci Tady to mám rád, z. s., na projekt Zpřístupnění metodiky přístupu Positive Behaviour Support (PBS) v českém jazyce, návrh rozpočtového opatření",https://apl.brno.cz/protokoly-zmb/zmb-z9-35/20260519-22-36442.html
Z9-35-023,Z9/35,2026-05-19,petr-borecky-1,Petr Bořecký,Lidovci a Starostové,Ano,Ano,0cb6f9f531178aa5,ano,,"24. Zapojení Fondu rezerv a rozvoje v souvislosti s poskytnutím individuální investiční dotace ParaCENTRUFenix, z. s., na kofinancování projektu Vybudování zázemí sociálních služeb ParaCENTRUMFenix, návrh rozpočtového opatření",https://apl.brno.cz/protokoly-zmb/zmb-z9-35/20260519-23-36470.html
Z9-35-024,Z9/35,2026-05-19,petr-borecky-1,Petr Bořecký,Lidovci a Starostové,Ano,Ano,8cf5d78f802afaab,ano,,"25. Zapojení Fondu rezerv a rozvoje v souvislosti s poskytnutím individuální investiční dotace organizaci Naděje na kolech, z. ú., na projekt Zvýšení dostupnosti služby sanity přání pro občany města Brna a JMK, návrh rozpočtového opatření",https://apl.brno.cz/protokoly-zmb/zmb-z9-35/20260519-24-36504.html
Z9-35-025,Z9/35,2026-05-19,petr-borecky-1,Petr Bořecký,Lidovci a Starostové,Ano,Ano,f7383636db6f7174,ano,,"26. Zapojení Fondu rezerv a rozvoje v souvislosti s poskytnutím individuální neinvestiční dotace INSTITUTU SOCIÁLNĚ ZDRAVOTNÍCH STRATEGIÍ z. s. na projekt PORADNA JAKO SLON 2026, návrh rozpočtového opatření",https://apl.brno.cz/protokoly-zmb/zmb-z9-35/20260519-25-36534.html
Z9-35-026,Z9/35,2026-05-19,petr-borecky-1,Petr Bořecký,Lidovci a Starostové,Ano,Ano,c3bc0d80e0586397,ano,,"27. Zapojení Fondu rezerv a rozvoje v souvislosti s vykrytím ztráty vedlejší podnikatelské činnosti města Brna Oddělení Jídelna Odboru vnitřních věcí MMB za rok 2025, návrh rozpočtového opatření",https://apl.brno.cz/protokoly-zmb/zmb-z9-35/20260519-26-36568.html
Z9-35-027,Z9/35,2026-05-19,petr-borecky-1,Petr Bořecký,Lidovci a Starostové,Ano,Ano,54658529bcc92f64,ano,,"28. Zapojení Fondu rezerv a rozvoje v souvislosti s poskytnutím individuální investiční dotace společnosti Technické sítě Brno, akciová společnost na akci ORG 1834 ""Rekonstrukce cesty k hradu Špilberk z ul. Gorazdova"", návrh rozpočtového opatření",https://apl.brno.cz/protokoly-zmb/zmb-z9-35/20260519-27-36601.html
Z9-35-028,Z9/35,2026-05-19,petr-borecky-1,Petr Bořecký,Lidovci a Starostové,Ano,Ano,b0fdc583d5a1c8c1,ano,,29. Zapojení Fondu rezerv a rozvoje k financování běžných výdajů Kanceláře marketingu a cestovního ruchu MMB – návrh rozpočtového opatření,https://apl.brno.cz/protokoly-zmb/zmb-z9-35/20260519-28-36631.html
Z9-35-029,Z9/35,2026-05-19,petr-borecky-1,Petr Bořecký,Lidovci a Starostové,Ano,Ano,e5d759dfd7ad3148,ano,,"30. Zapojení Fondu rezerv a rozvoje v souvislosti s návrhem na poskytnutí individuální investiční dotace JINTEK, z. ú., na realizaci projektu „Spojení Fablabu Brno a Hobbylabu“ – návrh rozpočtového opatření",https://apl.brno.cz/protokoly-zmb/zmb-z9-35/20260519-29-36662.html
Z9-35-030,Z9/35,2026-05-19,petr-borecky-1,Petr Bořecký,Lidovci a Starostové,Ano,Ano,c1b49ec617444d44,ano,,"31. Zapojení Fondu rezerv a rozvoje v souvislosti s poskytnutím investičního transferu městské části Brno-střed, návrh na převod finančních prostředků do Fondu bytové výstavby, návrh rozpočtového opatření",https://apl.brno.cz/protokoly-zmb/zmb-z9-35/20260519-30-36696.html
Z9-35-031,Z9/35,2026-05-19,petr-borecky-1,Petr Bořecký,Lidovci a Starostové,Ano,Ano,6372b5c809b32ef0,ano,,"32. Zapojení Fondu rezerv a rozvoje na zajištění projektového řízení a koordinace rozvoje lokalit Špitálka – Radlas a Staré Brno – Oltec – návrh rozpočtového opatření, návrh smlouvy se společností Realitní společnost města Brna, a. s.",https://apl.brno.cz/protokoly-zmb/zmb-z9-35/20260519-31-36735.html
Z9-35-032,Z9/35,2026-05-19,petr-borecky-1,Petr Bořecký,Lidovci a Starostové,Ano,Ano,4e872b6e5784a56f,ano,,33. Návrh na poskytnutí investičního transferu městské části Brno – střed na akci „Lavička Alfonse Muchy“ – návrh rozpočtového opatření,https://apl.brno.cz/protokoly-zmb/zmb-z9-35/20260519-32-36769.html
Z9-35-034,Z9/35,2026-05-19,petr-borecky-1,Petr Bořecký,Lidovci a Starostové,Ano,Ano,fe4c242d8ac8fe88,ano,,"35. Návrh na poskytnutí individuální neinvestiční dotace z rozpočtu města Brna v letech 2027-2031 Janáčkově akademii múzických umění na projekt ""Mezinárodní soutěž Leoše Janáčka v Brně""",https://apl.brno.cz/protokoly-zmb/zmb-z9-35/20260519-34-36870.html
Z9-35-033,Z9/35,2026-05-19,petr-borecky-1,Petr Bořecký,Lidovci a Starostové,Ano,Ano,007ebe36e69a2eac,ano,,34. Návrh na poskytnutí investičního transferu městské části Brno-Žabovřesky z rozpočtu Odboru vodního a lesního hospodářství a zemědělství MMB – návrh rozpočtového opatření,https://apl.brno.cz/protokoly-zmb/zmb-z9-35/20260519-33-36805.html
Z9-35-035,Z9/35,2026-05-19,petr-borecky-1,Petr Bořecký,Lidovci a Starostové,Ano,Ano,fcd2575d6705c23f,ano,,"36. Návrh na poskytnutí individuální neinvestiční dotace z rozpočtu města Brna na rok 2026 spolku MEMORALL z. s. na projekt ""Zpracování Libreta na expozici ""Winston Churchill je zpět na hradě Veveří"" - návrh rozpočtového opatření",https://apl.brno.cz/protokoly-zmb/zmb-z9-35/20260519-35-36905.html
Z9-35-036,Z9/35,2026-05-19,petr-borecky-1,Petr Bořecký,Lidovci a Starostové,Ano,Ano,ae86ac851a26eeaf,ano,,"37. Návrh na poskytnutí individuální neinvestiční dotace spolku Trenéři ve škole, z. s., na realizaci projektu „Trenéři ve škole“ v období 02/2026-06/2026 – návrh rozpočtového opatření, 38. Návrh na poskytnutí individuální neinvestiční dotace spolku Tripoli Brno, z. s., na uspořádání „Mistrovství světa v malém fotbale 2027“",https://apl.brno.cz/protokoly-zmb/zmb-z9-35/20260519-36-36955.html
Z9-35-037,Z9/35,2026-05-19,petr-borecky-1,Petr Bořecký,Lidovci a Starostové,Ano,Ano,85f6cbf61ea77206,ano,,39. Návrh na poskytnutí neinvestičních dotací na podporu mládežnického sportu pro rok 2026,https://apl.brno.cz/protokoly-zmb/zmb-z9-35/20260519-37-37029.html
Z9-35-038,Z9/35,2026-05-19,petr-borecky-1,Petr Bořecký,Lidovci a Starostové,Ano,Ano,16b1ed9e43d9c078,ano,,Body č. 40-42,https://apl.brno.cz/protokoly-zmb/zmb-z9-35/20260519-38-37079.html
Z9-35-039,Z9/35,2026-05-19,petr-borecky-1,Petr Bořecký,Lidovci a Starostové,Ano,Ano,fdbe1318d11cf43f,ano,,43. Návrh na poskytnutí účelových neinvestičních příspěvků základním školám na mezinárodní projekty v roce 2026 – návrh rozpočtového opatření,https://apl.brno.cz/protokoly-zmb/zmb-z9-35/20260519-39-37113.html
Z9-35-040,Z9/35,2026-05-19,petr-borecky-1,Petr Bořecký,Lidovci a Starostové,Ano,Ano,06e4bcc8dd233c34,ano,,"44. Návrh na poskytnutí investičních a neinvestičních dotací v rámci Programu VI – obnova materiálně technického vybavení poskytovatelů sociálních služeb pro rok 2026-2027, návrh rozpočtového opatření",https://apl.brno.cz/protokoly-zmb/zmb-z9-35/20260519-40-37147.html
Z9-35-041,Z9/35,2026-05-19,petr-borecky-1,Petr Bořecký,Lidovci a Starostové,Ano,Ano,d2d8130bc7bca85e,ano,,"45. Návrh na poskytnutí individuální účelové neinvestiční dotace Nadaci Partnerství na údržbu Otevřeného lesa – část sever v letech 2026–2028 – návrh rozpočtového opatření, 46. Návrh na poskytnutí individuální neinvestiční dotace na projekty Comic-Con Brno & Junior a Kniha Brno",https://apl.brno.cz/protokoly-zmb/zmb-z9-35/20260519-41-37185.html
Z9-35-042,Z9/35,2026-05-19,petr-borecky-1,Petr Bořecký,Lidovci a Starostové,Ano,Ano,617492c26f8dfe32,ano,,47. Návrh na poskytnutí neinvestičních dotací v rámci dotačního programu pro poskytování dotací v oblasti podpory kreativních odvětví na rok 2026 v 8. etapě – “Pro Kreativní Brno” – návrh rozpočtového opatření,https://apl.brno.cz/protokoly-zmb/zmb-z9-35/20260519-42-37221.html
Z9-35-043,Z9/35,2026-05-19,petr-borecky-1,Petr Bořecký,Lidovci a Starostové,Ano,Ano,85e851717ad6ab5c,ano,,"48. Návrh na poskytnutí individuální neinvestiční dotace JCMM, z. s. p. o., na realizaci projektu „Brno Ph.D. Talent 2026“",https://apl.brno.cz/protokoly-zmb/zmb-z9-35/20260519-43-37253.html
Z9-35-044,Z9/35,2026-05-19,petr-borecky-1,Petr Bořecký,Lidovci a Starostové,Ano,Ano,3dc3834a08fdb5cf,ano,,49. Návrh na prodloužení termínu vyúčtování a změnu účelu použití investičních transferů poskytnutých městským částem na rok 2026 – návrh rozpočtového opatření,https://apl.brno.cz/protokoly-zmb/zmb-z9-35/20260519-44-37291.html
Z9-35-045,Z9/35,2026-05-19,petr-borecky-1,Petr Bořecký,Lidovci a Starostové,Ano,Ano,15c5111a36661c3b,ano,,50. Návrh Dodatku č. 1 ke Smlouvě o poskytnutí individuální investiční dotace č. 7225092161 Diecézní charitě Brno,https://apl.brno.cz/protokoly-zmb/zmb-z9-35/20260519-45-37378.html
Z9-35-046,Z9/35,2026-05-19,petr-borecky-1,Petr Bořecký,Lidovci a Starostové,Ano,Ano,19c0b4e8a2da39a0,ano,,"51. Návrh Dodatku č. 1 ke Smlouvě o poskytnutí investiční dotace č. 7225092677 organizaci Domov pro mne, z. s.",https://apl.brno.cz/protokoly-zmb/zmb-z9-35/20260519-46-37463.html
Z9-35-050,Z9/35,2026-05-19,petr-borecky-1,Petr Bořecký,Lidovci a Starostové,Ano,Ano,0755f3662c63edc9,ano,,"54. Návrh Memoranda o spolupráci mezi statutárním městem Brnem, Trenéři ve škole, z. s., a Malý fotbal Brno, z. s., na realizaci projektu podpory pohybových aktivit žáků a žákyň v hodinách tělesné výchovy brněnských základních škol",https://apl.brno.cz/protokoly-zmb/zmb-z9-35/20260519-50-37965.html
Z9-35-048,Z9/35,2026-05-19,petr-borecky-1,Petr Bořecký,Lidovci a Starostové,Ano,Ano,fca83f09fee48b81,ano,,"55. Návrh na přistoupení k Memorandu o vzájemné spolupráci na projektu ""Aktivní škola v JMK"" a návrh dodatku č. 1 k tomuto memorandu mezi statutárním městem Brnem a ostatními stranami memoranda",https://apl.brno.cz/protokoly-zmb/zmb-z9-35/20260519-48-37552.html
Z9-35-049,Z9/35,2026-05-19,petr-borecky-1,Petr Bořecký,Lidovci a Starostové,Ano,Ano,194bd18012d0cf09,ano,,"53. Návrh Dodatku č. 8 ke Smlouvě o závazku veřejné služby a vyrovnávací platbě za jeho výkon uzavřené se STAREZ – SPORT, a. s.",https://apl.brno.cz/protokoly-zmb/zmb-z9-35/20260519-49-37591.html
Z9-35-047,Z9/35,2026-05-19,petr-borecky-1,Petr Bořecký,Lidovci a Starostové,Ano,Ano,407a6ef39b2b6d20,ano,,"52. Návrh dodatku č. 3 ke smlouvě o poskytnutí individuální investiční dotace z rozpočtu města Brna na podporu projektu ""Rozvoj kulturního centra CO.LABS""",https://apl.brno.cz/protokoly-zmb/zmb-z9-35/20260519-47-37501.html
Z9-35-051,Z9/35,2026-05-19,petr-borecky-1,Petr Bořecký,Lidovci a Starostové,Ano,Ano,d798d89bf55f0db9,ano,,"56. Návrh na uzavření Memoranda o spolupráci při realizaci projektu ""Sociálně–zdravotní komplex Červený kopec""",https://apl.brno.cz/protokoly-zmb/zmb-z9-35/20260519-51-38243.html
Z9-35-053,Z9/35,2026-05-19,petr-borecky-1,Petr Bořecký,Lidovci a Starostové,Ano,Ano,650a5b2b3f8f4763,ano,,58. Finanční prostředky Fondu kofinancování projektů – květen 2026 – návrh rozpočtových opatření,https://apl.brno.cz/protokoly-zmb/zmb-z9-35/20260519-53-38308.html
Z9-35-052,Z9/35,2026-05-19,petr-borecky-1,Petr Bořecký,Lidovci a Starostové,Ano,Ano,ab60835e5830406b,ano,,57. Návrh na uzavření Memoranda o spolupráci při podpoře osob s poruchou autistického spektra a pečujících rodin v Jihomoravském kraji a městě Brně,https://apl.brno.cz/protokoly-zmb/zmb-z9-35/20260519-52-38273.html
Z9-35-054,Z9/35,2026-05-19,petr-borecky-1,Petr Bořecký,Lidovci a Starostové,Ano,Ano,411d5b4d58c3f7a6,ano,,Body č. 59-62,https://apl.brno.cz/protokoly-zmb/zmb-z9-35/20260519-54-38345.html
Z9-35-055,Z9/35,2026-05-19,petr-borecky-1,Petr Bořecký,Lidovci a Starostové,Ano,Ano,6bf9a18715b5e67b,ano,,"64. Projekt ""Zlepšení kybernetické bezpečnosti v ÚNB"" - návrh pověřovacího aktu",https://apl.brno.cz/protokoly-zmb/zmb-z9-35/20260519-55-38383.html
Z9-35-056,Z9/35,2026-05-19,petr-borecky-1,Petr Bořecký,Lidovci a Starostové,Ano,Ano,04c7589871b85eff,ano,,"65. Návrh úpravy kritérií pro přihlašování jednotlivců do projektu „Družstevní bydlení pro mladé“, lokalita Kamenný vrch II",https://apl.brno.cz/protokoly-zmb/zmb-z9-35/20260519-56-38416.html
Z9-35-057,Z9/35,2026-05-19,petr-borecky-1,Petr Bořecký,Lidovci a Starostové,Ano,Ano,3fb93ee2cf43eea2,ano,,"66. Návrh změny stanov Společenství vlastníků jednotek V Újezdech 1, Brno pro dům č. p. 535 v k. ú. Medlánky, obec Brno",https://apl.brno.cz/protokoly-zmb/zmb-z9-35/20260519-57-38529.html
Z9-35-058,Z9/35,2026-05-19,petr-borecky-1,Petr Bořecký,Lidovci a Starostové,Ano,Ano,7d0b55e16e1a74a5,ano,,"67. Žádost městské části Brno-Královo Pole o předchozí souhlas s použitím části kladného výsledku hospodaření z vlastní podnikatelské činnosti-bytového hospodářství k jiným účelům, 68.	Žádost městské části Brno-Žabovřesky o předchozí souhlas s použitím části kladného výsledku hospodaření z vlastní podnikatelské činnosti-bytového hospodářství k jiným účelům",https://apl.brno.cz/protokoly-zmb/zmb-z9-35/20260519-58-38565.html
Z9-35-059,Z9/35,2026-05-19,petr-borecky-1,Petr Bořecký,Lidovci a Starostové,Ano,Ano,681deb61384bf746,ano,,"70. Návrh Dodatku č. 1 Dohody o mimosoudním jednání ve věci vypořádání historických závazků plynoucí z družstevní bytové výstavby na území města Brna spolufinancované prostřednictvím státní dotace pro Dvouřádky, bytové družstvo",https://apl.brno.cz/protokoly-zmb/zmb-z9-35/20260519-59-38654.html
Z9-35-060,Z9/35,2026-05-19,petr-borecky-1,Petr Bořecký,Lidovci a Starostové,Nehlasoval,Nehlasoval,4f71a3023d2a05e6,ano,,71. Návrh zpeněžení (prodeje) pozemku p. č. 4701/4 v k. ú. Židenice (městská část Brno-Židenice) formou veřejné elektronické dražby,https://apl.brno.cz/protokoly-zmb/zmb-z9-35/20260519-60-38690.html
Z9-35-062,Z9/35,2026-05-19,petr-borecky-1,Petr Bořecký,Lidovci a Starostové,Ano,Ano,3dd1fa91167e3517,ano,,73. Návrh prodeje pozemku p. č. 1246 v k. ú. Medlánky - bere na vědomí,https://apl.brno.cz/protokoly-zmb/zmb-z9-35/20260519-62-39057.html
Z9-35-061,Z9/35,2026-05-19,petr-borecky-1,Petr Bořecký,Lidovci a Starostové,Ano,Ano,a09b03a3dee5a075,ano,,72. Návrh odejmutí svěřeného pozemku p. č. 592 v k. ú. Lesná a návrh zpeněžení (prodeje) pozemku p. č. 592 v k. ú. Lesná formou veřejné elektronické dražby,https://apl.brno.cz/protokoly-zmb/zmb-z9-35/20260519-61-38729.html
Z9-35-064,Z9/35,2026-05-19,petr-borecky-1,Petr Bořecký,Lidovci a Starostové,Ano,Ano,d8f52e16aa575e3e,ano,,"74. Návrh prodeje pozemků p. č. 2159/18 a p. č. 2159/22, oba v k. ú. Nový Lískovec, 75. Návrh prodeje části pozemku p. č. 967 v k. ú. Brněnské Ivanovice",https://apl.brno.cz/protokoly-zmb/zmb-z9-35/20260519-64-39153.html
Z9-35-063,Z9/35,2026-05-19,petr-borecky-1,Petr Bořecký,Lidovci a Starostové,Ano,Ano,ab8f02f22552768c,ano,,73. Návrh prodeje pozemku p. č. 1246 v k. ú. Medlánky - bod 2 - ZMB neschvaluje,https://apl.brno.cz/protokoly-zmb/zmb-z9-35/20260519-63-39113.html
Z9-35-066,Z9/35,2026-05-19,petr-borecky-1,Petr Bořecký,Lidovci a Starostové,Ano,Ano,4ad23caceb1689a4,ano,,Body č. 78-82,https://apl.brno.cz/protokoly-zmb/zmb-z9-35/20260519-66-39247.html
Z9-35-065,Z9/35,2026-05-19,petr-borecky-1,Petr Bořecký,Lidovci a Starostové,Ano,Ano,f5732a61d3a66007,ano,,77. Návrh nabytí pozemku p. č. 8239/39 v k. ú. Bystrc,https://apl.brno.cz/protokoly-zmb/zmb-z9-35/20260519-65-39211.html
Z9-35-067,Z9/35,2026-05-19,petr-borecky-1,Petr Bořecký,Lidovci a Starostové,Ano,Ano,fddb7bf9fd6b24c0,ano,,Body č. 83-88,https://apl.brno.cz/protokoly-zmb/zmb-z9-35/20260519-67-39296.html
Z9-35-068,Z9/35,2026-05-19,petr-borecky-1,Petr Bořecký,Lidovci a Starostové,Ano,Ano,5ae91a0be0c8d262,ano,,Body č. 89-96,https://apl.brno.cz/protokoly-zmb/zmb-z9-35/20260519-68-39349.html
Z9-35-069,Z9/35,2026-05-19,petr-borecky-1,Petr Bořecký,Lidovci a Starostové,Ano,Ano,a91b84c7cd590289,ano,,97. Návrh souhlasného prohlášení k pozemkům p. č. 6916/33 a p. č.6916/34 v k. ú. Židenice zapsaným v duplicitním vlastnictví statutárního města Brna a podílovém spoluvlastnictví fyzické osoby (městská část Brno-Židenice),https://apl.brno.cz/protokoly-zmb/zmb-z9-35/20260519-69-39384.html
Z9-35-070,Z9/35,2026-05-19,petr-borecky-1,Petr Bořecký,Lidovci a Starostové,Ano,Ano,d9086194269fd54f,ano,,"98. Návrh na odstranění duplicitního zápisu vlastnického práva na listu vlastnictví č. 8350 pro k. ú. Bystrc, obec Brno",https://apl.brno.cz/protokoly-zmb/zmb-z9-35/20260519-70-39417.html
Z9-35-071,Z9/35,2026-05-19,petr-borecky-1,Petr Bořecký,Lidovci a Starostové,Ano,Ano,352db9a8971fd074,ano,,99. Návrh směny pozemků v k. ú. Bosonohy,https://apl.brno.cz/protokoly-zmb/zmb-z9-35/20260519-71-39493.html
Z9-35-073,Z9/35,2026-05-19,petr-borecky-1,Petr Bořecký,Lidovci a Starostové,Ano,Ano,ba8d752b36cea5d5,ano,,"101. Návrh směny částí pozemků p. č. 1031/8 a p. č. 1033/133 za část pozemku p. č. 1035/1, vše v k. ú. Ivanovice pro stavbu „Jezerůvky, Leknínová – rekonstrukce komunikace“ a návrh odejmutí části svěřeného pozemku p. č. 1035/1, k. ú. Ivanovice",https://apl.brno.cz/protokoly-zmb/zmb-z9-35/20260519-73-39671.html
Z9-35-072,Z9/35,2026-05-19,petr-borecky-1,Petr Bořecký,Lidovci a Starostové,Ano,Ano,ec1b1bdf334a2d3c,ano,,"100. Návrh směny pozemků potřebných pro stavbu „I/42, VMO MÚK Ostravská radiála” za bytovou jednotku č. 510/26 v bytovém domě Plachty 510/6",https://apl.brno.cz/protokoly-zmb/zmb-z9-35/20260519-72-39639.html
Z9-35-074,Z9/35,2026-05-19,petr-borecky-1,Petr Bořecký,Lidovci a Starostové,Ano,Ano,afdeadd1cee794a2,ano,,"102. Návrh budoucí směny částí pozemků p. č. 425/1, p. č. 426/2, p. č. 426/4, p. č. 426/5 za pozemek p. č. 423 vše v k. ú. Stránice a návrh budoucího pronájmu pozemku p. č. 423 v k. ú. Stránice",https://apl.brno.cz/protokoly-zmb/zmb-z9-35/20260519-74-39706.html
Z9-35-075,Z9/35,2026-05-19,petr-borecky-1,Petr Bořecký,Lidovci a Starostové,Ano,Ano,d5258dca3e17f1ff,ano,,103. Návrh odejmutí svěřeného pozemku p. č. 750 v k. ú. Horní Heršpice a návrh směny pozemku p. č. 750 v k. ú. Horní Heršpice za pozemek p. č. 1837/46 v k. ú. Štýřice,https://apl.brno.cz/protokoly-zmb/zmb-z9-35/20260519-75-39739.html
Z9-35-077,Z9/35,2026-05-19,petr-borecky-1,Petr Bořecký,Lidovci a Starostové,Ano,Ano,6521f7210369df5f,ano,,Body č. 105-107,https://apl.brno.cz/protokoly-zmb/zmb-z9-35/20260519-77-39813.html
Z9-35-076,Z9/35,2026-05-19,petr-borecky-1,Petr Bořecký,Lidovci a Starostové,Ano,Ano,99bf422ee2e90af1,ano,,104. Návrh odejmutí části svěřeného pozemku p. č. 467/35 v k. ú. Trnitá a návrh směny části pozemku p. č. 467/35 v k. ú. Trnitá,https://apl.brno.cz/protokoly-zmb/zmb-z9-35/20260519-76-39772.html
Z9-35-078,Z9/35,2026-05-19,petr-borecky-1,Petr Bořecký,Lidovci a Starostové,Ano,Ano,67664aae140bdcd2,ano,,108. Návrh svěření pozemku p. č. 69 v k. ú. Trnitá městské části Brno-střed - var. A,https://apl.brno.cz/protokoly-zmb/zmb-z9-35/20260519-78-39859.html
Z9-35-079,Z9/35,2026-05-19,petr-borecky-1,Petr Bořecký,Lidovci a Starostové,Ano,Ano,d2829ac5ea357147,ano,,109. Návrh nesvěření pozemku p. č. 285/132 v k. ú. Žabovřesky městské části Brno-Žabovřesky,https://apl.brno.cz/protokoly-zmb/zmb-z9-35/20260519-79-39900.html
Z9-35-080,Z9/35,2026-05-19,petr-borecky-1,Petr Bořecký,Lidovci a Starostové,Ano,Ano,50340fde63dce5ad,ano,,"110. Návrh plánovací smlouvy pro realizaci stavebních záměrů v lokalitě náměstí Míru a budoucí smlouvy o zřízení služebnosti - bod 1 - var. A, bod 2 - var. B",https://apl.brno.cz/protokoly-zmb/zmb-z9-35/20260519-80-40211.html
Z9-35-081,Z9/35,2026-05-19,petr-borecky-1,Petr Bořecký,Lidovci a Starostové,Ano,Ano,5b52f35ec68a4a0d,ano,,111. Návrh Plánovací smlouvy Bytový dům Terezy Novákové Brno,https://apl.brno.cz/protokoly-zmb/zmb-z9-35/20260519-81-40241.html
Z9-35-082,Z9/35,2026-05-19,petr-borecky-1,Petr Bořecký,Lidovci a Starostové,Ano,Ano,08c632dbe4522405,ano,,112. Návrh Plánovací smlouvy „Bytový dům Slatina“,https://apl.brno.cz/protokoly-zmb/zmb-z9-35/20260519-82-40273.html
Z9-35-083,Z9/35,2026-05-19,petr-borecky-1,Petr Bořecký,Lidovci a Starostové,Ano,Ano,fd3aa7af7f959c11,ano,,"113. Návrh Dodatku č. 3 ke Smlouvě o spolupráci při výstavbě veřejné infrastruktury „Rezidence Pod Lesem, Brno – Žebětín“.",https://apl.brno.cz/protokoly-zmb/zmb-z9-35/20260519-83-40306.html
Z9-35-084,Z9/35,2026-05-19,petr-borecky-1,Petr Bořecký,Lidovci a Starostové,Ano,Ano,97e257d76661b9aa,ano,,"114. Návrh obecně závazné vyhlášky statutárního města Brna, kterou se mění obecně závazná vyhláška statutárního města Brna č. 20/2001, kterou se vydává Statut města Brna, ve znění pozdějších vyhlášek – návrh změn v příloze č. 3",https://apl.brno.cz/protokoly-zmb/zmb-z9-35/20260519-84-40338.html
Z9-35-085,Z9/35,2026-05-19,petr-borecky-1,Petr Bořecký,Lidovci a Starostové,Ano,Ano,08ccbbd80e628ae4,ano,,115. Návrh nabytí části pozemku p.č. 3163/277 v k.ú. Komín pro stavbu „Rozšíření ulice Palcary včetně inženýrských sítí“,https://apl.brno.cz/protokoly-zmb/zmb-z9-35/20260519-85-40378.html
Z9-36-001,Z9/36,2026-06-23,petr-borecky-1,Petr Bořecký,Lidovci a Starostové,Ano,Ano,dff82165b9449d06,ano,,"1. Technický bod (zapisovatelé, právní asistence, ověřovatelé zápisu, schválení programu zasedání ZMB) - ověřovatelé zápisu",https://apl.brno.cz/protokoly-zmb/zmb-z9-36/20260623-1-34250.html
Z9-36-002,Z9/36,2026-06-23,petr-borecky-1,Petr Bořecký,Lidovci a Starostové,Ano,Ano,bd19c5c5995977b3,ano,,"1. Technický bod (zapisovatelé, právní asistence, ověřovatelé zápisu, schválení programu zasedání ZMB) - program - hlasování o stažení bodu č. 79, 87, 115, 137, 157, 158",https://apl.brno.cz/protokoly-zmb/zmb-z9-36/20260623-2-35451.html
Z9-36-005,Z9/36,2026-06-23,petr-borecky-1,Petr Bořecký,Lidovci a Starostové,Ano,Ano,86b9f5ce1f1cde5c,ano,,"1. Technický bod (zapisovatelé, právní asistence, ověřovatelé zápisu, schválení programu zasedání ZMB) - program - zařazení bodu č. 171 - Deklarace města Brna vládě České republiky na podporu silné, nezávislé a regionálně ukotvené České televize Brno a Českého rozhlasu Brno",https://apl.brno.cz/protokoly-zmb/zmb-z9-36/20260623-5-35653.html
Z9-36-004,Z9/36,2026-06-23,petr-borecky-1,Petr Bořecký,Lidovci a Starostové,Ne,Ne,481c0bcb9c347e79,ano,,"1. Technický bod (zapisovatelé, právní asistence, ověřovatelé zápisu, schválení programu zasedání ZMB) - program - hlasování o stažení bodu č. 94",https://apl.brno.cz/protokoly-zmb/zmb-z9-36/20260623-4-35586.html
Z9-36-006,Z9/36,2026-06-23,petr-borecky-1,Petr Bořecký,Lidovci a Starostové,Ano,Ano,50834e58aadf1694,ano,,"1. Technický bod (zapisovatelé, právní asistence, ověřovatelé zápisu, schválení programu zasedání ZMB) - program - hlasování o zařazení bodu č. 166, 167, 168, 169, 170",https://apl.brno.cz/protokoly-zmb/zmb-z9-36/20260623-6-35681.html
Z9-36-007,Z9/36,2026-06-23,petr-borecky-1,Petr Bořecký,Lidovci a Starostové,Ano,Ano,73392dc8a3c9ed91,ano,,"1. Technický bod (zapisovatelé, právní asistence, ověřovatelé zápisu, schválení programu zasedání ZMB) - program - bod č.94 v 10.30",https://apl.brno.cz/protokoly-zmb/zmb-z9-36/20260623-7-35833.html
Z9-36-008,Z9/36,2026-06-23,petr-borecky-1,Petr Bořecký,Lidovci a Starostové,Zdržel se,Zdržel se,3cf0f92b97a53385,ano,,"2. Dotazy, připomínky a podněty občanů - Kounicovy koleje, využití pietní síně - zařazení bodu",https://apl.brno.cz/protokoly-zmb/zmb-z9-36/20260623-8-40447.html
Z9-36-009,Z9/36,2026-06-23,petr-borecky-1,Petr Bořecký,Lidovci a Starostové,Ano,Ano,7d82ad28badf0f86,ano,,"94. Koncesní řízení ""Fotbalový stadion v Brně“, návrh výběru koncesionáře a návrh prodeje pozemků p. č. 809/1, p. č. 1083 a nového, dosud nezapsaného pozemku p. č. 1077/34 vše v k. ú. Ponava s budoucím závazkem",https://apl.brno.cz/protokoly-zmb/zmb-z9-36/20260623-9-54815.html
Z9-36-012,Z9/36,2026-06-23,petr-borecky-1,Petr Bořecký,Lidovci a Starostové,Ano,Ano,ce69880b635f23fc,ano,,6. Návrh na přejmenování ulice na území města Brna,https://apl.brno.cz/protokoly-zmb/zmb-z9-36/20260623-12-55032.html
Z9-36-013,Z9/36,2026-06-23,petr-borecky-1,Petr Bořecký,Lidovci a Starostové,Ano,Ano,87e66fb43c32bfc5,ano,,"7. Návrh obecně závazné vyhlášky statutárního města Brna, kterou se zrušuje obecně závazná vyhláška č. 4/2022, kterou se zakazuje spalování pevných paliv ve stacionárních zdrojích po dobu smogové situace na území statutárního města Brna.",https://apl.brno.cz/protokoly-zmb/zmb-z9-36/20260623-13-55062.html
Z9-36-010,Z9/36,2026-06-23,petr-borecky-1,Petr Bořecký,Lidovci a Starostové,Ano,Ano,2c348d6648ded779,ano,,4. Návrh změny Jednacího řádu Zastupitelstva města Brna,https://apl.brno.cz/protokoly-zmb/zmb-z9-36/20260623-10-54974.html
Z9-36-011,Z9/36,2026-06-23,petr-borecky-1,Petr Bořecký,Lidovci a Starostové,Ano,Ano,d5b5079815e51729,ano,,"5. Návrh na pojmenování nové ulice, náměstí a mostu na území města Brna",https://apl.brno.cz/protokoly-zmb/zmb-z9-36/20260623-11-55004.html
Z9-36-014,Z9/36,2026-06-23,petr-borecky-1,Petr Bořecký,Lidovci a Starostové,Ano,Ano,e5e123f707cc8fc9,ano,,"8. Návrh vstupu statutárního města Brna do spolku BVV Living lab Brno, z. s.",https://apl.brno.cz/protokoly-zmb/zmb-z9-36/20260623-14-55092.html
Z9-36-015,Z9/36,2026-06-23,petr-borecky-1,Petr Bořecký,Lidovci a Starostové,Ano,Ano,5ce4f7dd582e83a7,ano,,Body č. 9-11,https://apl.brno.cz/protokoly-zmb/zmb-z9-36/20260623-15-55156.html
Z9-36-017,Z9/36,2026-06-23,petr-borecky-1,Petr Bořecký,Lidovci a Starostové,Ano,Ano,d7ec74d0de58fa7c,ano,,"15. Finanční hospodaření dobrovolného svazku obcí České dědictví UNESCO za rok 2025, 16.	Finanční hospodaření svazku obcí Cyklistická stezka Brno – Vídeň za rok 2025",https://apl.brno.cz/protokoly-zmb/zmb-z9-36/20260623-17-55230.html
Z9-36-016,Z9/36,2026-06-23,petr-borecky-1,Petr Bořecký,Lidovci a Starostové,Ano,Ano,2ca867e65e11e197,ano,,Body č. 12-14,https://apl.brno.cz/protokoly-zmb/zmb-z9-36/20260623-16-55197.html
Z9-36-018,Z9/36,2026-06-23,petr-borecky-1,Petr Bořecký,Lidovci a Starostové,Ano,Ano,16afde7d0414fb4e,ano,,17. Návrh Dodatku č. 2 ke stanovám dobrovolného svazku obcí „Cyklistická stezka Brno – Vídeň“,https://apl.brno.cz/protokoly-zmb/zmb-z9-36/20260623-18-55258.html
Z9-36-019,Z9/36,2026-06-23,petr-borecky-1,Petr Bořecký,Lidovci a Starostové,Ano,Ano,9ca7fcafa9d22506,ano,,"18. Horkovod z jaderné elektrárny Dukovany do Brna – návrh na vyčlenění části jmění společnosti Teplárny Brno, a. s. a jeho sloučení se společností Teplárny Brno Distribuce, a. s., v rámci unbundlingu společnosti Teplárny Brno, a. s.",https://apl.brno.cz/protokoly-zmb/zmb-z9-36/20260623-19-55351.html
Z9-36-020,Z9/36,2026-06-23,petr-borecky-1,Petr Bořecký,Lidovci a Starostové,Ano,Ano,5edf9c5b89146170,ano,,"19. Veřejný návrh smlouvy na odkup akcií společnosti Brněnské vodárny a kanalizace, a. s.",https://apl.brno.cz/protokoly-zmb/zmb-z9-36/20260623-20-55382.html
Z9-36-021,Z9/36,2026-06-23,petr-borecky-1,Petr Bořecký,Lidovci a Starostové,Ano,Ano,2b2cc542ef6e9e90,ano,,20. Návrh na odpis nákladů zmařených projektových dokumentací z účtu nedokončených investic,https://apl.brno.cz/protokoly-zmb/zmb-z9-36/20260623-21-55412.html
Z9-36-022,Z9/36,2026-06-23,petr-borecky-1,Petr Bořecký,Lidovci a Starostové,Ano,Ano,22fbef2fd6e10e16,ano,,"21. ""ZŠ Waldorfská – statické zabezpečení a rekonstrukce plotu""– návrh rozpočtového opatření, 22.Návrh rozpočtového opatření – navýšení zálohy vyrovnávací platby společnosti STAREZ–SPORT, a. s. v roce 2026 z důvodu změny v rozsahu pořádaných akcí v roce 2026 ze závazku veřejné služby",https://apl.brno.cz/protokoly-zmb/zmb-z9-36/20260623-22-55451.html
Z9-36-024,Z9/36,2026-06-23,petr-borecky-1,Petr Bořecký,Lidovci a Starostové,Ano,Ano,400fe3aadb727674,ano,,Body č. 29-31,https://apl.brno.cz/protokoly-zmb/zmb-z9-36/20260623-24-55579.html
Z9-36-023,Z9/36,2026-06-23,petr-borecky-1,Petr Bořecký,Lidovci a Starostové,Ano,Ano,45165d138ecfe24e,ano,,Body č. 23-28,https://apl.brno.cz/protokoly-zmb/zmb-z9-36/20260623-23-55493.html
Z9-36-025,Z9/36,2026-06-23,petr-borecky-1,Petr Bořecký,Lidovci a Starostové,Ano,Ano,003d7cf6c4a62e93,ano,,"32. Zapojení Fondu rezerv a rozvoje v souvislosti s poskytnutím individuální neinvestiční dotace z rozpočtu města Brna v roce 2026 Nadačnímu fondu MEHRIN na realizaci projektu ""Makor Mehrin"" – návrh rozpočtového opatření",https://apl.brno.cz/protokoly-zmb/zmb-z9-36/20260623-25-55613.html
Z9-36-026,Z9/36,2026-06-23,petr-borecky-1,Petr Bořecký,Lidovci a Starostové,Ano,Ano,dee8ff94f0d5ee3e,ano,,"33. Zapojení Fondu rezerv a rozvoje v souvislosti s poskytnutím víceleté individuální neinvestiční dotace z rozpočtu města Brna v letech 2026–2027 BuranTeatru z. ú. na „Provoz kulturního centra CO.LABS“ – návrh rozpočtového opatření, 34. Zapojení Fondu rezerv a rozvoje v souvislosti s poskytnutím účelového neinvestičního příspěvku Muzeu města Brna, příspěvkové organizaci, na zajištění pozice koordinátora Centra Leoše Janáčka (2026–2029) – návrh rozpočtového opatření",https://apl.brno.cz/protokoly-zmb/zmb-z9-36/20260623-26-55644.html
Z9-36-028,Z9/36,2026-06-23,petr-borecky-1,Petr Bořecký,Lidovci a Starostové,Ano,Ano,bdb4f4c52ef77fd2,ne,Neplatné hlasování podle zveřejněného zápisu; zachováno jen pro dokumentaci.,"36. Zapojení Fondu rezerv a rozvoje v souvislosti s poskytnutím investičního transferu městské části Brno–Žebětín na akci „Víceúčelové sportoviště Brno–Žebětín“ – návrh rozpočtového opatření, 37. Zapojení Fondu rezerv a rozvoje v souvislosti s poskytnutím individuální investiční dotace spolku SK Řečkovice, z. s. na projekt „Nástavba, přístavba a stavební úpravy provozní budovy SK Řečkovice, z. s.“ – návrh rozpočtového opatření",https://apl.brno.cz/protokoly-zmb/zmb-z9-36/20260623-28-55708.html
Z9-36-027,Z9/36,2026-06-23,petr-borecky-1,Petr Bořecký,Lidovci a Starostové,Ano,Ano,97a3c483b92f4eb6,ano,,"35. Zapojení Fondu rezerv a rozvoje v souvislosti s poskytnutím účelových neinvestičních příspěvků Národnímu divadlu Brno, příspěvkové organizaci, v roce 2026 – návrh rozpočtového opatření",https://apl.brno.cz/protokoly-zmb/zmb-z9-36/20260623-27-55675.html
Z9-36-029,Z9/36,2026-06-23,petr-borecky-1,Petr Bořecký,Lidovci a Starostové,Ano,Ano,a6a007d6bd034277,ano,,38. Zapojení Fondu rezerv a rozvoje v souvislosti s poskytnutím individuální investiční dotace Biskupství brněnskému na vybudování Biskupské základní školy G.J. Mendela – návrh rozpočtového opatření,https://apl.brno.cz/protokoly-zmb/zmb-z9-36/20260623-29-55742.html
Z9-36-032,Z9/36,2026-06-23,petr-borecky-1,Petr Bořecký,Lidovci a Starostové,Ano,Ano,d1e8f60577a941c0,ano,,"37. Zapojení Fondu rezerv a rozvoje v souvislosti s poskytnutím individuální investiční dotace spolku SK Řečkovice, z. s. na projekt „Nástavba, přístavba a stavební úpravy provozní budovy SK Řečkovice, z. s.“ – návrh rozpočtového opatření",https://apl.brno.cz/protokoly-zmb/zmb-z9-36/20260623-32-55954.html
Z9-36-030,Z9/36,2026-06-23,petr-borecky-1,Petr Bořecký,Lidovci a Starostové,Ano,Ano,40dc44c3da0dba32,ano,,Body č. 39-42,https://apl.brno.cz/protokoly-zmb/zmb-z9-36/20260623-30-55784.html
Z9-36-031,Z9/36,2026-06-23,petr-borecky-1,Petr Bořecký,Lidovci a Starostové,Nehlasoval,Nehlasoval,eae7cc9328c2c641,ano,,"43. Zapojení Fondu rezerv a rozvoje v souvislosti s poskytnutím a navýšením investičního příspěvku Správě hřbitovů města Brna, příspěvkové organizaci, návrh rozpočtového opatření",https://apl.brno.cz/protokoly-zmb/zmb-z9-36/20260623-31-55836.html
Z9-36-034,Z9/36,2026-06-23,petr-borecky-1,Petr Bořecký,Lidovci a Starostové,Ano,Ano,7d2dd2a1369a7719,ano,,"45. Návrh na poskytnutí daru Ptačímu centru o.p.s., návrh rozpočtového opatření",https://apl.brno.cz/protokoly-zmb/zmb-z9-36/20260623-34-56016.html
Z9-36-033,Z9/36,2026-06-23,petr-borecky-1,Petr Bořecký,Lidovci a Starostové,Ano,Ano,3331dbcb55a4d861,ano,,44. Návrh na poskytnutí peněžitého daru Nadačnímu fondu Josefů K. – návrh rozpočtového opatření,https://apl.brno.cz/protokoly-zmb/zmb-z9-36/20260623-33-55982.html
Z9-36-035,Z9/36,2026-06-23,petr-borecky-1,Petr Bořecký,Lidovci a Starostové,Ano,Ano,93d23cdeb7b1a871,ano,,46. Návrh na poskytnutí investičních dotací v rámci dotačního programu Podpora vytváření zelených střech,https://apl.brno.cz/protokoly-zmb/zmb-z9-36/20260623-35-56070.html
Z9-36-036,Z9/36,2026-06-23,petr-borecky-1,Petr Bořecký,Lidovci a Starostové,Ano,Ano,62a53149a9e5f199,ano,,"47. Návrh na poskytnutí individuální neinvestiční dotace společnosti Společně, o.p.s., na podporu akce Mendel festival 2026 – návrh rozpočtového opatření",https://apl.brno.cz/protokoly-zmb/zmb-z9-36/20260623-36-56102.html
Z9-36-038,Z9/36,2026-06-23,petr-borecky-1,Petr Bořecký,Lidovci a Starostové,Ano,Ano,e455e82d2e2cc0bf,ano,,49. Návrh na poskytnutí víceletých individuálních neinvestičních dotací z rozpočtu města Brna v oblasti kultury v letech 2027–2029,https://apl.brno.cz/protokoly-zmb/zmb-z9-36/20260623-38-56165.html
Z9-36-037,Z9/36,2026-06-23,petr-borecky-1,Petr Bořecký,Lidovci a Starostové,Ano,Ano,75b4dc24cd08fe8a,ano,,48. Návrh na poskytnutí individuální neinvestiční dotace na provoz a vybavení jednotek Hasičského záchranného sboru Jihomoravského kraje,https://apl.brno.cz/protokoly-zmb/zmb-z9-36/20260623-37-56133.html
Z9-36-040,Z9/36,2026-06-23,petr-borecky-1,Petr Bořecký,Lidovci a Starostové,Ano,Ano,eb8a16efe8ec0ea8,ano,,"51. Návrh na poskytnutí individuální neinvestiční dotace z rozpočtu města Brna v letech 2027–2028 spolku Sdružení přátel folkloru v Brně z. s. na projekt ""Mezinárodní folklorní festival Brno""",https://apl.brno.cz/protokoly-zmb/zmb-z9-36/20260623-40-56224.html
Z9-36-039,Z9/36,2026-06-23,petr-borecky-1,Petr Bořecký,Lidovci a Starostové,Ano,Ano,a6bd73459ff45611,ano,,"50. Návrh na poskytnutí individuální neinvestiční dotace z rozpočtu města Brna na rok 2026 společnosti PLUM PRODUCTION, s. r. o., na projekt ""Trůny pozemské a nadzemské"" – návrh rozpočtového opatření",https://apl.brno.cz/protokoly-zmb/zmb-z9-36/20260623-39-56195.html
Z9-36-041,Z9/36,2026-06-23,petr-borecky-1,Petr Bořecký,Lidovci a Starostové,Ano,Ano,e6358dd6644a26d2,ano,,"52. Návrh na poskytnutí individuální neinvestiční dotace z rozpočtu města Brna na rok 2026 organizaci Jihomoravské dobrovolnické centrum z. s., návrh rozpočtového opatření",https://apl.brno.cz/protokoly-zmb/zmb-z9-36/20260623-41-56251.html
Z9-36-042,Z9/36,2026-06-23,petr-borecky-1,Petr Bořecký,Lidovci a Starostové,Ano,Ano,959e554ed6c7d76e,ano,,53. Návrh na poskytnutí individuálních neinvestičních dotací v oblasti školství a mládeže na rok 2026 – návrh rozpočtového opatření,https://apl.brno.cz/protokoly-zmb/zmb-z9-36/20260623-42-56278.html
Z9-36-043,Z9/36,2026-06-23,petr-borecky-1,Petr Bořecký,Lidovci a Starostové,Ano,Ano,9dfcc47b0dc7f906,ano,,"54. Návrh na poskytnutí neinvestičních příspěvků základním školám na realizaci projektu ""Participace ve školách"" – návrh rozpočtového opatření, 55. Návrh na poskytnutí neinvestičních příspěvků mateřským školám na realizaci pilotního projektu ""Participace ve školkách"" – návrh rozpočtového opatření",https://apl.brno.cz/protokoly-zmb/zmb-z9-36/20260623-43-56316.html
Z9-36-044,Z9/36,2026-06-23,petr-borecky-1,Petr Bořecký,Lidovci a Starostové,Ano,Ano,d4a78ad4e6d24dd7,ano,,"56. Návrh na poskytnutí individuální neinvestiční dotace Českému volejbalovému svazu na uspořádání Mistrovství Evropy ve volejbalu žen 2026, 57. Návrh na poskytnutí individuální neinvestiční dotace KOMETA GROUP, spolek na zabezpečení projektu „Podpora Akademie v rámci HC KOMETA BRNO“ v roce 2026",https://apl.brno.cz/protokoly-zmb/zmb-z9-36/20260623-44-56390.html
Z9-36-046,Z9/36,2026-06-23,petr-borecky-1,Petr Bořecký,Lidovci a Starostové,Ano,Ano,c9674a09f2ab6956,ano,,"59. Návrh na poskytnutí neinvestičních dotací na podporu handicapovaných sportovců pro rok 2026, 60. Návrh na poskytnutí neinvestičních dotací na podporu významných sportovních akcí konaných ve městě Brně v roce 2026 – návrh rozpočtového opatření",https://apl.brno.cz/protokoly-zmb/zmb-z9-36/20260623-46-56465.html
Z9-36-045,Z9/36,2026-06-23,petr-borecky-1,Petr Bořecký,Lidovci a Starostové,Ano,Ano,e1c231243238e95e,ano,,58. Návrh na poskytnutí individuálních neinvestičních dotací pro oblast tělovýchovy a sportu pro rok 2026 – I. kolo – návrh rozpočtového opatření,https://apl.brno.cz/protokoly-zmb/zmb-z9-36/20260623-45-56431.html
Z9-36-048,Z9/36,2026-06-23,petr-borecky-1,Petr Bořecký,Lidovci a Starostové,Nehlasoval,Nehlasoval,ad5ac869d8c0fb75,ano,,62. Návrh na poskytnutí individuální neinvestiční dotace na projekt IGNIS BRUNENSIS v roce 2028 - stažení bodu,https://apl.brno.cz/protokoly-zmb/zmb-z9-36/20260623-48-56776.html
Z9-36-047,Z9/36,2026-06-23,petr-borecky-1,Petr Bořecký,Lidovci a Starostové,Ano,Ano,76f003cb6c81e1d1,ano,,"61. Návrh na poskytnutí individuální neinvestiční dotace společnosti KOMETA GROUP, a. s., na úhradu provozních nákladů haly Rondo v roce 2026",https://apl.brno.cz/protokoly-zmb/zmb-z9-36/20260623-47-56497.html
Z9-36-049,Z9/36,2026-06-23,petr-borecky-1,Petr Bořecký,Lidovci a Starostové,Nehlasoval,Nehlasoval,1b52a633258154cd,ano,,62. Návrh na poskytnutí individuální neinvestiční dotace na projekt IGNIS BRUNENSIS v roce 2028 - hlasování o návrhu p. Lahody,https://apl.brno.cz/protokoly-zmb/zmb-z9-36/20260623-49-56994.html
Z9-36-051,Z9/36,2026-06-23,petr-borecky-1,Petr Bořecký,Lidovci a Starostové,Ano,Ano,9356d03b3aeecb3b,ano,,63. Návrh na poskytnutí neinvestičních dotací na zachování a obnovu kulturních památek v roce 2026 – návrh rozpočtového opatření,https://apl.brno.cz/protokoly-zmb/zmb-z9-36/20260623-51-57079.html
Z9-36-050,Z9/36,2026-06-23,petr-borecky-1,Petr Bořecký,Lidovci a Starostové,Ano,Ano,19a73f04e034a6f2,ano,,62. Návrh na poskytnutí individuální neinvestiční dotace na projekt IGNIS BRUNENSIS v roce 2028,https://apl.brno.cz/protokoly-zmb/zmb-z9-36/20260623-50-57033.html
Z9-36-052,Z9/36,2026-06-23,petr-borecky-1,Petr Bořecký,Lidovci a Starostové,Ano,Ano,c02bbf1eb7c32e63,ano,,64. Návrh na přidělení státní dotace od Ministerstva kultury z Programu regenerace městských památkových rezervací a městských památkových zón v roce 2026 a návrh na úhradu povinného podílu města ke státní dotaci – návrh rozpočtového opatření,https://apl.brno.cz/protokoly-zmb/zmb-z9-36/20260623-52-57135.html
Z9-36-054,Z9/36,2026-06-23,petr-borecky-1,Petr Bořecký,Lidovci a Starostové,Nehlasoval,Nehlasoval,3c11ebfa6835e9f8,ano,,"66. Návrh na změnu zatřídění části schváleného investičního příspěvku Domu umění města Brna, příspěvkové organizaci, v roce 2026 – návrh rozpočtového opatření",https://apl.brno.cz/protokoly-zmb/zmb-z9-36/20260623-54-57198.html
Z9-36-053,Z9/36,2026-06-23,petr-borecky-1,Petr Bořecký,Lidovci a Starostové,Ano,Ano,4e93ba6455a07050,ano,,"65. Návrh na změnu účelu schváleného investičního příspěvku Muzeu města Brna, příspěvkové organizace, v roce 2026",https://apl.brno.cz/protokoly-zmb/zmb-z9-36/20260623-53-57168.html
Z9-36-056,Z9/36,2026-06-23,petr-borecky-1,Petr Bořecký,Lidovci a Starostové,Ano,Ano,2d215de44542850b,ano,,"68. Návrh dodatku č. 2 ke smlouvě č. 1522173539 o poskytování veřejné služby a podmínkách poskytnutí vyrovnávací platby za plnění závazku veřejné služby s JCMM, z. s. p. o.",https://apl.brno.cz/protokoly-zmb/zmb-z9-36/20260623-56-57277.html
Z9-36-057,Z9/36,2026-06-23,petr-borecky-1,Petr Bořecký,Lidovci a Starostové,Ano,Ano,265ca442eaae5cf3,ano,,69. Návrh dodatku č. 1 ke smlouvě o poskytnutí dobrovolného peněžitého příplatku ze dne 29.08.2023 a dodatku č. 1 k patronátní smlouvě ze dne 30.08.2023 – Výstavba Multifunkční sportovní a kulturní haly v Brně,https://apl.brno.cz/protokoly-zmb/zmb-z9-36/20260623-57-57366.html
Z9-36-058,Z9/36,2026-06-23,petr-borecky-1,Petr Bořecký,Lidovci a Starostové,Ano,Ano,b5d037c5a256f56f,ano,,70. Návrh Plánu participace – zapojování rodičů v MČ Brno–střed a Brno–sever,https://apl.brno.cz/protokoly-zmb/zmb-z9-36/20260623-58-57394.html
Z9-36-059,Z9/36,2026-06-23,petr-borecky-1,Petr Bořecký,Lidovci a Starostové,Nehlasoval,Nehlasoval,c64de8a81451147b,ano,,71. Návrh Memoranda o spolupráci ke vzniku a rozvoji Center duševního zdraví pro děti a dospívající v Brně,https://apl.brno.cz/protokoly-zmb/zmb-z9-36/20260623-59-57422.html
Z9-36-061,Z9/36,2026-06-23,petr-borecky-1,Petr Bořecký,Lidovci a Starostové,Ano,Ano,a278d5f9d877b17a,ano,,73. Návrh aktualizace Integrované strategie rozvoje Brněnské metropolitní oblasti 2021+,https://apl.brno.cz/protokoly-zmb/zmb-z9-36/20260623-61-57506.html
Z9-36-062,Z9/36,2026-06-23,petr-borecky-1,Petr Bořecký,Lidovci a Starostové,Ano,Ano,5bc3739c81ff8b0d,ano,,74. Zpráva o ex–post evaluaci Integrované strategie rozvoje Brněnské metropolitní oblasti pro uplatnění nástroje ITI (programové období 2014–2020),https://apl.brno.cz/protokoly-zmb/zmb-z9-36/20260623-62-57538.html
Z9-36-055,Z9/36,2026-06-23,petr-borecky-1,Petr Bořecký,Lidovci a Starostové,Ano,Ano,70f2205152eb10f4,ano,,"67. Návrh Dodatku č. 1 ke smlouvě o poskytnutí dotace uzavíraný s ČESKÁ LÉKÁRNA HOLDING, a. s.",https://apl.brno.cz/protokoly-zmb/zmb-z9-36/20260623-55-57247.html
Z9-36-060,Z9/36,2026-06-23,petr-borecky-1,Petr Bořecký,Lidovci a Starostové,Ano,Ano,d6a19c89ace50e01,ano,,72. Návrh prodloužení platnosti Střednědobého plánu rozvoje sociálních služeb ve městě Brně 2023–2026,https://apl.brno.cz/protokoly-zmb/zmb-z9-36/20260623-60-57453.html
Z9-36-064,Z9/36,2026-06-23,petr-borecky-1,Petr Bořecký,Lidovci a Starostové,Ano,Ano,67803510d79371fd,ano,,77. Finanční prostředky Fondu kofinancování projektů – červen 2026 – návrh rozpočtového opatření,https://apl.brno.cz/protokoly-zmb/zmb-z9-36/20260623-64-58221.html
Z9-36-063,Z9/36,2026-06-23,petr-borecky-1,Petr Bořecký,Lidovci a Starostové,Ano,Ano,95a9e1f4daada8e8,ano,,75. Strategie #brno2050 – návrh aktualizovaného znění VIZE 2050 a střednědobé části Strategie – PLÁN 2030,https://apl.brno.cz/protokoly-zmb/zmb-z9-36/20260623-63-57571.html
Z9-36-068,Z9/36,2026-06-23,petr-borecky-1,Petr Bořecký,Lidovci a Starostové,Ano,Ano,88743f6b9c35e26a,ano,,Body č. 82-84,https://apl.brno.cz/protokoly-zmb/zmb-z9-36/20260623-68-58396.html
Z9-36-067,Z9/36,2026-06-23,petr-borecky-1,Petr Bořecký,Lidovci a Starostové,Ano,Ano,0073bd68e208cd74,ano,,"81. Projekt ""Rozvoj ITS v Brně, 6. etapa"" – posouzení projektu",https://apl.brno.cz/protokoly-zmb/zmb-z9-36/20260623-67-58362.html
Z9-36-070,Z9/36,2026-06-23,petr-borecky-1,Petr Bořecký,Lidovci a Starostové,Ano,Ano,45e8d08fafc29620,ano,,"86. Projekt ""Sanace skalního tělesa v Kamenné čtvrti"" – Rozhodnutí o poskytnutí dotace č. 25_089/0005882",https://apl.brno.cz/protokoly-zmb/zmb-z9-36/20260623-70-58456.html
Z9-36-069,Z9/36,2026-06-23,petr-borecky-1,Petr Bořecký,Lidovci a Starostové,Ano,Ano,eaa78b8726afbac0,ano,,"85. Projekt ""Integrace cizinců ve městě Brně VII."" – rozhodnutí o poskytnutí dotace",https://apl.brno.cz/protokoly-zmb/zmb-z9-36/20260623-69-58425.html
Z9-36-071,Z9/36,2026-06-23,petr-borecky-1,Petr Bořecký,Lidovci a Starostové,Ano,Ano,59fcdbaec883f68a,ano,,"88. Návrh výběru banky pro financování realizace projektu ""Družstevní bydlení pro mladé"" lokalita Kamenný vrch II, včetně úvěrových podmínek",https://apl.brno.cz/protokoly-zmb/zmb-z9-36/20260623-71-58488.html
Z9-36-072,Z9/36,2026-06-23,petr-borecky-1,Petr Bořecký,Lidovci a Starostové,Ano,Ano,b6e33fb1c0b15621,ano,,"89. Projekt „Družstevní bydlení pro mladé“ lokalita V Aleji – upřesnění dalšího postupu při realizaci projektu, upřesnění kritérií pro nové žadatele o vstup do projektu, vyhlášení nové výzvy k přihlášení do projektu",https://apl.brno.cz/protokoly-zmb/zmb-z9-36/20260623-72-58523.html
Z9-36-073,Z9/36,2026-06-23,petr-borecky-1,Petr Bořecký,Lidovci a Starostové,Ano,Ano,b5f85df141956675,ano,,"90. Projekt ""Dostupné družstevní bydlení – stávající domy, Mostecká 16"" – založení bytového družstva, záměr vnesení pozemku p. č. 573, k. ú. Husovice do nově vznikajícího bytového družstva, stanovení dalšího postupu a kritérií u žadatelů",https://apl.brno.cz/protokoly-zmb/zmb-z9-36/20260623-73-58687.html
Z9-36-074,Z9/36,2026-06-23,petr-borecky-1,Petr Bořecký,Lidovci a Starostové,Ano,Ano,b74b6f85bf24b8af,ano,,"91. Adresný záměr převodu podílů na bytových jednotkách v domě č. p. 1232 na ul. Opálkova členům Bytového družstva Opálkova, družstvo s nebo bez cenového vyrovnání a podmínky vypořádání podílů na pozemcích p. č. 6261/32, 33, k. ú. Bystrc",https://apl.brno.cz/protokoly-zmb/zmb-z9-36/20260623-74-58722.html
Z9-36-075,Z9/36,2026-06-23,petr-borecky-1,Petr Bořecký,Lidovci a Starostové,Ano,Ano,8dad4de84b7a8176,ano,,"92. Návrh na udělení výjimky ze Statutu startovacího bytu, který je přílohou č. 2 Pravidel pronájmu bytů v domech v majetku statutárního města Brna, ke startovacímu bytu v domě Stamicova 11, Brno – uzavření nájemní smlouvy jako k bytu běžnému obecnímu",https://apl.brno.cz/protokoly-zmb/zmb-z9-36/20260623-75-58752.html
Z9-36-076,Z9/36,2026-06-23,petr-borecky-1,Petr Bořecký,Lidovci a Starostové,Ano,Ano,418f77c43db44cd3,ano,,93. Návrh smlouvy o spolupráci pro realizaci bytové výstavby v k. ú. Nový Lískovec v lokalitě Kamenný vrch II,https://apl.brno.cz/protokoly-zmb/zmb-z9-36/20260623-76-58785.html
Z9-36-078,Z9/36,2026-06-23,petr-borecky-1,Petr Bořecký,Lidovci a Starostové,Ano,Ano,27a81a6b77191442,ano,,102. Návrh na udělení předchozího souhlasu s prodejem nemovitého majetku společnosti Brněnské komunikace a. s. společnosti MS Trnitá 3 a. s. - hlasování o stažení bodu,https://apl.brno.cz/protokoly-zmb/zmb-z9-36/20260623-78-61537.html
Z9-36-079,Z9/36,2026-06-23,petr-borecky-1,Petr Bořecký,Lidovci a Starostové,Ano,Ano,6bff9d8f66e47f3b,ano,,"103. Návrh zpeněžení–prodeje pozemků p. č. 403/1, 403/4, 403/5, 404 v k. ú. Pisárky jejichž součástmi jsou rodinný dům Lipová č.p. 242/č.o. 31, dvě garáže ve veřejné elektronické dražbě",https://apl.brno.cz/protokoly-zmb/zmb-z9-36/20260623-79-61582.html
Z9-36-080,Z9/36,2026-06-23,petr-borecky-1,Petr Bořecký,Lidovci a Starostové,Ano,Ano,2ac16566c9449412,ano,,Body č. 104-107,https://apl.brno.cz/protokoly-zmb/zmb-z9-36/20260623-80-61618.html
Z9-36-081,Z9/36,2026-06-23,petr-borecky-1,Petr Bořecký,Lidovci a Starostové,Ano,Ano,9ee87e439b5f2f04,ano,,"108. Návrh na poskytnutí individuální investiční dotace společnosti STAREZ–SPORT, a. s., na projekt Rekonstrukce hlavní budovy koupaliště Riviéra v redukované podobě",https://apl.brno.cz/protokoly-zmb/zmb-z9-36/20260623-81-61648.html
Z9-36-082,Z9/36,2026-06-23,petr-borecky-1,Petr Bořecký,Lidovci a Starostové,Ano,Ano,a9bd9aad8051a105,ano,,"109. Návrh nabytí pozemku p. č. 2991/37 a části pozemku p. č. 3163/271, oba v k. ú. Komín pro stavbu „Rozšíření ulice Palcary včetně inženýrských sítí“",https://apl.brno.cz/protokoly-zmb/zmb-z9-36/20260623-82-61702.html
Z9-36-083,Z9/36,2026-06-23,petr-borecky-1,Petr Bořecký,Lidovci a Starostové,Ano,Ano,71b6451ac4324aa3,ano,,"110. Návrh nabytí pozemků p. č. 771/5, p. č. 791/6 a p. č. 791/7 vše v k. ú. Trnitá, obec Brno pro stavbu „Přestavba železničního uzlu Brno“ – návrh smlouvy s akceptační lhůtou",https://apl.brno.cz/protokoly-zmb/zmb-z9-36/20260623-83-61732.html
Z9-36-065,Z9/36,2026-06-23,petr-borecky-1,Petr Bořecký,Lidovci a Starostové,Ano,Ano,e3cd6f0c936cbe1a,ano,,"78. Návrh Souhlasného stanoviska zastupitelstva obce s realizací projektu ""Sociální bydlení Hapalova""",https://apl.brno.cz/protokoly-zmb/zmb-z9-36/20260623-65-58252.html
Z9-36-066,Z9/36,2026-06-23,petr-borecky-1,Petr Bořecký,Lidovci a Starostové,Ano,Ano,359811499f1da9a5,ano,,"80. Projekt ""FoodLink (Strengthening urban–rural links for diverse and resilient local food systems)"" – účast na projektu",https://apl.brno.cz/protokoly-zmb/zmb-z9-36/20260623-66-58333.html
Z9-36-086,Z9/36,2026-06-23,petr-borecky-1,Petr Bořecký,Lidovci a Starostové,Ano,Ano,4d6d9fd3a93b48dd,ano,,"120. Návrh na (ne)uznání vlastnického práva ke spoluvlastnickému podílu ve výši id. 1 pozemku p. č. 2211 v k. ú. Židenice formou souhlasného prohlášení, (městská část Brno–Židenice), 121. Návrh na neuznání vlastnického práva České republiky – Úřadu pro zastupování státu ve věcech majetkových k pozemkům p. č. 145/4, 145/46, 152/2, 169/24, 169/30, 169/41, 169/45, 169/46, 169/47 vše v k. ú. Staré Brno",https://apl.brno.cz/protokoly-zmb/zmb-z9-36/20260623-86-61832.html
Z9-36-085,Z9/36,2026-06-23,petr-borecky-1,Petr Bořecký,Lidovci a Starostové,Ano,Ano,610ba63a2b200407,ano,,Body č. 112-119 bez 115,https://apl.brno.cz/protokoly-zmb/zmb-z9-36/20260623-85-61795.html
Z9-36-087,Z9/36,2026-06-23,petr-borecky-1,Petr Bořecký,Lidovci a Starostové,Ano,Ano,955f6cdecc64e271,ano,,"122. Návrh dodatku č.1 ke Smlouvě o budoucí kupní smlouvě, budoucí smlouvě o zřízení služebnosti inženýrské sítě a budoucí smlouvě o zřízení služebnosti veřejného statku – obecného užívání č. 6324175945",https://apl.brno.cz/protokoly-zmb/zmb-z9-36/20260623-87-61864.html
Z9-36-088,Z9/36,2026-06-23,petr-borecky-1,Petr Bořecký,Lidovci a Starostové,Ano,Ano,86f93da590692e31,ano,,Body č. 123-132,https://apl.brno.cz/protokoly-zmb/zmb-z9-36/20260623-88-61902.html
Z9-36-090,Z9/36,2026-06-23,petr-borecky-1,Petr Bořecký,Lidovci a Starostové,Ano,Ano,d2e22db31b2c2dbd,ano,,"149. Návrh směny pozemku p. č. 1545/31 v k. ú. Komín za pozemek p. č. 1545/22 v k. ú. Komín a návrh na odejmutí svěřeného pozemku p. č. 1545/31 v k. ú. Komín (lokalita Komínské louky), 150.	Návrh směny částí pozemku p. č. 470/11 za části pozemku p. č. 490/2 v k. ú. Kohoutovice",https://apl.brno.cz/protokoly-zmb/zmb-z9-36/20260623-90-62007.html
Z9-36-089,Z9/36,2026-06-23,petr-borecky-1,Petr Bořecký,Lidovci a Starostové,Ano,Ano,62acb97b0fb84b2a,ano,,Body č. 133-148 bez 137,https://apl.brno.cz/protokoly-zmb/zmb-z9-36/20260623-89-61953.html
Z9-36-091,Z9/36,2026-06-23,petr-borecky-1,Petr Bořecký,Lidovci a Starostové,Ano,Ano,34e546a8b320e94a,ano,,"151. Návrh budoucí směny části pozemku p. č. 564/1 za části pozemků p. č. 563/3 a p. č. 563/11, vše v k. ú. Řečkovice",https://apl.brno.cz/protokoly-zmb/zmb-z9-36/20260623-91-62038.html
Z9-36-092,Z9/36,2026-06-23,petr-borecky-1,Petr Bořecký,Lidovci a Starostové,Ano,Ano,60ad3da7974effaf,ano,,152. Návrh budoucí směny pozemků a částí pozemků v k. ú. Dolní Heršpice se společností ABB s. r. o.,https://apl.brno.cz/protokoly-zmb/zmb-z9-36/20260623-92-62069.html
Z9-36-077,Z9/36,2026-06-23,petr-borecky-1,Petr Bořecký,Lidovci a Starostové,Ano,Ano,3c2f2c1b34c648ef,ano,,Body č. 95-101,https://apl.brno.cz/protokoly-zmb/zmb-z9-36/20260623-77-58860.html
Z9-36-094,Z9/36,2026-06-23,petr-borecky-1,Petr Bořecký,Lidovci a Starostové,Ano,Ano,bc66988bb12e4301,ano,,Body č. 153-155,https://apl.brno.cz/protokoly-zmb/zmb-z9-36/20260623-94-62165.html
Z9-36-096,Z9/36,2026-06-23,petr-borecky-1,Petr Bořecký,Lidovci a Starostové,Ano,Ano,fe1bebefb013e948,ano,,"159. Návrh na změnu části usnesení Z9/29. zasedání Zastupitelstva města Brna konaného dne 14.10.2025, bod 92 a návrh aktualizovaných příloh zápisu – souhlasných prohlášení k pozemkům v k. ú. Lesná",https://apl.brno.cz/protokoly-zmb/zmb-z9-36/20260623-96-62231.html
Z9-36-095,Z9/36,2026-06-23,petr-borecky-1,Petr Bořecký,Lidovci a Starostové,Ano,Ano,ae256cec235e404e,ano,,156. Návrh odejmutí svěřeného pozemku p. č. 997/231 v k. ú. Kohoutovice a návrh souhlasu s prodejem pozemku p. č. 997/231 v k. ú. Kohoutovice,https://apl.brno.cz/protokoly-zmb/zmb-z9-36/20260623-95-62195.html
Z9-36-097,Z9/36,2026-06-23,petr-borecky-1,Petr Bořecký,Lidovci a Starostové,Ano,Ano,576fe7b43ec02d46,ano,,Body č. 160-163,https://apl.brno.cz/protokoly-zmb/zmb-z9-36/20260623-97-62271.html
Z9-36-098,Z9/36,2026-06-23,petr-borecky-1,Petr Bořecký,Lidovci a Starostové,Ano,Ano,1c17f9e55d480b0a,ano,,164. Vlastní podnět statutárního města Brna na pořízení změny Územního plánu města Brna,https://apl.brno.cz/protokoly-zmb/zmb-z9-36/20260623-98-62571.html
Z9-36-099,Z9/36,2026-06-23,petr-borecky-1,Petr Bořecký,Lidovci a Starostové,Ano,Ano,9b54659608c2a997,ano,,"165. Návrh obecně závazné vyhlášky statutárního města Brna, kterou se mění obecně závazná vyhláška statutárního města Brna č. 20/2001, kterou se vydává Statut města Brna, ve znění pozdějších vyhlášek – návrh změn v příloze č. 3 vč. tech. úpravy",https://apl.brno.cz/protokoly-zmb/zmb-z9-36/20260623-99-62667.html
Z9-36-100,Z9/36,2026-06-23,petr-borecky-1,Petr Bořecký,Lidovci a Starostové,Ano,Ano,34680c8138527ffb,ano,,"166. Návrh změny stanov subjektu Dostupné bydlení Kamenný vrch II, bytové družstvo",https://apl.brno.cz/protokoly-zmb/zmb-z9-36/20260623-100-62697.html
Z9-36-101,Z9/36,2026-06-23,petr-borecky-1,Petr Bořecký,Lidovci a Starostové,Ano,Ano,299bed04e8dc7db3,ano,,"167. Schválení podmínek členství v družstvech Dostupné bydlení Kamenný vrch II., bytové družstvo, Dostupné bydlení V Aleji, bytové družstvo, Dostupné bydlení Mostecká 16, bytové družstvo",https://apl.brno.cz/protokoly-zmb/zmb-z9-36/20260623-101-62727.html
Z9-36-084,Z9/36,2026-06-23,petr-borecky-1,Petr Bořecký,Lidovci a Starostové,Ano,Ano,04b03a11b8461b04,ano,,"111. Návrh nabytí pozemku p. č. 791/3 a stavby garáže v k. ú. Trnitá, obec Brno pro stavbu „Přestavba železničního uzlu Brno“ – návrh smlouvy s akceptační lhůtou",https://apl.brno.cz/protokoly-zmb/zmb-z9-36/20260623-84-61764.html
Z9-36-102,Z9/36,2026-06-23,petr-borecky-1,Petr Bořecký,Lidovci a Starostové,Ano,Ano,68102f184a0151a9,ano,,168. Návrh dodatku č. 4 ke smlouvě o poskytnutí návratné finanční výpomoci č. 7323114056 na projekt CO.LABS,https://apl.brno.cz/protokoly-zmb/zmb-z9-36/20260623-102-62759.html
Z9-36-103,Z9/36,2026-06-23,petr-borecky-1,Petr Bořecký,Lidovci a Starostové,Ano,Ano,23c1114f84dfd7b3,ano,,"169. Nabídka předkupního práva ke stavbě bez č. p./č. e., způsob využití garáž,postavené na pozemcích p. č. 203/14 a p. č. 3863/30, vše v k. ú. Královo Pole, 170. Nabídka předkupního práva ke stavbě č.e.903, způsob využití rodinná rekreace, postavenéna pozemku p.č. 1989 v k.ú. Jundrov",https://apl.brno.cz/protokoly-zmb/zmb-z9-36/20260623-103-62788.html
Z9-36-105,Z9/36,2026-06-23,petr-borecky-1,Petr Bořecký,Lidovci a Starostové,Ano,Ano,cfdd317d064d8c75,ano,,"172. Kounicovy koleje, využití pietní síně - hlasování o stažení bodu",https://apl.brno.cz/protokoly-zmb/zmb-z9-36/20260623-105-63505.html
Z9-36-104,Z9/36,2026-06-23,petr-borecky-1,Petr Bořecký,Lidovci a Starostové,Ano,Ano,17205d6042a1773d,ano,,"171. Deklarace města Brna vládě České republiky na podporu silné, nezávislé a regionálně ukotvené České televize Brno a Českého rozhlasu Brno",https://apl.brno.cz/protokoly-zmb/zmb-z9-36/20260623-104-62982.html
Z9-36-106,Z9/36,2026-06-23,petr-borecky-1,Petr Bořecký,Lidovci a Starostové,Ano,Ano,2473f6565857f1ff,ano,,76. Projekty financované z Fondu kofinancování projektů – červen 2026 – návrh rozpočtového opatření vč. dodatku,https://apl.brno.cz/protokoly-zmb/zmb-z9-36/20260623-106-63888.html
Z9-27-050,Z9/27,2025-06-10,petr-borecky-1,Petr Bořecký,Lidovci a Starostové,Ano,Ano,608fbb9dfb51584f,ne,Neplatné hlasování podle zveřejněného zápisu; zachováno jen pro dokumentaci.,"48. Zapojení Fondu rezerv a rozvoje v souvislosti s návrhem na poskytnutí individuální neinvestiční dotace společnosti Společně, o. p. s., na podporu akce MENDEL FESTIVAL 2025 – návrh rozpočtového opatření",https://apl.brno.cz/protokoly-zmb/zmb-z9-27/20250610-50-37461.html
Z9-31-008,Z9/31,2025-12-10,petr-borecky-1,Petr Bořecký,Lidovci a Starostové,Ano,Ano,a65de2e5eefe106d,ne,Neplatné hlasování podle zveřejněného zápisu; zachováno jen pro dokumentaci.,"8. Návrh obecně závazné vyhlášky statutárního města Brna, kterou se mění obecně závazná vyhláška statutárního města Brna č. 20/2001, kterou se vydává Statut města Brna, ve znění pozdějších vyhlášek - hlasování o čl. 22 odst. 1, písm. b, bod 1",https://apl.brno.cz/protokoly-zmb/zmb-z9-31/20251210-8-30539.html
Z9-33-060,Z9/33,2026-03-03,petr-borecky-1,Petr Bořecký,Lidovci a Starostové,Ano,Ano,8a3847d8334de96d,ne,Neplatné hlasování podle zveřejněného zápisu; zachováno jen pro dokumentaci.,"66. Návrh souhlasů s technickými podmínkami prodeje pozemků p. č. st. 373 v k. ú. Moravská Chrastová a p. č. st. 43 v k. ú. Zboněk z vlastnictví České republiky – Správy železnic, státní organizace, návrh stanovisek k současnému a budoucímu využití pozemků",https://apl.brno.cz/protokoly-zmb/zmb-z9-33/20260303-60-44274.html
Z9-34-007,Z9/34,2026-04-14,petr-borecky-1,Petr Bořecký,Lidovci a Starostové,nepřít.,nepřít.,16583b0ba9947232,ne,Neplatné hlasování podle zveřejněného zápisu; zachováno jen pro dokumentaci.,3. Informace k 76. Sudetoněmeckému sněmu konaném ve dnech 22.–25. května 2026 v Brně,https://apl.brno.cz/protokoly-zmb/zmb-z9-34/20260414-7-40410.html
