osoba_id,zasedani,pdf_strana,pasaz,priorita_rejstriku,zdroj_id
rene-cerny,Z9/01,1,"ZÁPIS o průběhu ustavujícího zasedání Zastupitelstva města Brna č. Z9/01 konaného od 8:00 hodin dne 20. října 2022, v zasedací síni Nové radnice, Dominikánské náměstí č. 1, včetně přijatých usnesení a protokolů o výsledcích hlasování _________________________________________________________________________________ 1. Technický bod Zasedání Zastupitelstva města Brna bylo zahájeno v 8:00 hodin dosavadní primátorkou města Brna JUDr. Markétou Vaňkovou. Při jednání bylo přítomno 54 členů Zastupitelstva města Brna. Omluven: Petr Levíček, MBA. Primátorka JUDr. Markéta Vaňková konstatovala, že zasedání bylo řádně svoláno tak, aby se v souladu s § 91 odst. 1 zákona č. 128/2000 Sb., o obcích (obecní zřízení), v platném znění (dále jen zákona o obcích), konalo do 15 dnů ode dne uplynutí lhůty pro podání návrhu soudu na neplatnost voleb nebo neplatnost hlasování, neboť žádný návrh na neplatnost voleb nebo hlasování nebyl podán. Informace o konání zasedání, podle § 93 odst. 1 zákona o obcích, byla na úřední desce Magistrátu města Brna zveřejněna v souladu se zákonem, a to od 13. října 2022 do 20. října 2022. JUDr. Markéta Vaňková, primátorka, v úvodu upozornila na skutečnost, že jednání Zastupitelstva města Brna je audiovizuálně přenášeno prostřednictvím internetových stránek města a přenos je zaznamenáván, archivován a následně bude zveřejněn. Přítomné občany města Brna informovala, že vzadu ve středové uličce zasedací síně mají k dispozici materiály pro veřejnost. Dále JUDr. Markéta Vaňková, primátorka, sdělila, že byly ustaveny kluby zastupitelů města Brna, jejichž členy se stali všichni členové zastupitelstva zvolení za následující politické subjekty (dle počtu získaných mandátů): SPOLEČNĚ – ODS a TOP 09 – předseda JUDr. Robert Kerndl Bc. Tomáš Aberl Kristýna Černá Ing. David Grund RNDr. Jiří Herman, Ph.D. JUDr. Michal Chládek, MBA Mgr. Vladan Krásný Ing. Petr Kratochvíl Ing. Andrea Pazderová JUDr. PhDr. Martin Příborský, EMLE doc. RNDr. Anna Putnová, Ph.D., MBA MUDr. Dagmar Seidlová, Ph.D. Ing. David Trllo Ing. Pavel Urubek JUDr. Markéta Vaňková Libor Zábranský ANO 2011 – předsedkyně Ing. Karin Karasová Petr Bauer Ing. arch. Petr Bořecký Mgr. René Černý MUDr. Alena Gruberová Bc. Kateřina Jarošová, MBA Ing. Karel Kalivoda Ing. Pavel Kříž, Ph.D. RNDr. Miroslav Kubásek, Ph.D. Mgr. René Novotný Mgr. Pavel Outrata 1",6,36036d38da50510d
rene-cerny,Z9/01,7,"V úvodu projednávání tohoto bodu JUDr. Markéta Vaňková, primátorka, upozornila, že v rámci bodu č. 4) byla určena i funkce 4. náměstkyně/náměstka primátorky města Brna, tudíž proběhne volba i do této funkce. Průběh voleb řídil Mgr. Bc. Marek Viskot, předseda volební komise. Volba 1. náměstkyně/náměstka primátorky města Brna Předseda volební komise vyzval členy Zastupitelstva města Brna k podávání návrhů na funkci 1. náměstkyně/náměstka primátorky města Brna. Členka zastupitelstva Ing. Karin Karasová navrhla zvolit do funkce 1. náměstka primátorky města Brna Mgr. Reného Černého. Jiný návrh na zvolení do funkce 1. náměstkyně/náměstka primátorky města Brna podán nebyl. Navržený kandidát Mgr. René Černý vyslovil souhlas s kandidaturou a přednesl kandidátský projev. Dotazy vzneseny nebyly. Hlasování o volbě 1. náměstka primátorky města Brna. Výsledek hlasování: - hlasování se zúčastnilo ………………… 54 členů Zastupitelstva města Brna - pro Mgr. Reného Černého …………….. 42 hlasů Hlasování č. 10: 42 - 5 - 7 - 0",10,36036d38da50510d
rene-cerny,Z9/01,7,1. náměstkem primátorky města Brna byl zvolen Mgr. René Černý. Volba v pořadí 2. náměstkyně/náměstka primátorky města Brna Předseda volební komise vyzval členy Zastupitelstva města Brna k podávání návrhů na funkci v pořadí 2. náměstkyně/náměstka primátorky města Brna. Člen zastupitelstva JUDr. Michal Marek navrhl zvolit do funkce v pořadí 2. náměstka primátorky města Brna Mgr. Jaroslava Suchého. Jiný návrh na zvolení do funkce 2. náměstkyně/náměstka primátorky města Brna podán nebyl. Navržený kandidát Mgr. Jaroslav Suchý vyslovil souhlas s kandidaturou a přednesl kandidátský projev. Dotazy vzneseny nebyly. Hlasování o volbě v pořadí 2. náměstka primátorky města Brna. Výsledek hlasování: - hlasování se zúčastnilo …………………… 54 členů Zastupitelstva města Brna - pro Mgr. Jaroslava Suchého ……………... 46 hlasů Hlasování č. 11: 46 - 5 - 3 - 0,4,36036d38da50510d
rene-cerny,Z9/01,7,"V pořadí 3. náměstkem primátorky města Brna byl zvolen JUDr. Robert Kerndl. Volba v pořadí 4. náměstkyně/náměstka primátorky města Brna Předseda volební komise vyzval členy Zastupitelstva města Brna k podávání návrhů na funkci v pořadí 4. náměstkyně/náměstka primátorky města Brna. Mgr. René Černý, 1. náměstek primátorky, navrhl zvolit do funkce v pořadí 4. náměstkyně primátorky města Brna Ing. Karin Karasovou. Jiný návrh na zvolení do funkce 4. náměstkyně/náměstka primátorky města Brna podán nebyl. Navržená kandidátka Ing. Karin Karasová vyslovila souhlas s kandidaturou a přednesla kandidátský projev. Dotazy vzneseny nebyly. Hlasování o volbě v pořadí 4. náměstkyně primátorky města Brna. Výsledek hlasování: - hlasování se zúčastnilo ……………………… 54 členů Zastupitelstva města Brna - pro Ing. Karin Karasovou ……………………. 42 hlasů",4,36036d38da50510d
rene-cerny,Z9/01,16,"*** ZMB ukládá předsedovi Výboru pro národnostní menšiny Zastupitelstva města Brna připravit návrh na doplňující volbu členek/členů Výboru pro národnostní menšiny Zastupitelstva města Brna a předložit jej na příští zasedání Zastupitelstva města Brna. T: do příštího zasedání Zastupitelstva města Brna *** úkol č.: [Z9/01/11] zodpovídá: předseda Výboru pro národnostní menšiny [75] termín: [viz usnesení] 12. Delegování zástupkyň/zástupců statutárního města Brna na valné hromady obchodních společností s menší než 100% majetkovou účastí města JUDr. Markéta Vaňková, primátorka, v úvodu projednání tohoto bodu sdělila, že u některých společností již obdržela návrhy na delegování zástupců statutárního města Brna a jejich náhradníků na valné hromady společností. U některých společností očekává návrhy v rámci tohoto zasedání Zastupitelstva města Brna. Automotodrom Brno, a.s. – člen zastupitelstva doc. MUDr. Tomáš Skřička, CSc., uvedl, že písemně navrhl člena zastupitelstva Petra Levíčka, MBA, jako zástupce k zastupování na všech valných hromadách společnosti Automotodrom Brno, a.s. Návrh na náhradníka podán nebyl. Brněnské vodárny a kanalizace, a.s. – byl navržen člen zastupitelstva Ing. David Grund, jako zástupce, Ing. Karin Karasová, náměstkyně primátorky, jako náhradnice. Jihomoravská rozvojová společnost, s.r.o. – byla navržena členka zastupitelstva Kristýna Černá, jako zástupce, Mgr. René Černý, 1. náměstek primátorky, jako náhradník. KORDIS JMK, a.s. – byl navržen Ing. Petr Kratochvíl, člen Rady města Brna, jako zástupce, Ing. arch. Petr Bořecký, člen Rady města Brna, jako náhradník. Technologický Park Brno, a.s. – byl navržen Martin Drdla, MSc., jako zástupce, člen zastupitelstva JUDr. PhDr. Martin Příborský, EMLE, jako náhradník. Jiné návrhy zástupců statutárního města Brna a jejich náhradníků delegovaných na valné hromady výše uvedených společností předloženy nebyly. JUDr. Markéta Vaňková, primátorka – nechala hlasovat o předložených návrzích na delegování zástupců a jejich náhradníků u výše uvedených společností: Hlasování č. 36: 47 - 1 - 5 - 1",1,36036d38da50510d
rene-cerny,Z9/01,19,"Schválené usnesení: ZMB určuje Ing. arch. Petra Bořeckého za člena zastupitelstva spolupracujícího s Odborem územního plánování a rozvoje Magistrátu města Brna při pořizování územně plánovací dokumentace a jejích změn ve smyslu zákona č. 183/2006 Sb., o územním plánování a stavebním řádu (stavební zákon), v platném znění, pro volební období 2022-2026. Ustavující zasedání Zastupitelstva města Brna ukončila (ve 12:30 hod.) JUDr. Markéta Vaňková, primátorka města Brna. JUDr. Markéta Vaňková v. r. Mgr. René Černý v. r.",0,36036d38da50510d
rene-cerny,Z9/04,40,"Mgr. René Černý, 1. náměstek primátorky: Já bych chtěl jenom reagovat na pana kolegu Hollana a o té, o té spádovosti, jak hovořil, že to tam je uvedeno a možná nepřesně, nebo falešně. Já si myslím, že my vycházíme určitě u multifunkční haly z určité, určitého nadregionálního významu této haly a regionálního významu, a já si myslím, že i my tady máme města a lokality, ze kterých je dojezdová vzdálenost, nebo by byla dojezdová vzdálenost do plánované haly méně než hodinu. A dobře víte, jak Vám, jak trvá přejet někdy Brno městskou hromadnou dopravou nebo, nebo nakonec i autem. Takže z Břeclavi, z Hodonína, ze Znojma, ale nakonec i mimo region, myslím tím teďka Kraj Vysočina, z Jihlavy, po dálnici jste za hodinu na kulturní akci v multifunkční hale.",0,a43c0850f687c0a3
rene-cerny,Z9/03,41,"Mgr. René Černý, 1. náměstek primátorky: Já bych si dovolil reagovat na kolegu Hollana. Vy jste tady trošku vystřihl, vlastně, z celého toho návrhu rozpočtu na příští rok 1 kapitolu. Já to chápu, je Vám to blízké. A vybral jste si, vybral jste si akce, na kterých Vám záleží, možná mě trošku mrzí, že jste vybral jenom jedno divadlo a srovnáváte ho zase s druhým divadlem. Nemyslím si, že by to bylo úplně korektní. A chtěl bych ale trošku připomenout, nebo dovolím si připomenout, a samozřejmě nejen Vám, že ten rozpočet musí počítat s takovými věcmi, jako je 150 základních škol, domovy pro seniory, Městská hromadná doprava, to všechno jsou instituce, které zasáhla energetická krize. A když hovoříte o, a dovolte, já použiji Vaše slova, zásadních nedostatcích v katastrofálním rozpočtu, nesmíte se zlobit, že takle reaguji, protože mně to připadá příliš expresivní, při myšlence, že Vy jste vynechal celé kapitoly toho rozpočtu. A Vy se zabýváte pouze 1. Bc. Matěj Hollan: Já myslím, že nikdo nechceme, abych začal komentovat i ty další kapitoly. Já jsem na to klidně připravený. Ale protože kultura je moje profesní věc, tak se zaměřuji jenom na to, protože ten nepořádek je uvnitř té kapitoly a dá se to řešit v rámci ní.",2,31d42a3a0b7a27be
rene-cerny,Z9/05,38,"Mgr. René Černý, 1. náměstek primátorky: A já bych chtěl jenom odpovědět paní kolegyni Drápalové. Já ji chápu, že se o to zajímá, a chtěl bych ji ubezpečit, že už jsme v době, kdy při jakémkoliv investičním záměru, který se týká výstavby budov, s tím počítáme prakticky automaticky, s tou energetickou náročností.",0,855e8c7abe4c7621
rene-cerny,Z9/05,77,"Mgr. René Černý, 1. náměstek primátorky: Já bych chtěl na to reagovat, pane kolego, byl jsem tam, byli jsme se, byli jsme tam v jisté sestavě, i s Odborem investičním, prošli jsme si celou tu lokalitu, zaměřili jsme se samozřejmě na ten stadion, protože už když jsme tam směřovali, tak jsme tušili, že není ve stavu, kdy ho můžeme, kdy ho budeme moci do budoucna takhle nechat, a ani nechceme. Samotného mě to velice mrzí, ale prostě stadion za Lužánkami, fotbalový, je v takovém stavu, že je zralý na demoliční výměr. Za této situace tam dovolit realizovat projekt, který by mohl nějakým způsobem, a kolega Aberl to tady už řekl, ohrozit ty sportující, by asi nebylo zodpovědné. A pokud bych měl si dovolit parafrázovat, nebo použít Vaše slova, já si zase naopak myslím, že pokud bysme tam i finanční prostředky teďka, do tohoto projektu PARO, pustili, že by to bylo trošku plivnutí do tváře daňovým poplatníkům. Protože my přece víme, že to území chceme uchopit jinak, koncepčně, že chceme dokonce možná zadat nějakou studii na využití toho území. A realizovat tam teďka něco, co nebude odpovídat tomu budoucímu využití, by bylo trošku plýtvání, nemyslíte?",0,855e8c7abe4c7621
rene-cerny,Z9/05,79,"Mgr. René Černý, 1. náměstek primátorky: Já samozřejmě nechci se mýlit, možná Tomáš Pivec mě opraví, ale myslím si, že to je v rámci protipovodňových opatření. Tomáš Pivec kýve, takže to není žádné budoucí dopravní omezení, ale je to prostě v rámci stavby, která tam probíhá, PPO.",0,855e8c7abe4c7621
rene-cerny,Z9/05,80,"Mgr. René Černý, 1. náměstek primátorky: Nezůstane. Je to kvůli té stavbě těch protipovodňových opatření, je to dočasně. Ten provoz je tam samozřejmě kvůli těm protipovodňovkám omezen, toto je bohužel jedno z dalších omezení, ale je to dočasné. To je asi všechno k tomu.",0,855e8c7abe4c7621
rene-cerny,Z9/05,80,"Mgr. René Černý, 1. náměstek primátorky: Pane kolego Hollane, já se cítím, cítím nějakou potřebu se Vás zeptat, jakou centrálu jste myslel? Možná Vy máte nějakou centrálu, my žádnou centrálu nemáme. A podobně jako kolega Kratochvíl, nevím, kde jste na těch informacích byl, ale já je nemám. A co se týká výstavnictví a rezignace na výstavnictví v Brně. No, tak my jsme na nic pochopitelně nerezignovali, ani nechceme rezignovat, a právě proto chceme, aby výběrové řízení na ředitele BVV proběhlo co nejdůkladněji,",0,855e8c7abe4c7621
rene-cerny,Z9/05,82,"Mgr. René Černý, 1. náměstek primátorky: Tak. Já bych chtěl, pane kolego, říct, že můžete mít kohokoliv na cokoliv, ale nikam ho nedáváte. To nejde jako, si říct, my někoho máme, tak ho tam dáme. Možná byste to tak dělal Vy. Dokud tady budeme my, respektive já, tak to takhle dělat nebudeme. To je první věc. K té Vaší řeči bych jenom řekl, že těch spekulací tam bylo trošku moc, některé si navzájem i odporovaly, a neřekl jsem nic, co by bylo v rozporu s tím, co říkal kolega Kratochvíl. Já jsem pouze řekl, že nevím o žádné centrále, a ptal jsem se Vás, jestli tu centrálu máte někde Vy. To jste mně neodpověděl. No, a já, abych nezdržoval, tak bych chtěl říct, a Vám především, že by bylo úplně nejlepší to nechat na výběrové komisi a nedoporučovat jí žádný postup, ani nikoho, koho by měla vybrat. A my jsme to to taky nedělali, znovu říkám, že je to Vaše spekulace. A já jsem přesvědčený o tom, že to výběrové řízení dopadne tak, že komise vybere toho nejlepšího a nejschopnějšího.",0,855e8c7abe4c7621
rene-cerny,Z9/06,18,"Mgr. René Černý, 1. náměstek primátorky: Já se nechci úplně vyjadřovat k tomu, co tady zaznělo, především od pana kolegy, zastupitele Hollana. Byla to spousta informací, některé byly zavádějící, některé spojovaly věci, které se spojovat nedají. Dovolte mi pouze jakýsi apel v této situaci. A to, co tady zaznělo od pana kolegy, vypadalo jako urputná snaha nevyhovět, nezvládnout situaci, nějakým způsobem se nesnažit o to, abysme ten problém, který tady je, vyřešili. Já bych chtěl nabídnout úplný opak. Urputnou snahu tento problém vyřešit. A zároveň si myslím, a doteďka cítím jakési takové osobní zklamání. Já si myslím, že bysme tady měli cítit jakousi uměleckou solidaritu. A ta umělecká solidarita by měla vést k tomu, abysme to divadlo, které se teďka ocitlo v nějakých problémech, tak abysme mu pomohli a abysme ho někam umístili. Zpočátku možná dočasně a potom, později, i na delší dobu. A my místo toho tady posloucháme, které divadlo je lepší, které je známější, které je soukromé, nebo které je státní. To přece vůbec není důležité. Důležité je, abysme tadyten problém vyřešili a abysme pomohli někomu, kdo Brno uvedl ve velkou známost. Tak se nad tím, proboha, trošku zamysleme a nevytvářejme tadytakové nepřátelské prostředí.",0,e715158e17e939ea
rene-cerny,Z9/09,1,"Omluveni: Mgr. René Černý, 1. náměstek primátorky, Mgr. Jasna Flamiková, Bc. Tomáš Koláčný (do 10:00 hod.) a Mgr. René Novotný.",0,3662325cd3a42957
rene-cerny,Z9/10,2,"Mgr. René Černý, 1. náměstek primátorky – požádal o technickou pomoc z důvodu nefunkčního hlasovacího zařízení.",2,eb0d7acd8a1bcc62
rene-cerny,Z9/14,20,"Mgr. René Černý, 1. náměstek primátorky: Ano. Já se omlouvám, mně to opravdu nedá, nemám dotaz na pana náměstka, ale já musím reagovat na paní kolegyni Flamikovou a na tu lanovku. A proč chci reagovat? Několikrát jsme, paní kolegyně, od Vás slyšeli, jak se zasazujete o snižování emisí ve městě Brně a chcete regulovat dopravu. A tady brojíte proti lanovce. Říkáte, že to je ekonomický nesmysl. Já bych se chtěl zeptat, jak jste na to přišla? A ta, ta lanovka má přece pomoct dopravě a přetíženým úsekům v městě Brně a má vlastně nějakým způsobem motivovat řidiče, kteří přijíždí do Brna, aby zanechali své automobily třeba někde nahoře u kampusu a do středu města Brna právě sjeli, sjeli tou lanovkou.",0,198b605f95c9e2a9
rene-cerny,Z9/14,27,"Mgr. René Černý, 1. náměstek primátorky: Ten mo, ta, ten momentální stav je takový, že po tom, co jsme požádali zástupce francouzského ankcio, akcionáře SUEZ a.s. o tlumočení nejvyššímu vedení SUEZ zájem statutárního města Brna odkoupit 47% podíl v Brněnských vodárnách a kanalizacích, tak jsme zároveň požádali o odpověď do 12. 1., k čemuž, k čemuž nedošlo, ale odpověď, odpověď i se zpožděním přišla, přišla minulý týden, ve čtvrtek. Jsou v ní, jsou v ní různé varianty řešení, celkem 4. Zatím, zatím bychom přistoupili k analyzování vlastně toho návrhu, který nám, který nám SUEZ dává, a o podrobnější nějakou zprávu, o tom poprosím pana Mgr. Tomíška z ROWAN LEGAL.",4,198b605f95c9e2a9
rene-cerny,Z9/16,62,"Mgr. René Černý, 1. náměstek primátorky: K té, k té lanovce se ještě vrátím. A já si myslím, že ne všechny krásné a nadčasové věci, které vznikají u nás, a v minulosti vznikly, vznikly po Evropě, musí mít nutně, nutně tu ekonomiku, kterou tady neustále vzýváte. Já myslím, že my, co jsme navštívili mnohá česká, moravská, evropská města, tak jsme obdivovali stavby a technická řešení, která vždy tu 100% ekonomiku mít nemusí. A v minulosti ani neměla. To bysme nakonec chodili mezi nudnými krabicemi a neměli bysme se na co těšit. To je jedna věc. Druhá věc, co se týká těch stromů, které zmiňujete, já se domnívám, že ta lanovka povede nad vrcholky těchto stromů, tak jak vedou lanovky všude na světě. A to je asi tak všechno.",0,d527a00c9a941791
rene-cerny,Z9/16,63,"Mgr. René Černý, 1. náměstek primátorky: Já samozřejmě odpovídám především panu zastupiteli Kmentovi, ale je to takové vysvětlení i pro nás, všechny ostatní. Tak my jsme jasně deklarovali, a je na tom shoda ve vedení města, že chceme poslední městskou společnost přivést ke 100% vlastnictví městem Brnem. To znamená tak, aby v BVK bylo město Brno 100% vlastníkem. V minulosti se to podařilo v Teplárnách, podařilo to v Brněnských výstavách a veletrzích, i Technologický Park je už ve 100% vlastnictví města Brna. A tak jsme i tuto poslední, a řekněme, velmi strategickou, protože voda je strategickou surovinou, chtěli přivést do 100% vlastnictví města. Na Váš konkrétní dotaz, proč jsme vůbec uvažovali o nějaké společnosti na zelené louce, tak my jsme museli použít a zvážit všechny možné nástroje a alternativy, které by vedly k našemu, k naší lepší vyjednávací pozici s francouzským akcionářem, to znamená společnosti SUEZ. A v tak, v těchto složitých jednáních je to přímo povinnost té vyjednávací strany, která chce něčeho dosáhnout, aby zvážila všechny dostupné možnosti. V úvahu tak připadalo i zřízení nové společnosti. A ta studie, kterou dnes, nebo respektive situační zpráva, kterou jste dnes měli v materiálech, ale zároveň říká, že to není úplně jednoduché řešení. To znamená, ta naše úvaha, která byla naprosto legitimní, potom směřovala tím způsobem, že jsme zadali společnosti ROWAN LEGAL vypracování studie, zda ta naše úvaha o zřízení společnosti, nové, je vůbec reálná a jaká rizika by s ní byla spojena. To je všechno v té situační zprávě, kterou jste si určitě přečetl. A ta říká, že vlastně to není úplně, úplně jednoduché řešení, a neradí nám, abysme k tomu přistupovali.",0,d527a00c9a941791
rene-cerny,Z9/15,33,"Mgr. René Černý, 1. náměstek primátorky: Nechci, já jsem původně reagoval na to, že tady kolega Pivec nebyl. Ale přesto, přesto jenom jednu větu. Musíme si prostě uvědomit, že ty investiční pří, příspěvky jsou dobrovolné, a tak tam nemůžeme dávat něco, co připomíná nějaké donucování toho investora to zaplatit. Myslím, do těch podmínek a do těch pravidel.",0,f5c65d180b769ffd
rene-cerny,Z9/15,51,"Mgr. René Černý, 1. náměstek primátorky: Já si dovolím jenom reagovat na pana kolegu Kmenta a jeho snahu získat pro Brno co nejvíc peněz rozparcelováním já naprosto chápu. Jenom bych tady možná zmínil jeden, jednu věc, nebo 2. Ty, těch 11.000 Kč/m, který zmiňujete, tak si myslím, že to jsou pozemky, respektive stavební parcely, které jsou již zasíťované. Tak se skutečně ta cena v Kuřimi a v okolí pohybuje. To je pravda. Ale jsou zasíťované a jsou nachystané vlastně už jako stavební parcely, což tadyutoho našeho velkého pozemku prostě není. Takže by nás čekalo eště zasíťovávání, potom rozparcelovávání, a to si myslím, že není úkol statutárního města. A druhá věc, co bude ještě, podle mého názoru, skromného, určovat, určovat cenu toho pozemku, bude právě přítomnost toho vírského vodovodu, prostě té velké trubky, ve které je nějaký tlak. A já, osobně, bych v blízkosti, nebo na této trubce žádný dům teda nestavěl. Takže, nevím, jak vůbec bude vypadat celá ta ekonomika tadytoho prodeje. A v tomto případě musím říct, že rozhodnutí pana radního Olivy to nabídnout celé a dát to do dražby považuju za logické. Teprve dražba ukáže, jak se ti velcí investoři postaví k tomu, že tam právě vede ta trubka, a jak potom si to po té dražbě rozparcelují tak, aby tam mohli stavět. Protože na té trubce stavět asi nebudou.",0,f5c65d180b769ffd
rene-cerny,Z9/15,64,"Mgr. René Černý, 1. náměstek primátorky - s omluvou požádal o opakování hlasování.",2,f5c65d180b769ffd
rene-cerny,Z9/15,69,"Mgr. René Černý, 1. náměstek primátorky: A já bych s dovolením jenom doplnil, paní zastupitelko. Ukázalo se to skutečně v době, v tohoto víkendu, kdy tady byl nejenom Motosalon a eště 2 další veletrhy. A je to právě ta lanovka, je koncipovaná právě tak, aby pomohla ve špičkách. To znamená v době, kdy se v tom prostoru, odkud pojede nahoru, směrem do kampusu, kde se plánuje výstavba 2 parkovacích domů, takže to logiku, samozřejmě dopravní, mít bude, tak aby právě odlehčila městské hromadné dopravě, ale i té osobní dopravě, abysme prostě řidičům, kteří přijíždí do Brna, dali najevo, že je tady alternativní",0,f5c65d180b769ffd
rene-cerny,Z9/15,71,"Mgr. René Černý, 1. náměstek primátorky: A já bych ještě chtěl reagovat na paní kolegyni Drápalovou. Já si myslím, že bysme si měli asi trošku víc vysvětlit smysl té lanovky. Já jsem tady zmínil ty výjimečné akce, ty špičky, kdy ta lanovka určitě pomůže. Ale já si dovolím říct, s plnou úctou k Vám, paní starostko, že tam právě vidím, naopak, i to každodenní využití. A to tím způsobem, že student, nebo občan, který bude chtít z Brna, ze středu, nebo i z jiné městské části, dojede, dojede pohodlně jedničkou na novou, vratnou smyčku v Pisárkách, vystoupí, jde na lanovku a odjíždí lanovkou, aniž by musel objíždět celé Brno autobusem, nebo jiným dopravním prostředkem, tak vyjíždí lanovkou na vyšetření do bohunické nemocnice, nebo jako student do kampusu. Tady já vidím to každodenní využití té lanovky, s tou kapacitou 2 000 lidí za hodinu. Takže, myslím si, že ta lanovka, a právě ta parkovací místa, o kterých se zmiňujete, v okolí haly, v okolí Anthroposu, budou využita.",0,f5c65d180b769ffd
rene-cerny,Z9/15,72,"Mgr. René Černý, 1. náměstek primátorky: Paní primátorka to řekla v podstatě za mě. Já jenom k tomu dodám, uvědomme si, pro koho všeho slouží Masarykův onkologický ústav. Jaký má dopad. Není to jenom město Brno. A jsou to taky lidé, kteří tam dojíždí. Tečka.",0,f5c65d180b769ffd
rene-cerny,Z9/13,25,"Mgr. René Černý, 1. náměstek primátorky: Já bych chtěl říct jenom k návrhu rozpočtu to, že je výrazně proinvestiční, celková, celkové procento investic v návrhu rozpočtu je 32 %, a to tam není započítán, to tam nejsou započítány náklady na multifunkční halu. Takže si myslím, že i z těchto důvodů můžeme klidně pro rozpočet hlasovat, protože ho neprojíme.",2,1f55fba1fd91456a
rene-cerny,Z9/13,66,"Mgr. René Černý, 1. náměstek primátorky: Já bych si jenom dovolil připomenout panu kolegovi Kmentovi, že pořád se bavíme o zeleni. A ta zeleň je v současném územním plánu i v návrhu příštího územního plánu. Takže tam pude zřídit maximálně zahrada. To, o čem hovoří pan kolega Kment, je v tomto případě pouhá spekulace.",2,1f55fba1fd91456a
rene-cerny,Z9/13,76,"Mgr. René Černý, 1. náměstek primátorky: Já jenom si dovolím připomenout a k tomu, tomu Vašemu prvnímu vlastně chci říct, jak jste zmiňovala to nevhodné parkování ve středu města, já s Vámi naprosto souhlasím, jenom si musíme prostě říct na rovinu, jak těžko získáváme do řad městské policie další policisty, jak se jednotlivá města přetahuji o ty uchazeče o tuto práci, jak jim nabízí byty a různé kompenzace jenom proto, aby nastoupili, není to prostě jednoduché. Souhlasím s Vámi, ale potřebovali bychom prostě na to víc městských policistů. Co se týká jízdních kol v městské hromadné dopravě, já myslím, že pan kolega Kratochvíl řekl vše. Není to diskriminace, ta jízdenka přece není tak, tak šíleně drahá, aby",0,1f55fba1fd91456a
rene-cerny,Z9/17,19,"Mgr. René Černý, 1. náměstek primátorky: Lanovka, lanovky nejsou jenom v Bolívii, jsou v jiných evropských městech, třeba v Barceloně, jeďte se tam podívat.",0,7ebec469c9c23f69
rene-cerny,Z9/17,66,"Mgr. René Černý, 1. náměstek primátorky: Bude předáno k písemným odpovědím a udělím slovo přihlášené paní zastupitelce Flamikové.",0,7ebec469c9c23f69
rene-cerny,Z9/20,29,"Mgr. René Černý, 1. náměstek primátorky: A, vážená paní kolegyně, ale já na to musím reagovat. Já nevím, kde berete v sobě přesvědčení, že dáváme, nebo že Rada města Brna, vedení města Brna, dává malou důležitost protipovodňovým opatřením, když moc dobře víte, jak ta stavba probíhá, jak plánujeme další etapy, aspoň doufám, že to víte. A po dokončení etap, které všichni vidíme rozpracované na Svratce, na Poříčí, a jsou již plánovány etapy 9, 10, 11, žádáme, budeme žádat Ministerstvo životního prostředí o dotaci, nebo přidělení dotace na tyto další etapy. A samozřejmě se bude pokračovat dál na Svitavě. A říkáte, že tlačíme halu. Nevím, proč srovnáváte multifunkční halu s protipovodňovými opatřeními? Souvislost tam žádnou nevidím. Ale pokud mám použít Váš termín, tak tlačíme i protipovodňová opatření. A opravdu věřte, že se snažíme, co to de.",0,21185e2ff631d16f
rene-cerny,Z9/20,34,"Mgr. René Černý, 1. náměstek primátorky: Dovolím si reagovat na kolegu, zastupitele Hollana. Bez jakékoliv ironie, já si myslím, že jsme všichni, vši, ne, všichni cítíme důležitost tadytohoto, po tom, co se stalo. A chápu, že, že jste i Vy tomu, nebo že i Vy tomu dáváte nějaký význam. Jenom pro vysvětlení, pár čísel. Když jsme, když jsme projekt protipovodňových opatření přebírali, před 2 lety, v podstatě již rozběhlý, tak od té doby do současnosti registrujeme nějakých 53, 54 změnových listů na stavbě. Očekáváme, že dosáhneme čísla, zhruba 85, 86 změnových listů, a v brzké době, a znamená to, že budeme na čísle, vyjádřeno procenty, že v podstatě 80 % projektu bude přeprojektováno. To znamená, může se Vám skutečně zdát, že stavba neprobíhá tak rychle. Ačkoliv se nezříkáme žádné zodpovědnosti, tak znovu upozorňuji, že jsme, že jsme před 2 lety stavbu protipovodňových opatření pouze přebírali. Děláme všechno pro to, aby i přes tyto okolnosti jsme stavbu urychlili, co to je jen možné, a mohli jsme tak navázat dalšími etapami, které jsem, které jsem Vám popsal, popsal v tom svém minulém vystoupení. A na závěr, Vy jste mluvil o zdrojích, které máte, nebojte se, řekněte nám, jaké jsou ty zdroje. Řekněte nám to jméno, nebojte se.",0,21185e2ff631d16f
rene-cerny,Z9/18,1,"Zasedání zahájil a řídil 1. náměstek primátorky města Brna Mgr. René Černý (dále jen Mgr. René Černý, 1. náměstek primátorky).",0,aeee21aca2ee1a98
rene-cerny,Z9/18,1,"Mgr. René Černý, 1. náměstek primátorky, upozornil na skutečnost, že jednání Zastupitelstva města Brna je audiovizuálně přenášeno prostřednictvím internetových stránek města a přenos je zaznamenáván, archivován a následně bude zveřejněn.",2,aeee21aca2ee1a98
rene-cerny,Z9/18,1,"Mgr. René Černý, 1. náměstek primátorky, sdělil, že při prezenci členové Zastupitelstva města Brna obdrželi: • úvodní stranu doplňku k bodu 11), jehož plné znění bylo dne 17. 6. 2024 vloženo na chráněné internetové datové úložiště • doplněk k bodu 12), který byl dne 18. 6. 2024 vložen na chráněné internetové datové úložiště • doplněk k bodu 52), který byl dne 18. 6. 2024 vložen na chráněné internetové datové úložiště • doplněk k bodu 86), který byl dne 17. 6. 2024 vložen na chráněné internetové datové úložiště • Informativní zprávu - Podání adresovaná Zastupitelstvu města Brna a Doplněk k této zprávě. Zpráva i Doplněk, obojí včetně vlastních podání bylo dne 17. 6. 2024 vloženo na chráněné internetové datové úložiště. Podání ZMB byla rovněž k dispozici v listinné formě ve složce „K nahlédnutí pro členy ZMB“ v jednacím sálu",0,aeee21aca2ee1a98
rene-cerny,Z9/18,2,"Schválení programu zasedání Zastupitelstva města Brna č. Z9/18 Mgr. René Černý, 1. náměstek primátorky, zdůvodnil tyto změny programu:",0,aeee21aca2ee1a98
rene-cerny,Z9/18,2,"Mgr. René Černý, 1. náměstek primátorky, dále navrhl projednat bod č. 11) Projekt „Přestavba železničního uzlu Brno“ - majetkoprávní vypořádání se společností ČSAD Brno holding, a.s. - koncernový pokyn společnosti Brněnské komunikace a.s., po bodu č. 86) Návrh nabytí nemovitých věcí v k. ú. Trnitá z vlastnictví společností ČSAD Brno holding, a.s., a TOREA Plus, s.r.o., do vlastnictví statutárního města Brna, návrh rozpočtového opatření, návrh správy.",4,aeee21aca2ee1a98
rene-cerny,Z9/18,2,"Mgr. René Černý, 1. náměstek primátorky, nechal hlasovat o návrzích na změny v programu zasedání Zastupitelstva města Brna, které uvedl v rámci Technického bodu.",-3,aeee21aca2ee1a98
rene-cerny,Z9/18,3,"Mgr. René Černý, 1. náměstek primátorky, nechal na základě právní konzultace s JUDr. Hanou Doležalovou, vedoucí Právního oddělení Organizačního odboru MMB, hlasovat o celém programu zasedání, včetně bodů navržených na stažení, nově navržených bodů a změny v pořadí projednávaných bodů: Hlasování č. 5: 44 - 0 - 3 - 1",0,aeee21aca2ee1a98
rene-cerny,Z9/18,9,"Mgr. René Černý, 1. náměstek primátorky: Děkuji panu tajemníkovi, vidím, že je přihlášená paní kolegyně Drápalová.",0,aeee21aca2ee1a98
rene-cerny,Z9/18,9,"Mgr. René Černý, 1. náměstek primátorky: Určitě to teďka ověříme a zkontrolujeme.",0,aeee21aca2ee1a98
rene-cerny,Z9/18,9,"Mgr. René Černý, 1. náměstek primátorky: Ano. Děkuji za pochopení. A můžeme se tedy vrátit k bodu č. 7), ano, takže nejprve, nejprve, nejprve rozprava k již, k již otevřenému bodu č. 9). Kdo se hlásí do rozpravy? Nevidím nikoho přihlášeného, vypadá to, že můžeme hlasovat? Ano. Budeme tedy hlasovat o bodu č. 9) s doplněním, které načetl pan tajemník. Zahajuii hlasování: Hlasování č. 8: 45 - 0 - 1 - 2",0,aeee21aca2ee1a98
rene-cerny,Z9/18,9,"Mgr. René Černý, 1. náměstek primátorky - přistoupil k projednání bodu č. 7), který byl omylem vynechán.",0,aeee21aca2ee1a98
rene-cerny,Z9/18,10,"Mgr. René Černý, 1. náměstek primátorky: Děkuji panu radnímu za odpověď. Vidím ještě pana docenta. Pane docente, jistě, apole, poprosím Vás krá, krátkou reakci.",0,aeee21aca2ee1a98
rene-cerny,Z9/18,11,"Mgr. René Černý, 1. náměstek primátorky: Vidím přihlášeného pana radního Olivu, který bude chtět jistě odpovědět. Dávám mu slovo.",0,aeee21aca2ee1a98
rene-cerny,Z9/18,11,"Mgr. René Černý, 1. náměstek primátorky: Děkuji panu radnímu za odpověď. Prosím tedy jenom o krátkou reakci.",0,aeee21aca2ee1a98
rene-cerny,Z9/18,12,"Mgr. René Černý, 1. náměstek primátorky: Já si jenom k tomu dovolím říct, že i včera proběhlo jednání mezi vedením města Brna a vedením Národního divadla v Brně. My jsme si tam spoustu věcí vyjasnili a v dialogu určitě budeme pokračovat.",0,aeee21aca2ee1a98
rene-cerny,Z9/18,13,"Mgr. René Černý, 1. náměstek primátorky: Protože těch dotazů bylo opravdu hodně, tak Vám bude určitě odpověděno písemně. Prosím další přihlášenou k diskusi.",0,aeee21aca2ee1a98
rene-cerny,Z9/18,13,"Mgr. René Černý, 1. náměstek primátorky: Než předám slovo panu radnímu Kratochvílovi, tak mi dovolte takový malý bonmot a historické ohlédnutí. Vzpomínáme si jistě, všichni, jak jsme četli spou, ve spoustě publikací a knih o tom, jak někteří občané při pokládání kolejí, v 19. století, se obávali vlaku, protestovali proti tomu, aby vlaky jezdily. Tot, a někteří se dokonce báli, že je ten tlak projíždějícího vlaku rozdrtí, nebo vcucne. Tak teď jsme zase u lanovky. Já věřím, že po tom, co jsme si zvykli na vlaky, si zvykneme i na lanovky ve městech. Předávám slovo panu radnímu Kratochvílovi.",0,aeee21aca2ee1a98
rene-cerny,Z9/18,14,"Mgr. René Černý, 1. náměstek primátorky: Tak. Pana, pana doktora poprosím o krátkou reakci, protože už jednou vystupoval.",0,aeee21aca2ee1a98
rene-cerny,Z9/18,15,"Mgr. René Černý, 1. náměstek primátorky: Nevidím žádného občana, který by, který by chtěl vystoupit. Ano, skutečně se nikdo k mikrofonu neblíží. To znamená, že tento bod můžeme ukončit a přejít, přejít k dalšímu programu dnešního zastupitelstva. Děkuji všem, kteří vystoupili. Čeká nás tedy bod č. 10).",0,aeee21aca2ee1a98
rene-cerny,Z9/18,21,"Mgr. René Černý, 1. náměstek primátorky: Děkuji panu náměstkovi. Zatím nevidím nikoho přihlášeného, ano, skutečně, není tomu tak, takže můžeme přistoupit k hlasování. Zahajuji hlasování: Hlasování č. 11: 40 - 1 - 5 - 3",0,aeee21aca2ee1a98
rene-cerny,Z9/18,28,"Mgr. René Černý, 1. náměstek primátorky: Děkuji, paní vedoucí. Já ještě, než vrátím slovo panu kolegovi Hollanovi, tak jenom mi dovolte k tomu krátkou poznámku. Ono to vypadá, jak kdyby ta edukace tady vůbec nikdy neprobíhala a my jsme tady slíbili něco takového otevřít a pak jsme to zrušili. Tak musíme si říct, že edukace probíhá, probíhat bude dále. To jsme si včera potvrdili na tom jednání a probíhá pro děti i dospělé a prostě pokračuje. Tak vidím, nevidím nikoho přihlášeného, chci se zeptat pana kolegy Hollana, teda jestli chce, ano. Prosím.",0,aeee21aca2ee1a98
rene-cerny,Z9/18,28,"Mgr. René Černý, 1. náměstek primátorky: Děkuji. Možná je to skutečně rozumný návrh a interpelacích na to bude jistě času dost. Nakonec on ten bod se úplně tak toho vzdělávání v oblasti baletu úplně netýká. Tak, nevidím nikoho přihlášeného, můžeme tedy přistoupit k hlasování. Zahajuji hlasování: Hlasování č. 26: 46 - 0 - 3 - 0",4,aeee21aca2ee1a98
rene-cerny,Z9/18,31,"Mgr. René Černý, 1. náměstek primátorky: Děkuji panu náměstkovi. Nevidím nikoho přihlášeného do rozpravy, zahajuji tedy hlasování: Hlasování č. 34: 42 - 0 - 5 - 2",0,aeee21aca2ee1a98
rene-cerny,Z9/18,36,"Mgr. René Černý, 1. náměstek primátorky: Tak, děkuji, vzhledem k tomu, že už máme těsně po půl, tak si dovolím teď vyhlásit přestávku a budeme pokračovat za půl hodiny, tady.",0,aeee21aca2ee1a98
rene-cerny,Z9/18,36,"Mgr. René Černý, 1. náměstek primátorky: No, tak máme to vysvětleno, nevidím nikoho přihlášeného a zahajuji tedy hlasování: Hlasování č. 43: Neplatné hlasování",0,aeee21aca2ee1a98
rene-cerny,Z9/18,37,"Mgr. René Černý, 1. náměstek primátorky: Ano? Vidím někoho, je tam někdo přihlášený, nebo chce někdo zpochybnit hlasování? Ano? Pan Prýgl?",0,aeee21aca2ee1a98
rene-cerny,Z9/18,37,"Mgr. René Černý, 1. náměstek primátorky: Chápu, děkuji, to znamená, poprosím technickou podporu. Já jsem ukončil hlasování. Tak budeme hlasovat znovu, já myslím, že kolegy, když požádáme, jestli můžeme hlasovat znovu. Takže zahajuji hlasování: Hlasování č. 44: 39 - 0 - 6 - 3",0,aeee21aca2ee1a98
rene-cerny,Z9/18,42,"Mgr. René Černý, 1. náměstek primátorky: Děkuji panu vedoucímu, nikoho přihlášeného nevidím, můžeme tedy zahájit hlasování: Hlasování č. 59: 49 - 0 - 0 - 1",0,aeee21aca2ee1a98
rene-cerny,Z9/18,43,"Mgr. René Černý, 1. náměstek primátorky - přednesl návrh na doplnění předloženého usnesení k bodu 60) ve znění: Zastupitelstvo města Brna pověřuje vedoucího Odboru investičního MMB podpisem smlouvy.",2,aeee21aca2ee1a98
rene-cerny,Z9/18,45,"Mgr. René Černý, 1. náměstek primátorky: Děkuji pane kolego, chce ještě reagovat pan vedoucí? Vypadá to, že ne. Všechno bylo řečeno. Děkuji. Tak, nevidím nikoho přihlášeného, můžeme tedy přistoupit k hlasování. Zahajuji hlasování: Hlasování č. 65: 48 - 0 - 1 - 1",0,aeee21aca2ee1a98
rene-cerny,Z9/18,49,"Mgr. René Černý, 1. náměstek primátorky: Děkuji paní vedoucí a nevidím nikoho přihlášeného, zahajuji tedy hlasování: Hlasování č. 73: 35 - 4 - 8 - 3",0,aeee21aca2ee1a98
rene-cerny,Z9/18,51,"Mgr. René Černý, 1. náměstek primátorky - navrhl společné hlasování o bodech 80) – 85) vztahujících se k prodeji pozemků.",2,aeee21aca2ee1a98
rene-cerny,Z9/18,51,"Mgr. René Černý, 1. náměstek primátorky - přistoupil k projednání bodu č. 80).",0,aeee21aca2ee1a98
rene-cerny,Z9/18,52,"Mgr. René Černý, 1. náměstek primátorky: Tak, samozřejmě Vám hnedka dám slovo a nevím, jestli musíme probírat na zastupitelstva Brna všechno, co jsme někde slyšeli, ale prosím.",0,aeee21aca2ee1a98
rene-cerny,Z9/18,52,"Mgr. René Černý, 1. náměstek primátorky: Tak, děkuji. A já teď po dohodě dávám slovo panu radnímu Olivovi.",0,aeee21aca2ee1a98
rene-cerny,Z9/18,53,"Mgr. René Černý, 1. náměstek primátorky: Dobře. Máme tady návrh na stažení, já o něm dám samozřejmě hlasovat. Zatím nevidím nikoho přihlášeného, takže můžeme skutečně hlasovat o návrhu na stažení. Zahajuji hlasování: Hlasování č. 80: 11 - 14 - 13 - 12",2,aeee21aca2ee1a98
rene-cerny,Z9/18,54,"Mgr. René Černý, 1. náměstek primátorky: Návrh na stažení nebyl přijat. Budeme tedy hlasovat o původním návrhu, bod 80). Zahajuji hlasování: Hlasování č. 81: 40 - 5 - 4 - 1",2,aeee21aca2ee1a98
rene-cerny,Z9/18,56,"Mgr. René Černý, 1. náměstek primátorky - navrhl společně hlasovat o bodech 83), 84) a 85) vztahujících se k prodeji částí pozemků a spoluvlastnického podílu k pozemku.",2,aeee21aca2ee1a98
rene-cerny,Z9/18,57,"Mgr. René Černý, 1. náměstek primátorky: Budeme tedy hlasovat o návrhu, dobře. V tom případě tak, i vzhledem k tomu, že jsme vlastně bod 11) zařadili za bod 86), tak já k těmto 2 bodům otevřu rozpravu zaráz, s Vaším dovolením, a vidím, vidím přihlášeného pana kolegu Bořeckého, dávám mu slovo.",2,aeee21aca2ee1a98
rene-cerny,Z9/18,57,"Mgr. René Černý, 1. náměstek primátorky: Tak. Děkuji za písemné předání a vidím přihlášeného pana, pana ministra Hladíka. Mgr. Petr Hladík: Já musím s velkým politováním …",0,aeee21aca2ee1a98
rene-cerny,Z9/18,57,"Mgr. René Černý, 1. náměstek primátorky: Neslyším, neslyšíme vůbec.",0,aeee21aca2ee1a98
rene-cerny,Z9/18,57,"Mgr. René Černý, 1. náměstek primátorky: Neslyšíme vůbec. Ne.",0,aeee21aca2ee1a98
rene-cerny,Z9/18,58,"Mgr. René Černý, 1. náměstek primátorky: Petře, nesly, neslyšíme Tě. Petře, Hladíku, neslyšíme Tě vůbec. Zkus to znovu. Pořád Tě neslyšíme. Já jsem se schválně odhlásil, Ty seš přihlášen, nicméně Tě neslyšíme. Můžeš, prosím, ještě jednou? Tak já budu muset poprosit možná technickou podporu nejak to vyřešit, protože to zkoušíme pořád dokola. Já, s dovolením, udělám jednu zkoušku a dám slovo panu radnímu Olivovi, který je taky přihlášen. A pak, pak zkusím pana ministra Hladíka znovu. Jirko, můžeš?",0,aeee21aca2ee1a98
rene-cerny,Z9/18,58,"Mgr. René Černý, 1. náměstek primátorky: Tak ještě jednou, Petr Hladík.",0,aeee21aca2ee1a98
rene-cerny,Z9/18,59,"Mgr. René Černý, 1. náměstek primátorky: Já hnedka dám slovo, pane kolego Vám, Koláčný, ale poprosil bych ještě pana znalce Janase, jestli tady je? Jestli by k tomu nám nemohl, nemohl přece jenom něco říct? Zaznělo tady toho dost.",0,aeee21aca2ee1a98
rene-cerny,Z9/18,62,"Mgr. René Černý, 1. náměstek primátorky: Tak vzadu se mně zvedá pan magistr Procházka. Já možná poprosím pana radního Olivu, který je přihlášen, že bysme dali panu magistrovi prostor? Tak ne, tak dobře.",0,aeee21aca2ee1a98
rene-cerny,Z9/18,64,"Mgr. René Černý, 1. náměstek primátorky: Tak děkuji panu náměstkovi a já vidím, že se hlásíte, ale já mám tady přednostně přihlášený zastupitele. To znamená v pořadí kolega Koláčný, Hollan. Prosím, máte slovo, pane kolego Koláčný.",0,aeee21aca2ee1a98
rene-cerny,Z9/18,64,"Mgr. René Černý, 1. náměstek primátorky: Tak já stále registruju přihlášeného pána tam vzadu, ale musím dát přednost zastupitelům. A v této chvíli se hlásí pan radní Kratochvíl.",0,aeee21aca2ee1a98
rene-cerny,Z9/18,65,"Mgr. René Černý, 1. náměstek primátorky: Pan radní Kratochvíl. Dobře, tak, prosím pána, který se hlásil již před chvílí. Přistupte prosím k mikrofonu, já Vám ho zapínám, máte slovo.",0,aeee21aca2ee1a98
rene-cerny,Z9/18,66,"Mgr. René Černý, 1. náměstek primátorky: Tak já děkuji za příspěvek. Ale vzhledem k tomu, kolik je hodin a vzhledem k jednacímu řádu nám nezbyde, než vyhlásit přestávku. Tak ještě krátká porada. Ano, vidím, vidím paní kolegyni Drápalovou s technickou poznámkou. Máte slovo.",0,aeee21aca2ee1a98
rene-cerny,Z9/18,66,"Mgr. René Černý, 1. náměstek primátorky: Tak já tedy, v tom případě, dám hlasovat po návrhu, paní kolegyně Drápalové. Kdo je tedy pro prodloužení jednání Zastupitelstva města Brna až do dokončení těchto 2 bodů, to znamená bodu 86) a 11)? Rozumíme si. Zahajuji hlasování: Hlasování č. 85: 36 - 6 - 4 - 4",2,aeee21aca2ee1a98
rene-cerny,Z9/18,66,"Mgr. René Černý, 1. náměstek primátorky: Návrh byl přijat. Pokračujeme tedy v projednávání bodu 86) a 11). Tak. A přihlášen je pan kolega, Tomáš Koláčný.",2,aeee21aca2ee1a98
rene-cerny,Z9/18,66,"Mgr. René Černý, 1. náměstek primátorky: Děkuji, nevidím nikoho přihlášeného. Přistoupíme tedy k tomu, a já se Vás zrovna zeptám, pane kolego. Vy jste dával jeden písemný návrh, ten mám u sebe, ten se týká bodu č.o 11). Ale předtím jste dával, jestli si dobře vzpomínám, návrh na to, abysme hlasovali ty body dohromady. Platí ještě ten Váš původní návrh? Nebo, nebo ne?",2,aeee21aca2ee1a98
rene-cerny,Z9/18,66,"Mgr. René Černý, 1. náměstek primátorky: Tak, děkuji za upřesnění. Tak nicméně pořadí bodů jsme stanovili v programu, to znamená, já teď dávám hlasovat o bodu č. 86). Zahajuji hlasování: Hlasování č. 86: 30 - 8 - 3 - 7",0,aeee21aca2ee1a98
rene-cerny,Z9/18,69,"Mgr. René Černý, 1. náměstek primátorky: A teď tedy bod č. 11). Nejprve budeme hlasovat o návrhu pana zastupitele Tomáše Koláčného na změnu usnesení ve znění - Zastupitelstvo města Brna ukládá Radě města Brna zahájit kroky k výkupu, vyvlastnění areálu ČSAD Brno holding a nesouhlasit se zcizením pozemků BKOM. To je",2,aeee21aca2ee1a98
rene-cerny,Z9/18,70,"Mgr. René Černý, 1. náměstek primátorky: Návrh nebyl přijat. Teď tedy ten původní návrh usnesení bodu č. 11). Zahajuji rozpravu. Nikoho nevidím přihlášeného. Zahajuji hlasování: Hlasování č. 88: 29 - 11 - 1 - 5",2,aeee21aca2ee1a98
rene-cerny,Z9/18,70,"Mgr. René Černý, 1. náměstek primátorky: Návrh byl přijat. Tak. A teďka tedy vyhlašuji polední přestávku do 14:30.",2,aeee21aca2ee1a98
rene-cerny,Z9/18,70,"Mgr. René Černý, 1. náměstek primátorky - přistoupil k projednání bodu č. 87) dle schváleného programu zasedání Zastupitelstva města Brna.",0,aeee21aca2ee1a98
rene-cerny,Z9/18,70,"Mgr. René Černý, 1. náměstek primátorky - navrhl společné hlasování o bodech 87) – 92) vztahujících se k návrhům nabytí pozemků a částí pozemků. K hlasování o návrzích usnesení bylo přistoupeno bez rozpravy:",4,aeee21aca2ee1a98
rene-cerny,Z9/18,73,"Mgr. René Černý, 1. náměstek primátorky - navrhl společné hlasování o bodech 94) – 98) vztahujících se k návrhům nabytí komunikační stavby, nabytí podílu na pozemcích a nabytí vlastnických práv k pozemkům.",4,aeee21aca2ee1a98
rene-cerny,Z9/18,75,"Mgr. René Černý, 1. náměstek primátorky - navrhl společně hlasovat o bodech 99) – 116) vztahujících se k návrhům bezúplatných nabytí pozemků, vyjma bodu 108), který byl stažen.",4,aeee21aca2ee1a98
rene-cerny,Z9/18,82,"Mgr. René Černý, 1. náměstek primátorky - navrhl společné hlasování o bodech 117) – 137) vztahujících se k nabídkám předkupních práv ke stavbám.",2,aeee21aca2ee1a98
rene-cerny,Z9/18,93,"Mgr. René Černý, 1. náměstek primátorky - navrhl společné hlasování o bodech 138) – 140) vztahujících se ke směnám pozemků.",2,aeee21aca2ee1a98
rene-cerny,Z9/18,94,"Mgr. René Černý, 1. náměstek primátorky - přistoupil ke společnému hlasování o bodech 139) a 140).",0,aeee21aca2ee1a98
rene-cerny,Z9/18,100,"Mgr. René Černý, 1. náměstek primátorky - navrhl společně hlasovat o bodech 142) – 148) vztahujících se ke svěření a odnětí majetků městským částem.",2,aeee21aca2ee1a98
rene-cerny,Z9/18,104,"Mgr. René Černý, 1. náměstek primátorky: Tak děkuji za odpověď. To znamená, že bod budeme, nevidím nikoho přihlášeného. Můžeme tedy zahájit hlasování: Hlasování č. 105: 34 - 2 - 3 - 4",0,aeee21aca2ee1a98
rene-cerny,Z9/18,108,"Mgr. René Černý, 1. náměstek primátorky: Tak, paní zastupitelko, děkuji za dotaz, odpovíme písemně. A pan zastupitel Koláčný.",0,aeee21aca2ee1a98
rene-cerny,Z9/18,108,"Mgr. René Černý, 1. náměstek primátorky: Na ten první dotaz, to je samozřejmě na zvážení, ten rok 29. Já jsem četl podobný článek jako Vy, pane kolego, nebo jako Ty, pane kolego. Taky mě to napadlo. Určitě je to na zvážení, ale určitě je to na projednání s Českým svazem ledního hokeje a se Slovenským svazem. Takže je to trošku asi brzo, je to logický, ale rok 29 si asi tady nějak dovedeme představit. Ale nebude to jenom, určitě, na vedení města. No, a ten Váš druhý dotaz si dovolím, dovolím asi říct, že bude písemně odpovězeno.",0,aeee21aca2ee1a98
rene-cerny,Z9/18,109,"Mgr. René Černý, 1. náměstek primátorky: Samozřejmě předáme slovo za chvilku panu radnímu. Já jenom bych chtěl k tomu říct, že tam zaznělo to poslouchání toho rádia. Jenom pro upřesnění, vůbec to nechci posuzovat, ale pokud vím, tak šlo nejenom o poslech rádia, jako takového, ale o to, že někteří řidiči měli k tomu rádiu připojená sluchátka, což by asi vůbec v dopravě, a v městské dopravě zvlášť, existovat nemělo, řízení jakéhokoliv vozidla, motorového, elektrického, se sluchátky v uších. Ale to jenom moje takové vysvětlení. Pan zastupitel Skřička.",0,aeee21aca2ee1a98
rene-cerny,Z9/18,110,"Mgr. René Černý, 1. náměstek primátorky: Tak. Ještě jednou pan kolega Zemek, vidím, že aplikace stěžovník je zajímavá.",0,aeee21aca2ee1a98
rene-cerny,Z9/18,111,"Mgr. René Černý, 1. náměstek primátorky: Ale já možná. Tak, děkuji za 2 dotazy. Vidím, že paní ředitelka se tam, vzadu, chystá, tak ji poprosím. Může samozřejmě odpovědět písemně?",0,aeee21aca2ee1a98
rene-cerny,Z9/18,111,"Mgr. René Černý, 1. náměstek primátorky: Já si myslím, že pan náměstek tím pádem, protože je přihlášen, tak nám k tomu řekne svoje, ale teď je na řadě paní kolegyně Drápalová.",0,aeee21aca2ee1a98
rene-cerny,Z9/18,111,"Mgr. René Černý, 1. náměstek primátorky: Děkuji, ano, hledám, hledám pana náměstka, ale protožes, už, už ho máme. Prosím, pane náměstku. Slyšíme se? Funguje nám on-line připojení? Pan náměstek Chvátal? Vypadá to, že nám to nefunguje. Slyšíme se? Slyšíme se, pane náměstku?",0,aeee21aca2ee1a98
rene-cerny,Z9/18,112,"Mgr. René Černý, 1. náměstek primátorky: Víc nahlas, víc nahlas.",0,aeee21aca2ee1a98
rene-cerny,Z9/18,113,"Mgr. René Černý, 1. náměstek primátorky: Tak. To bylo snad symbolické. Ale paní zastupitelka je přihlášená znova? Ne. Tak není. Tak je to výborný. A přejeme, přejeme i té Vaší malé dceři krásné, krásné prázdniny, Vám všem také krásné prázdniny, léto bez úrazu. Odpočněte si a uvidíme se v září.",0,aeee21aca2ee1a98
rene-cerny,Z9/18,113,"Mgr. René Černý, 1. náměstek primátorky, ukončil zasedání Zastupitelstva města Brna (v 15:30 hod.).",0,aeee21aca2ee1a98
rene-cerny,Z9/19,107,"Mgr. René Černý, 1. náměstek primátorky: Na nejbližším kontrolním dni určitě na těch příslušných stavbách to zmíníme.",0,7a2e7987609bcbd0
rene-cerny,Z9/21,1,"Zasedání zahájil a řídil 1. náměstek primátorky města Brna Mgr. René Černý (dále jen Mgr. René Černý, 1. náměstek primátorky).",0,f9d440624b7d3d49
rene-cerny,Z9/21,1,"Mgr. René Černý, 1. náměstek primátorky, upozornil na skutečnost, že jednání Zastupitelstva města Brna je audiovizuálně přenášeno prostřednictvím internetových stránek města a přenos je zaznamenáván, archivován a následně bude zveřejněn.",2,f9d440624b7d3d49
rene-cerny,Z9/21,1,"Mgr. René Černý, 1. náměstek primátorky, sdělil, že při prezenci členové Zastupitelstva města Brna obdrželi: • materiál k nově navrženému bodu 105), který byl dne 11. 11. 2024 vložen na chráněné internetové datové úložiště • Výpis usnesení Finančního výboru Zastupitelstva města Brna k bodům projednávaným na tomto zasedání, který byl dne 11. 11. 2024 vložen na chráněné internetové datové úložiště • Informace o hlasování členů RMB neuvedené v předložených materiálech k bodům programu ZMB č. Z9/21",0,f9d440624b7d3d49
rene-cerny,Z9/21,2,"Schválení programu zasedání Zastupitelstva města Brna č. Z9/21 Mgr. René Černý, 1. náměstek primátorky, zdůvodnil tyto změny programu:",0,f9d440624b7d3d49
rene-cerny,Z9/21,2,"Dále se Mgr. René Černý, 1. náměstek primátorky, dotázal, zda jsou nějaké další návrhy na změny v programu zasedání.",4,f9d440624b7d3d49
rene-cerny,Z9/21,2,"Mgr. René Černý, 1. náměstek primátorky, nechal nejprve hlasovat o návrzích na změny v programu zasedání Zastupitelstva města Brna, které uvedl v rámci Technického bodu.",0,f9d440624b7d3d49
rene-cerny,Z9/21,2,"Poté nechal Mgr. René Černý, 1. náměstek primátorky, hlasovat o zařazení nového bodu s názvem „Vozovna Komín - odborný posudek soudního znalce“ s návrhem usnesení: Zastupitelstvo města Brna ukládá Radě města Brna zadání znaleckého posudku, který určí míru zavinění jednotlivých aktérů, kteří se podíleli na stavbě, údržbě, rekonstrukčních a sanačních pracích vozovny Komín z důvodu vysoké škody dané nutností tuto 27 let starou budovu zbourat. Zastupitelstvo města Brna pověřuje příslušného radního zadáním zpracování znaleckého posudku soudním znalcem, který určí podíl zavinění aktérů, kteří se podíleli na stavbě, údržbě, rekonstrukčních a sanačních pracích vozovny Komín, dle návrhu Bc. Jiřího Kmenta: Hlasování č. 4: 11 - 0 - 13 - 25",2,f9d440624b7d3d49
rene-cerny,Z9/21,7,"Mgr. René Černý, 1. náměstek primátorky: Odpoví pan náměstek Kerndl.",0,f9d440624b7d3d49
rene-cerny,Z9/21,7,"Mgr. René Černý, 1. náměstek primátorky: Děkuji za vysvětlení. Nikdo se nehlásí do debaty k tomuto bodu, můžeme tedy zahájit hlasování: Hlasování č. 8: 41 - 0 - 5 - 2",0,f9d440624b7d3d49
rene-cerny,Z9/21,8,"Mgr. René Černý, 1. náměstek primátorky: Omlouvám se, omlouvám se, ale už přetahujeme 1 min.",0,f9d440624b7d3d49
rene-cerny,Z9/21,8,"Mgr. René Černý, 1. náměstek primátorky: Ano. Poprosím, velmi stručně.",0,f9d440624b7d3d49
rene-cerny,Z9/21,9,"Mgr. René Černý, 1. náměstek primátorky: Děkuju pěk, děkuji, děkuji za vysvětlení, já ještě musím dát příležitost panu náměstkovi na odpověď. A potom už, poprosím, dáme prostor případně dalším občanům. Děkuju.",0,f9d440624b7d3d49
rene-cerny,Z9/21,9,"Mgr. René Černý, 1. náměstek primátorky: Děkuji panu náměstkovi a Vám, Vám taky poděkuji. A poprosím dalšího občana s dotazem a s připomínkou. Děkuji. Ano. Ano. Děkujeme za písemnou zprávu. Děkujeme. Tak. Nevidím nikoho, nevidím nikoho z občanů, že by se chtěl ujmout mikrofonu. Můžeme tedy přejít k bodu č. 9).",0,f9d440624b7d3d49
rene-cerny,Z9/21,9,"Mgr. René Černý, 1. náměstek primátorky: Ano, pardon, já jsem zřejmě přehlídl pana náměstka, končím tedy hlasování a dávám slovo panu náměstkovi, vracíme se tedy do, do rozpravy.",0,f9d440624b7d3d49
rene-cerny,Z9/21,10,"Mgr. René Černý, 1. náměstek primátorky: Zaznívá tady, že jsou to pěkné peníze, tak děkujeme. Tak. Vidím přihlášeného pana kolegu Štefana.",0,f9d440624b7d3d49
rene-cerny,Z9/21,10,"Mgr. René Černý, 1. náměstek primátorky: Dobře. Poprosíme paní vedoucí.",0,f9d440624b7d3d49
rene-cerny,Z9/21,10,"Mgr. René Černý, 1. náměstek primátorky: Pan starosta Štefan kýve, že mu to takto stačí. Přihlášená je paní kolegyně Drápalová.",0,f9d440624b7d3d49
rene-cerny,Z9/21,10,"Mgr. René Černý, 1. náměstek primátorky: Ano, chápu. Paní vedoucí ještě odpoví.",0,f9d440624b7d3d49
rene-cerny,Z9/21,11,"Mgr. René Černý, 1. náměstek primátorky: A nevidím nikoho přihlášeného do debaty, můžeme tedy zahájit hlasování o bodu č. 10): Hlasování č. 11: 47 - 0 - 0 - 1",0,f9d440624b7d3d49
rene-cerny,Z9/21,12,"Mgr. René Černý, 1. náměstek primátorky: A odpovědět bude chtít pan náměstek Kerndl.",0,f9d440624b7d3d49
rene-cerny,Z9/21,13,"Mgr. René Černý, 1. náměstek primátorky: Pan náměstek Kerndl bude reagovat.",0,f9d440624b7d3d49
rene-cerny,Z9/21,14,"Mgr. René Černý, 1. náměstek primátorky: Nevidím nikoho přihlášeného, můžeme, můžeme tedy přistoupit k hlasování. Zahajuji hlasování, bod č. 11): Hlasování č. 12: 42 - 0 - 5 - 1",0,f9d440624b7d3d49
rene-cerny,Z9/21,15,"Mgr. René Černý, 1. náměstek primátorky: Dobře. Předtím, znamená to tedy ten předchozí bod č. 15)?",0,f9d440624b7d3d49
rene-cerny,Z9/21,15,"Mgr. René Černý, 1. náměstek primátorky: Je to tedy tak, já tedy končím hlasování a jsme v bodě 15), a znovu tedy zahajuji hlasování.",0,f9d440624b7d3d49
rene-cerny,Z9/21,15,"Mgr. René Černý, 1. náměstek primátorky: Já si dovolím, kolegyně a kolegové, v rámci úspory času a mých hlasivek, které jsou ještě narušeny takovým, trošku těžším nachlazením, které jsem měl minulý týden, využít toho, co jsme tady, a co jsme tady si vyzkoušeli, když jsem už jednou zastupitelstvo vedl, a měli jsme to schváleno i právním poradenstvím, paní JUDr. Doležalové, budu číst pouze čísla těch bodů, nikoliv názvy. Spoléhám se na Vás, že všechno máte před sebou a jste na dnešní zastupitelstvo jistě připraveni. Tím ušetříme samozřejmě i čas. Děkuji Vám. Bod č. 17), zahajuji rozpravu. Nevidím nikoho přihlášeného, zahajuji hlasování: Hlasování č. 19: 41 - 0 - 5 - 2",0,f9d440624b7d3d49
rene-cerny,Z9/21,16,"Mgr. René Černý, 1. náměstek primátorky: Můžeme tedy, nevidím nikoho přihlášeného, kdo by to rozporoval, můžeme tedy, a, už se to stalo. Takže dávám slovo panu kolegovi Anderlemu.",0,f9d440624b7d3d49
rene-cerny,Z9/21,17,"Mgr. René Černý, 1. náměstek primátorky: 23) zvlášť tedy, ano. A pan kolega Skřička.",0,f9d440624b7d3d49
rene-cerny,Z9/21,17,"Mgr. René Černý, 1. náměstek primátorky: Tak. Takže tady máme vlastně, pane kolego Zemku, úplný protinávrh. Takže můžeme přistoupit k oddělenému hlasování. A bod č. 20), nikdo již není přihlášen, zahajuji tedy hlasování: Hlasování č. 22: 40 - 0 - 7 - 1",2,f9d440624b7d3d49
rene-cerny,Z9/21,17,"Mgr. René Černý, 1. náměstek primátorky: Já Vám děkuji, pane kolego, ale teď nevím, jak mám ten Váš návrh chápat, nepodal jste ho písemně. Ano. Hlásí se pan náměstek Kerndl.",2,f9d440624b7d3d49
rene-cerny,Z9/21,18,"Mgr. René Černý, 1. náměstek primátorky: Tak. Děkuju panu náměstkovi, já k tomu jenom řeknu, že má pravdu, a má to být, má to být takové společenské setkání, kde se všechny ty záchranné složky setkají na příjemné akci. Mohou vzít své rodinné příslušníky a myslím, že, myslím, že to všichni takhle chápali. A byl jsem u toho, myslím, že si to pamatuju dobře. Přesto pan kolega Anderle mě určitě teďka trošku zviklá v tom názoru.",0,f9d440624b7d3d49
rene-cerny,Z9/21,18,"Mgr. René Černý, 1. náměstek primátorky: Tak je to výborný, já mám vždycky rád, když mám něco potvrzeno, aspoň dvakrát. Děkujeme. Tak. Do diskuse se už nikdo nehlásí, můžeme tedy hlasovat o bodu č. 23). Zahajuji hlasování: Hlasování č. 25: 47 - 0 - 1 - 1",0,f9d440624b7d3d49
rene-cerny,Z9/21,21,"Mgr. René Černý, 1. náměstek primátorky: Dobře, děkuji. Pan kolega Kment.",0,f9d440624b7d3d49
rene-cerny,Z9/21,21,"Mgr. René Černý, 1. náměstek primátorky: Tak. Někdo se nám tam hlásí, ale ukazuje, že ne. Takže odpověď zní - není přítomna.",0,f9d440624b7d3d49
rene-cerny,Z9/21,21,"Mgr. René Černý, 1. náměstek primátorky: Děkuji za dotaz. Vidím ještě přihlášeného pana Koláčného, ale než mu dám slovo, dopis jsme četli, moc hezký nebyl, to s Vámi souhlasím, ale ta čísla, pokud vím, nám nějak známá nejsou, zatím. Ale dávám, dám slovo panu zastupiteli Koláčnému.",0,f9d440624b7d3d49
rene-cerny,Z9/21,22,"Mgr. René Černý, 1. náměstek primátorky: Nevidím nikoho přihlášeného, a vidím už, pan kolega Kment.",0,f9d440624b7d3d49
rene-cerny,Z9/21,22,"Mgr. René Černý, 1. náměstek primátorky: Tak. Já tedy to vezmu, možná, a ne, eště pan, eště, eště vidím, kolega Příborský.",0,f9d440624b7d3d49
rene-cerny,Z9/21,22,"Mgr. René Černý, 1. náměstek primátorky: Také si to myslím. V každém případě, v každém případě byl tady návrh pana kolegy Zemka hlasovat o variantě A, pamatuji si to dobře, Rada města Brna projednávala právě tento materiál docela podrobně a nakonec se přiklonila, přiklonila se k variantě B. Takže tím odpovídám i panu, panu zastupiteli Kmentovi. Myslím si, že z této logiky by to je, tak jak to vysvětloval kolega Příborský, nebylo dobré, abysme ten, abysme to tam nějak hlasovali zvlášť, nebo měnili. Děkuju. Budeme tedy teď hlasovat o návrhu pana kolegy Zemka a budeme tedy hlasovat o variantě A. Zahajuji hlasování: Hlasování č. 33: 9 - 6 - 16 - 18",2,f9d440624b7d3d49
rene-cerny,Z9/21,22,"Mgr. René Černý, 1. náměstek primátorky: Návrh nebyl přijat. A budeme tedy hlasovat o variantě B. Zahajuji hlasování: Hlasování č. 34: 39 - 5 - 3 - 2",2,f9d440624b7d3d49
rene-cerny,Z9/21,23,"Mgr. René Černý, 1. náměstek primátorky: Tady poprosím pana starostu Marka. Protože, jenom na vysvětlení, jeho městské části se někde zatoulalo, zatoulala žádost, a zřejmě byla chyba na straně magistrátu, proto, a proto upravíme tento materiál, ale skutečně jenom drobně, transfer byl schválen, takže materiál číselně upravíme. Pane starosto, máte slovo.",0,f9d440624b7d3d49
rene-cerny,Z9/21,23,"Mgr. René Černý, 1. náměstek primátorky: Tak, já děkuju za načtení a myslím, že nám je to všem jasné. Pokud ne, tak se určitě někdo přihlásí, ale myslím, že, myslím, že změna, nebo ten pozměňovací návrh bodu 34), je celkem jasný. Hlásí se ještě pan kolega Lahoda.",2,f9d440624b7d3d49
rene-cerny,Z9/21,23,"Mgr. René Černý, 1. náměstek primátorky: Tak. To je možná, to není asi dotaz na nikoho z radních, ale …",0,f9d440624b7d3d49
rene-cerny,Z9/21,23,"Mgr. René Černý, 1. náměstek primátorky: Dívám se, jestli je ta, jestli je tady kolega Pivec, ale já mám informaci, že nebude, takle ráno, ale je tady, je tady kolega Řeřicha.",0,f9d440624b7d3d49
rene-cerny,Z9/21,24,"Mgr. René Černý, 1. náměstek primátorky: Tak. Takže odpovíme písemně. Odpovíme písemně, tím si ušetříme čas. Děkuji.",0,f9d440624b7d3d49
rene-cerny,Z9/21,24,"Mgr. René Černý, 1. náměstek primátorky: Takže, bod č. 34), tak jak bylo, taj, včetně toho, toho pozměňovacího návrhu. Můžeme tedy přistoupit k hlasování, kdo je pro takto upravený bod: Hlasování č. 36: 47 - 0 - 0 - 2",2,f9d440624b7d3d49
rene-cerny,Z9/21,27,"Mgr. René Černý, 1. náměstek primátorky: Poprosím Radka Řeřichu. Aha, moment, už to napravím. Nejde mně, nejde mně myš. A mikrofon je zapnutý.",0,f9d440624b7d3d49
rene-cerny,Z9/21,28,"Mgr. René Černý, 1. náměstek primátorky: Tak. Děkuji za, za odpověď. Nikdo se nehlásí, takže tato odpověď asi bude stačit a byla výstižná. Zahajuji tedy hlasování k bodu č. 40): Hlasování č. 42: 46 - 0 - 0 - 3",0,f9d440624b7d3d49
rene-cerny,Z9/21,29,"Mgr. René Černý, 1. náměstek primátorky: Hlásí se paní zastupitelka Putnová.",0,f9d440624b7d3d49
rene-cerny,Z9/21,29,"Mgr. René Černý, 1. náměstek primátorky: Dobře. Jestli je tady pan Mgr. Kubeš, tak bych ho poprosil, tak jak navrhuje sám, pan zastupitel Kment, o písemnou odpověď. Děkuji. Tak. Paní kolegyně Putnová.",0,f9d440624b7d3d49
rene-cerny,Z9/21,29,"Mgr. René Černý, 1. náměstek primátorky: Teď už nikoho přihlášeného nevidím, zahajuju tedy hlasování k bodu č. 43): Hlasování č. 45: 41 - 3 - 2 - 2",0,f9d440624b7d3d49
rene-cerny,Z9/21,30,"Mgr. René Černý, 1. náměstek primátorky: Chápu. Poprosím pana Mgr. Kubeše opět o písemnou odpověď. Paní zastupitelka Putnová.",0,f9d440624b7d3d49
rene-cerny,Z9/21,30,"Mgr. René Černý, 1. náměstek primátorky: Nevidím nikoho přihlášeného, zahajuji tedy hlasování: Hlasování č. 48: 41 - 0 - 6 - 1",0,f9d440624b7d3d49
rene-cerny,Z9/21,31,"Mgr. René Černý, 1. náměstek primátorky - navrhl společné hlasování o bodech 50), 51) a 52).",2,f9d440624b7d3d49
rene-cerny,Z9/21,33,"Mgr. René Černý, 1. náměstek primátorky: Navrhuji, navrhuji hlasovat body 55), 56), 57) a 58) dohromady. Pan zastupitel Anderle.",0,f9d440624b7d3d49
rene-cerny,Z9/21,33,"Mgr. René Černý, 1. náměstek primátorky: Až k bodu 92)? Tak já mám tady, já mám tady nachystáno hodně spojování, ale takto odvážný jsem nebyl. Nicméně, ale už vidím přihlášené, takže já si myslím, že to tak nebude jednoduché. A paní zastupitelka Lukášova Spilková.",0,f9d440624b7d3d49
rene-cerny,Z9/21,33,"Mgr. René Černý, 1. náměstek primátorky: Ano. Mgr. Monika Lukášová Spilková, Ph.D.: Já bych musela podpo, prosit, abychom hlasovali zvlášť bod 60), určitě, a bod 66).",0,f9d440624b7d3d49
rene-cerny,Z9/21,33,"Mgr. René Černý, 1. náměstek primátorky: Tak. Bod 60) a 66) byste chtěla zvlášť.",0,f9d440624b7d3d49
rene-cerny,Z9/21,33,"Mgr. René Černý, 1. náměstek primátorky: Hmm. Děkuji. Paní kolegyně Drápalová.",0,f9d440624b7d3d49
rene-cerny,Z9/21,34,"Mgr. René Černý, 1. náměstek primátorky: A já se přiznám, že si to taky myslím. Budeme tedy, budeme tedy hlasovat o spojování bodů, ale skutečně to hlas, to hlasování navrženo, navržené kolegu Anderlemi je příliš ambiciózní, tematicky to tolik nesouvisí. A pojďme tedy se vrátit, s dovolením, k tomu mému prvnímu návrhu, to znamená zbo, spojit body 55) - 58). Hlásí se někdo k tomu do diskuse? Není tomu tak. Můžeme tedy zahájit hlasování: Hlasování č. 55: 49 - 0 - 0 - 0",2,f9d440624b7d3d49
rene-cerny,Z9/21,39,"Mgr. René Černý, 1. náměstek primátorky: Poprosím, poprosím paní JUDr. Marešovou, jestli tady je? Tak. Mikrofon je zapnut.",0,f9d440624b7d3d49
rene-cerny,Z9/21,39,"Mgr. René Černý, 1. náměstek primátorky: Jasně. Děkuji Vám, děkuji Vám za odpověď. To znamená, že náprava, náprava je možná, takže si myslím, že takle to můžeme, můžeme hlasovat. Panu kolegovi to asis takle stačí. Děkuji. Tak. Nevidím již nikoho přihlášeného, můžeme tedy zahájit hlasování: Hlasování č. 57: 43 - 0 - 6 - 0",0,f9d440624b7d3d49
rene-cerny,Z9/21,39,"Mgr. René Černý, 1. náměstek primátorky - navrhl společně hlasovat o bodech 61) - 65).",2,f9d440624b7d3d49
rene-cerny,Z9/21,42,"Mgr. René Černý, 1. náměstek primátorky - navrhl společné hlasování o bodech 68) - 72).",2,f9d440624b7d3d49
rene-cerny,Z9/21,44,"Mgr. René Černý, 1. náměstek primátorky - navrhl společně hlasovat o bodech 73) - 81).",2,f9d440624b7d3d49
rene-cerny,Z9/21,48,"Mgr. René Černý, 1. náměstek primátorky - přistoupil k opětovnému hlasování o přijetí usnesení k bodu 83).",0,f9d440624b7d3d49
rene-cerny,Z9/21,48,"Mgr. René Černý, 1. náměstek primátorky - navrhl společné hlasování o bodech 84) - 92).",2,f9d440624b7d3d49
rene-cerny,Z9/21,53,"Mgr. René Černý, 1. náměstek primátorky: Tak. Dovolte mi, ještě než udělím slovo dalším přihlášeným, a, ta budova, která bude využívaná ke školství, no tak asi moc zisková nebude. Já neznám žádnou školskou budovu, která by byla zisková, takže si myslím, že na tom budeme, budeme podobně, s tou církví, co se týká ziskovosti těch nemovitosti. A je přihlášen pan tajemník.",0,f9d440624b7d3d49
rene-cerny,Z9/21,54,"Mgr. René Černý, 1. náměstek primátorky: Nevidím nikoho přihlášeného, možná eště si dovolím já, před hlasováním o tomto bodě. Ta jednání byla velmi složitá a vůbec ne, vůbec, a krá, nebyla vůbec, a byla dlouhá. Já bych chtěl, já bych chtěl poděkovat paní primátorce za to, že dovedla, dovedla tato jednání k úspěchu a že Leoš Janáček, který je tak úzce spjat s naším městem, bude mít svoje muzeum v důstojné budově, na důstojném místě, uprostřed Brna. Děkuji Vám. Tak. A můžeme přistoupit k hlasování. A zahajuji tedy hlasování: Hlasování č. 67: 39 - 0 - 9 - 1",0,f9d440624b7d3d49
rene-cerny,Z9/21,55,"Mgr. René Černý, 1. náměstek primátorky - navrhl společně hlasovat o bodech 94) – 98).",2,f9d440624b7d3d49
rene-cerny,Z9/21,55,"Mgr. René Černý, 1. náměstek primátorky - sdělil, že chápe tento požadavek, neboť u bodů 94), 95) a 96) je nesouhlasný návrh usnesení, zatímco u bodů 97) a 98) je souhlasný návrh usnesení.",2,f9d440624b7d3d49
rene-cerny,Z9/21,55,"Mgr. René Černý, 1. náměstek primátorky - přistoupil tedy ke společnému projednání bodů 94), 95) a 96).",0,f9d440624b7d3d49
rene-cerny,Z9/21,55,"Mgr. René Černý, 1. náměstek primátorky: Ano. Pavel, Pavel Urubek XXX X XXXX XXXXX. XX XX XXXX XXXXXXX XX XXXXXX XXXXXX. XXXXX, XXXXX, XXX XX XX XXXXX. Tak. Budete ušetřeni oživení, z mé strany. Pan náměstek Kerndl.",0,f9d440624b7d3d49
rene-cerny,Z9/21,55,"Mgr. René Černý, 1. náměstek primátorky: Tak, to je úplně jiná zpráva. V této, v této situaci je to vlastně hrdinství se vůbec přihlásit on-line. Já bych to nedělal. Děkuji. A můžeme tedy, můžeme tedy přistoupit ke společnému hlasování o bodech 97) a 98).",0,f9d440624b7d3d49
rene-cerny,Z9/21,56,"Mgr. René Černý, 1. náměstek primátorky - přistoupil ke společnému hlasování o bodech 97) a 98).",0,f9d440624b7d3d49
rene-cerny,Z9/21,59,"Mgr. René Černý, 1. náměstek primátorky - navrhl společné hlasování o bodech 100) – 103).",2,f9d440624b7d3d49
rene-cerny,Z9/21,59,"Mgr. René Černý, 1. náměstek primátorky - přistoupil k projednání bodu 100).",0,f9d440624b7d3d49
rene-cerny,Z9/21,59,"Mgr. René Černý, 1. náměstek primátorky - přistoupil ke společnému hlasování o bodech 102) a 103).",0,f9d440624b7d3d49
rene-cerny,Z9/21,60,"Mgr. René Černý, 1. náměstek primátorky: Takže o obou bodů, to znamená, hlasovali jsme body 102), 103), plos, prosím tedy o opakova, opakování hlasování, body 102), 103).",0,f9d440624b7d3d49
rene-cerny,Z9/21,60,"Mgr. René Černý, 1. náměstek primátorky - přistoupil k opětovnému hlasování o bodech 102) a 103).",0,f9d440624b7d3d49
rene-cerny,Z9/21,60,"Mgr. René Černý, 1. náměstek primátorky: Vracíme se k bodu 104).",0,f9d440624b7d3d49
rene-cerny,Z9/21,61,"Mgr. René Černý, 1. náměstek primátorky: No, tak můžu, ale ono je to poslední bod …",0,f9d440624b7d3d49
rene-cerny,Z9/21,61,"Mgr. René Černý, 1. náměstek primátorky: Takže to bych si moc nepočetl. Ale máme, samozřejmě se vracíme k bodu č. 3), což jsou Dotazy, připomínky a podněty členů Zastupitelstva města Brna, ale my samozřejmě musíme teď odhlasovat ten poslední bod, č. 105). Já jenom jsem chtěl odpovědět paní kolegyni, co nás vlastně ještě čeká. Takže, vracíme se do bodu 105). Nevidím nikoho přihlášeného, zahajuji tedy hlasování: Hlasování č. 76: 44 - 0 - 3 - 1",0,f9d440624b7d3d49
rene-cerny,Z9/21,63,"Mgr. René Černý, 1. náměstek primátorky: Odpovězeno bude písemně. Paní kolegyně Flamiková.",0,f9d440624b7d3d49
rene-cerny,Z9/21,63,"Mgr. René Černý, 1. náměstek primátorky: Předpokládám, že, nebo určitě bude odpovězeno písemně, já ale odpovím na tu Údolní. Děkuji za ten podnět. Co se týká odpadků, nebo, nebo těch míst pro přecházení, pro přecházení, budeme to řešit na nejbližším kontrolním dnu.",0,f9d440624b7d3d49
rene-cerny,Z9/21,63,"Mgr. René Černý, 1. náměstek primátorky: A vidím, vidím přihlášeného na odpověď ještě pana radního Kratochvíla, tak já mu, s dovolením, dám přednostní právo odpovědi. Ing. Petr Kratochvíl, člen Rady města Brna: Já jenom velmi krátce k paní XXXXXXXX. To je opravdu skutečně nezávěděníhodná jakoby pozice, kterou, bych řekl na rovinu, po nějaké mé diskusi před, myslím, 4, 5 roky vzala. Budu úplně upřímnej, ta paní je, v dobrém slova smyslu, permanentně jednou nohou na odchodu, protože ten tlak, který je na ní vytvářen, vlastně je extrémní a enormní, ze všech stran. Všichni chtějí v té krátké sezóně stavět a samozřejmě ten způsob komunikace může někdy pramenit i z toho, i z té situace, do které se skutečně nedostává vlastní vinou. Takže to bych ju chtěl omluvit. A určitě se dá cokoliv zlepšovat, ale skutečně, až paní XXXXXXXX ukončí svoji činnost, tak si myslím, že dlouho a dlouho budeme hledat někoho, kdo bude mít odvahu tuto pozici převzít, jo? Co se týče, bezpečnostně,",0,f9d440624b7d3d49
rene-cerny,Z9/21,64,"Mgr. René Černý, 1. náměstek primátorky: A teď už pojedeme podle pořadí, tak jak byli jednotliví zastupitelé přihlášeni. Pan zastupitel Zemek.",0,f9d440624b7d3d49
rene-cerny,Z9/21,64,"Mgr. René Černý, 1. náměstek primátorky: Odpovězeno bude písemně. Poprosím pana zastupitele Lahodu.",0,f9d440624b7d3d49
rene-cerny,Z9/21,64,"Mgr. René Černý, 1. náměstek primátorky: Opět bude odpověděno písemně. Ale hlásí se pan, pan zastupitel Hladík.",0,f9d440624b7d3d49
rene-cerny,Z9/21,65,"Mgr. René Černý, 1. náměstek primátorky: Nejprve pan náměstek Kerndl, a potom pan radní Kratochvíl.",0,f9d440624b7d3d49
rene-cerny,Z9/21,66,"Mgr. René Černý, 1. náměstek primátorky: Asi je to pro nás nová informace, ale předpokládám, že se doptáme, doptáme na BKOM a odpovíme, odpovíme samozřejmě písemně. Tak. Pan kolega Hladík.",0,f9d440624b7d3d49
rene-cerny,Z9/21,66,"Bc. Jiří Kment: Já bych chtěl tady navázat, chtěl bych se zeptat, jesi by bylo možné, vzhledem k dotazům občanů třeba i na různých diskusích, zpracovat nějaký jednoduchý audit činnosti XXXXXXXX XXXXXXXXXXXXX, paní XXXXXXXX? Protože jako ani občanům není úplně jasné jakoby, jak se ta její činnost projevuje a kolik vlastně těch zásahů do těch stavebních prací za rok třeba provede? Jesi jsou to desítky, nebo jestli jsou to jednotky, stovky? Není prostě vůbec jasné jakoby, jak tyto věci se provádí. Takže nějaký, nějaký jednoduchý soupis třeba, že, nevím, za poslední rok bylo provedeno tolik a tolik zásahů tadyvtěch a těch stavbách, které vypadaly tak a tak, prostě něco, aby bylo jasné, co vlastně ten XXXXXXXXXXX té XXXXXXX dělá. Dalš, druhá věc, minule tady bylo řečeno, že bude prováděna rekonstrukce Kníničské, akorát jsem úplně nezaznamenal v jakém úseku. Takže to bych se chtěl zeptat na nějaké podrobnosti. A když už jsme na té Kníničské, když se teď bude vlastně bourat vozovna Komín, možná by bylo vhodné skutečně se podívat na ty nájezdy a s tím krajem dohodnout nějakou spolupráci a konečně nám ty nájezdy vybudovat. Protože třeba dneska tam zase byla fronta až na Svrateckou, a opravdu, z té Bystrce, ráno, se do města jede velmi špatně, právě kůli neexistenci nájezdu z Kníničské na Veslařskou. Mgr. René Černý, 1. náměstek primátorky: Odpovědi budou písemně, ale možná, možná pan radní Kratochvíl přece jenom na něco odpoví teďka z tech do, z těch dotazů.",0,f9d440624b7d3d49
rene-cerny,Z9/21,67,"Mgr. René Černý, 1. náměstek primátorky, ukončil zasedání Zastupitelstva města Brna (v 11:45 hod.).",0,f9d440624b7d3d49
rene-cerny,Z9/22,1,"Na úvod zasedání navrhl 1. náměstek primátorky města Brna Mgr. René Černý (dále jen Mgr. René Černý, 1. náměstek primátorky) hlasovat o pověření vést zasedání z důvodu účasti primátorky města Brna, JUDr. Markéty Vaňkové, pouze on-line.",2,0a5e067d7f1d3081
rene-cerny,Z9/22,1,"Návrh byl přijat. Mgr. René Černý, 1. náměstek primátorky, se ujal řízení zasedání Zastupitelstva města Brna č. Z9/22.",2,0a5e067d7f1d3081
rene-cerny,Z9/22,1,"Mgr. René Černý, 1. náměstek primátorky, upozornil na skutečnost, že jednání Zastupitelstva města Brna je audiovizuálně přenášeno prostřednictvím internetových stránek města a přenos je zaznamenáván, archivován a následně bude zveřejněn.",2,0a5e067d7f1d3081
rene-cerny,Z9/22,1,"Mgr. René Černý, 1. náměstek primátorky, sdělil, že při prezenci členové Zastupitelstva města Brna obdrželi: • doplněk k bodu 93), který byl dne 9. 12. 2024 vložen na chráněné internetové datové úložiště",0,0a5e067d7f1d3081
rene-cerny,Z9/22,2,"Schválení programu zasedání Zastupitelstva města Brna č. Z9/22 Mgr. René Černý, 1. náměstek primátorky, zdůvodnil tyto změny programu:",0,0a5e067d7f1d3081
rene-cerny,Z9/22,2,"Dále Mgr. René Černý, 1. náměstek primátorky, navrhl předřadit projednání bodu č. 75) Návrh nabytí spoluvlastnického podílu ve výši id. ½ pozemku p. č. 888/9 v k. ú. Bohunice z vlastnictví České republiky - Státního pozemkového úřadu do vlastnictví statutárního města Brna",4,0a5e067d7f1d3081
rene-cerny,Z9/22,3,"Mgr. René Černý, 1. náměstek primátorky, nechal hlasovat o návrzích na změny v programu zasedání Zastupitelstva města Brna, které uvedl v rámci Technického bodu.",-3,0a5e067d7f1d3081
rene-cerny,Z9/22,7,"Mgr. René Černý, 1. náměstek primátorky: Ano, vidím tam někoho přihlášeného, já Vás tím pádem poprosím, abyste přistoupila k mikrofonu.",0,0a5e067d7f1d3081
rene-cerny,Z9/22,7,"Mgr. René Černý, 1. náměstek primátorky: Tak. Děkuji, děkuji za příspěvek. Vidím, že tam ještě možná bude jeden vystupující. Nemýlím se? Tak. Poprosím, jesi případně ještě někdo chce vystoupit, ať přistoupí k mikrofonu, k tomuto tématu samozřejmě. Vypadá to, vypadá to, že nikoliv. Nevidím ani nikoho ze zastupitelů přihlášeného, přihlášeného do diskuse, nebo do debaty. Přistoupíme tedy k hlasování, že bereme na vědomí tento nesouhlas s plánovanou výstavbou. Zahajuji hlasování: Hlasování č. 8: 44 - 0 - 9 - 2",0,0a5e067d7f1d3081
rene-cerny,Z9/22,8,"Mgr. René Černý, 1. náměstek primátorky - s omluvou požádal o opětovné hlasování, protože sám nehlasoval.",2,0a5e067d7f1d3081
rene-cerny,Z9/22,9,"Mgr. René Černý, 1. náměstek primátorky: Tak. Cítím tam z toho nějakou otázku, nějaký dotaz?",0,0a5e067d7f1d3081
rene-cerny,Z9/22,9,"Mgr. René Černý, 1. náměstek primátorky: Hlásí se pan radní Aberl.",0,0a5e067d7f1d3081
rene-cerny,Z9/22,9,"Mgr. René Černý, 1. náměstek primátorky: No, vzhledem k tomu, že to Vaše vystoupení není diskuse se členy Zastupitelstva města Brna, ani s radou, a Vy už jste vlastně jedno vystoupení měl, tak já bych Vás poprosil skutečně o výrazné zkrácení Vašeho vystoupení.",0,0a5e067d7f1d3081
rene-cerny,Z9/22,9,"Mgr. René Černý, 1. náměstek primátorky: A hlavně bysme čekali otázku. Otázku, na kterou chcete odpovědět a na kterou Vám my rádi odpovíme písemně.",0,0a5e067d7f1d3081
rene-cerny,Z9/22,10,"Mgr. René Černý, 1. náměstek primátorky: Děkuji Vám a bude Vám odpovězeno písemně. Děkujeme Vám. Tak, vidím u mikrofonu dalšího občana, prosím.",0,0a5e067d7f1d3081
rene-cerny,Z9/22,10,"Mgr. René Černý, 1. náměstek primátorky: Prosím Vás, nebyl jste, nebyl jste, neb, nejste u místěk pro, určeném pro občany na vystoupení, pokud nezměníte svoje chování, budete vyveden Policií České republiky ze sálu.",0,0a5e067d7f1d3081
rene-cerny,Z9/22,10,"Mgr. René Černý, 1. náměstek primátorky: Tak. Pokud se nechcete chovat slušně, opusťte prosím sál.",0,0a5e067d7f1d3081
rene-cerny,Z9/22,10,"Mgr. René Černý, 1. náměstek primátorky: Tady existuje nějaký jednací řád. Pokud jste chtěl vystoupit, mohl jste toho využít a slušně vystoupit u mikrofonu, pokud jste chtěl něco sdělit Zastupitelstvu města Brna.",0,0a5e067d7f1d3081
rene-cerny,Z9/22,10,"Mgr. René Černý, 1. náměstek primátorky: Děkujeme Vám! Na shledanou.",0,0a5e067d7f1d3081
rene-cerny,Z9/22,10,"Mgr. René Černý, 1. náměstek primátorky: Tak. Vidím, že už jste nachystán, poprosím Vás o vystoupení a omlouváme se Vám za dramatickou vsuvku.",0,0a5e067d7f1d3081
rene-cerny,Z9/22,11,"Mgr. René Černý, 1. náměstek primátorky: Děkuji, děkuji Vám, bude Vám odpovězeno písemně.",0,0a5e067d7f1d3081
rene-cerny,Z9/22,11,"Mgr. René Černý, 1. náměstek primátorky: Tak. Děkuji Vám, bude Vám odpovězeno písemně a poprosím dalšího z občanů.",0,0a5e067d7f1d3081
rene-cerny,Z9/22,12,"Mgr. René Černý, 1. náměstek primátorky: Vidím přihlášeného pana radního Bořeckého, má slovo.",0,0a5e067d7f1d3081
rene-cerny,Z9/22,12,"Mgr. René Černý, 1. náměstek primátorky: Tak, děkuji kolegovi Bořeckému. Vidím, že nikdo již není přihlášen z občanů. Dobře, přistupte prosím k mikrofonu.",0,0a5e067d7f1d3081
rene-cerny,Z9/22,12,"Mgr. René Černý, 1. náměstek primátorky: Tak. Předpokládám, že pan radní Kratochvíl Vám odpoví písemně. Prosím, jestli ještě někdo z občanů má touhu vystoupit na zastupitelstvu? Zatím to, nikoho nevidím, takže tento bod tímto považuji za ukončený. A můžeme se přesunout k projednávání bodu č. 7).",0,0a5e067d7f1d3081
rene-cerny,Z9/22,14,"Mgr. René Černý, 1. náměstek primátorky: Tak. Děkuji panu radnímu Bořeckému za prezentaci návrhu územního plánu. Dívám se, kdo je přihlášený do diskuse? Tak. Paní kolegyně Drápalová.",2,0a5e067d7f1d3081
rene-cerny,Z9/22,15,"Mgr. René Černý, 1. náměstek primátorky: Tak, děkuji paní kolegyni, vidím přihlášeného kolegu Zemka.",0,0a5e067d7f1d3081
rene-cerny,Z9/22,16,"Mgr. René Černý, 1. náměstek primátorky: Děkuji panu kolegovi a o reakci poprosím pana radního Bořeckého.",0,0a5e067d7f1d3081
rene-cerny,Z9/22,17,"Mgr. René Černý, 1. náměstek primátorky: Tak. Já, samo, nechám odpovědět, s dovolením, pana kolegu Bořeckého. Samozřejmě viděl jsem přihlášeného kolegu Štefana, kterému dám slovo, s dovolením, potom. Já jenom si dovolím tadyktomu vystoupení kolegy Kmenta říct, že samozřejmě těch 170 000 obyvatel, a zaznělo to tady, bude v horizontu několika desítek, desítek let. Takže se nebavíme o něčem, co by bylo nějak katastrofické v následujících letech a co by vzniklo bez potřebné infrastruktury a podobně. Tak. Pan kolega Bořecký.",0,0a5e067d7f1d3081
rene-cerny,Z9/22,18,"Mgr. René Černý, 1. náměstek primátorky: Vidím přihlášenou paní primátorku, dávám jí slovo.",0,0a5e067d7f1d3081
rene-cerny,Z9/22,18,"Mgr. René Černý, 1. náměstek primátorky: Ano, slyšíme se výborně.",0,0a5e067d7f1d3081
rene-cerny,Z9/22,18,"Mgr. René Černý, 1. náměstek primátorky: Děkuji paní primátorce, vidím ještě přihlášeného kolegu Vondru. Prosím, máte slovo.",0,0a5e067d7f1d3081
rene-cerny,Z9/22,18,"Mgr. René Černý, 1. náměstek primátorky: Tak. Ano, já poprosím Viktora Poledníka, vedoucího stavebního úřadu.",0,0a5e067d7f1d3081
rene-cerny,Z9/22,18,"Mgr. René Černý, 1. náměstek primátorky: Nevidím nikoho dalšího přihlášeného do diskuse a, to jsem se spletl. Kolega Suchý.",0,0a5e067d7f1d3081
rene-cerny,Z9/22,19,"Mgr. René Černý, 1. náměstek primátorky: Tak. Ještě před vlastním hlasováním, dovolte mně pár slov. Myslím, že způsob diskuse, rozsah dnešní debaty k tomuto bodu i vystoupení všech Vás, bez ohledu na to, jestli jste z opozice, nebo z koalice, hovoří jasně o tom, že územní plán byl zpracován dobře, že byl dobře projednán a že byl dobře připraven. A jestli někdo u tohoto bodu očekával nějaké konflikty, tak myslím, že se zklamal. Děkuji Vám za to, všem, děkuji především zpracovatelům, děkuji KAM, děkujimu panu radnímu Bořeckému. Myslím, že můžeme přistoupit k hlasování. Zahajuji tedy hlasování o bodu č. 7) Územní plán města Brna, návrh na vydání formou opatření obecné povahy. Zahajuji hlasování: Hlasování č. 11: 54 - 0 - 1 - 0",2,0a5e067d7f1d3081
rene-cerny,Z9/22,19,"Mgr. René Černý, 1. náměstek primátorky: Návrh byl přijat. Děkuji. Dávám slovo panu radnímu Bořeckému.",2,0a5e067d7f1d3081
rene-cerny,Z9/22,20,"Mgr. René Černý, 1. náměstek primátorky: Tak, ještě jednou děkuji. A my, pokud se nemýlím, se vracíme do bodu č. 6).",0,0a5e067d7f1d3081
rene-cerny,Z9/22,20,"Mgr. René Černý, 1. náměstek primátorky: Děkuji koň, kolegyni Pazderové za úvod hlasování o rozpočtu. A pan kolega Zemek má slovo.",0,0a5e067d7f1d3081
rene-cerny,Z9/22,21,"Mgr. René Černý, 1. náměstek primátorky: Tak. Děkuji za příspěvek.",0,0a5e067d7f1d3081
rene-cerny,Z9/22,22,"Mgr. René Černý, 1. náměstek primátorky: Já nevidím nikoho přihlášeného, a, takže se spíš zeptám, máme, máme zpracovány, již písemně, ty Vaše návrhy? Děkuji. A já tedy teďka dávám hlasovat, nebo budeme hlasovat o návrzích, tak jak postupně byly přednod, předloženy Vámi, jednotlivými zastupiteli. To znamená, otevírá, nebo dávám hlasovat o návrhu č. 1, zastupitele Adama Zemka, a k, a je to tedy návrh k bodu č. 6). Zahajuji hlasování: Hlasování č. 12: 9 - 0 - 26 - 20",2,0a5e067d7f1d3081
rene-cerny,Z9/22,22,"Mgr. René Černý, 1. náměstek primátorky: Návrh nebyl přijat. A můžeme přistoupit k dalšímu návrhu, návrh pana Marka Lahody, k bodu č. 6). Zahajuji hlasování: Hlasování č. 13: 9 - 0 - 26 - 20",2,0a5e067d7f1d3081
rene-cerny,Z9/22,22,"Mgr. René Černý, 1. náměstek primátorky: Návrh nebyl přijat. A poslední z návrhů, pana Tomáš, pana zastupitele Tomáše Kolečného, Kone, Koláčného, promiňte. Zahajuji hlasování: Hlasování č. 14: Neplatné hlasování",2,0a5e067d7f1d3081
rene-cerny,Z9/22,22,"Mgr. René Černý, 1. náměstek primátorky: Návrh nebyl přijat. Tak. A můžeme tedy se vrátit, a je přihlášen pan zastupitel Lahoda, prosím.",2,0a5e067d7f1d3081
rene-cerny,Z9/22,22,"Mgr. René Černý, 1. náměstek primátorky: Tak. Budeme tedy, a teď nám ještě, pane golego, sdělte, jestli o vlastním návrhu, nebo o návrhu někoho z kolegů zastupitelů. Kde jste ne, vlastně nehlasoval? Prosím?",2,0a5e067d7f1d3081
rene-cerny,Z9/22,23,"Mgr. René Černý, 1. náměstek primátorky: Děkuji. Bud, budeme tedy hlasovat o tom posledním, 3. návrhu, pana kolegy, zastupitele Koláčného. Znovu zahajuji hlasování: Hlasování č. 15: 8 - 3 - 22 - 21",2,0a5e067d7f1d3081
rene-cerny,Z9/22,23,"Mgr. René Černý, 1. náměstek primátorky: Návrh nebyl přijat. Tak. Vracíme se tedy k vlastnímu návrhu rozpočtu statutárního města Brna na rok 2025, tak jak byl předložen v programu. Již nevidím nikoho přihlášeného, zahajuji hlasování: Hlasování č. 16: 41 - 2 - 11 - 1",2,0a5e067d7f1d3081
rene-cerny,Z9/22,26,"Mgr. René Černý, 1. náměstek primátorky: To znamená, jestli jsem to dobře pochopil, tak o jednotlivých navržených?",0,0a5e067d7f1d3081
rene-cerny,Z9/22,26,"Mgr. René Černý, 1. náměstek primátorky: Děkuji. Takže, budeme tedy hlasovat odděleně. Začneme tedy technickými vědami, respektive já dám, já dám hlasovat o tomto návrhu, promiňte, to znamená, dávám hlasovat o návrhu pana zastupitele Křič, Skřičky, hlasovat od, odděleně o jednotlivých nominantech? Nemusím. To rovnou to mám hlasovat odděleně? Dobře tedy. Tak po poradě budeme hlasovat odděleně. Já jsem doufal, že ten návrh pana, pana kolegy Skřičky neschválíme. A byl to pokus, nevyšel. Pojďme, pojďme tedy hlasovat odděleně o jednotlivých jménech, oblast technické vědy: pan Ing. Michal Urbánek, kdo je pro, zahajuji hlasování: Hlasování č. 17: 48 - 0 - 1 - 3",2,0a5e067d7f1d3081
rene-cerny,Z9/22,26,"Mgr. René Černý, 1. náměstek primátorky: Návrh byl přijat. Přírodní vědy: Mgr. Jiří Dušek, Ph.D. Zahajuji hlasování: Hlasování č. 18: 48 - 0 - 2 - 2",2,0a5e067d7f1d3081
rene-cerny,Z9/22,26,"Mgr. René Černý, 1. náměstek primátorky: Návrh byl přijat. Lékařské vědy, farmacie: prof. MUDr. Jiří Veselý, CSc. Zahajuji hlasování: Hlasování č. 19: 51 - 0 - 0 - 1",2,0a5e067d7f1d3081
rene-cerny,Z9/22,26,"Mgr. René Černý, 1. náměstek primátorky: Návrh byl přijat. Společenské vědy: prof. PhDr. Dušan Uhlíř, CSc. Zahajuji hlasování: Hlasování č. 20: 50 - 0 - 0 - 2",2,0a5e067d7f1d3081
rene-cerny,Z9/22,26,"Mgr. René Černý, 1. náměstek primátorky: Návrh byl přijat. Architektura, urbanismus: Ing. Zdeněk Sendler. Zahajuji hlasování: Hlasování č. 21: 51 - 0 - 0 - 1",2,0a5e067d7f1d3081
rene-cerny,Z9/22,26,"Mgr. René Černý, 1. náměstek primátorky: Návrh byl přijat. Výtvarné umění a design: ak. mal. Pavel Dvorský. Zahajuji hlasování: Hlasování č. 22: 51 - 0 - 0 - 1",2,0a5e067d7f1d3081
rene-cerny,Z9/22,26,"Mgr. René Černý, 1. náměstek primátorky: Návrh byl přijat. Hudba: Vladimír „Laďa“ Kerndl. Zahajuji hlasování: Hlasování č. 23: 49 - 0 - 0 - 3",2,0a5e067d7f1d3081
rene-cerny,Z9/22,26,"Mgr. René Černý, 1. náměstek primátorky: Návrh byl přijat. Literární činnost: Petr Váša. Zahajuji hlasování: Hlasování č. 24: 45 - 5 - 1 - 1",2,0a5e067d7f1d3081
rene-cerny,Z9/22,26,"Mgr. René Černý, 1. náměstek primátorky: Návrh byl přijat. Žurnalistika a publicistika: Mgr. Luboš Mareček, Ph.D. Zahajuji hlasování: Hlasování č. 25: 49 - 0 - 1 - 2",2,0a5e067d7f1d3081
rene-cerny,Z9/22,26,"Mgr. René Černý, 1. náměstek primátorky: Návrh byl přijat. Dramatické umění: Zdeněk Junák. Zahajuji hlasování: Hlasování č. 26: 49 - 0 - 0 - 2",2,0a5e067d7f1d3081
rene-cerny,Z9/22,26,"Mgr. René Černý, 1. náměstek primátorky: Návrh byl přijat. Sport: Agáta Koupilová. Zahajuji hlasování: Hlasování č. 27: 45 - 0 - 2 - 5",2,0a5e067d7f1d3081
rene-cerny,Z9/22,27,"Mgr. René Černý, 1. náměstek primátorky: Návrh byl přijat. Mezinárodní spolupráce města Brna: Dennis Russell Davies. Zahajuji hlasování: Hlasování č. 28: 49 - 0 - 0 - 4",2,0a5e067d7f1d3081
rene-cerny,Z9/22,27,"Mgr. René Černý, 1. náměstek primátorky: Návrh byl přijat. Zásluhy o svobodu a demokracii: MUDr. Renata Laxová in memoriam. Zahajuji hlasování: Hlasování č. 29: 50 - 0 - 0 - 3",2,0a5e067d7f1d3081
rene-cerny,Z9/22,27,"Mgr. René Černý, 1. náměstek primátorky: Návrh byl přijat. Mimořádný přínos městu Brnu: paní Mgr. Radka Vernerová. Zahajuji hlasování: Hlasování č. 30: 51 - 0 - 0 - 2",2,0a5e067d7f1d3081
rene-cerny,Z9/22,27,"Mgr. René Černý, 1. náměstek primátorky: Návrh byl přijat. Tak. Tím jsme nominované vyčerpali. Děkuji tedy všem za hlasování.",2,0a5e067d7f1d3081
rene-cerny,Z9/22,28,"Mgr. René Černý, 1. náměstek primátorky - upozornil na hlasování o přijetí usnesení včetně doplňku předloženého paní náměstkyní primátorky, Ing. Karin Podivinskou.",2,0a5e067d7f1d3081
rene-cerny,Z9/22,28,"Mgr. René Černý, 1. náměstek primátorky: Tak, děkuji paní kolegyni a já nechám přednostně reagovat pana náměstka Chvátala.",0,0a5e067d7f1d3081
rene-cerny,Z9/22,29,"Mgr. René Černý, 1. náměstek primátorky: Ano, pan náměstek kýve, že s tím počítá. A pan kolega Hladík.",0,0a5e067d7f1d3081
rene-cerny,Z9/22,29,"Mgr. René Černý, 1. náměstek primátorky: Děkuji za vysvětlení. Skutečně, za ty roky, myslím, že všichni víme, jak se i změnily ceny vstupů do všech firem a společností, takže i to k tomu přispívá. Kolegyně Drápalová.",0,0a5e067d7f1d3081
rene-cerny,Z9/22,29,"Mgr. René Černý, 1. náměstek primátorky: Tak. Vidím, že je přihlášen pan kolega Chvátal.",0,0a5e067d7f1d3081
rene-cerny,Z9/22,30,"Mgr. René Černý, 1. náměstek primátorky: Pardon, ano, máš slovo.",0,0a5e067d7f1d3081
rene-cerny,Z9/22,30,"Mgr. René Černý, 1. náměstek primátorky: Nevidím nikoho přihlášeného, můžeme tedy hlasovat. Zahajuji hlasování k bodu č. 12): Hlasování č. 34: 43 - 4 - 7 - 0",0,0a5e067d7f1d3081
rene-cerny,Z9/22,30,"Mgr. René Černý, 1. náměstek primátorky - upozornil na hlasování o přijetí usnesení ve znění doplňku.",2,0a5e067d7f1d3081
rene-cerny,Z9/22,34,"Mgr. René Černý, 1. náměstek primátorky: No, a vzhledem k času, který máme všichni na hodinkách a telefonech, vyhlašuji přestávku.",0,0a5e067d7f1d3081
rene-cerny,Z9/22,35,"Mgr. René Černý, 1. náměstek primátorky: Tak. Pokračujeme, myslím si, že v krátkém, ale musíme pokračovat v projednání bodu 27). Poprosím tedy, jestli je tady pan vedoucí, já jsem ho tak náhle uťal, tím se mu velmi omlouvám. A prosím pana vedoucího správ, odboru, Odboru správy majetku.",0,0a5e067d7f1d3081
rene-cerny,Z9/22,35,"Mgr. René Černý, 1. náměstek primátorky: Tak. Teď už nikoho nevidím přihlášeného. Můžeme tedy přistoupit k hlasování, hlasujeme bod č. 27). Zahajuji hlasování: Hlasování č. 49: 50 - 0 - 3 - 2",0,0a5e067d7f1d3081
rene-cerny,Z9/22,37,"Mgr. René Černý, 1. náměstek primátorky: Tak. Já se domnívám, že rezervní fond by měl, pardon, že rezervní ford, fond by měl sloužit na něco jiného než na mimořádné vynaložení finančních prostředků, jako jsou záplavy. Ale přesto dovo, si po, poprosím, chtěl jsem poprosit paní Rabušicovou, ale hlásí se paní, paní zastupitelka Seidlová.",0,0a5e067d7f1d3081
rene-cerny,Z9/22,37,"Mgr. René Černý, 1. náměstek primátorky: Děkuji paní zastupitelce, to jsme se shodli, nevidím nikoho přihlášeného, můžeme tedy přistoupit k hlasování: Hlasování č. 53: 53 - 0 - 0 - 1",0,0a5e067d7f1d3081
rene-cerny,Z9/22,41,"Mgr. René Černý, 1. náměstek primátorky: Nikdo se nehlásí do diskuse, dále, můžeme tedy hlasovat bod č. 40). Zahajuji hlasování: Hlasování č. 62: 36 - 0 - 10 - 7",0,0a5e067d7f1d3081
rene-cerny,Z9/22,44,"Mgr. René Černý, 1. náměstek primátorky: Určitě, na to bude dáván pozor. Hlásí se ještě někdo? Není tomu tak. Zahajuji tedy hlasování, bod č. 47): Hlasování č. 69: 40 - 5 - 4 - 3",0,0a5e067d7f1d3081
rene-cerny,Z9/22,45,"Mgr. René Černý, 1. náměstek primátorky: Tak. Určitě poprosím Tomáše Pivce. My jenom, já jenom k tomu řeknu, že jsme, že jsme požádali 2 právní kanceláře o názor. Potom samozřejmě byl teprve vypracován, vypracován tento materiál, který šel samozřejmě nejprve do rady. No, poprosím Tomáše Pivce, jesi by to nějakým způsobem ještě, ještě nemohl komentovat. V pořádku, už to funguje.",2,0a5e067d7f1d3081
rene-cerny,Z9/22,45,"Mgr. René Černý, 1. náměstek primátorky: Nevidím už nikoho přihlášeného, asi to bude i kolegyni Drápalové takto stačit? Děkuji, vidím souhlas, takže můžeme přijít k hlasování. Zahajuji tedy hlasování, bod č. 53): Hlasování č. 73: 40 - 1 - 11 - 1",0,0a5e067d7f1d3081
rene-cerny,Z9/22,50,"Mgr. René Černý, 1. náměstek primátorky: Bod č. 65), který je navržen variantně, a já, s dovolením, ještě předtím, než nechám hlasovat o variandě, o variantě B, což je koncesní řízení, tak poprosím, poprosím, ano, už přihlášeného pana radního Olivu, aby nám doprnil návrh usnesení v té variantě B.",2,0a5e067d7f1d3081
rene-cerny,Z9/22,50,"Mgr. René Černý, 1. náměstek primátorky: Nevidím už nikoho přihlášeného. Zahájím tedy hlasování, kdo je pro, kdo je proti, kdo se zdržel, a, pardon, samozřejmě, já jsem to říkal už na začátku, hlasujeme nejprve variantu B, pokud by neprošla, hlasujeme variantu A. To znamená, já ukončím hlasování: Hlasování č. 84: Neplatné hlasování",0,0a5e067d7f1d3081
rene-cerny,Z9/22,51,"Mgr. René Černý, 1. náměstek primátorky: A zahájíme, s dovolením, tedy hlasování o tomto bodu znovu. Hlasujeme tedy variantu B, včetně doplnění pana radního Olivy. Tak. Zahajuji hlasování: Hlasování č. 85: 43 - 0 - 6 - 4",0,0a5e067d7f1d3081
rene-cerny,Z9/22,51,"Mgr. René Černý, 1. náměstek primátorky - navrhl společně hlasovat o bodech 66) - 70).",2,0a5e067d7f1d3081
rene-cerny,Z9/22,51,"Mgr. René Černý, 1. náměstek primátorky - přistoupil tedy ke společnému projednání bodů 66) - 68).",0,0a5e067d7f1d3081
rene-cerny,Z9/22,53,"Mgr. René Černý, 1. náměstek primátorky - navrhl společné hlasování o bodech 71) - 74).",2,0a5e067d7f1d3081
rene-cerny,Z9/22,55,"Mgr. René Černý, 1. náměstek primátorky - přistoupil ke společnému projednání bodů 72), 73) a 74).",0,0a5e067d7f1d3081
rene-cerny,Z9/22,56,"Mgr. René Černý, 1. náměstek primátorky - navrhl společně hlasovat o bodech 76) - 80), přičemž upozornil, že v bodech 76) a 78) bude hlasováno ve znění doplňků k těmto bodům.",4,0a5e067d7f1d3081
rene-cerny,Z9/22,58,"Mgr. René Černý, 1. náměstek primátorky - navrhl společné hlasování o bodech 81) a 82).",2,0a5e067d7f1d3081
rene-cerny,Z9/22,59,"Mgr. René Černý, 1. náměstek primátorky - navrhl společně hlasovat o bodech 83) - 87).",2,0a5e067d7f1d3081
rene-cerny,Z9/22,59,"Mgr. René Černý, 1. náměstek primátorky - přistoupil tedy ke společnému projednání bodů 83), 84) a 85).",0,0a5e067d7f1d3081
rene-cerny,Z9/22,60,"Mgr. René Černý, 1. náměstek primátorky - přistoupil dále ke společnému projednání bodů 86) a 87).",0,0a5e067d7f1d3081
rene-cerny,Z9/22,62,"Mgr. René Černý, 1. náměstek primátorky - navrhl společné hlasování o bodech 89) - 101).",2,0a5e067d7f1d3081
rene-cerny,Z9/22,72,"Mgr. René Černý, 1. náměstek primátorky - navrhl společně hlasovat o bodech 108) - 110).",2,0a5e067d7f1d3081
rene-cerny,Z9/22,72,"Mgr. René Černý, 1. náměstek primátorky - přistoupil tedy ke společnému projednání bodů 108) a 110).",0,0a5e067d7f1d3081
rene-cerny,Z9/22,73,"Mgr. René Černý, 1. náměstek primátorky: Já poprosím Katku Vorlíčkovou, jesi tady je?",0,0a5e067d7f1d3081
rene-cerny,Z9/22,74,"Mgr. René Černý, 1. náměstek primátorky: Já panu zastupiteli navrhuji, abysme odpověděli písemně. A paní, paní Mgr. Vorlíčkovou poprosím, aby to prostě dohledala, odpověděla panu mag, panu zastupiteli Kmentovi písemně.",0,0a5e067d7f1d3081
rene-cerny,Z9/22,74,"Mgr. René Černý, 1. náměstek primátorky: Tak. Dále nevidím nikoho přihlášeného, dávám tedy hlasovat: Hlasování č. 107: 43 - 0 - 2 - 9",0,0a5e067d7f1d3081
rene-cerny,Z9/22,76,"Mgr. René Černý, 1. náměstek primátorky: Teď přemýšlím, kdo Vám odpoví, ale určitě to bude písemně. Ne, hlásí se kolegyně Rabušicová, takže já jí dávám slovo. A chce, tak jasně. Takže paní, paní zastupitelka Seidlová.",0,0a5e067d7f1d3081
rene-cerny,Z9/22,76,"Mgr. René Černý, 1. náměstek primátorky: Tak to je celkem jasná odpověď, děkuji paní zastupitelce. Myslím, že není ani potřeba žádné doplnění, v tomto případě. Pan zastupitel Kment.",0,0a5e067d7f1d3081
rene-cerny,Z9/22,76,"Mgr. René Černý, 1. náměstek primátorky: Tak. Bude Vám odpovězeno písemně. A vidím přihlášeného pana kolegu Hladíka.",0,0a5e067d7f1d3081
rene-cerny,Z9/22,77,"Mgr. René Černý, 1. náměstek primátorky: Tak, děkuji. A je tady pan prof. Kočiš? Nevidím ho nikde, ani se nám nehlásí, to znamená, odpoví písemně. A já jen k tomu řeknu, že na začátku vlastně té, toho, toho funkčního období pověřeného pana ředitele jsme měli spolu jednání a pan ředitel, mimo jiné, vyslovil přání, abychom, abychom společně s vodárnami, s BVK, s Brněnskými vodárny a kanalizacemi zjistili, kudy, kudy je vlastně, to pod tou zemí to vede. A tlumočil mně právě požadavek zaměstnanců Úrazové nemocnice na vybudování parkovacích míst. Ale samozřejmě všichni víme, že to, že to vzhledem k těm sítím tam umístěným nejde, a nejde tak jednoduše. Takže, to by skutečně byl velice významný obrat. Tak, děkuji, pan kolega Zemek.",0,0a5e067d7f1d3081
rene-cerny,Z9/22,77,"Mgr. René Černý, 1. náměstek primátorky: Vzhledem k tomu, jestli je tady, je tady pan vedoucí z Odboru dopravy? Je tady. Odpovíme hned, nebo písemně? Ano, děkuju, písemně. Paní kolegyně Flamiková je na řadě.",0,0a5e067d7f1d3081
rene-cerny,Z9/22,78,"Mgr. René Černý, 1. náměstek primátorky: Bude tedy odpovězeno písemně. Pan kolega Koláčný.",0,0a5e067d7f1d3081
rene-cerny,Z9/22,78,"Mgr. René Černý, 1. náměstek primátorky: A chce odpovědět pan radní Bořecký, takže já mu dávám slovo.",0,0a5e067d7f1d3081
rene-cerny,Z9/22,79,"Mgr. René Černý, 1. náměstek primátorky: Odpoví pan radní Kratochvíl.",0,0a5e067d7f1d3081
rene-cerny,Z9/22,79,"Mgr. René Černý, 1. náměstek primátorky: Paní kolegyně Flamiková.",0,0a5e067d7f1d3081
rene-cerny,Z9/22,79,"Mgr. René Černý, 1. náměstek primátorky: Aha, Vy byste ráda pokračovala. Já se oz, já se, já se omlouvám, ale já to nepoznám. Takže já Vám dávám znovu slovo.",0,0a5e067d7f1d3081
rene-cerny,Z9/22,79,"Mgr. René Černý, 1. náměstek primátorky: A teď byla paní kolegyně Flamiková na řadě, já si to pamatuji. Tak prosím.",0,0a5e067d7f1d3081
rene-cerny,Z9/22,80,"Mgr. René Černý, 1. náměstek primátorky: A já si dovolím tedy poznamenat k rozpočtu, že ho skutečně, skutečně neprojídáme, protože je velmi proinvestiční. A je to trend, který držíme už v začátku volebního období, v rozpočtech. Děkuji. Pan kolega Hollan.",0,0a5e067d7f1d3081
rene-cerny,Z9/22,80,"Mgr. René Černý, 1. náměstek primátorky: Odpověď bude písemně. Poprosím paní kolegu Flamikovou, paní kolegyni.",0,0a5e067d7f1d3081
rene-cerny,Z9/22,81,"Mgr. René Černý, 1. náměstek primátorky: Tak. Já vidím paní kolegyni Drápalovou, asi chce popřát taky pěkné svátky.",0,0a5e067d7f1d3081
rene-cerny,Z9/22,81,"Mgr. René Černý, 1. náměstek primátorky: A dovolte i mně, já doufám, že skutečně na samotný závěr, Vám všem poděkovat za účast na dnešním zastupitelstvu. Přeji Vám krásné prožití vánočních svátků, všechno nejlepší do nového roku, ať se tady ve zdraví sejdeme.",0,0a5e067d7f1d3081
rene-cerny,Z9/22,81,"Mgr. René Černý, 1. náměstek primátorky, ukončil zasedání Zastupitelstva města Brna (ve 12:45 hod.).",0,0a5e067d7f1d3081
rene-cerny,Z9/23,1,"Na úvod zasedání navrhl 1. náměstek primátorky města Brna Mgr. René Černý (dále jen Mgr. René Černý, 1. náměstek primátorky) hlasovat o pověření vést zasedání z důvodu účasti primátorky města Brna, JUDr. Markéty Vaňkové, pouze on-line.",2,4658264f1b9b47c0
rene-cerny,Z9/23,1,"Návrh byl přijat. Mgr. René Černý, 1. náměstek primátorky, se ujal řízení zasedání Zastupitelstva města Brna č. Z9/23.",2,4658264f1b9b47c0
rene-cerny,Z9/23,1,"Mgr. René Černý, 1. náměstek primátorky, upozornil na skutečnost, že jednání Zastupitelstva města Brna je audiovizuálně přenášeno prostřednictvím internetových stránek města a přenos je zaznamenáván, archivován a následně bude zveřejněn.",2,4658264f1b9b47c0
rene-cerny,Z9/23,2,"Mgr. René Černý, 1. náměstek primátorky, sdělil, že při prezenci členové Zastupitelstva města Brna obdrželi: • doplněk k bodu 89), který byl dne 27. 1. 2025 vložen na chráněné internetové datové úložiště • Informativní zprávu - Podání adresovaná Zastupitelstvu města Brna, která byla dne 27. 1. 2025 včetně vlastních podání vložena na chráněné internetové datové úložiště. Dne 28. 1. 2025 byl na úložiště vložen Doplněk k této Informativní zprávě, který členové Zastupitelstva města Brna v listinné formě rovněž obdrželi. Podání ZMB včetně Doplňku byla k dispozici v listinné formě ve složce „K nahlédnutí pro členy ZMB“ v jednacím sálu • Výpis usnesení Finančního výboru Zastupitelstva města Brna k bodům projednávaným na tomto zasedání, který byl dne 27. 1. 2025 vložen na chráněné internetové datové úložiště • Informace o hlasování členů RMB neuvedené v předložených materiálech k bodům programu ZMB č. Z9/23",0,4658264f1b9b47c0
rene-cerny,Z9/23,2,"Schválení programu zasedání Zastupitelstva města Brna č. Z9/23 Mgr. René Černý, 1. náměstek primátorky, zdůvodnil tyto změny programu:",0,4658264f1b9b47c0
rene-cerny,Z9/23,2,"Mgr. René Černý, 1. náměstek primátorky, nechal hlasovat o návrzích na změny v programu zasedání Zastupitelstva města Brna, které uvedl v rámci Technického bodu.",-3,4658264f1b9b47c0
rene-cerny,Z9/23,8,"Mgr. René Černý, 1. náměstek primátorky: Já dám ještě slovo paní zastupitelce Drápalové a potom poprosím, poprosím o odpověď paní JUDr. Marešovou, ale, prosím, paní zastupitelka Drápalová.",0,4658264f1b9b47c0
rene-cerny,Z9/23,8,"Mgr. René Černý, 1. náměstek primátorky: Protože je 9 hod. 29 min., tak se vrátíme k bodu č. 2) Dotazy, připomínky a podněty občanů. A poté poprosím paní JUDr. Marešovou, aby nám zkusila odpovědět na ty 2 dotazy našich zast, našeho zastupitele a paní zastupitelky.",0,4658264f1b9b47c0
rene-cerny,Z9/23,9,"Mgr. René Černý, 1. náměstek primátorky: Já se omlouvám, ano, děkuji, děkuji. A myslím, že asi není naším úkolem tady předjímat jednání, které bude až zítra, s panem Polákem. A samozřejmě my jsme o Vašem, o Vašem případu i díky Vašim pravidelným návštěvám na zastupitelstvu velmi podrobně informováni, takže děkujeme a uvidíte. Vy jste sama řekla, nebo naznačila, že něco je pod pokličkou, takže nemůžeme nic předjímat. Nic pod pokličkou samozřejmě není, ale Vy se zítra, Vy se zítra to dozvíte teprve na jednání, tak to, tak to bývá, když má něco začít až ten následující den, tak to nemůžete vědět dneska. Takže, děkuji …",0,4658264f1b9b47c0
rene-cerny,Z9/23,9,"Mgr. René Černý, 1. náměstek primátorky: Děkuji Vám, my to, tento příběh známe dopodrobna.",0,4658264f1b9b47c0
rene-cerny,Z9/23,9,"Mgr. René Černý, 1. náměstek primátorky: Děkuji Vám. Pan náměstek Kerndl.",0,4658264f1b9b47c0
rene-cerny,Z9/23,10,"Mgr. René Černý, 1. náměstek primátorky: Tak. Já se omlouvám, ale tento bod neslouží k diskusi, tento bod slouží k vystoupení občanů, kteří podléhají nějakému časovému limitu. Takže já Vám děkuji za to, že jste přišla na jednání dnešního zastupitelstva, a dívám se, jestli někdo chce ještě vystoupit z občanů? A nikoho nevidím. Vracíme se tedy, a, teď se, teď se někdo přihlásil. Takže Vás poprosím k mikrofonu.",0,4658264f1b9b47c0
rene-cerny,Z9/23,10,"Mgr. René Černý, 1. náměstek primátorky: Tak. Děkujeme Vám za vystoupení, odpomíve, odpomi, odpovíme Vám písemně. Ještě někdo z občanů z? Ano, prosím, přistupte k mikrofonu.",0,4658264f1b9b47c0
rene-cerny,Z9/23,10,"Mgr. René Černý, 1. náměstek primátorky: Tak my od, samozřejmě odpovíme písemně. Já jenom chci, za sebe, říct, že ne každá stavba musí mít pouze 1 odůvodnění, v tomto případě dopravní. Ne všechny stavby v evropských a světových metropolích byly iniciovány, nebo byly odůvodněny pouze nějakou, něčím finančním, nebo nějakým finančním modelem. Jsou stavby, které slouží veřejnosti, slouží veřejnému prostoru, strouží k tomu, aby město bylo lepší, atraktivnější, aby samozřejmě i dopravní, dopravní obslužnost se změnila. A slouží také k nějakému záměru. Slouží k nějakému rozvoji města. Nemůžeme být pouze, pou, kdyby, kdyby naši předci byli takoví, jací, jak, jak se, jak se tady prezentujete Vy, se svým názorem, tak by půlka Brna nestála.",0,4658264f1b9b47c0
rene-cerny,Z9/23,10,"Mgr. René Černý, 1. náměstek primátorky: Bude Vám odpovězeno písemně. Tak. Máme ještě někoho z občanů, kdo by chtěl vystoupit u mikrofonu? Nikoho nevidím. Můžeme tedy ukončit tento bod a vrátit se k projednávání bodu č. 8). A poprosím paní JUDr. Marešovou o odpověď našim zastupitelům.",0,4658264f1b9b47c0
rene-cerny,Z9/23,11,"Mgr. René Černý, 1. náměstek primátorky: Tak. Nevidím nikoho přihlášeného k bodu č. 8), zahajuji tedy hlasování: Hlasování č. 9: 34 - 1 - 11 - 4",0,4658264f1b9b47c0
rene-cerny,Z9/23,11,"Mgr. René Černý, 1. náměstek primátorky: Tak. Děku, děkuji panu zastupiteli. A pokud nikdo nemá námitky, budeme tedy hlasovat o takto upraveném materiálu č. 9). Zahajuji hlasování: Hlasování č. 10: 42 - 0 - 7 - 1",0,4658264f1b9b47c0
rene-cerny,Z9/23,13,"Mgr. René Černý, 1. náměstek primátorky: Chápu, poprosím, poprosím Tomáše Pivce o odpověď.",0,4658264f1b9b47c0
rene-cerny,Z9/23,13,"Mgr. René Černý, 1. náměstek primátorky: Pan zastupitel nereaguje, tak to beru tak, že bude, bude spokojen s tou odpovědí písemnou. Děkuji Vám. A nevidím nikoho přihlášeného dál k tomuto bodu, můžeme tedy přistoupit k hlasování: Hlasování č. 14: 41 - 0 - 7 - 2",0,4658264f1b9b47c0
rene-cerny,Z9/23,17,"Mgr. René Černý, 1. náměstek primátorky: Tak. Děkuji za dotaz. Bude Vám odpovězeno písemně panem Mgr. Jelínkem. Ale přesto se hlásí pan radní Aberl, tak on bude chtít asi odpovědět hned.",0,4658264f1b9b47c0
rene-cerny,Z9/23,18,"Mgr. René Černý, 1. náměstek primátorky: Děkuji paní radní pro školství. Nevidím nikoho přihlášeného, můžeme tedy přistoupit k hlasování o bodu č. 25). Zahajuji hlasování: Hlasování č. 26: 46 - 0 - 2 - 2",0,4658264f1b9b47c0
rene-cerny,Z9/23,19,"Mgr. René Černý, 1. náměstek primátorky: Tak. Tady zřejmě, ano, opět pan radní Aberl.",0,4658264f1b9b47c0
rene-cerny,Z9/23,19,"Mgr. René Černý, 1. náměstek primátorky: Tak. Děkuji za odpověď panu radnímu. Dále nevidím nikoho přihlášeného, můžeme tedy přistoupit k hlasování, bod č. 26): Hlasování č. 27: 46 - 0 - 2 - 2",0,4658264f1b9b47c0
rene-cerny,Z9/23,20,"Mgr. René Černý, 1. náměstek primátorky: Tak. Tady se nikdo nehlásí na odpověď, bude Vám tedy odpovězeno písemně, panem Mgr. Jelínkem.",0,4658264f1b9b47c0
rene-cerny,Z9/23,20,"Mgr. René Černý, 1. náměstek primátorky: Děkuji Vám. Můžeme tedy přistoupit k hlasování: Hlasování č. 29: 41 - 0 - 6 - 3",0,4658264f1b9b47c0
rene-cerny,Z9/23,20,"Mgr. René Černý, 1. náměstek primátorky: Ták. Bod č. 29). Chcete hlasovat odděleně? V položkách 16 …",0,4658264f1b9b47c0
rene-cerny,Z9/23,20,"Mgr. René Černý, 1. náměstek primátorky: 29 a 45. Dobře. Přistoupíme tedy k hlasování, k položce č. 16: Hlasování č. 30: 42 - 0 - 7 - 1",0,4658264f1b9b47c0
rene-cerny,Z9/23,20,"Mgr. René Černý, 1. náměstek primátorky: Návrh byl přijat. Nebo tato hlož, položka byla schválena. Zahajuji hlasování o položce č. 29: Hlasování č. 31: 38 - 1 - 4 - 7",2,4658264f1b9b47c0
rene-cerny,Z9/23,20,"Mgr. René Černý, 1. náměstek primátorky: Bylo přijato. A teď budeme hlasovat o položce č. 45. Zahajuji hlasování: Hlasování č. 32: 40 - 0 - 6 - 4",0,4658264f1b9b47c0
rene-cerny,Z9/23,20,"Mgr. René Černý, 1. náměstek primátorky: I tato položka byla v návrhu schválená. A teď tedy budeme hlasovat o bodě č. 29), jako celku. Zahajuji hlasování: Hlasování č. 33: 47 - 0 - 0 - 3",2,4658264f1b9b47c0
rene-cerny,Z9/23,29,"Mgr. René Černý, 1. náměstek primátorky: No, a, vážení, vážené dámy, pánové, protože toho bylo doteďka takové monotónní, trošku, tak já si teď dovolím navrhnout, spojit body č. 47) - 50). A, máme to zde. Pan kolega Kment.",0,4658264f1b9b47c0
rene-cerny,Z9/23,29,"Mgr. René Černý, 1. náměstek primátorky: Dobře. Takže, mám, chápu to tedy tak, že chcete všechny body hlasovat zvlášť. Nebo tam navrhujete nespojovat? Jesi to navrhujete nes, nespojovat, tak to jenom beru jako návrh.",2,4658264f1b9b47c0
rene-cerny,Z9/23,29,"Mgr. René Černý, 1. náměstek primátorky: Takže chcete body 47), 48), 49) a 50) hlasovat zvlášť.",0,4658264f1b9b47c0
rene-cerny,Z9/23,29,"Mgr. René Černý, 1. náměstek primátorky: Dobře. Pojďme tedy na to. Bod č. 47), otevírám rozpravu. Pan zastupitel Kment.",0,4658264f1b9b47c0
rene-cerny,Z9/23,30,"Mgr. René Černý, 1. náměstek primátorky: Tak. Děkuji za odpověď panu radnímu. Nikdo se nehlásí, můžeme tedy hlasovat, bod č. 47). Hlasu, zahajuji hlasování: Hlasování č. 50: 35 - 2 - 9 - 4",0,4658264f1b9b47c0
rene-cerny,Z9/23,32,"Mgr. René Černý, 1. náměstek primátorky - navrhl společně hlasovat o bodech 51) - 56).",2,4658264f1b9b47c0
rene-cerny,Z9/23,32,"Mgr. René Černý, 1. náměstek primátorky - přistoupil ke společnému hlasování o bodech 51) - 55).",0,4658264f1b9b47c0
rene-cerny,Z9/23,35,"Mgr. René Černý, 1. náměstek primátorky - navrhl společné hlasování o bodech 58) - 67).",2,4658264f1b9b47c0
rene-cerny,Z9/23,35,"Mgr. René Černý, 1. náměstek primátorky - přistoupil ke společnému hlasování o bodech 58) - 60).",0,4658264f1b9b47c0
rene-cerny,Z9/23,35,"Mgr. René Černý, 1. náměstek primátorky - přistoupil ke společnému hlasování o bodech 62) - 67).",0,4658264f1b9b47c0
rene-cerny,Z9/23,39,"Mgr. René Černý, 1. náměstek primátorky - navrhl společně hlasovat o bodech 69) - 101).",2,4658264f1b9b47c0
rene-cerny,Z9/23,55,"Mgr. René Černý, 1. náměstek primátorky - navrhl společné hlasování o bodech 103) - 106).",2,4658264f1b9b47c0
rene-cerny,Z9/23,57,"Mgr. René Černý, 1. náměstek primátorky: Teď tady máme body č. 108) - 110). Navrhuji je hlasovat společně. Pan zastupitel Kment.",0,4658264f1b9b47c0
rene-cerny,Z9/23,57,"Mgr. René Černý, 1. náměstek primátorky: Ano. Tak. Bod č. 108). Otevírám rozpravu. Pan zastupitel Kment.",0,4658264f1b9b47c0
rene-cerny,Z9/23,58,"Mgr. René Černý, 1. náměstek primátorky: Já se, já se omlouvám.",0,4658264f1b9b47c0
rene-cerny,Z9/23,59,"Mgr. René Černý, 1. náměstek primátorky: Tak, nevím, jestli Vám to potvrdí paní JUDr. Doležalová, ale, možná ano.",0,4658264f1b9b47c0
rene-cerny,Z9/23,59,"Mgr. René Černý, 1. náměstek primátorky: A, děkuji paní doktorce a já si myslím, že bude nejlepší, když poprosíme paní Mgr. Wagnerovou, aby odpověděla písemně na dotaz pana zastupitele Koláčného. Děkuji. Tak. Pan zastupitel Hollan.",0,4658264f1b9b47c0
rene-cerny,Z9/23,59,"Mgr. René Černý, 1. náměstek primátorky: Tak. Já nevím, jestli vůbec taková odpověď je teďka, v tuto chvíli možná. Ne všechno v životě lidském má 100% jistotu. Bude to tak i v tomto případě, majetkového bodu, zřejmě. Ale, paní Mgr. Wagnerová, mysli, by nám k tomu možná eště mohla něco říct?",0,4658264f1b9b47c0
rene-cerny,Z9/23,59,"Mgr. René Černý, 1. náměstek primátorky: Ano. My jsme si to mysleli. Děkuji. Pan zastupitel Zemek.",0,4658264f1b9b47c0
rene-cerny,Z9/23,59,"Mgr. René Černý, 1. náměstek primátorky: Tak. Děkuji panu radnímu, budeme hlasovat o stažení tohoto materiálu. Chci se tedy zeptat, jestli přihlášení zastupitelé trvají na tom, že potřebují k tomuto bodu vystoupit? Když, když budeme, takže budeme hlasovat o stažení tohoto bodu. Tak. Kdo je pro návrh na stažení? Kdo je proti? Kdo, zahajuji hlasování: Hlasování č. 65: 40 - 0 - 2 - 8",2,4658264f1b9b47c0
rene-cerny,Z9/23,60,"Mgr. René Černý, 1. náměstek primátorky: Bod č. 108) byl tedy stažen z jednání dnešního zastupitelstva. Paní kolegyně Drápalová je přihlášená stále, takže má slovo.",0,4658264f1b9b47c0
rene-cerny,Z9/23,60,"Mgr. René Černý, 1. náměstek primátorky: A můžeme tedy, zahajuji rozpravu k bodům č. 109) a 110) společně.",0,4658264f1b9b47c0
rene-cerny,Z9/23,61,"Mgr. René Černý, 1. náměstek primátorky: Navrhuji projednat dohromady body č. 111) - 113). Tak. Pan radní Oliva.",0,4658264f1b9b47c0
rene-cerny,Z9/23,61,"Mgr. René Černý, 1. náměstek primátorky: A, dobře. My se těšíme, že to pochopíme, a budeme tedy hlasovat zvlášť. Zahajuji rozpravu k bodu č. 111). Tak. Nikdo se nehlásí, zahajuji tedy hlasování: Hlasování č. 67: 46 - 0 - 0 - 4",0,4658264f1b9b47c0
rene-cerny,Z9/23,62,"Mgr. René Černý, 1. náměstek primátorky: Budeme tedy hlasovat o návrhu na stažení bodu č. 112). Kdo je pro, zahajuji hlasování: Hlasování č. 68: 38 - 3 - 4 - 5",2,4658264f1b9b47c0
rene-cerny,Z9/23,62,"Mgr. René Černý, 1. náměstek primátorky: Návrh na stažení bodu č. 112) byl přijat.",2,4658264f1b9b47c0
rene-cerny,Z9/23,62,"Mgr. René Černý, 1. náměstek primátorky: Takže bu, můžeme, můžeme tedy hlasovat v bodě 114) s tímto doplněním, které načetl pan radní. Nikoho nevidím přihlášeného, to znamená, že můžeme zahájit hlasování. Zahajuji hlasování: Hlasování č. 70: 42 - 0 - 5 - 2",0,4658264f1b9b47c0
rene-cerny,Z9/23,64,"Mgr. René Černý, 1. náměstek primátorky: Tak děkuji panu radnímu. Můžeme tedy, nikoho nevidím přihlášeného, můžeme tedy přistoupit k hlasování o bodu č. 118). Zahajuji hlasování: Hlasování č. 74: 39 - 0 - 3 - 8",0,4658264f1b9b47c0
rene-cerny,Z9/23,65,"Mgr. René Černý, 1. náměstek primátorky: Tak. Nevidím nikoho přihlášeného, aha, teď, teď se, teď teprve mě upozornil pan tajemník, prosím, paní zastupitelka Drápalova.",2,4658264f1b9b47c0
rene-cerny,Z9/23,66,"Mgr. René Černý, 1. náměstek primátorky: Já se omlouvám, paní zastupitelko, ale …",0,4658264f1b9b47c0
rene-cerny,Z9/23,66,"Mgr. René Černý, 1. náměstek primátorky: Omlouvám se, paní zastupitelko, ale probíráme …",0,4658264f1b9b47c0
rene-cerny,Z9/23,66,"Mgr. René Černý, 1. náměstek primátorky: Tak. K bodu č. 3) nevidím nikoho přihlášeného, bereme tedy na vědomí, zahajuji hlasování: Hlasování č. 75: Neplatné hlasování",0,4658264f1b9b47c0
rene-cerny,Z9/23,66,"Mgr. René Černý, 1. náměstek primátorky: Vlastně nehlasujeme, promiňte, končím hlasování. Tak. Bod č. 4).",0,4658264f1b9b47c0
rene-cerny,Z9/23,68,"Mgr. René Černý, 1. náměstek primátorky: Pravidelná kontrola na stavbách určitě probíhá, i v rámci kontrolních dnů. Nicméně, omlouváme se, ale je zimní počasí, v případě, v případě Poříčí se jedná o v podstatě vodní dílo, takže tam se to udržuje hrozně špatně, samozřejmě. A určitě se na to podrobněji můžete zeptat na odboru investic.",0,4658264f1b9b47c0
rene-cerny,Z9/23,68,"Mgr. René Černý, 1. náměstek primátorky: Určitě. A pan radní Kratochvíl. Byl přihlášený, ale já ho teda tady nevidím, jo, vidím. Děkuji. Pardon. Prosím? Aha, nejde mu mikrofon, takže, já vím, ale já jsem chtěl Kratochvíla, no on byl přihlášenej. Takže, bohužel, pana radního Kratochvíla jsme přihlásit teďka nemohli, k diskusi, dáme slovo panu zastupiteli Kmentovi.",0,4658264f1b9b47c0
rene-cerny,Z9/23,69,"Mgr. René Černý, 1. náměstek primátorky: Samozřejmě máte pravdu, ta situace tam není, my se na to zaměříme, myslím teďka ty stavby. Takže děkuji za reakci a poprosím pana náměstka Chvátala, který se chce vrátit k těm stromům U Zoologické.",0,4658264f1b9b47c0
rene-cerny,Z9/23,70,"Mgr. René Černý, 1. náměstek primátorky, ukončil zasedání Zastupitelstva města Brna (v 11:20 hod.).",0,4658264f1b9b47c0
rene-cerny,Z9/24,7,"Mgr. René Černý, 1. náměstek primátorky: Tome, já Ti, já Ti zkusím odpovědět. No tak, přece víme, že ten, kdo ten projekt do toho participativního rozpočtu předkládá, tak by si měl dát pozor i na to, aby ho dobře nazval a aby dobře formuloval, o čem ten projekt je. Ten projekt by měla prodá, prodat, prodat právě ta formulace, to, toho označení toho projektu, popis toho projektu, a ne ta fotografie. Já, nebo, chtěl bych vysvětlit, čím jsme byli motivovaní. Nechceme prostě to, nechceme, aby ty, aby ten participativní rozpočet došel do té podoby, že ho budou prezentovat jenom proto, aby lépe uspěl, oproti těm druhým, známí fotbalisté, nebo jiní sportovci, nebo Helena Vondráčková. Je to prostě, teď jsem to schválně nadsadil, aby, aby, aby skutečně mezi sebou soupeřily o, soupeřily kvalitní projekty. Nikoliv aby byl třeba 1, 2 projekty v Brně zvýhodněni tím, že se za ně ukáže nějaká známá tvář, která mnohdy ani neví, kde, kde by ten projekt měl být realizován, nebo kde se nachází ta městská část. A, to je asi tak všechno.",0,0f8748a98e03e9ac
rene-cerny,Z9/24,55,"Mgr. René Černý, 1. náměstek primátorky: Já dod, já dodám, protože chci doplnit Petra Bořeckého, on to tady nastínil z té, z té, z té stránky stavebního úřadu a povolování, já bych chtěl k tomu jenom dodat, že samozřejmě musíme to nejprve majetkově vypořádat. Nejde, nejde pokračovat ve stavebním řízení, pokud nemáme majetkové vypořádání. Jinými slovy, ne všechny pozemky v etapě 9, 10, 11 patří městu Brnu. Takže samozřejmě jednáme. A k tomu Vašemu, jenom k té poznámce, aby to bylo zařazeno mezi důležité projekty, tak je to strategický projekt města Brna a my tomu skutečně dáváme velký význam a velkou prioritu.",0,0f8748a98e03e9ac
rene-cerny,Z9/24,55,"Mgr. René Černý, 1. náměstek primátorky: Já bych chtěl sdělit, v tomto kontextu, že klub huť, klub hnutí ANO se dnes ráno usnesl na výzvě směrem k panu kolegovi Lederovi tím způsobem, že ho vyzýváme, aby odstoupil ze všech veřejných funkcí.",0,0f8748a98e03e9ac
rene-cerny,Z9/26,18,"Mgr. René Černý, 1. náměstek primátorky: Tak jenom taková drobná reakce na začátku, na pana doc. Skřičku. Jediní jste nebyli, jako SPD, á co se týká té podpory MotoGP, finanční podpory, mnohá evropská města, celé regiony v Evropě dávají daleko vyšší částky na podporu cestovního ruku, ruchu, na podporu marketingu, tak aby zvý, aby z nějakým způsobem zviditelnily svoje regióny, svoje města a aby do nich dostaly turisty, kteří tam potom utratí peníze. Ta částka, která de na zalistovací poplatek MotoGP, je proti tomu v podstatě směšná. Brno se tím dostává znovu na turistickou mapu Evropy a marketingový význam se možná vlastně ani nedá vyčíslit, jaký, jaký, jaký má pořádání MotoGP v Brně. Takže, samozřejmě hnutí ANO plně podporuje návrat MotoGP do Brna a budeme rádi, když se to tady pojede, nejenom těch 5 let, na které, na které je ta smlouva uzavřena, ale budeme pokračovat dál. A já jsem přesvědčen o tom, že to nebude mít žádné velké ekonomické dopady ani na Českou republiku, ani, ani na město Brno. Bude to naopak, bude to přínosem.",0,e5fe37ddafdb66a3
rene-cerny,Z9/26,21,"Mgr. René Černý, 1. náměstek primátorky: Já se omlouvám, samozřejmě odpoví pan radní Kratochvíl, já jenom krátkou větu. Tady, paní kolegyně a všichni ostatní zastupitelé, krásně vidíte, jaký je, jaká je výhoda kolejové dopravy a té lanovkové dopravy, oproti té dopravě, která jezdí stej, po stejných komunikacích jako automobily. Ing. Petr Kratochvíl, člen Rady města Brna: No já jsem dneska byl už, myslím, v 7 ráno v Lískovci, přiznám se, na rovinu, a pak jsem najížděl do města a dneska byl ten extrém, jo? Já se přiznám, že jsem objížděl skutečně všemi různými směry. Takže ono to je v různých cyklech, ale dneska, pokud teda vycházím z těch Vašich, nebo, paní starostko, z dnešního dne, tak skutečně dneska bylo to ucpaný, a ze všech různých směrů. Ale já se to podívám, medaili Vám neslibuji, přiznám se, na rovinu, ale je to možný, že bysme nějakýho radního, kterej by ji měl jako na starosti, medaile, speciálního, takže já bych zůstal u té dopravy.",0,e5fe37ddafdb66a3
rene-cerny,Z9/26,21,"Mgr. René Černý, 1. náměstek primátorky: Já se o, já se omlouvám, ale já jsem to právě myslel s ohledem na ten tunel, který jste právě zmínila. Tam můj, tam mohou v budoucnu nastat kdykoliv problémy a, a samozřejmě názory se mohou různit, ale, ale trolejbusy v tunelu prostě jsou riziko.",0,e5fe37ddafdb66a3
rene-cerny,Z9/26,66,"Mgr. René Černý, 1. náměstek primátorky: Ano, pane kolego zastupiteli, rádi Vám podrobně odpovíme písemně. Jenom teď, pro informaci, úseky, úseky 7, 8 se zrychlily a termín dokončení zůstává stejný, to znamená k 30. 6., potom konečná kolaudace, potom v říjnu. Nicméně, a pokračujeme samozřejmě na přípravě úseku 9, 10, 11 a zároveň rozjíždíme projektování retenčních nádrží Královky a Řečkovice. To jsou, tos, to jenom tak zatím zběžně, ale dostanete to samozřejmě písemně. Je to velmi důležité, naprosto s, naprosto se s Vámi shoduji.",0,e5fe37ddafdb66a3
rene-cerny,Z9/27,100,"Mgr. René Černý, 1. náměstek primátorky: A já se to pokusím, pokusím ve stručnosti shrnout. Dostávají se k Vám, pane zastupiteli, kusé informace, jsou opravdu kusé. Nicméně problém tam byl jeden, a to znamená ten, že řádně vysoutěžená firma přestala plnit svoje závazky, byla jí dána výpověď, byla jí spočtena smluvní pokuta. V současné chvíli je na stole podpis se, se zhotovitelem, který se umístil jako druhý v pořadí. A ty nedokončené zakázky po firmě předchozí prostě dokončí.",0,1ac7d00d7789f14d
rene-cerny,Z9/29,24,"Mgr. René Černý, 1. náměstek primátorky: Je to, je to částka, která vypadá, že je vysoká, ni, ovšem musíme si uvědomit, že je na celou stavbu. Stavba je rozdělená do několika etap. Je dobré, je dobré, aby město Brno informovalo o těch etapách podrobně a zvlášť, aby, aby občané věděli, co je v následujících měsících na tak frekventované ulici, jako je Česká, aby věděli, co je tam čeká. Protože ono, informační tabule, kde bysme, kde bysme nějakým způsobem shrnuli, na začátku, všechny chystané práce prováděné v této lokalitě, by mohly způsobit to, že lidé na to zapomenou, že si nebudou přesně uvědomovat, že například kolektory a jejich zahájení, nebo zahájení výstavby těch kolektorů není, není celá stavba, že to bude mít, že tam budou ještě jiné části té stavby, jiné etapy. A proto to chceme takle připomínat i v průběhu, i v průběhu té stavby. Já na ty podrobnosti ještě poprosím pana ředitele Roučka, jestli by nám k tomu něco mohl říct.",0,af870d56898ecc01
rene-cerny,Z9/29,56,"Mgr. René Černý, 1. náměstek primátorky: Dovolím si zareagovat. My to nebereme jako čistou sankci. My to bereme jako motivaci pro městské části k tomu, aby dávaly větší důraz na to, jakým způsobem zadávají projekty, jak je soutěží, co dávají do smluv s projektanty, tak, aby třeba právě projektanti za ty chyby v projektu více zodpovídali a nesli, nesli tu způsobenou škodu. My s tím nemáme dobrý zkušenosti za ty 3 roky. Není to nic ukvapeného. Je to skutečně určitá, určitý, určitý sběr, sběr zkušeností, které jsme nasbírali s investičním odborem, a snažíme se to teď promítnout právě do Statutu města Brna. Dovedeme si představit navíc, že, a už to, už to i včera zaznělo, že vypad, že vypracujeme jakýsi, jakousi metodiku pro to, jak budou, jak by měly městské části postupovat při zadávání těch za, projektů, a že jim budeme nápomocni. Samozřejmě. To je, to je, to považuju za naprosto, za naprosto jasné a, a potřebné. Moc bych ale poprosil, abysme tam, abysme tam, tady, a znovu řikám, nebereme to jako sankci, ale abysme tam, tady nechali ten, řekněme, řekněme, jakýsi výstražný signál v podobě toho 50% příspěvku, pokud, pokud se vlastně ten projekt nepovede. Vím, jsem si vědom toho, že to, že to nemusí působit, takto napsáno černé na bílém, úplně dobře, ale, na druhé straně, když jsme si udělali jednoduchou statistiku, tak v podstatě většina městských částí předkládá svoje projekty ve výborném stavu. A ta, ta, řekněme, ten apel, který je tady zdůrazněn tím jedním odstavcem, se netýká nějaké hrubé většiny, hrubé většiny městských částí.",0,af870d56898ecc01
rene-cerny,Z9/29,58,"Mgr. René Černý, 1. náměstek primátorky: Já se eště vra, vrátím tedy k tomu, k tomu odstavci, říkám to dobře, 10? To znamená k tomu investičnímu. Chci jenom, chci jenom možná upozornit, aby to bylo správně pochopeno. Jedná se o 50 % vzniklých vícenákladů, které vzniknou tak, že je chyba v projektu. To znamená, že vlastně navrhujeme, aby se na vícenákladech, které vzniknou chybou po projektu, podílela městská část a město Brno vlastně spravedlivě, půl napůl. Přiznám se, že když jsme nějakým způsobem tadynadtím číslem uvažovali, že mě nenapadlo proč, z jakého důvodu by měla být zvýhodněna při tomto postupu buď městská část, anebo město Brno, naopak? Proto jsme zvolili ten přístup vlastně, kdy je to 50 %. Kdy prostě se podělíme o polovinu vzniklých nákladů, kdy vlastně je chyba projektu. Ale to už jsem řekl. Já, jak bude stanovena, stanoveno to, co je chyba, tak to samozřejmě, k tomu nám může pomo, pomoci stavební dozor, které je na každé, na každé, na každé stavbě, stavbě přítomen. Ale já o podrobnosti ještě poproši, poprosím vedoucího investičního, Tomáše Pivce.",0,af870d56898ecc01
rene-cerny,Z9/28,19,"Mgr. René Černý, 1. náměstek primátorky: Vy jste možná, už většina z Vás, prohlášení, moje, které bylo nejenom za mou osobu, ale za hnutí ANO, zaznamenali včera na sociálních sítích nebo v médiích. Já na to navážu. Ano, je to historická šance, je to historická šance pro Brno, pro brněnský fotbal. Ta, ten, ten investor se snaží vyřešit dlouholeté čekání na důstojný stánek pro brněnský fotbal, pro brněnskou Zbrojovku. Myslím si, že všichni cítíme, že Zbrojovka má našlápnuto, a za nás, za hnutí ANO, by byla škoda, obrovská škoda to prostě propásnout. To znamená, budeme dělat všechno pro to, aby byl stadion po, postaven v co nejkratší době, a pokud se neobjeví, pokud se neobjeví překážky, které by byly nepřekonatelné, ale my jsme připraveni skutečně se pokusit odstranit, odstranit všechno možné tak, aby stadion mohl být umístěn, umístěn za Lužánkami. Je logické, že existují i, je logické, že existují i záložní varianty, při tak velké investici to chápejte tak, že si nemůžeme dovolit zklamat, zklamat takle silného investora a nemít nachystanou záložní variantu. Určitě, nedej Bože, aby nám, aby nám z Brna odešel někam jinam.",0,7ac680d41d8d0dd0
rene-cerny,Z9/28,23,"Mgr. René Černý, 1. náměstek primátorky: Kory, prosím Tě, já prostě cítím povinnost Ti vodpovědět, protože se spolu známe dlouho a považoval bych to nesolidní, abych nezareagoval. Ty si dobře pamatuješ, jak dlouho o tom spolu mluvíme, a ty vlny, tys to tady naznačil, už jsme všichni mysleli, že to bude někde jinde a tak dál. Budeme to prověřovat. Budeme ale prověřovat i ty právní a technický stanoviska. Budeme se je snažit samozřejmě překonat, aby tom za těmaž, za těma Lužánkama bylo. Ale chce to taky nějakou trpělivost. Vo tu bych poprosil. Prosím Tě, myslím, myslím, že to chápeme voba dva. A nejenom my dva, ale, ale Tvoji přátelé, moji přátelé, všichni, kdo prostě fandí Zbrojovce. A já bych řekl, neužeňme to. Ale samozřejmě prodlužovat to nikdo nechce. Ale buďme, buďme trošku, buďme u toho trošku racionální.",0,7ac680d41d8d0dd0
rene-cerny,Z9/28,88,"Mgr. René Černý, 1. náměstek primátorky: Jsou to samozřejmě dokončovací práce, které na tak velkých stavbách celkem logicky probíhají. Ani jedna z nich, ani jedna z nich neomezuje, neomezuje provoz, to znamená ani pro cyklisty, ani pro pěší. A možná jste si všimli, že dokončovací práce probíhají i na další části městského okruhu, jsou to úplné drobnosti. Já Vám teď neřeknu přesně, kdy to všechno skončí, ale jestliže se tady bavíme o tom, že se někde něco natírá nebo, nebo prostě upravuje a tak, aby to bylo všechno v pořádku, tak, a nepřekáží to občanům v užívání toho díla, tak si myslím, že to, že to není tak podstatné.",0,7ac680d41d8d0dd0
rene-cerny,Z9/30,33,"Mgr. René Černý, 1. náměstek primátorky: Nevidím nikoho přihlášeného do debaty, takže zahajuji hlasování o bodu č. 51): Hlasování č. 48: 41 - 0 - 4 - 4",0,b92d222bc5bd1312
rene-cerny,Z9/32,2,"JUDr. Markéta Vaňková, primátorka, dále oznámila, že dne 12. 1. 2026 byl ustanoven nový Klub nezávislých zastupitelů Zastupitelstva města Brna, jehož členy jsou: Mgr. et Mgr. Sabina Benešová, DiS., LL.M., Ing. arch. Petr Bořecký, Mgr. René Černý, MUDr. Alena Gruberová, Bc. Kateřina Jarošová, MBA, Ing. Karel Kalivoda, Ing. Pavel Kříž, Ph.D., Ing. Karin Podivinská, Vít Prýgl, Ing. Daniel Struž, MBA, a Petr Levíček, MBA. Předsedkyní klubu je Ing. Karin Podivinská.",0,f2d978b02f87f5fa
rene-cerny,Z9/33,1,"Zasedání zahájil a řídil 1. náměstek primátorky města Brna Mgr. René Černý (dále jen Mgr. René Černý, 1. náměstek primátorky).",0,91c18ad4dbe746da
rene-cerny,Z9/33,1,"Mgr. René Černý, 1. náměstek primátorky, upozornil na skutečnost, že jednání Zastupitelstva města Brna je audiovizuálně přenášeno prostřednictvím internetových stránek města a přenos je zaznamenáván, archivován a následně bude zveřejněn.",2,91c18ad4dbe746da
rene-cerny,Z9/33,1,"Mgr. René Černý, 1. náměstek primátorky, sdělil, že při prezenci členové Zastupitelstva města Brna obdrželi: • doplněk k bodu 115), který byl dne 2. 3. 2026 vložen na chráněné internetové datové úložiště • doplněk k bodu 123), který byl dne 2. 3. 2026 vložen na chráněné internetové datové úložiště • Doplněk k Informativní zprávě - Podání adresovaná Zastupitelstvu města Brna, který byl dne 2. 3. 2026 včetně vlastních podání vložen na chráněné internetové datové úložiště. Podání ZMB včetně Doplňku byla rovněž k dispozici v listinné formě ve složce „K nahlédnutí pro členy ZMB“ v jednacím sálu",0,91c18ad4dbe746da
rene-cerny,Z9/33,2,"Schválení programu zasedání Zastupitelstva města Brna č. Z9/33 Mgr. René Černý, 1. náměstek primátorky, zdůvodnil tyto změny programu:",0,91c18ad4dbe746da
rene-cerny,Z9/33,2,"Mgr. René Černý, 1. náměstek primátorky, nechal hlasovat o návrzích na změny v programu zasedání Zastupitelstva města Brna, které uvedl v rámci Technického bodu.",-3,91c18ad4dbe746da
rene-cerny,Z9/33,6,"Úvodem Mgr. René Černý, 1. náměstek primátorky, sdělil, že členové Zastupitelstva města Brna k tomuto bodu obdrželi materiál včetně platného volebního řádu pro veřejnou volbu provedenou hlasovacím zařízením a současně informoval, že dne 2. 3. 2026 byla doručena rezignace Mgr. Břetislava Štefana na funkci člena Výboru pro národnostní menšiny.",0,91c18ad4dbe746da
rene-cerny,Z9/33,6,"Mgr. René Černý, 1. náměstek primátorky - nejprve nechal hlasovat o 1. části usnesení dle předloženého materiálu k bodu 4) ve znění: Zastupitelstvo města Brna bere na vědomí",-3,91c18ad4dbe746da
rene-cerny,Z9/33,7,"Mgr. René Černý, 1. náměstek primátorky, upozornil, že podle čl. 5 odst. 2 Volebního řádu pro volbu neuvolněných předsedů, místopředsedů a členů výborů Zastupitelstva města Brna členem volební komise nemůže být kandidát na funkce volené dle tohoto volebního řádu. Poté vyzval přítomné členy Zastupitelstva města Brna k podání návrhů na členy volební komise. JUDr. Jiří Oliva, člen Rady města Brna, navrhl Mgr. Bc. Marka Viskota, Bc. Kateřina Jarošová, MBA, navrhla Ing. Karla Kalivodu, JUDr. Robert Kerndl, náměstek primátorky, navrhl Mgr. Vladana Krásného.",8,91c18ad4dbe746da
rene-cerny,Z9/33,7,"Volba člena/členky Výboru pro národnostní menšiny Zastupitelstva města Brna Mgr. René Černý, 1. náměstek primátorky, upozornil, že o usnesení se nehlasuje, je to konstatování výsledků uskutečněné volby, a požádal předsedu volební komise, aby se v souladu s volebním řádem ujal řízení volby.",4,91c18ad4dbe746da
rene-cerny,Z9/33,7,"Mgr. René Černý, 1. náměstek primátorky, přistoupil nejprve k hlasování o navrženém kandidátovi, Ing. Filipovi Hrůzovi, PhD., na funkci člena Výboru pro národnostní menšiny Zastupitelstva města Brna.",0,91c18ad4dbe746da
rene-cerny,Z9/33,8,"Mgr. René Černý, 1. náměstek primátorky - přistoupil k projednávání bodu č. 2) Dotazy, připomínky a podněty občanů vzhledem ke stanovenému času pro projednání tohoto bodu.",0,91c18ad4dbe746da
rene-cerny,Z9/33,8,"Mgr. René Černý, 1. náměstek primátorky: Prosím, jestli bude další někdo z občanů? Prosím.",0,91c18ad4dbe746da
rene-cerny,Z9/33,10,"Mgr. René Černý, 1. náměstek primátorky: Tak. Vidím, ještě někdo z občanů chce promluvit? Fakticky, prosím, stručně. Děkuji.",0,91c18ad4dbe746da
rene-cerny,Z9/33,11,"Mgr. René Černý, 1. náměstek primátorky: A já, já možná, já možná upozorním zcela, zcela jasně bych chtěl upozornit, že každý z Vás má plné právo vystoupit, z občanů, ale pouze jednou. Protože jinak bysme vlastně tady rozpoutali nekonečnou, nekonečnou debatu. Děkuji za respektování těchto pravidel. A poprosím tedy dalšího z občanů, který ještě nevystoupil, aby tuto možnost využil.",0,91c18ad4dbe746da
rene-cerny,Z9/33,11,"Mgr. René Černý, 1. náměstek primátorky: Děkuji. Děkuji Vám. Tak. Zatím nevidím nikoho jiného přihlášeného, tak mi prosím dovolte, abych k tomu přece jenom něco poznamenal. Děkuji, že mně to dovolíte. Hlásíte se hezky, já Vám určitě dám slovo, ale teď, s dovolením, se k tomu, k tomu vyjádřím. Naprosto chápeme, nebo já, osobně, bych chtěl vyjádřit svůj, svůj názor. My chápeme vaš, Váš postoj, chápeme argumenty, které jste tady předložili. Sám, osobně, jsem si vědom historických souvislostí a velice hluboce jsem si toho vědom, nicméně musím upozornit, že ani Rada města Brna, ani Zastupitelstvo města Brna, ani jiný orgán zřizovaný městem Brnem nebyl ten, nebo nebyli ti, kteří by, kteří by pořádali, nebo pozvali Sudetoněmecký landsmanšaft k tomu, aby tady, aby tady se uskutečnilo to jeho zasedání. Jedná se o zcela soukromou akci a Rada města Brna, pro Radu města Brna není tento spolek partnerem. Takže jenom dovolte, abych upozornil na to, že my těžko můžeme, jako Rada města Brna, něco nařizovat, rušit, nebo v podstatě akceptovat nějaké, realizovat některé, nějaké ten, návrhy, které se tady, které se tady vlastně přednesly. To, že na to máme různé názory, i my, jako rada, i my, jako zastupitelstvo, to je věc jiná, ale těžko můžeme teď něco, něco zakazovat a něco rušit. Prosím.",4,91c18ad4dbe746da
rene-cerny,Z9/33,12,"Mgr. René Černý, 1. náměstek primátorky: Ještě jednou děkuji. Tak, děkuji Vám, myslím, že pána, kterého vidím u mikrofonu, že už jste vystupoval. Děkuji Vám, za vystoupení. Nemůžeme skutečně vystupovat 2x, to bysme, to bysme skutečně rozmělnili příliš tuto debatu. Prosím.",0,91c18ad4dbe746da
rene-cerny,Z9/33,12,"Mgr. René Černý, 1. náměstek primátorky: Tak. Děkuji, děkuji za debatu. Vidím přihlášeného, postupně, pana zastupitele Kmenta, pana zastupitele Koláčného, pana zastupitele Suchého. Pan zastupitel Kment, Kment, prosím.",0,91c18ad4dbe746da
rene-cerny,Z9/33,12,"Mgr. René Černý, 1. náměstek primátorky: Prosím, prosím tedy o písemné odevzdání návrhu. Je tomu tak? Děkuji. Tak. Teďka pan zastupitel Suchý.",2,91c18ad4dbe746da
rene-cerny,Z9/33,12,"Mgr. René Černý, 1. náměstek primátorky: Já jenom si nejsem jistý, jestli tyto Vaše příspěvky patří do bodu č. 2), který je určen pro podněty občanů. A dovolte mi, abych vzhledem k návrhu, který předkládá pan zastupitel, Jiří Kment, to znamená, že navrhuje, navrhuje ut, usnesení pro Zastupitelstvo města Brna, tak abych vyhlásil přestávku pro poradu předsedů všech politických klubů. Děkuji. Přestávka bude trvat 15 minut.",2,91c18ad4dbe746da
rene-cerny,Z9/33,12,"Mgr. René Černý, 1. náměstek primátorky: Tak. Ještě jednou a naposledy. Prosím, posaďte se do svých lavic, na svá místa. Pokračujeme v zasedání Zastupitelstva města Brna. Děkuji. Přihlášeného vidím pana zastupitele Kmenta.",0,91c18ad4dbe746da
rene-cerny,Z9/33,13,"Mgr. René Černý, 1. náměstek primátorky: Tak. Já počkám na ten písemný návrh. A je pro mě trošku překvapením, protože my jsme se teď, na té pauze, kterou jsme měli, tak jsme se setkali všichni předsedové klubů a hlavní reprezentanti těch politických subjektků zastoupených v zastupitelstvu a shodli jsme se, shodli jsme se na nějakém postupu, ale tadyten návrh, který právě přichází, tak ten postup příliš nereflektuje. Já si dovolím jenom Vám, všem, a teď nejenom zastupitelům a zastupitelkám, pardon, ale i Vám, všem občanům, kteří jste tady k tomu problému sudetoněmeckého srazu, nebo sjezdu v Brně promlouvali, říct, že my, jako vedení města Brna, ale všichni zástupci politických klubů, kteří jsou zastoupeni v zastupitelstvu, tak že my to vnímáme jako velmi zásadní a důležitou a citlivou záležitost. Vnímáme všechno to, co historicky souvisí s tímto konáním tohoto sjezdu, a proto jsme se rozhodli, právě teď o této přestávce, že by bylo od nás daleko zodpovědnější, abysme nachystali do příštího zastupitelstva řádný bod, který bude zařazen do programu jednání zastupitelstva, který předtím navíc probere a navrhne k zařazení Rada města Brna, kde zaujmeme všichni jasné stanovisko k tomuto, k tomuto sjezdu, nebo sněmu a kde budeme, kde to budeme precizně specifikovat. Myslím si, že si to zasloužíte Vy, všichni, všichni ti, kteří prožili 2. světovou válku a kteří ji třeba nepřežili, a že si to zasloužíme i my, kteří tady v městě Brně žijeme v současnosti. Proto prosím o strpení do dalšího zastupitelstva, kde my předložíme bod, který se, který se jasně postaví a vyjádří k tomuto, k tomuto sjezdu Sudetoněmeckého landsmanšaftu. To je taky důvod, a tak jsme se i dohodli, proč bysme dnešní, nebo ten návrh na zařazení toho dnešního bodu nezařazovali, protože se domníváme, že není úplně dobře nachystán a že by si taková důležitá věc zasloužila preciznější naci, ná, preciznější debatu a důvodovou zprávu, preciznější návrh usnesení a podobně. Děkuji. Tak. Pan zastupitel Kment.",2,91c18ad4dbe746da
rene-cerny,Z9/33,13,"Mgr. René Černý, 1. náměstek primátorky: Tak. Pan zastupitel Koláčný.",0,91c18ad4dbe746da
rene-cerny,Z9/33,13,"Mgr. René Černý, 1. náměstek primátorky: Tak já chápu, že se poměrně rychle blíží, blíží komunální volby, takže teď se tedy budeme slyšet spoustu velmi, velmi zajímavých návrhů a sbližování různých nesbližitelných politických subjektů. Ale já bych se přimlouval pro to, ale znovu, a znovu to chci opakovat, a se vší vážností, ten problém, ten, ten problém je skutečně závažný a ten, ten, to, co jsem tady přednesl, ten návrh, na kterém jsme se shodli, jako předsedové klubů, já potom, pane kolego Koláčný, nevím, kdo je vlastně předseda Vašeho klubu, protože ten nám na té přestávce odsouhlasil něco jiného. Stejně tak se obracím na SPD. Nevím, jakého předsedu jste vyslali, ale tam dohoda byla jiná. A ta dohoda prá, a znovu to zopakuji, mluví o tom, a my nechceme vůbec nikoho posílat domů, jak Vy řikáte, z tohoto zastupitelstva. Naopak. Chceme se s nimi znovu se vidět a diskutovat nad návrhem, kterého dá, který dáme do řádného programu zastupitelstva na tom dubnovém, na tom dubnovém zastupitelstvu. Nechceme se z toho vyvlíct. Naopak. Chceme tento bod nachystat precizněji. Daleko precizněji a daleko lépe, než ho teď narychlo, a nezlob, nezlobte se, velmi, velmi, trošku, nebo trošku i zbrklým způsobem, předkládá SPD. Myslím si, že tadle záležitost si zaslouží daleko větší péči, abysme ten bod daleko lépe specifikovali.",2,91c18ad4dbe746da
rene-cerny,Z9/33,14,"Mgr. René Černý, 1. náměstek primátorky: Tak. Dobře. Takže myslím, máme, mám, já mám přihlášeného ještě pana zastupitele Aberleho, dávám mu slovo. A pak pan zastupitel Kment.",0,91c18ad4dbe746da
rene-cerny,Z9/33,14,"Mgr. René Černý, 1. náměstek primátorky: Pan zastupitel Kment.",0,91c18ad4dbe746da
rene-cerny,Z9/33,14,"Mgr. René Černý, 1. náměstek primátorky: Ne, nemůžete. Děkuji. Pan zastupitel Kment.",0,91c18ad4dbe746da
rene-cerny,Z9/33,14,"Mgr. René Černý, 1. náměstek primátorky: Děkujeme, děkujeme, já jenom …",0,91c18ad4dbe746da
rene-cerny,Z9/33,14,"Mgr. René Černý, 1. náměstek primátorky: Tak, pan zastupitel Kment, já jenom, pane zastupiteli, s dovolením, jenom vysvětlím. Samozřejmě nikdo Vám nechce zabránit v tom, abyste vystoupila. Ale měli bysme dodržovat nějaká pravidla. A jestliže jsou přihlášeni, v určitém pořadí, zastupitelé, tak jsme, máme nechat promluvit, a potom budete mít slovo Vy. Takže prosím pana zastupitele Kmenta.",0,91c18ad4dbe746da
rene-cerny,Z9/33,15,"Mgr. René Černý, 1. náměstek primátorky: Pan zastupitel Vencálek.",0,91c18ad4dbe746da
rene-cerny,Z9/33,15,"Mgr. René Černý, 1. náměstek primátorky: Tak. Já myslím, že určitě se budeme snažit zachovat, zachovat nějakou slušnost tadynatomto zasedání. Děkuji Vám za to. Znovu řikám. Byla by hrozná škoda, aby ten materiál, který je předložen dnes na zařazení, byl takto chudý. Byl takto narychlo předložen. Tato problematika si to nezaslouží. Ten návrh, nebo respektive ten bod, který má být zařazen do nastupitelstva, je skutečně velmi chudý, neobsahuje důvodovou zprávu, neobsahuje všechny náležitosti, které by měl mít řádný bod do zastupitelstva. Je to škoda. Proto, proto se domnívám, a znovu, potřetí to opakuji, že by bylo lepší zařadit řádný bod do konání příštího Zastupitelstva města Brna. Tato problematika si to zaslouží. Vy si to zasloužíte a zaslouží si to i ti, co tady třeba dneska nejsou. Děkuji. Pan zastupitel Vencálek.",2,91c18ad4dbe746da
rene-cerny,Z9/33,15,"Mgr. René Černý, 1. náměstek primátorky: Aha, tak ten bych měl, promiňte, já jsem Vás nevodhlásil, takže Vy nejste znovu přihlášený. Pan zastupitel Koláčný.",0,91c18ad4dbe746da
rene-cerny,Z9/33,15,"Mgr. René Černý, 1. náměstek primátorky: Tak. No, mám. Tak prosím, pojďte k mikrofonu. Prosím.",0,91c18ad4dbe746da
rene-cerny,Z9/33,15,"Mgr. René Černý, 1. náměstek primátorky: Ano. Budete se divit, samozřejmě, že ne.",0,91c18ad4dbe746da
rene-cerny,Z9/33,16,"Mgr. René Černý, 1. náměstek primátorky: Samozřejmě, že ne. Protože kdybyste si možná to někde našel, nebo třeba pověřil někoho, kdo se v tom lépe vyzná, aby Vám to našel, tak tato dotace pro organizaci, která se jmenuje MEETING BRNO, nebyla proto, aby MEETING BRNO, nebo my jsme v té chvíli, když byla ta dotace schvalovaná, nevěděli o tom, že MEETING BRNO bude pořádat, nebo že pozve Sudetoněmecký landsmanšaft do Brna. V žádném případě ne.",0,91c18ad4dbe746da
rene-cerny,Z9/33,16,"Mgr. René Černý, 1. náměstek primátorky: Tak. To je, to jsou dotace schvalované na 3 roky dopředu, na pořádání, na pořádání společenských, řekněme, akcí, které se týkají života ve městě, na, na jižní Moravě a podobně. To je na 3 roky dopředu. Tyto akce se tady pořádají několik let nazpátek. Já si myslím, že Vy o nich víte. Určitě máte přehled.",0,91c18ad4dbe746da
rene-cerny,Z9/33,16,"Mgr. René Černý, 1. náměstek primátorky: Děkuji, děkuji. Pan zastupitel Zemek.",0,91c18ad4dbe746da
rene-cerny,Z9/33,16,"Mgr. René Černý, 1. náměstek primátorky: Já Vám děkuji za upozornění, nechápu vůbec, o čem mluvíte, ale děkuji Vám. Tak. My jsme stále totiž v bodu 2), takže já poprosím paní, která už jednou vystupovala, ale, tak tedy znovu, velmi krátce.",0,91c18ad4dbe746da
rene-cerny,Z9/33,17,"Mgr. René Černý, 1. náměstek primátorky: Děkuji. Odpovíme písemně. Prosím.",0,91c18ad4dbe746da
rene-cerny,Z9/33,17,"Mgr. René Černý, 1. náměstek primátorky: Tak, pan zastupitel Anderle.",0,91c18ad4dbe746da
rene-cerny,Z9/33,17,"Mgr. René Černý, 1. náměstek primátorky: Tak. Prosím, přistupte k mikrofonu, zapínám Vám ho.",0,91c18ad4dbe746da
rene-cerny,Z9/33,17,"Mgr. René Černý, 1. náměstek primátorky: Tak. Nev, chcete přistoupit také k mikrofonu? Zapínám.",0,91c18ad4dbe746da
rene-cerny,Z9/33,17,"Mgr. René Černý, 1. náměstek primátorky: Tak. Prosím Vás, jenom, jenom bych Vás chtěl všechny upozornit, že byste se na začátku svého vystoupení měli představit jménem a příjmením a říct, jesi jste občané města Brna.",0,91c18ad4dbe746da
rene-cerny,Z9/33,18,"Mgr. René Černý, 1. náměstek primátorky: Ano, děkuji. Já jsem …",0,91c18ad4dbe746da
rene-cerny,Z9/33,18,"Mgr. René Černý, 1. náměstek primátorky: Tak. Já jsem Vás nechal domluvit, protože samozřejmě je to slušnost, ale chtěl bych říct, že podle jednacího řádu zde mohou vystupovat pouze obyvatelé města Brna, to znamená ti, co mají trvalé bydliště ve městě Brně. V pořádku. Samozřejmě v pořádku, paní dostala tu příležitost, já jenom říkám, jaký je jednací řád. Tak. Teď už nevidím, budeme se chovat skutečně jako tak, abysme respektovali Zastupitelstvo města Brna, takže Vás poprosím, abyste se nepřekřikovali. Nevidím nikoho přihlášeného, to znamená, že přistoupíme, přistoupíme k hlasování o těch návrzích a budeme je zřejmě, budeme je samozřejmě muset hlasovat postupně. Vidím, že se nesměle blížíte k mikrofonu. Můžete směleji a rychlejším krokem, já Vám ho zapnu.",0,91c18ad4dbe746da
rene-cerny,Z9/33,18,"Mgr. René Černý, 1. náměstek primátorky: Tak. Teď už skutečně nevidím nikoho přihlášeného. Mám tady, vememe to v tom pořadí, jak byly předloženy. Já se ještě zeptám kolegů z SPD, Vy jste předložili 2 návrhy, předpokládám, že trváte na tom pozdějším? Je to tak? Dívám se, hledám, předkládá pan zastupitel Kment, ptám se, je to tak?",2,91c18ad4dbe746da
rene-cerny,Z9/33,18,"Mgr. René Černý, 1. náměstek primátorky: Prosím, máte slovo.",0,91c18ad4dbe746da
rene-cerny,Z9/33,18,"Mgr. René Černý, 1. náměstek primátorky: Ano. To znamená, je to návrh na zařazení bodu ve znění: Zastupitelstvo města Brna podporuje/nepodporuje sjezd Sudetoněmeckého landsmanšaftu v rámci akce Meeting Brno v květnu 2026 v Brně. Je to tak?",2,91c18ad4dbe746da
rene-cerny,Z9/33,18,"Mgr. René Černý, 1. náměstek primátorky: Děkuji. Tak pan zastupitel Kment ještě jednou, přihlášený.",0,91c18ad4dbe746da
rene-cerny,Z9/33,19,"Mgr. René Černý, 1. náměstek primátorky: Tak. Teď, teď budeme ovšem nejprve hlasovat o zařazení tohoto bodu do programu konání Zastupitelstva města Brna. Kdo je tedy, zahajuji hlasování: Hlasování č. 9: Neplatné hlasování",0,91c18ad4dbe746da
rene-cerny,Z9/33,19,"Mgr. René Černý, 1. náměstek primátorky: Návrh nebyl přijat. Tak. Přihlášen je pan doc. Skřička.",2,91c18ad4dbe746da
rene-cerny,Z9/33,19,"Mgr. René Černý, 1. náměstek primátorky: Dobře, pan, pan zastupitel Skřička tedy prosí o da, nové hlasování, dávám tedy znovu hlasovat o návrhu SPD. A zahajuji hlasování: Hlasování č. 10: 8 - 0 - 9 - 22",2,91c18ad4dbe746da
rene-cerny,Z9/33,19,"Mgr. René Černý, 1. náměstek primátorky: Návrh nebyl přijat. Tak. Potom můžeme nechat hlasovat o dalším návrhu, který předkládá klub Pirátů, o zařazení nového bodu na konání dnešního zastupitelstva, který bys, který se nazýval Diskuse na téma sjezdu landsmanšaftu ve městě Brně. A zahajuji hlasování: Hlasování č. 11: Neplatné hlasování",2,91c18ad4dbe746da
rene-cerny,Z9/33,19,"Mgr. René Černý, 1. náměstek primátorky: Návrh nebyl přijat. Pan zastupitel Anderle.",2,91c18ad4dbe746da
rene-cerny,Z9/33,19,"Mgr. René Černý, 1. náměstek primátorky: Takže, znovu tedy opakujeme hlasování o tom druhém návrhu, klubu Pirátů. Zahajuji hlasování: Hlasování č. 12: 7 - 0 - 8 - 23",2,91c18ad4dbe746da
rene-cerny,Z9/33,19,"Mgr. René Černý, 1. náměstek primátorky: Návrh nebyl přijat. Tak. Děkuji Vám, můžeme tedy se vrátit do programu Zastupitelstva města Brna, k bodu č. 5).",2,91c18ad4dbe746da
rene-cerny,Z9/33,24,"Mgr. René Černý, 1. náměstek primátorky: Nevidím nikoho přihlášeného, ano, Vy jste, vím, vím, Vy jste měli návrh na stažení, to znamená, nejprve budeme ná, hlasovat o návrhu na stažení. Kdo je tedy pro stažení tohoto bodu z programu zastupitelstva? Zahajuji hlasování: Hlasování č. 22: 5 - 3 - 9 - 28",2,91c18ad4dbe746da
rene-cerny,Z9/33,24,"Mgr. René Černý, 1. náměstek primátorky: Návrh na stažení nebyl přijat. Můžeme tedy hlasovat o bodu č. 15), zahajuji hlasování: Hlasování č. 23: Neplatné hlasování",2,91c18ad4dbe746da
rene-cerny,Z9/33,24,"Mgr. René Černý, 1. náměstek primátorky: Návrh byl přijat. Bod č. 16). Zahajuji rozpravu. Kolega Prýgl.",2,91c18ad4dbe746da
rene-cerny,Z9/33,24,"Mgr. René Černý, 1. náměstek primátorky: Dobře, děkuji. Prosím tedy technickou podporu a poté se vrátíme k hlasování bodu č. 15). Tak. Protože tato závada se zá, se dá zjistit pouze, když, když je hlasováno, tak se vrátíme k tomu bodu č. 15). A přihlášená je paní kolegyně Flamiková.",0,91c18ad4dbe746da
rene-cerny,Z9/33,24,"Mgr. René Černý, 1. náměstek primátorky: Já si nejsem vědom toho, že by se něco bralo ve, Veřejné zeleni, je to, je to úzus už od začátku tohoto volebního období, že Odbor investiční přebírá investice, proto se to investice jmenuje, do své gesce.",0,91c18ad4dbe746da
rene-cerny,Z9/33,24,"Mgr. René Černý, 1. náměstek primátorky: Nevím, toto nevím přesně, my Vám odpovíme písemně. Tak. Nikoho nevidím přihlášeného, bod č. 15), můžeme tedy hlasovat znovu. Kdo je pro, kdo je proti, kdo se zdržel, zahajuji hlasování: Hlasování č. 24: 38 - 1 - 5 - 2",0,91c18ad4dbe746da
rene-cerny,Z9/33,25,"Mgr. René Černý, 1. náměstek primátorky: Tak, já poprosím, možná, o reakci pana Ing. Vanečka.",0,91c18ad4dbe746da
rene-cerny,Z9/33,25,"Mgr. René Černý, 1. náměstek primátorky: Nevidím nikoho přihlášeného, můžeme tedy hlasovat, bod č. 16). Zahajuji hlasování: Hlasování č. 25: 38 - 0 - 6 - 2",0,91c18ad4dbe746da
rene-cerny,Z9/33,26,"Mgr. René Černý, 1. náměstek primátorky - přistoupil ke společnému projednání bodů 19) - 22).",0,91c18ad4dbe746da
rene-cerny,Z9/33,28,"Mgr. René Černý, 1. náměstek primátorky - přistoupil ke společnému hlasování o bodech 24) - 26).",0,91c18ad4dbe746da
rene-cerny,Z9/33,29,"Mgr. René Černý, 1. náměstek primátorky: Tak. Já poprosím, ano, poprosím pana ředitele Kubatu k mikrofonu.",0,91c18ad4dbe746da
rene-cerny,Z9/33,29,"Mgr. René Černý, 1. náměstek primátorky: Tak. Dívám se, kdo je ještě přihlášen do diskuse k bodu 27)? Nikdo, zahajuji tedy hlasování: Hlasování č. 31: 42 - 0 - 4 - 0",0,91c18ad4dbe746da
rene-cerny,Z9/33,30,"Mgr. René Černý, 1. náměstek primátorky: Poprosím pana vedoucího, pana Ing. Pospíška.",0,91c18ad4dbe746da
rene-cerny,Z9/33,31,"Mgr. René Černý, 1. náměstek primátorky: Vidím opět přihlášenou paní kolegyni Flamikovou.",0,91c18ad4dbe746da
rene-cerny,Z9/33,31,"Mgr. René Černý, 1. náměstek primátorky: Nevidím již nikoho přihlášeného, můžeme tedy přistoupit k hlasování bodu č. 28). Zahajuji hlasování: Hlasování č. 32: 42 - 0 - 2 - 1",0,91c18ad4dbe746da
rene-cerny,Z9/33,35,"Mgr. René Černý, 1. náměstek primátorky - navrhl společné hlasování o bodech 35) - 48) týkajících se poskytnutí neinvestičních dotací.",2,91c18ad4dbe746da
rene-cerny,Z9/33,35,"Mgr. René Černý, 1. náměstek primátorky - přistoupil ke společnému hlasování o bodech 35) - 38).",0,91c18ad4dbe746da
rene-cerny,Z9/33,37,"Mgr. René Černý, 1. náměstek primátorky - přistoupil ke společnému hlasování o bodech 41) - 43).",0,91c18ad4dbe746da
rene-cerny,Z9/33,39,"Mgr. René Černý, 1. náměstek primátorky: Poprosím pana Mgr. Jurčíka? Tak. Pan náměstek Kerndl, a mož, napřed, pardon.",0,91c18ad4dbe746da
rene-cerny,Z9/33,39,"Mgr. René Černý, 1. náměstek primátorky: Pane kolego, máte zapnutý mikrofon.",0,91c18ad4dbe746da
rene-cerny,Z9/33,40,"Mgr. René Černý, 1. náměstek primátorky: Nevidím nikoho přihlášeného, to znamená tato reakce, ten, za reakci děkujeme, tato reakce stačila. Můžeme tedy přistoupit k hlasování, bod 46). Zahajuji hlasování: Hlasování č. 44: 38 - 0 - 2- 4",0,91c18ad4dbe746da
rene-cerny,Z9/33,40,"Mgr. René Černý, 1. náměstek primátorky - přistoupil ke společnému hlasování o bodech 47) a 48).",0,91c18ad4dbe746da
rene-cerny,Z9/33,43,"Mgr. René Černý, 1. náměstek primátorky - navrhl společné hlasování o bodech 54) a 55) týkajících se projektů financovaných z Fondu kofinancování projektů a finančních prostředků Fondu kofinancování projektů.",2,91c18ad4dbe746da
rene-cerny,Z9/33,44,"Mgr. René Černý, 1. náměstek primátorky: Tak. Já poprosím na zotovězní dotazu pana Ing. Hlouška.",0,91c18ad4dbe746da
rene-cerny,Z9/33,44,"Mgr. René Černý, 1. náměstek primátorky: Tak. Dále nevidím nikoho přihlášeného, můžeme tedy hlasovat. Zahajuji hlasování: Hlasování č. 52: 35 - 4 - 0 - 6",0,91c18ad4dbe746da
rene-cerny,Z9/33,46,"Mgr. René Černý, 1. náměstek primátorky: Tak. Já poprosím paní JUDr. Marešovou, jestli tady je? Vidím ji.",0,91c18ad4dbe746da
rene-cerny,Z9/33,47,"Mgr. René Černý, 1. náměstek primátorky: Dále nevidím nikoho přihlášeného, zahajuji tedy hlasování: Hlasování č. 56: 39 - 0 - 0 - 6",0,91c18ad4dbe746da
rene-cerny,Z9/33,50,"Mgr. René Černý, 1. náměstek primátorky: Nikdo není přihlášen, zahajuji tedy hlasování. Moment. Tady? Tak. Já ukončím teďka hlasování, s dovolením, a tady musíme, tady musíme respektovat materiál, který je variantně. Takže já nejprve nechám hlasovat o variantě A. Bod č. 66), varianta A a přihlášen pan kolega Vencálek.",0,91c18ad4dbe746da
rene-cerny,Z9/33,50,"Mgr. René Černý, 1. náměstek primátorky: Jo. Ano. Takže bod č. 66), hlasujeme varianty A, A. Je někdo přihlášen? Není tomu tak, můžeme tedy zahájit hlasování: Hlasování č. 61: 36 - 0 - 3 - 5",0,91c18ad4dbe746da
rene-cerny,Z9/33,51,"Mgr. René Černý, 1. náměstek primátorky: Ano. Děkuji paní JUDr., takže já jenom doplním, že jsme sou, že jsme současně odhlasovali, že bereme na vědomí dopis České republiky - Správa, Správy železnic, týkající se nabytí pozemků p. č. 373 v k. ú. Moravská Chrastová. Tak. A můžeme přejít k bodu č. 67).",0,91c18ad4dbe746da
rene-cerny,Z9/33,51,"Mgr. René Černý, 1. náměstek primátorky - navrhl společně hlasovat o bodech 67) - 73) týkajících se prodejů pozemků.",2,91c18ad4dbe746da
rene-cerny,Z9/33,51,"Mgr. René Černý, 1. náměstek primátorky - přistoupil k projednání bodu 67).",0,91c18ad4dbe746da
rene-cerny,Z9/33,51,"Mgr. René Černý, 1. náměstek primátorky: Nikoho nevidím dále přihlášeného, zahajuji hlasování: Hlasování č. 63: 29 - 2 - 3 - 11",0,91c18ad4dbe746da
rene-cerny,Z9/33,52,"Mgr. René Černý, 1. náměstek primátorky - přistoupil ke společnému projednání bodů 69) - 73).",0,91c18ad4dbe746da
rene-cerny,Z9/33,54,"Mgr. René Černý, 1. náměstek primátorky - navrhl společné hlasování o bodech 75) - 78) týkajících se zpeněžení (prodejů) pozemků a částí pozemků formou veřejné elektronické dražby.",2,91c18ad4dbe746da
rene-cerny,Z9/33,54,"Mgr. René Černý, 1. náměstek primátorky - přistoupil k projednání bodu 75).",0,91c18ad4dbe746da
rene-cerny,Z9/33,55,"Mgr. René Černý, 1. náměstek primátorky: Tak. Děkujeme, děkujeme za příspěvek. Samozřejmě Vám to určitě, minimálně do příště, opravíme a omlouváme se tímto. Pan zastupitel Koláčný.",0,91c18ad4dbe746da
rene-cerny,Z9/33,56,"Mgr. René Černý, 1. náměstek primátorky: Pan radní Oliva. Už nic. Tak. Děkuji, odhlášen. Ták. Nikoho nevidím přihlášeného k bodu 76), můžeme tedy přejít k hlasování: Hlasování č. 67: 29 - 7 - 5 - 3 Schválené usnesení: ZMB schvaluje zpeněžení (prodej) pozemků - p.č. 39 zastavěná plocha a nádvoří o výměře 346 m², jehož součástí je stavba č.p. 517, způsob využití bydlení, na adrese Úvoz 14 - p.č. 37 zahrada o výměře 438 m² vše k.ú. Staré Brno formou veřejné elektronické dražby podle zákona č. 250/2023 Sb., o veřejných dražbách, v platném znění, zajišťované prostřednictvím Realitní společnosti města Brna a.s. (IČO: 073 79 161, sídlo: Panská 361/13, Brno-město, 602 00 Brno) za podmínek, zejména: - vyvolávací cena bude stanovena na základě ocenění pozemků za cenu v místě a čase obvyklou ve výši 22.797.000 Kč, vč. DPH - lhůta pro uhrazení ceny dosažené vydražením 45 dnů ode dne udělení příklepu - odměna dražebníka 1,5 % z ceny dosažené vydražením, nejméně však 35.000 Kč bez DPH a nejvýše 5.000.000 Kč bez DPH - dražební jistota 1.800.000 Kč - minimální příhoz 50.000 Kč",0,91c18ad4dbe746da
rene-cerny,Z9/33,56,"Mgr. René Černý, 1. náměstek primátorky - přistoupil ke společnému projednání bodů 77) a 78).",0,91c18ad4dbe746da
rene-cerny,Z9/33,56,"Mgr. René Černý, 1. náměstek primátorky: Tak. Já čekám, esi se někdo přihlásí ze zastup, není tomu tak, takže já poprosím paní JUDr. Vaďurovou. Děkuji, zapínám mikrofon.",0,91c18ad4dbe746da
rene-cerny,Z9/33,56,"Mgr. René Černý, 1. náměstek primátorky: Tak. Stručná odpověď, ale jasná, děkujeme. Nikdo se už dále nehlásí do rozpravy, ale hlásí, paní kolegyně si to rozmyslela. Prosím.",0,91c18ad4dbe746da
rene-cerny,Z9/33,56,"Mgr. René Černý, 1. náměstek primátorky: Ano. Odpovíme, pan radní Oliva.",0,91c18ad4dbe746da
rene-cerny,Z9/33,58,"Mgr. René Černý, 1. náměstek primátorky - navrhl společně hlasovat o bodech 79) - 90) týkajících se nabytí spoluvlastnických podílů k částem pozemků, nabytí částí pozemků a nabytí pozemků.",2,91c18ad4dbe746da
rene-cerny,Z9/33,62,"Mgr. René Černý, 1. náměstek primátorky - navrhl společné hlasování o bodech 91) - 94) týkajících se majetkoprávního vypořádání staveb garáží a uznání vlastnických práv k pozemkům.",2,91c18ad4dbe746da
rene-cerny,Z9/33,62,"Mgr. René Černý, 1. náměstek primátorky - přistoupil ke společnému projednání bodů 91) a 92).",0,91c18ad4dbe746da
rene-cerny,Z9/33,63,"Mgr. René Černý, 1. náměstek primátorky - přistoupil ke společnému projednání bodů 93) a 94).",0,91c18ad4dbe746da
rene-cerny,Z9/33,66,"Mgr. René Černý, 1. náměstek primátorky - navrhl společně hlasovat o bodech 95) - 98) týkajících se bezúplatného nabytí pozemků a nemovitých věcí z vlastnictví České republiky - Úřadu pro zastupování státu ve věcech majetkových.",2,91c18ad4dbe746da
rene-cerny,Z9/33,67,"Mgr. René Černý, 1. náměstek primátorky - navrhl společné hlasování o bodech 99) - 109) týkajících se nabídek předkupních práv ke stavbám.",2,91c18ad4dbe746da
rene-cerny,Z9/33,72,"Mgr. René Černý, 1. náměstek primátorky - navrhl společně hlasovat o bodech 111) - 114) týkajících se směn pozemků a částí pozemků.",2,91c18ad4dbe746da
rene-cerny,Z9/33,77,"Mgr. René Černý, 1. náměstek primátorky: Nikdo jiný přihlášený není, zahajuji tedy hlasování: Hlasování č. 82: 30 - 0 - 5 - 9",0,91c18ad4dbe746da
rene-cerny,Z9/33,79,"Mgr. René Černý, 1. náměstek primátorky: To samozřejmě určitě není dobrý stav, pokud se tam jezdí jakýmkoliv autem. Není to jenom o těch SUV, to tam určitě nepatří a já dám slovo panu náměstku Chvátalovi.",0,91c18ad4dbe746da
rene-cerny,Z9/33,79,"Mgr. René Černý, 1. náměstek primátorky: Já, myslím si, že tedy, vzhl, dobře, zareaguje pan, pan radní Aberl, ale já přemýšlím o tom, že já jsem předtím vlastně slíbil paní radní Matonohové vys, chtě, která chtěla vystoupit k tomu předešlému bodu, je to tak, nebo ne? Tak, proto jsem se zarazil. Tak s dovolením napřed paní radní Matonohová, protože to je k předešlému bodu, a potom pan radní Aberl. Tak. Teď.",0,91c18ad4dbe746da
rene-cerny,Z9/33,79,"Mgr. René Černý, 1. náměstek primátorky: Děkuji paní radní. Tak. Teďka kolega Aberl, tady ho máme, prosím.",0,91c18ad4dbe746da
rene-cerny,Z9/33,80,"Mgr. René Černý, 1. náměstek primátorky: Pan radní Oliva chce ještě doplnit.",0,91c18ad4dbe746da
rene-cerny,Z9/33,80,"Mgr. René Černý, 1. náměstek primátorky: An, ano, ještě, ještě pan kolega Aberl chce doplnit.",0,91c18ad4dbe746da
rene-cerny,Z9/33,80,"Mgr. René Černý, 1. náměstek primátorky: A teď, ano, chce reagovat pan radní, vidím. Prosím.",0,91c18ad4dbe746da
rene-cerny,Z9/33,81,"Mgr. René Černý, 1. náměstek primátorky: Ano, takže reagovat, děkuji, reagovat bude pan náměstek Kerndl.",0,91c18ad4dbe746da
rene-cerny,Z9/33,81,"Mgr. René Černý, 1. náměstek primátorky: Pardon, vidím, že Vás je ještě, ještě přihlášeno poměrně dost. My podle jednacího řádu totiž teďka máme přestávku, už 2 minuty. Takže budeme muset, budeme, budeme muset přerušit naše jednání a pokračovat po přestávce. Tak moment, pan náměstek.",0,91c18ad4dbe746da
rene-cerny,Z9/33,81,"Mgr. René Černý, 1. náměstek primátorky: Tak. Návrh, návrh je jasný, samozřejmě o něm dávám hlasovat, že bysme vlas, že bysme dokončili Vaše dotazy, interpelace a podobně. Hlasuji tedy o návrhu pana náměstka Kerndla pokračovat dále bez přestávky. Zahajuji hlasování: Hlasování č. 87: 32 - 2 - 0 - 7",4,91c18ad4dbe746da
rene-cerny,Z9/33,81,"Mgr. René Černý, 1. náměstek primátorky: Pokračujet tedy dále. A vidím tady úsměvy, doufám, že to hladem vydržíte. Pojďme tedy dál, přihlášený v pořadí je pan zastupitel Zemek.",0,91c18ad4dbe746da
rene-cerny,Z9/33,82,"Mgr. René Černý, 1. náměstek primátorky: Určitě, určitě pan koleba prověří. Nicméně nevíme, jesi se náhodou paní zima ještě nevrátí a ty uklízecí vozy tam nebudou muset najet. Já bych se přimlouval ho tam nevracet, zatím. Může se st, může nám eště napadnout klidně 20 cm. Tak. Poprosím pana, pana kolegu Kratochvíla, pana radního, o reakci.",0,91c18ad4dbe746da
rene-cerny,Z9/33,82,"Mgr. René Černý, 1. náměstek primátorky: Poprosím pana náměstka Chvátala ještě o reakci.",0,91c18ad4dbe746da
rene-cerny,Z9/33,83,"Mgr. René Černý, 1. náměstek primátorky: Vypadá to, že odpověď stačí. Nestačí, ale, ale v pořadí je paní kolegyně Drápalová.",0,91c18ad4dbe746da
rene-cerny,Z9/33,84,"Mgr. René Černý, 1. náměstek primátorky: Dobře. Tak to necháme nakonec na písemné odpovědi. Pan kolega Suchý.",0,91c18ad4dbe746da
rene-cerny,Z9/33,84,"Mgr. René Černý, 1. náměstek primátorky: Dobře, bude odpovězeno písemně. Tak. Já nevidím nikoho přihlášeného v tuto chvíli a děkuji Vám.",0,91c18ad4dbe746da
rene-cerny,Z9/33,85,"Mgr. René Černý, 1. náměstek primátorky, ukončil zasedání Zastupitelstva města Brna (ve 13:15 hod.).",0,91c18ad4dbe746da
rene-cerny,Z9/33,85,"v z. Mgr. René Černý v. r. v z. RNDr. Filip Chvátal, Ph.D. v. r.",0,91c18ad4dbe746da
rene-cerny,Z9/34,1,"Zasedání zahájil a řídil 1. náměstek primátorky města Brna Mgr. René Černý (dále jen Mgr. René Černý, 1. náměstek primátorky).",0,75ba75c42ae44f62
rene-cerny,Z9/34,1,"Mgr. René Černý, 1. náměstek primátorky, upozornil na skutečnost, že jednání Zastupitelstva města Brna je audiovizuálně přenášeno prostřednictvím internetových stránek města a přenos je zaznamenáván, archivován a následně bude zveřejněn.",2,75ba75c42ae44f62
rene-cerny,Z9/34,1,"Slib člena Zastupitelstva města Brna Mgr. René Černý, 1. náměstek primátorky, přivítal nového člena Zastupitelstva města Brna, Ing. Pavla Jankůje za ODS. Ing. Pavel Jankůj se stal v souladu s § 56 odst. 1 zákona č. 491/2001 Sb., o volbách do zastupitelstev obcí a o změně některých zákonů, v platném znění, dne 1. dubna 2026 členem Zastupitelstva města Brna, a to po rezignaci paní Kristýny Černé na mandát členky zastupitelstva dne 31. 3. 2026.",0,75ba75c42ae44f62
rene-cerny,Z9/34,1,"Mgr. René Černý, 1. náměstek primátorky, vyzval nového člena Zastupitelstva města Brna ke složení slibu v souladu se zákonem č. 128/2000 Sb., o obcích, v platném znění.",0,75ba75c42ae44f62
rene-cerny,Z9/34,2,"Mgr. René Černý, 1. náměstek primátorky, dále oznámil, že dne 2. 4. 2026 byl ustanoven nový klub, a to Klub zastupitelů Brnoklidem a nezávislí zastupitelé Zastupitva města Brna ve volebním období 2022−2026, jehož členy jsou: Mgr. et Mgr. Sabina Benešová, DiS., LL.M., Ing. arch. Petr Bořecký, Mgr. René Černý, MUDr. Alena Gruberová, Bc. Kateřina Jarošová, MBA, Ing. Karel Kalivoda, Ing. Pavel Kříž, Ph.D., Ing. Karin Podivinská, Vít Prýgl, Ing. Daniel Struž, MBA, a Petr Levíček, MBA. Předsedkyní klubu je Ing. Karin Podivinská.",0,75ba75c42ae44f62
rene-cerny,Z9/34,2,"Po oznámení změn v zastupitelských klubech vyzval Mgr. René Černý, 1. náměstek primátorky, členy Zastupitelstva města Brna k podání návrhů na ověřovatele zápisu.",2,75ba75c42ae44f62
rene-cerny,Z9/34,2,"Schválení programu zasedání Zastupitelstva města Brna č. Z9/33 Mgr. René Černý, 1. náměstek primátorky, zdůvodnil tyto změny programu:",0,75ba75c42ae44f62
rene-cerny,Z9/34,2,"Mgr. René Černý, 1. náměstek primátorky, nechal hlasovat o návrzích na změny v programu zasedání Zastupitelstva města Brna, které uvedl v rámci Technického bodu.",-3,75ba75c42ae44f62
rene-cerny,Z9/34,3,"Mgr. René Černý, 1. náměstek primátorky, zahájil opětovné hlasování k zařazení bodu I. Hlasování č. 4: 9 - 4 - 4 - 33",0,75ba75c42ae44f62
rene-cerny,Z9/34,8,"Mgr. René Černý, 1. náměstek primátorky: Děkuji Vám za vystoupení, my se tím samozřejmě budeme zabývat. Nicméně obvinění, která jste vznesla, jsou tak závažná, že byste možná je měla oznámit na Policii České republiky. Nicméně dávám slovo paní náměstkyni Podivínské.",0,75ba75c42ae44f62
rene-cerny,Z9/34,9,"Mgr. René Černý, 1. náměstek primátorky: Děkujeme, děkujeme, již vypršel časový limit, který máte pro své vystoupení. My navíc, paní Burešová, Váš případ samozřejmě velmi dobře známe a taky všichni víme, že Vám bylo nabídnuto několik bytů, ale tyto nabídky jste nevyužila, bohužel. Tak, prosím dalšího z občanů, který chce vystoupit. Tak jestli tomu tak není, tak je, je, tak prosím, ujměte se slova.",0,75ba75c42ae44f62
rene-cerny,Z9/34,9,"Mgr. René Černý, 1. náměstek primátorky: Ano, prosím, máte slovo.",0,75ba75c42ae44f62
rene-cerny,Z9/34,10,"Mgr. René Černý, 1. náměstek primátorky: Já Vás musím upozornit.",0,75ba75c42ae44f62
rene-cerny,Z9/34,10,"Mgr. René Černý, 1. náměstek primátorky: Jste občanem města Brna?",0,75ba75c42ae44f62
rene-cerny,Z9/34,11,"Mgr. René Černý, 1. náměstek primátorky: Děkujeme. Prosím dalšího občana, aby přišel, a vidím, přihlášen pan zastupitel Zemek, dávám Vám slovo. Prosím.",0,75ba75c42ae44f62
rene-cerny,Z9/34,11,"Mgr. René Černý, 1. náměstek primátorky: Tak já možná bych chtěl Vás poprosit, kolegy zastupitelé, abychom nespouštěli naši diskusi tady v tomto bodu. Je to bod, který je věnovaný občanům a čas pro, pro ně se nějakým způsobem krátí. Já myslím si, myslím, že zastupitelé mají, mají prostor vystoupit po celé konání zastupitelstva. Takže samozřejmě Vám dám slovo, pane zastupiteli Kmente, ale prosím, abychom my všichni zastupitelé vystupovali v jiných bodech. Děkuji Vám. Prosím, pane zastupiteli Kmente, máte slovo.",0,75ba75c42ae44f62
rene-cerny,Z9/34,12,"Mgr. René Černý, 1. náměstek primátorky: Dovolte mi, abych při této příležitosti přivítal pana docenta Milana Uhdeho a zástupce spolku Meeting Brno, jejichž písemná vyjádření jsou součástí předloženého materiálu. Pokud k tomu nebude ze strany členů Zastupitelstva města Brna námitka, navrhuji dát jim nyní slovo, aby případně doplnili svá stanoviska obsažená v materiálu, případně se jinak vyjádřili k projednávanému bodu, a to ještě před zahájením rozpravy členů Zastupitelstva města Brna. Tak vidím přihlášeného pana zastupitele Zemka. Takže mu dávám slovo.",0,75ba75c42ae44f62
rene-cerny,Z9/34,12,"Mgr. René Černý, 1. náměstek primátorky: Určitě, určitě. Teďka není zrovna ta správná chvíle, ano. Ano. Pokud není tedy žádná námitka k tomu, aby v tuto chvíli vystoupil pan docent Milan Uhde, proto ho nyní tedy poprosím o jeho vyjádření. Pane docente, pokud máte mikrofon, prosím.",0,75ba75c42ae44f62
rene-cerny,Z9/34,12,"Mgr. René Černý, 1. náměstek primátorky: Prosím o klid v sále. Dostanete slovo. Tak. Protože již poněkolikáté vyzývám o klid v sále, dovolte, ještě jednou Vás prosím, nechte vystoupit, důstojně vystoupit a dokončit svoje vystoupení pana docenta Uhdeho. Budete mít neomezený čas se vyjádřit. Prosím znovu. Apeluji, apeluji na lidskou slušnost, nechte vystoupit a dokončit projev pana docenta Uhdeho. Pane docente, prosím.",0,75ba75c42ae44f62
rene-cerny,Z9/34,13,"Mgr. René Černý, 1. náměstek primátorky: Prosím o klid v sále.",0,75ba75c42ae44f62
rene-cerny,Z9/34,13,"Mgr. René Černý, 1. náměstek primátorky: Prosím o klid v sále. Prosím o klid v sále.",0,75ba75c42ae44f62
rene-cerny,Z9/34,13,"Mgr. René Černý, 1. náměstek primátorky: Pokud nezachováte klid v sále, bude jednání zastupitelstva přerušeno.",0,75ba75c42ae44f62
rene-cerny,Z9/34,13,"Mgr. René Černý, 1. náměstek primátorky: Tak pokračujeme. Pokračujeme v bodě číslo 3). Prosím, prosím o vystoupení zástupců Meeting Brno.",0,75ba75c42ae44f62
rene-cerny,Z9/34,14,"Mgr. René Černý, 1. náměstek primátorky: Prosím o klid. Prosím o klid. Byla by škoda, kdybychom jednání zastupitelstva museli přerušit. Klid.",0,75ba75c42ae44f62
rene-cerny,Z9/34,14,"Mgr. René Černý, 1. náměstek primátorky: Prosím o klid v sále. Nebo nechám přerušit jednání zastupitelstva.",0,75ba75c42ae44f62
rene-cerny,Z9/34,15,"…činíme. Všichni jste pozvaní, abyste se přišli podívat, kdo jsou skutečně naši sudetoněmečtí krajané, protože to je smyslem našeho festivalu, osobní setkání. A vím, že máte spoustu představ, co se tam říká, kdo to vlastně je. Náš festival je tady proto, abyste měli příležitost se s nimi setkat osobně, protože i já sám jsem byl překvapený, jak je to nádherné shromáždění plné lidí s velkou vazbou na naši vlast. Lidé, kteří dávno odpustili a chtějí se s námi přátelit. Mgr. René Černý, 1. náměstek primátorky: Děkuji.",0,75ba75c42ae44f62
rene-cerny,Z9/34,15,"Mgr. René Černý, 1. náměstek primátorky: Prosím o klid v sále. Tak děkujeme Vám za vystoupení.",0,75ba75c42ae44f62
rene-cerny,Z9/34,15,"Mgr. René Černý, 1. náměstek primátorky: Tak děkujeme. Tak prosím o klid v sále. Ještě poprosím o vystoupení paní primátorky Vaňkové s procesním návrhem. Prosím, paní primátorko, máte slovo.",2,75ba75c42ae44f62
rene-cerny,Z9/34,15,"Mgr. René Černý, 1. náměstek primátorky: Děkuji, děkuji paní primátorce. A skutečně Vás všechny prosíme, abysme dodrželi určitou slušnost při projednávání tohoto bodu. Jinak se navzájem neuslyšíme a nic se nedozvíme, ani se nikam neposuneme. Tak prosím tedy, prosím tedy o rozprahání rozpravy členů Zastupitelstva města Brna. A upozorňuji veřejnost, že zastupitelé města, že nejprve vystoupí v rozpravě zastupitelé města Brna a poté Vy jako veřejnost. Je to, vyplývá to z Jednacího řádu Zastupitelstva města Brna. A chci Vás ubezpečit, že prostoru budete mít na dialog, na vystoupení skutečně hodně. Každý, na každého z Vás, kdo budete chtít vystoupit, se dostane. Nejprve tedy otevírám rozpravu členů Zastupitelstva města Brna. Vidím přihlášeného pana zastupitele Skřičku. Prosím, máte slovo.",0,75ba75c42ae44f62
rene-cerny,Z9/34,16,"Mgr. René Černý, 1. náměstek primátorky: Prosím o elementární slušnost. Ještě jednou, ale už naposledy vyzývám ty z Vás, kteří přerušují vystoupení zastupitelů města Brna, aby tak nečinili. My Vaše vystoupení nebudeme taky přerušovat ani hlasitými výkřiky, ani ničím jiným. Necháme Vás v klidu vystoupit a říct Váš názor. Bude to zanedlouho. Prosím.",0,75ba75c42ae44f62
rene-cerny,Z9/34,16,"Mgr. René Černý, 1. náměstek primátorky: Děkuji. Znovu prosím, opravdu není vhodné, abyste se teď vyjadřovali k vystoupení zastupitelů města Brna. Budete mít prostor pro vyjádření vzápětí a ani jeden ze zastupitelů města Brna, si troufám říct, že Vám do Vašeho vystoupení nebude zasahovat. Nebude Vám ho přerušovat a nebude Vám ho nijakým způsobem narušovat. Prosím proto, abyste stejný postup použili Vy i Vy a respektovali právo zastupitelů města Brna vystoupit. Budete ho mít také. Prosím pana zastupitele Hladíka.",0,75ba75c42ae44f62
rene-cerny,Z9/34,17,"Mgr. René Černý, 1. náměstek primátorky: Děkuji. Děkuji za vystoupení. A poprosím přihlášeného pana zastupitele Vencálka. Prosím, máte slovo.",0,75ba75c42ae44f62
rene-cerny,Z9/34,17,"Mgr. René Černý, 1. náměstek primátorky: Tak děkuji. Prosím o odevzdání Vašeho návrhu písemně. Vidím přihlášeného pana zastupitele Kmenta, máte slovo.",2,75ba75c42ae44f62
rene-cerny,Z9/34,18,"Mgr. René Černý, 1. náměstek primátorky: Tak děkuji. Nevidím, nevidím nikoho přihlášeného z řad zastupitelů města Brna. To znamená, že Vám děkuji za tuto rozpravu a můžeme tedy přejít k vystoupení občanů města Brna k tomuto bodu. Otevírám tedy prostor pro Vaše vystoupení. Jenom mi dovolte, abych připomněl, že v rámci tohoto bodu mohou vystoupit rovněž čestní občané města Brna a občané města Brna starší 18 let, vlastníci nemovitostí na území města Brna a cizinci starší 18 let či mluvčí organizované skupiny. Každá z těchto osob může vystoupit v tomto bodě pouze jednou a v délce vystoupení nejvýše 2 minuty. Prosím, přistupujte tedy jednotlivě k mikrofonu a prosím Vás o Vaše vystoupení či příspěvek a Vaše kolegy a všechny nás v sále znovu prosím o klid, aby všechna vystoupení občanů proběhla skutečně důstojně. Děkuji Vám, můžete začít.",0,75ba75c42ae44f62
rene-cerny,Z9/34,19,"Mgr. René Černý, 1. náměstek primátorky: Nebudete mluvit, ale samozřejmě.",0,75ba75c42ae44f62
rene-cerny,Z9/34,19,"Mgr. René Černý, 1. náměstek primátorky: Samozřejmě Vás nechám dokončit myšlenku.",0,75ba75c42ae44f62
rene-cerny,Z9/34,19,"Mgr. René Černý, 1. náměstek primátorky: Dokončete prosím větu.",0,75ba75c42ae44f62
rene-cerny,Z9/34,19,"Mgr. René Černý, 1. náměstek primátorky: Děkujeme. Prosím dalšího z občanů, aby přistoupil k mikrofonu.",0,75ba75c42ae44f62
rene-cerny,Z9/34,20,"Mgr. René Černý, 1. náměstek primátorky: Děkujeme. Děkujeme za toto vystoupení. Prosím dalšího z občanů, aby přistoupil k mikrofonu.",0,75ba75c42ae44f62
rene-cerny,Z9/34,20,"Mgr. René Černý, 1. náměstek primátorky: Připomínám čas, časový limit vypršel.",0,75ba75c42ae44f62
rene-cerny,Z9/34,21,"Mgr. René Černý, 1. náměstek primátorky: Tak děkuji. A jenom mi dovolte, abych k Vašemu návrhu řekl, že my takto ho přijmout nemůžeme. Musela byste ho nechat osvojit některého ze zastupitelů města Brna. Já děkuji za názor, ale postupujeme podle Jednacího řádu Zastupitelstva města Brna. Pokud tedy najdete některého ze zastupitelů, který si Váš návrh osvojí, může ho předložit. Děkuji. Prosím dalšího z občanů.",2,75ba75c42ae44f62
rene-cerny,Z9/34,21,"Mgr. René Černý, 1. náměstek primátorky: Než dám slovo dalšímu z občanů, tak mi jenom krátce dovolte, abych zcela výjimečně reagoval na paní zastupitelku. My určitě nejsme zbabělí, my předkládáme vlastní návrhy. Ten bod je součástí programu Zastupitelstva města Brna a jistě jste se se zněním tohoto řádného bodu mohla seznámit. Navíc tady už teď mám, v tuto chvíli mám další 3 návrhy na usnesení. Takže o nějaké zbabělosti se určitě mluvit nedá. Prosím dalšího z občanů.",2,75ba75c42ae44f62
rene-cerny,Z9/34,23,"Mgr. René Černý, 1. náměstek primátorky: Tak, já si myslím, že mikrofon jede. Vy jste ho možná jenom na chviličku omylem vypnula, ale je zase zapnutý.",0,75ba75c42ae44f62
rene-cerny,Z9/34,24,"Mgr. René Černý, 1. náměstek primátorky: Děkujeme. A tady jsme, tady jsme nechali výjimku, pozdravujeme do Lanškrouna, ale prosím skutečně, aby vystupovali občané města Brna. Prosím, máte slovo.",0,75ba75c42ae44f62
rene-cerny,Z9/34,25,"Mgr. René Černý, 1. náměstek primátorky: Děkujeme. Děkujeme a prosím, abyste se, abyste po představení svém, to znamená po uvedení jména a příjmení, uvedli, zda jste občany města Brna. Děkuji. Pardon, už, pardon, už funguje mikrofon, zkuste, prosím.",0,75ba75c42ae44f62
rene-cerny,Z9/34,25,"Mgr. René Černý, 1. náměstek primátorky: Nezlobte se, nezlobte se, zeptám se Vás tedy na další z podmínek, pokud je splníte, jistě budete moct vystoupit, jste majitelkou nemovitosti na území města Brna?",0,75ba75c42ae44f62
rene-cerny,Z9/34,25,"Mgr. René Černý, 1. náměstek primátorky: A jste zástupcem, jste zástupcem nějaké organizované skupiny nebo spolku?",0,75ba75c42ae44f62
rene-cerny,Z9/34,25,"Mgr. René Černý, 1. náměstek primátorky: Prosím, nezlobte se, pokud jste zástupcem nebo zástupkyní, promiňte, organizovaného spolku nebo organizované skupiny, řekněte nám, prosím, bez studu, jakého?",0,75ba75c42ae44f62
rene-cerny,Z9/34,25,"Mgr. René Černý, 1. náměstek primátorky: Toho si nesmírně vážíme, uctíváme určitě všichni památku obětí druhé světové války, ale...",0,75ba75c42ae44f62
rene-cerny,Z9/34,25,"Mgr. René Černý, 1. náměstek primátorky: Obrana národa 2 Vám napověděli?",0,75ba75c42ae44f62
rene-cerny,Z9/34,25,"Mgr. René Černý, 1. náměstek primátorky: A nejste náhodou Obrana národa 1?",0,75ba75c42ae44f62
rene-cerny,Z9/34,26,"Mgr. René Černý, 1. náměstek primátorky: Dobře. Dobře, já Vás poprosím o velmi stručné vystoupení. A omlouvám se všem ostatním, kteří byli občany Brna nebo dodrželi jednací řád.",0,75ba75c42ae44f62
rene-cerny,Z9/34,26,"Mgr. René Černý, 1. náměstek primátorky: Ano, děkujeme za vystoupení, prosím dalšího z občanů, aby přistoupil k mikrofonu. Prosím, máte slovo.",0,75ba75c42ae44f62
rene-cerny,Z9/34,26,"Mgr. René Černý, 1. náměstek primátorky: Tak prosím, prosím, máte slovo.",0,75ba75c42ae44f62
rene-cerny,Z9/34,28,"Mgr. René Černý, 1. náměstek primátorky: Děkujeme. Tak, dívám se k mikrofonu, dívám se směrem do zadní části sálu, nevidím, že by se někdo ještě hlásil o slovo. Takže dobře, takže nikoho nevidím. Tím pádem ukončujeme vystoupení občanů v tomto bodě číslo 3) a já teď dám slovo přihlášeným, tak jak se postupně přihlásili, to znamená, dávám slovo paní primátorce Vaňkové, prosím.",0,75ba75c42ae44f62
rene-cerny,Z9/34,29,"Mgr. René Černý, 1. náměstek primátorky: Děkujeme. Prosím o zachování důstojnosti při jednání Zastupitelstva města Brna. A znovu upozorňuji, že pokud tato důstojnost nebude zachována, budeme muset přerušit jednání a byla by to škoda. Zatím jsme to si, myslím, udrželi ve velice slušných mantinelech. Vaše příspěvky byly věcné, děkuji Vám za ně všem. Děkuji paní primátorce za její příspěvek a pokračujeme dál. Vidím přihlášeného pana zastupitele Kmenta. Prosím, pane zastupiteli, máte slovo.",0,75ba75c42ae44f62
rene-cerny,Z9/34,29,"Mgr. René Černý, 1. náměstek primátorky: Děkuji. Pan zastupitel Zemek, prosím, máte slovo.",0,75ba75c42ae44f62
rene-cerny,Z9/34,30,"Mgr. René Černý, 1. náměstek primátorky: Tak děkuji. Vidím přihlášenou paní zastupitelku Drápalovou, máte slovo.",0,75ba75c42ae44f62
rene-cerny,Z9/34,30,"Mgr. René Černý, 1. náměstek primátorky: Určitě. Jenom jedná se tedy o návrh pana Matouše Vencálka, je tomu tak?",2,75ba75c42ae44f62
rene-cerny,Z9/34,30,"Mgr. René Černý, 1. náměstek primátorky: Ano, samozřejmě, pokud chcete, přečtěte to.",0,75ba75c42ae44f62
rene-cerny,Z9/34,30,"Mgr. René Černý, 1. náměstek primátorky: Děkuji. Tak, teďka nevidím nikoho přihlášeného a budeme, přistoupíme k hlasování. Tak je přihlášená paní náměstkyně Podivinská, prosím.",0,75ba75c42ae44f62
rene-cerny,Z9/34,30,"Mgr. René Černý, 1. náměstek primátorky: Jasně. Tak já jsem se jenom tady měl krátkou poradu s paní doktorkou Doležalovou, ale návrh paní náměstkyně jsem slyšel.",2,75ba75c42ae44f62
rene-cerny,Z9/34,31,"Mgr. René Černý, 1. náměstek primátorky: Určitě, já jsem ho, já jsem obdržel písemně všechny návrhy, které mám teďka tady u sebe. Jinak předsedové klubu tedy po přerušení jednání Zastupitelstva města Brna se sejdou. Navrhuji, abychom... No, tak dobře, tak poradu klubu paní náměstkyně chce, jestli tam přijdou předsedové nebo členové klubu, to už asi je jedno. V každém případě, v každém případě navrhuji se sejít u pana tajemníka, vlezeme se tam? Do zasedací místnosti? Aha, dobře. Takže se sejdeme jednotlivé kluby a kde se sejdete, tak to je jedno. Já jsem to, já se omlouvám, já jsem to špatně pochopil. Dobře, děkuji. Klidně můžete zůstat ve svých lavicích.",2,75ba75c42ae44f62
rene-cerny,Z9/34,31,"Mgr. René Černý, 1. náměstek primátorky: Jasně, 10 minut. Děkuji.",0,75ba75c42ae44f62
rene-cerny,Z9/34,31,"Mgr. René Černý, 1. náměstek primátorky: 10 minut dávno uběhlo, prosím, dostavte se do sálu. A děkuji. Posaďte se, prosím. Zkontrolujte svá hlasovací zařízení. Tak děkuji. Prosím všechny do sálu. Zkontrolujte, prosím, svá hlasovací zařízení, hlavně hlasovací kartu a její funkčnost. Děkuji. Tak jsme na konci bodu číslo 3), ale čeká nás to nejdůležitější, to znamená hlasování o jednotlivých návrzích tak, jak byly předloženy. Jako první nechám hlasovat návrh paní primátorky Vaňkové a dávám jí tímto slovo.",2,75ba75c42ae44f62
rene-cerny,Z9/34,31,"Mgr. René Černý, 1. náměstek primátorky: Děkuji. Můžeme tedy přistoupit k hlasování o tomto návrhu. Zahajuji hlasování. Hlasování č. 8: 40 - 5 - 1 - 4",2,75ba75c42ae44f62
rene-cerny,Z9/34,31,"Mgr. René Černý, 1. náměstek primátorky: Ano, hlásí se pan zastupitel Novotný, prosím.",0,75ba75c42ae44f62
rene-cerny,Z9/34,31,"Mgr. René Černý, 1. náměstek primátorky: Já se omlouvám, ale to je skutečně pozdě. Já jsem se...",0,75ba75c42ae44f62
rene-cerny,Z9/34,32,"Mgr. René Černý, 1. náměstek primátorky: Dobře, já se poradím s paní doktorkou Doležalovou, poprosím právní, pomoc paní doktorky Doležalové.",0,75ba75c42ae44f62
rene-cerny,Z9/34,32,"Mgr. René Černý, 1. náměstek primátorky: Tak. Tak pan zastupitel Novotný",0,75ba75c42ae44f62
rene-cerny,Z9/34,32,"Mgr. René Černý, 1. náměstek primátorky: Dobře, v tom případě budeme hlasovat znovu, ale Vy chcete po odrážkách. To znamená...",0,75ba75c42ae44f62
rene-cerny,Z9/34,32,"Mgr. René Černý, 1. náměstek primátorky: Tak, myslím, že to všichni chápeme, o čem teď budeme hlasovat, to znamená, hlasujeme o tom, že pan zastupitel Novotný se chce vrátit k tomu bodu a hlasovat ho po odrážkách. Dávám tedy hlasovat: Hlasování č. 9: 17 - 3 - 15 - 15",0,75ba75c42ae44f62
rene-cerny,Z9/34,35,"Mgr. René Černý, 1. náměstek primátorky: Dále nevidím nikoho přihlášeného, zahajuji tedy hlasování: Hlasování č. 18: 38 - 0 - 8 - 2",0,75ba75c42ae44f62
rene-cerny,Z9/34,36,"Mgr. René Černý,1. náměstek primátorky: Tak děkuji o tuto úpravu. Paní zástupkyně Flamiková. Zastupitelka, promiňte.",0,75ba75c42ae44f62
rene-cerny,Z9/34,36,"Mgr. René Černý,1. náměstek primátorky: Pořád jsme u bodu 11. Mgr. Jasna Flamiková: Aha, pardon, já se ptám k bodu 12.",0,75ba75c42ae44f62
rene-cerny,Z9/34,36,"Mgr. René Černý, 1. náměstek primátorky: Ptáte se už k bodu 12, promiňte. Ano. Poprosím, pana doktora Poláka. Tak mikrofon je zapnut, pane doktore, prosím.",0,75ba75c42ae44f62
rene-cerny,Z9/34,36,"Mgr. René Černý,1.náměstek primátorky: Děkuji. Nevidím nikoho přihlášeného k bodu číslo 12, můžeme tedy hlasovat. Zahajuji hlasování. Hlasování č. 19: 44 - 0 - 1 - 3",0,75ba75c42ae44f62
rene-cerny,Z9/34,38,"Mgr. René Černý,1.náměstek primátorky: Tak děkuji. Já ale vidím, že stejně tys ten návrh na změnu usnesení nepředložil písemně, takže asi na něm tolik netrváš a něco tady k tomu bylo vysvětleno, já teda s dovolením dám hlasovat, hlasovat ten původní návrh usnesení. Tak nevidím nikoho přihlášeného, můžeme tedy hlasovat, zahajuji hlasování. Hlasování č. 23: 33 - 0 - 11 - 4",2,75ba75c42ae44f62
rene-cerny,Z9/34,38,"Mgr. René Černý, 1. náměstek primátorky – navrhl společně hlasovat o bodech 19) – 30).",2,75ba75c42ae44f62
rene-cerny,Z9/34,40,"Mgr. René Černý, 1. náměstek primátorky – navrhl společně hlasovat o bodech 23) – 25).",2,75ba75c42ae44f62
rene-cerny,Z9/34,42,"Mgr. René Černý, 1. náměstek primátorky – navrhl společně hlasovat o bodech 28) - 30).",2,75ba75c42ae44f62
rene-cerny,Z9/34,46,"Mgr. René Černý, 1.náměstek primátorky: Tak, děkuji. Budeme tedy nejprve hlasovat o tomto návrhu. Hlasovat žadatele číslo 43 zvlášť. Zahajuji hlasování. Hlasování č. 45: 33 - 2 - 3 - 4",2,75ba75c42ae44f62
rene-cerny,Z9/34,46,"Mgr. René Černý, 1.náměstek primátorky: Návrh byl přijat A já možná poprosím paní doktorku, kdyby mně poradila, jak to teďka máme hlasovat, když jednoho z žadatelů máme hlasovat zvlášť.",2,75ba75c42ae44f62
rene-cerny,Z9/34,46,"Mgr. René Černý, 1.náměstek primátorky: Takže já dám hlasovat včetně tohoto žadatele o tom materiálu, tak jak byl předložen. Děkuji za právní radu. Zahajuji tedy hlasování. Hlasování č. 46: 36 - 0 - 4 - 2",0,75ba75c42ae44f62
rene-cerny,Z9/34,47,"Mgr. René Černý, 1.náměstek primátorky: Ano, ale paní doktorka nám vysvětlila, že to tak být nemusí, že mohou existovat dvě varianty a já jsem nechal hlasovat jednu z nich.",-3,75ba75c42ae44f62
rene-cerny,Z9/34,52,"Mgr. René Černý, 1. náměstek primátorky – navrhl společně hlasovat o bodech 55) – 58).",2,75ba75c42ae44f62
rene-cerny,Z9/34,54,"Mgr. René Černý, 1. náměstek primátorky – navrhl společně hlasovat o bodech 60) – 61).",2,75ba75c42ae44f62
rene-cerny,Z9/34,59,"Mgr. René Černý, 1. náměstek primátorky – navrhl společně hlasovat o bodech 65) – 69).",2,75ba75c42ae44f62
rene-cerny,Z9/34,60,"Mgr. René Černý, 1. náměstek primátorky – navrhl společně hlasovat o bodech 70) – 78).",2,75ba75c42ae44f62
rene-cerny,Z9/34,65,"Mgr. René Černý, 1. náměstek primátorky – navrhl společně hlasovat o bodech 80) – 88).",2,75ba75c42ae44f62
rene-cerny,Z9/34,68,"Mgr. René Černý, 1. náměstek primátorky: Promiňte, udělal jsem chybu, bod číslo 92) oprava. Cože? Aha, dobře, tak já se tedy vracím. Ano, omlouvám se, máme teď tedy bod 92).",0,75ba75c42ae44f62
rene-cerny,Z9/34,68,"Mgr. René Černý,1.náměstek primátorky: Ano, dokončíme tedy hlasování, teď mohu ukončit hlasování.",0,75ba75c42ae44f62
rene-cerny,Z9/34,69,"Mgr. René Černý, 1. náměstek primátorky - upozornil na variantně navržené usnesení, přičemž Rada města Brna podpořila variantu A. Mgr. René Černý, 1. náměstek primátorky nechal tedy o této variantě hlasovat.",2,75ba75c42ae44f62
rene-cerny,Z9/34,70,"Mgr. René Černý, 1. náměstek primátorky – navrhl společně hlasovat o bodech 95) – 105).",2,75ba75c42ae44f62
rene-cerny,Z9/34,71,"Mgr. René Černý,1.náměstek primátorky: Ano, děkuji, bod č. 97) budeme tedy hlasovat bez odrážky týkající se pozemku parcelní číslo 5184/29 v katastrálním území Řečkovice. Zahajuji hlasování. Hlasování č. 81: 46 - 0 - 0 - 1",0,75ba75c42ae44f62
rene-cerny,Z9/34,72,"Mgr. René Černý, 1. náměstek primátorky – navrhl společně hlasovat o bodech 98) – 105).",2,75ba75c42ae44f62
rene-cerny,Z9/34,76,"Mgr. René Černý, 1. náměstek primátorky – navrhl společně hlasovat o bodech 106) – 111).",2,75ba75c42ae44f62
rene-cerny,Z9/34,79,"Mgr. René Černý, 1. náměstek primátorky – navrhl společně hlasovat o bodech 112) – 113).",2,75ba75c42ae44f62
rene-cerny,Z9/34,85,"Mgr. René Černý, 1. náměstek primátorky – navrhl společně hlasovat o bodech 118) – 121).",2,75ba75c42ae44f62
rene-cerny,Z9/34,87,"Mgr. René Černý, 1. náměstek primátorky - upozornil na variantně navržené usnesení, přičemž Rada města Brna nepřijala žádné usnesení. Mgr. René Černý, 1. náměstek primátorky nechal tedy nejdříve hlasovat o variantě A.",2,75ba75c42ae44f62
rene-cerny,Z9/34,87,"Mgr. René Černý, 1. náměstek primátorky nechal tedy hlasovat o variantě B. Hlasování č. 91: 29 - 0 - 4 - 14",0,75ba75c42ae44f62
rene-cerny,Z9/34,88,"Mgr. René Černý,1.náměstek primátorky: Dobře předpokládám, že všechno to, co jste teď formulovala, by bylo v jedné informativní zprávě.",0,75ba75c42ae44f62
rene-cerny,Z9/34,88,"Mgr. René Černý,1.náměstek primátorky: Tak nikdo jiný k tomuto bodu číslo 125) přihlášen není. Zahajují tedy hlasování. Hlasování č. 92: 41 - 0 - 3 - 3",0,75ba75c42ae44f62
rene-cerny,Z9/34,89,"Mgr. René Černý,1.náměstek primátorky: Tak, já samozřejmě o tom nechám hlasovat a potom dostane slovo paní kolegyně Flamiková. Tak, děkuji, tak je tady návrh člena Zastupitelstva města Brna, pana René Novotného k bodu číslo 3) na změnu usnesení ve znění. „Návrh na znovuzařazení bodu číslo 3) s názvem: Informace k 76. Sudetoněmeckému sněmu, konanému ve dnech 22.- 25. 5 .2026 v Brně do programu Zastupitelstva města Brna v souladu s článkem 7.1 písmene a)“. To už je otázka samozřejmě, ale určitě tento návrh, otevírám rozpravu k tomuto návrhu, jestli se někdo hlásí. Já možná půjdu po pořádku. Tak paní kolegyně Drápalová.",2,75ba75c42ae44f62
rene-cerny,Z9/34,89,"Mgr. René Černý,1.náměstek primátorky: Chápu, prosím paní doktorku.",0,75ba75c42ae44f62
rene-cerny,Z9/34,89,"Mgr. René Černý,1.náměstek primátorky: Ne, já jsem to teď načetl pane kolego, my hlasujeme: návrh na znovuzařazení bodu číslo 3) s názvem, známe ten název toho bodu, ale můžu to znovu přečíst: Informace k 76. Sudentoněmeckému sněmu. Tak takhle jsem ho dostal písemně předložen. Tak, nikoho nevidím přihlášeného, možná ano, pan náměstek Kerndl.",2,75ba75c42ae44f62
rene-cerny,Z9/34,90,"Mgr. René Černý,1.náměstek primátorky: No pane kolego, já se domnívám, že my jsme o tom nechali hlasovat o tom Vašem návrhu, ale pokud si dobře vzpomínám, tak ten Váš návrh neprošel.",2,75ba75c42ae44f62
rene-cerny,Z9/34,90,"Mgr. René Černý,1.náměstek primátorky: Já se velmi pečlivě dívám na to, kdo je přihlášen do diskuse. A vy jste přihlášen do diskuse nebyl. Navíc jste měl možnost po hlasování ho prohlásit za zmatečné, a to jste neudělal.",0,75ba75c42ae44f62
rene-cerny,Z9/34,90,"Mgr. René Černý,1.náměstek primátorky: Jasně, každý si stojíme za něčím jiným, nicméně na řadě je pan zastupitel Grund.",0,75ba75c42ae44f62
rene-cerny,Z9/34,90,"Mgr. René Černý,1.náměstek primátorky: Tak děkuji, ale já každopádně dám hlasovat o tomto návrhu na znovuzařazení bodu číslo 3).",2,75ba75c42ae44f62
rene-cerny,Z9/34,90,"Mgr. René Černý, 1. náměstek primátorky: Paní kolegyně, já se strašně omlouvám, ale my jsme zatím ještě v bodě č. 4).",0,75ba75c42ae44f62
rene-cerny,Z9/34,90,"Mgr. René Černý, 1. náměstek primátorky: V pořádku, hned v zápětí budeme v bodě č. 5), kde samozřejmě dostanete slovo.",0,75ba75c42ae44f62
rene-cerny,Z9/34,91,"Mgr. René Černý, 1. náměstek primátorky: Tak děkuji. Chápu to jako podnět k zamyšlení, který samozřejmě předáme, předáme někomu z dopravního, dopravního podniku a zatím nevidím nikoho jiného přihlášeného. Končím tím tedy zasedání dnešního Zastupitelstva města Brna a děkuji Vám všem za trpělivost.",0,75ba75c42ae44f62
rene-cerny,Z9/34,91,"Mgr. René Černý, 1. náměstek primátorky, ukončil zasedání Zastupitelstva města Brna (v 15:30 hod.).",0,75ba75c42ae44f62
rene-cerny,Z9/35,1,"Zasedání zahájil a řídil 1. náměstek primátorky města Brna Mgr. René Černý (dále jen Mgr. René Černý, 1. náměstek primátorky).",0,0e845920a9ca9f72
rene-cerny,Z9/35,1,"Mgr. René Černý, 1. náměstek primátorky, upozornil na skutečnost, že jednání Zastupitelstva města Brna je audiovizuálně přenášeno prostřednictvím internetových stránek města a přenos je zaznamenáván, archivován a následně bude zveřejněn.",2,0e845920a9ca9f72
rene-cerny,Z9/35,1,"Mgr. René Černý, 1. náměstek primátorky, sdělil, že při prezenci členové Zastupitelstva města Brna obdrželi: • doplněk k bodu 6), který byl dne 18.5. 2026 vložen na chráněné internetové datové úložiště • doplněk k bodu 73), který byl dne 18.5. 2026 vložen na chráněné internetové datové úložiště • Doplněk k Informativní zprávě – Podání adresovaná Zastupitelstvu města Brna, který byl dne 18.5. 2026 včetně vlastních podání vložen na chráněné internetové datové úložiště. Podání ZMB včetně Doplňku byla rovněž k dispozici v listinné formě ve složce „K nahlédnutí pro členy ZMB“ v jednacím sálu",0,0e845920a9ca9f72
rene-cerny,Z9/35,2,"Schválení programu zasedání Zastupitelstva města Brna č. Z9/35 Mgr. René Černý, 1. náměstek primátorky, zdůvodnil tyto změny programu:",0,0e845920a9ca9f72
rene-cerny,Z9/35,2,"Mgr. René Černý, 1. náměstek primátorky, nechal hlasovat o návrzích na změny v programu zasedání Zastupitelstva města Brna, které uvedl v rámci Technického bodu.",-3,0e845920a9ca9f72
rene-cerny,Z9/35,8,"Mgr. René Černý, 1. náměstek primátorky: Dále nevidím nikoho přihlášeného, zahajuji tedy hlasování: Hlasování č. 5: 49 - 0 - 0 - 1",0,0e845920a9ca9f72
rene-cerny,Z9/35,9,"Mgr. René Černý, 1. náměstek primátorky: Děkuji pane zastupiteli. Budeme tedy hlasovat včetně tohoto doplňku. Hlasování č. 7: 44 - 0 - 6 - 0",0,0e845920a9ca9f72
rene-cerny,Z9/35,12,"Mgr. René Černý, 1. náměstek primátorky: Teď jsem se s dovolením poradil s paní doktorkou a dozvěděl jsem se, že je to technická chyba, žádný důvod to nemá. Taky jsem chvilku přemýšlel, proč bychom to tam začerňovali, zrovna členy Rady města Brna, ale je to tak. Jestli vám to takhle stačí, paní zastupitelko.",0,0e845920a9ca9f72
rene-cerny,Z9/35,12,"Mgr. René Černý, 1. náměstek primátorky: Nevidím nikoho přihlášeného, můžeme tedy hlasovat bod č. 13), zahajuji tedy hlasování: Hlasování č. 13: 46–0–5 - 0 Schválené usnesení: ZMB schvaluje rozpočtové opatření dle tabulky, z důvodů zajištění finančních prostředků na realizaci investičních akcí na rekonstrukci vodohospodářské infrastruktury, která tvoří přílohu č. 7 tohoto zápisu.",0,0e845920a9ca9f72
rene-cerny,Z9/35,13,"Mgr. René Černý, 1. náměstek primátorky: Tak, já se dívám na hodinky asi dobře. Máme 9.30, což znamená, že jsme u bodu číslo 2), Dotazy, připomínky a podněty občanů. A zahajuji tedy tento bod. Dovolte mi připomenout, že v souladu s Jednacím řádem Zastupitelstva města Brna mohou v rámci tohoto bodu vystoupit zejména občané města Brna, čestní občané města Brna a vlastníci nemovitostí na území města Brna. Každá z těchto osob může v rámci tohoto bodu vystoupit pouze jednou, a to v délce vystoupení nejvýše 2 minuty. Doba trvání celého bodu je v souladu s jednacím řádem 30 minut. Nyní tedy vyzývám občany vystupující v rámci tohoto bodu číslo 2) k jejich vystoupení a prosím, aby před svým příspěvkem uvedli své jméno, příjmení a sdělili, zda jsou občany města Brna nebo vlastníky nemovitostí na území města Brna, prosím.",0,0e845920a9ca9f72
rene-cerny,Z9/35,14,"Mgr. René Černý, 1. náměstek primátorky: Ano, děkujeme za doplnění k tomuto bodu. Vidím přihlášeného pana starostu, ale já bych možná, pane starosto, poprosil, abychom nekrátili celkový čas tady pro ten bod, který je pro veřejnost. Já Vám dám slovo hned, jak ukončím projednání tohoto bodu v 10.00 hodin. Může to tak být? Děkuju, vidím. Dobře, dobře, tak jasně, děkuju. Prosím dalšího z občanů.",0,0e845920a9ca9f72
rene-cerny,Z9/35,14,"Mgr. René Černý, 1. náměstek primátorky: Pardon, máte trvalé bydliště v Brně?",0,0e845920a9ca9f72
rene-cerny,Z9/35,14,"Mgr. René Černý, 1. náměstek primátorky: Ne, ne, ne, ne, ne, ne, to se, to se omlouvám, to není v souladu s Jednacím řádem Zastupitelstva města Brna a ani ze zákona. Dalšího prosím. Prosím, máte slovo.",0,0e845920a9ca9f72
rene-cerny,Z9/35,15,"Mgr. René Černý, 1. náměstek primátorky: Tak děkuji. Možná Vás poprosím, kdybyste tu otázku nám zaslal písemně, ale vlastně my ji máme v záznamu, my odpověď pošleme písemně. Děkuju. Tak, prosím dalšího z občanů.",0,0e845920a9ca9f72
rene-cerny,Z9/35,15,"Mgr. René Černý, 1. náměstek primátorky: Prosím, já bych Vás poprosil, tak jak jsem upozorňoval na začátku, abyste se představil a uvedl, jestli máte trvalé bydliště v Brně.",0,0e845920a9ca9f72
rene-cerny,Z9/35,15,"Mgr. René Černý, 1. náměstek primátorky: Prosím Vás, abyste se představil, jméno, příjmení a uvedl, jestli máte trvalé bydliště v Brně.",0,0e845920a9ca9f72
rene-cerny,Z9/35,16,"Mgr. René Černý, 1. náměstek primátorky: Tak, my Vám, my Vám vzhledem k času, který máme vyhrazený pro občany, odpovíme písemně a poprosím Vás tedy o další otázku.",0,0e845920a9ca9f72
rene-cerny,Z9/35,16,"Mgr. René Černý, 1. náměstek primátorky: Ano, děkuji. Opět bude odpověděno písemně. Máte, máte ještě nějaký dotaz?",0,0e845920a9ca9f72
rene-cerny,Z9/35,16,"Mgr. René Černý, 1. náměstek primátorky: Tak, dívám se směrem k mikrofonu, který je určen pro občany, jestli ještě někdo chce vystoupit. Ano, prosím.",0,0e845920a9ca9f72
rene-cerny,Z9/35,16,"Mgr. René Černý, 1. náměstek primátorky: Já se omlouvám, já se omlouvám, ale…",0,0e845920a9ca9f72
rene-cerny,Z9/35,16,"Mgr. René Černý, 1. náměstek primátorky: Tak, nejde o to, abychom Vás umlčeli, ale máme nějaká pravidla a mezi ty, mezi ty pravidla patří i to, že my tady na jednání zastupitelstva nejsme zvyklí na sebe tady křičet, nechceme to, aby se tady křičelo. A dovolte, abych poděkoval všem, všem Vašim předřečníkům z řad občanů za velmi kultivovaná vystoupení a za velmi kultivovanou debatu. Mrzí mě, že ten závěr tohoto bodu je poznamenán tímto vystoupením. Na svoje názory samozřejmě máte právo, ale ještě jednou se omlouvám, nejste občanem města Brna, nesplňujete podmínky k vystoupení. Děkuji. Tak, připomínám, že slovo uděluje předsedající, já jsem Vám ho neudělil, děkuji. A my máme ještě čas samozřejmě pro vystoupení veřejnosti, ale zatím nikoho nevidím. Je to tam. Je to tak. Přistupujete k mikrofonu, budete hovořit. Prosím.",0,0e845920a9ca9f72
rene-cerny,Z9/35,17,"Mgr. René Černý, 1. náměstek primátorky: Jste občankou města Brna.",0,0e845920a9ca9f72
rene-cerny,Z9/35,17,"Mgr. René Černý, 1. náměstek primátorky: Tak, prosím dalšího z občanů.",0,0e845920a9ca9f72
rene-cerny,Z9/35,17,"Mgr. René Černý, 1. náměstek primátorky: Nejedná se, v tomto bodě se nejedná o debatu, ale o připomínky a podněty občanů. Vy jste nějaký podnět dala?",0,0e845920a9ca9f72
rene-cerny,Z9/35,18,"Mgr. René Černý, 1. náměstek primátorky: Nikoho přihlášeného dalšího nevidím. Můžeme tedy zahájit hlasování: Hlasování č. 20: 45–0–6 - 0",0,0e845920a9ca9f72
rene-cerny,Z9/35,20,"Mgr. René Černý, 1. náměstek primátorky: Tak, já taky děkuji. Bude vám odpovězeno určitě písemně. Chci jenom k tomu říct, že ty odpovědi, které jste teď před chvílí obdržel, byly i reakcí na to, že vlastně jste zpochybnil umístění toho stadionu a tak podobně, tak proto možná. Jenom si povzdechnu, že možná některé věci bez konkrétní znalosti problematiky není potřeba úplně spojovat dohromady.",0,0e845920a9ca9f72
rene-cerny,Z9/35,21,"Mgr. René Černý, 1. náměstek primátorky: Dále nevidím nikoho přihlášeného, zahajuji tedy hlasování: Hlasování č. 21: 40–0–3–7",0,0e845920a9ca9f72
rene-cerny,Z9/35,27,"Mgr. René Černý, 1. náměstek primátorky-navrhl společně hlasovat o bodech 35) -38)",2,0e845920a9ca9f72
rene-cerny,Z9/35,30,"Mgr. René Černý, 1. náměstek primátorky-navrhl společně hlasovat o bodech 40) - 42).",2,0e845920a9ca9f72
rene-cerny,Z9/35,32,"Mgr. René Černý, 1. náměstek primátorky – navrhl společně hlasovat o bodech 45) - 46).",2,0e845920a9ca9f72
rene-cerny,Z9/35,36,"Mgr. René Černý, 1. náměstek primátorky: Děkujeme, prověříme. Dále nevidím nikoho přihlášeného, zahajuji tedy hlasování: Hlasování č. 45: 43–0–5–3",0,0e845920a9ca9f72
rene-cerny,Z9/35,36,"Mgr. René Černý, 1. náměstek primátorky: Nikoho nevidím dále přihlášeného, zahajuji hlasování: Hlasování č. 46: 44–0–5–2",0,0e845920a9ca9f72
rene-cerny,Z9/35,39,"Mgr. René Černý, 1. náměstek primátorky: Já si dovolím sám za sebe takový doplněk. V hodinách ve výuce cizích jazyků se mnohdy objevují vedle pravidelného učitele angličtiny, který je zaměstnancem školy, ještě tzv. rodilí mluvčí, kteří k tomu přistupují. Myslím, že to je dobře, protože samozřejmě ta výuka cizího jazyka, doplněná o rodilého mluvčího, je skvělá. Dovolím si toto přirovnání, s hodinami tělesné výchovy.",0,0e845920a9ca9f72
rene-cerny,Z9/35,40,"Mgr. René Černý, 1. náměstek primátorky: Můžeme dodat, samozřejmě písemně. Děkuji.",0,0e845920a9ca9f72
rene-cerny,Z9/35,40,"Mgr. René Černý, 1. náměstek primátorky: Nikoho nevidím dále přihlášeného, zahajuji hlasování: Hlasování č. 51: 44–0–4–3",0,0e845920a9ca9f72
rene-cerny,Z9/35,41,"Mgr. René Černý, 1. náměstek primátorky-navrhl společně hlasovat o bodech 59) - 62).",2,0e845920a9ca9f72
rene-cerny,Z9/35,43,"Mgr. René Černý, 1. náměstek primátorky: Tak, já si myslím, že odpověď tady nějaká zazněla, děkuji. Nikoho nevidím dále přihlášeného, zahajuji hlasování: Hlasování č. 57: 42–0–5–4",0,0e845920a9ca9f72
rene-cerny,Z9/35,44,"Mgr. René Černý, 1. náměstek primátorky-navrhl společně hlasovat o bodech 67) - 68)",2,0e845920a9ca9f72
rene-cerny,Z9/35,45,"Mgr. René Černý, 1. náměstek primátorky: Takže je to v pořádku, děkujeme. Nikoho nevidím dále přihlášeného, zahajuji hlasování: Hlasování č. 59: 41–0–3–6",0,0e845920a9ca9f72
rene-cerny,Z9/35,47,"Mgr. René Černý, 1. náměstek primátorky: Navrhuji nejdříve hlasovat v bodě číslo 73): v návrhu usnesení o bodu číslo 1, to znamená, že Zastupitelstvo města Brna bere na vědomí a teprve potom o novém návrhu. Hlasujeme tedy, že bereme na vědomí protokol z otevření doručených obálek obsahujících cenové nabídky na prodej pozemku a tak dále. Zahajuji hlasování: Hlasování č. 62: 45–0–1–5",2,0e845920a9ca9f72
rene-cerny,Z9/35,48,"Mgr. René Černý, 1. náměstek primátorky-navrhl společně hlasovat o bodech 74) - 75).",2,0e845920a9ca9f72
rene-cerny,Z9/35,49,"Mgr. René Černý, 1. náměstek primátorky-navrhl společně hlasovat o bodech 77) - 82).",2,0e845920a9ca9f72
rene-cerny,Z9/35,50,"Mgr. René Černý, 1. náměstek primátorky-navrhl společně hlasovat o bodech 78) - 82).",2,0e845920a9ca9f72
rene-cerny,Z9/35,52,"Mgr. René Černý, 1. náměstek primátorky-navrhl společně hlasovat o bodech 83) -88).",2,0e845920a9ca9f72
rene-cerny,Z9/35,54,"Mgr. René Černý, 1. náměstek primátorky-navrhl společně hlasovat o bodech 89) - 96).",2,0e845920a9ca9f72
rene-cerny,Z9/35,59,"Mgr. René Černý, 1. náměstek primátorky-navrhl společně hlasovat o bodech 99) – 102).",2,0e845920a9ca9f72
rene-cerny,Z9/35,60,"Mgr. René Černý, 1. náměstek primátorky: Nikoho nevidím přihlášeného, zahajuji hlasování:",0,0e845920a9ca9f72
rene-cerny,Z9/35,64,"Mgr. René Černý, 1. náměstek primátorky-navrhl společně hlasovat o bodech 105) – 107).",2,0e845920a9ca9f72
rene-cerny,Z9/35,66,"Mgr. René Černý, 1. náměstek primátorky: Tady chci upozornit, že u bodu 1 hlasujeme variantu A a u bodu 2 variantu B.",0,0e845920a9ca9f72
rene-cerny,Z9/35,66,"Mgr. René Černý, 1. náměstek primátorky: Já si jenom, než k tomu odpoví někdo jiný, dovolím na to zareagovat. Já tam jezdím poměrně často, a to teda nejenom autem, ale i třeba na motorce, ta situace je tam v současnosti naprosto šílená dopravně, řidičsky šílená, nebezpečná. A já se domnívám, že navíc se nejedná o žádné napřímení, které by způsobilo zrychlení průjezdu, navíc máme pravidla silničního provozu, protože pokud si dobře pamatuji, možná mě pan kolega Bořecký opraví, tam křížení zůstane a bude tam křížení tramvajové trati, tramvajová trať se nebude dát zvednout ani nahoru, ani pod, ani dát pod zem, takže ke křížení tam stejně dojde. Ale to, co je tam teď, kolegové, kolegyně, kolegové, nezlobte se na mě, ale to je šílenost, to je dopravní šílenost, kterou tam máme několik let, a pojďme s tím něco zkusit udělat. Děkuji.",0,0e845920a9ca9f72
rene-cerny,Z9/35,69,"Mgr. René Černý, 1. náměstek primátorky: Tak, já se dívám, jestli tady, ale on se hlásí pan radní Kratochvíl, takže bude chtít odpovědět, hnedka mu dám slovo, prosím.",0,0e845920a9ca9f72
rene-cerny,Z9/35,69,"Mgr. René Černý, 1. náměstek primátorky: Tak, to si myslím, že je jasná odpověď.",0,0e845920a9ca9f72
rene-cerny,Z9/35,69,"Mgr. René Černý, 1. náměstek primátorky: Ano, bude vám odpovězeno. Takže děkuji.",0,0e845920a9ca9f72
rene-cerny,Z9/35,70,"Mgr. René Černý, 1. náměstek primátorky: Dobře, děkujeme za pozvání.",0,0e845920a9ca9f72
rene-cerny,Z9/35,71,"Mgr. René Černý, 1. náměstek primátorky: Ano, je to tak. Potvrzuji slova pana zastupitele. Bude to i součástí toho, bude i prezentace celého toho území a prezentace od společnosti CTP o tom vlastně, co tam, co tam plánuje. Tak. Takže jste všichni zastupitelé vítáni, kdo se o to zajímáte. Nikoho dalšího přihlášeného nevidím, takže já vám děkuji za dnešní účast a s některými z vás se určitě uvidíme ve 12 hodin.",0,0e845920a9ca9f72
rene-cerny,Z9/35,71,"Mgr. René Černý, 1. náměstek primátorky, ukončil zasedání Zastupitelstva města Brna (v 11:20 hod.).",0,0e845920a9ca9f72
rene-cerny,Z9/36,40,"Mgr. René Černý, 1. náměstek primátorky: Dobrý den všem, skutečně rychle. Pane kolego Kmente, já se domnívám, že už nenajdeme, bohužel nenajdeme nic nového v tom vysvětlování tady. A zkusili jsme si to tady všichni říct, hovořil tady odhadce, hovořil tady zástupce advokátní kanceláře, neustálým opakováním asi nic nevyřešíme. Jedna věc je jasná, my chceme všichni, a já věřím, že všichni zastupitelé, nejenom vedení města Brna, co možná nejrychlejší, ale zároveň nejbezpečnější cestou dojít k tomu, abychom Zbrojovce mohli prodat v koncesním řízení, pochopitelně, pozemky, které jsou určené pro výstavbu stadionu. To tady zaznělo taky tisíckrát. Já k tomu chci ještě dodat jednu věc. Kdyby situace byla tak vážná, a kdyby, ona je vážná, ale kdyby snad vedení města Brna, a možná, že si to i někteří fanoušci podle toho, co jsem četl, některé komentáře, i když se to dělat nemá, ale četl jsem je, i když si to možná někteří fanoušci myslí, i kdyby vedení města chtělo postupovat nějak jinak, než já teďka tady deklaruju, než tady deklarovali moji kolegové, to znamená tou nejrychlejší cestou, tak by tady určitě byli zástupci Zbrojovky, byl by tady pan xxxxx, byl by tady někdo ze Zbrojovky, byli by tady jejich právní zástupci. Ne, my jako vedení města a paní primátorka to řekla jasně, informujeme, a já to nechci vůbec nazývat protistranou, to žádná protistrana není. To je náš partner, Zbrojovka je partner při tom koncesním řízení. Tak my je informujeme o všech záležitostech, o všech nově se vyskytnutých, bohužel úskalích, které chceme co nejrychleji překonat. A za sebe znovu říkám, řekla to tady paní primátorka, tak já to řeknu ještě za sebe, kdyby jakákoliv instituce nám teďka garantovala, že když to prodáme za korunu zítra, že to bude všechno v pořádku, tak to uděláme a já pro to budu hlasovat. Bohužel není tomu tak a může se dokonce stát, nebo je tady i otázka, jestli pro Evropskou komisi by to nebyla nedovolená podpora. Děkuju.",0,597f2a8effabe498
rene-cerny,Z9/36,76,"Mgr. René Černý, 1. náměstek primátorky: Já jenom z čiré zvědavosti bych se chtěl pana kolegy Zemka zeptat, když říká, že ta hala je velká a příliš riziková, jak by měla být podle něho velká a jak by měla vypadat, aby nebyla riziková? A v čem je riziková?",0,597f2a8effabe498
rene-cerny,Z9/36,99,"Mgr. René Černý, 1. náměstek primátorky: Tak pardon, pardon, já si dovolím zastoupit paní primátorku. Jsem rád, že jste přistoupila k mikrofonu, paní Kolková, ale já se s dovolením ještě zeptám Tomáše Pivce a bude to taková odpověď panu zastupiteli Kmentovi, jestli by nám mohl říct, jaké investice samotného města Brna vlastně ochrání ty a ochraňují už ty stávající i ty budoucí protipovodňová opatření? Ono teda mimochodem, já si sám za sebe dovolím říct, že jestli pořád budeme chtít, aby byl přeložen železniční uzel, tak to budeme potřebovat ty protipovodňová opatření, a to nebudou stavět developeři, pane zastupiteli Kmente. Přesun nebo nové nádraží, to budeme taky potřebovat",0,597f2a8effabe498
rene-cerny,Z9/36,142,JUDr. Markéta Vaňková v. r. Mgr. René Černý v. r. primátorka 1. náměstek primátorky,0,597f2a8effabe498
