hlasovani_id,zasedani,datum,osoba_id,jmeno_v_protokolu,klub_v_protokolu,volba,volba_original,zdroj_id,pouzitelne_pro_statistiky,omezeni_protokolu,predmet,url
Z9-27-002,Z9/27,2025-06-10,sabina-benesova,Sabina Benešová,ANO 2011,Ano,Ano,0f39fcafe402d939,ano,,"1. Technický bod (zapisovatelé, právní asistence, ověřovatelé zápisu, schválení programu zasedání ZMB) - ověřovatelé zápisu",https://apl.brno.cz/protokoly-zmb/zmb-z9-27/20250610-2-33198.html
Z9-27-003,Z9/27,2025-06-10,sabina-benesova,Sabina Benešová,ANO 2011,Ano,Ano,5b599b52a9dd137e,ano,,"1. Technický bod (zapisovatelé, právní asistence, ověřovatelé zápisu, schválení programu zasedání ZMB) - program - hlasování o stažení bodu č. 4, 105 a 118",https://apl.brno.cz/protokoly-zmb/zmb-z9-27/20250610-3-33421.html
Z9-27-004,Z9/27,2025-06-10,sabina-benesova,Sabina Benešová,ANO 2011,Ano,Ano,64827f8af17da4bd,ano,,"1. Technický bod (zapisovatelé, právní asistence, ověřovatelé zápisu, schválení programu zasedání ZMB) - program - hlasování o zařazení bodu č. 168, 169, 170, 171, 172, 173, 174 a 175",https://apl.brno.cz/protokoly-zmb/zmb-z9-27/20250610-4-33440.html
Z9-27-005,Z9/27,2025-06-10,sabina-benesova,Sabina Benešová,ANO 2011,Ano,Ano,4b0c8cddf52f87dd,ano,,"1. Technický bod (zapisovatelé, právní asistence, ověřovatelé zápisu, schválení programu zasedání ZMB) - program",https://apl.brno.cz/protokoly-zmb/zmb-z9-27/20250610-5-33465.html
Z9-27-006,Z9/27,2025-06-10,sabina-benesova,Sabina Benešová,ANO 2011,Ano,Ano,ced597d7ce053380,ano,,5. Návrh na pověření člena Zastupitelstva města Brna k předávání podnětů na změny územně plánovací dokumentace pořizovateli,https://apl.brno.cz/protokoly-zmb/zmb-z9-27/20250610-6-33509.html
Z9-27-007,Z9/27,2025-06-10,sabina-benesova,Sabina Benešová,ANO 2011,Ano,Ano,33487df89f11e85c,ano,,"6. Návrh na delegování dalšího zástupce statutárního města Brna na všech valných shromážděních Sdružení energetických manažerů měst a obcí, z. s.",https://apl.brno.cz/protokoly-zmb/zmb-z9-27/20250610-7-33537.html
Z9-27-008,Z9/27,2025-06-10,sabina-benesova,Sabina Benešová,ANO 2011,Ano,Ano,ce17c72829e9c32f,ano,,"7. Návrh na pojmenování nových náměstí a ulic, návrh na pojmenování prodloužení stávající ulice a návrh na pojmenování nábřeží, vše na území města Brna",https://apl.brno.cz/protokoly-zmb/zmb-z9-27/20250610-8-33572.html
Z9-27-009,Z9/27,2025-06-10,sabina-benesova,Sabina Benešová,ANO 2011,Ano,Ano,31eb9503d8df9fe6,ano,,"8. Návrh obecně závazné vyhlášky statutárního města Brna, kterou se mění obecně závazná vyhláška statutárního města Brna č. 20/2001, kterou se vydává Statut města Brna, ve znění pozdějších vyhlášek",https://apl.brno.cz/protokoly-zmb/zmb-z9-27/20250610-9-33973.html
Z9-27-010,Z9/27,2025-06-10,sabina-benesova,Sabina Benešová,ANO 2011,Ano,Ano,521b70951e659854,ano,,"9. Návrh obecně závazné vyhlášky statutárního města Brna, kterou se mění obecně závazná vyhláška statutárního města Brna č. 11/2017, o nočním klidu, ve znění pozdějších vyhlášek",https://apl.brno.cz/protokoly-zmb/zmb-z9-27/20250610-10-34004.html
Z9-27-012,Z9/27,2025-06-10,sabina-benesova,Sabina Benešová,ANO 2011,Ano,Ano,d238d980eee57e80,ano,,"10. Návrh obecně závazné vyhlášky statutárního města Brna, kterou se mění obecně závazná vyhláška statutárního města Brna č. 20/2020, o zákazu požívání alkoholických nápojů na veřejných prostranstvích, ve znění pozdějších vyhlášek",https://apl.brno.cz/protokoly-zmb/zmb-z9-27/20250610-12-34074.html
Z9-27-013,Z9/27,2025-06-10,sabina-benesova,Sabina Benešová,ANO 2011,Ano,Ano,b02afcad2781b9b6,ano,,"11. Návrh Dodatku č. 1 ke zřizovací listině Zoo Brno a stanice zájmových činností, příspěvkové organizace",https://apl.brno.cz/protokoly-zmb/zmb-z9-27/20250610-13-34106.html
Z9-27-014,Z9/27,2025-06-10,sabina-benesova,Sabina Benešová,ANO 2011,Ano,Ano,daeb76ed2ac63879,ano,,"12. Návrh Dodatku č. 2 ke zřizovací listině Veřejné zeleně města Brna, příspěvkové organizace",https://apl.brno.cz/protokoly-zmb/zmb-z9-27/20250610-14-34134.html
Z9-27-015,Z9/27,2025-06-10,sabina-benesova,Sabina Benešová,ANO 2011,Ano,Ano,79df5688ef2b555a,ano,,"13. Návrh Dodatku č. 2 ke Zřizovací listině Sdružení zdravotnických zařízení II Brno, příspěvková organizace",https://apl.brno.cz/protokoly-zmb/zmb-z9-27/20250610-15-34168.html
Z9-27-016,Z9/27,2025-06-10,sabina-benesova,Sabina Benešová,ANO 2011,Ano,Ano,2787777a211c064c,ano,,14. Návrh na sloučení příspěvkové organizace Domov pro seniory Nopova do příspěvkové organizace Domov pro seniory Věstonická,https://apl.brno.cz/protokoly-zmb/zmb-z9-27/20250610-16-35392.html
Z9-27-017,Z9/27,2025-06-10,sabina-benesova,Sabina Benešová,ANO 2011,Ano,Ano,62cebdccfe51248f,ano,,15. Návrh Akčního plánu na období 2025-2027 Plánu sociálního začleňování statutárního města Brna 2022-2027,https://apl.brno.cz/protokoly-zmb/zmb-z9-27/20250610-17-35429.html
Z9-27-018,Z9/27,2025-06-10,sabina-benesova,Sabina Benešová,ANO 2011,Ano,Ano,78afc7ef48bdc844,ano,,16. Návrh aktualizace Informační strategie města Brna na období 2025 – 2029,https://apl.brno.cz/protokoly-zmb/zmb-z9-27/20250610-18-35650.html
Z9-27-020,Z9/27,2025-06-10,sabina-benesova,Sabina Benešová,ANO 2011,Ano,Ano,015697bc7a611044,ano,,18. Návrh změny Pravidel pronájmu bytů v domech v majetku statutárního města Brna a jejich Přílohy č. 2 Statut startovacího bytu,https://apl.brno.cz/protokoly-zmb/zmb-z9-27/20250610-20-35708.html
Z9-27-019,Z9/27,2025-06-10,sabina-benesova,Sabina Benešová,ANO 2011,Ano,Ano,a1620c5a195384f8,ano,,17. Návrh změny statutu Fondu mobility,https://apl.brno.cz/protokoly-zmb/zmb-z9-27/20250610-19-35679.html
Z9-27-021,Z9/27,2025-06-10,sabina-benesova,Sabina Benešová,ANO 2011,Ano,Ano,db0e24cb2c483c9e,ano,,"19. Žádost o souhlas se změnou dramaturgického plánu celoroční činnosti ""Kulturní mozaika pro Brno"" - Jihomoravské dobrovolnické centrum z. s.",https://apl.brno.cz/protokoly-zmb/zmb-z9-27/20250610-21-35736.html
Z9-27-022,Z9/27,2025-06-10,sabina-benesova,Sabina Benešová,ANO 2011,Ano,Ano,d6fc27f290c98a27,ano,,"20. Návrh Dodatku č. 3 k Memorandu o spolupráci mezi Fotbalovou asociací České republiky, Jihomoravským krajem a statutárním městem Brnem na činnost Fotbalové akademie Jihomoravského kraje",https://apl.brno.cz/protokoly-zmb/zmb-z9-27/20250610-22-35769.html
Z9-27-023,Z9/27,2025-06-10,sabina-benesova,Sabina Benešová,ANO 2011,Ano,Ano,883c6b0d36de9c69,ano,,21. Návrh dohody o ukončení spolupráce v rámci Koordinovaného přístupu k sociálnímu vyloučení 2021+ a návrh Dohody o poskytnutí poradenství od Agentury pro sociální začleňování,https://apl.brno.cz/protokoly-zmb/zmb-z9-27/20250610-23-35808.html
Z9-27-024,Z9/27,2025-06-10,sabina-benesova,Sabina Benešová,ANO 2011,Ano,Ano,9ec2dd85298062d5,ano,,22. Finanční hospodaření dobrovolného svazku obcí České dědictví UNESCO za rok 2024 a návrh na aktualizaci stanov,https://apl.brno.cz/protokoly-zmb/zmb-z9-27/20250610-24-35840.html
Z9-27-025,Z9/27,2025-06-10,sabina-benesova,Sabina Benešová,ANO 2011,Ano,Ano,c4ecc32e50d26fb4,ano,,"23. Návrh závěrečného účtu statutárního města Brna za rok 2024, návrh účetní závěrky statutárního města Brna za rok 2024",https://apl.brno.cz/protokoly-zmb/zmb-z9-27/20250610-25-35873.html
Z9-27-026,Z9/27,2025-06-10,sabina-benesova,Sabina Benešová,ANO 2011,Ano,Ano,f9682dbda6bca41f,ano,,24. Návrh střednědobého výhledu rozpočtu statutárního města Brna na období 2026-2030,https://apl.brno.cz/protokoly-zmb/zmb-z9-27/20250610-26-35904.html
Z9-27-028,Z9/27,2025-06-10,sabina-benesova,Sabina Benešová,ANO 2011,Ano,Ano,6e18acb8b81055c5,ano,,26. Výsledky hospodaření statutárního města Brna za I. čtvrtletí roku 2025,https://apl.brno.cz/protokoly-zmb/zmb-z9-27/20250610-28-35974.html
Z9-27-027,Z9/27,2025-06-10,sabina-benesova,Sabina Benešová,ANO 2011,Ano,Ano,52d22d2096cb90bd,ano,,"25. Návrh harmonogramu přípravy návrhu rozpočtu statutárního města Brna na rok 2026, návrh rozsahu a struktury návrhu střednědobého výhledu rozpočtu statutárního města Brna na období 2027-2031",https://apl.brno.cz/protokoly-zmb/zmb-z9-27/20250610-27-35944.html
Z9-27-029,Z9/27,2025-06-10,sabina-benesova,Sabina Benešová,ANO 2011,Ano,Ano,3b5eed2faf50eea3,ano,,"27. Návrh změn rozpočtů účelových fondů a veřejných sbírek města Brna, návrh rozpočtových opatření v souvislosti s finančním vypořádáním rozpočtu města Brna za rok 2024",https://apl.brno.cz/protokoly-zmb/zmb-z9-27/20250610-29-36006.html
Z9-27-030,Z9/27,2025-06-10,sabina-benesova,Sabina Benešová,ANO 2011,Ano,Ano,8a621366b7bdeb00,ano,,28. Návrh smlouvy o financování mezi Evropskou investiční bankou a statutárním městem Brnem a návrh rozpočtového opatření,https://apl.brno.cz/protokoly-zmb/zmb-z9-27/20250610-30-36038.html
Z9-27-032,Z9/27,2025-06-10,sabina-benesova,Sabina Benešová,ANO 2011,Ano,Ano,d6ef088381cadade,ano,,30. Návrh na odpis nákladů zmařených projektových dokumentací z účtu nedokončených investic,https://apl.brno.cz/protokoly-zmb/zmb-z9-27/20250610-32-36109.html
Z9-27-031,Z9/27,2025-06-10,sabina-benesova,Sabina Benešová,ANO 2011,Ano,Ano,4303e7532c0f6d8f,ano,,"29. Návrh dodatku č. 1 ke smlouvě o úvěru uzavřené mezi společností ARENA BRNO, a. s., a Česká spořitelna, a. s. – návrh souhlasu s uzavřením dodatku",https://apl.brno.cz/protokoly-zmb/zmb-z9-27/20250610-31-36071.html
Z9-27-033,Z9/27,2025-06-10,sabina-benesova,Sabina Benešová,ANO 2011,Ano,Ano,25e9c2d6edcf0ec2,ano,,31. Návrh na použití zdrojů Fondu mobility – návrh rozpočtového opatření,https://apl.brno.cz/protokoly-zmb/zmb-z9-27/20250610-33-36658.html
Z9-27-034,Z9/27,2025-06-10,sabina-benesova,Sabina Benešová,ANO 2011,Ano,Ano,27cc1458de6c5830,ano,,"32. Nadlimitní veřejná zakázka „Výstavba DPS, MŠ, TI v lokalitě Tuřany – Holásky“ – návrh rozpočtového opatření",https://apl.brno.cz/protokoly-zmb/zmb-z9-27/20250610-34-36689.html
Z9-27-035,Z9/27,2025-06-10,sabina-benesova,Sabina Benešová,ANO 2011,Ano,Ano,3a451f3323ee540d,ano,,33. Návrh rozpočtového opatření – nákup analyzátorů prachových částic do stanic imisního monitoringu města Brna,https://apl.brno.cz/protokoly-zmb/zmb-z9-27/20250610-35-36887.html
Z9-27-036,Z9/27,2025-06-10,sabina-benesova,Sabina Benešová,ANO 2011,Ano,Ano,0413224db3128f34,ano,,34. Návrh rozpočtového opatření v souvislosti s financováním projektů participativního rozpočtu,https://apl.brno.cz/protokoly-zmb/zmb-z9-27/20250610-36-36922.html
Z9-27-037,Z9/27,2025-06-10,sabina-benesova,Sabina Benešová,ANO 2011,Ano,Ano,8b58a88a23a7e820,ano,,"35. Aktualizace rozpočtu akcí zajišťovaných společností Brněnské vodárny a kanalizace, a. s.– červen 2025 – návrh dodatku č. 103 k mandátní smlouvě č. 56019271 – návrh rozpočtového opatření",https://apl.brno.cz/protokoly-zmb/zmb-z9-27/20250610-37-36957.html
Z9-27-038,Z9/27,2025-06-10,sabina-benesova,Sabina Benešová,ANO 2011,Ano,Ano,0cb973014ad7f72a,ano,,36. Aktualizace rozpočtu Odboru investičního MMB – červen 2025 – návrh rozpočtového opatření,https://apl.brno.cz/protokoly-zmb/zmb-z9-27/20250610-38-36989.html
Z9-27-039,Z9/27,2025-06-10,sabina-benesova,Sabina Benešová,ANO 2011,Ano,Ano,960777e55b035fa1,ano,,37. Návrh rozpočtového opatření v rozpočtu Odboru strategického rozvoje a spolupráce MMB,https://apl.brno.cz/protokoly-zmb/zmb-z9-27/20250610-39-37022.html
Z9-27-041,Z9/27,2025-06-10,sabina-benesova,Sabina Benešová,ANO 2011,Ano,Ano,c568e0a518c281a1,ano,,"39. Přesun běžných a kapitálových výdajů v rámci rozpočtu Odboru správy majetku MMB, návrh rozpočtového opatření",https://apl.brno.cz/protokoly-zmb/zmb-z9-27/20250610-41-37090.html
Z9-27-040,Z9/27,2025-06-10,sabina-benesova,Sabina Benešová,ANO 2011,Ano,Ano,35bbf8c7b1ef70b8,ano,,38. Návrh rozpočtového opatření – přesun běžných a kapitálových výdajů rozpočtu 4. úseku MMB v souvislosti s pořízením licencí pro zvýšení bezpečnosti stanic v rámci infrastruktury MMB,https://apl.brno.cz/protokoly-zmb/zmb-z9-27/20250610-40-37059.html
Z9-27-042,Z9/27,2025-06-10,sabina-benesova,Sabina Benešová,ANO 2011,Ano,Ano,01ef0a9ed978f814,ano,,"40. Zapojení Fondu rezerv a rozvoje na krytí běžných výdajů, aktualizace rozpočtu běžných a kapitálových výdajů Odboru dopravy MMB – červen 2025 – návrh rozpočtového opatření",https://apl.brno.cz/protokoly-zmb/zmb-z9-27/20250610-42-37127.html
Z9-27-043,Z9/27,2025-06-10,sabina-benesova,Sabina Benešová,ANO 2011,Ano,Ano,98191218385ad560,ano,,41. Zapojení Fondu rezerv a rozvoje k financování běžných výdajů Odboru vnitřních věcí MMB – návrh rozpočtového opatření,https://apl.brno.cz/protokoly-zmb/zmb-z9-27/20250610-43-37159.html
Z9-27-044,Z9/27,2025-06-10,sabina-benesova,Sabina Benešová,ANO 2011,Ano,Ano,4da8c086a2f9bbbc,ano,,42. Zapojení Fondu rezerv a rozvoje v souvislosti s poskytnutím neinvestičního transferu městské části Brno-Kohoutovice – návrh rozpočtového opatření,https://apl.brno.cz/protokoly-zmb/zmb-z9-27/20250610-44-37191.html
Z9-27-045,Z9/27,2025-06-10,sabina-benesova,Sabina Benešová,ANO 2011,Ano,Ano,35774a9cab4a652a,ano,,43. Zapojení Fondu rezerv a rozvoje v souvislosti s pomocí dětem ukrajinských uprchlíků v mateřských a základních školách zřizovaných statutárním městem Brnem a jeho městskými částmi – návrh rozpočtového opatření,https://apl.brno.cz/protokoly-zmb/zmb-z9-27/20250610-45-37227.html
Z9-27-046,Z9/27,2025-06-10,sabina-benesova,Sabina Benešová,ANO 2011,Ano,Ano,173adec56e7adb22,ano,,44. Zapojení Fondu rezerv a rozvoje v souvislosti s poskytnutím individuální investiční dotace Tělocvičné jednotě Sokol Brno-Žabovřesky na projekt „Rekonstrukce sauny Rosnička Brno“ – návrh rozpočtového opatření - ve znění doplňku,https://apl.brno.cz/protokoly-zmb/zmb-z9-27/20250610-46-37314.html
Z9-27-047,Z9/27,2025-06-10,sabina-benesova,Sabina Benešová,ANO 2011,Ano,Ano,839c67ad9e1f440c,ano,,"45. Zapojení Fondu rezerv a rozvoje v souvislosti s poskytnutím individuální dotace z rozpočtu města Brna v roce 2025 Nadačnímu fondu Arnošta Lustiga na realizaci projektu ""FestivAL100 v Brně"" - návrh rozpočtového opatření",https://apl.brno.cz/protokoly-zmb/zmb-z9-27/20250610-47-37351.html
Z9-27-048,Z9/27,2025-06-10,sabina-benesova,Sabina Benešová,ANO 2011,Ano,Ano,61f503e3c9d9b69a,ano,,46. Zapojení Fondu rezerv a rozvoje k financování běžných výdajů Kanceláře marketingu a cestovního ruchu MMB – návrh rozpočtového opatření,https://apl.brno.cz/protokoly-zmb/zmb-z9-27/20250610-48-37388.html
Z9-27-049,Z9/27,2025-06-10,sabina-benesova,Sabina Benešová,ANO 2011,Ano,Ano,9a568f14c8040b42,ano,,"47. Zapojení Fondu rezerv a rozvoje v souvislosti s poskytnutím investičního příspěvku Veřejné zeleni města Brna, příspěvkové organizaci – návrh rozpočtového opatření",https://apl.brno.cz/protokoly-zmb/zmb-z9-27/20250610-49-37423.html
Z9-27-051,Z9/27,2025-06-10,sabina-benesova,Sabina Benešová,ANO 2011,Ano,Ano,3eb9d14608ab7e58,ano,,"48. Zapojení Fondu rezerv a rozvoje v souvislosti s návrhem na poskytnutí individuální neinvestiční dotace společnosti Společně, o.p.s. na podporu akce MENDEL FESTIVAL 2025 – návrh rozpočtového opatření",https://apl.brno.cz/protokoly-zmb/zmb-z9-27/20250610-51-37517.html
Z9-27-052,Z9/27,2025-06-10,sabina-benesova,Sabina Benešová,ANO 2011,Ano,Ano,f38a6e5c475bfc5b,ano,,"49. Návrh na poskytnutí investičního transferu městské části Brno-Královo Pole na vybudování akumulační nádrže u budovy MŠ Vackova 70, návrh rozpočtového opatření",https://apl.brno.cz/protokoly-zmb/zmb-z9-27/20250610-52-37697.html
Z9-27-053,Z9/27,2025-06-10,sabina-benesova,Sabina Benešová,ANO 2011,Ano,Ano,569cd6a38d4eafe2,ano,,"50. Návrh na poskytnutí neinvestičního transferu městské části Brno-Židenice, návrh rozpočtového opatření",https://apl.brno.cz/protokoly-zmb/zmb-z9-27/20250610-53-37730.html
Z9-27-054,Z9/27,2025-06-10,sabina-benesova,Sabina Benešová,ANO 2011,Ano,Ano,b5ee04aca7bb53dc,ano,,"51. Návrh na poskytnutí neinvestičních příspěvků příspěvkovým organizacím na realizaci projektu ""Participace ve školách"" - návrh rozpočtového opatření",https://apl.brno.cz/protokoly-zmb/zmb-z9-27/20250610-54-37765.html
Z9-27-055,Z9/27,2025-06-10,sabina-benesova,Sabina Benešová,ANO 2011,Ano,Ano,a96fde82ab29a063,ano,,52. Návrh na poskytnutí neinvestičních dotací na podporu handicapovaných sportovců pro rok 2025,https://apl.brno.cz/protokoly-zmb/zmb-z9-27/20250610-55-37799.html
Z9-27-056,Z9/27,2025-06-10,sabina-benesova,Sabina Benešová,ANO 2011,Ano,Ano,35123271be281f7d,ano,,53. Návrh na poskytnutí neinvestičních dotací na podporu významných sportovních akcí konaných ve městě Brně v roce 2025 – návrh rozpočtového opatření,https://apl.brno.cz/protokoly-zmb/zmb-z9-27/20250610-56-37834.html
Z9-27-057,Z9/27,2025-06-10,sabina-benesova,Sabina Benešová,ANO 2011,Ano,Ano,705292d9cbf0fe0d,ano,,"54. Návrh na poskytnutí individuální investiční dotace spolku TJ TESLA BRNO z. s. na projekt „Technické zhodnocení odtoků z přelivových žlábků, rekonstrukce zaústění a modernizace nových výpustí na krytém 25m bazénu TJ TESLA BRNO z. s.""",https://apl.brno.cz/protokoly-zmb/zmb-z9-27/20250610-57-37889.html
Z9-27-058,Z9/27,2025-06-10,sabina-benesova,Sabina Benešová,ANO 2011,Ano,Ano,1466d667b2027158,ano,,55. Návrh na poskytnutí individuální neinvestiční dotace Českému volejbalovému svazu na mezinárodní sportovní akci CEV GoldenEuropeanLeagueFinalFour 2025 – návrh rozpočtového opatření,https://apl.brno.cz/protokoly-zmb/zmb-z9-27/20250610-58-37933.html
Z9-27-059,Z9/27,2025-06-10,sabina-benesova,Sabina Benešová,ANO 2011,Ano,Ano,504fdfc74cb72e48,ano,,56. Návrh na poskytnutí individuální neinvestiční dotace TS BEAT UP z. s. na mezinárodní akci tanečního sportu SDK WORLD CUP 2025 – návrh rozpočtového opatření,https://apl.brno.cz/protokoly-zmb/zmb-z9-27/20250610-59-37970.html
Z9-27-061,Z9/27,2025-06-10,sabina-benesova,Sabina Benešová,ANO 2011,Ne,Ne,9baaf5e951c8e2fe,ano,,"58. Návrh na poskytnutí individuálních neinvestičních dotací z rozpočtu města Brna v letech 2026 –2029 ústavu Divadlo Bolka Polívky, z. ú., a společnosti DBP, s. r. o.",https://apl.brno.cz/protokoly-zmb/zmb-z9-27/20250610-61-38157.html
Z9-27-060,Z9/27,2025-06-10,sabina-benesova,Sabina Benešová,ANO 2011,Ano,Ano,dc7a5741f8c30a91,ano,,"57. Návrh na poskytnutí individuální neinvestiční dotace z rozpočtu města Brna v letech 2026-2029 pro Český filharmonický sbor Brno, o. p. s., na ""Koncertní činnost""",https://apl.brno.cz/protokoly-zmb/zmb-z9-27/20250610-60-38005.html
Z9-27-062,Z9/27,2025-06-10,sabina-benesova,Sabina Benešová,ANO 2011,Ano,Ano,bb71a2ae014216a5,ano,,"59. Návrh na poskytnutí individuální neinvestiční dotace z rozpočtu města Brna v letech 2026-2029 pro Janáčkovu akademii múzických umění na projekt ""Mezinárodní festival divadelních škol SETKÁNÍ/ENCOUNTER 2026-2029""",https://apl.brno.cz/protokoly-zmb/zmb-z9-27/20250610-62-38200.html
Z9-27-063,Z9/27,2025-06-10,sabina-benesova,Sabina Benešová,ANO 2011,Ano,Ano,b1c2eea30173d02e,ano,,"60. Návrh na poskytnutí individuální neinvestiční dotace z rozpočtu města Brna na rok 2025 organizaci Jihomoravské dobrovolnické centrum z. s., návrh rozpočtového opatření",https://apl.brno.cz/protokoly-zmb/zmb-z9-27/20250610-63-38235.html
Z9-27-064,Z9/27,2025-06-10,sabina-benesova,Sabina Benešová,ANO 2011,Ano,Ano,9e0472defccf388d,ano,,61. Návrh na poskytnutí individuální neinvestiční dotace na projekt Napoleon v Brně,https://apl.brno.cz/protokoly-zmb/zmb-z9-27/20250610-64-38268.html
Z9-27-065,Z9/27,2025-06-10,sabina-benesova,Sabina Benešová,ANO 2011,Ano,Ano,bff321480567414e,ano,,62. Návrh na poskytnutí individuální investiční dotace na rekonstrukci šachty Š15 z rozpočtu města Brna – návrh rozpočtového opatření,https://apl.brno.cz/protokoly-zmb/zmb-z9-27/20250610-65-38299.html
Z9-27-066,Z9/27,2025-06-10,sabina-benesova,Sabina Benešová,ANO 2011,Ano,Ano,19c5ca592a116133,ano,,"63. Návrh na poskytnutí individuální neinvestiční dotace spolku Akátky z. s. na projekt ""Zabydlování osob v bytové nouzi 2025"" - návrh rozpočtového opatření",https://apl.brno.cz/protokoly-zmb/zmb-z9-27/20250610-66-38534.html
Z9-27-067,Z9/27,2025-06-10,sabina-benesova,Sabina Benešová,ANO 2011,Ano,Ano,5bff5740a3f02bb5,ano,,"64. Návrh na poskytnutí neinvestičního a investičního příspěvku Centru sociálních služeb, příspěvkové organizaci – návrh rozpočtového opatření",https://apl.brno.cz/protokoly-zmb/zmb-z9-27/20250610-67-38564.html
Z9-27-068,Z9/27,2025-06-10,sabina-benesova,Sabina Benešová,ANO 2011,Ano,Ano,d407074ddd01c879,ano,,"65. Kancelář architekta města Brna, příspěvková organizace – návrh na změnu účelu využití části účelového investičního příspěvku, návrh rozpočtového opatření",https://apl.brno.cz/protokoly-zmb/zmb-z9-27/20250610-68-38599.html
Z9-27-069,Z9/27,2025-06-10,sabina-benesova,Sabina Benešová,ANO 2011,Ano,Ano,245ccd50bc65d89b,ano,,"66. Návrh smlouvy o poskytnutí individuální neinvestiční dotace z rozpočtu města Brna v letech 2026-2029 pro ÚSTAV K 2001, z. ú., na realizaci projektu ""Rytíři Nebes""",https://apl.brno.cz/protokoly-zmb/zmb-z9-27/20250610-69-38635.html
Z9-27-071,Z9/27,2025-06-10,sabina-benesova,Sabina Benešová,ANO 2011,Ano,Ano,c1affa98faa3853a,ano,,"67. Návrh smlouvy o poskytnutí individuální neinvestiční dotace organizaci JCMM, z. s. p. o., na projekt ""Brno Ph.D. Talent, Výzva 2025""",https://apl.brno.cz/protokoly-zmb/zmb-z9-27/20250610-71-38715.html
Z9-27-073,Z9/27,2025-06-10,sabina-benesova,Sabina Benešová,ANO 2011,Ano,Ano,8cdf4eae1c1d5147,ano,,"69. Žádost o uzavření dohody o splátkách dluhu za užívání nebytových prostor v budově Mendlovo náměstí 11, k. ú. Staré Brno - var. A",https://apl.brno.cz/protokoly-zmb/zmb-z9-27/20250610-73-38784.html
Z9-27-072,Z9/27,2025-06-10,sabina-benesova,Sabina Benešová,ANO 2011,Ano,Ano,88d1b9e217743fd1,ano,,68. Návrh Smlouvy o poskytnutí investičního příspěvku „ADAPTACE PRŮMYSLOVÉHO OBJEKTU Č.76“,https://apl.brno.cz/protokoly-zmb/zmb-z9-27/20250610-72-38745.html
Z9-27-074,Z9/27,2025-06-10,sabina-benesova,Sabina Benešová,ANO 2011,Ano,Ano,061b55e98b382e4c,ano,,"70. Návrh Dodatku č. 6 ke Smlouvě o závazku veřejné služby a vyrovnávací platbě za jeho výkon uzavřené se STAREZ-SPORT, a. s.",https://apl.brno.cz/protokoly-zmb/zmb-z9-27/20250610-74-38815.html
Z9-27-075,Z9/27,2025-06-10,sabina-benesova,Sabina Benešová,ANO 2011,Ano,Ano,e0bf7cb73ab1808d,ano,,71. Návrh Dodatku č. 2 ke Smlouvě o poskytnutí protipovodňového zařízení uzavřené s Hasičským záchranným sborem Jihomoravského kraje,https://apl.brno.cz/protokoly-zmb/zmb-z9-27/20250610-75-38848.html
Z9-27-076,Z9/27,2025-06-10,sabina-benesova,Sabina Benešová,ANO 2011,Ano,Ano,1911501931a4584b,ano,,"72. Projekt ""Rozvoj preventivního screeningového programu kolorektálního karcinomu v Úrazové nemocnici v Brně"" - návrh pověřovacího aktu",https://apl.brno.cz/protokoly-zmb/zmb-z9-27/20250610-76-38880.html
Z9-27-079,Z9/27,2025-06-10,sabina-benesova,Sabina Benešová,ANO 2011,Ano,Ano,06a8aec8755610f8,ano,,"75. Projekt ""Bytový dům A1 KVII Brno-Nový Lískovec"" – souhlas s přijetím úvěru",https://apl.brno.cz/protokoly-zmb/zmb-z9-27/20250610-79-38988.html
Z9-27-078,Z9/27,2025-06-10,sabina-benesova,Sabina Benešová,ANO 2011,Ano,Ano,5c823fd2b76afcd0,ano,,74. Finanční prostředky Fondu kofinancování projektů – červen 2025 – návrh rozpočtových opatření,https://apl.brno.cz/protokoly-zmb/zmb-z9-27/20250610-78-38941.html
Z9-27-077,Z9/27,2025-06-10,sabina-benesova,Sabina Benešová,ANO 2011,Ano,Ano,bfbf6ac0f925adcc,ano,,73. Projekty financované z Fondu kofinancování projektů – červen 2025 – návrh rozpočtových opatření,https://apl.brno.cz/protokoly-zmb/zmb-z9-27/20250610-77-38911.html
Z9-27-080,Z9/27,2025-06-10,sabina-benesova,Sabina Benešová,ANO 2011,Ano,Ano,620d90e69250b782,ano,,"76. Projekt ""Stavební úpravy MŠ Loosova"" – rozhodnutí o poskytnutí finančních prostředků",https://apl.brno.cz/protokoly-zmb/zmb-z9-27/20250610-80-39021.html
Z9-27-081,Z9/27,2025-06-10,sabina-benesova,Sabina Benešová,ANO 2011,Ano,Ano,2455570f0e4c9620,ano,,"77. Projekt ""Rozvoj ITS v Brně, 4. etapa"" – posouzení projektu, návrh rozpočtového opatření",https://apl.brno.cz/protokoly-zmb/zmb-z9-27/20250610-81-39051.html
Z9-27-082,Z9/27,2025-06-10,sabina-benesova,Sabina Benešová,ANO 2011,Ano,Ano,a9b5e65afd6b1602,ano,,"78. Projekt ""Revitalizace bývalého hřbitova v Brně-Bystrci"" – posouzení projektu",https://apl.brno.cz/protokoly-zmb/zmb-z9-27/20250610-82-39076.html
Z9-27-083,Z9/27,2025-06-10,sabina-benesova,Sabina Benešová,ANO 2011,Ano,Ano,9ae69498ac85ebb6,ano,,"79. Projekt ""Rozvoj ITS v Brně, 5. etapa"" - posouzení projektu",https://apl.brno.cz/protokoly-zmb/zmb-z9-27/20250610-83-39104.html
Z9-27-085,Z9/27,2025-06-10,sabina-benesova,Sabina Benešová,ANO 2011,Ano,Ano,75517356d0034830,ano,,"81. Projekty ""Pořízení nového dopravního automobilu pro JSDH – pro rok 2025"" – posouzení projektů",https://apl.brno.cz/protokoly-zmb/zmb-z9-27/20250610-85-39205.html
Z9-27-088,Z9/27,2025-06-10,sabina-benesova,Sabina Benešová,ANO 2011,Ano,Ano,1b5f867567d33699,ano,,"84. Projekt ""Modernizace přístrojového vybavení urgentního příjmu v Úrazové nemocnici v Brně"" – návrh pověřovacího aktu",https://apl.brno.cz/protokoly-zmb/zmb-z9-27/20250610-88-39296.html
Z9-27-089,Z9/27,2025-06-10,sabina-benesova,Sabina Benešová,ANO 2011,Ano,Ano,15476f2511969595,ano,,"85. Návrh na prodloužení výzvy k přihlášení do projektu Družstevní bydlení pro mladé, lokalita Kamenný vrch II",https://apl.brno.cz/protokoly-zmb/zmb-z9-27/20250610-89-39326.html
Z9-27-084,Z9/27,2025-06-10,sabina-benesova,Sabina Benešová,ANO 2011,Ano,Ano,4bed3a8a449904b5,ano,,"80. Projekt ""Park Škrobárenská"" – posouzení projektu - hlasování vč. návrhu p. Chvátala",https://apl.brno.cz/protokoly-zmb/zmb-z9-27/20250610-84-39175.html
Z9-27-091,Z9/27,2025-06-10,sabina-benesova,Sabina Benešová,ANO 2011,Ano,Ano,446d1d948bc7b15e,ano,,"87. Změna právního vymezení u 54 bytových jednotek v domech Poslušného 9, 7 a 5 v k. ú. Líšeň a záměr bezúplatného převodu těchto jednotek členům Holzova, bytové družstvo",https://apl.brno.cz/protokoly-zmb/zmb-z9-27/20250610-91-39405.html
Z9-27-086,Z9/27,2025-06-10,sabina-benesova,Sabina Benešová,ANO 2011,Ano,Ano,8f0c4387abedb3a9,ano,,82. Projekt „Local food Network Strategy (URBACT)“ – účast na projektu,https://apl.brno.cz/protokoly-zmb/zmb-z9-27/20250610-86-39233.html
Z9-27-087,Z9/27,2025-06-10,sabina-benesova,Sabina Benešová,ANO 2011,Ano,Ano,0cb36209a2544b02,ano,,"83. Projekt ""Integrace cizinců ve městě Brně VI."" – návrh smlouvy o partnerství",https://apl.brno.cz/protokoly-zmb/zmb-z9-27/20250610-87-39267.html
Z9-27-092,Z9/27,2025-06-10,sabina-benesova,Sabina Benešová,ANO 2011,Ano,Ano,3ab2fc8fa2e08b3f,ano,,Body č. 88-90,https://apl.brno.cz/protokoly-zmb/zmb-z9-27/20250610-92-39446.html
Z9-27-093,Z9/27,2025-06-10,sabina-benesova,Sabina Benešová,ANO 2011,Ano,Ano,0e22271927a60148,ano,,91. Návrh na přijetí dědictví,https://apl.brno.cz/protokoly-zmb/zmb-z9-27/20250610-93-39482.html
Z9-27-094,Z9/27,2025-06-10,sabina-benesova,Sabina Benešová,ANO 2011,Ano,Ano,94ef38fc10961550,ano,,"92. Návrh postupu při zpeněžení pozemků p. č. 2615/1, 2615/49, 2615/54, 2615,55, 2825/6, 2828/2, 2828/203, 2828/204, 2861/1, 2861/2, 2861/3 v k. ú. Černovice formou koncesního řízení",https://apl.brno.cz/protokoly-zmb/zmb-z9-27/20250610-94-39520.html
Z9-27-090,Z9/27,2025-06-10,sabina-benesova,Sabina Benešová,ANO 2011,Ano,Ano,d7feddc04be3c055,ano,,"86. Adresný záměr bezúplatného převodu spoluvlastnických podílů na 29 b. j. vymezených v pozemcích p. č. 1461/136 a 1461/102, s bytovými domy č. p. 740, Keřová 9, a č. p. 705, Keřová 11, 13, Brno, a na pozemku p. č. 1461/105, vše v k. ú. Žebětín",https://apl.brno.cz/protokoly-zmb/zmb-z9-27/20250610-90-39364.html
Z9-27-095,Z9/27,2025-06-10,sabina-benesova,Sabina Benešová,ANO 2011,Ano,Ano,45fb9eb9e476c2d1,ano,,Body č. 93-96,https://apl.brno.cz/protokoly-zmb/zmb-z9-27/20250610-95-39582.html
Z9-27-097,Z9/27,2025-06-10,sabina-benesova,Sabina Benešová,ANO 2011,Ano,Ano,bf2c39d3ed76fdcc,ano,,Body č. 98 a 99,https://apl.brno.cz/protokoly-zmb/zmb-z9-27/20250610-97-39761.html
Z9-27-096,Z9/27,2025-06-10,sabina-benesova,Sabina Benešová,ANO 2011,Ano,Ano,1d59a04e7efbf735,ano,,"97. Návrh zpeněžení (prodeje) formou veřejné elektronické dražby části pozemku p. č. 2700/5 a celého pozemku p. č. 2700/11, oba v k. ú. Kuřim",https://apl.brno.cz/protokoly-zmb/zmb-z9-27/20250610-96-39729.html
Z9-27-099,Z9/27,2025-06-10,sabina-benesova,Sabina Benešová,ANO 2011,Ano,Ano,cad23ee32e39a6d6,ano,,"103. Návrh prodeje částí pozemků p. č. 2615/1, p. č. 2615/55, p. č. 2615/57, p. č. 2615/58, p. č. 2615/59, p. č. 2615/60, p. č. 2825/6 a p. č. 2861/1, vše v k. ú. Černovice",https://apl.brno.cz/protokoly-zmb/zmb-z9-27/20250610-99-39858.html
Z9-27-098,Z9/27,2025-06-10,sabina-benesova,Sabina Benešová,ANO 2011,Ano,Ano,9dfc6fb0c3605ad0,ano,,Body č. 100-102,https://apl.brno.cz/protokoly-zmb/zmb-z9-27/20250610-98-39825.html
Z9-27-100,Z9/27,2025-06-10,sabina-benesova,Sabina Benešová,ANO 2011,Ano,Ano,7da542f84174f5c7,ano,,104. Návrh nabytí komunikační stavby a pozemků při ulici Kobylnická v k. ú. Slatina,https://apl.brno.cz/protokoly-zmb/zmb-z9-27/20250610-100-39893.html
Z9-27-101,Z9/27,2025-06-10,sabina-benesova,Sabina Benešová,ANO 2011,Ano,Ano,0817179638b8e371,ano,,"106. Návrh převodu části pozemku p. č. 720/1 v k. ú. Město Brno do vlastnictví České republiky, návrh nabytí pozemku p. č. 2249/2 v k. ú. Černá Pole do vlastnictví statutárního města Brna, návrh na zřízení služebnosti, návrh svěření",https://apl.brno.cz/protokoly-zmb/zmb-z9-27/20250610-101-39933.html
Z9-27-102,Z9/27,2025-06-10,sabina-benesova,Sabina Benešová,ANO 2011,Ano,Ano,842cb4cda372398b,ano,,Body č. 107-121 bez 118,https://apl.brno.cz/protokoly-zmb/zmb-z9-27/20250610-102-39983.html
Z9-27-103,Z9/27,2025-06-10,sabina-benesova,Sabina Benešová,ANO 2011,Ano,Ano,9f8c58e9087c626e,ano,,"122. Návrh převodu pozemků p. č. 1489/2, 2300/120, oba v k. ú. Pisárky do vlastnictví České republiky, návrh nabytí spoluvlastnických podílů na pozemcích v k. ú. Nový Lískovec do vlastnictví statutárního města Brna z vlastnictví České republiky",https://apl.brno.cz/protokoly-zmb/zmb-z9-27/20250610-103-40021.html
Z9-27-105,Z9/27,2025-06-10,sabina-benesova,Sabina Benešová,ANO 2011,Ano,Ano,6647982bc2b3995c,ano,,Body č. 132-139,https://apl.brno.cz/protokoly-zmb/zmb-z9-27/20250610-105-40108.html
Z9-27-106,Z9/27,2025-06-10,sabina-benesova,Sabina Benešová,ANO 2011,Ano,Ano,449624a2f54253e5,ano,,Body č. 140-152,https://apl.brno.cz/protokoly-zmb/zmb-z9-27/20250610-106-40151.html
Z9-27-107,Z9/27,2025-06-10,sabina-benesova,Sabina Benešová,ANO 2011,Ano,Ano,b8f95b724cb2bac2,ano,,153. Návrh na zrušení smluvního předkupního práva k pozemku p. č. 737/1 v k. ú. Soběšice,https://apl.brno.cz/protokoly-zmb/zmb-z9-27/20250610-107-40186.html
Z9-27-109,Z9/27,2025-06-10,sabina-benesova,Sabina Benešová,ANO 2011,Ano,Ano,a9963a5d2898fc44,ano,,"157. ""Brno, MČ Bosonohy III. a IV. etapa, dostavba oddílného kanalizačního systému"" – návrh směnné smlouvy",https://apl.brno.cz/protokoly-zmb/zmb-z9-27/20250610-109-40268.html
Z9-27-110,Z9/27,2025-06-10,sabina-benesova,Sabina Benešová,ANO 2011,Ano,Ano,cca2354e76205f40,ano,,"158. Návrh svěření majetku města městské části Brno-Vinohrady, pozemku p. č. 7747/67 k. ú. Židenice, jehož součástí je stavba č. p. 4328",https://apl.brno.cz/protokoly-zmb/zmb-z9-27/20250610-110-40427.html
Z9-27-111,Z9/27,2025-06-10,sabina-benesova,Sabina Benešová,ANO 2011,Ano,Ano,ae3abd16b4024470,ano,,"159. Návrh svěření majetku města městské části Brno-Žabovřesky, pozemku p. č. 4872/35, k. ú. Žabovřesky, lokalita Žabovřeské louky - hlasování o stažení bodu",https://apl.brno.cz/protokoly-zmb/zmb-z9-27/20250610-111-40636.html
Z9-27-112,Z9/27,2025-06-10,sabina-benesova,Sabina Benešová,ANO 2011,Ano,Ano,b62f69b8a7c67903,ano,,"160. Návrh odnětí svěřeného majetku města městské části Brno–Starý Lískovec, pozemek p. č. 998/45 v k. ú. Starý Lískovec",https://apl.brno.cz/protokoly-zmb/zmb-z9-27/20250610-112-40668.html
Z9-27-113,Z9/27,2025-06-10,sabina-benesova,Sabina Benešová,ANO 2011,Ano,Ano,ee46eb35e7022856,ano,,"161. Návrh dodatku č. 1 ke Smlouvě o pachtu a provozování vodovodů a kanalizací se společností Brněnské vodárny a kanalizace, a. s., a návrh svěření pravomoci Radě města Brna",https://apl.brno.cz/protokoly-zmb/zmb-z9-27/20250610-113-40703.html
Z9-27-114,Z9/27,2025-06-10,sabina-benesova,Sabina Benešová,ANO 2011,Ano,Ano,81420987ddc0b789,ano,,Body č. 162-164,https://apl.brno.cz/protokoly-zmb/zmb-z9-27/20250610-114-40746.html
Z9-27-115,Z9/27,2025-06-10,sabina-benesova,Sabina Benešová,ANO 2011,Ano,Ano,f336787fa60d1701,ano,,165. Návrh Dodatku č. 2 ke Smlouvě o výstavbě dopravní a technické infrastruktury a mateřské školy v rámci stavby „OBYTNÁ ZÓNA SLUNEČNÁ“,https://apl.brno.cz/protokoly-zmb/zmb-z9-27/20250610-115-40852.html
Z9-27-116,Z9/27,2025-06-10,sabina-benesova,Sabina Benešová,ANO 2011,Ano,Ano,13363637f480161e,ano,,166. Návrh Dodatku č. 3 ke Smlouvě o výstavbě veřejné infrastruktury „Polyfunkční dům Železniční Brno-Komárov“,https://apl.brno.cz/protokoly-zmb/zmb-z9-27/20250610-116-40879.html
Z9-27-117,Z9/27,2025-06-10,sabina-benesova,Sabina Benešová,ANO 2011,Ano,Ano,60d6826f48c5e3aa,ano,,167. Souhlas s postoupením Smlouvy o spolupráci při výstavbě veřejné infrastruktury „Novostavba Nová Amerika“,https://apl.brno.cz/protokoly-zmb/zmb-z9-27/20250610-117-40910.html
Z9-27-104,Z9/27,2025-06-10,sabina-benesova,Sabina Benešová,ANO 2011,Ano,Ano,fc5e7b3c9565f215,ano,,Body č. 123-131,https://apl.brno.cz/protokoly-zmb/zmb-z9-27/20250610-104-40062.html
Z9-27-120,Z9/27,2025-06-10,sabina-benesova,Sabina Benešová,ANO 2011,Ano,Ano,0ed284c18476550b,ano,,"172. Návrh svěření majetku města městské části Brno–Nový Lískovec, pozemku p. č. 1417/5 v k. ú. Pisárky včetně objektu kulturní památky",https://apl.brno.cz/protokoly-zmb/zmb-z9-27/20250610-120-41008.html
Z9-27-108,Z9/27,2025-06-10,sabina-benesova,Sabina Benešová,ANO 2011,Ano,Ano,bbba5cd82fa7de88,ano,,Body č. 154-156,https://apl.brno.cz/protokoly-zmb/zmb-z9-27/20250610-108-40237.html
Z9-27-121,Z9/27,2025-06-10,sabina-benesova,Sabina Benešová,ANO 2011,Ano,Ano,2b357535fd1ec723,ano,,173. Návrh Dohody o vymezení vlastnických práv a společném postupu v souvislosti s realizací projektu Kreativní centrum Brno,https://apl.brno.cz/protokoly-zmb/zmb-z9-27/20250610-121-41042.html
Z9-27-123,Z9/27,2025-06-10,sabina-benesova,Sabina Benešová,ANO 2011,Ano,Ano,1876671284ca789a,ano,,"175. Nabídka předkupního práva ke stavbě bez č. p./č. e., způsob využití garáž, postavené na pozemku p. č. 2464 v k. ú. Královo Pole",https://apl.brno.cz/protokoly-zmb/zmb-z9-27/20250610-123-41106.html
Z9-27-122,Z9/27,2025-06-10,sabina-benesova,Sabina Benešová,ANO 2011,Ano,Ano,9bbc86517d201c42,ano,,"174. Nabídka předkupního práva ke spoluvlastnickému podílu ve výši id. 1/2 na stavbě bez č. p./č. e., způsob využití garáž, postavené na pozemku p. č. 776/2 v k. ú. Zábrdovice",https://apl.brno.cz/protokoly-zmb/zmb-z9-27/20250610-122-41073.html
Z9-29-002,Z9/29,2025-10-14,sabina-benesova,Sabina Benešová,ANO 2011,Ano,Ano,3ab76931a50c32b3,ano,,"1. Technický bod (zapisovatelé, právní asistence, ověřovatelé zápisu, schválení programu zasedání ZMB) - program - hlasování o stažení bodu č. 105",https://apl.brno.cz/protokoly-zmb/zmb-z9-29/20251014-2-33633.html
Z9-29-001,Z9/29,2025-10-14,sabina-benesova,Sabina Benešová,ANO 2011,Ano,Ano,092787c315cbc581,ano,,"1. Technický bod (zapisovatelé, právní asistence, ověřovatelé zápisu, schválení programu zasedání ZMB) - ověřovatelé zápisu",https://apl.brno.cz/protokoly-zmb/zmb-z9-29/20251014-1-33418.html
Z9-29-003,Z9/29,2025-10-14,sabina-benesova,Sabina Benešová,ANO 2011,Ano,Ano,ec860431b6f5c295,ano,,"1. Technický bod (zapisovatelé, právní asistence, ověřovatelé zápisu, schválení programu zasedání ZMB) - program - hlasování o zařazení bodu č. 108 a 109",https://apl.brno.cz/protokoly-zmb/zmb-z9-29/20251014-3-33703.html
Z9-27-118,Z9/27,2025-06-10,sabina-benesova,Sabina Benešová,ANO 2011,Ano,Ano,854cb4abbb0d329c,ano,,"168. Zapojení Fondu rezerv a rozvoje v souvislosti s poskytnutím příspěvků Muzeu města Brna, příspěvkové organizaci na projekt ""Vila Janáček"", návrh rozpočtového opatření",https://apl.brno.cz/protokoly-zmb/zmb-z9-27/20250610-118-40943.html
Z9-27-119,Z9/27,2025-06-10,sabina-benesova,Sabina Benešová,ANO 2011,Ano,Ano,93c3faa59837697d,ano,,Body č. 169-171,https://apl.brno.cz/protokoly-zmb/zmb-z9-27/20250610-119-40977.html
Z9-29-007,Z9/29,2025-10-14,sabina-benesova,Sabina Benešová,ANO 2011,Ano,Ano,b94475e6958555bd,ano,,"5. Změna ve složení Kontrolního výboru Zastupitelstva města Brna, návrh na schválení změny Volebního řádu pro volbu neuvolněných předsedů, místopředsedů a členů výborů Zastupitelstva města Brna a návrh změny Statutu výborů Zastupitelstva města Brna - volba volební komise",https://apl.brno.cz/protokoly-zmb/zmb-z9-29/20251014-7-33942.html
Z9-29-004,Z9/29,2025-10-14,sabina-benesova,Sabina Benešová,ANO 2011,Ano,Ano,1cc49d720badc40a,ano,,"1. Technický bod (zapisovatelé, právní asistence, ověřovatelé zápisu, schválení programu zasedání ZMB) - program - hlasování o zařazení bodu č. 110",https://apl.brno.cz/protokoly-zmb/zmb-z9-29/20251014-4-33738.html
Z9-29-005,Z9/29,2025-10-14,sabina-benesova,Sabina Benešová,ANO 2011,Ano,Ano,a5dcf58c92e71a31,ano,,"1. Technický bod (zapisovatelé, právní asistence, ověřovatelé zápisu, schválení programu zasedání ZMB) - program",https://apl.brno.cz/protokoly-zmb/zmb-z9-29/20251014-5-33767.html
Z9-29-009,Z9/29,2025-10-14,sabina-benesova,Sabina Benešová,ANO 2011,Ano,Ano,9968ad6177981e66,ano,,6. Návrh na vydání Veřejné vyhlášky ve věci Návrhu opatření obecné povahy a výzva k uplatnění připomínek nebo námitek,https://apl.brno.cz/protokoly-zmb/zmb-z9-29/20251014-9-35473.html
Z9-29-010,Z9/29,2025-10-14,sabina-benesova,Sabina Benešová,ANO 2011,Ano,Ano,ed1a06f7feb53373,ano,,"7. Návrh Dodatku č. 1 ke zřizovací listině Správy hřbitovů města Brna, příspěvkové organizace",https://apl.brno.cz/protokoly-zmb/zmb-z9-29/20251014-10-35501.html
Z9-29-011,Z9/29,2025-10-14,sabina-benesova,Sabina Benešová,ANO 2011,Ano,Ano,c05cf6fd5aea5f38,ano,,8. Návrh změny č. 4 Dotačních pravidel,https://apl.brno.cz/protokoly-zmb/zmb-z9-29/20251014-11-35532.html
Z9-29-006,Z9/29,2025-10-14,sabina-benesova,Sabina Benešová,ANO 2011,Ano,Ano,6d920ffc8176fb35,ano,,"5. Změna ve složení Kontrolního výboru Zastupitelstva města Brna, návrh na schválení změny Volebního řádu pro volbu neuvolněných předsedů, místopředsedů a členů výborů Zastupitelstva města Brna a návrh změny Statutu výborů Zastupitelstva města Brna - schválení volebního řádu - návrh změny Statutu výborů Zastupitelstva města Brna - bere na vědomí",https://apl.brno.cz/protokoly-zmb/zmb-z9-29/20251014-6-33834.html
Z9-29-012,Z9/29,2025-10-14,sabina-benesova,Sabina Benešová,ANO 2011,Ano,Ano,91b78bcb08f53262,ano,,9. Zajištění provozu obecního systému odpadového hospodářství – návrh rozpočtového opatření,https://apl.brno.cz/protokoly-zmb/zmb-z9-29/20251014-12-35562.html
Z9-29-013,Z9/29,2025-10-14,sabina-benesova,Sabina Benešová,ANO 2011,Ano,Ano,b609e7b548fdcefc,ano,,10. Realizace vertikální zelené stěny – návrh rozpočtového opatření,https://apl.brno.cz/protokoly-zmb/zmb-z9-29/20251014-13-35594.html
Z9-29-008,Z9/29,2025-10-14,sabina-benesova,Sabina Benešová,ANO 2011,Ano,Ano,c55e94e210271c2c,ano,,"5. Změna ve složení Kontrolního výboru Zastupitelstva města Brna, návrh na schválení změny Volebního řádu pro volbu neuvolněných předsedů, místopředsedů a členů výborů Zastupitelstva města Brna a návrh změny Statutu výborů Zastupitelstva města Brna - volba člena Kontrolního výboru Zastupitelstva města Brna - Bc. Marek Bělák",https://apl.brno.cz/protokoly-zmb/zmb-z9-29/20251014-8-34197.html
Z9-29-014,Z9/29,2025-10-14,sabina-benesova,Sabina Benešová,ANO 2011,Ano,Ano,25d70cc1cd1846c2,ano,,"11. Aktualizace rozpočtu akcí zajišťovaných společností Brněnské vodárny a kanalizace, a. s. – říjen 2025 – návrh rozpočtového opatření""",https://apl.brno.cz/protokoly-zmb/zmb-z9-29/20251014-14-35627.html
Z9-29-015,Z9/29,2025-10-14,sabina-benesova,Sabina Benešová,ANO 2011,Ano,Ano,bc3da849bfc16d9b,ano,,"12. Přesun běžných a kapitálových výdajů v rámci rozpočtu Odboru správy majetku MMB, návrh rozpočtového opatření",https://apl.brno.cz/protokoly-zmb/zmb-z9-29/20251014-15-35657.html
Z9-29-016,Z9/29,2025-10-14,sabina-benesova,Sabina Benešová,ANO 2011,Ano,Ano,cecbb773e9046c0b,ano,,13. Aktualizace rozpočtu Odboru investičního MMB a zapojení Fondu developerských projektů – říjen 2025 – rozpočtové opatření,https://apl.brno.cz/protokoly-zmb/zmb-z9-29/20251014-16-35694.html
Z9-29-017,Z9/29,2025-10-14,sabina-benesova,Sabina Benešová,ANO 2011,Ano,Ano,5fd46b6b9dcd04eb,ano,,"14. Aktualizace rozpočtu běžných a kapitálových výdajů Městské policie Brno v roce 2025, zapojení Veřejné sbírky na činnost Útulku pro opuštěná zvířata a odchytové a asanační služby Městské policie Brno, návrh rozpočtového opatření",https://apl.brno.cz/protokoly-zmb/zmb-z9-29/20251014-17-35727.html
Z9-29-018,Z9/29,2025-10-14,sabina-benesova,Sabina Benešová,ANO 2011,Ano,Ano,155ae8622095f62f,ano,,Body č. 15-22,https://apl.brno.cz/protokoly-zmb/zmb-z9-29/20251014-18-35821.html
Z9-29-020,Z9/29,2025-10-14,sabina-benesova,Sabina Benešová,ANO 2011,Ano,Ano,9b5cc8bd06843da0,ano,,24. Návrh rozpočtového opatření – aktualizace očekávaného čerpání rozpočtu kapitálových výdajů Odboru městské informatiky MMB v roce 2025,https://apl.brno.cz/protokoly-zmb/zmb-z9-29/20251014-20-36008.html
Z9-29-021,Z9/29,2025-10-14,sabina-benesova,Sabina Benešová,ANO 2011,Ano,Ano,002b5cfb7fc0f75b,ano,,"25. Zapojení Fondu rezerv a rozvoje z důvodu poskytnutí účelového investičního transferu městské části Brno-sever na realizaci akce ""Park Marie Restituty – dokončení II. etapy"" – návrh rozpočtového opatření",https://apl.brno.cz/protokoly-zmb/zmb-z9-29/20251014-21-36044.html
Z9-29-023,Z9/29,2025-10-14,sabina-benesova,Sabina Benešová,ANO 2011,Nehlasoval,Nehlasoval,cee10468c23fd2fc,ano,,"27. Zapojení Fondu rezerv a rozvoje v souvislosti s navýšením poskytnuté individuální neinvestiční dotace z rozpočtu města Brna společnosti Telepunk s. r. o. na projekt ""SERIAL KILLER – Festival televizních a online seriálů"" – návrh rozpočtového opatření",https://apl.brno.cz/protokoly-zmb/zmb-z9-29/20251014-23-36116.html
Z9-29-022,Z9/29,2025-10-14,sabina-benesova,Sabina Benešová,ANO 2011,Ano,Ano,6dff031fd20cb2bf,ano,,"26. Zapojení Fondu rezerv a rozvoje v souvislosti s poskytnutím individuální investiční dotace na realizaci projektu ""Zajištění základních hygienických podmínek vybraných sběrných středisek odpadů"" – návrh rozpočtového opatření",https://apl.brno.cz/protokoly-zmb/zmb-z9-29/20251014-22-36079.html
Z9-29-024,Z9/29,2025-10-14,sabina-benesova,Sabina Benešová,ANO 2011,Ano,Ano,a92b8d49d1a986c3,ano,,"28. Zapojení Fondu rezerv a rozvoje v souvislosti s poskytnutím individuální investiční dotace společnosti Technické sítě Brno, akciová společnost na akci „Slavnostní osvětlení Girlandy“ – návrh rozpočtového opatření",https://apl.brno.cz/protokoly-zmb/zmb-z9-29/20251014-24-36155.html
Z9-29-025,Z9/29,2025-10-14,sabina-benesova,Sabina Benešová,ANO 2011,Ano,Ano,8e2a8864a4136e8c,ano,,"29. Zapojení Fondu rezerv a rozvoje na financování opravy a údržby v objektech ve správě Sdružení zdravotnických zařízení II Brno, příspěvkové organizace – návrh rozpočtového opatření",https://apl.brno.cz/protokoly-zmb/zmb-z9-29/20251014-25-36188.html
Z9-29-026,Z9/29,2025-10-14,sabina-benesova,Sabina Benešová,ANO 2011,Ano,Ano,42947b909467fa8a,ano,,30. Návrh na poskytnutí neinvestičních příspěvků základním školám zapojeným do projektu Příběhy našich sousedů na využití nabídky programů Institutu Paměti národa pro žáky základních škol – návrh rozpočtového opatření,https://apl.brno.cz/protokoly-zmb/zmb-z9-29/20251014-26-36228.html
Z9-29-028,Z9/29,2025-10-14,sabina-benesova,Sabina Benešová,ANO 2011,Ano,Ano,a8f1fe3cd23bfad1,ano,,32. Návrh na změny transferů poskytnutých městským částem z rozpočtu Odboru investičního MMB – říjen 2025 – návrh rozpočtového opatření,https://apl.brno.cz/protokoly-zmb/zmb-z9-29/20251014-28-36293.html
Z9-29-029,Z9/29,2025-10-14,sabina-benesova,Sabina Benešová,ANO 2011,Ano,Ano,cd67356007098453,ano,,"33. Návrh na poskytnutí investičního příspěvku Kanceláři architekta města Brna, příspěvkové organizaci na soutěž o návrh ""Nová budova Magistrátu města Brna"", návrh rozpočtového opatření",https://apl.brno.cz/protokoly-zmb/zmb-z9-29/20251014-29-36672.html
Z9-29-031,Z9/29,2025-10-14,sabina-benesova,Sabina Benešová,ANO 2011,Ano,Ano,6dde96d5e9b30d8d,ano,,"35. Návrh na poskytnutí individuální investiční dotace Gymnáziu Matyáše Lercha, Brno, Žižkova 55, příspěvková organizace, na pořízení a instalaci nádrží na dešťovou vodu, návrh rozpočtového opatření",https://apl.brno.cz/protokoly-zmb/zmb-z9-29/20251014-31-36736.html
Z9-29-032,Z9/29,2025-10-14,sabina-benesova,Sabina Benešová,ANO 2011,Ano,Ano,a772a986264af7d5,ano,,"36. Návrh na poskytnutí individuální neinvestiční dotace ZO ČSOP Pozemkovému spolku Hády na environmentální vzdělávání, výchovu a osvětu na Hádech v roce 2025, návrh rozpočtového opatření",https://apl.brno.cz/protokoly-zmb/zmb-z9-29/20251014-32-36779.html
Z9-29-033,Z9/29,2025-10-14,sabina-benesova,Sabina Benešová,ANO 2011,Ano,Ano,f589c5417b615630,ano,,"37. Návrh na poskytnutí individuálních neinvestičních dotací základním organizacím Českého zahrádkářského svazu, návrh rozpočtového opatření",https://apl.brno.cz/protokoly-zmb/zmb-z9-29/20251014-33-36810.html
Z9-29-034,Z9/29,2025-10-14,sabina-benesova,Sabina Benešová,ANO 2011,Ano,Ano,3c0ab3172039c006,ano,,"38. Návrh na poskytnutí individuálních neinvestičních dotací z rozpočtu města Brna na rok 2025 Židovské obci Brno a Konventu minoritů v Brně, návrh rozpočtového opatření",https://apl.brno.cz/protokoly-zmb/zmb-z9-29/20251014-34-36843.html
Z9-29-035,Z9/29,2025-10-14,sabina-benesova,Sabina Benešová,ANO 2011,Ano,Ano,aa9701a010bb8d0c,ano,,39. Poskytnutí individuální neinvestiční dotace na reklamu a propagaci projektu Kolektor Česká – Středova,https://apl.brno.cz/protokoly-zmb/zmb-z9-29/20251014-35-37278.html
Z9-29-036,Z9/29,2025-10-14,sabina-benesova,Sabina Benešová,ANO 2011,Ano,Ano,3010aa6c84d6d6a2,ano,,"40. Návrh na poskytnutí individuální neinvestiční dotace z rozpočtu města Brna v letech 2026-2028 spolku Zahrady Soutoku, z. s., na projekt ""PonavaFest 2026-2028""",https://apl.brno.cz/protokoly-zmb/zmb-z9-29/20251014-36-37313.html
Z9-29-019,Z9/29,2025-10-14,sabina-benesova,Sabina Benešová,ANO 2011,Ano,Ano,73fa1d6025797d95,ano,,23. Aktualizace očekávaného čerpání rozpočtu běžných a kapitálových výdajů Odboru dopravy MMB a běžných a kapitálových výdajů Fondu mobility v roce 2025 – návrh rozpočtového opatření,https://apl.brno.cz/protokoly-zmb/zmb-z9-29/20251014-19-35977.html
Z9-29-038,Z9/29,2025-10-14,sabina-benesova,Sabina Benešová,ANO 2011,Ano,Ano,c753791df8536284,ano,,42. Návrh na poskytnutí neinvestičních dotací v rámci dotačního programu pro poskytování dotací v oblasti podpory kreativních odvětví na rok 2025 a 2026 v 7. etapě – “Pro Kreativní Brno” – návrh rozpočtového opatření,https://apl.brno.cz/protokoly-zmb/zmb-z9-29/20251014-38-37381.html
Z9-29-039,Z9/29,2025-10-14,sabina-benesova,Sabina Benešová,ANO 2011,Ano,Ano,793fdeda416682c3,ano,,"43. Návrh na poskytnutí individuální neinvestiční dotace SK Artis Brno Líšeň-Žabovřesky – fotbal, z. s., na podporu mládežnického sportu v období 07–12/2025 – návrh rozpočtového opatření",https://apl.brno.cz/protokoly-zmb/zmb-z9-29/20251014-39-37417.html
Z9-29-040,Z9/29,2025-10-14,sabina-benesova,Sabina Benešová,ANO 2011,Ano,Ano,e3b0ea5d5e7da4ba,ano,,44. Návrh na poskytnutí neinvestičních dotací na podporu významných sportovních akcí konaných ve městě Brně v roce 2025 – II. kolo – návrh rozpočtového opatření,https://apl.brno.cz/protokoly-zmb/zmb-z9-29/20251014-40-37450.html
Z9-29-041,Z9/29,2025-10-14,sabina-benesova,Sabina Benešová,ANO 2011,Ano,Ano,afc20e1d73b4eeca,ano,,45. Návrh na poskytnutí neinvestičních a investičních dotací na PROGRAM: Zkvalitnění sportovního prostředí a zařízení na území města Brna pro rok 2025 – návrh rozpočtového opatření,https://apl.brno.cz/protokoly-zmb/zmb-z9-29/20251014-41-37498.html
Z9-29-027,Z9/29,2025-10-14,sabina-benesova,Sabina Benešová,ANO 2011,Ano,Ano,dfd17d94a97b8eef,ano,,31. Návrh na poskytnutí neinvestičních transferů městským částem za účelem úhrady provozních nákladů středisek volného času – návrh rozpočtového opatření,https://apl.brno.cz/protokoly-zmb/zmb-z9-29/20251014-27-36262.html
Z9-29-042,Z9/29,2025-10-14,sabina-benesova,Sabina Benešová,ANO 2011,Ano,Ano,8e7275edb4d5749a,ano,,"46. Návrh na snížení neinvestičního příspěvku zřizovatele Chovánku – dětskému centru rodinného typu, příspěvkové organizaci na rok 2025 – návrh rozpočtového opatření",https://apl.brno.cz/protokoly-zmb/zmb-z9-29/20251014-42-37532.html
Z9-29-043,Z9/29,2025-10-14,sabina-benesova,Sabina Benešová,ANO 2011,Ano,Ano,fed877e379cb5e8a,ano,,"47. Návrh na změnu účelu části investičního příspěvku schváleného Úrazové nemocnici v Brně a Nemocnici Milosrdných bratří, příspěvkové organizaci, návrh rozpočtového opatření",https://apl.brno.cz/protokoly-zmb/zmb-z9-29/20251014-43-37570.html
Z9-29-030,Z9/29,2025-10-14,sabina-benesova,Sabina Benešová,ANO 2011,Ano,Ano,022b16147e4ec6f0,ano,,"34. Návrh na poskytnutí účelového neinvestičního příspěvku Veřejné zeleni města Brna, příspěvkové organizaci, na projekt ""Nový park pro Sadovou – Královo Pole"", návrh rozpočtového opatření",https://apl.brno.cz/protokoly-zmb/zmb-z9-29/20251014-30-36703.html
Z9-29-044,Z9/29,2025-10-14,sabina-benesova,Sabina Benešová,ANO 2011,Zdržel se,Zdržel se,73b691a8ea0aa888,ano,,"48. Návrh Dodatku č. 1 ke smlouvě o poskytnutí dotace uzavíraný se spolkem Rodinné centrum MaTáTa, spolek",https://apl.brno.cz/protokoly-zmb/zmb-z9-29/20251014-44-37601.html
Z9-29-045,Z9/29,2025-10-14,sabina-benesova,Sabina Benešová,ANO 2011,Ano,Ano,233b2e71804452d0,ano,,49. Návrh dodatku č. 2 ke smlouvě č. 1525092748 o poskytování veřejné služby a podmínkách poskytnutí vyrovnávací platby za plnění závazku veřejné služby uzavřené s FabLab Brno s.r.o.,https://apl.brno.cz/protokoly-zmb/zmb-z9-29/20251014-45-37639.html
Z9-29-046,Z9/29,2025-10-14,sabina-benesova,Sabina Benešová,ANO 2011,Ano,Ano,1695d8f9dbe8aeeb,ano,,50. Finanční prostředky Fondu kofinancování projektů – říjen 2025 – návrh rozpočtových opatření,https://apl.brno.cz/protokoly-zmb/zmb-z9-29/20251014-46-37669.html
Z9-29-047,Z9/29,2025-10-14,sabina-benesova,Sabina Benešová,ANO 2011,Ano,Ano,d28114717c8300a9,ano,,"51. Projekt ""Modernizace kuchyně MŠ Marie Majerové"" – posouzení projektu",https://apl.brno.cz/protokoly-zmb/zmb-z9-29/20251014-47-37697.html
Z9-29-048,Z9/29,2025-10-14,sabina-benesova,Sabina Benešová,ANO 2011,Ano,Ano,554c2c694ec89a05,ano,,"52. Projekt ""Rekonstrukce kuchyně ZŠ Slovanské nám. 2"" – posouzení projektu",https://apl.brno.cz/protokoly-zmb/zmb-z9-29/20251014-48-37730.html
Z9-29-049,Z9/29,2025-10-14,sabina-benesova,Sabina Benešová,ANO 2011,Ano,Ano,3799fdb9c1128170,ano,,"53. Projekt ""Realizace protipovodňových opatření města Brna – etapy IX, X, XI"" – změna parametrů posouzení projektu",https://apl.brno.cz/protokoly-zmb/zmb-z9-29/20251014-49-37760.html
Z9-29-051,Z9/29,2025-10-14,sabina-benesova,Sabina Benešová,ANO 2011,Ano,Ano,0adb66bb6de59fdb,ano,,"54. Projekt ""Revitalizace Holáseckých jezer"" – změna parametrů posouzení projektu",https://apl.brno.cz/protokoly-zmb/zmb-z9-29/20251014-51-37917.html
Z9-29-053,Z9/29,2025-10-14,sabina-benesova,Sabina Benešová,ANO 2011,Ano,Ano,4e2f83eb3cedf3fe,ano,,"56. Projekt ""Výměna svítidel a zateplení půdního prostoru v ZŠ Slovanské nám."" – rozhodnutí o poskytnutí finančních prostředků",https://apl.brno.cz/protokoly-zmb/zmb-z9-29/20251014-53-37983.html
Z9-29-052,Z9/29,2025-10-14,sabina-benesova,Sabina Benešová,ANO 2011,Ano,Ano,bea324bdb4d91caa,ano,,"55. Projekt ""Výměna otvorových výplní v administrativní budově NDB, Dvořákova 11"" – rozhodnutí o poskytnutí finančních prostředků",https://apl.brno.cz/protokoly-zmb/zmb-z9-29/20251014-52-37949.html
Z9-29-054,Z9/29,2025-10-14,sabina-benesova,Sabina Benešová,ANO 2011,Ano,Ano,7933245f3e05f536,ano,,"57. Projekt ""Pořízení nového dopravního automobilu pro JSDH Brno-Vinohrady"" – rozhodnutí o poskytnutí dotace",https://apl.brno.cz/protokoly-zmb/zmb-z9-29/20251014-54-38012.html
Z9-29-055,Z9/29,2025-10-14,sabina-benesova,Sabina Benešová,ANO 2011,Ano,Ano,b9c1855e9d2fbbbc,ano,,"58. Projekt ""Paracentrum Fénix"" – návrh dodatku č. 2 ke smlouvě o poskytnutí návratné finanční výpomoci",https://apl.brno.cz/protokoly-zmb/zmb-z9-29/20251014-55-38044.html
Z9-29-056,Z9/29,2025-10-14,sabina-benesova,Sabina Benešová,ANO 2011,Ano,Ano,b9fccc31ee21378f,ano,,"59. Návrh změny stanov společenství vlastníků jednotek pro bytové domy Tomečkova 1, 2, 3 a 5 v k. ú. Lesná v bytovém spoluvlastnictví",https://apl.brno.cz/protokoly-zmb/zmb-z9-29/20251014-56-38082.html
Z9-29-037,Z9/29,2025-10-14,sabina-benesova,Sabina Benešová,ANO 2011,Ano,Ano,89a796fc95081746,ano,,41. Návrh na poskytnutí individuální neinvestiční dotace na projekt Comic-Con Brno & Junior,https://apl.brno.cz/protokoly-zmb/zmb-z9-29/20251014-37-37343.html
Z9-29-057,Z9/29,2025-10-14,sabina-benesova,Sabina Benešová,ANO 2011,Ano,Ano,b70083ea636db530,ano,,"60. Návrh vzorové dohody o narovnání s bezúpl. převodem spoluvl. podílů města na 29 b.j. vymezených v poz. p. č. 1461/136 a 1461/102, a na poz. p. č. 1461/105, vše v k. ú. Žebětín, návrh zřízení služebností, Založení SVJ pro domy Keřová 9 a Keřová 11, 13",https://apl.brno.cz/protokoly-zmb/zmb-z9-29/20251014-57-38125.html
Z9-29-058,Z9/29,2025-10-14,sabina-benesova,Sabina Benešová,ANO 2011,Ano,Ano,f5b7c2907f52b4d2,ano,,"61. Záměr prodeje volné vymezené bytové jednotky v domě Dřevařská 31, 33, Brno",https://apl.brno.cz/protokoly-zmb/zmb-z9-29/20251014-58-38176.html
Z9-29-059,Z9/29,2025-10-14,sabina-benesova,Sabina Benešová,ANO 2011,Ano,Ano,5f7902b7c250d200,ano,,"62. Záměr prodeje volných vymezených bytových jednotek v domě Nejedlého 2, 4, 6, Brno",https://apl.brno.cz/protokoly-zmb/zmb-z9-29/20251014-59-38204.html
Z9-29-061,Z9/29,2025-10-14,sabina-benesova,Sabina Benešová,ANO 2011,Ano,Ano,d2ce6e54cc951afd,ano,,"64. Úhrada bezdůvodného obohacení za bezesmluvní užívání pozemků p. č. 4872/47 a p. č. 4872/49, oba v k. ú. Žabovřesky - var. A",https://apl.brno.cz/protokoly-zmb/zmb-z9-29/20251014-61-40712.html
Z9-29-060,Z9/29,2025-10-14,sabina-benesova,Sabina Benešová,ANO 2011,Ano,Ano,455bacb81e629ec5,ano,,63. Návrh na uzavření dohody o splátkách – pozemky v k. ú. Staré Brno,https://apl.brno.cz/protokoly-zmb/zmb-z9-29/20251014-60-40645.html
Z9-29-062,Z9/29,2025-10-14,sabina-benesova,Sabina Benešová,ANO 2011,Ne,Ne,8be3de3bc45bffe8,ano,,"64. Úhrada bezdůvodného obohacení za bezesmluvní užívání pozemků p. č. 4872/47 a p. č. 4872/49, oba v k. ú. Žabovřesky - var. B",https://apl.brno.cz/protokoly-zmb/zmb-z9-29/20251014-62-40765.html
Z9-29-063,Z9/29,2025-10-14,sabina-benesova,Sabina Benešová,ANO 2011,Ano,Ano,a3540093f27df78b,ano,,Body č. 65-75,https://apl.brno.cz/protokoly-zmb/zmb-z9-29/20251014-63-40814.html
Z9-29-064,Z9/29,2025-10-14,sabina-benesova,Sabina Benešová,ANO 2011,Ano,Ano,e34b0f3967392746,ano,,Body č. 76-87,https://apl.brno.cz/protokoly-zmb/zmb-z9-29/20251014-64-40857.html
Z9-29-065,Z9/29,2025-10-14,sabina-benesova,Sabina Benešová,ANO 2011,Ano,Ano,f80aa756c073f508,ano,,Body č. 88-91,https://apl.brno.cz/protokoly-zmb/zmb-z9-29/20251014-65-40894.html
Z9-29-066,Z9/29,2025-10-14,sabina-benesova,Sabina Benešová,ANO 2011,Ano,Ano,7457791e348e0a1d,ano,,92. Návrh souhlasného prohlášení k pozemkům v k. ú. Lesná zapsaným v duplicitním vlastnictví statutárního města Brna a podílovém spoluvlastnictví fyzických osob,https://apl.brno.cz/protokoly-zmb/zmb-z9-29/20251014-66-40931.html
Z9-29-067,Z9/29,2025-10-14,sabina-benesova,Sabina Benešová,ANO 2011,Ano,Ano,05fa9be4aab12f41,ano,,Body č. 93-100,https://apl.brno.cz/protokoly-zmb/zmb-z9-29/20251014-67-40969.html
Z9-29-068,Z9/29,2025-10-14,sabina-benesova,Sabina Benešová,ANO 2011,Ano,Ano,1017766863e53edb,ano,,101. Návrh směny pozemků v k. ú. Židenice pro stavbu „Zastávkový záliv MHD u Židenických kasáren“,https://apl.brno.cz/protokoly-zmb/zmb-z9-29/20251014-68-40998.html
Z9-29-069,Z9/29,2025-10-14,sabina-benesova,Sabina Benešová,ANO 2011,Ano,Ano,5aec5f2d9a2b5b54,ano,,"102. Návrh směny pozemku p. č. 422/18 a části pozemku p. č. 422/1, oba v k. ú. Dolní Heršpice za pozemek p. č. 614/6 v k. ú. Horní Heršpice, návrh na svěření majetku města městské části Brno-jih",https://apl.brno.cz/protokoly-zmb/zmb-z9-29/20251014-69-41029.html
Z9-29-070,Z9/29,2025-10-14,sabina-benesova,Sabina Benešová,ANO 2011,Ano,Ano,8ba94569adb995ce,ano,,103. Návrh na změnu části usnesení zasedání Zastupitelstva města Brna č. Z9/27. konaného dne 10.06.2025 bod č. 154 týkající se směny pozemků a částí pozemků v k. ú. Trnitá a v k. ú. Komárov se společností První Železniční Komárov s. r. o.,https://apl.brno.cz/protokoly-zmb/zmb-z9-29/20251014-70-41065.html
Z9-29-071,Z9/29,2025-10-14,sabina-benesova,Sabina Benešová,ANO 2011,Ano,Ano,772bc5aef4138a7e,ano,,104. Návrh na zrušení věcného břemene zřízeného ve prospěch pozemků ve vlastnictví statutárního města Brna v k. ú. Bystrc,https://apl.brno.cz/protokoly-zmb/zmb-z9-29/20251014-71-41093.html
Z9-29-072,Z9/29,2025-10-14,sabina-benesova,Sabina Benešová,ANO 2011,Ano,Ano,c9df95b14264edd1,ano,,"106. Návrh Dodatku č. 1 ke Smlouvě o spolupráci při výstavbě veřejné infrastruktury „OC Kaskády – C) Horní výstavba""",https://apl.brno.cz/protokoly-zmb/zmb-z9-29/20251014-72-41126.html
Z9-29-074,Z9/29,2025-10-14,sabina-benesova,Sabina Benešová,ANO 2011,Ano,Ano,ea13649dc8d73a86,ano,,"107. Návrh obecně závazné vyhlášky statutárního města Brna, kterou se mění obecně závazná vyhláška statutárního města Brna č. 20/2001, kterou se vydává Statut města Brna, ve znění pozdějších vyhlášek - pro změnu čl. 75 odst. 10",https://apl.brno.cz/protokoly-zmb/zmb-z9-29/20251014-74-42810.html
Z9-29-076,Z9/29,2025-10-14,sabina-benesova,Sabina Benešová,ANO 2011,Ano,Ano,a657485426ac0604,ano,,"107. Návrh obecně závazné vyhlášky statutárního města Brna, kterou se mění obecně závazná vyhláška statutárního města Brna č. 20/2001, kterou se vydává Statut města Brna, ve znění pozdějších vyhlášek",https://apl.brno.cz/protokoly-zmb/zmb-z9-29/20251014-76-43159.html
Z9-29-075,Z9/29,2025-10-14,sabina-benesova,Sabina Benešová,ANO 2011,Zdržel se,Zdržel se,d4b7312c80e2f415,ano,,"107. Návrh obecně závazné vyhlášky statutárního města Brna, kterou se mění obecně závazná vyhláška statutárního města Brna č. 20/2001, kterou se vydává Statut města Brna, ve znění pozdějších vyhlášek - hlasování o návrhu p. Krásného",https://apl.brno.cz/protokoly-zmb/zmb-z9-29/20251014-75-43125.html
Z9-29-077,Z9/29,2025-10-14,sabina-benesova,Sabina Benešová,ANO 2011,Ano,Ano,39b31571b0a81d1b,ano,,108. Návrh na zapojení Fondu rezerv a rozvoje v souvislosti s poskytnutím účelového investičního transferu městské části Brno-střed na akci Revitalizace prostoru před ZŠ Úvoz – návrh rozpočtového opatření,https://apl.brno.cz/protokoly-zmb/zmb-z9-29/20251014-77-43194.html
Z9-29-078,Z9/29,2025-10-14,sabina-benesova,Sabina Benešová,ANO 2011,Ano,Ano,e33ced578abde371,ano,,"109. Návrh změny stanov obchodní společnosti Technologický Park Brno, a. s.",https://apl.brno.cz/protokoly-zmb/zmb-z9-29/20251014-78-43228.html
Z9-29-079,Z9/29,2025-10-14,sabina-benesova,Sabina Benešová,ANO 2011,Ano,Ano,d20b3c1fe8107d91,ano,,"110. Návrh na provedení mimořádné kontroly TIC BRNO, příspěvková organizace - stažení bodu",https://apl.brno.cz/protokoly-zmb/zmb-z9-29/20251014-79-44141.html
Z9-28-002,Z9/28,2025-09-09,sabina-benesova,Sabina Benešová,ANO 2011,Ano,Ano,f3e7fedf9405cbab,ano,,"1. Technický bod (zapisovatelé, právní asistence, ověřovatelé zápisu, schválení programu zasedání ZMB) - program - hlasování o zařazení bodu č. 177",https://apl.brno.cz/protokoly-zmb/zmb-z9-28/20250909-2-38550.html
Z9-28-001,Z9/28,2025-09-09,sabina-benesova,Sabina Benešová,ANO 2011,Ano,Ano,18174ae3658a1fd3,ano,,"1. Technický bod (zapisovatelé, právní asistence, ověřovatelé zápisu, schválení programu zasedání ZMB) - ověřovatelé zápisu",https://apl.brno.cz/protokoly-zmb/zmb-z9-28/20250909-1-38264.html
Z9-28-003,Z9/28,2025-09-09,sabina-benesova,Sabina Benešová,ANO 2011,Ano,Ano,a4c2879bcef29426,ano,,"1. Technický bod (zapisovatelé, právní asistence, ověřovatelé zápisu, schválení programu zasedání ZMB) - program",https://apl.brno.cz/protokoly-zmb/zmb-z9-28/20250909-3-38572.html
Z9-28-004,Z9/28,2025-09-09,sabina-benesova,Sabina Benešová,ANO 2011,Ano,Ano,422977a6e902888e,ano,,5. Přehled účastí na schůzích výborů ZMB,https://apl.brno.cz/protokoly-zmb/zmb-z9-28/20250909-4-38670.html
Z9-28-005,Z9/28,2025-09-09,sabina-benesova,Sabina Benešová,ANO 2011,Ano,Ano,d593355a47f7b135,ano,,"6. Návrh obecně závazné vyhlášky statutárního města Brna, kterou se mění obecně závazná vyhláška statutárního města Brna č. 27/2024, o místních poplatcích",https://apl.brno.cz/protokoly-zmb/zmb-z9-28/20250909-5-38701.html
Z9-28-007,Z9/28,2025-09-09,sabina-benesova,Sabina Benešová,ANO 2011,Ano,Ano,4806a7296751a86b,ano,,"8. Návrh dodatku č. 1 ke Zřizovací listině Domova pro seniory Nopova, příspěvkové organizace",https://apl.brno.cz/protokoly-zmb/zmb-z9-28/20250909-7-38765.html
Z9-28-006,Z9/28,2025-09-09,sabina-benesova,Sabina Benešová,ANO 2011,Ano,Ano,4ef6b925fcb8a57c,ano,,"7. Návrh na změnu stanov obchodní společnosti STAREZ – SPORT, a. s.",https://apl.brno.cz/protokoly-zmb/zmb-z9-28/20250909-6-38733.html
Z9-28-009,Z9/28,2025-09-09,sabina-benesova,Sabina Benešová,ANO 2011,Ano,Ano,b4153bd55f0616b6,ano,,10. Návrh přistoupení statutárního města Brna k Výzvě k akci za nízkou uhlíkovou stopu a inkluzivnější kulturu mezinárodní sítě Eurocities,https://apl.brno.cz/protokoly-zmb/zmb-z9-28/20250909-9-38827.html
Z9-28-008,Z9/28,2025-09-09,sabina-benesova,Sabina Benešová,ANO 2011,Ano,Ano,f80dbf5479f2c419,ano,,9. Koncesní řízení „Vědecko – technický park Černovické terasy v Brně“ – návrh zadávací dokumentace,https://apl.brno.cz/protokoly-zmb/zmb-z9-28/20250909-8-38794.html
Z9-28-010,Z9/28,2025-09-09,sabina-benesova,Sabina Benešová,ANO 2011,Ano,Ano,3e0169293e9c69e1,ano,,11. Návrh na uzavření Smlouvy o zapojení statutárního města Brna jako řádného člena do sítě měst CultureNext v období 2025–2028,https://apl.brno.cz/protokoly-zmb/zmb-z9-28/20250909-10-38862.html
Z9-28-011,Z9/28,2025-09-09,sabina-benesova,Sabina Benešová,ANO 2011,Ano,Ano,998a792caa532697,ano,,12. Vlastní podněty statutárního města Brna na pořízení změn Územního plánu města Brna,https://apl.brno.cz/protokoly-zmb/zmb-z9-28/20250909-11-38897.html
Z9-28-013,Z9/28,2025-09-09,sabina-benesova,Sabina Benešová,ANO 2011,Ano,Ano,555d1056ec549594,ano,,14. Výsledky hospodaření statutárního města Brna za I. pololetí roku 2025,https://apl.brno.cz/protokoly-zmb/zmb-z9-28/20250909-13-38966.html
Z9-28-012,Z9/28,2025-09-09,sabina-benesova,Sabina Benešová,ANO 2011,Ano,Ano,5056864c1939ad79,ano,,13. Finanční hospodaření svazku obcí Cyklistická stezka Brno – Vídeň za rok 2024,https://apl.brno.cz/protokoly-zmb/zmb-z9-28/20250909-12-38933.html
Z9-28-014,Z9/28,2025-09-09,sabina-benesova,Sabina Benešová,ANO 2011,Ano,Ano,fbbaf06e4c9b7f30,ano,,"15. Návrh bilance zdrojů statutárního města Brna na rok 2026, stanovení základních proporcí návrhu rozpočtu statutárního města Brna na rok 2026",https://apl.brno.cz/protokoly-zmb/zmb-z9-28/20250909-14-38998.html
Z9-28-015,Z9/28,2025-09-09,sabina-benesova,Sabina Benešová,ANO 2011,Ano,Ano,991072f8ccc6530a,ano,,"16. Návrh rozpočtového opatření ve věci daně z příjmů právnických osob za obce z rozpočtové činnosti, jejímž poplatníkem je město Brno",https://apl.brno.cz/protokoly-zmb/zmb-z9-28/20250909-15-39032.html
Z9-28-017,Z9/28,2025-09-09,sabina-benesova,Sabina Benešová,ANO 2011,Ano,Ano,b8514974fc4247d1,ano,,"18. Zapojení Fondu rezerv a rozvoje v souvislosti s navýšením účelového neinvestičního příspěvku Filharmonii Brno, příspěvkové organizaci – návrh rozpočtového opatření",https://apl.brno.cz/protokoly-zmb/zmb-z9-28/20250909-17-39102.html
Z9-28-018,Z9/28,2025-09-09,sabina-benesova,Sabina Benešová,ANO 2011,Ano,Ano,867a0b1656c39f35,ano,,"19. Zapojení Fondu rezerv a rozvoje v souvislosti s poskytnutím účelového neinvestičního příspěvku Národnímu divadlu Brno, příspěvkové organizaci, v roce 2025 – návrh rozpočtového opatření",https://apl.brno.cz/protokoly-zmb/zmb-z9-28/20250909-18-39136.html
Z9-28-016,Z9/28,2025-09-09,sabina-benesova,Sabina Benešová,ANO 2011,Ano,Ano,16712215d03f9103,ano,,"17. Zapojení Fondu rezerv a rozvoje v souvislosti s částečným vykrytím ztráty vedlejší podnikatelské činnosti města Brna – Oddělení Jídelna Odboru vnitřních věcí MMB za rok 2024, návrh rozpočtového opatření",https://apl.brno.cz/protokoly-zmb/zmb-z9-28/20250909-16-39069.html
Z9-28-019,Z9/28,2025-09-09,sabina-benesova,Sabina Benešová,ANO 2011,Ano,Ano,037c322d98bb877d,ano,,20. Zapojení Fondu rezerv a rozvoje v souvislosti s navýšením neinvestičních příspěvků příspěvkovým organizacím v působnosti Odboru kultury MMB – návrh rozpočtového opatření,https://apl.brno.cz/protokoly-zmb/zmb-z9-28/20250909-19-39168.html
Z9-28-020,Z9/28,2025-09-09,sabina-benesova,Sabina Benešová,ANO 2011,Ano,Ano,e2e3fc890607cb85,ano,,"21. Zapojení Fondu rezerv a rozvoje v souvislosti s poskytnutím individuálních investičních dotací spolkům TJ STADION BRNO z. s., Fotbalový klub SK Bosonohy, z. s., a TJ TESLA BRNO z. s. na projekty spolufinancované NSA - návrh rozpočtového opatření",https://apl.brno.cz/protokoly-zmb/zmb-z9-28/20250909-20-39204.html
Z9-28-022,Z9/28,2025-09-09,sabina-benesova,Sabina Benešová,ANO 2011,Ano,Ano,0720fe897af5e8f5,ano,,"23. Zapojení Fondu rezerv a rozvoje v souvislosti s poskytnutím neinvestičních a investičních příspěvků Veřejné zeleni města Brna, příspěvkové organizaci – návrh rozpočtového opatření",https://apl.brno.cz/protokoly-zmb/zmb-z9-28/20250909-22-39267.html
Z9-28-021,Z9/28,2025-09-09,sabina-benesova,Sabina Benešová,ANO 2011,Ano,Ano,cf64c0dc812489b9,ano,,"22. Zapojení Fondu rezerv a rozvoje v souvislosti s poskytnutím účelového neinvestičního příspěvku Kanceláři architekta města Brna, příspěvkové organizaci, na urbanistickou soutěž „Stará osada“, návrh rozpočtového opatření",https://apl.brno.cz/protokoly-zmb/zmb-z9-28/20250909-21-39237.html
Z9-28-023,Z9/28,2025-09-09,sabina-benesova,Sabina Benešová,ANO 2011,Ano,Ano,c67919f9fed215af,ano,,"24. Zapojení Fondu rezerv a rozvoje v souvislosti s přípravou akce Cirkulární dům Brno, návrh rozpočtového opatření",https://apl.brno.cz/protokoly-zmb/zmb-z9-28/20250909-23-39297.html
Z9-28-024,Z9/28,2025-09-09,sabina-benesova,Sabina Benešová,ANO 2011,Ano,Ano,31884de1be6c3d02,ano,,25. Zapojení Fondu Dáme na vás v souvislosti s financováním projektů participativního rozpočtu – návrh rozpočtového opatření,https://apl.brno.cz/protokoly-zmb/zmb-z9-28/20250909-24-39335.html
Z9-28-025,Z9/28,2025-09-09,sabina-benesova,Sabina Benešová,ANO 2011,Ano,Ano,45703864a0c3e4b8,ano,,26. Aktualizace očekávaného čerpání rozpočtu kapitálových výdajů Odboru kultury MMB v roce 2025 - návrh rozpočtového opatření,https://apl.brno.cz/protokoly-zmb/zmb-z9-28/20250909-25-39365.html
Z9-28-026,Z9/28,2025-09-09,sabina-benesova,Sabina Benešová,ANO 2011,Ano,Ano,58546c04bc15419c,ano,,"27. Aktualizace očekávaného čerpání rozpočtu kapitálových výdajů Odboru správy majetku MMB v roce 2025, návrh rozpočtového opatření“",https://apl.brno.cz/protokoly-zmb/zmb-z9-28/20250909-26-39393.html
Z9-28-027,Z9/28,2025-09-09,sabina-benesova,Sabina Benešová,ANO 2011,Ano,Ano,66ce5319568b7a7d,ano,,"28. Aktualizace rozpočtu běžných výdajů Odboru městské informatiky MMB v roce 2025, návrh rozpočtového opatření",https://apl.brno.cz/protokoly-zmb/zmb-z9-28/20250909-27-39420.html
Z9-28-028,Z9/28,2025-09-09,sabina-benesova,Sabina Benešová,ANO 2011,Ano,Ano,1342919d6c4ca8a5,ano,,29. Aktualizace rozpočtu Odboru investičního MMB a zapojení Fondu developerských projektů – září 2025 – návrh rozpočtového opatření,https://apl.brno.cz/protokoly-zmb/zmb-z9-28/20250909-28-39590.html
Z9-28-029,Z9/28,2025-09-09,sabina-benesova,Sabina Benešová,ANO 2011,Ano,Ano,ad94441894a50910,ano,,"2. Dotazy, připomínky a podněty občanů - hlasování o zařazení bodu – Umožnění stavby nového fotbalového stadionu za Lužánkami",https://apl.brno.cz/protokoly-zmb/zmb-z9-28/20250909-29-41972.html
Z9-28-030,Z9/28,2025-09-09,sabina-benesova,Sabina Benešová,ANO 2011,Ano,Ano,4f2c8c632977b12b,ano,,178. Umožnění stavby nového fotbalového stadionu v lokalitě za Lužánkami,https://apl.brno.cz/protokoly-zmb/zmb-z9-28/20250909-30-45337.html
Z9-28-031,Z9/28,2025-09-09,sabina-benesova,Sabina Benešová,ANO 2011,Ano,Ano,1d2ab241279cc1f4,ano,,30. Aktualizace rozpočtu běžných výdajů Odboru dopravy MMB a Fondu mobility – září 2025 - návrh rozpočtového opatření,https://apl.brno.cz/protokoly-zmb/zmb-z9-28/20250909-31-45382.html
Z9-28-032,Z9/28,2025-09-09,sabina-benesova,Sabina Benešová,ANO 2011,Ano,Ano,b32dac5b43472476,ano,,"31. Aktualizace očekávaného plnění rozpočtu příjmů a čerpání rozpočtu kapitálových výdajů Fondu bytové výstavby v roce 2025, návrh na převod finančních prostředků do Fondu bytové výstavby, návrh rozpočtového opatření",https://apl.brno.cz/protokoly-zmb/zmb-z9-28/20250909-32-45411.html
Z9-28-033,Z9/28,2025-09-09,sabina-benesova,Sabina Benešová,ANO 2011,Ano,Ano,14c5e806c3e291f7,ano,,"32. Přesun běžných a kapitálových výdajů v rámci rozpočtu Odboru správy majetku MMB, návrh rozpočtového opatření",https://apl.brno.cz/protokoly-zmb/zmb-z9-28/20250909-33-45442.html
Z9-28-034,Z9/28,2025-09-09,sabina-benesova,Sabina Benešová,ANO 2011,Ano,Ano,aa89e5a791df3126,ano,,"33. Přesun kapitálových výdajů v rámci rozpočtu Majetkového odboru MMB v souvislosti s výkupem pozemků v k. ú. Pisárky, návrh rozpočtového opatření",https://apl.brno.cz/protokoly-zmb/zmb-z9-28/20250909-34-45557.html
Z9-28-035,Z9/28,2025-09-09,sabina-benesova,Sabina Benešová,ANO 2011,Ano,Ano,f1987b11f9ec143b,ano,,34. Návrh rozpočtového opatření v rozpočtu Odboru strategického rozvoje a spolupráce MMB,https://apl.brno.cz/protokoly-zmb/zmb-z9-28/20250909-35-45583.html
Z9-28-036,Z9/28,2025-09-09,sabina-benesova,Sabina Benešová,ANO 2011,Ano,Ano,a488841598827de3,ano,,"35. Realizace bezbariérových úprav – poskytnutí transferů městským částem a poskytnutí individuální investiční dotace společnosti Dopravní podnik města Brna, a. s.– návrh rozpočtového opatření",https://apl.brno.cz/protokoly-zmb/zmb-z9-28/20250909-36-45612.html
Z9-28-037,Z9/28,2025-09-09,sabina-benesova,Sabina Benešová,ANO 2011,Ano,Ano,74384182a72a42aa,ano,,"36. Návrh na poskytnutí individuálních investičních dotací z rozpočtu města Brna společnosti DPMB, a. s., na stavební úpravy tramvajové tratě na ulici Kounicova a na prodloužení tramvajové trati Bystrc-Kamechy – návrh rozpočtového opatření",https://apl.brno.cz/protokoly-zmb/zmb-z9-28/20250909-37-45688.html
Z9-28-038,Z9/28,2025-09-09,sabina-benesova,Sabina Benešová,ANO 2011,Zdržel se,Zdržel se,2a6f9c912fdae1e8,ano,,"37. Návrh na poskytnutí individuální neinvestiční dotace ústavu EkoInkubátor, z. ú., na podporu 51. Mezinárodního filmového festivalu EKOFILM v roce 2025",https://apl.brno.cz/protokoly-zmb/zmb-z9-28/20250909-38-45868.html
Z9-28-039,Z9/28,2025-09-09,sabina-benesova,Sabina Benešová,ANO 2011,Ano,Ano,19a8b0b31d7cafac,ano,,38. Návrh na poskytnutí investičních dotací v rámci dotačního programu Podpora vytváření zelených střech,https://apl.brno.cz/protokoly-zmb/zmb-z9-28/20250909-39-45895.html
Z9-28-043,Z9/28,2025-09-09,sabina-benesova,Sabina Benešová,ANO 2011,Ano,Ano,dc952eac45fb76c5,ano,,Body č. 42-44,https://apl.brno.cz/protokoly-zmb/zmb-z9-28/20250909-43-46053.html
Z9-28-042,Z9/28,2025-09-09,sabina-benesova,Sabina Benešová,ANO 2011,Ano,Ano,3212bf03912ab9b1,ano,,"41. Návrh na poskytnutí investičních příspěvků Správě hřbitovů města Brna, příspěvkové organizaci – návrh rozpočtového opatření",https://apl.brno.cz/protokoly-zmb/zmb-z9-28/20250909-42-46023.html
Z9-28-041,Z9/28,2025-09-09,sabina-benesova,Sabina Benešová,ANO 2011,Ano,Ano,ddab15780cba553e,ano,,"40. Návrh na poskytnutí investičního transferu MČ Brno-Maloměřice a Obřany na vybudování akumulační nádrže u budovy ÚMČ Selská 66 a MČ Brno-sever na vybudování akumulační nádrže u budovy MŠ Marie Majerové 14, návrh rozpočtového opatření",https://apl.brno.cz/protokoly-zmb/zmb-z9-28/20250909-41-45962.html
Z9-28-040,Z9/28,2025-09-09,sabina-benesova,Sabina Benešová,ANO 2011,Ano,Ano,132168e517ff6124,ano,,"39. Návrh na poskytnutí investičního transferu městské části Brno-sever na realizaci zelené střechy na budově mateřské školy na adrese Marie Majerové 14, návrh rozpočtového opatření",https://apl.brno.cz/protokoly-zmb/zmb-z9-28/20250909-40-45923.html
Z9-28-044,Z9/28,2025-09-09,sabina-benesova,Sabina Benešová,ANO 2011,Ano,Ano,6dbb941632902620,ano,,Body č. 45-48,https://apl.brno.cz/protokoly-zmb/zmb-z9-28/20250909-44-46129.html
Z9-28-045,Z9/28,2025-09-09,sabina-benesova,Sabina Benešová,ANO 2011,Ano,Ano,210637945be57cee,ano,,49. Návrh na změnu účelu účelových neinvestičních a investičních příspěvků příspěvkových organizacím v působnosti Odboru kultury MMB v roce 2025,https://apl.brno.cz/protokoly-zmb/zmb-z9-28/20250909-45-46358.html
Z9-28-047,Z9/28,2025-09-09,sabina-benesova,Sabina Benešová,ANO 2011,Ano,Ano,cc5c35177bd703c9,ano,,Body č. 51-53,https://apl.brno.cz/protokoly-zmb/zmb-z9-28/20250909-47-46421.html
Z9-28-046,Z9/28,2025-09-09,sabina-benesova,Sabina Benešová,ANO 2011,Ano,Ano,919c03e79481b3ba,ano,,"50. Návrh na zvýšení neinvestičního příspěvku TIC BRNO, příspěvkové organizaci, v roce 2025 – návrh rozpočtového opatření",https://apl.brno.cz/protokoly-zmb/zmb-z9-28/20250909-46-46387.html
Z9-28-048,Z9/28,2025-09-09,sabina-benesova,Sabina Benešová,ANO 2011,Ano,Ano,2612bab0bcaa96ee,ano,,54. Návrh na poskytnutí individuální neinvestiční dotace PLAYzone s.r.o. na uspořádání Mistrovství České republiky v počítačových a mobilních hrách 2025 ve městě Brně – návrh rozpočtového opatření,https://apl.brno.cz/protokoly-zmb/zmb-z9-28/20250909-48-46487.html
Z9-28-049,Z9/28,2025-09-09,sabina-benesova,Sabina Benešová,ANO 2011,Ano,Ano,2386d6750365299c,ano,,55. Návrh na poskytnutí individuálních neinvestičních dotací pro oblast tělovýchovy a sportu pro rok 2025 – II. kolo – návrh rozpočtového opatření,https://apl.brno.cz/protokoly-zmb/zmb-z9-28/20250909-49-46520.html
Z9-28-051,Z9/28,2025-09-09,sabina-benesova,Sabina Benešová,ANO 2011,Ano,Ano,96147facd8015c3b,ano,,59. Návrh na poskytnutí neinvestičních příspěvků základním školám na zajištění vzdělávacího Projektu pro ZŠ „Příběhy našich sousedů“ – návrh rozpočtového opatření,https://apl.brno.cz/protokoly-zmb/zmb-z9-28/20250909-51-46605.html
Z9-28-050,Z9/28,2025-09-09,sabina-benesova,Sabina Benešová,ANO 2011,Ano,Ano,96411a0d995615e1,ano,,Body č. 56-58,https://apl.brno.cz/protokoly-zmb/zmb-z9-28/20250909-50-46575.html
Z9-28-052,Z9/28,2025-09-09,sabina-benesova,Sabina Benešová,ANO 2011,Ano,Ano,070c7bad11451b7d,ano,,60. Návrh na prodloužení termínu vyúčtování a změnu účelu použití investičních a neinvestičních transferů poskytnutých městským částem na rok 2025 - návrh rozpočtového opatření,https://apl.brno.cz/protokoly-zmb/zmb-z9-28/20250909-52-46637.html
Z9-28-053,Z9/28,2025-09-09,sabina-benesova,Sabina Benešová,ANO 2011,Ano,Ano,da50761a21e8f136,ano,,"61. Návrh na poskytnutí daru – části zrušené železniční vlečky spolku Výtopna Slaný, z. s.",https://apl.brno.cz/protokoly-zmb/zmb-z9-28/20250909-53-46667.html
Z9-28-054,Z9/28,2025-09-09,sabina-benesova,Sabina Benešová,ANO 2011,Nehlasoval,Nehlasoval,06d1e9fd0f930af1,ano,,"62. Žádost o prominutí dluhu v souvislosti s užíváním nemovitostí v areálu Pisárecká 11, k. ú. Pisárky – Vodní záchranná služba Brno-město, z. s. - souhlasí",https://apl.brno.cz/protokoly-zmb/zmb-z9-28/20250909-54-46923.html
Z9-28-055,Z9/28,2025-09-09,sabina-benesova,Sabina Benešová,ANO 2011,Ano,Ano,9d9f44c6fbf61edd,ano,,63. Návrh smlouvy o poskytnutí návratné finanční výpomoci mezi statutárním městem Brnem a Úrazovou nemocnicí v Brně,https://apl.brno.cz/protokoly-zmb/zmb-z9-28/20250909-55-53140.html
Z9-28-057,Z9/28,2025-09-09,sabina-benesova,Sabina Benešová,ANO 2011,Ano,Ano,a7debf2a4df4ec9c,ano,,"67. Návrh Dodatku č. 1 ke Smlouvě o poskytnutí investičního příspěvku ""Nová Zbrojovka – objekt A"", Návrh Dodatku č. 1 ke Smlouvě o poskytnutí investičního příspěvku ""Nová Zbrojovka – objekt G""",https://apl.brno.cz/protokoly-zmb/zmb-z9-28/20250909-57-53384.html
Z9-28-056,Z9/28,2025-09-09,sabina-benesova,Sabina Benešová,ANO 2011,Ano,Ano,b3c75f7c48b511c6,ano,,Body č. 64-66,https://apl.brno.cz/protokoly-zmb/zmb-z9-28/20250909-56-53253.html
Z9-28-058,Z9/28,2025-09-09,sabina-benesova,Sabina Benešová,ANO 2011,Ano,Ano,665fd3f13a60a7ee,ano,,"68. Návrh dodatku č. 1 ke Smlouvě o poskytnutí neinvestiční dotace č. 7225091070 ze dne 26. 02. 2025 - Sanus Brno, z. s. - návrh rozpočtového opatření",https://apl.brno.cz/protokoly-zmb/zmb-z9-28/20250909-58-53414.html
Z9-28-059,Z9/28,2025-09-09,sabina-benesova,Sabina Benešová,ANO 2011,Ano,Ano,13f7269ef80abda5,ano,,"69. Návrh dodatku č. 2 ke smlouvě o poskytnutí investiční dotace a dodatku č. 3 ke smlouvě o poskytnutí návratné finanční výpomoci uzavřených s BuranTeatr z. ú. na podporu projektu „Rozvoj kulturního centra CO.LABS"", návrh rozpočtového opatření",https://apl.brno.cz/protokoly-zmb/zmb-z9-28/20250909-59-53448.html
Z9-28-060,Z9/28,2025-09-09,sabina-benesova,Sabina Benešová,ANO 2011,Ano,Ano,6f4398698c0167e7,ano,,"70. Žádosti o souhlas se změnou projektu a návrh dodatku č. 1 ke smlouvě o poskytnutí dotace v oblasti kultury u projektu ""Jiří Zahrádka: Káťa Kabanová a Příhody lišky Bystroušky. Janáčkova druhá míza""",https://apl.brno.cz/protokoly-zmb/zmb-z9-28/20250909-60-53483.html
Z9-28-061,Z9/28,2025-09-09,sabina-benesova,Sabina Benešová,ANO 2011,Ano,Ano,27b6da687f8fd081,ano,,71. Návrh na odpis nákladů zmařených projektových dokumentací z účtu nedokončených investic,https://apl.brno.cz/protokoly-zmb/zmb-z9-28/20250909-61-53514.html
Z9-28-062,Z9/28,2025-09-09,sabina-benesova,Sabina Benešová,ANO 2011,Ano,Ano,582523207274e33d,ano,,72. Návrh dodatku č. 1 ke smlouvě č. 1525092748 o poskytování veřejné služby a podmínkách poskytnutí vyrovnávací platby za plnění závazku veřejné služby uzavřené s FabLab Brno s. r. o. – návrh rozpočtového opatření,https://apl.brno.cz/protokoly-zmb/zmb-z9-28/20250909-62-53565.html
Z9-28-063,Z9/28,2025-09-09,sabina-benesova,Sabina Benešová,ANO 2011,Ano,Ano,5357fff507eecb9f,ano,,"73. Návrh dodatku č. 1 ke smlouvě č. 1522173539 o poskytování veřejné služby a podmínkách poskytnutí vyrovnávací platby za plnění závazku veřejné služby uzavřené s JCMM, z. s. p. o.",https://apl.brno.cz/protokoly-zmb/zmb-z9-28/20250909-63-53600.html
Z9-28-064,Z9/28,2025-09-09,sabina-benesova,Sabina Benešová,ANO 2011,Ano,Ano,8c1ef41bdd609174,ano,,74. Projekty financované z Fondu kofinancování projektů – září 2025 – návrh rozpočtového opatření; 75. Finanční prostředky Fondu kofinancování projektů – září 2025 – návrh rozpočtových opatření,https://apl.brno.cz/protokoly-zmb/zmb-z9-28/20250909-64-53707.html
Z9-28-065,Z9/28,2025-09-09,sabina-benesova,Sabina Benešová,ANO 2011,Ano,Ano,ecc0dd32c7c58fb6,ano,,Body č. 76-81,https://apl.brno.cz/protokoly-zmb/zmb-z9-28/20250909-65-53746.html
Z9-28-066,Z9/28,2025-09-09,sabina-benesova,Sabina Benešová,ANO 2011,Ano,Ano,19d0455b86d6abb8,ano,,Body č. 82-87,https://apl.brno.cz/protokoly-zmb/zmb-z9-28/20250909-66-53779.html
Z9-28-067,Z9/28,2025-09-09,sabina-benesova,Sabina Benešová,ANO 2011,Ano,Ano,7a04fa85954f8174,ano,,88. Přehled bytů poskytnutých v celoměstském zájmu za 1. pololetí roku 2025,https://apl.brno.cz/protokoly-zmb/zmb-z9-28/20250909-67-53809.html
Z9-28-069,Z9/28,2025-09-09,sabina-benesova,Sabina Benešová,ANO 2011,Ano,Ano,d94dbf374beefa67,ano,,"90. Návrh na zrušení části usnesení Z9/24. zasedání Zastupitelstva města Brna konaného dne 25.2.2025, bod č. 15, návrh záměru poskytnutí úročené zápůjčky z rozpočtu města Brna městské části Brno-Vinohrady, návrh rozpočtového opatření",https://apl.brno.cz/protokoly-zmb/zmb-z9-28/20250909-69-53874.html
Z9-28-068,Z9/28,2025-09-09,sabina-benesova,Sabina Benešová,ANO 2011,Ano,Ano,4813884b96af30d5,ano,,89. Žádost městské části Brno-Žabovřesky o předchozí souhlas s použitím části kladného výsledku hospodaření z vlastní podnikatelské činnosti-bytového hospodářství k jiným účelům,https://apl.brno.cz/protokoly-zmb/zmb-z9-28/20250909-68-53842.html
Z9-28-071,Z9/28,2025-09-09,sabina-benesova,Sabina Benešová,ANO 2011,Ano,Ano,15dd38e7830f1484,ano,,94. Návrh zpeněžení (prodeje) pozemku p. č. 1548/1 v k. ú. Kohoutovice formou veřejné elektronické dražby,https://apl.brno.cz/protokoly-zmb/zmb-z9-28/20250909-71-53944.html
Z9-28-070,Z9/28,2025-09-09,sabina-benesova,Sabina Benešová,ANO 2011,Ano,Ano,c31bdbc5f102184c,ano,,Body č. 91-93,https://apl.brno.cz/protokoly-zmb/zmb-z9-28/20250909-70-53913.html
Z9-28-072,Z9/28,2025-09-09,sabina-benesova,Sabina Benešová,ANO 2011,Ano,Ano,88ca42680cd2cbc9,ano,,"95. Návrh prodeje pozemku p. č. 4158/4 v k. ú. Tuřany pro stavbu „Komunikační obchvat Tuřan, I.etapa“ - návrh kupní smlouvy",https://apl.brno.cz/protokoly-zmb/zmb-z9-28/20250909-72-53995.html
Z9-28-075,Z9/28,2025-09-09,sabina-benesova,Sabina Benešová,ANO 2011,Ano,Ano,675cbe87ef24aa18,ano,,body č. 104-117,https://apl.brno.cz/protokoly-zmb/zmb-z9-28/20250909-75-54098.html
Z9-28-076,Z9/28,2025-09-09,sabina-benesova,Sabina Benešová,ANO 2011,Ano,Ano,f50581b1825234d3,ano,,Body č. 118-149,https://apl.brno.cz/protokoly-zmb/zmb-z9-28/20250909-76-54147.html
Z9-28-077,Z9/28,2025-09-09,sabina-benesova,Sabina Benešová,ANO 2011,Ano,Ano,99fefd29666aed9a,ano,,body č. 150-154,https://apl.brno.cz/protokoly-zmb/zmb-z9-28/20250909-77-54183.html
Z9-28-078,Z9/28,2025-09-09,sabina-benesova,Sabina Benešová,ANO 2011,Ano,Ano,981e80cc33f46a52,ano,,"155. Návrh darování pozemků a částí pozemků v k. ú. Bystrc do vlastnictví Jihomoravského kraje, návrh na zřízení zákazu zcizení a zatížení, návrh na zřízení služebnosti",https://apl.brno.cz/protokoly-zmb/zmb-z9-28/20250909-78-54212.html
Z9-28-079,Z9/28,2025-09-09,sabina-benesova,Sabina Benešová,ANO 2011,Ano,Ano,8c3f6a7730c7e15d,ano,,"156. Návrh Souhlasného prohlášení o vlastnictví a kupní smlouvy ke spoluvlastnickému podílu id. 3/8 na pozemcích p. č. 7863/26 a 8352/8, k. ú. Židenice (městská část Brno-Židenice)",https://apl.brno.cz/protokoly-zmb/zmb-z9-28/20250909-79-54240.html
Z9-28-080,Z9/28,2025-09-09,sabina-benesova,Sabina Benešová,ANO 2011,Ano,Ano,dabb9da8ea84e16f,ano,,"157. Návrh na uznání vzniku vlastnického práva k části pozemku p. č. 1556/6, k. ú. Pisárky, formou souhlasného prohlášení",https://apl.brno.cz/protokoly-zmb/zmb-z9-28/20250909-80-54270.html
Z9-28-081,Z9/28,2025-09-09,sabina-benesova,Sabina Benešová,ANO 2011,Nehlasoval,Nehlasoval,8033f15a47f2080a,ano,,"158. Návrh na (ne)uznání vlastnického práva k pozemkům p. č. 2227/2 a p. č. 2228, oba v k. ú. Židenice (městská část Brno-Židenice) formou souhlasného prohlášení - var. B",https://apl.brno.cz/protokoly-zmb/zmb-z9-28/20250909-81-54322.html
Z9-28-082,Z9/28,2025-09-09,sabina-benesova,Sabina Benešová,ANO 2011,Ano,Ano,32ea58c2dcb4debb,ano,,159. Návrh souhlasu s kupní cenou za nabytí pozemku p. č. 1191/29 v k. ú. Trnitá,https://apl.brno.cz/protokoly-zmb/zmb-z9-28/20250909-82-54350.html
Z9-28-083,Z9/28,2025-09-09,sabina-benesova,Sabina Benešová,ANO 2011,Ano,Ano,119c4c839e539a9f,ano,,"160. Návrh Smlouvy o smlouvě budoucí kupní – pozemek p. č. 1117, k. ú. Zábrdovice",https://apl.brno.cz/protokoly-zmb/zmb-z9-28/20250909-83-54380.html
Z9-28-085,Z9/28,2025-09-09,sabina-benesova,Sabina Benešová,ANO 2011,Ano,Ano,f88d481731d1eb7a,ano,,body č. 162 a 163,https://apl.brno.cz/protokoly-zmb/zmb-z9-28/20250909-85-54475.html
Z9-28-073,Z9/28,2025-09-09,sabina-benesova,Sabina Benešová,ANO 2011,Ano,Ano,f07c566e5156af7a,ano,,96. Návrh prodeje pozemku p. č. 5274 v k. ú. Bystrc – lokalita Mečkov,https://apl.brno.cz/protokoly-zmb/zmb-z9-28/20250909-73-54024.html
Z9-28-087,Z9/28,2025-09-09,sabina-benesova,Sabina Benešová,ANO 2011,Ano,Ano,23cbb2e098b1aca3,ano,,Body č. 165-167,https://apl.brno.cz/protokoly-zmb/zmb-z9-28/20250909-87-54533.html
Z9-28-074,Z9/28,2025-09-09,sabina-benesova,Sabina Benešová,ANO 2011,Ano,Ano,f943626aa11f6c31,ano,,body č. 97-103,https://apl.brno.cz/protokoly-zmb/zmb-z9-28/20250909-74-54056.html
Z9-28-088,Z9/28,2025-09-09,sabina-benesova,Sabina Benešová,ANO 2011,Ano,Ano,b754cc050bffee84,ano,,"168. Návrh svěření majetku města městské části Brno-Nový Lískovec, pozemku p. č. 527/1 v k. ú. Nový Lískovec - stažení bodu",https://apl.brno.cz/protokoly-zmb/zmb-z9-28/20250909-88-54612.html
Z9-28-089,Z9/28,2025-09-09,sabina-benesova,Sabina Benešová,ANO 2011,Ano,Ano,74e822da02dff957,ano,,body č. 169-171,https://apl.brno.cz/protokoly-zmb/zmb-z9-28/20250909-89-54650.html
Z9-28-090,Z9/28,2025-09-09,sabina-benesova,Sabina Benešová,ANO 2011,Ano,Ano,1bd64b7738b6e564,ano,,"172. Návrh na setrvání na části usnesení Zastupitelstva města Brna Z9/14 konaného dne 30.1.2024, bod č. 88 – nesvěření pozemku p. č. 3123 v k. ú. Kníničky městské části Brno-Kníničky",https://apl.brno.cz/protokoly-zmb/zmb-z9-28/20250909-90-54679.html
Z9-28-091,Z9/28,2025-09-09,sabina-benesova,Sabina Benešová,ANO 2011,Ano,Ano,d9727abfab59c1bc,ano,,"173. Návrh nesouhlasu se záměrem pronájmu části pozemku p. č. 1556/10, k. ú. Pisárky, návrh nesouhlasu se záměrem prodeje části pozemku p. č. 1556/10, k. ú. Pisárky, za cenu dle cenové mapy z roku 1995",https://apl.brno.cz/protokoly-zmb/zmb-z9-28/20250909-91-54713.html
Z9-28-092,Z9/28,2025-09-09,sabina-benesova,Sabina Benešová,ANO 2011,Ano,Ano,589091bf19c50d52,ano,,174. Návrh Smlouvy o právu umístění a provedení stavby s ujednáním o budoucí kupní smlouvě pro stavbu „Lávka přes Ponávku u nádraží Brno – Královo Pole“,https://apl.brno.cz/protokoly-zmb/zmb-z9-28/20250909-92-54743.html
Z9-28-093,Z9/28,2025-09-09,sabina-benesova,Sabina Benešová,ANO 2011,Ano,Ano,3fcd9a22d8176bd4,ano,,175. Návrh Dodatku č. 2 ke Smlouvě o spolupráci při výstavbě veřejné infrastruktury „Rybářka – polyfunkční soubor – dům A“,https://apl.brno.cz/protokoly-zmb/zmb-z9-28/20250909-93-54775.html
Z9-28-094,Z9/28,2025-09-09,sabina-benesova,Sabina Benešová,ANO 2011,Ano,Ano,ac6466fcd27176b3,ano,,176. Návrh Dodatku č. 4 k Plánovací smlouvě č. 6314171782 a návrh Dodatku č. 5 ke Smlouvě o zrušení a vypořádání podílového spoluvlastnictví a smlouvě o zřízení zástavního práva č. 6312174631,https://apl.brno.cz/protokoly-zmb/zmb-z9-28/20250909-94-54810.html
Z9-28-095,Z9/28,2025-09-09,sabina-benesova,Sabina Benešová,ANO 2011,Ano,Ano,56fb73b67f7a4170,ano,,177. Horkovod z elektrárny Dukovany do Brna – vyjádření podpory projektu,https://apl.brno.cz/protokoly-zmb/zmb-z9-28/20250909-95-54838.html
Z9-30-001,Z9/30,2025-11-11,sabina-benesova,Sabina Benešová,ANO 2011,Ano,Ano,f60d069ae7b21197,ano,,"1. Technický bod (zapisovatelé, právní asistence, ověřovatelé zápisu, schválení programu zasedání ZMB) - ověřovatelé zápisu",https://apl.brno.cz/protokoly-zmb/zmb-z9-30/20251111-1-34111.html
Z9-28-084,Z9/28,2025-09-09,sabina-benesova,Sabina Benešová,ANO 2011,Ano,Ano,da306981a9b4e381,ano,,161. Návrh Dodatku č. 1 ke smlouvě o bezúplatném převodu pozemku p. č. 1507/1 v k. ú. Horní Heršpice z vlastnictví České republiky – Úřadu pro zastupování státu ve věcech majetkových do vlastnictví statutárního města Brna s omezujícími podmínkami,https://apl.brno.cz/protokoly-zmb/zmb-z9-28/20250909-84-54412.html
Z9-30-002,Z9/30,2025-11-11,sabina-benesova,Sabina Benešová,ANO 2011,Ano,Ano,4ddf7b6843a50c19,ano,,"1. Technický bod (zapisovatelé, právní asistence, ověřovatelé zápisu, schválení programu zasedání ZMB) - program - hlasování o stažení bodu č. 6, 37, 49, 64",https://apl.brno.cz/protokoly-zmb/zmb-z9-30/20251111-2-34275.html
Z9-28-086,Z9/28,2025-09-09,sabina-benesova,Sabina Benešová,ANO 2011,Ano,Ano,76964e83229a9f5a,ano,,"164. Návrh směny částí pozemku p. č. 2164 v k. ú. Černovice za pozemky p. č. 2712/209, p. č. 2712/271, p. č. 2712/272, p. č. 2722/18 a p. č. 2952/7, vše v k. ú. Černovice",https://apl.brno.cz/protokoly-zmb/zmb-z9-28/20250909-86-54506.html
Z9-30-004,Z9/30,2025-11-11,sabina-benesova,Sabina Benešová,ANO 2011,Ano,Ano,1f4d1b3c75b1d415,ano,,"1. Technický bod (zapisovatelé, právní asistence, ověřovatelé zápisu, schválení programu zasedání ZMB) - program",https://apl.brno.cz/protokoly-zmb/zmb-z9-30/20251111-4-34332.html
Z9-30-003,Z9/30,2025-11-11,sabina-benesova,Sabina Benešová,ANO 2011,Ano,Ano,bf911d292adec8ba,ano,,"1. Technický bod (zapisovatelé, právní asistence, ověřovatelé zápisu, schválení programu zasedání ZMB) - program - hlasování o zařazení bodu č. 101, 102 a 103",https://apl.brno.cz/protokoly-zmb/zmb-z9-30/20251111-3-34297.html
Z9-30-005,Z9/30,2025-11-11,sabina-benesova,Sabina Benešová,ANO 2011,Ano,Ano,f29a378893bcc413,ano,,4. Návrh harmonogramu zasedání Zastupitelstva města Brna v roce 2026,https://apl.brno.cz/protokoly-zmb/zmb-z9-30/20251111-5-36465.html
Z9-30-006,Z9/30,2025-11-11,sabina-benesova,Sabina Benešová,ANO 2011,Ano,Ano,4d2031f2141a1d1d,ano,,5. Návrh obecně závazné vyhlášky statutárního města Brna o místních poplatcích,https://apl.brno.cz/protokoly-zmb/zmb-z9-30/20251111-6-36492.html
Z9-30-007,Z9/30,2025-11-11,sabina-benesova,Sabina Benešová,ANO 2011,Ano,Ano,3803a55ab89eac91,ano,,7. Návrh na založení Svazku obcí Metropolitní oblasti a aglomerace České republiky a na delegování zástupců statutárního města Brna na valnou hromadu,https://apl.brno.cz/protokoly-zmb/zmb-z9-30/20251111-7-36523.html
Z9-30-008,Z9/30,2025-11-11,sabina-benesova,Sabina Benešová,ANO 2011,Ano,Ano,2ddf516220f0e65a,ano,,"8. Návrh Dodatku č. 1 ke zřizovací listině Kanceláře architekta města Brna, příspěvkové organizace",https://apl.brno.cz/protokoly-zmb/zmb-z9-30/20251111-8-36553.html
Z9-30-009,Z9/30,2025-11-11,sabina-benesova,Sabina Benešová,ANO 2011,Ano,Ano,0db4bd0a143f1b8d,ano,,9. Aktualizace Koncepce sociální politiky města Brna do roku 2030,https://apl.brno.cz/protokoly-zmb/zmb-z9-30/20251111-9-36870.html
Z9-30-010,Z9/30,2025-11-11,sabina-benesova,Sabina Benešová,ANO 2011,Ano,Ano,080b7db09eaf9501,ano,,10. Akční plán prevence kriminality ve městě Brně na období 2026–2028,https://apl.brno.cz/protokoly-zmb/zmb-z9-30/20251111-10-36901.html
Z9-30-011,Z9/30,2025-11-11,sabina-benesova,Sabina Benešová,ANO 2011,Ano,Ano,6f1f528b028f12ad,ano,,11. Strategie politiky statutárního města Brna v oblasti psychoaktivních látek a návykového chování na období 2026–2033 a Akční plán strategie politiky statutárního města Brna v oblasti psychoaktivních látek a návykového chování na období 2026–2029,https://apl.brno.cz/protokoly-zmb/zmb-z9-30/20251111-11-36938.html
Z9-30-012,Z9/30,2025-11-11,sabina-benesova,Sabina Benešová,ANO 2011,Ano,Ano,e9177bed59984984,ano,,12. Výsledky hospodaření statutárního města Brna za I.-III. čtvrtletí roku 2025,https://apl.brno.cz/protokoly-zmb/zmb-z9-30/20251111-12-36967.html
Z9-30-013,Z9/30,2025-11-11,sabina-benesova,Sabina Benešová,ANO 2011,Ano,Ano,ea6aa9fca50ccbe2,ano,,"13. Návrh příjmů, které město Brno postoupí v roce 2026 do rozpočtů městských částí",https://apl.brno.cz/protokoly-zmb/zmb-z9-30/20251111-13-36998.html
Z9-30-014,Z9/30,2025-11-11,sabina-benesova,Sabina Benešová,ANO 2011,Ano,Ano,d8fd69040255ba6a,ano,,14. Návrh aktualizace Metodiky veřejné podpory,https://apl.brno.cz/protokoly-zmb/zmb-z9-30/20251111-14-37025.html
Z9-30-016,Z9/30,2025-11-11,sabina-benesova,Sabina Benešová,ANO 2011,Ano,Ano,0071e623fc8d42d6,ano,,"16. Schválení investičního záměru na akci „MŠ v MČ Brno-Kohoutovice, Veslařská – půdní vestavba“, zařazení investiční akce do závazného plánu investic – návrh rozpočtového opatření",https://apl.brno.cz/protokoly-zmb/zmb-z9-30/20251111-16-37089.html
Z9-30-015,Z9/30,2025-11-11,sabina-benesova,Sabina Benešová,ANO 2011,Ano,Ano,eb9313e3135ffd77,ano,,"15. Návrh na vnesení nepeněžitého vkladu statutárního města Brna tvořeného souborem staveb veřejného a slavnostního osvětlení do základního kapitálu společnosti Technické sítě Brno, akciová společnost a návrh na změnu stanov této společnosti",https://apl.brno.cz/protokoly-zmb/zmb-z9-30/20251111-15-37059.html
Z9-30-018,Z9/30,2025-11-11,sabina-benesova,Sabina Benešová,ANO 2011,Ano,Ano,5bd29ed878bc11a4,ano,,18. Návrh na přesun výdajů v rámci rozpočtu Odboru sportu MMB v roce 2025 – návrh rozpočtového opatření,https://apl.brno.cz/protokoly-zmb/zmb-z9-30/20251111-18-37150.html
Z9-30-017,Z9/30,2025-11-11,sabina-benesova,Sabina Benešová,ANO 2011,Ano,Ano,d60b4bb0cd433d3f,ano,,"17. ""MŠ v MČ Brno-Královo Pole, lokalita Dělostřelecká"", zařazení investiční akce do závazného plánu investic – návrh rozpočtového opatření",https://apl.brno.cz/protokoly-zmb/zmb-z9-30/20251111-17-37122.html
Z9-30-019,Z9/30,2025-11-11,sabina-benesova,Sabina Benešová,ANO 2011,Ano,Ano,b778586753beb860,ano,,"19. Přesun běžných a kapitálových výdajů v rámci rozpočtu Odboru správy majetku MMB, návrh rozpočtového opatření",https://apl.brno.cz/protokoly-zmb/zmb-z9-30/20251111-19-37180.html
Z9-30-020,Z9/30,2025-11-11,sabina-benesova,Sabina Benešová,ANO 2011,Ano,Ano,390cdc6f035ac01c,ano,,20. Aktualizace rozpočtu běžných a kapitálových výdajů Odboru dopravy MMB – listopad 2025 – návrh rozpočtového opatření,https://apl.brno.cz/protokoly-zmb/zmb-z9-30/20251111-20-37210.html
Z9-30-021,Z9/30,2025-11-11,sabina-benesova,Sabina Benešová,ANO 2011,Ano,Ano,bc2a095f53ffc048,ano,,"21. Zapojení Fondu Dáme na vás, aktualizace rozpočtu běžných a kapitálových výdajů na projekty participativního rozpočtu v roce 2025 – návrh rozpočtového opatření",https://apl.brno.cz/protokoly-zmb/zmb-z9-30/20251111-21-37238.html
Z9-30-022,Z9/30,2025-11-11,sabina-benesova,Sabina Benešová,ANO 2011,Ano,Ano,38536d1849979ea4,ano,,22. Zapojení příjmů k financování běžných výdajů Odboru vnitřních věcí MMB v roce 2025 – návrh rozpočtového opatření,https://apl.brno.cz/protokoly-zmb/zmb-z9-30/20251111-22-37265.html
Z9-30-023,Z9/30,2025-11-11,sabina-benesova,Sabina Benešová,ANO 2011,Ano,Ano,704420fc29c8479f,ano,,23. Zapojení Fondu rezerv a rozvoje v souvislosti s poskytnutím individuální investiční dotace spolku Bulldogs Brno na projekt „Specializovaný florbalový povrch“ – návrh rozpočtového opatření,https://apl.brno.cz/protokoly-zmb/zmb-z9-30/20251111-23-37296.html
Z9-30-024,Z9/30,2025-11-11,sabina-benesova,Sabina Benešová,ANO 2011,Ano,Ano,6a16352b83d71bf7,ano,,"24. Zapojení Fondu rezerv a rozvoje v souvislosti s navýšením finančních prostředků alokovaných v rámci dotačního programu Podpora nákupu elektronické nepřenosné předplatní jízdenky MHD, návrh rozpočtového opatření",https://apl.brno.cz/protokoly-zmb/zmb-z9-30/20251111-24-37328.html
Z9-30-025,Z9/30,2025-11-11,sabina-benesova,Sabina Benešová,ANO 2011,Nehlasoval,Nehlasoval,6613d0ce459f087b,ano,,"25. Zapojení Fondu rezerv a rozvoje v souvislosti s poskytnutím individuální neinvestiční dotace Nadace Partnerství, návrh rozpočtového opatření",https://apl.brno.cz/protokoly-zmb/zmb-z9-30/20251111-25-37365.html
Z9-30-026,Z9/30,2025-11-11,sabina-benesova,Sabina Benešová,ANO 2011,Ano,Ano,da0735f308c6a15c,ano,,"26. Tvorba Fondu rezerv a rozvoje na základě očekávaného nedočerpání rozpočtu kapitálových výdajů OŽP MMB roku 2025, návrh na změnu účelu a prodloužení termínu vyúčtování transferů schválených městským částem – návrh rozpočtového opatření",https://apl.brno.cz/protokoly-zmb/zmb-z9-30/20251111-26-37402.html
Z9-30-027,Z9/30,2025-11-11,sabina-benesova,Sabina Benešová,ANO 2011,Ano,Ano,1864e5e64341874d,ano,,27. Tvorba Fondu rezerv a rozvoje na základě očekávaného nedočerpání transferů poskytnutých městským částem v rámci postoupených příjmů od města na rok 2025 – návrh rozpočtového opatření,https://apl.brno.cz/protokoly-zmb/zmb-z9-30/20251111-27-37432.html
Z9-30-028,Z9/30,2025-11-11,sabina-benesova,Sabina Benešová,ANO 2011,Ano,Ano,4423dfc852c0da51,ano,,"28. Návrh na prodloužení termínu vyúčtování, změnu účelu a tvorba Fondu rezerv a rozvoje na základě očekávaného nedočerpání transferů poskytnutých městským částem na rok 2025 –návrh rozpočtového opatření",https://apl.brno.cz/protokoly-zmb/zmb-z9-30/20251111-28-37463.html
Z9-30-030,Z9/30,2025-11-11,sabina-benesova,Sabina Benešová,ANO 2011,Ano,Ano,bc6e004c8e1ff7b1,ano,,"30. Návrh na poskytnutí účelového neinvestičního příspěvku Veřejné zeleni města Brna, příspěvkové organizaci na projekt ""Zlepšení vitality stromů"" - návrh rozpočtového opatření",https://apl.brno.cz/protokoly-zmb/zmb-z9-30/20251111-30-37531.html
Z9-30-029,Z9/30,2025-11-11,sabina-benesova,Sabina Benešová,ANO 2011,Ano,Ano,5fe657b07ca68377,ano,,29. Návrh na poskytnutí investičních dotací v rámci dotačního programu Podpora vytváření zelených střech,https://apl.brno.cz/protokoly-zmb/zmb-z9-30/20251111-29-37497.html
Z9-30-032,Z9/30,2025-11-11,sabina-benesova,Sabina Benešová,ANO 2011,Ano,Ano,e4d314bf7120c251,ano,,"32. Návrh na poskytnutí investiční dotace Sportovnímu klubu Jundrov, z. s., na projekt vybudování oplocení fotbalového hřiště podaný v PROGRAMU: Zkvalitnění sportovního prostředí a zařízení na území města Brna pro rok 2025 – návrh rozpočtového opatření",https://apl.brno.cz/protokoly-zmb/zmb-z9-30/20251111-32-38171.html
Z9-30-031,Z9/30,2025-11-11,sabina-benesova,Sabina Benešová,ANO 2011,Ano,Ano,f05dfd5c3f2e2b80,ano,,"31. Návrh na poskytnutí individuální investiční dotace společnosti Technické sítě Brno, akciová společnost, na akci ""Osvětlení nábřeží vodního toku Svratka""",https://apl.brno.cz/protokoly-zmb/zmb-z9-30/20251111-31-38137.html
Z9-30-033,Z9/30,2025-11-11,sabina-benesova,Sabina Benešová,ANO 2011,Ano,Ano,6f1a6f36a3cb8d60,ano,,"33. Návrh na poskytnutí individuální neinvestiční dotace společnosti STAREZ – SPORT, a. s., na úhradu provozních nákladů Městského fotbalového stadionu Srbská, Srbská 47a, Brno v roce 2025 – návrh rozpočtového opatření",https://apl.brno.cz/protokoly-zmb/zmb-z9-30/20251111-33-38203.html
Z9-30-034,Z9/30,2025-11-11,sabina-benesova,Sabina Benešová,ANO 2011,Ano,Ano,d4d20c974aaf5594,ano,,34. Návrh na poskytnutí individuálních neinvestičních dotací v oblasti tělovýchovy a sportu pro rok 2025 – III. kolo – návrh rozpočtového opatření,https://apl.brno.cz/protokoly-zmb/zmb-z9-30/20251111-34-38232.html
Z9-30-035,Z9/30,2025-11-11,sabina-benesova,Sabina Benešová,ANO 2011,Ano,Ano,feac83de67675869,ano,,35. Návrh na poskytnutí neinvestičních dotací na podporu sportovních odvětví v roce 2025 – návrh rozpočtového opatření,https://apl.brno.cz/protokoly-zmb/zmb-z9-30/20251111-35-38261.html
Z9-30-036,Z9/30,2025-11-11,sabina-benesova,Sabina Benešová,ANO 2011,Ano,Ano,0db2a02800979e25,ano,,36. Návrh na poskytnutí individuální neinvestiční dotace z rozpočtu města Brna v roce 2025 společnosti Větrné mlýny s. r. o. na projekt Edice Brno – návrh rozpočtového opatření,https://apl.brno.cz/protokoly-zmb/zmb-z9-30/20251111-36-38292.html
Z9-30-037,Z9/30,2025-11-11,sabina-benesova,Sabina Benešová,ANO 2011,Ano,Ano,b56513da6898e52d,ano,,"38. Návrh na poskytnutí individuální neinvestiční dotace organizaci Chorvatsko – český spolek, z. s., na projekt ""Putovní vernisáž dětských literárních děl Chorvatsko"" – návrh rozpočtového opatření",https://apl.brno.cz/protokoly-zmb/zmb-z9-30/20251111-37-38327.html
Z9-30-039,Z9/30,2025-11-11,sabina-benesova,Sabina Benešová,ANO 2011,Ano,Ano,505178b9aa020c56,ano,,40. Návrh na změny transferů poskytnutých městským částem z rozpočtu Odboru investičního MMB – listopad 2025 - návrh rozpočtového opatření,https://apl.brno.cz/protokoly-zmb/zmb-z9-30/20251111-39-38402.html
Z9-30-038,Z9/30,2025-11-11,sabina-benesova,Sabina Benešová,ANO 2011,Ano,Ano,def8f7d1d8259a4e,ano,,39. Návrh na poskytnutí peněžitého daru Nadačnímu fondu Josefů K. – návrh rozpočtového opatření,https://apl.brno.cz/protokoly-zmb/zmb-z9-30/20251111-38-38360.html
Z9-30-040,Z9/30,2025-11-11,sabina-benesova,Sabina Benešová,ANO 2011,Ano,Ano,edfbd439cf6c299f,ano,,Body č. 41-43,https://apl.brno.cz/protokoly-zmb/zmb-z9-30/20251111-40-38445.html
Z9-30-041,Z9/30,2025-11-11,sabina-benesova,Sabina Benešová,ANO 2011,Ano,Ano,cfd163bab80e3f83,ano,,"44. Kancelář architekta města Brna, příspěvková organizace – návrh na změnu účelu využití části účelového neinvestičního příspěvku, návrh na prodloužení termínu vyúčtování schválených účelových neinvestičních a schválených investičních příspěvků",https://apl.brno.cz/protokoly-zmb/zmb-z9-30/20251111-41-38488.html
Z9-30-042,Z9/30,2025-11-11,sabina-benesova,Sabina Benešová,ANO 2011,Ano,Ano,967b268672613d3d,ano,,"45. Žádost o souhlas se změnou projektu „Lukáš Oravec Orchestra – tvorba, premiéry a nahrávky v Brně“ a návrh dodatku č. 1 ke smlouvě o poskytnutí dotace v oblasti kultury u projektu ""Hudba pro Brno XXI – Koncerty klasické hudby""",https://apl.brno.cz/protokoly-zmb/zmb-z9-30/20251111-42-38520.html
Z9-30-043,Z9/30,2025-11-11,sabina-benesova,Sabina Benešová,ANO 2011,Ano,Ano,c6c15dfc22c85258,ano,,46. Návrh dodatku č. 1 ke Smlouvě o poskytnutí neinvestiční dotace č. 7225091016 ze dne 26.02.2025 – NADĚJE – návrh rozpočtového opatření,https://apl.brno.cz/protokoly-zmb/zmb-z9-30/20251111-43-38549.html
Z9-30-044,Z9/30,2025-11-11,sabina-benesova,Sabina Benešová,ANO 2011,Ano,Ano,9274240ef1712bb1,ano,,"47. Návrh dodatku č. 2 smlouvy o poskytnutí dotace z rozpočtu města Brna mezi statutárním městem Brnem a společností SNIP & CO, reklamní společnost, spol. s r. o.",https://apl.brno.cz/protokoly-zmb/zmb-z9-30/20251111-44-38976.html
Z9-30-046,Z9/30,2025-11-11,sabina-benesova,Sabina Benešová,ANO 2011,Nehlasoval,Nehlasoval,5c74bed996457416,ano,,50. Žádost o náhradu škody způsobené změnou v území - hlasování o stažení bodu,https://apl.brno.cz/protokoly-zmb/zmb-z9-30/20251111-46-39717.html
Z9-30-047,Z9/30,2025-11-11,sabina-benesova,Sabina Benešová,ANO 2011,Ano,Ano,c00c85c37e9978d0,ano,,50. Žádost o náhradu škody způsobené změnou v území,https://apl.brno.cz/protokoly-zmb/zmb-z9-30/20251111-47-40229.html
Z9-30-048,Z9/30,2025-11-11,sabina-benesova,Sabina Benešová,ANO 2011,Ano,Ano,cdd0ca287406078d,ano,,51. Návrh prodloužení realizace projektu a návrh dodatku č.1 ke Smlouvě o poskytnutí účelové investiční dotace uzavřené s Českou provincií Kongregace sester sv. Cyrila a Metoděje na výstavbu Cyrilometodějské mateřské školy Brno,https://apl.brno.cz/protokoly-zmb/zmb-z9-30/20251111-48-40349.html
Z9-30-045,Z9/30,2025-11-11,sabina-benesova,Sabina Benešová,ANO 2011,Ano,Ano,7672e6a6d4f2acc8,ano,,"48. Návrh dodatku č. 2 ke smlouvě č. 1522172848 o poskytování veřejné služby a podmínkách poskytnutí vyrovnávací platby za plnění závazku veřejné služby – Projekt Regionální inovační strategie Jihomoravského kraje ""Brno Expat Centre""",https://apl.brno.cz/protokoly-zmb/zmb-z9-30/20251111-45-39459.html
Z9-30-049,Z9/30,2025-11-11,sabina-benesova,Sabina Benešová,ANO 2011,Ano,Ano,335d609d93427406,ano,,52. Projekty financované z Fondu kofinancování projektů – listopad 2025 – návrh rozpočtových opatření,https://apl.brno.cz/protokoly-zmb/zmb-z9-30/20251111-49-40408.html
Z9-30-050,Z9/30,2025-11-11,sabina-benesova,Sabina Benešová,ANO 2011,Ano,Ano,70ac1de8f50f5550,ano,,53. Finanční prostředky Fondu kofinancování projektů – listopad 2025 – návrh rozpočtového opatření,https://apl.brno.cz/protokoly-zmb/zmb-z9-30/20251111-50-40458.html
Z9-30-052,Z9/30,2025-11-11,sabina-benesova,Sabina Benešová,ANO 2011,Ano,Ano,715d47d319caa6a0,ano,,"55. Projekt ""Sanace skalního řícení na pozemku p. č. 812/1 v k. ú. Komín – Ruský vrch"" – posouzení projektu, návrh rozpočtového opatření",https://apl.brno.cz/protokoly-zmb/zmb-z9-30/20251111-52-40705.html
Z9-30-051,Z9/30,2025-11-11,sabina-benesova,Sabina Benešová,ANO 2011,Ano,Ano,21891284b2708303,ano,,"54. Projekt ""Sanace skalního tělesa v Kamenné čtvrti"" – posouzení projektu",https://apl.brno.cz/protokoly-zmb/zmb-z9-30/20251111-51-40678.html
Z9-30-053,Z9/30,2025-11-11,sabina-benesova,Sabina Benešová,ANO 2011,Ano,Ano,370835920f07aa33,ano,,"56. Projekt ""Stavba požární zbrojnice Brno-Ořešín"" – posouzení projektu, návrh smlouvy o poskytnutí dotace",https://apl.brno.cz/protokoly-zmb/zmb-z9-30/20251111-53-40732.html
Z9-30-054,Z9/30,2025-11-11,sabina-benesova,Sabina Benešová,ANO 2011,Ano,Ano,6eff74f2eaa168bb,ano,,"57. Projekt ""Revitalizace bývalého hřbitova v Brně-Bystrci"" – rozhodnutí o poskytnutí dotace",https://apl.brno.cz/protokoly-zmb/zmb-z9-30/20251111-54-40760.html
Z9-30-055,Z9/30,2025-11-11,sabina-benesova,Sabina Benešová,ANO 2011,Ano,Ano,1a53da3e84c1e6de,ano,,"58. Projekt ""Stavební úpravy MŠ Marie Majerové"" – návrh smlouvy o poskytnutí podpory",https://apl.brno.cz/protokoly-zmb/zmb-z9-30/20251111-55-40789.html
Z9-30-056,Z9/30,2025-11-11,sabina-benesova,Sabina Benešová,ANO 2011,Ano,Ano,b8e4cd63da73fc2b,ano,,"59. Návrh na změnu usnesení a přílohy č. 77a Zastupitelstva města Brna č. Z9/27, konaného dne 10. 6. 2025, bod č. 87; návrh vzorové dohody o narovnání s bezúplatným převodem podílu města na bytových jednotkách v domech Poslušného 5, 7 v k. ú. Líšeň",https://apl.brno.cz/protokoly-zmb/zmb-z9-30/20251111-56-40831.html
Z9-30-058,Z9/30,2025-11-11,sabina-benesova,Sabina Benešová,ANO 2011,Ano,Ano,05978dd0b489780b,ano,,61. Návrh změny Pravidel pronájmu bytů v domech v majetku statutárního města Brna,https://apl.brno.cz/protokoly-zmb/zmb-z9-30/20251111-58-40911.html
Z9-30-057,Z9/30,2025-11-11,sabina-benesova,Sabina Benešová,ANO 2011,Ano,Ano,536f61888f315dcb,ano,,"60. Návrh na uzavření dohody o splátkách dluhu z nájmu bytu v domě Vlhká 4, Brno",https://apl.brno.cz/protokoly-zmb/zmb-z9-30/20251111-57-40868.html
Z9-30-060,Z9/30,2025-11-11,sabina-benesova,Sabina Benešová,ANO 2011,Ano,Ano,8239afa8539bf39d,ano,,"63. Návrh zpeněžení (prodeje) pozemků p. č. 2812/30, p. č. 2812/31, p. č. 2812/32, p. č. 2812/33 a p. č. 2812/249, vše k. ú. Šlapanice u Brna, formou veřejné elektronické dražby",https://apl.brno.cz/protokoly-zmb/zmb-z9-30/20251111-60-40981.html
Z9-30-061,Z9/30,2025-11-11,sabina-benesova,Sabina Benešová,ANO 2011,Ano,Ano,1fcf960f86ce24b3,ano,,65. Návrh prodeje části pozemku p. č. 998/19 v k. ú. Starý Lískovec,https://apl.brno.cz/protokoly-zmb/zmb-z9-30/20251111-61-41014.html
Z9-30-059,Z9/30,2025-11-11,sabina-benesova,Sabina Benešová,ANO 2011,Ano,Ano,61fda60780d201d2,ano,,62. Návrh změny průběhu části katastrální hranice mezi k. ú. Černovice a k. ú. Slatina a návrh na udělení předchozího souhlasu s uzavřením dohody o změně průběhu části hranice městských částí Brno-Černovice a Brno-Slatina,https://apl.brno.cz/protokoly-zmb/zmb-z9-30/20251111-59-40945.html
Z9-30-062,Z9/30,2025-11-11,sabina-benesova,Sabina Benešová,ANO 2011,Ano,Ano,f1c4be9eda1eb19d,ano,,"66. Návrh prodeje pozemků v k. ú. Královo Pole a Medlánky Technologickému Parku Brno, a. s., návrh na zřízení služebností",https://apl.brno.cz/protokoly-zmb/zmb-z9-30/20251111-62-41220.html
Z9-30-063,Z9/30,2025-11-11,sabina-benesova,Sabina Benešová,ANO 2011,Ano,Ano,1720738312160798,ano,,Body č. 67-72,https://apl.brno.cz/protokoly-zmb/zmb-z9-30/20251111-63-41260.html
Z9-30-064,Z9/30,2025-11-11,sabina-benesova,Sabina Benešová,ANO 2011,Ano,Ano,c1b09f6bb732d47f,ano,,Body č. 73-75,https://apl.brno.cz/protokoly-zmb/zmb-z9-30/20251111-64-41295.html
Z9-30-065,Z9/30,2025-11-11,sabina-benesova,Sabina Benešová,ANO 2011,Ano,Ano,5d6c00e8f5c382b4,ano,,Body č. 76 a 77,https://apl.brno.cz/protokoly-zmb/zmb-z9-30/20251111-65-41331.html
Z9-30-066,Z9/30,2025-11-11,sabina-benesova,Sabina Benešová,ANO 2011,Ano,Ano,b6ae6bde9160d1af,ano,,Body č. 78-87,https://apl.brno.cz/protokoly-zmb/zmb-z9-30/20251111-66-41376.html
Z9-30-067,Z9/30,2025-11-11,sabina-benesova,Sabina Benešová,ANO 2011,Ano,Ano,b635e7edef296ca0,ano,,"88. Návrh dodatku č. 1 ke kupní smlouvě č. 6320012082 - zrušení zákazu zcizení k pozemkům p. č. 456/41, 456/46, 456/48 v k. ú. Ponava",https://apl.brno.cz/protokoly-zmb/zmb-z9-30/20251111-67-41408.html
Z9-30-068,Z9/30,2025-11-11,sabina-benesova,Sabina Benešová,ANO 2011,Ano,Ano,21f381e62dec2251,ano,,Body č. 89-91,https://apl.brno.cz/protokoly-zmb/zmb-z9-30/20251111-68-41453.html
Z9-30-069,Z9/30,2025-11-11,sabina-benesova,Sabina Benešová,ANO 2011,Ano,Ano,1ebe3a208ccc73b6,ano,,92. Aktualizace smluv souvisejících s provozováním VH infrastruktury od 1. ledna 2026. Dodatek č. 1 ke smlouvě o součinnosti v rámci projektu kalové hospodářství ČOV Brno – Modřice,https://apl.brno.cz/protokoly-zmb/zmb-z9-30/20251111-69-41490.html
Z9-30-070,Z9/30,2025-11-11,sabina-benesova,Sabina Benešová,ANO 2011,Ano,Ano,85860c0eafc4dd5a,ano,,Body č. 93 a 94,https://apl.brno.cz/protokoly-zmb/zmb-z9-30/20251111-70-41530.html
Z9-30-071,Z9/30,2025-11-11,sabina-benesova,Sabina Benešová,ANO 2011,Ano,Ano,0cb4eec0a1b41b71,ano,,95. Návrh Dodatku č. 3 ke Smlouvě o poskytnutí protipovodňového zařízení uzavřené s Českou republikou – Hasičským záchranným sborem Jihomoravského kraje,https://apl.brno.cz/protokoly-zmb/zmb-z9-30/20251111-71-41567.html
Z9-30-072,Z9/30,2025-11-11,sabina-benesova,Sabina Benešová,ANO 2011,Ano,Ano,663a17133f9c4ee9,ano,,96. Územní plán zóny Soběšice – návrh na zrušení formou opatření obecné povahy,https://apl.brno.cz/protokoly-zmb/zmb-z9-30/20251111-72-41602.html
Z9-30-073,Z9/30,2025-11-11,sabina-benesova,Sabina Benešová,ANO 2011,Ano,Ano,7a95400a7f3f6162,ano,,97. Změna 2-25 Územního plánu města Brna – rozhodnutí o pořízení a schválení zadání změn - hlasování o návrhu p. Hladíka,https://apl.brno.cz/protokoly-zmb/zmb-z9-30/20251111-73-41853.html
Z9-30-074,Z9/30,2025-11-11,sabina-benesova,Sabina Benešová,ANO 2011,Ano,Ano,406659a7722e1bd2,ano,,97. Změna 2-25 Územního plánu města Brna – rozhodnutí o pořízení a schválení zadání změn - hlasování o návrhu p. Chvátala,https://apl.brno.cz/protokoly-zmb/zmb-z9-30/20251111-74-41926.html
Z9-30-075,Z9/30,2025-11-11,sabina-benesova,Sabina Benešová,ANO 2011,Ano,Ano,847068769b3a5339,ano,,97. Změna 2-25 Územního plánu města Brna – rozhodnutí o pořízení a schválení zadání změn,https://apl.brno.cz/protokoly-zmb/zmb-z9-30/20251111-75-41960.html
Z9-30-076,Z9/30,2025-11-11,sabina-benesova,Sabina Benešová,ANO 2011,Ano,Ano,ded17e32f4cd658d,ano,,98. Regulační plán Městské památkové rezervace Brno – návrh na zrušení formou opatření obecné povahy,https://apl.brno.cz/protokoly-zmb/zmb-z9-30/20251111-76-42171.html
Z9-30-077,Z9/30,2025-11-11,sabina-benesova,Sabina Benešová,ANO 2011,Ano,Ano,d5292700d02ff089,ano,,99. Regulační plán MČ Medlánky – návrh na zrušení formou opatření obecné povahy,https://apl.brno.cz/protokoly-zmb/zmb-z9-30/20251111-77-42215.html
Z9-30-078,Z9/30,2025-11-11,sabina-benesova,Sabina Benešová,ANO 2011,Ano,Ano,5c3fb67a8af34678,ano,,100. Regulační plán bloku Příkop – Bratislavská– Koliště – Milady Horákové – návrh na zrušení formou opatření obecné povahy,https://apl.brno.cz/protokoly-zmb/zmb-z9-30/20251111-78-42398.html
Z9-30-079,Z9/30,2025-11-11,sabina-benesova,Sabina Benešová,ANO 2011,Ano,Ano,8b5527df7be1d3e0,ano,,Body č. 101 a 102,https://apl.brno.cz/protokoly-zmb/zmb-z9-30/20251111-79-42441.html
Z9-30-080,Z9/30,2025-11-11,sabina-benesova,Sabina Benešová,ANO 2011,Ano,Ano,7a95f35b045a9865,ano,,103. Návrh na snížení neinvestičního příspěvku zřizovatele Úrazové nemocnici v Brně na rok 2025 – návrh rozpočtového opatření,https://apl.brno.cz/protokoly-zmb/zmb-z9-30/20251111-80-42472.html
Z9-31-001,Z9/31,2025-12-10,sabina-benesova,Sabina Benešová,ANO 2011,Ano,Ano,d2c7dbbf8d4ab12e,ano,,"1. Technický bod (zapisovatelé, právní asistence, ověřovatelé zápisu, schválení programu zasedání ZMB) - ověřovatelé zápisu",https://apl.brno.cz/protokoly-zmb/zmb-z9-31/20251210-1-29400.html
Z9-31-002,Z9/31,2025-12-10,sabina-benesova,Sabina Benešová,ANO 2011,Ano,Ano,1e088959a36ef6ff,ano,,"1. Technický bod (zapisovatelé, právní asistence, ověřovatelé zápisu, schválení programu zasedání ZMB) - program - hlasování o stažení bodu č. 14, 22, 79, 100",https://apl.brno.cz/protokoly-zmb/zmb-z9-31/20251210-2-29545.html
Z9-31-003,Z9/31,2025-12-10,sabina-benesova,Sabina Benešová,ANO 2011,Ano,Ano,69aa8fe2ab9a3bcc,ano,,"1. Technický bod (zapisovatelé, právní asistence, ověřovatelé zápisu, schválení programu zasedání ZMB) - program",https://apl.brno.cz/protokoly-zmb/zmb-z9-31/20251210-3-29580.html
Z9-31-004,Z9/31,2025-12-10,sabina-benesova,Sabina Benešová,ANO 2011,Ano,Ano,a82498107988bbb9,ano,,4. Návrh na udělení Ceny města Brna pro rok 2025,https://apl.brno.cz/protokoly-zmb/zmb-z9-31/20251210-4-29611.html
Z9-31-005,Z9/31,2025-12-10,sabina-benesova,Sabina Benešová,ANO 2011,Ano,Ano,6450fe43f37659ca,ano,,5. Návrh na udělení čestného občanství města Brna za období 2022–2026,https://apl.brno.cz/protokoly-zmb/zmb-z9-31/20251210-5-29647.html
Z9-31-006,Z9/31,2025-12-10,sabina-benesova,Sabina Benešová,ANO 2011,Ano,Ano,2af51921ed7176c1,ano,,6. Návrh na pojmenování nových ulic a lávky na území města Brna,https://apl.brno.cz/protokoly-zmb/zmb-z9-31/20251210-6-29678.html
Z9-31-007,Z9/31,2025-12-10,sabina-benesova,Sabina Benešová,ANO 2011,Ano,Ano,ad805dc6ad7efae4,ano,,"7. Odměňování neuvolněných členů Zastupitelstva města Brna a členů komisí Rady města Brna a výborů Zastupitelstva města Brna, kteří nejsou členy Zastupitelstva města Brna",https://apl.brno.cz/protokoly-zmb/zmb-z9-31/20251210-7-29710.html
Z9-31-009,Z9/31,2025-12-10,sabina-benesova,Sabina Benešová,ANO 2011,Ano,Ano,0bae40aca97dc1ea,ano,,"8. Návrh obecně závazné vyhlášky statutárního města Brna, kterou se mění obecně závazná vyhláška statutárního města Brna č. 20/2001, kterou se vydává Statut města Brna, ve znění pozdějších vyhlášek - hlasování o návrhu na změnu čl. 22 odst. 1, písm. b, bod 1",https://apl.brno.cz/protokoly-zmb/zmb-z9-31/20251210-9-30625.html
Z9-31-010,Z9/31,2025-12-10,sabina-benesova,Sabina Benešová,ANO 2011,Ano,Ano,4ecb06d6d13147f5,ano,,"8. Návrh obecně závazné vyhlášky statutárního města Brna, kterou se mění obecně závazná vyhláška statutárního města Brna č. 20/2001, kterou se vydává Statut města Brna, ve znění pozdějších vyhlášek",https://apl.brno.cz/protokoly-zmb/zmb-z9-31/20251210-10-30659.html
Z9-31-011,Z9/31,2025-12-10,sabina-benesova,Sabina Benešová,ANO 2011,Ano,Ano,205eb0007283cacd,ano,,9. Návrh obecně závazné vyhlášky statutárního města Brna o regulaci zacházení s pyrotechnickými výrobky,https://apl.brno.cz/protokoly-zmb/zmb-z9-31/20251210-11-31014.html
Z9-31-012,Z9/31,2025-12-10,sabina-benesova,Sabina Benešová,ANO 2011,Ano,Ano,e57266030c7b05b1,ano,,"10. Návrh obecně závazné vyhlášky statutárního města Brna, kterou se mění obecně závazná vyhláška statutárního města Brna č. 2/2017, kterou se stanoví školské obvody základních škol, ve znění pozdějších vyhlášek",https://apl.brno.cz/protokoly-zmb/zmb-z9-31/20251210-12-31047.html
Z9-31-014,Z9/31,2025-12-10,sabina-benesova,Sabina Benešová,ANO 2011,Ano,Ano,35f975ed16f8ae88,ano,,"12. Návrh stanov obchodní společnosti Veletrhy Brno, a. s.",https://apl.brno.cz/protokoly-zmb/zmb-z9-31/20251210-14-31111.html
Z9-31-013,Z9/31,2025-12-10,sabina-benesova,Sabina Benešová,ANO 2011,Ano,Ano,3075b76ed7200551,ano,,"11. Návrh obecně závazné vyhlášky statutárního města Brna, kterou se mění obecně závazná vyhláška statutárního města Brna č. 3/2017, kterou se stanoví školské obvody mateřských škol, ve znění pozdějších vyhlášek",https://apl.brno.cz/protokoly-zmb/zmb-z9-31/20251210-13-31081.html
Z9-31-015,Z9/31,2025-12-10,sabina-benesova,Sabina Benešová,ANO 2011,Ano,Ano,bf2cb7874cb864a9,ano,,13. Návrh Vlastnické politiky Koncernu statutárního města Brna,https://apl.brno.cz/protokoly-zmb/zmb-z9-31/20251210-15-31141.html
Z9-31-016,Z9/31,2025-12-10,sabina-benesova,Sabina Benešová,ANO 2011,Ano,Ano,620c7b4e6c2da183,ano,,15. Aktualizace Programu regenerace Městské památkové rezervace Brno pro období 2026–2030,https://apl.brno.cz/protokoly-zmb/zmb-z9-31/20251210-16-31175.html
Z9-31-017,Z9/31,2025-12-10,sabina-benesova,Sabina Benešová,ANO 2011,Ano,Ano,75746b2b0f23810b,ano,,16. Návrh Dodatku č. 4 k Veřejnoprávní smlouvě o výkonu působnosti na úseku obecní policie s obcí Lelekovice,https://apl.brno.cz/protokoly-zmb/zmb-z9-31/20251210-17-31206.html
Z9-31-018,Z9/31,2025-12-10,sabina-benesova,Sabina Benešová,ANO 2011,Ano,Ano,91bda119831eb2c2,ano,,17. Návrh Dodatku č. 5 k Veřejnoprávní smlouvě o výkonu působnosti na úseku obecní policie s obcí Vranov,https://apl.brno.cz/protokoly-zmb/zmb-z9-31/20251210-18-31236.html
Z9-31-019,Z9/31,2025-12-10,sabina-benesova,Sabina Benešová,ANO 2011,Ano,Ano,5b7cdebb095561a1,ano,,"18. Návrh dodatků ke zřizovacím listinám Domova pro seniory Kosmonautů, příspěvkové organizace a Centra sociálních služeb, příspěvkové organizace",https://apl.brno.cz/protokoly-zmb/zmb-z9-31/20251210-19-31269.html
Z9-31-020,Z9/31,2025-12-10,sabina-benesova,Sabina Benešová,ANO 2011,Ano,Ano,e3d06770f4036c15,ano,,19. Aktualizace zdrojů úvěrového financování rozpočtu v roce 2025 - návrh rozpočtového opatření,https://apl.brno.cz/protokoly-zmb/zmb-z9-31/20251210-20-31304.html
Z9-31-022,Z9/31,2025-12-10,sabina-benesova,Sabina Benešová,ANO 2011,Ano,Ano,a04e20e4eb5af420,ano,,20. Návrh rozpočtu statutárního města Brna na rok 2026,https://apl.brno.cz/protokoly-zmb/zmb-z9-31/20251210-22-33889.html
Z9-31-023,Z9/31,2025-12-10,sabina-benesova,Sabina Benešová,ANO 2011,Ano,Ano,8bad2a70f1ccf578,ano,,"21. Zajištění provozu obecního systému odpadového hospodářství, rekonstrukce a rozšíření vybraných SSO – návrh rozpočtového opatření",https://apl.brno.cz/protokoly-zmb/zmb-z9-31/20251210-23-33930.html
Z9-31-024,Z9/31,2025-12-10,sabina-benesova,Sabina Benešová,ANO 2011,Ano,Ano,82fc8340d2e6b9d5,ano,,23. Zvýšení příjmů a výdajů v rozpočtu Odboru správy majetku MMB – návrh rozpočtového opatření,https://apl.brno.cz/protokoly-zmb/zmb-z9-31/20251210-24-34012.html
Z9-31-025,Z9/31,2025-12-10,sabina-benesova,Sabina Benešová,ANO 2011,Ano,Ano,55e682ccee73272f,ano,,24. Tvorba Fondu rezerv a rozvoje na základě očekávaného nedočerpání rozpočtu kapitálových výdajů Odboru životního prostředí MMB roku 2025 - návrh rozpočtového opatření,https://apl.brno.cz/protokoly-zmb/zmb-z9-31/20251210-25-34041.html
Z9-31-027,Z9/31,2025-12-10,sabina-benesova,Sabina Benešová,ANO 2011,Ano,Ano,992c52206e28abda,ano,,26. Zapojení Fondu rezerv a rozvoje v souvislosti s poskytnutím individuální neinvestiční dotace TS BEAT UP z. s. na uspořádání taneční akce DANCE Life! v Brně – návrh rozpočtového opatření,https://apl.brno.cz/protokoly-zmb/zmb-z9-31/20251210-27-34163.html
Z9-31-026,Z9/31,2025-12-10,sabina-benesova,Sabina Benešová,ANO 2011,Ano,Ano,fbec21614cdee05d,ano,,25. Tvorba Fondu rezerv a rozvoje na základě očekávaného nedočerpání transferů poskytnutých městským částem na rok 2025 – návrh rozpočtového opatření,https://apl.brno.cz/protokoly-zmb/zmb-z9-31/20251210-26-34069.html
Z9-31-028,Z9/31,2025-12-10,sabina-benesova,Sabina Benešová,ANO 2011,Ano,Ano,275d21563010341f,ano,,27. Zapojení Fondu rezerv a rozvoje v souvislosti s poskytnutím individuální investiční dotace Tělocvičné jednotě Sokol Brno I na akci „Rekonstrukce stropu a zázemí sportovní gymnastiky pod Horní tělocvičnou Sokola Brno I“ – návrh rozpočtového opatření,https://apl.brno.cz/protokoly-zmb/zmb-z9-31/20251210-28-34197.html
Z9-31-029,Z9/31,2025-12-10,sabina-benesova,Sabina Benešová,ANO 2011,Ano,Ano,bfa79a2124453c7a,ano,,"28. Zapojení Fondu rezerv a rozvoje v souvislosti s poskytnutím individuální neinvestiční dotace Českému svazu házené, z.s., na uspořádání Mistrovství Evropy v házené žen 2026 (Women’s EHF EURO 2026) v Brně – návrh rozpočtového opatření",https://apl.brno.cz/protokoly-zmb/zmb-z9-31/20251210-29-34848.html
Z9-31-030,Z9/31,2025-12-10,sabina-benesova,Sabina Benešová,ANO 2011,Ano,Ano,5e59c4566050f8c7,ano,,"29. Zapojení Fondu rezerv a rozvoje v souvislosti s poskytnutím neinvestičního příspěvku na vykrytí očekávané ztráty hospodaření roku 2025 a návratné finanční výpomoci Nemocnici Milosrdných bratří, příspěvkové organizaci, návrh rozpočtového opatření",https://apl.brno.cz/protokoly-zmb/zmb-z9-31/20251210-30-34919.html
Z9-31-031,Z9/31,2025-12-10,sabina-benesova,Sabina Benešová,ANO 2011,Ano,Ano,3f379456371617e8,ano,,30. Návrh na poskytnutí neinvestiční dotace na zajištění provozu Realitní společnosti města Brna a. s.,https://apl.brno.cz/protokoly-zmb/zmb-z9-31/20251210-31-34949.html
Z9-31-032,Z9/31,2025-12-10,sabina-benesova,Sabina Benešová,ANO 2011,Ano,Ano,924ae7f47914c412,ano,,"31. Návrh na poskytnutí individuální neinvestiční dotace spolku Trenéři ve škole, z. s., na realizaci projektu „Trenéři ve škole“ v období 09/2025-01/2026 – návrh rozpočtového opatření",https://apl.brno.cz/protokoly-zmb/zmb-z9-31/20251210-32-34981.html
Z9-31-033,Z9/31,2025-12-10,sabina-benesova,Sabina Benešová,ANO 2011,Ano,Ano,9ccd9e15cd5154c8,ano,,32. Návrh na poskytnutí individuálních neinvestičních dotací v oblasti tělovýchovy a sportu pro rok 2025 – IV. kolo – návrh rozpočtového opatření,https://apl.brno.cz/protokoly-zmb/zmb-z9-31/20251210-33-35009.html
Z9-31-035,Z9/31,2025-12-10,sabina-benesova,Sabina Benešová,ANO 2011,Ano,Ano,89f560359ed9c503,ano,,34. Návrh na poskytnutí neinvestičních dotací na podporu sportovních odvětví v roce 2025 – 2. kolo – návrh rozpočtového opatření,https://apl.brno.cz/protokoly-zmb/zmb-z9-31/20251210-35-35070.html
Z9-31-034,Z9/31,2025-12-10,sabina-benesova,Sabina Benešová,ANO 2011,Ano,Ano,3dbd1a8c7296e45a,ano,,33. Návrh na poskytnutí individuální neinvestiční dotace společnosti Handball Brno s. r. o. na podporu vrcholového sportu na období 09-12/2025 - návrh rozpočtového opatření,https://apl.brno.cz/protokoly-zmb/zmb-z9-31/20251210-34-35042.html
Z9-31-036,Z9/31,2025-12-10,sabina-benesova,Sabina Benešová,ANO 2011,Ano,Ano,dfd510e26cf19017,ano,,"35. Návrh na poskytnutí individuální investiční dotace společnosti Technické sítě Brno, akciová společnost, na „Akce spojené s veřejným osvětlením, kolektory a kabelovody“",https://apl.brno.cz/protokoly-zmb/zmb-z9-31/20251210-36-35100.html
Z9-31-037,Z9/31,2025-12-10,sabina-benesova,Sabina Benešová,ANO 2011,Ano,Ano,43850902841fd559,ano,,36. Návrh na poskytnutí investičních dotací v rámci dotačního programu Podpora vytváření zelených střech,https://apl.brno.cz/protokoly-zmb/zmb-z9-31/20251210-37-35127.html
Z9-31-038,Z9/31,2025-12-10,sabina-benesova,Sabina Benešová,ANO 2011,Ano,Ano,458d53428f274b8a,ano,,37. Návrh na poskytnutí účelového investičního transferu městské části Brno-sever na realizaci akce Komunitní zahrada v Soběšicích – návrh rozpočtového opatření,https://apl.brno.cz/protokoly-zmb/zmb-z9-31/20251210-38-35157.html
Z9-31-039,Z9/31,2025-12-10,sabina-benesova,Sabina Benešová,ANO 2011,Ano,Ano,e0dd1a632b44dd15,ano,,"38. Návrh na změnu zatřídění investičního příspěvku schváleného Zoo Brno a stanici zájmových činností, příspěvkové organizaci – návrh rozpočtového opatření",https://apl.brno.cz/protokoly-zmb/zmb-z9-31/20251210-39-35186.html
Z9-31-040,Z9/31,2025-12-10,sabina-benesova,Sabina Benešová,ANO 2011,Ano,Ano,962f9d2834c865a9,ano,,"39. Návrh na snížení neinvestičního příspěvku TIC BRNO, příspěvkové organizaci, tvorba Fondu rezerv a rozvoje – návrh rozpočtového opatření",https://apl.brno.cz/protokoly-zmb/zmb-z9-31/20251210-40-35212.html
Z9-31-041,Z9/31,2025-12-10,sabina-benesova,Sabina Benešová,ANO 2011,Ano,Ano,795c5b77ed46df4d,ano,,40. Návrh na snížení příspěvku zřizovatele příspěvkovým organizacím v působnosti Odboru sociální péče MMB na rok 2025 – návrh rozpočtového opatření,https://apl.brno.cz/protokoly-zmb/zmb-z9-31/20251210-41-35242.html
Z9-31-042,Z9/31,2025-12-10,sabina-benesova,Sabina Benešová,ANO 2011,Ano,Ano,5a82e66b734d2454,ano,,"41. Návrh na snížení neinvestičních příspěvků Národnímu divadlu Brno, příspěvkové organizaci a Filharmonii Brno, příspěvkové organizaci, tvorba Fondu rezerv a rozvoje – návrh rozpočtového opatření",https://apl.brno.cz/protokoly-zmb/zmb-z9-31/20251210-42-35274.html
Z9-31-043,Z9/31,2025-12-10,sabina-benesova,Sabina Benešová,ANO 2011,Ano,Ano,0fb3824a71e149f5,ano,,"42. Návrh na snížení neinvestičního příspěvku zřizovatele Knihovně Jiřího Mahena v Brně, příspěvkové organizaci, na rok 2025 – návrh rozpočtového opatření",https://apl.brno.cz/protokoly-zmb/zmb-z9-31/20251210-43-35303.html
Z9-31-044,Z9/31,2025-12-10,sabina-benesova,Sabina Benešová,ANO 2011,Ano,Ano,3422ca220f6e1767,ano,,"43. Návrh na prodloužení termínu vyúčtování účelového neinvestičního příspěvku TIC BRNO, příspěvkové organizace",https://apl.brno.cz/protokoly-zmb/zmb-z9-31/20251210-44-35331.html
Z9-31-045,Z9/31,2025-12-10,sabina-benesova,Sabina Benešová,ANO 2011,Ano,Ano,e8321c7f8d9e2768,ano,,"44. Návrh na prodloužení termínu vyúčtování investičního příspěvku poskytnutého Domovu pro seniory Mikuláškovo nám., příspěvkové organizaci",https://apl.brno.cz/protokoly-zmb/zmb-z9-31/20251210-45-35360.html
Z9-31-047,Z9/31,2025-12-10,sabina-benesova,Sabina Benešová,ANO 2011,Ano,Ano,94439f31e203beb6,ano,,46. Návrh dodatku č. 1 ke smlouvám o poskytnutí dotace z rozpočtu města Brna na podporu oživení zeleně ve vnitroblocích ve městě Brně v roce 2025,https://apl.brno.cz/protokoly-zmb/zmb-z9-31/20251210-47-35426.html
Z9-31-048,Z9/31,2025-12-10,sabina-benesova,Sabina Benešová,ANO 2011,Ano,Ano,eed253711e9802f7,ano,,"47. Návrh Dodatku č. 7 ke Smlouvě o závazku veřejné služby a vyrovnávací platbě za jeho výkon uzavřené se STAREZ – SPORT, a. s.",https://apl.brno.cz/protokoly-zmb/zmb-z9-31/20251210-48-35455.html
Z9-31-046,Z9/31,2025-12-10,sabina-benesova,Sabina Benešová,ANO 2011,Ano,Ano,51589d09749838bc,ano,,"45. Žádost městské části Brno-Vinohrady o prodloužení termínu vyúčtování investičního transferu, aktualizace rozpočtu běžných výdajů Odboru dopravy MMB – prosinec 2025 – návrh rozpočtového opatření",https://apl.brno.cz/protokoly-zmb/zmb-z9-31/20251210-46-35395.html
Z9-31-050,Z9/31,2025-12-10,sabina-benesova,Sabina Benešová,ANO 2011,Ano,Ano,64074caf2b144d5f,ano,,"48. Soudní spor se společností Stavební firma MATYÁŠ s. r. o. (žaloba o 891.149,90 Kč s přísl.) – návrh dohody o narovnání",https://apl.brno.cz/protokoly-zmb/zmb-z9-31/20251210-50-35520.html
Z9-31-052,Z9/31,2025-12-10,sabina-benesova,Sabina Benešová,ANO 2011,Ano,Ano,ad7f8c4eb46cf4bb,ano,,50. Projekty financované z Fondu kofinancování projektů – prosinec 2025 – návrh rozpočtového opatření,https://apl.brno.cz/protokoly-zmb/zmb-z9-31/20251210-52-35583.html
Z9-31-051,Z9/31,2025-12-10,sabina-benesova,Sabina Benešová,ANO 2011,Ano,Ano,f716e772690f802d,ano,,49. Žádosti o souhlas se změnou projektu/činnosti,https://apl.brno.cz/protokoly-zmb/zmb-z9-31/20251210-51-35552.html
Z9-31-054,Z9/31,2025-12-10,sabina-benesova,Sabina Benešová,ANO 2011,Ano,Ano,1ee5f3027a526698,ano,,"52. Projekt ""NetZeroCities – Twinning Learning Programme"" – účast na projektu, návrh dohody o spolupráci",https://apl.brno.cz/protokoly-zmb/zmb-z9-31/20251210-54-35645.html
Z9-31-053,Z9/31,2025-12-10,sabina-benesova,Sabina Benešová,ANO 2011,Ano,Ano,1b57468fe0258074,ano,,51. Finanční prostředky Fondu kofinancování projektů – prosinec 2025 – návrh rozpočtového opatření,https://apl.brno.cz/protokoly-zmb/zmb-z9-31/20251210-53-35612.html
Z9-31-055,Z9/31,2025-12-10,sabina-benesova,Sabina Benešová,ANO 2011,Ano,Ano,9948f76d45f2136c,ano,,"53. Projekt ""Přírodní vzdělávací pointy v areálu Zoo Brno"" – změna parametrů posouzení projektu",https://apl.brno.cz/protokoly-zmb/zmb-z9-31/20251210-55-35674.html
Z9-31-056,Z9/31,2025-12-10,sabina-benesova,Sabina Benešová,ANO 2011,Ano,Ano,6cbd462a16c17cd8,ano,,"54. Projekt ""Rekonstrukce společenského centra Stará hasička a přilehlého veřejného prostoru"" – návrh smlouvy o poskytnutí dotace",https://apl.brno.cz/protokoly-zmb/zmb-z9-31/20251210-56-35705.html
Z9-31-058,Z9/31,2025-12-10,sabina-benesova,Sabina Benešová,ANO 2011,Ano,Ano,60029f3648c3d814,ano,,56. Žádost městské části Brno-Židenice o předchozí souhlas s použitím části kladného výsledku hospodaření z vlastní podnikatelské činnosti-bytové hospodářství k jiným účelům,https://apl.brno.cz/protokoly-zmb/zmb-z9-31/20251210-58-35767.html
Z9-31-057,Z9/31,2025-12-10,sabina-benesova,Sabina Benešová,ANO 2011,Ano,Ano,7783dfe28dabebd4,ano,,"55. Projekt ""Dny bez bariér"" – návrh dodatku č. 3 ke smlouvě o poskytnutí návratné finanční výpomoci",https://apl.brno.cz/protokoly-zmb/zmb-z9-31/20251210-57-35733.html
Z9-31-059,Z9/31,2025-12-10,sabina-benesova,Sabina Benešová,ANO 2011,Ano,Ano,8c5fff7f76e4f6cf,ano,,"57. Návrh kritérií pro přihlašování jednotlivců do projektu „Družstevní bydlení pro mladé“, lokalita Kamenný vrch II a postup výběru bytu; přerušení rezervace bytů u bytového domu označeného jako stavební objekty A2, A3, A4",https://apl.brno.cz/protokoly-zmb/zmb-z9-31/20251210-59-35865.html
Z9-31-060,Z9/31,2025-12-10,sabina-benesova,Sabina Benešová,ANO 2011,Ano,Ano,2d88925a464acffb,ano,,"58. Návrh prodeje pozemku p. č. 2270 a části pozemku p. č. 2233/1, k. ú. Husovice",https://apl.brno.cz/protokoly-zmb/zmb-z9-31/20251210-60-35930.html
Z9-31-062,Z9/31,2025-12-10,sabina-benesova,Sabina Benešová,ANO 2011,Ano,Ano,e0ff28c7e92b690a,ano,,"60. Návrh prodeje části pozemku p. č. 1044, k. ú. Jehnice",https://apl.brno.cz/protokoly-zmb/zmb-z9-31/20251210-62-35989.html
Z9-31-063,Z9/31,2025-12-10,sabina-benesova,Sabina Benešová,ANO 2011,Ano,Ano,5c732455ae628e6e,ano,,61. Návrh prodeje částí pozemku p. č. 1556/6 k. ú. Pisárky,https://apl.brno.cz/protokoly-zmb/zmb-z9-31/20251210-63-36020.html
Z9-31-061,Z9/31,2025-12-10,sabina-benesova,Sabina Benešová,ANO 2011,Ano,Ano,76578336b309b2fa,ano,,"59. Návrh prodeje pozemků p. č. 5307/35, 5307/36 v k. ú. Líšeň",https://apl.brno.cz/protokoly-zmb/zmb-z9-31/20251210-61-35959.html
Z9-31-064,Z9/31,2025-12-10,sabina-benesova,Sabina Benešová,ANO 2011,Ano,Ano,ea01be59c1dc5a0e,ano,,62. Návrh prodeje části pozemku p. č. 463/29 v k. ú. Starý Lískovec,https://apl.brno.cz/protokoly-zmb/zmb-z9-31/20251210-64-36049.html
Z9-31-065,Z9/31,2025-12-10,sabina-benesova,Sabina Benešová,ANO 2011,Ano,Ano,6ff118d5ffd0749f,ano,,63. Návrh prodeje části pozemku p. č. 1074 v k. ú. Chrlice,https://apl.brno.cz/protokoly-zmb/zmb-z9-31/20251210-65-36079.html
Z9-31-067,Z9/31,2025-12-10,sabina-benesova,Sabina Benešová,ANO 2011,Ano,Ano,c53ca4abc1bf374f,ano,,"77. Návrh bezúplatného nabytí nemovitých věcí v k. ú. Černá Pole, Pisárky, Řečkovice a Veveří z vlastnictví České republiky – Úřadu pro zastupování státu ve věcech majetkových do vlastnictví statutárního města Brna s omezujícími podmínkami a 78. Návrh bezúplatného nabytí pozemků v k. ú. Ponava, Řečkovice, Slatina, Královo Pole, Medlánky, Lesná z vlastnictví České republiky-Ministerstva obrany do vlastnictví statutárního města Brna",https://apl.brno.cz/protokoly-zmb/zmb-z9-31/20251210-67-36167.html
Z9-31-066,Z9/31,2025-12-10,sabina-benesova,Sabina Benešová,ANO 2011,Ano,Ano,000128744278df6f,ano,,Body č. 64-76,https://apl.brno.cz/protokoly-zmb/zmb-z9-31/20251210-66-36133.html
Z9-31-070,Z9/31,2025-12-10,sabina-benesova,Sabina Benešová,ANO 2011,Ano,Ano,5fba6ee092e22011,ano,,"95. Návrh směny nemovitých věcí v k. ú. Bohunice, v k. ú. Stránice, Nový Lískovec a Pisárky s Masarykovou univerzitou, návrh na zřízení služebností, návrh na zřízení zákazu zcizení a zatížení",https://apl.brno.cz/protokoly-zmb/zmb-z9-31/20251210-70-36303.html
Z9-31-071,Z9/31,2025-12-10,sabina-benesova,Sabina Benešová,ANO 2011,Ano,Ano,335f98e312134614,ano,,"96. Návrh směnné smlouvy se zřízením služebnosti pozemků v k. ú. Žabovřesky pro stavbu „Silnice I/42 Brno, VMO Žabovřeská“",https://apl.brno.cz/protokoly-zmb/zmb-z9-31/20251210-71-36337.html
Z9-31-068,Z9/31,2025-12-10,sabina-benesova,Sabina Benešová,ANO 2011,Ano,Ano,fcd9869e38ca94cc,ano,,"80. Návrh na změnu části usnesení Z9/27. zasedání Zastupitelstva města Brna konaného dne 10. 6. 2025, bod č. 129 ve věci uznání vlastnického práva ke spoluvlastnickým podílům na pozemcích v k. ú. Královo Pole formou souhlasného prohlášení",https://apl.brno.cz/protokoly-zmb/zmb-z9-31/20251210-68-36206.html
Z9-31-069,Z9/31,2025-12-10,sabina-benesova,Sabina Benešová,ANO 2011,Ano,Ano,1e77a4b9a194e30f,ano,,Body č. 81-94,https://apl.brno.cz/protokoly-zmb/zmb-z9-31/20251210-69-36266.html
Z9-31-072,Z9/31,2025-12-10,sabina-benesova,Sabina Benešová,ANO 2011,Ano,Ano,c775f629a7fa06f2,ano,,"97. Návrh souhlasu s technickými podmínkami převodu staveb bez čp/če stojících na pozemcích p. č. 1340/2, 1380, vše v k. ú. Staré Brno",https://apl.brno.cz/protokoly-zmb/zmb-z9-31/20251210-72-36399.html
Z9-31-073,Z9/31,2025-12-10,sabina-benesova,Sabina Benešová,ANO 2011,Ano,Ano,c1fd740141d80aac,ano,,"98. Návrh Zásad pro spolupráci s investory na rozvoji veřejné infrastruktury statutárního města Brna – aktualizace č. 1, Návrh na svěření pravomoci Radě města Brna",https://apl.brno.cz/protokoly-zmb/zmb-z9-31/20251210-73-36841.html
Z9-31-075,Z9/31,2025-12-10,sabina-benesova,Sabina Benešová,ANO 2011,Nehlasoval,Nehlasoval,a803fc13c905cab5,ano,,101. Návrh dodatku č. 2 ke Smlouvě o výstavbě veřejné infrastruktury „DORNYCH – polyfunkční komplex“,https://apl.brno.cz/protokoly-zmb/zmb-z9-31/20251210-75-36907.html
Z9-31-074,Z9/31,2025-12-10,sabina-benesova,Sabina Benešová,ANO 2011,Ano,Ano,d606dbd081b5c260,ano,,"99. Návrh dodatku č. 2 ke Smlouvě o pachtu a provozování vodovodů a kanalizací, uzavíraného mezi společností Brněnské vodárny a kanalizace, a. s., a statutárním městem Brnem.",https://apl.brno.cz/protokoly-zmb/zmb-z9-31/20251210-74-36879.html
Z9-31-076,Z9/31,2025-12-10,sabina-benesova,Sabina Benešová,ANO 2011,Ano,Ano,a0e1bce175e305ad,ano,,102. Návrh na poskytnutí investičního transferu městské části Brno-Žabovřesky z rozpočtu Odboru investičního MMB – prosinec 2025 – návrh rozpočtového opatření,https://apl.brno.cz/protokoly-zmb/zmb-z9-31/20251210-76-36937.html
Z9-31-078,Z9/31,2025-12-10,sabina-benesova,Sabina Benešová,ANO 2011,Ano,Ano,5ffb29580ecacd48,ano,,"104. Žádost o prodloužení čerpání účelového neinvestičního příspěvku u Hvězdárny a planetária Brno, příspěvkové organizace, na projekt ""Brněnský satelit""",https://apl.brno.cz/protokoly-zmb/zmb-z9-31/20251210-78-37000.html
Z9-31-079,Z9/31,2025-12-10,sabina-benesova,Sabina Benešová,ANO 2011,Ano,Ano,0a0874abd58c9106,ano,,105. Záměr poskytnutí individuálních investičních dotací z rozpočtu města Brna žadatelům v programech Národní sportovní agentury na rok 2026,https://apl.brno.cz/protokoly-zmb/zmb-z9-31/20251210-79-37032.html
Z9-31-080,Z9/31,2025-12-10,sabina-benesova,Sabina Benešová,ANO 2011,Ano,Ano,6251a435ad59689e,ano,,"106. Aktualizace rozpočtu 4. úseku MMB, návrh rozpočtového opatření",https://apl.brno.cz/protokoly-zmb/zmb-z9-31/20251210-80-37060.html
Z9-31-081,Z9/31,2025-12-10,sabina-benesova,Sabina Benešová,ANO 2011,Ano,Ano,cd4d5503478641ec,ano,,107. Změna 2-25 Územního plánu města Brna – zrušení schváleného zadání změny 007 a nové rozhodnutí o pořízení a schválení zadání změn 007 a 152,https://apl.brno.cz/protokoly-zmb/zmb-z9-31/20251210-81-37092.html
Z9-31-082,Z9/31,2025-12-10,sabina-benesova,Sabina Benešová,ANO 2011,Ano,Ano,bb0236d85fa8c86f,ano,,"108. Návrh na poskytnutí individuální investiční dotace Gymnáziu Matyáše Lercha, Brno, Žižkova 55, příspěvkové organizaci – Návrh na změnu přílohy č. 31b zápisu zasedání ZMB č. Z9/29 konaného dne 14.10.2025, bod č. 35",https://apl.brno.cz/protokoly-zmb/zmb-z9-31/20251210-82-37130.html
Z9-32-001,Z9/32,2026-01-20,sabina-benesova,Sabina Benešová,Nezávislí,Ano,Ano,f552ab1a86580a1d,ano,,"1. Technický bod (zapisovatelé, právní asistence, ověřovatelé zápisu, schválení programu zasedání ZMB) - ověřovatelé zápisu",https://apl.brno.cz/protokoly-zmb/zmb-z9-32/20260120-1-33169.html
Z9-32-002,Z9/32,2026-01-20,sabina-benesova,Sabina Benešová,Nezávislí,Ano,Ano,7c95e263d0120633,ano,,"1. Technický bod (zapisovatelé, právní asistence, ověřovatelé zápisu, schválení programu zasedání ZMB) - program - hlasování o stažení bodu č. 25, 40, 91",https://apl.brno.cz/protokoly-zmb/zmb-z9-32/20260120-2-33307.html
Z9-32-003,Z9/32,2026-01-20,sabina-benesova,Sabina Benešová,Nezávislí,Ano,Ano,f8efd27814101d8b,ano,,"1. Technický bod (zapisovatelé, právní asistence, ověřovatelé zápisu, schválení programu zasedání ZMB) - program - hlasování o zařazení bodu č. 99",https://apl.brno.cz/protokoly-zmb/zmb-z9-32/20260120-3-33326.html
Z9-32-004,Z9/32,2026-01-20,sabina-benesova,Sabina Benešová,Nezávislí,Ano,Ano,6c4a55db325ff71a,ano,,"1. Technický bod (zapisovatelé, právní asistence, ověřovatelé zápisu, schválení programu zasedání ZMB) - program",https://apl.brno.cz/protokoly-zmb/zmb-z9-32/20260120-4-33350.html
Z9-32-005,Z9/32,2026-01-20,sabina-benesova,Sabina Benešová,Nezávislí,Ano,Ano,9f77ab82604490dc,ano,,5. Přehled účastí na schůzích výborů ZMB,https://apl.brno.cz/protokoly-zmb/zmb-z9-32/20260120-5-33379.html
Z9-32-006,Z9/32,2026-01-20,sabina-benesova,Sabina Benešová,Nezávislí,Ano,Ano,cbbb4892d824a0c2,ano,,6. Poskytování příspěvků členům Zastupitelstva města Brna,https://apl.brno.cz/protokoly-zmb/zmb-z9-32/20260120-6-33410.html
Z9-32-008,Z9/32,2026-01-20,sabina-benesova,Sabina Benešová,Nezávislí,Ano,Ano,31a16ba892623678,ano,,8. Plán péče o seniory na území města Brna do roku 2050,https://apl.brno.cz/protokoly-zmb/zmb-z9-32/20260120-8-33478.html
Z9-32-007,Z9/32,2026-01-20,sabina-benesova,Sabina Benešová,Nezávislí,Ano,Ano,a82e7ebafd74d8f0,ano,,7. Návrh Dohody o spolupráci mezi městem Brnem (Česká republika) a městem Užhorodem (Ukrajina),https://apl.brno.cz/protokoly-zmb/zmb-z9-32/20260120-7-33446.html
Z9-32-009,Z9/32,2026-01-20,sabina-benesova,Sabina Benešová,Nezávislí,Ano,Ano,fe7b5560010b92b2,ano,,"9. Plán desegregačních opatření ve vzdělávání pro MČ Brno-sever na období 2026–2031 zpracovaný v rámci projektu Agentury pro sociální začleňování s názvem ""Desegregace vzdělávání dětí a žáků se sociálním znevýhodněním""",https://apl.brno.cz/protokoly-zmb/zmb-z9-32/20260120-9-33514.html
Z9-32-011,Z9/32,2026-01-20,sabina-benesova,Sabina Benešová,Nezávislí,Ano,Ano,47fa3da7d869c8a1,ano,,"11. Aktualizace rozpočtu běžných výdajů Odboru dopravy MMB, běžných výdajů Kanceláře marketingu a cestovního ruchu MMB a Fondu mobility – leden 2026 – návrh rozpočtového opatření",https://apl.brno.cz/protokoly-zmb/zmb-z9-32/20260120-11-33584.html
Z9-32-012,Z9/32,2026-01-20,sabina-benesova,Sabina Benešová,Nezávislí,Ano,Ano,9d2ca60db2a915a3,ano,,"12. Zapojení Fondu Dáme na vás na projekty participativního rozpočtu, výsledky hlasování – návrh rozpočtového opatření",https://apl.brno.cz/protokoly-zmb/zmb-z9-32/20260120-12-33614.html
Z9-32-014,Z9/32,2026-01-20,sabina-benesova,Sabina Benešová,Nezávislí,Ano,Ano,2ad1ac1c9c5f0c6f,ano,,"14. Zapojení Fondu rezerv a rozvoje – návrh na poskytnutí investičního příspěvku Domovu pro seniory Kociánka, p.o., na druhou etapu investiční akce „Požárně bezpečnostní řešení Domov pro seniory Kociánka, Kociánka 1/8“ – návrh rozpočtového opatření",https://apl.brno.cz/protokoly-zmb/zmb-z9-32/20260120-14-33686.html
Z9-32-015,Z9/32,2026-01-20,sabina-benesova,Sabina Benešová,Nezávislí,Ano,Ano,c67567872f1f4ea9,ano,,"15. Zapojení Fondu rezerv a rozvoje – návrh na poskytnutí investičního příspěvku Domovu pro seniory Foltýnova, příspěvkové organizaci – návrh rozpočtového opatření",https://apl.brno.cz/protokoly-zmb/zmb-z9-32/20260120-15-33717.html
Z9-31-077,Z9/31,2025-12-10,sabina-benesova,Sabina Benešová,ANO 2011,Ano,Ano,03459364d9b35808,ano,,"103. Návrh na poskytnutí individuální neinvestiční dotace Potravinové bance pro Brno a Jihomoravský kraj, z. s., návrh rozpočtového opatření",https://apl.brno.cz/protokoly-zmb/zmb-z9-31/20251210-77-36968.html
Z9-32-010,Z9/32,2026-01-20,sabina-benesova,Sabina Benešová,Nezávislí,Ano,Ano,924937e308a1d63d,ano,,10. Návrh aktualizace Integrované strategie rozvoje Brněnské metropolitní oblasti 2021+,https://apl.brno.cz/protokoly-zmb/zmb-z9-32/20260120-10-33546.html
Z9-32-013,Z9/32,2026-01-20,sabina-benesova,Sabina Benešová,Nezávislí,Ano,Ano,10a1371140a1207b,ano,,"13. Zapojení Fondu rezerv a rozvoje v souvislosti s navýšením poskytnuté individuální dotace z rozpočtu města Brna Moravské galerii v Brně na projekt ""Liběna Rochová: Doteky""– návrh rozpočtového opatření",https://apl.brno.cz/protokoly-zmb/zmb-z9-32/20260120-13-33650.html
Z9-32-016,Z9/32,2026-01-20,sabina-benesova,Sabina Benešová,Nezávislí,Ano,Ano,1f19c38df6a41c43,ano,,16. Návrh na poskytnutí transferů městským částem z rozpočtu Odboru investičního MMB na rok 2026 - návrh rozpočtového opatření,https://apl.brno.cz/protokoly-zmb/zmb-z9-32/20260120-16-33750.html
Z9-32-019,Z9/32,2026-01-20,sabina-benesova,Sabina Benešová,Nezávislí,Ano,Ano,c5b943cb7a0f22f3,ano,,"19. Návrh na poskytnutí individuálních neinvestičních dotací z rozpočtu města Brna na rok 2026 spolku JAZZ SIDE, z. s.",https://apl.brno.cz/protokoly-zmb/zmb-z9-32/20260120-19-33849.html
Z9-32-018,Z9/32,2026-01-20,sabina-benesova,Sabina Benešová,Nezávislí,Ano,Ano,abca44eb49bd0fa2,ano,,18. Návrh na poskytnutí individuálních neinvestičních dotací z rozpočtu města Brna pro státní příspěvkové organizace v oblasti kultury na roky 2026-2027,https://apl.brno.cz/protokoly-zmb/zmb-z9-32/20260120-18-33818.html
Z9-32-017,Z9/32,2026-01-20,sabina-benesova,Sabina Benešová,Nezávislí,Ano,Ano,db4fd56da4ff6808,ano,,"17. Návrh na poskytnutí individuální neinvestiční dotace z rozpočtu města Brna na rok 2026 spolku Brněnská nezávislá divadla, z. s., na projekt ""Festival brněnských nezávislých divadel""",https://apl.brno.cz/protokoly-zmb/zmb-z9-32/20260120-17-33785.html
Z9-32-022,Z9/32,2026-01-20,sabina-benesova,Sabina Benešová,Nezávislí,Ano,Ano,fd30b714c67690d6,ano,,22. Návrh na poskytnutí neinvestičních dotací na podporu vrcholového sportu pro rok 2026 - návrh rozpočtového opatření,https://apl.brno.cz/protokoly-zmb/zmb-z9-32/20260120-22-33969.html
Z9-32-023,Z9/32,2026-01-20,sabina-benesova,Sabina Benešová,Nezávislí,Ano,Ano,5ecb8bf7c05d25d8,ano,,23. Návrh na poskytnutí neinvestičních dotací v rámci Programu I pro rok 2026 – sociální služby poskytované nestátními neziskovými organizacemi – návrh rozpočtového opatření,https://apl.brno.cz/protokoly-zmb/zmb-z9-32/20260120-23-34003.html
Z9-32-024,Z9/32,2026-01-20,sabina-benesova,Sabina Benešová,Nezávislí,Ano,Ano,89aa9744481c1a9e,ano,,"24. Návrh na poskytnutí dotací a uzavření smluv s organizacemi poskytujícími služby zdravotnické, služby v oblasti podpory rodinné politiky a podpory prevence domácího násilí z rozpočtu města Brna na rok 2026",https://apl.brno.cz/protokoly-zmb/zmb-z9-32/20260120-24-34039.html
Z9-32-025,Z9/32,2026-01-20,sabina-benesova,Sabina Benešová,Nezávislí,Ano,Ano,91e06a35cec42b20,ano,,"26. Návrh smlouvy o poskytnutí individuální neinvestiční dotace SNIP & CO, reklamní společnost, spol. s r.o., na realizaci projektu „Dronové show 2026“",https://apl.brno.cz/protokoly-zmb/zmb-z9-32/20260120-25-34076.html
Z9-32-020,Z9/32,2026-01-20,sabina-benesova,Sabina Benešová,Nezávislí,Ano,Ano,0178b967debce0af,ano,,"20. Návrh na poskytnutí individuální neinvestiční dotace společnosti STAREZ – SPORT, a. s., na úhradu provozních nákladů Městského fotbalového stadionu Srbská, Srbská 47a, Brno v roce 2026",https://apl.brno.cz/protokoly-zmb/zmb-z9-32/20260120-20-33886.html
Z9-32-028,Z9/32,2026-01-20,sabina-benesova,Sabina Benešová,Nezávislí,Ano,Ano,5fabd4d58be01a7e,ano,,29. Návrh dodatku č. 1 ke Smlouvě o poskytnutí dotace z rozpočtu města Brna č. 7225092789,https://apl.brno.cz/protokoly-zmb/zmb-z9-32/20260120-28-34177.html
Z9-32-029,Z9/32,2026-01-20,sabina-benesova,Sabina Benešová,Nezávislí,Ano,Ano,2f5982dcf69758c6,ano,,"30. Informace o neuzavření smlouvy o poskytnutí schválené dotace z rozpočtu města Brna s RarePlaces, z. s., v rámci dotačního programu pro poskytování dotací v oblasti podpory kreativních odvětví na rok 2025 a 2026 v 7. etapě – “Pro Kreativní Brno”",https://apl.brno.cz/protokoly-zmb/zmb-z9-32/20260120-29-34215.html
Z9-32-021,Z9/32,2026-01-20,sabina-benesova,Sabina Benešová,Nezávislí,Ano,Ano,9a0f2aa28759c5ca,ano,,21. Návrh na poskytnutí individuální neinvestiční dotace TJ TESLA BRNO z. s. na projekt Zabezpečení celoročního provozu sportovního areálu TJ TESLA BRNO v roce 2026,https://apl.brno.cz/protokoly-zmb/zmb-z9-32/20260120-21-33918.html
Z9-32-030,Z9/32,2026-01-20,sabina-benesova,Sabina Benešová,Nezávislí,Ano,Ano,0d6fe5b629f2373b,ano,,"31. ""Akademické náměstí včetně parkovacího domu – zhotovitel stavby"" – návrh prodeje 7 kusů elektronabíjecích stanic",https://apl.brno.cz/protokoly-zmb/zmb-z9-32/20260120-30-34736.html
Z9-32-031,Z9/32,2026-01-20,sabina-benesova,Sabina Benešová,Nezávislí,Ano,Ano,459c185a77bf3720,ano,,32. Projekty financované z Fondu kofinancování projektů – leden 2026 – návrh rozpočtového opatření,https://apl.brno.cz/protokoly-zmb/zmb-z9-32/20260120-31-34770.html
Z9-32-032,Z9/32,2026-01-20,sabina-benesova,Sabina Benešová,Nezávislí,Ano,Ano,eeb9726804cc9b86,ano,,33. Finanční prostředky Fondu kofinancování projektů – leden 2026 – návrh rozpočtových opatření,https://apl.brno.cz/protokoly-zmb/zmb-z9-32/20260120-32-34804.html
Z9-32-026,Z9/32,2026-01-20,sabina-benesova,Sabina Benešová,Nezávislí,Ano,Ano,bbfd056a09ff1e8a,ano,,"27. Návrh smlouvy o poskytnutí individuální neinvestiční dotace JINTEK, z. ú., na realizaci projektu „JINTEK 2026“",https://apl.brno.cz/protokoly-zmb/zmb-z9-32/20260120-26-34108.html
Z9-32-027,Z9/32,2026-01-20,sabina-benesova,Sabina Benešová,Nezávislí,Ano,Ano,37b4c192e10d1986,ano,,"28. Návrh smlouvy o poskytování veřejné služby a podmínkách poskytnutí vyrovnávací platby za plnění závazku veřejné služby na období hospodářských let 2026 a 2027 uzavírané s JIC, zájmovým sdružením právnických osob",https://apl.brno.cz/protokoly-zmb/zmb-z9-32/20260120-27-34145.html
Z9-32-033,Z9/32,2026-01-20,sabina-benesova,Sabina Benešová,Nezávislí,Ano,Ano,c8bd609fe02ee29b,ano,,"34. Projekt ""Integrace cizinců ve městě Brně VII."" – posouzení projektu",https://apl.brno.cz/protokoly-zmb/zmb-z9-32/20260120-33-34834.html
Z9-32-034,Z9/32,2026-01-20,sabina-benesova,Sabina Benešová,Nezávislí,Ano,Ano,23f512b35a16bb96,ano,,"35. Projekt ""Pořízení užitkového elektrovozidla pro Úrazovou nemocnici v Brně"" – návrh pověřovacího aktu",https://apl.brno.cz/protokoly-zmb/zmb-z9-32/20260120-34-34865.html
Z9-32-037,Z9/32,2026-01-20,sabina-benesova,Sabina Benešová,Nezávislí,Ano,Ano,68406bf7bd1d7d24,ano,,38. Návrh změny Pravidel pronájmu bytů v domech v majetku statutárního města Brna,https://apl.brno.cz/protokoly-zmb/zmb-z9-32/20260120-37-34960.html
Z9-32-038,Z9/32,2026-01-20,sabina-benesova,Sabina Benešová,Nezávislí,Ano,Ano,fe70a5042bb3ef87,ano,,"39. Návrh na poskytnutí úročené zápůjčky městské části Brno-Vinohrady z rozpočtu města Brna, návrh rozpočtového opatření",https://apl.brno.cz/protokoly-zmb/zmb-z9-32/20260120-38-35068.html
Z9-32-036,Z9/32,2026-01-20,sabina-benesova,Sabina Benešová,Nezávislí,Ano,Ano,872e26913ac813b8,ano,,"37. Návrh na zrušení Postupu při prodeji bytového fondu, dispozice s bytovým fondem v majetku statutárního města Brna",https://apl.brno.cz/protokoly-zmb/zmb-z9-32/20260120-36-34926.html
Z9-32-039,Z9/32,2026-01-20,sabina-benesova,Sabina Benešová,Nezávislí,Ano,Ano,5df11e69cde46686,ano,,"41. Návrh na změnu části přílohy č. 77a Zastupitelstva města Brna č. Z9/27, konaného dne 10. 6. 2025, bod č. 87 ve věci vypořádání státem dotované družstevní výstavby v k. ú. Líšeň s Holzova, bytovým družstvem k bytovému domu Poslušného 7, Brno",https://apl.brno.cz/protokoly-zmb/zmb-z9-32/20260120-39-35116.html
Z9-32-040,Z9/32,2026-01-20,sabina-benesova,Sabina Benešová,Nezávislí,Ano,Ano,e9ac294a54f6760c,ano,,42. Návrh na změnu katastrální hranice mezi katastrálním územím Maloměřice a katastrálním územím Židenice,https://apl.brno.cz/protokoly-zmb/zmb-z9-32/20260120-40-35148.html
Z9-32-041,Z9/32,2026-01-20,sabina-benesova,Sabina Benešová,Nezávislí,Ano,Ano,d18d6fc155230c50,ano,,"43. Návrh prodeje pozemků p. č. 2538/8 a p. č. 2539/4, oba v k. ú. Komín",https://apl.brno.cz/protokoly-zmb/zmb-z9-32/20260120-41-35202.html
Z9-32-043,Z9/32,2026-01-20,sabina-benesova,Sabina Benešová,Nezávislí,Ano,Ano,880fb1926c329497,ano,,44. Návrh prodeje pozemků p. č. 4032 a p. č. 4033 v k. ú. Bystrc – lokalita Kozí Horka,https://apl.brno.cz/protokoly-zmb/zmb-z9-32/20260120-43-35320.html
Z9-32-044,Z9/32,2026-01-20,sabina-benesova,Sabina Benešová,Nezávislí,Ano,Ano,b84ac9e2adcfa0ef,ano,,"45. Návrh prodeje osmi částí pozemku p. č. 2714/1 a části pozemku p. č. 2730/31, k. ú. Kohoutovice; 46.	Návrh prodeje části pozemku p. č. 2188/2 a pozemku p. č. 2188/17 v k. ú. Černovice.",https://apl.brno.cz/protokoly-zmb/zmb-z9-32/20260120-44-35360.html
Z9-32-046,Z9/32,2026-01-20,sabina-benesova,Sabina Benešová,Nezávislí,Ano,Ano,6e4644ce0c52bcd8,ano,,"50. Návrh nabytí pozemků p. č. 1489/2, 1489/7, 1489/36, 1489/37 a 1489/38 v k. ú. Veveří",https://apl.brno.cz/protokoly-zmb/zmb-z9-32/20260120-46-35455.html
Z9-32-045,Z9/32,2026-01-20,sabina-benesova,Sabina Benešová,Nezávislí,Ano,Ano,0f1a5ea22fc78ccd,ano,,Body č. 47-49,https://apl.brno.cz/protokoly-zmb/zmb-z9-32/20260120-45-35417.html
Z9-32-047,Z9/32,2026-01-20,sabina-benesova,Sabina Benešová,Nezávislí,Ano,Ano,2f89f78d0b38538c,ano,,Body č. 51-53,https://apl.brno.cz/protokoly-zmb/zmb-z9-32/20260120-47-35488.html
Z9-32-050,Z9/32,2026-01-20,sabina-benesova,Sabina Benešová,Nezávislí,Ano,Ano,b3ed2706fc718e8a,ano,,66. Návrh souhlasného prohlášení ke spoluvlastnickému podílu na pozemku p. č. 4006/3 v k. ú. Židenice zapsanému v duplicitním vlastnictví statutárního města Brna a podílovém spoluvlastnictví fyzických osob (městská část Brno-Židenice),https://apl.brno.cz/protokoly-zmb/zmb-z9-32/20260120-50-35620.html
Z9-32-048,Z9/32,2026-01-20,sabina-benesova,Sabina Benešová,Nezávislí,Ano,Ano,2204658512d5029e,ano,,"54. Návrh nabytí spoluvlastnických podílů ve výši id. 1/2 na pozemcích p. č. 2712/224 a p. č. 2712/274, oba v k. ú. Černovice - var. A",https://apl.brno.cz/protokoly-zmb/zmb-z9-32/20260120-48-35534.html
Z9-32-049,Z9/32,2026-01-20,sabina-benesova,Sabina Benešová,Nezávislí,Ano,Ano,8a57b864c13e96fa,ano,,Body č. 55-65,https://apl.brno.cz/protokoly-zmb/zmb-z9-32/20260120-49-35582.html
Z9-32-051,Z9/32,2026-01-20,sabina-benesova,Sabina Benešová,Nezávislí,Ano,Ano,de7aa96ae9dd12db,ano,,67. Návrh dalšího postupu při vypořádání podílového spoluvlastnictví k pozemkům p. č. 3328 a p. č. 3329 v k. ú. Řečkovice - var. A,https://apl.brno.cz/protokoly-zmb/zmb-z9-32/20260120-51-35952.html
Z9-32-052,Z9/32,2026-01-20,sabina-benesova,Sabina Benešová,Nezávislí,Ano,Ano,1af56a62d50fc064,ano,,Body č. 68-74,https://apl.brno.cz/protokoly-zmb/zmb-z9-32/20260120-52-35993.html
Z9-32-053,Z9/32,2026-01-20,sabina-benesova,Sabina Benešová,Nezávislí,Ano,Ano,b04d63e2a221fa47,ano,,Body č. 75-85,https://apl.brno.cz/protokoly-zmb/zmb-z9-32/20260120-53-36036.html
Z9-32-054,Z9/32,2026-01-20,sabina-benesova,Sabina Benešová,Nezávislí,Ano,Ano,24583180c1475789,ano,,"86. Návrh směny části pozemku p. č. 1035/1 v k. ú. Lesná za pozemky p. č. 1247/108, 1231/61 oba v k. ú. Bohunice",https://apl.brno.cz/protokoly-zmb/zmb-z9-32/20260120-54-36071.html
Z9-32-055,Z9/32,2026-01-20,sabina-benesova,Sabina Benešová,Nezávislí,Ano,Ano,9ff85f0b51cb35ed,ano,,87. Návrh svěření pozemku p. č. 527/1 v k. ú. Nový Lískovec městské části Brno-Nový Lískovec - var. A,https://apl.brno.cz/protokoly-zmb/zmb-z9-32/20260120-55-36153.html
Z9-32-056,Z9/32,2026-01-20,sabina-benesova,Sabina Benešová,Nezávislí,Ano,Ano,359b57399c3a894f,ano,,"88. Návrh svěření pozemku p. č. 2375/565, k. ú. Žabovřesky, jehož součástí je stavba bez čp/če, městské části Brno–Žabovřesky",https://apl.brno.cz/protokoly-zmb/zmb-z9-32/20260120-56-36185.html
Z9-32-057,Z9/32,2026-01-20,sabina-benesova,Sabina Benešová,Nezávislí,Ano,Ano,60f8c16b5cc448dd,ano,,89. Návrh odejmutí svěřených pozemků p. č. 2133 a p. č. 2565/11 v k. ú. Bohunice městské části Brno-Bohunice,https://apl.brno.cz/protokoly-zmb/zmb-z9-32/20260120-57-36213.html
Z9-32-058,Z9/32,2026-01-20,sabina-benesova,Sabina Benešová,Nezávislí,Ano,Ano,d2bdaf4b1bccb4c1,ano,,"90. Návrh odejmutí svěřených pozemků p. č. 1219/2, p. č. 1220, p. č. 1221, p. č. 1222 v k. ú. Staré Brno městské části Brno-střed",https://apl.brno.cz/protokoly-zmb/zmb-z9-32/20260120-58-36241.html
Z9-32-059,Z9/32,2026-01-20,sabina-benesova,Sabina Benešová,Nezávislí,Ano,Ano,b5c7af53add1eba9,ano,,92. Návrh Plánovací smlouvy „Polyfunkční objekt Brno – Husovice – II. Etapa“,https://apl.brno.cz/protokoly-zmb/zmb-z9-32/20260120-59-36270.html
Z9-32-060,Z9/32,2026-01-20,sabina-benesova,Sabina Benešová,Nezávislí,Ano,Ano,8d96ce6dd65b5c31,ano,,93. Návrh Dodatku č. 1 ke Smlouvě o spolupráci při výstavbě veřejné infrastruktury „BD MORAVANSKÁ“,https://apl.brno.cz/protokoly-zmb/zmb-z9-32/20260120-60-36299.html
Z9-32-061,Z9/32,2026-01-20,sabina-benesova,Sabina Benešová,Nezávislí,Ano,Ano,a3b2f9d1872d8a53,ano,,"94. Návrh Dodatku č. 2 ke Smlouvě o spolupráci při výstavbě veřejné infrastruktury „Oáza u řeky, bydlení Horní Heršpice, ulice Dufkovo nábřeží“",https://apl.brno.cz/protokoly-zmb/zmb-z9-32/20260120-61-36332.html
Z9-32-062,Z9/32,2026-01-20,sabina-benesova,Sabina Benešová,Nezávislí,Ano,Ano,7fcefa1a807626be,ano,,"95. Návrh dodatku č. 2 ke Smlouvě o spolupráci v rámci projektu ""Prodloužení tramvajové trati Bystrc–Kamechy"" se společností Dopravní podnik města Brna, a. s.",https://apl.brno.cz/protokoly-zmb/zmb-z9-32/20260120-62-36363.html
Z9-32-063,Z9/32,2026-01-20,sabina-benesova,Sabina Benešová,Nezávislí,Ano,Ano,9fc7911ff1499f32,ano,,96. Návrh Dodatku č. 2 ke Smlouvě o spolupráci při výstavbě veřejné infrastruktury „Obytný soubor Podbělová Líšeň“,https://apl.brno.cz/protokoly-zmb/zmb-z9-32/20260120-63-36395.html
Z9-32-064,Z9/32,2026-01-20,sabina-benesova,Sabina Benešová,Nezávislí,Ano,Ano,b3197a0e91897132,ano,,97. Návrh Dodatku č. 4 ke Smlouvě o výstavbě veřejné infrastruktury „Soubor staveb Západní brána Brno“,https://apl.brno.cz/protokoly-zmb/zmb-z9-32/20260120-64-36428.html
Z9-32-065,Z9/32,2026-01-20,sabina-benesova,Sabina Benešová,Nezávislí,Ano,Ano,23d405c62c2a7a6c,ano,,"98. Návrh obecně závazné vyhlášky statutárního města Brna, kterou se mění obecně závazná vyhláška statutárního města Brna č. 20/2001, kterou se vydává Statut města Brna, ve znění pozdějších vyhlášek – návrh změn v příloze č. 3",https://apl.brno.cz/protokoly-zmb/zmb-z9-32/20260120-65-36471.html
Z9-32-066,Z9/32,2026-01-20,sabina-benesova,Sabina Benešová,Nezávislí,Ano,Ano,941e45faa0171e8c,ano,,"99. Návrh nabytí vlastnického práva k pozemku p. č. 867/13, v k. ú. Pisárky, pro stavbu „Silnice I/42 Brno, VMO Žabovřeská“",https://apl.brno.cz/protokoly-zmb/zmb-z9-32/20260120-66-36507.html
Z9-33-001,Z9/33,2026-03-03,sabina-benesova,Sabina Benešová,Nezávislí,Ano,Ano,f0a6cc9cd5c3b182,ano,,"1. Technický bod (zapisovatelé, právní asistence, ověřovatelé zápisu, schválení programu zasedání ZMB) - ověřovatelé zápisu",https://apl.brno.cz/protokoly-zmb/zmb-z9-33/20260303-1-33084.html
Z9-33-002,Z9/33,2026-03-03,sabina-benesova,Sabina Benešová,Nezávislí,Ano,Ano,782d3d86fcf25538,ano,,"1. Technický bod (zapisovatelé, právní asistence, ověřovatelé zápisu, schválení programu zasedání ZMB) - program - hlasování o stažení bodu č. 7, 33, 59",https://apl.brno.cz/protokoly-zmb/zmb-z9-33/20260303-2-33080.html
Z9-33-004,Z9/33,2026-03-03,sabina-benesova,Sabina Benešová,Nezávislí,Ano,Ano,89fb0bb155b6187b,ano,,"1. Technický bod (zapisovatelé, právní asistence, ověřovatelé zápisu, schválení programu zasedání ZMB) - program",https://apl.brno.cz/protokoly-zmb/zmb-z9-33/20260303-4-33378.html
Z9-32-035,Z9/32,2026-01-20,sabina-benesova,Sabina Benešová,Nezávislí,Ano,Ano,b5ca9636e7b0da6b,ano,,"36. Projekt ""Pořízení nového dopravního automobilu pro JSDH Brno-Jundrov"" – rozhodnutí o poskytnutí dotace",https://apl.brno.cz/protokoly-zmb/zmb-z9-32/20260120-35-34893.html
Z9-33-008,Z9/33,2026-03-03,sabina-benesova,Sabina Benešová,Nezávislí,Ano,Ano,ad0c5a78ab4fbcf5,ano,,4. Změna ve složení Výboru pro národnostní menšiny Zastupitelstva města Brna - volba člena Výboru pro národnostní menšiny Zastupitelstva města Brna - Jozef Daniel,https://apl.brno.cz/protokoly-zmb/zmb-z9-33/20260303-8-34420.html
Z9-33-010,Z9/33,2026-03-03,sabina-benesova,Sabina Benešová,Nezávislí,Nehlasoval,Nehlasoval,7d2fe92689410415,ano,,"2. Dotazy, připomínky a podněty občanů - hlasování o návrhu p. Kmenta na zařazení bodu",https://apl.brno.cz/protokoly-zmb/zmb-z9-33/20260303-10-40343.html
Z9-33-012,Z9/33,2026-03-03,sabina-benesova,Sabina Benešová,Nezávislí,Nehlasoval,Nehlasoval,1d99261f82c5b822,ano,,"2. Dotazy, připomínky a podněty občanů - hlasování o návrhu p. Koláčného na zařazení bodu",https://apl.brno.cz/protokoly-zmb/zmb-z9-33/20260303-12-40460.html
Z9-33-013,Z9/33,2026-03-03,sabina-benesova,Sabina Benešová,Nezávislí,Ano,Ano,7f206c89e16aabc5,ano,,"5. Návrh obecně závazné vyhlášky statutárního města Brna, kterou se mění obecně závazná vyhláška statutárního města Brna č. 11/2017, o nočním klidu, ve znění pozdějších vyhlášek",https://apl.brno.cz/protokoly-zmb/zmb-z9-33/20260303-13-40512.html
Z9-33-014,Z9/33,2026-03-03,sabina-benesova,Sabina Benešová,Nezávislí,Ano,Ano,c28c0faeb61dda6a,ano,,6. Návrh opatření obecné povahy ve věci osvobození od daně z nemovitých věcí,https://apl.brno.cz/protokoly-zmb/zmb-z9-33/20260303-14-40549.html
Z9-33-015,Z9/33,2026-03-03,sabina-benesova,Sabina Benešová,Nezávislí,Ano,Ano,5927fbd5c6765c28,ano,,"8. Návrh aktualizace dokumentu ""Energetická politika statutárního města Brna"" a návrh aktualizace dokumentu ""Směrnice energetického managementu dle ČSN EN ISO 50001""",https://apl.brno.cz/protokoly-zmb/zmb-z9-33/20260303-15-40581.html
Z9-33-016,Z9/33,2026-03-03,sabina-benesova,Sabina Benešová,Nezávislí,Ano,Ano,a85d4cfa3c205c27,ano,,"9. Návrh Dodatku č. 2 k Memorandu o spolupráci mezi Českým svazem ledního hokeje z. s., KOMETA GROUP, spolek, Jihomoravským krajem a statutárním městem Brnem",https://apl.brno.cz/protokoly-zmb/zmb-z9-33/20260303-16-40619.html
Z9-33-017,Z9/33,2026-03-03,sabina-benesova,Sabina Benešová,Nezávislí,Ano,Ano,eadc4a99855dabbc,ano,,"10. Návrh Dodatku č. 3 ke zřizovací listině Základní školy Brno, Čejkovická 10, příspěvkové organizace",https://apl.brno.cz/protokoly-zmb/zmb-z9-33/20260303-17-40651.html
Z9-33-018,Z9/33,2026-03-03,sabina-benesova,Sabina Benešová,Nezávislí,Ano,Ano,4cbbf91a836c0a4d,ano,,"11. Návrh dodatku č. 2 ke smlouvě o úvěru uzavřené mezi společností ARENA BRNO, a. s., a Česká spořitelna, a. s. – návrh souhlasu s uzavřením dodatku",https://apl.brno.cz/protokoly-zmb/zmb-z9-33/20260303-18-40693.html
Z9-33-019,Z9/33,2026-03-03,sabina-benesova,Sabina Benešová,Nezávislí,Ano,Ano,3b0872567b451a50,ano,,"12. Aktualizace rozpočtu akcí zajišťovaných společností Brněnské vodárny a kanalizace, a. s.– březen 2026 - návrh dodatku č. 107 k mandátní smlouvě č. 56019271 - návrh rozpočtového opatření",https://apl.brno.cz/protokoly-zmb/zmb-z9-33/20260303-19-40725.html
Z9-33-020,Z9/33,2026-03-03,sabina-benesova,Sabina Benešová,Nezávislí,Ano,Ano,d485deafd39d98e1,ano,,13. Aktualizace rozpočtu Odboru investičního MMB a Odboru dopravy MMB a zapojení Fondu developerských projektů – březen 2026 – návrh rozpočtového opatření,https://apl.brno.cz/protokoly-zmb/zmb-z9-33/20260303-20-40760.html
Z9-33-021,Z9/33,2026-03-03,sabina-benesova,Sabina Benešová,Nezávislí,Ano,Ano,c6928291b00a543c,ano,,14. Aktualizace rozpočtu běžných a kapitálových výdajů Odboru dopravy MMB – březen 2026 – návrh rozpočtového opatření,https://apl.brno.cz/protokoly-zmb/zmb-z9-33/20260303-21-40792.html
Z9-33-022,Z9/33,2026-03-03,sabina-benesova,Sabina Benešová,Nezávislí,Nehlasoval,Nehlasoval,e7a957b3c0481181,ano,,"15. Návrh rozpočtového opatření v souvislosti se změnou realizátora investiční akce ""Rekonstrukce parku na ulici Bašty"" - hlasování o stažení bodu",https://apl.brno.cz/protokoly-zmb/zmb-z9-33/20260303-22-41576.html
Z9-33-003,Z9/33,2026-03-03,sabina-benesova,Sabina Benešová,Nezávislí,Ano,Ano,d7e3f60d2b8aa932,ano,,"1. Technický bod (zapisovatelé, právní asistence, ověřovatelé zápisu, schválení programu zasedání ZMB) - program - hlasování o zařazení bodu č. 124, 125",https://apl.brno.cz/protokoly-zmb/zmb-z9-33/20260303-3-33342.html
Z9-33-005,Z9/33,2026-03-03,sabina-benesova,Sabina Benešová,Nezávislí,Ano,Ano,681e100ad22bdc0a,ano,,4. Změna ve složení Výboru pro národnostní menšiny Zastupitelstva města Brna - bere na vědomí,https://apl.brno.cz/protokoly-zmb/zmb-z9-33/20260303-5-33598.html
Z9-33-006,Z9/33,2026-03-03,sabina-benesova,Sabina Benešová,Nezávislí,Ano,Ano,0802a0665033e406,ano,,4. Změna ve složení Výboru pro národnostní menšiny Zastupitelstva města Brna - volba volební komise,https://apl.brno.cz/protokoly-zmb/zmb-z9-33/20260303-6-33746.html
Z9-33-024,Z9/33,2026-03-03,sabina-benesova,Sabina Benešová,Nezávislí,Ano,Ano,a683d702dfc26283,ano,,"15. Návrh rozpočtového opatření v souvislosti se změnou realizátora investiční akce ""Rekonstrukce parku na ulici Bašty""",https://apl.brno.cz/protokoly-zmb/zmb-z9-33/20260303-24-41768.html
Z9-33-026,Z9/33,2026-03-03,sabina-benesova,Sabina Benešová,Nezávislí,Ano,Ano,12f9fa9f17b88e07,ano,,17. Návrh rozpočtového opatření – přesun běžných a kapitálových výdajů v rámci rozpočtu Odboru městské informatiky MMB,https://apl.brno.cz/protokoly-zmb/zmb-z9-33/20260303-26-41975.html
Z9-33-025,Z9/33,2026-03-03,sabina-benesova,Sabina Benešová,Nezávislí,Ano,Ano,5e25d3e1b619a19f,ano,,16. Návrh rozpočtového opatření – přesun běžných výdajů z rozpočtu Odboru životního prostředí MMB do rozpočtu Kanceláře marketingu a cestovního ruchu MMB,https://apl.brno.cz/protokoly-zmb/zmb-z9-33/20260303-25-41941.html
Z9-33-027,Z9/33,2026-03-03,sabina-benesova,Sabina Benešová,Nezávislí,Ano,Ano,65587c4e8dd0b816,ano,,18. Zapojení Fondu rezerv a rozvoje k financování běžných výdajů Odboru vnitřních věcí MMB – návrh rozpočtového opatření,https://apl.brno.cz/protokoly-zmb/zmb-z9-33/20260303-27-42034.html
Z9-33-028,Z9/33,2026-03-03,sabina-benesova,Sabina Benešová,Nezávislí,Ano,Ano,4fa691d7d2e7862e,ano,,Body č. 19-22,https://apl.brno.cz/protokoly-zmb/zmb-z9-33/20260303-28-42125.html
Z9-33-030,Z9/33,2026-03-03,sabina-benesova,Sabina Benešová,Nezávislí,Ano,Ano,b08e93fdababc2bc,ano,,Body č. 24-26,https://apl.brno.cz/protokoly-zmb/zmb-z9-33/20260303-30-42194.html
Z9-33-029,Z9/33,2026-03-03,sabina-benesova,Sabina Benešová,Nezávislí,Ano,Ano,782aef66332757b1,ano,,"23. Zapojení Fondu rezerv a rozvoje v souvislosti s poskytnutím neinvestičního transferu městské části Brno-střed pro účely financování architektonické soutěže ""Bytové domy Křídlovická, Brno"", návrh rozpočtového opatření",https://apl.brno.cz/protokoly-zmb/zmb-z9-33/20260303-29-42162.html
Z9-33-031,Z9/33,2026-03-03,sabina-benesova,Sabina Benešová,Nezávislí,Ano,Ano,a03f84c684239916,ano,,"27. Zapojení Fondu rezerv a rozvoje v souvislosti s návrhem na poskytnutí individuální neinvestiční dotace BVV Livinglab Brno, z. s., na realizaci projektu „BVV Livinglab Brno“ – návrh rozpočtového opatření",https://apl.brno.cz/protokoly-zmb/zmb-z9-33/20260303-31-42378.html
Z9-33-032,Z9/33,2026-03-03,sabina-benesova,Sabina Benešová,Nezávislí,Ano,Ano,8160cbd2bf230e41,ano,,28. Návrh na použití zdrojů Fondu mobility – návrh rozpočtového opatření,https://apl.brno.cz/protokoly-zmb/zmb-z9-33/20260303-32-42844.html
Z9-33-033,Z9/33,2026-03-03,sabina-benesova,Sabina Benešová,Nezávislí,Ano,Ano,fd3579ac8347026f,ano,,"29. Zapojení Fondu rezerv a rozvoje v souvislosti s návrhem na poskytnutí investičních transferů městským částem, změna zatřídění transferů poskytnutých městským částem na rok 2026 – návrh rozpočtového opatření",https://apl.brno.cz/protokoly-zmb/zmb-z9-33/20260303-33-42876.html
Z9-33-035,Z9/33,2026-03-03,sabina-benesova,Sabina Benešová,Nezávislí,Zdržel se,Zdržel se,1b42fc06ba8264ab,ano,,31. Návrh na poskytnutí programových neinvestičních dotací na podporu projektů ekologické výchovy ve městě Brně na rok 2026 a návrh rozpočtového opatření,https://apl.brno.cz/protokoly-zmb/zmb-z9-33/20260303-35-42939.html
Z9-33-034,Z9/33,2026-03-03,sabina-benesova,Sabina Benešová,Nezávislí,Ano,Ano,77cfd0dd6cd4b22b,ano,,"30. Návrh na prodloužení termínu vyúčtování, změna zatřídění investičního transferu a zapojení Fondu rezerv a rozvoje k financování běžných a kapitálových výdajů Odboru školství a mládeže MMB – návrh rozpočtového opatření",https://apl.brno.cz/protokoly-zmb/zmb-z9-33/20260303-34-42906.html
Z9-33-037,Z9/33,2026-03-03,sabina-benesova,Sabina Benešová,Nezávislí,Ano,Ano,0089f559370c51a6,ano,,"34. Návrh na poskytnutí neinvestičních dotací na podporu aktivit k oživení ploch veřejné zeleně ve městě Brně v roce 2026 - ""Vnitroblok"", návrh vzorových podmínek pro uzavření veřejnoprávních smluv, návrh rozpočtového opatření",https://apl.brno.cz/protokoly-zmb/zmb-z9-33/20260303-37-43036.html
Z9-33-036,Z9/33,2026-03-03,sabina-benesova,Sabina Benešová,Nezávislí,Zdržel se,Zdržel se,ba4491852f87eb06,ano,,"32. Návrh na poskytnutí individuálních neinvestičních dotací pro oblast životního prostředí na rok 2026, návrh rozpočtového opatření",https://apl.brno.cz/protokoly-zmb/zmb-z9-33/20260303-36-42970.html
Z9-33-039,Z9/33,2026-03-03,sabina-benesova,Sabina Benešová,Nezávislí,Ano,Ano,b89a539cf8a17d36,ano,,39. Návrh na poskytnutí neinvestičních příspěvků základním školám na zajištění vzdělávacího Projektu pro ZŠ „Příběhy našich sousedů“ – návrh rozpočtového opatření,https://apl.brno.cz/protokoly-zmb/zmb-z9-33/20260303-39-43177.html
Z9-33-038,Z9/33,2026-03-03,sabina-benesova,Sabina Benešová,Nezávislí,Ano,Ano,1d1e234c9fd852ab,ano,,Body č. 35-38,https://apl.brno.cz/protokoly-zmb/zmb-z9-33/20260303-38-43138.html
Z9-33-040,Z9/33,2026-03-03,sabina-benesova,Sabina Benešová,Nezávislí,Ano,Ano,a32fa89c7e3abfe1,ano,,40. Návrh na poskytnutí účelového neinvestičního příspěvku základním školám na projekt OnStage – návrh rozpočtového opatření,https://apl.brno.cz/protokoly-zmb/zmb-z9-33/20260303-40-43205.html
Z9-33-041,Z9/33,2026-03-03,sabina-benesova,Sabina Benešová,Nezávislí,Ano,Ano,f4b2b8ca9fd8ccb8,ano,,Body č. 41-43,https://apl.brno.cz/protokoly-zmb/zmb-z9-33/20260303-41-43243.html
Z9-33-042,Z9/33,2026-03-03,sabina-benesova,Sabina Benešová,Nezávislí,Ano,Ano,73e514e17f95c6fa,ano,,44. Návrh na poskytnutí individuální neinvestiční dotace Autoklubu České republiky na pořádání Mistrovství světa silničních motocyklů – GRAND PRIX ČR 2026,https://apl.brno.cz/protokoly-zmb/zmb-z9-33/20260303-42-43288.html
Z9-33-043,Z9/33,2026-03-03,sabina-benesova,Sabina Benešová,Nezávislí,Ano,Ano,aadb886dc0581140,ano,,45. Návrh na poskytnutí neinvestičních dotací na podporu provozu sportovišť pro rok 2026,https://apl.brno.cz/protokoly-zmb/zmb-z9-33/20260303-43-43348.html
Z9-33-044,Z9/33,2026-03-03,sabina-benesova,Sabina Benešová,Nezávislí,Ano,Ano,9002890717edc8ee,ano,,"46. Návrh na poskytnutí individuální neinvestiční dotace Společenství Romů na Moravě Romano jekhetanibenpre Morava na projekt ""Mezinárodní den Romů"" – návrh rozpočtového opatření",https://apl.brno.cz/protokoly-zmb/zmb-z9-33/20260303-44-43499.html
Z9-33-045,Z9/33,2026-03-03,sabina-benesova,Sabina Benešová,Nezávislí,Ano,Ano,34ebe1068163bed5,ano,,Body č. 47 a 48,https://apl.brno.cz/protokoly-zmb/zmb-z9-33/20260303-45-43536.html
Z9-33-047,Z9/33,2026-03-03,sabina-benesova,Sabina Benešová,Nezávislí,Ano,Ano,928c2cdcfd8fb426,ano,,Body č. 50 a 51,https://apl.brno.cz/protokoly-zmb/zmb-z9-33/20260303-47-43635.html
Z9-33-046,Z9/33,2026-03-03,sabina-benesova,Sabina Benešová,Nezávislí,Ano,Ano,8e5ca173e6a57c92,ano,,49. Návrh na poskytnutí neinvestičních příspěvků základním školám na zajištění základní plavecké výuky žáků základních škol – návrh rozpočtového opatření,https://apl.brno.cz/protokoly-zmb/zmb-z9-33/20260303-46-43564.html
Z9-33-049,Z9/33,2026-03-03,sabina-benesova,Sabina Benešová,Nezávislí,Ano,Ano,e17380ca54509c3c,ano,,53. Návrh na odpis nákladů zmařené projektové dokumentace z účtu nedokončených investic,https://apl.brno.cz/protokoly-zmb/zmb-z9-33/20260303-49-43707.html
Z9-33-048,Z9/33,2026-03-03,sabina-benesova,Sabina Benešová,Nezávislí,Ano,Ano,e5711bab610da8fd,ano,,"52. Návrh na poskytnutí individuálních investičních dotací z rozpočtu města Brna společnosti Dopravní podnik města Brna, a. s. - návrh rozpočtového opatření",https://apl.brno.cz/protokoly-zmb/zmb-z9-33/20260303-48-43668.html
Z9-33-050,Z9/33,2026-03-03,sabina-benesova,Sabina Benešová,Nezávislí,Ano,Ano,cffaff34c4e0aca0,ano,,Body č. 54 a 55,https://apl.brno.cz/protokoly-zmb/zmb-z9-33/20260303-50-43739.html
Z9-33-051,Z9/33,2026-03-03,sabina-benesova,Sabina Benešová,Nezávislí,Ano,Ano,d9bcbe31fbbaf07f,ano,,"56. Projekt ""Vybudování urgentního příjmu Nemocnice Milosrdných bratří"" – návrh pověřovacího aktu",https://apl.brno.cz/protokoly-zmb/zmb-z9-33/20260303-51-43793.html
Z9-33-052,Z9/33,2026-03-03,sabina-benesova,Sabina Benešová,Nezávislí,Ano,Ano,40865fa89d8d2919,ano,,"57. Projekt ""Vzděláváním k sebevědomému občanství"" – posouzení projektu, návrh rozpočtového opatření",https://apl.brno.cz/protokoly-zmb/zmb-z9-33/20260303-52-43924.html
Z9-33-053,Z9/33,2026-03-03,sabina-benesova,Sabina Benešová,Nezávislí,Ano,Ano,6ae8605a121e8991,ano,,"58. Projekt ""Zvýšení kybernetické bezpečnosti, monitoring sítě a zajištění vysoké dostupnosti IS Nemocnice Milosrdných Bratří"" – návrh pověřovacího aktu",https://apl.brno.cz/protokoly-zmb/zmb-z9-33/20260303-53-43959.html
Z9-33-054,Z9/33,2026-03-03,sabina-benesova,Sabina Benešová,Nezávislí,Ano,Ano,8a1051704d45ddac,ano,,"60. Projekty ""Revitalizace vegetace v lokalitách Vychodilova, Záhřebská, Voroněžská, Brno – Žabovřesky "" – rozhodnutí o poskytnutí dotace",https://apl.brno.cz/protokoly-zmb/zmb-z9-33/20260303-54-43994.html
Z9-33-056,Z9/33,2026-03-03,sabina-benesova,Sabina Benešová,Nezávislí,Ano,Ano,1d8ff8ba701c4f20,ano,,"62. Projekt „Družstevní bydlení pro mladé“ lokalita V Aleji – upřesnění stávajících kritérií u přihlášených žadatelů, stanovení dalšího postupu při realizaci projektu",https://apl.brno.cz/protokoly-zmb/zmb-z9-33/20260303-56-44149.html
Z9-33-055,Z9/33,2026-03-03,sabina-benesova,Sabina Benešová,Nezávislí,Ano,Ano,9fa5c2daccb20f41,ano,,"61. Projekt ""Stavební úpravy ZŠ a MŠ Zemědělská"" – posouzení projektu",https://apl.brno.cz/protokoly-zmb/zmb-z9-33/20260303-55-44023.html
Z9-33-058,Z9/33,2026-03-03,sabina-benesova,Sabina Benešová,Nezávislí,Ano,Ano,46e9963c169cdec7,ano,,"64. Návrh vzorové dohody o narovnání s bezúplatným převodem spoluvlastnických podílů města na 40 bytových jednotkách v domech na ulici Bešůvka 2, 4, 6 a 8 v Brně členům Bytového družstva Bešůvka, družstvo",https://apl.brno.cz/protokoly-zmb/zmb-z9-33/20260303-58-44206.html
Z9-33-057,Z9/33,2026-03-03,sabina-benesova,Sabina Benešová,Nezávislí,Ano,Ano,41dba8ee3d7ef6e9,ano,,63. Přehled bytů poskytnutých v celoměstském zájmu za 2. pololetí roku 2025,https://apl.brno.cz/protokoly-zmb/zmb-z9-33/20260303-57-44179.html
Z9-33-061,Z9/33,2026-03-03,sabina-benesova,Sabina Benešová,Nezávislí,Ano,Ano,acebe1b08dd9cb4c,ano,,"66. Návrh souhlasů s technickými podmínkami prodeje pozemků p. č. st. 373 v k. ú. Moravská Chrastová a p. č. st. 43 v k. ú. Zboněk z vlastnictví České republiky – Správy železnic, státní organizace, návrh stanovisek k současnému a budoucímu využití pozemků - var. A A",https://apl.brno.cz/protokoly-zmb/zmb-z9-33/20260303-61-44340.html
Z9-33-059,Z9/33,2026-03-03,sabina-benesova,Sabina Benešová,Nezávislí,Ano,Ano,02c9c8ad044db5a4,ano,,65. Návrh na udělení předchozího souhlasu s uzavřením dohody o změně části hranice městských částí Brno-Žabovřesky a Brno-Jundrov,https://apl.brno.cz/protokoly-zmb/zmb-z9-33/20260303-59-44238.html
Z9-33-063,Z9/33,2026-03-03,sabina-benesova,Sabina Benešová,Nezávislí,Ano,Ano,4907bee02cb94be2,ano,,68. Návrh prodeje pozemku p. č. 515/7 v k. ú. Kohoutovice,https://apl.brno.cz/protokoly-zmb/zmb-z9-33/20260303-63-44492.html
Z9-33-062,Z9/33,2026-03-03,sabina-benesova,Sabina Benešová,Nezávislí,Ano,Ano,0db7ae066c3c4903,ano,,67. Návrh prodeje pozemku p. č. 477/2 v k. ú. Jehnice,https://apl.brno.cz/protokoly-zmb/zmb-z9-33/20260303-62-44451.html
Z9-33-065,Z9/33,2026-03-03,sabina-benesova,Sabina Benešová,Nezávislí,Ano,Ano,47594e68402aaca8,ano,,"74. Návrh prodeje části pozemku p. č. 2972/1, k. ú. Slatina",https://apl.brno.cz/protokoly-zmb/zmb-z9-33/20260303-65-44562.html
Z9-33-064,Z9/33,2026-03-03,sabina-benesova,Sabina Benešová,Nezávislí,Ano,Ano,81eef41cdb3085a8,ano,,Body č. 69-73,https://apl.brno.cz/protokoly-zmb/zmb-z9-33/20260303-64-44529.html
Z9-33-066,Z9/33,2026-03-03,sabina-benesova,Sabina Benešová,Nezávislí,Ano,Ano,e2b74467085c14ba,ano,,"75. Návrh zpeněžení (prodeje) pozemků p. č. 2616/17, p. č. 2616/20, p. č. 2616/23 a části pozemku p. č. 2984, vše v k. ú. Černovice, formou veřejné elektronické dražby",https://apl.brno.cz/protokoly-zmb/zmb-z9-33/20260303-66-44614.html
Z9-33-067,Z9/33,2026-03-03,sabina-benesova,Sabina Benešová,Nezávislí,Ano,Ano,b931805ebd1385fa,ano,,"76. Návrh zpeněžení (prodeje) pozemků p. č. 37 a p. č. 39, jehož součástí je stavba bydlení č. p. 517 na adrese Úvoz 14, Brno, vše k. ú. Staré Brno, formou veřejné elektronické dražby",https://apl.brno.cz/protokoly-zmb/zmb-z9-33/20260303-67-44989.html
Z9-33-069,Z9/33,2026-03-03,sabina-benesova,Sabina Benešová,Nezávislí,Ano,Ano,182db7896807e7bb,ano,,Body č. 79-90,https://apl.brno.cz/protokoly-zmb/zmb-z9-33/20260303-69-45216.html
Z9-33-068,Z9/33,2026-03-03,sabina-benesova,Sabina Benešová,Nezávislí,Ano,Ano,bfa92ff2ba43ed8d,ano,,Body č. 77 a 78,https://apl.brno.cz/protokoly-zmb/zmb-z9-33/20260303-68-45163.html
Z9-33-071,Z9/33,2026-03-03,sabina-benesova,Sabina Benešová,Nezávislí,Ano,Ano,f91f3436a4821356,ano,,Body č. 93-94,https://apl.brno.cz/protokoly-zmb/zmb-z9-33/20260303-71-45315.html
Z9-33-070,Z9/33,2026-03-03,sabina-benesova,Sabina Benešová,Nezávislí,Ano,Ano,98a976453fd5c17b,ano,,Body č. 91-92,https://apl.brno.cz/protokoly-zmb/zmb-z9-33/20260303-70-45282.html
Z9-33-073,Z9/33,2026-03-03,sabina-benesova,Sabina Benešová,Nezávislí,Ano,Ano,f9c471298859085a,ano,,Body č. 99-109,https://apl.brno.cz/protokoly-zmb/zmb-z9-33/20260303-73-45403.html
Z9-33-072,Z9/33,2026-03-03,sabina-benesova,Sabina Benešová,Nezávislí,Ano,Ano,5b400686e23c5de2,ano,,95-98,https://apl.brno.cz/protokoly-zmb/zmb-z9-33/20260303-72-45356.html
Z9-33-075,Z9/33,2026-03-03,sabina-benesova,Sabina Benešová,Nezávislí,Ano,Ano,55939144aa21baea,ano,,Body č. 111-114,https://apl.brno.cz/protokoly-zmb/zmb-z9-33/20260303-75-45502.html
Z9-33-074,Z9/33,2026-03-03,sabina-benesova,Sabina Benešová,Nezávislí,Ano,Ano,a5a7f71b40679c68,ano,,110. Návrh souhlasného prohlášení k pozemkům p. č. 6916/33 a p. č. 6916/34 v k. ú. Židenice zapsaným v duplicitním vlastnictví statutárního města Brna a podílovém spoluvlastnictví fyzických osob (městská část Brno-Židenice),https://apl.brno.cz/protokoly-zmb/zmb-z9-33/20260303-74-45438.html
Z9-33-076,Z9/33,2026-03-03,sabina-benesova,Sabina Benešová,Nezávislí,Ano,Ano,6448365ab3f833e1,ano,,"115. Návrh souhlasu se záměrem směny pozemků potřebných pro stavbu ""I/42, VMO MÚK Ostravská radiála"" za bytovou jednotku č. 510/26 v bytovém domě Plachty 510/6",https://apl.brno.cz/protokoly-zmb/zmb-z9-33/20260303-76-45539.html
Z9-33-080,Z9/33,2026-03-03,sabina-benesova,Sabina Benešová,Nezávislí,Ano,Ano,9e2d6d4afe0cdf2f,ano,,"119. Návrh Plánovací smlouvy ""RD Ivanovice""",https://apl.brno.cz/protokoly-zmb/zmb-z9-33/20260303-80-45665.html
Z9-33-079,Z9/33,2026-03-03,sabina-benesova,Sabina Benešová,Nezávislí,Ano,Ano,a5a9fc8fd1aaf817,ano,,"118. Návrh zřízení služebnosti (věcného břemene) průchodu a průjezdu na pozemku p. č. 2700/5 a návrh prodeje části pozemku p. č. 2700/5 městu Kuřim, vše k. ú. Kuřim",https://apl.brno.cz/protokoly-zmb/zmb-z9-33/20260303-79-45630.html
Z9-33-081,Z9/33,2026-03-03,sabina-benesova,Sabina Benešová,Nezávislí,Ano,Ano,8fc265ec01c8efff,ano,,"120. Návrh Plánovací smlouvy „Bytový komplex Pražákova, Brno“",https://apl.brno.cz/protokoly-zmb/zmb-z9-33/20260303-81-45694.html
Z9-33-083,Z9/33,2026-03-03,sabina-benesova,Sabina Benešová,Nezávislí,Ano,Ano,4ce9e42d1d7bf463,ano,,122. Návrh Plánovací smlouvy „Bytové domy JULIANA III“,https://apl.brno.cz/protokoly-zmb/zmb-z9-33/20260303-83-45791.html
Z9-33-084,Z9/33,2026-03-03,sabina-benesova,Sabina Benešová,Nezávislí,Ano,Ano,bd23fb0d6137c26d,ano,,"123. Návrh obecně závazné vyhlášky statutárního města Brna, kterou se mění obecně závazná vyhláška statutárního města Brna č. 20/2001, kterou se vydává Statut města Brna, ve znění pozdějších vyhlášek – návrh změn v příloze č. 3",https://apl.brno.cz/protokoly-zmb/zmb-z9-33/20260303-84-45826.html
Z9-33-085,Z9/33,2026-03-03,sabina-benesova,Sabina Benešová,Nezávislí,Ano,Ano,b3fe7539e0cc248b,ano,,"124. Zapojení Fondu rezerv a rozvoje v souvislosti s poskytnutím investičního příspěvku Sdružení zdravotnických zařízení II Brno, příspěvkové organizaci na rekonstrukci polikliniky Zahradníkova, návrh rozpočtového opatření",https://apl.brno.cz/protokoly-zmb/zmb-z9-33/20260303-85-45860.html
Z9-33-086,Z9/33,2026-03-03,sabina-benesova,Sabina Benešová,Nezávislí,Ano,Ano,b113d55a9b730021,ano,,"125. Návrh na změnu zástupce statutárního města Brna v dozorčí radě společnosti Technologický Park Brno, a. s.",https://apl.brno.cz/protokoly-zmb/zmb-z9-33/20260303-86-45893.html
Z9-33-087,Z9/33,2026-03-03,sabina-benesova,Sabina Benešová,Nezávislí,Ano,Ano,58a2da96beb219b9,ano,,"3. Dotazy, připomínky a podněty členů ZMB (dle ust. § 82, písm. b, zák. č. 128/2000 Sb., o obcích, v platném znění) - hlasování o pokračování jednání bez přestávky",https://apl.brno.cz/protokoly-zmb/zmb-z9-33/20260303-87-47001.html
Z9-34-001,Z9/34,2026-04-14,sabina-benesova,Sabina Benešová,Brno klidem a nezávislí zastupitelé,Ano,Ano,d111eff5bf59cd4d,ano,,"1. Technický bod (zapisovatelé, právní asistence, ověřovatelé zápisu, schválení programu zasedání ZMB) - ověřovatelé zápisu",https://apl.brno.cz/protokoly-zmb/zmb-z9-34/20260414-1-33539.html
Z9-34-002,Z9/34,2026-04-14,sabina-benesova,Sabina Benešová,Brno klidem a nezávislí zastupitelé,Ano,Ano,878b2ef411cf357d,ano,,"1. Technický bod (zapisovatelé, právní asistence, ověřovatelé zápisu, schválení programu zasedání ZMB) - program - hlasování o stažení bodu č. 31, 91, 114, 123, 89, 117",https://apl.brno.cz/protokoly-zmb/zmb-z9-34/20260414-2-34157.html
Z9-33-077,Z9/33,2026-03-03,sabina-benesova,Sabina Benešová,Nezávislí,Ano,Ano,28536a937842d3ae,ano,,116. Návrh svěření pozemků v k. ú. Staré Brno a k. ú. Štýřice městské části Brno-střed,https://apl.brno.cz/protokoly-zmb/zmb-z9-33/20260303-77-45566.html
Z9-34-005,Z9/34,2026-04-14,sabina-benesova,Sabina Benešová,Brno klidem a nezávislí zastupitelé,Nehlasoval,Nehlasoval,b74d14734257f15e,ano,,"1. Technický bod (zapisovatelé, právní asistence, ověřovatelé zápisu, schválení programu zasedání ZMB) - program - hlasování o návrhu p. Kmenta na zařazení bodu II",https://apl.brno.cz/protokoly-zmb/zmb-z9-34/20260414-5-34399.html
Z9-33-078,Z9/33,2026-03-03,sabina-benesova,Sabina Benešová,Nezávislí,Ano,Ano,a06f39e6e5e415b5,ano,,117. Návrh odejmutí svěřeného pozemku p. č. 2639/5 v k. ú. Bohunice městské části Brno-Bohunice,https://apl.brno.cz/protokoly-zmb/zmb-z9-33/20260303-78-45597.html
Z9-34-006,Z9/34,2026-04-14,sabina-benesova,Sabina Benešová,Brno klidem a nezávislí zastupitelé,Ano,Ano,d0a4ef7399f60b6d,ano,,"1. Technický bod (zapisovatelé, právní asistence, ověřovatelé zápisu, schválení programu zasedání ZMB) - program",https://apl.brno.cz/protokoly-zmb/zmb-z9-34/20260414-6-34483.html
Z9-34-008,Z9/34,2026-04-14,sabina-benesova,Sabina Benešová,Brno klidem a nezávislí zastupitelé,Ano,Ano,71136bd630aa2b1a,ano,,3. Informace k 76. Sudetoněmeckému sněmu konaném ve dnech 22.–25. května 2026 v Brně - hlasování o návrhu pí Vaňkové,https://apl.brno.cz/protokoly-zmb/zmb-z9-34/20260414-8-45083.html
Z9-33-082,Z9/33,2026-03-03,sabina-benesova,Sabina Benešová,Nezávislí,Ano,Ano,c0e4a465f7cda8f5,ano,,121. Návrh Plánovací smlouvy „KAM JINAM“,https://apl.brno.cz/protokoly-zmb/zmb-z9-33/20260303-82-45756.html
Z9-34-009,Z9/34,2026-04-14,sabina-benesova,Sabina Benešová,Brno klidem a nezávislí zastupitelé,Ne,Ne,a00067d5c6a567d1,ano,,3. Informace k 76. Sudetoněmeckému sněmu konaném ve dnech 22.–25. května 2026 v Brně - o hlasování po odrážkách,https://apl.brno.cz/protokoly-zmb/zmb-z9-34/20260414-9-45267.html
Z9-34-010,Z9/34,2026-04-14,sabina-benesova,Sabina Benešová,Brno klidem a nezávislí zastupitelé,Ano,Ano,44f98fd549e0ffdd,ano,,3. Informace k 76. Sudetoněmeckému sněmu konaném ve dnech 22.–25. května 2026 v Brně - hlasování o návrhu p. Zemka,https://apl.brno.cz/protokoly-zmb/zmb-z9-34/20260414-10-45342.html
Z9-34-011,Z9/34,2026-04-14,sabina-benesova,Sabina Benešová,Brno klidem a nezávislí zastupitelé,Ne,Ne,4d9b0e9ee593a9d1,ano,,3. Informace k 76. Sudetoněmeckému sněmu konaném ve dnech 22.–25. května 2026 v Brně - hlasování o návrhu p. Vencálka,https://apl.brno.cz/protokoly-zmb/zmb-z9-34/20260414-11-45435.html
Z9-34-013,Z9/34,2026-04-14,sabina-benesova,Sabina Benešová,Brno klidem a nezávislí zastupitelé,Ano,Ano,ebede24e93acb83d,ano,,6. Přehled účastí na schůzích výborů ZMB,https://apl.brno.cz/protokoly-zmb/zmb-z9-34/20260414-13-45666.html
Z9-34-012,Z9/34,2026-04-14,sabina-benesova,Sabina Benešová,Brno klidem a nezávislí zastupitelé,Ne,Ne,43b4b94634b827fd,ano,,3. Informace k 76. Sudetoněmeckému sněmu konaném ve dnech 22.–25. května 2026 v Brně - hlasování o návrhu p. Kmenta,https://apl.brno.cz/protokoly-zmb/zmb-z9-34/20260414-12-45505.html
Z9-34-014,Z9/34,2026-04-14,sabina-benesova,Sabina Benešová,Brno klidem a nezávislí zastupitelé,Ano,Ano,13bafcc75c165e82,ano,,7. Návrh na stanovení počtu členů Zastupitelstva města Brna pro volební období 2026–2030 a návrh na ponechání jednoho volebního obvodu na území města Brna pro volby do Zastupitelstva města Brna v roce 2026,https://apl.brno.cz/protokoly-zmb/zmb-z9-34/20260414-14-45697.html
Z9-34-015,Z9/34,2026-04-14,sabina-benesova,Sabina Benešová,Brno klidem a nezávislí zastupitelé,Ano,Ano,73e02670e2189a07,ano,,8. Poskytování příspěvků členům Zastupitelstva města Brna,https://apl.brno.cz/protokoly-zmb/zmb-z9-34/20260414-15-45752.html
Z9-34-016,Z9/34,2026-04-14,sabina-benesova,Sabina Benešová,Brno klidem a nezávislí zastupitelé,Ano,Ano,e067e5a2b8d05c14,ano,,9. Návrh na uzavření dohod o provedení práce se členy Zastupitelstva města Brna pro hodnocení žádostí o dotace v oblasti kultury,https://apl.brno.cz/protokoly-zmb/zmb-z9-34/20260414-16-45788.html
Z9-34-017,Z9/34,2026-04-14,sabina-benesova,Sabina Benešová,Brno klidem a nezávislí zastupitelé,Ano,Ano,237d68e85dd069a3,ano,,"10. Návrh změny stanov obchodních společností ARENA, BKOM, DPMB, LMB, PHSMB, RSMB a. s., SAKO, STAREZ, TSB, Teplárny Brno a BVV",https://apl.brno.cz/protokoly-zmb/zmb-z9-34/20260414-17-45824.html
Z9-34-018,Z9/34,2026-04-14,sabina-benesova,Sabina Benešová,Brno klidem a nezávislí zastupitelé,Ano,Ano,4ceea0d97af050d9,ano,,"11. Horkovod z jaderné elektrárny Dukovany do Brna – návrh na založení společností Teplárny Brno Prodej, s. r. o., Teplárny Brno Distribuce, a. s., a Teplárny Brno Výroba, a. s., v rámci unbundlingu společnosti Teplárny Brno, a. s., vč. úpravy",https://apl.brno.cz/protokoly-zmb/zmb-z9-34/20260414-18-45920.html
Z9-34-020,Z9/34,2026-04-14,sabina-benesova,Sabina Benešová,Brno klidem a nezávislí zastupitelé,Ano,Ano,f3b30b1b52d22703,ano,,13. Návrh aktualizace Integrované strategie rozvoje Brněnské metropolitní oblasti 2021+,https://apl.brno.cz/protokoly-zmb/zmb-z9-34/20260414-20-46081.html
Z9-34-021,Z9/34,2026-04-14,sabina-benesova,Sabina Benešová,Brno klidem a nezávislí zastupitelé,Ano,Ano,d137e1bed522f157,ano,,"14. Zapojení Fondu rezerv a rozvoje v souvislosti s aktualizací rozpočtu akcí zajišťovaných společností Brněnské vodárny a kanalizace, a. s. – duben 2026 – návrh rozpočtového opatření",https://apl.brno.cz/protokoly-zmb/zmb-z9-34/20260414-21-46122.html
Z9-34-019,Z9/34,2026-04-14,sabina-benesova,Sabina Benešová,Brno klidem a nezávislí zastupitelé,Ano,Ano,fd6a752a7f639446,ano,,"12. Návrh dodatku č. 4 ke zřizovací listině Centra sociálních služeb, příspěvkové organizace, vč. úpravy",https://apl.brno.cz/protokoly-zmb/zmb-z9-34/20260414-19-46048.html
Z9-34-004,Z9/34,2026-04-14,sabina-benesova,Sabina Benešová,Brno klidem a nezávislí zastupitelé,Nehlasoval,Nehlasoval,4309feb0d4cef6e1,ano,,"1. Technický bod (zapisovatelé, právní asistence, ověřovatelé zápisu, schválení programu zasedání ZMB) - program - hlasování o návrhu p. Kmenta na zařazení bodu I",https://apl.brno.cz/protokoly-zmb/zmb-z9-34/20260414-4-34348.html
Z9-34-024,Z9/34,2026-04-14,sabina-benesova,Sabina Benešová,Brno klidem a nezávislí zastupitelé,Ano,Ano,5581498ea46fc00e,ano,,17. Návrh rozpočtového opatření – přesun běžných a kapitálových výdajů v rámci rozpočtu Odboru městské informatiky MMB,https://apl.brno.cz/protokoly-zmb/zmb-z9-34/20260414-24-46512.html
Z9-34-022,Z9/34,2026-04-14,sabina-benesova,Sabina Benešová,Brno klidem a nezávislí zastupitelé,Ano,Ano,427181228057cc44,ano,,15. Aktualizace rozpočtu Odboru investičního MMB – duben 2026 - návrh rozpočtového opatření,https://apl.brno.cz/protokoly-zmb/zmb-z9-34/20260414-22-46154.html
Z9-34-025,Z9/34,2026-04-14,sabina-benesova,Sabina Benešová,Brno klidem a nezávislí zastupitelé,Ano,Ano,39a9071da8e9d24c,ano,,"18. Přesun běžných a kapitálových výdajů v rámci rozpočtu Odboru správy majetku MMB, návrh rozpočtového opatření",https://apl.brno.cz/protokoly-zmb/zmb-z9-34/20260414-25-46544.html
Z9-34-023,Z9/34,2026-04-14,sabina-benesova,Sabina Benešová,Brno klidem a nezávislí zastupitelé,Ano,Ano,d5d5fd537af8dbbf,ano,,16. Návrh rozpočtového opatření v souvislosti s realizací nového modulu e-shopu městských služeb Brno iD – „Dotační portál MMB“,https://apl.brno.cz/protokoly-zmb/zmb-z9-34/20260414-23-46477.html
Z9-34-026,Z9/34,2026-04-14,sabina-benesova,Sabina Benešová,Brno klidem a nezávislí zastupitelé,Ano,Ano,9fce8c5e865ddafc,ano,,"19. Zapojení Fondu rezerv a rozvoje k financování běžných výdajů Městské policie Brno, návrh rozpočtového opatření",https://apl.brno.cz/protokoly-zmb/zmb-z9-34/20260414-26-46657.html
Z9-34-027,Z9/34,2026-04-14,sabina-benesova,Sabina Benešová,Brno klidem a nezávislí zastupitelé,Zdržel se,Zdržel se,004c975b0f2de23b,ano,,"20. Zapojení Fondu rezerv a rozvoje v souvislosti s poskytnutím individuální neinvestiční dotace Nadaci Partnerství, návrh rozpočtového opatření",https://apl.brno.cz/protokoly-zmb/zmb-z9-34/20260414-27-46689.html
Z9-34-029,Z9/34,2026-04-14,sabina-benesova,Sabina Benešová,Brno klidem a nezávislí zastupitelé,Zdržel se,Zdržel se,2ead1ab527670d27,ano,,"22. Zapojení Fondu rezerv a rozvoje v souvislosti s navýšením poskytnuté dotace spolku Divadlo Aldente, z. s. na celoroční činnost ""Divadlo herců s Downovým syndromem"" - návrh rozpočtového opatření",https://apl.brno.cz/protokoly-zmb/zmb-z9-34/20260414-29-46753.html
Z9-34-028,Z9/34,2026-04-14,sabina-benesova,Sabina Benešová,Brno klidem a nezávislí zastupitelé,Ano,Ano,a93f154c1073407a,ano,,21. Zapojení Fondu rezerv a rozvoje v souvislosti s poskytnutím účelových investičních transferů městským částem – návrh rozpočtového opatření,https://apl.brno.cz/protokoly-zmb/zmb-z9-34/20260414-28-46719.html
Z9-34-030,Z9/34,2026-04-14,sabina-benesova,Sabina Benešová,Brno klidem a nezávislí zastupitelé,Ano,Ano,916c0733b9eaa96a,ano,,Body č. 23-25,https://apl.brno.cz/protokoly-zmb/zmb-z9-34/20260414-30-46795.html
Z9-34-031,Z9/34,2026-04-14,sabina-benesova,Sabina Benešová,Brno klidem a nezávislí zastupitelé,Ano,Ano,1f2793c297b4f1d0,ano,,26. Zapojení Fondu rezerv a rozvoje v souvislosti s navýšením finančních prostředků pro dotační program V Aktivity v oblasti národnostních menšin a etnik pro rok 2026 – návrh rozpočtového opatření,https://apl.brno.cz/protokoly-zmb/zmb-z9-34/20260414-31-52450.html
Z9-34-032,Z9/34,2026-04-14,sabina-benesova,Sabina Benešová,Brno klidem a nezávislí zastupitelé,Ano,Ano,c82ecb994d12476d,ano,,"27. Zapojení Fondu rezerv a rozvoje k financování kapitálových výdajů Odboru městské informatiky MMB, návrh rozpočtového opatření",https://apl.brno.cz/protokoly-zmb/zmb-z9-34/20260414-32-52485.html
Z9-34-033,Z9/34,2026-04-14,sabina-benesova,Sabina Benešová,Brno klidem a nezávislí zastupitelé,Ano,Ano,cea540b690c6ff04,ano,,"28. Zapojení Fondu rezerv a rozvoje na krytí provozních nákladů, aktualizace rozpočtu běžných a kapitálových výdajů Odboru dopravy MMB a Fondu mobility – duben 2026 – návrh rozpočtového opatření",https://apl.brno.cz/protokoly-zmb/zmb-z9-34/20260414-33-52536.html
Z9-34-034,Z9/34,2026-04-14,sabina-benesova,Sabina Benešová,Brno klidem a nezávislí zastupitelé,Ano,Ano,5e8726e017ee3c7d,ano,,"29. Zapojení Fondu Dáme na vás a Fondu rezerv a rozvoje v souvislosti s financováním projektů participativního rozpočtu, zajištění financování menstruačních potřeb na základních školách v Brně a cen do soutěží – návrh rozpočtových opatření",https://apl.brno.cz/protokoly-zmb/zmb-z9-34/20260414-34-52570.html
Z9-34-035,Z9/34,2026-04-14,sabina-benesova,Sabina Benešová,Brno klidem a nezávislí zastupitelé,Ano,Ano,d3751e77f8e13d95,ano,,30. Návrh rozpočtového opatření – zapojení Fondu rezerv a rozvoje k financování kapitálových výdajů Odboru vodního a lesního hospodářství a zemědělství MMB v roce 2026,https://apl.brno.cz/protokoly-zmb/zmb-z9-34/20260414-35-52600.html
Z9-34-036,Z9/34,2026-04-14,sabina-benesova,Sabina Benešová,Brno klidem a nezávislí zastupitelé,Ano,Ano,9b50162e83828de2,ano,,"32. Návrh na poskytnutí individuální neinvestiční dotace Brno CreativeDays s. r. o., na realizaci projektu „Brno CreativeDays“",https://apl.brno.cz/protokoly-zmb/zmb-z9-34/20260414-36-52633.html
Z9-34-037,Z9/34,2026-04-14,sabina-benesova,Sabina Benešová,Brno klidem a nezávislí zastupitelé,Ano,Ano,03b7ed324a81a657,ano,,"33. Návrh na poskytnutí individuální neinvestiční dotace GALANT BRNO, s. r. o., na projekt Zabezpečení celoročního provozu Sportareálu Družstevní v roce 2026",https://apl.brno.cz/protokoly-zmb/zmb-z9-34/20260414-37-52664.html
Z9-34-038,Z9/34,2026-04-14,sabina-benesova,Sabina Benešová,Brno klidem a nezávislí zastupitelé,Ano,Ano,12aa91c4ba0cf84a,ano,,"34. Návrh na poskytnutí individuální neinvestiční dotace spolku Emilova sportovní, z. s., na uspořádání 15. ročníku Evropských her handicapované mládeže Emil Open ve městě Brně v roce 2026",https://apl.brno.cz/protokoly-zmb/zmb-z9-34/20260414-38-52704.html
Z9-34-039,Z9/34,2026-04-14,sabina-benesova,Sabina Benešová,Brno klidem a nezávislí zastupitelé,Ano,Ano,72b0f2380d3a965c,ano,,35. Návrh na poskytnutí individuální neinvestiční dotace Vysokému učení technickému v Brně na zabezpečení provozu sportovního areálu Pod Palackého vrchem v rámci projektu Centrum brněnské atletiky pro rok 2026 – návrh rozpočtového opatření,https://apl.brno.cz/protokoly-zmb/zmb-z9-34/20260414-39-52735.html
Z9-34-040,Z9/34,2026-04-14,sabina-benesova,Sabina Benešová,Brno klidem a nezávislí zastupitelé,Ano,Ano,f40ccc54705ced1c,ano,,"36. Návrh na poskytnutí individuální neinvestiční dotace z rozpočtu města Brna v letech 2026-2028 společnosti Větrné mlýny s. r. o. na projekt ""Edice Brno 2026, resp. 2027, resp. 2028"" - návrh rozpočtového opatření",https://apl.brno.cz/protokoly-zmb/zmb-z9-34/20260414-40-52765.html
Z9-34-041,Z9/34,2026-04-14,sabina-benesova,Sabina Benešová,Brno klidem a nezávislí zastupitelé,Ano,Ano,3e2ee351b463fca2,ano,,"37. Návrh na poskytnutí individuální neinvestiční dotace z rozpočtu města Brna na rok 2026 společnosti Aeropolis s. r. o. na činnost ""Kino Scala v roce 2026"" – návrh rozpočtového opatření",https://apl.brno.cz/protokoly-zmb/zmb-z9-34/20260414-41-52795.html
Z9-34-042,Z9/34,2026-04-14,sabina-benesova,Sabina Benešová,Brno klidem a nezávislí zastupitelé,Ano,Ano,02223df8be059baa,ano,,38. Návrh na poskytnutí individuální investiční dotace z rozpočtu města Brna na zhotovení a umístění Poesiomatu v prostoru bývalé Velké synagogy v Brně – návrh smlouvy – návrh rozpočtového opatření,https://apl.brno.cz/protokoly-zmb/zmb-z9-34/20260414-42-52828.html
Z9-34-043,Z9/34,2026-04-14,sabina-benesova,Sabina Benešová,Brno klidem a nezávislí zastupitelé,Ano,Ano,6d8bf51a4f6ea960,ano,,"39. Návrh na poskytnutí individuální investiční dotace z rozpočtu statutárního města Brna společnosti Dopravní podnik města Brna, a. s. na projekt “Omezení vjezdu do centra“ – návrh rozpočtového opatření",https://apl.brno.cz/protokoly-zmb/zmb-z9-34/20260414-43-52863.html
Z9-34-045,Z9/34,2026-04-14,sabina-benesova,Sabina Benešová,Brno klidem a nezávislí zastupitelé,Ano,Ano,f61c607967860e8b,ano,,41. Návrh na poskytnutí neinvestičních dotací v rámci Programu II – Aktivity v sociální oblasti pro rok 2026 - návrh rozpočtového opatření - žadatel č. 43,https://apl.brno.cz/protokoly-zmb/zmb-z9-34/20260414-45-52966.html
Z9-34-044,Z9/34,2026-04-14,sabina-benesova,Sabina Benešová,Brno klidem a nezávislí zastupitelé,Ano,Ano,5723e6dbf8a1c6e2,ano,,40. Návrh na poskytnutí individuálních neinvestičních dotací na rok 2026 organizacím poskytujícím služby v souladu se Strategií politiky statutárního města Brna v oblasti psychoaktivních látek a návykového chování na období 2026-2033,https://apl.brno.cz/protokoly-zmb/zmb-z9-34/20260414-44-52894.html
Z9-34-046,Z9/34,2026-04-14,sabina-benesova,Sabina Benešová,Brno klidem a nezávislí zastupitelé,Ano,Ano,48d56d92d6057919,ano,,41. Návrh na poskytnutí neinvestičních dotací v rámci Programu II – Aktivity v sociální oblasti pro rok 2026 - návrh rozpočtového opatření,https://apl.brno.cz/protokoly-zmb/zmb-z9-34/20260414-46-53053.html
Z9-34-047,Z9/34,2026-04-14,sabina-benesova,Sabina Benešová,Brno klidem a nezávislí zastupitelé,Ano,Ano,e5d0e2551745fb4f,ano,,42. Návrh na poskytnutí neinvestičních dotací na rok 2026 z Programu III – Aktivity v oblasti drog a závislostí – návrh rozpočtového opatření,https://apl.brno.cz/protokoly-zmb/zmb-z9-34/20260414-47-53145.html
Z9-34-049,Z9/34,2026-04-14,sabina-benesova,Sabina Benešová,Brno klidem a nezávislí zastupitelé,Ano,Ano,312184283751a459,ano,,44. Návrh na poskytnutí neinvestičních příspěvků základním školám na zajištění projektu Primární prevence na základních školách – návrh rozpočtového opatření,https://apl.brno.cz/protokoly-zmb/zmb-z9-34/20260414-49-53203.html
Z9-34-048,Z9/34,2026-04-14,sabina-benesova,Sabina Benešová,Brno klidem a nezávislí zastupitelé,Ano,Ano,9e32f0c03b1dfddb,ano,,43. Návrh na poskytnutí neinvestičních dotací na rok 2026 z Programu IV – Prevencekriminality – návrh rozpočtového opatření,https://apl.brno.cz/protokoly-zmb/zmb-z9-34/20260414-48-53173.html
Z9-34-050,Z9/34,2026-04-14,sabina-benesova,Sabina Benešová,Brno klidem a nezávislí zastupitelé,Ano,Ano,af0e210ba05ae0d1,ano,,"45. Návrh na poskytnutí finančního daru spolku Městský sportovní klub Brno, z. s., na podporu brněnských olympioniků – sportovců seniorů pro rok 2026 – návrh rozpočtového opatření",https://apl.brno.cz/protokoly-zmb/zmb-z9-34/20260414-50-53232.html
Z9-34-051,Z9/34,2026-04-14,sabina-benesova,Sabina Benešová,Brno klidem a nezávislí zastupitelé,Ano,Ano,b95ea34cafbcc5d3,ano,,46. Návrh na poskytnutí peněžitého daru Jihomoravskému kraji na podporu audiovize; návrh rozpočtového opatření,https://apl.brno.cz/protokoly-zmb/zmb-z9-34/20260414-51-53261.html
Z9-34-052,Z9/34,2026-04-14,sabina-benesova,Sabina Benešová,Brno klidem a nezávislí zastupitelé,Ano,Ano,9a1a801caa10176f,ano,,47. Návrh na poskytnutí finančních podílů z rozpočtu města Brna na projekty prevence kriminality v roce 2026 - návrh rozpočtového opatření,https://apl.brno.cz/protokoly-zmb/zmb-z9-34/20260414-52-53290.html
Z9-34-053,Z9/34,2026-04-14,sabina-benesova,Sabina Benešová,Brno klidem a nezávislí zastupitelé,Ano,Ano,01a3c311965c351e,ano,,"48. Návrh na změnu účelu neinvestičního příspěvku schváleného Národnímu divadlu Brno, příspěvkové organizaci, v roce 2026",https://apl.brno.cz/protokoly-zmb/zmb-z9-34/20260414-53-53319.html
Z9-34-054,Z9/34,2026-04-14,sabina-benesova,Sabina Benešová,Brno klidem a nezávislí zastupitelé,Ano,Ano,4470de8e338e96c6,ano,,"49. Návrh na změnu účelu využití části investičního příspěvku schváleného Veřejné zeleni města Brna, příspěvkové organizaci – návrh rozpočtového opatření",https://apl.brno.cz/protokoly-zmb/zmb-z9-34/20260414-54-53348.html
Z9-34-056,Z9/34,2026-04-14,sabina-benesova,Sabina Benešová,Brno klidem a nezávislí zastupitelé,Ano,Ano,f908ea37f5627ce2,ano,,"50. Návrh dodatku č. 3 smlouvy o poskytnutí dotace z rozpočtu města Brna mezi statutárním městem Brnem a společností SNIP & CO, reklamní společnost, spol. s r.o.",https://apl.brno.cz/protokoly-zmb/zmb-z9-34/20260414-56-53420.html
Z9-34-057,Z9/34,2026-04-14,sabina-benesova,Sabina Benešová,Brno klidem a nezávislí zastupitelé,Zdržel se,Zdržel se,3984f87d223dc754,ano,,51. Žádost nadačního fondu MEHRIN o prominutí odvodu za porušení rozpočtové kázně u smlouvy o poskytnutí individuální dotace z rozpočtu města Brna v roce 2025,https://apl.brno.cz/protokoly-zmb/zmb-z9-34/20260414-57-53451.html
Z9-34-058,Z9/34,2026-04-14,sabina-benesova,Sabina Benešová,Brno klidem a nezávislí zastupitelé,Nehlasoval,Nehlasoval,ec89d81bef2908d7,ano,,"52. Žádost společnosti CAURION s. r. o. o prominutí dluhu na nájemném za užívání prostor v budově č. p. 64, Kobližná 10, na pozemku p. č. 147 v k. ú. Město Brno",https://apl.brno.cz/protokoly-zmb/zmb-z9-34/20260414-58-53486.html
Z9-34-059,Z9/34,2026-04-14,sabina-benesova,Sabina Benešová,Brno klidem a nezávislí zastupitelé,Ano,Ano,3c48b062b3202d42,ano,,"53. Návrh plné moci pro společnost KAVA, spol.s r. o.",https://apl.brno.cz/protokoly-zmb/zmb-z9-34/20260414-59-53520.html
Z9-34-060,Z9/34,2026-04-14,sabina-benesova,Sabina Benešová,Brno klidem a nezávislí zastupitelé,Ano,Ano,165188e875c25a35,ano,,54. Finanční prostředky Fondu kofinancování projektů – duben 2026 – návrh rozpočtových opatření,https://apl.brno.cz/protokoly-zmb/zmb-z9-34/20260414-60-53547.html
Z9-34-062,Z9/34,2026-04-14,sabina-benesova,Sabina Benešová,Brno klidem a nezávislí zastupitelé,Ano,Ano,9af3944990db6fc7,ano,,"56. Projekt ""PROTOS"" – účast na projektu",https://apl.brno.cz/protokoly-zmb/zmb-z9-34/20260414-62-53643.html
Z9-34-061,Z9/34,2026-04-14,sabina-benesova,Sabina Benešová,Brno klidem a nezávislí zastupitelé,Ano,Ano,c1a0a42981313289,ano,,"55. Projekt ""Stavební úpravy MŠ Brechtova"" – posouzení projektu",https://apl.brno.cz/protokoly-zmb/zmb-z9-34/20260414-61-53598.html
Z9-34-063,Z9/34,2026-04-14,sabina-benesova,Sabina Benešová,Brno klidem a nezávislí zastupitelé,Zdržel se,Zdržel se,222206c997970f3c,ano,,"57. Projekt ""Grund.Bunt.Štatl"" - účast na projektu, návrh dohody o spolupráci",https://apl.brno.cz/protokoly-zmb/zmb-z9-34/20260414-63-53678.html
Z9-34-064,Z9/34,2026-04-14,sabina-benesova,Sabina Benešová,Brno klidem a nezávislí zastupitelé,Ano,Ano,a39f660064c37be7,ano,,"58. Projekt ""Implementace privátní 5G sítě v areálu Úrazové nemocnice v Brně"" – posouzení projektu, návrh na poskytnutí návratné finanční výpomoci, návrh rozpočtového opatření",https://apl.brno.cz/protokoly-zmb/zmb-z9-34/20260414-64-53707.html
Z9-34-065,Z9/34,2026-04-14,sabina-benesova,Sabina Benešová,Brno klidem a nezávislí zastupitelé,Ano,Ano,2b725bda7265cbd7,ano,,"59. Návrh na udělení výjimky ze Statutu bytu pro osamělé rodiče s dětmi, který tvoří přílohu č. 3 Pravidel pronájmu bytů v domech v majetku statutárního města Brna, nájemkyni bytu pro osamělé rodiče s dětmi v domě Vlhká 22, Brno",https://apl.brno.cz/protokoly-zmb/zmb-z9-34/20260414-65-53739.html
Z9-34-066,Z9/34,2026-04-14,sabina-benesova,Sabina Benešová,Brno klidem a nezávislí zastupitelé,Ano,Ano,b7b8786fa4928234,ano,,"60. Návrh vzorové dohody o narovnání s bezúplatným převodem podílu města na bytových jednotkách v domech Poslušného 9 v k. ú. Líšeň, 61. Návrh vzorové dohody o narovnání s bezúplatným převodem spoluvlastnických podílů města na b.j. domu č.p. 4387, členům Bytového družstva Vinohrady, družstvo, bezúplatné nabytí podílů na pozemcích p. č. 9395/2–6, vše k. ú. Židenice, (MČ Brno-Vinohrady)",https://apl.brno.cz/protokoly-zmb/zmb-z9-34/20260414-66-53769.html
Z9-34-067,Z9/34,2026-04-14,sabina-benesova,Sabina Benešová,Brno klidem a nezávislí zastupitelé,Ano,Ano,c289d1bc325f1103,ano,,62. Záměr prodeje spoluvlastnických podílů na pozemcích v městské části Brno-střed vlastníkům jednotek v bytových domech,https://apl.brno.cz/protokoly-zmb/zmb-z9-34/20260414-67-53798.html
Z9-34-068,Z9/34,2026-04-14,sabina-benesova,Sabina Benešová,Brno klidem a nezávislí zastupitelé,Ano,Ano,f6e6ed947a1803d4,ano,,"63. Návrh na zrušení části usnesení Z7/27. zasedání Zastupitelstva města Brna, ze dne 11.4.2017, bod 108 ve věci odejmutí svěřené stavby č. p. 216, bytový dům Dornych 25a, vše v k. ú. Trnitá městské části Brno-střed",https://apl.brno.cz/protokoly-zmb/zmb-z9-34/20260414-68-53830.html
Z9-34-069,Z9/34,2026-04-14,sabina-benesova,Sabina Benešová,Brno klidem a nezávislí zastupitelé,Ano,Ano,73390eba3a1c5dae,ano,,"64. Návrh na úhradu náhrad nájemného za sociální byty a náhrad za mimořádné opravy sociálních bytů městským částem, návrh rozpočtového opatření",https://apl.brno.cz/protokoly-zmb/zmb-z9-34/20260414-69-53861.html
Z9-34-070,Z9/34,2026-04-14,sabina-benesova,Sabina Benešová,Brno klidem a nezávislí zastupitelé,Ano,Ano,d9bf466cbd438df0,ano,,Body č. 65-69,https://apl.brno.cz/protokoly-zmb/zmb-z9-34/20260414-70-53894.html
Z9-34-071,Z9/34,2026-04-14,sabina-benesova,Sabina Benešová,Brno klidem a nezávislí zastupitelé,Ano,Ano,40fc7f26b07198a8,ano,,Body č. 70-78,https://apl.brno.cz/protokoly-zmb/zmb-z9-34/20260414-71-53954.html
Z9-34-072,Z9/34,2026-04-14,sabina-benesova,Sabina Benešová,Brno klidem a nezávislí zastupitelé,Ano,Ano,4b9c59a2a70c4bfe,ano,,79. Návrh nabytí vlastnictví k dalším zapsaným a nezapsaným stavbám garáží postavených na pozemcích statutárního města Brna v rozvojové lokalitě při ul. Trýbova,https://apl.brno.cz/protokoly-zmb/zmb-z9-34/20260414-72-53986.html
Z9-34-073,Z9/34,2026-04-14,sabina-benesova,Sabina Benešová,Brno klidem a nezávislí zastupitelé,Ano,Ano,f78d3c41ff44f9eb,ano,,80. Návrh nabytí ocelové lávky pro pěší a mostu na pozemku p. č. 960/1 v k. ú. Husovice,https://apl.brno.cz/protokoly-zmb/zmb-z9-34/20260414-73-54043.html
Z9-34-074,Z9/34,2026-04-14,sabina-benesova,Sabina Benešová,Brno klidem a nezávislí zastupitelé,Ano,Ano,058fc5d9bd387985,ano,,Body č. 81-88,https://apl.brno.cz/protokoly-zmb/zmb-z9-34/20260414-74-54082.html
Z9-34-075,Z9/34,2026-04-14,sabina-benesova,Sabina Benešová,Brno klidem a nezávislí zastupitelé,Ano,Ano,f2e324d4a44ce57c,ano,,"90. Návrh nabytí spoluvlastnických podílů k pozemku p. č. 1757/3 a k části pozemku p. č. 1986 v k. ú. Obřany pro stavbu ""Brno, MČ Obřany - ul. Hradiska a Mlýnské nábřeží, dostavba stokové sítě""",https://apl.brno.cz/protokoly-zmb/zmb-z9-34/20260414-75-54123.html
Z9-34-077,Z9/34,2026-04-14,sabina-benesova,Sabina Benešová,Brno klidem a nezávislí zastupitelé,Nehlasoval,Nehlasoval,3e6e622846ad9f54,ano,,"92. Návrh nabytí spoluvlastnických podílů ve výši id. 1/2 na pozemcích p. č. 1159, p. č. 1160/1 a p. č. 1182, vše v k. ú. Nový Lískovec, pro strategický projekt „Bytová výstavba v lokalitě Kamenný vrch II“, návrh rozpočtového opatření",https://apl.brno.cz/protokoly-zmb/zmb-z9-34/20260414-77-54224.html
Z9-34-079,Z9/34,2026-04-14,sabina-benesova,Sabina Benešová,Brno klidem a nezávislí zastupitelé,Ano,Ano,71730fd557404a3c,ano,,"94. Návrh nabytí spoluvlastnického podílu na jednotce (garáž) a na pozemcích v k. ú. Zábrdovice, návrh Dodatku č. 2 ke Zřizovací listině Úrazové nemocnice v Brně",https://apl.brno.cz/protokoly-zmb/zmb-z9-34/20260414-79-54306.html
Z9-34-078,Z9/34,2026-04-14,sabina-benesova,Sabina Benešová,Brno klidem a nezávislí zastupitelé,Ano,Ano,a9d74c152e912231,ano,,93. Návrh (ne)nabytí pozemku p. č. 7919/1 v k. ú. Židenice (městská část Brno-Židenice) - var. A,https://apl.brno.cz/protokoly-zmb/zmb-z9-34/20260414-78-54269.html
Z9-34-081,Z9/34,2026-04-14,sabina-benesova,Sabina Benešová,Brno klidem a nezávislí zastupitelé,Ano,Ano,9cd8ec67715d33af,ano,,"97. Návrh bezúplatného nabytí pozemků v k. ú. Bosonohy, Řečkovice a Žebětín z vlastnictví České republiky – Úřadu pro zastupování státu ve věcech majetkových do vlastnictví statutárního města Brna bez odr.",https://apl.brno.cz/protokoly-zmb/zmb-z9-34/20260414-81-54443.html
Z9-34-080,Z9/34,2026-04-14,sabina-benesova,Sabina Benešová,Brno klidem a nezávislí zastupitelé,Ano,Ano,515314f768620487,ano,,"95. Návrh bezúplatného nabytí nemovitých věcí v k. ú. Bohunice, Medlánky, Nový Lískovec a Řečkovice z vlastnictví České republiky – Úřadu pro zastupování státu ve věcech majetkových do vlastnictví statutárního města Brna s omezujícími podmínkami, 96. Návrh bezúplatného nabytí nemovitých věcí v k. ú. Bosonohy, Bystrc, Pisárky a Žabovřesky z vlastnictví České republiky – Úřadu pro zastupování státu ve věcech majetkových do vlastnictví statutárního města Brna s omezujícími podmínkami",https://apl.brno.cz/protokoly-zmb/zmb-z9-34/20260414-80-54372.html
Z9-34-082,Z9/34,2026-04-14,sabina-benesova,Sabina Benešová,Brno klidem a nezávislí zastupitelé,Ano,Ano,ee3ec0abb6068a90,ano,,Body č. 98-105,https://apl.brno.cz/protokoly-zmb/zmb-z9-34/20260414-82-54481.html
Z9-34-083,Z9/34,2026-04-14,sabina-benesova,Sabina Benešová,Brno klidem a nezávislí zastupitelé,Ano,Ano,5c81be6416009c88,ano,,Body č. 106-111,https://apl.brno.cz/protokoly-zmb/zmb-z9-34/20260414-83-54515.html
Z9-34-085,Z9/34,2026-04-14,sabina-benesova,Sabina Benešová,Brno klidem a nezávislí zastupitelé,Ano,Ano,8181fb7653c7eda6,ano,,113. Návrh směny části pozemku p. č. 352/134 v k. ú. Kníničky za část pozemku p. č. 352/183 v k. ú. Kníničky a návrh odejmutí části svěřeného pozemku p. č. 352/134 v k. ú. Kníničky,https://apl.brno.cz/protokoly-zmb/zmb-z9-34/20260414-85-54592.html
Z9-34-084,Z9/34,2026-04-14,sabina-benesova,Sabina Benešová,Brno klidem a nezávislí zastupitelé,Ano,Ano,591669ae5ffab9ea,ano,,"112. Návrh směny pozemků a částí pozemků v k. ú. Černovice a Tuřany, návrh prodeje části pozemku p. č. 2615/56 v k. ú. Černovice a návrh nabytí pozemků v k. ú. Komín, Líšeň a Slatina",https://apl.brno.cz/protokoly-zmb/zmb-z9-34/20260414-84-54557.html
Z9-34-087,Z9/34,2026-04-14,sabina-benesova,Sabina Benešová,Brno klidem a nezávislí zastupitelé,Ano,Ano,40f79428a1c2df74,ano,,"116. Návrh budoucí směny pozemků a budoucího zřízení služebnosti veřejného statku na pozemcích v k. ú. Židenice (městská část Brno-Židenice) - ""Bytové domy JULIANA III""",https://apl.brno.cz/protokoly-zmb/zmb-z9-34/20260414-87-54656.html
Z9-34-086,Z9/34,2026-04-14,sabina-benesova,Sabina Benešová,Brno klidem a nezávislí zastupitelé,Ano,Ano,df1668cc693e3288,ano,,"115. Návrh budoucí směny pozemku p. č. 2373/24 a pozemku p. č. 2373/8 zastavěného stavbou ve vlastnictví společnosti CHOR investment s. r. o., vše k. ú. Královo Pole",https://apl.brno.cz/protokoly-zmb/zmb-z9-34/20260414-86-54625.html
Z9-34-088,Z9/34,2026-04-14,sabina-benesova,Sabina Benešová,Brno klidem a nezávislí zastupitelé,Ano,Ano,7ee412a2856cee05,ano,,Body č. 118-121,https://apl.brno.cz/protokoly-zmb/zmb-z9-34/20260414-88-54722.html
Z9-34-089,Z9/34,2026-04-14,sabina-benesova,Sabina Benešová,Brno klidem a nezávislí zastupitelé,Ano,Ano,e796b12db7e4efc2,ano,,"122. Návrh Plánovací smlouvy „Přístavba a nástavba objektu A, Bezručova 22, Brno“",https://apl.brno.cz/protokoly-zmb/zmb-z9-34/20260414-89-54753.html
Z9-34-091,Z9/34,2026-04-14,sabina-benesova,Sabina Benešová,Brno klidem a nezávislí zastupitelé,Nehlasoval,Nehlasoval,ea8f169c8278b802,ano,,124. Návrh Plánovací smlouvy „Základní škola a gymnázium s ubytováním Labyrinth“ - var. B,https://apl.brno.cz/protokoly-zmb/zmb-z9-34/20260414-91-54932.html
Z9-34-090,Z9/34,2026-04-14,sabina-benesova,Sabina Benešová,Brno klidem a nezávislí zastupitelé,Nehlasoval,Nehlasoval,a9c1d6273478193a,ano,,124. Návrh Plánovací smlouvy „Základní škola a gymnázium s ubytováním Labyrinth“ - var. A,https://apl.brno.cz/protokoly-zmb/zmb-z9-34/20260414-90-54846.html
Z9-34-092,Z9/34,2026-04-14,sabina-benesova,Sabina Benešová,Brno klidem a nezávislí zastupitelé,Ano,Ano,135e2bc18bda906d,ano,,"125. Dodatek č. 1 ke smlouvě o spolupráci uzavřené mezi statutárním městem Brnem a organizací Správa železnic, státní organizace, související s realizací přestavby železničního uzlu Brno",https://apl.brno.cz/protokoly-zmb/zmb-z9-34/20260414-92-55143.html
Z9-34-093,Z9/34,2026-04-14,sabina-benesova,Sabina Benešová,Brno klidem a nezávislí zastupitelé,Ano,Ano,1bb32bfa20e2ec08,ano,,126. Návrh Dodatku č. 1 ke Smlouvě o spolupráci na přípravě a realizaci programů rezidencí začleněných do systému rezidencí „VillaBohema“,https://apl.brno.cz/protokoly-zmb/zmb-z9-34/20260414-93-55174.html
Z9-34-095,Z9/34,2026-04-14,sabina-benesova,Sabina Benešová,Brno klidem a nezávislí zastupitelé,Ne,Ne,464cbce24b3af7d6,ano,,Hlasování o návrhu p. Novotného na znovuzařazení bodu č. 3 - Informace k 76. Sudetoněmeckému sněmu konaném ve dnech 22.–25. května 2026 v Brně,https://apl.brno.cz/protokoly-zmb/zmb-z9-34/20260414-95-55610.html
Z9-34-094,Z9/34,2026-04-14,sabina-benesova,Sabina Benešová,Brno klidem a nezávislí zastupitelé,Ano,Ano,f0779540b87db048,ano,,"127. Návrh obecně závazné vyhlášky statutárního města Brna, kterou se mění obecně závazná vyhláška statutárního města Brna č. 20/2001, kterou se vydává Statut města Brna, ve znění pozdějších vyhlášek – návrh změn v příloze č. 3",https://apl.brno.cz/protokoly-zmb/zmb-z9-34/20260414-94-55228.html
Z9-35-002,Z9/35,2026-05-19,sabina-benesova,Sabina Benešová,Brno klidem a nezávislí zastupitelé,Ano,Ano,157bee051b4d5ef4,ano,,"1. Technický bod (zapisovatelé, právní asistence, ověřovatelé zápisu, schválení programu zasedání ZMB) - program - hlasování o stažení bodu č. 12, 18, 63, 69, 76",https://apl.brno.cz/protokoly-zmb/zmb-z9-35/20260519-2-33235.html
Z9-35-003,Z9/35,2026-05-19,sabina-benesova,Sabina Benešová,Brno klidem a nezávislí zastupitelé,Ano,Ano,74c472122e36f976,ano,,"1. Technický bod (zapisovatelé, právní asistence, ověřovatelé zápisu, schválení programu zasedání ZMB) - program - hlasování o zařazení bodu č. 115",https://apl.brno.cz/protokoly-zmb/zmb-z9-35/20260519-3-33262.html
Z9-35-005,Z9/35,2026-05-19,sabina-benesova,Sabina Benešová,Brno klidem a nezávislí zastupitelé,Ano,Ano,5b29d559648f4168,ano,,"4. Návrh zastupitelského klubu ANO 2011 na pověření Kontrolního výboru Zastupitelstva města Brna k provedení kontroly společnosti SAKO Brno SOLAR, a. s.",https://apl.brno.cz/protokoly-zmb/zmb-z9-35/20260519-5-33592.html
Z9-35-006,Z9/35,2026-05-19,sabina-benesova,Sabina Benešová,Brno klidem a nezávislí zastupitelé,Ano,Ano,42dc57b3e93fa2bc,ano,,"5. Návrh obecně závazné vyhlášky statutárního města Brna, kterou se mění obecně závazná vyhláška města Brna č. 1/1992, kterou se ve městě Brně zřizuje městská policie podle zákona č. 553/1991 Sb., ve znění pozdějších vyhlášek",https://apl.brno.cz/protokoly-zmb/zmb-z9-35/20260519-6-33627.html
Z9-35-007,Z9/35,2026-05-19,sabina-benesova,Sabina Benešová,Brno klidem a nezávislí zastupitelé,Ano,Ano,b0dddcaca673f198,ano,,"6. Návrh obecně závazné vyhlášky statutárního města Brna, kterou se mění obecně závazná vyhláška statutárního města Brna č. 11/2017, o nočním klidu, ve znění pozdějších vyhlášek",https://apl.brno.cz/protokoly-zmb/zmb-z9-35/20260519-7-33703.html
Z9-35-008,Z9/35,2026-05-19,sabina-benesova,Sabina Benešová,Brno klidem a nezávislí zastupitelé,Ano,Ano,d7866bd7dce5ce24,ano,,"7. Návrh Dodatku č. 2 ke zřizovací listině Kanceláře architekta města Brna, příspěvkové organizace",https://apl.brno.cz/protokoly-zmb/zmb-z9-35/20260519-8-33738.html
Z9-35-009,Z9/35,2026-05-19,sabina-benesova,Sabina Benešová,Brno klidem a nezávislí zastupitelé,Ano,Ano,09956fdfa8be3d9b,ano,,8. Návrh Strategie kultury a kreativních odvětví 2026-2035,https://apl.brno.cz/protokoly-zmb/zmb-z9-35/20260519-9-33770.html
Z9-35-001,Z9/35,2026-05-19,sabina-benesova,Sabina Benešová,Brno klidem a nezávislí zastupitelé,Ano,Ano,1d37a4c4d25115d2,ano,,"1. Technický bod (zapisovatelé, právní asistence, ověřovatelé zápisu, schválení programu zasedání ZMB) - ověřovatelé zápisu",https://apl.brno.cz/protokoly-zmb/zmb-z9-35/20260519-1-33065.html
Z9-35-012,Z9/35,2026-05-19,sabina-benesova,Sabina Benešová,Brno klidem a nezávislí zastupitelé,Ano,Ano,af58a6827360e6ae,ano,,11. Výsledky hospodaření statutárního města Brna za I. čtvrtletí roku 2026,https://apl.brno.cz/protokoly-zmb/zmb-z9-35/20260519-12-33874.html
Z9-35-004,Z9/35,2026-05-19,sabina-benesova,Sabina Benešová,Brno klidem a nezávislí zastupitelé,Ano,Ano,4d1774105cc8cc00,ano,,"1. Technický bod (zapisovatelé, právní asistence, ověřovatelé zápisu, schválení programu zasedání ZMB) - program",https://apl.brno.cz/protokoly-zmb/zmb-z9-35/20260519-4-33302.html
Z9-35-013,Z9/35,2026-05-19,sabina-benesova,Sabina Benešová,Brno klidem a nezávislí zastupitelé,Ano,Ano,3eb129ab52a09cc9,ano,,"13. Aktualizace rozpočtu akcí zajišťovaných společností Brněnské vodárny a kanalizace, a. s.– květen 2026 – návrh rozpočtového opatření",https://apl.brno.cz/protokoly-zmb/zmb-z9-35/20260519-13-33974.html
Z9-35-014,Z9/35,2026-05-19,sabina-benesova,Sabina Benešová,Brno klidem a nezávislí zastupitelé,Ano,Ano,2ac0f5d7cd6cf89c,ano,,14. Aktualizace rozpočtu Odboru investičního MMB – květen 2026 – návrh rozpočtového opatření,https://apl.brno.cz/protokoly-zmb/zmb-z9-35/20260519-14-34007.html
Z9-35-015,Z9/35,2026-05-19,sabina-benesova,Sabina Benešová,Brno klidem a nezávislí zastupitelé,Ano,Ano,9081a2d00946ade2,ano,,"15. Schválení investičního záměru na akci ""ZŠ Čejkovická – rekonstrukce hřiště"" – návrh rozpočtového opatření",https://apl.brno.cz/protokoly-zmb/zmb-z9-35/20260519-15-34042.html
Z9-35-016,Z9/35,2026-05-19,sabina-benesova,Sabina Benešová,Brno klidem a nezávislí zastupitelé,Ano,Ano,ceacff93256d0f28,ano,,"16. Přesun běžných a kapitálových výdajů v rámci rozpočtu Odboru územního plánování a rozvoje Magistrátu města Brna, návrh rozpočtového opatření",https://apl.brno.cz/protokoly-zmb/zmb-z9-35/20260519-16-34075.html
Z9-35-017,Z9/35,2026-05-19,sabina-benesova,Sabina Benešová,Brno klidem a nezávislí zastupitelé,Ano,Ano,52a85836b0376e87,ano,,"17. Zapojení zůstatku Sociálního fondu do rozpočtu běžných výdajů Městské policie Brno, návrh rozpočtového opatření",https://apl.brno.cz/protokoly-zmb/zmb-z9-35/20260519-17-34108.html
Z9-35-018,Z9/35,2026-05-19,sabina-benesova,Sabina Benešová,Brno klidem a nezávislí zastupitelé,Ano,Ano,f4d231c7cb13722a,ano,,"19. Zapojení Fondu rezerv a rozvoje v souvislosti s poskytnutím investičního příspěvku Úrazové nemocnici v Brně na pořízení magnetické rezonance, návrh rozpočtového opatření",https://apl.brno.cz/protokoly-zmb/zmb-z9-35/20260519-18-35324.html
Z9-35-010,Z9/35,2026-05-19,sabina-benesova,Sabina Benešová,Brno klidem a nezávislí zastupitelé,Ano,Ano,9a491c6387510a0d,ano,,"9. Návrh závěrečného účtu statutárního města Brna za rok 2025, návrh účetní závěrky statutárního města Brna za rok 2025",https://apl.brno.cz/protokoly-zmb/zmb-z9-35/20260519-10-33804.html
Z9-35-019,Z9/35,2026-05-19,sabina-benesova,Sabina Benešová,Brno klidem a nezávislí zastupitelé,Ano,Ano,c4e8e1123b847068,ano,,20. Zapojení Fondu rezerv a rozvoje v souvislosti s realizací soutěže o návrh „Socha Lucie Bakešové na Žlutém kopci v Brně“ – návrh rozpočtového opatření,https://apl.brno.cz/protokoly-zmb/zmb-z9-35/20260519-19-35363.html
Z9-35-011,Z9/35,2026-05-19,sabina-benesova,Sabina Benešová,Brno klidem a nezávislí zastupitelé,Ano,Ano,f38aa38c98f1d9bd,ano,,"10. Návrh změn rozpočtů účelových fondů a veřejných sbírek města Brna, návrh rozpočtových opatření v souvislosti s finančním vypořádáním rozpočtu města Brna za rok 2025",https://apl.brno.cz/protokoly-zmb/zmb-z9-35/20260519-11-33841.html
Z9-35-020,Z9/35,2026-05-19,sabina-benesova,Sabina Benešová,Brno klidem a nezávislí zastupitelé,Ano,Ano,9380016764a56ede,ano,,"21. Zapojení Fondu rezerv a rozvoje v souvislosti s realizací soutěže o návrh „Umělecké dílo s vodním prvkem – Česká"" – návrh rozpočtového opatření",https://apl.brno.cz/protokoly-zmb/zmb-z9-35/20260519-20-35651.html
Z9-35-021,Z9/35,2026-05-19,sabina-benesova,Sabina Benešová,Brno klidem a nezávislí zastupitelé,Ano,Ano,437a4510b9acd50a,ano,,"22. Zapojení Fondu rezerv a rozvoje v souvislosti s navýšením individuální neinvestiční dotace STAREZ – SPORT, a. s., na úhradu provozních nákladů ""MFS Srbská"" v období 1. 1. 2026-30. 6.2027 – návrh dodatku dotační smlouvy – návrh rozpočtového opatření",https://apl.brno.cz/protokoly-zmb/zmb-z9-35/20260519-21-36412.html
Z9-35-022,Z9/35,2026-05-19,sabina-benesova,Sabina Benešová,Brno klidem a nezávislí zastupitelé,Ano,Ano,1971084eed0fc1aa,ano,,"23. Zapojení Fondu rezerv a rozvoje v souvislosti s poskytnutím individuální neinvestiční dotace organizaci Tady to mám rád, z. s., na projekt Zpřístupnění metodiky přístupu Positive Behaviour Support (PBS) v českém jazyce, návrh rozpočtového opatření",https://apl.brno.cz/protokoly-zmb/zmb-z9-35/20260519-22-36442.html
Z9-35-023,Z9/35,2026-05-19,sabina-benesova,Sabina Benešová,Brno klidem a nezávislí zastupitelé,Ano,Ano,0cb6f9f531178aa5,ano,,"24. Zapojení Fondu rezerv a rozvoje v souvislosti s poskytnutím individuální investiční dotace ParaCENTRUFenix, z. s., na kofinancování projektu Vybudování zázemí sociálních služeb ParaCENTRUMFenix, návrh rozpočtového opatření",https://apl.brno.cz/protokoly-zmb/zmb-z9-35/20260519-23-36470.html
Z9-35-024,Z9/35,2026-05-19,sabina-benesova,Sabina Benešová,Brno klidem a nezávislí zastupitelé,Ano,Ano,8cf5d78f802afaab,ano,,"25. Zapojení Fondu rezerv a rozvoje v souvislosti s poskytnutím individuální investiční dotace organizaci Naděje na kolech, z. ú., na projekt Zvýšení dostupnosti služby sanity přání pro občany města Brna a JMK, návrh rozpočtového opatření",https://apl.brno.cz/protokoly-zmb/zmb-z9-35/20260519-24-36504.html
Z9-35-025,Z9/35,2026-05-19,sabina-benesova,Sabina Benešová,Brno klidem a nezávislí zastupitelé,Ano,Ano,f7383636db6f7174,ano,,"26. Zapojení Fondu rezerv a rozvoje v souvislosti s poskytnutím individuální neinvestiční dotace INSTITUTU SOCIÁLNĚ ZDRAVOTNÍCH STRATEGIÍ z. s. na projekt PORADNA JAKO SLON 2026, návrh rozpočtového opatření",https://apl.brno.cz/protokoly-zmb/zmb-z9-35/20260519-25-36534.html
Z9-35-026,Z9/35,2026-05-19,sabina-benesova,Sabina Benešová,Brno klidem a nezávislí zastupitelé,Ano,Ano,c3bc0d80e0586397,ano,,"27. Zapojení Fondu rezerv a rozvoje v souvislosti s vykrytím ztráty vedlejší podnikatelské činnosti města Brna Oddělení Jídelna Odboru vnitřních věcí MMB za rok 2025, návrh rozpočtového opatření",https://apl.brno.cz/protokoly-zmb/zmb-z9-35/20260519-26-36568.html
Z9-35-027,Z9/35,2026-05-19,sabina-benesova,Sabina Benešová,Brno klidem a nezávislí zastupitelé,Ano,Ano,54658529bcc92f64,ano,,"28. Zapojení Fondu rezerv a rozvoje v souvislosti s poskytnutím individuální investiční dotace společnosti Technické sítě Brno, akciová společnost na akci ORG 1834 ""Rekonstrukce cesty k hradu Špilberk z ul. Gorazdova"", návrh rozpočtového opatření",https://apl.brno.cz/protokoly-zmb/zmb-z9-35/20260519-27-36601.html
Z9-35-028,Z9/35,2026-05-19,sabina-benesova,Sabina Benešová,Brno klidem a nezávislí zastupitelé,Ano,Ano,b0fdc583d5a1c8c1,ano,,29. Zapojení Fondu rezerv a rozvoje k financování běžných výdajů Kanceláře marketingu a cestovního ruchu MMB – návrh rozpočtového opatření,https://apl.brno.cz/protokoly-zmb/zmb-z9-35/20260519-28-36631.html
Z9-35-029,Z9/35,2026-05-19,sabina-benesova,Sabina Benešová,Brno klidem a nezávislí zastupitelé,Ano,Ano,e5d759dfd7ad3148,ano,,"30. Zapojení Fondu rezerv a rozvoje v souvislosti s návrhem na poskytnutí individuální investiční dotace JINTEK, z. ú., na realizaci projektu „Spojení Fablabu Brno a Hobbylabu“ – návrh rozpočtového opatření",https://apl.brno.cz/protokoly-zmb/zmb-z9-35/20260519-29-36662.html
Z9-35-030,Z9/35,2026-05-19,sabina-benesova,Sabina Benešová,Brno klidem a nezávislí zastupitelé,Ano,Ano,c1b49ec617444d44,ano,,"31. Zapojení Fondu rezerv a rozvoje v souvislosti s poskytnutím investičního transferu městské části Brno-střed, návrh na převod finančních prostředků do Fondu bytové výstavby, návrh rozpočtového opatření",https://apl.brno.cz/protokoly-zmb/zmb-z9-35/20260519-30-36696.html
Z9-35-031,Z9/35,2026-05-19,sabina-benesova,Sabina Benešová,Brno klidem a nezávislí zastupitelé,Ano,Ano,6372b5c809b32ef0,ano,,"32. Zapojení Fondu rezerv a rozvoje na zajištění projektového řízení a koordinace rozvoje lokalit Špitálka – Radlas a Staré Brno – Oltec – návrh rozpočtového opatření, návrh smlouvy se společností Realitní společnost města Brna, a. s.",https://apl.brno.cz/protokoly-zmb/zmb-z9-35/20260519-31-36735.html
Z9-35-032,Z9/35,2026-05-19,sabina-benesova,Sabina Benešová,Brno klidem a nezávislí zastupitelé,Ano,Ano,4e872b6e5784a56f,ano,,33. Návrh na poskytnutí investičního transferu městské části Brno – střed na akci „Lavička Alfonse Muchy“ – návrh rozpočtového opatření,https://apl.brno.cz/protokoly-zmb/zmb-z9-35/20260519-32-36769.html
Z9-35-034,Z9/35,2026-05-19,sabina-benesova,Sabina Benešová,Brno klidem a nezávislí zastupitelé,Ano,Ano,fe4c242d8ac8fe88,ano,,"35. Návrh na poskytnutí individuální neinvestiční dotace z rozpočtu města Brna v letech 2027-2031 Janáčkově akademii múzických umění na projekt ""Mezinárodní soutěž Leoše Janáčka v Brně""",https://apl.brno.cz/protokoly-zmb/zmb-z9-35/20260519-34-36870.html
Z9-35-033,Z9/35,2026-05-19,sabina-benesova,Sabina Benešová,Brno klidem a nezávislí zastupitelé,Ano,Ano,007ebe36e69a2eac,ano,,34. Návrh na poskytnutí investičního transferu městské části Brno-Žabovřesky z rozpočtu Odboru vodního a lesního hospodářství a zemědělství MMB – návrh rozpočtového opatření,https://apl.brno.cz/protokoly-zmb/zmb-z9-35/20260519-33-36805.html
Z9-35-035,Z9/35,2026-05-19,sabina-benesova,Sabina Benešová,Brno klidem a nezávislí zastupitelé,Ano,Ano,fcd2575d6705c23f,ano,,"36. Návrh na poskytnutí individuální neinvestiční dotace z rozpočtu města Brna na rok 2026 spolku MEMORALL z. s. na projekt ""Zpracování Libreta na expozici ""Winston Churchill je zpět na hradě Veveří"" - návrh rozpočtového opatření",https://apl.brno.cz/protokoly-zmb/zmb-z9-35/20260519-35-36905.html
Z9-35-036,Z9/35,2026-05-19,sabina-benesova,Sabina Benešová,Brno klidem a nezávislí zastupitelé,Ano,Ano,ae86ac851a26eeaf,ano,,"37. Návrh na poskytnutí individuální neinvestiční dotace spolku Trenéři ve škole, z. s., na realizaci projektu „Trenéři ve škole“ v období 02/2026-06/2026 – návrh rozpočtového opatření, 38. Návrh na poskytnutí individuální neinvestiční dotace spolku Tripoli Brno, z. s., na uspořádání „Mistrovství světa v malém fotbale 2027“",https://apl.brno.cz/protokoly-zmb/zmb-z9-35/20260519-36-36955.html
Z9-35-037,Z9/35,2026-05-19,sabina-benesova,Sabina Benešová,Brno klidem a nezávislí zastupitelé,Ano,Ano,85f6cbf61ea77206,ano,,39. Návrh na poskytnutí neinvestičních dotací na podporu mládežnického sportu pro rok 2026,https://apl.brno.cz/protokoly-zmb/zmb-z9-35/20260519-37-37029.html
Z9-35-038,Z9/35,2026-05-19,sabina-benesova,Sabina Benešová,Brno klidem a nezávislí zastupitelé,Ano,Ano,16b1ed9e43d9c078,ano,,Body č. 40-42,https://apl.brno.cz/protokoly-zmb/zmb-z9-35/20260519-38-37079.html
Z9-35-039,Z9/35,2026-05-19,sabina-benesova,Sabina Benešová,Brno klidem a nezávislí zastupitelé,Ano,Ano,fdbe1318d11cf43f,ano,,43. Návrh na poskytnutí účelových neinvestičních příspěvků základním školám na mezinárodní projekty v roce 2026 – návrh rozpočtového opatření,https://apl.brno.cz/protokoly-zmb/zmb-z9-35/20260519-39-37113.html
Z9-35-040,Z9/35,2026-05-19,sabina-benesova,Sabina Benešová,Brno klidem a nezávislí zastupitelé,Ano,Ano,06e4bcc8dd233c34,ano,,"44. Návrh na poskytnutí investičních a neinvestičních dotací v rámci Programu VI – obnova materiálně technického vybavení poskytovatelů sociálních služeb pro rok 2026-2027, návrh rozpočtového opatření",https://apl.brno.cz/protokoly-zmb/zmb-z9-35/20260519-40-37147.html
Z9-35-041,Z9/35,2026-05-19,sabina-benesova,Sabina Benešová,Brno klidem a nezávislí zastupitelé,Ano,Ano,d2d8130bc7bca85e,ano,,"45. Návrh na poskytnutí individuální účelové neinvestiční dotace Nadaci Partnerství na údržbu Otevřeného lesa – část sever v letech 2026–2028 – návrh rozpočtového opatření, 46. Návrh na poskytnutí individuální neinvestiční dotace na projekty Comic-Con Brno & Junior a Kniha Brno",https://apl.brno.cz/protokoly-zmb/zmb-z9-35/20260519-41-37185.html
Z9-35-042,Z9/35,2026-05-19,sabina-benesova,Sabina Benešová,Brno klidem a nezávislí zastupitelé,Ano,Ano,617492c26f8dfe32,ano,,47. Návrh na poskytnutí neinvestičních dotací v rámci dotačního programu pro poskytování dotací v oblasti podpory kreativních odvětví na rok 2026 v 8. etapě – “Pro Kreativní Brno” – návrh rozpočtového opatření,https://apl.brno.cz/protokoly-zmb/zmb-z9-35/20260519-42-37221.html
Z9-35-043,Z9/35,2026-05-19,sabina-benesova,Sabina Benešová,Brno klidem a nezávislí zastupitelé,Ano,Ano,85e851717ad6ab5c,ano,,"48. Návrh na poskytnutí individuální neinvestiční dotace JCMM, z. s. p. o., na realizaci projektu „Brno Ph.D. Talent 2026“",https://apl.brno.cz/protokoly-zmb/zmb-z9-35/20260519-43-37253.html
Z9-35-044,Z9/35,2026-05-19,sabina-benesova,Sabina Benešová,Brno klidem a nezávislí zastupitelé,Ano,Ano,3dc3834a08fdb5cf,ano,,49. Návrh na prodloužení termínu vyúčtování a změnu účelu použití investičních transferů poskytnutých městským částem na rok 2026 – návrh rozpočtového opatření,https://apl.brno.cz/protokoly-zmb/zmb-z9-35/20260519-44-37291.html
Z9-35-045,Z9/35,2026-05-19,sabina-benesova,Sabina Benešová,Brno klidem a nezávislí zastupitelé,Ano,Ano,15c5111a36661c3b,ano,,50. Návrh Dodatku č. 1 ke Smlouvě o poskytnutí individuální investiční dotace č. 7225092161 Diecézní charitě Brno,https://apl.brno.cz/protokoly-zmb/zmb-z9-35/20260519-45-37378.html
Z9-35-046,Z9/35,2026-05-19,sabina-benesova,Sabina Benešová,Brno klidem a nezávislí zastupitelé,Ano,Ano,19c0b4e8a2da39a0,ano,,"51. Návrh Dodatku č. 1 ke Smlouvě o poskytnutí investiční dotace č. 7225092677 organizaci Domov pro mne, z. s.",https://apl.brno.cz/protokoly-zmb/zmb-z9-35/20260519-46-37463.html
Z9-35-050,Z9/35,2026-05-19,sabina-benesova,Sabina Benešová,Brno klidem a nezávislí zastupitelé,Ano,Ano,0755f3662c63edc9,ano,,"54. Návrh Memoranda o spolupráci mezi statutárním městem Brnem, Trenéři ve škole, z. s., a Malý fotbal Brno, z. s., na realizaci projektu podpory pohybových aktivit žáků a žákyň v hodinách tělesné výchovy brněnských základních škol",https://apl.brno.cz/protokoly-zmb/zmb-z9-35/20260519-50-37965.html
Z9-35-048,Z9/35,2026-05-19,sabina-benesova,Sabina Benešová,Brno klidem a nezávislí zastupitelé,Ano,Ano,fca83f09fee48b81,ano,,"55. Návrh na přistoupení k Memorandu o vzájemné spolupráci na projektu ""Aktivní škola v JMK"" a návrh dodatku č. 1 k tomuto memorandu mezi statutárním městem Brnem a ostatními stranami memoranda",https://apl.brno.cz/protokoly-zmb/zmb-z9-35/20260519-48-37552.html
Z9-35-049,Z9/35,2026-05-19,sabina-benesova,Sabina Benešová,Brno klidem a nezávislí zastupitelé,Ano,Ano,194bd18012d0cf09,ano,,"53. Návrh Dodatku č. 8 ke Smlouvě o závazku veřejné služby a vyrovnávací platbě za jeho výkon uzavřené se STAREZ – SPORT, a. s.",https://apl.brno.cz/protokoly-zmb/zmb-z9-35/20260519-49-37591.html
Z9-35-047,Z9/35,2026-05-19,sabina-benesova,Sabina Benešová,Brno klidem a nezávislí zastupitelé,Ano,Ano,407a6ef39b2b6d20,ano,,"52. Návrh dodatku č. 3 ke smlouvě o poskytnutí individuální investiční dotace z rozpočtu města Brna na podporu projektu ""Rozvoj kulturního centra CO.LABS""",https://apl.brno.cz/protokoly-zmb/zmb-z9-35/20260519-47-37501.html
Z9-35-051,Z9/35,2026-05-19,sabina-benesova,Sabina Benešová,Brno klidem a nezávislí zastupitelé,Ano,Ano,d798d89bf55f0db9,ano,,"56. Návrh na uzavření Memoranda o spolupráci při realizaci projektu ""Sociálně–zdravotní komplex Červený kopec""",https://apl.brno.cz/protokoly-zmb/zmb-z9-35/20260519-51-38243.html
Z9-35-053,Z9/35,2026-05-19,sabina-benesova,Sabina Benešová,Brno klidem a nezávislí zastupitelé,Ano,Ano,650a5b2b3f8f4763,ano,,58. Finanční prostředky Fondu kofinancování projektů – květen 2026 – návrh rozpočtových opatření,https://apl.brno.cz/protokoly-zmb/zmb-z9-35/20260519-53-38308.html
Z9-35-052,Z9/35,2026-05-19,sabina-benesova,Sabina Benešová,Brno klidem a nezávislí zastupitelé,Ano,Ano,ab60835e5830406b,ano,,57. Návrh na uzavření Memoranda o spolupráci při podpoře osob s poruchou autistického spektra a pečujících rodin v Jihomoravském kraji a městě Brně,https://apl.brno.cz/protokoly-zmb/zmb-z9-35/20260519-52-38273.html
Z9-35-054,Z9/35,2026-05-19,sabina-benesova,Sabina Benešová,Brno klidem a nezávislí zastupitelé,Ano,Ano,411d5b4d58c3f7a6,ano,,Body č. 59-62,https://apl.brno.cz/protokoly-zmb/zmb-z9-35/20260519-54-38345.html
Z9-35-055,Z9/35,2026-05-19,sabina-benesova,Sabina Benešová,Brno klidem a nezávislí zastupitelé,Ano,Ano,6bf9a18715b5e67b,ano,,"64. Projekt ""Zlepšení kybernetické bezpečnosti v ÚNB"" - návrh pověřovacího aktu",https://apl.brno.cz/protokoly-zmb/zmb-z9-35/20260519-55-38383.html
Z9-35-056,Z9/35,2026-05-19,sabina-benesova,Sabina Benešová,Brno klidem a nezávislí zastupitelé,Ano,Ano,04c7589871b85eff,ano,,"65. Návrh úpravy kritérií pro přihlašování jednotlivců do projektu „Družstevní bydlení pro mladé“, lokalita Kamenný vrch II",https://apl.brno.cz/protokoly-zmb/zmb-z9-35/20260519-56-38416.html
Z9-35-057,Z9/35,2026-05-19,sabina-benesova,Sabina Benešová,Brno klidem a nezávislí zastupitelé,Ano,Ano,3fb93ee2cf43eea2,ano,,"66. Návrh změny stanov Společenství vlastníků jednotek V Újezdech 1, Brno pro dům č. p. 535 v k. ú. Medlánky, obec Brno",https://apl.brno.cz/protokoly-zmb/zmb-z9-35/20260519-57-38529.html
Z9-35-058,Z9/35,2026-05-19,sabina-benesova,Sabina Benešová,Brno klidem a nezávislí zastupitelé,Ano,Ano,7d0b55e16e1a74a5,ano,,"67. Žádost městské části Brno-Královo Pole o předchozí souhlas s použitím části kladného výsledku hospodaření z vlastní podnikatelské činnosti-bytového hospodářství k jiným účelům, 68.	Žádost městské části Brno-Žabovřesky o předchozí souhlas s použitím části kladného výsledku hospodaření z vlastní podnikatelské činnosti-bytového hospodářství k jiným účelům",https://apl.brno.cz/protokoly-zmb/zmb-z9-35/20260519-58-38565.html
Z9-35-059,Z9/35,2026-05-19,sabina-benesova,Sabina Benešová,Brno klidem a nezávislí zastupitelé,Ano,Ano,681deb61384bf746,ano,,"70. Návrh Dodatku č. 1 Dohody o mimosoudním jednání ve věci vypořádání historických závazků plynoucí z družstevní bytové výstavby na území města Brna spolufinancované prostřednictvím státní dotace pro Dvouřádky, bytové družstvo",https://apl.brno.cz/protokoly-zmb/zmb-z9-35/20260519-59-38654.html
Z9-35-060,Z9/35,2026-05-19,sabina-benesova,Sabina Benešová,Brno klidem a nezávislí zastupitelé,Ano,Ano,4f71a3023d2a05e6,ano,,71. Návrh zpeněžení (prodeje) pozemku p. č. 4701/4 v k. ú. Židenice (městská část Brno-Židenice) formou veřejné elektronické dražby,https://apl.brno.cz/protokoly-zmb/zmb-z9-35/20260519-60-38690.html
Z9-35-062,Z9/35,2026-05-19,sabina-benesova,Sabina Benešová,Brno klidem a nezávislí zastupitelé,Ano,Ano,3dd1fa91167e3517,ano,,73. Návrh prodeje pozemku p. č. 1246 v k. ú. Medlánky - bere na vědomí,https://apl.brno.cz/protokoly-zmb/zmb-z9-35/20260519-62-39057.html
Z9-35-061,Z9/35,2026-05-19,sabina-benesova,Sabina Benešová,Brno klidem a nezávislí zastupitelé,Ano,Ano,a09b03a3dee5a075,ano,,72. Návrh odejmutí svěřeného pozemku p. č. 592 v k. ú. Lesná a návrh zpeněžení (prodeje) pozemku p. č. 592 v k. ú. Lesná formou veřejné elektronické dražby,https://apl.brno.cz/protokoly-zmb/zmb-z9-35/20260519-61-38729.html
Z9-35-064,Z9/35,2026-05-19,sabina-benesova,Sabina Benešová,Brno klidem a nezávislí zastupitelé,Ano,Ano,d8f52e16aa575e3e,ano,,"74. Návrh prodeje pozemků p. č. 2159/18 a p. č. 2159/22, oba v k. ú. Nový Lískovec, 75. Návrh prodeje části pozemku p. č. 967 v k. ú. Brněnské Ivanovice",https://apl.brno.cz/protokoly-zmb/zmb-z9-35/20260519-64-39153.html
Z9-35-063,Z9/35,2026-05-19,sabina-benesova,Sabina Benešová,Brno klidem a nezávislí zastupitelé,Ano,Ano,ab8f02f22552768c,ano,,73. Návrh prodeje pozemku p. č. 1246 v k. ú. Medlánky - bod 2 - ZMB neschvaluje,https://apl.brno.cz/protokoly-zmb/zmb-z9-35/20260519-63-39113.html
Z9-35-066,Z9/35,2026-05-19,sabina-benesova,Sabina Benešová,Brno klidem a nezávislí zastupitelé,Ano,Ano,4ad23caceb1689a4,ano,,Body č. 78-82,https://apl.brno.cz/protokoly-zmb/zmb-z9-35/20260519-66-39247.html
Z9-35-065,Z9/35,2026-05-19,sabina-benesova,Sabina Benešová,Brno klidem a nezávislí zastupitelé,Ano,Ano,f5732a61d3a66007,ano,,77. Návrh nabytí pozemku p. č. 8239/39 v k. ú. Bystrc,https://apl.brno.cz/protokoly-zmb/zmb-z9-35/20260519-65-39211.html
Z9-35-067,Z9/35,2026-05-19,sabina-benesova,Sabina Benešová,Brno klidem a nezávislí zastupitelé,Ano,Ano,fddb7bf9fd6b24c0,ano,,Body č. 83-88,https://apl.brno.cz/protokoly-zmb/zmb-z9-35/20260519-67-39296.html
Z9-35-068,Z9/35,2026-05-19,sabina-benesova,Sabina Benešová,Brno klidem a nezávislí zastupitelé,Ano,Ano,5ae91a0be0c8d262,ano,,Body č. 89-96,https://apl.brno.cz/protokoly-zmb/zmb-z9-35/20260519-68-39349.html
Z9-35-069,Z9/35,2026-05-19,sabina-benesova,Sabina Benešová,Brno klidem a nezávislí zastupitelé,Ano,Ano,a91b84c7cd590289,ano,,97. Návrh souhlasného prohlášení k pozemkům p. č. 6916/33 a p. č.6916/34 v k. ú. Židenice zapsaným v duplicitním vlastnictví statutárního města Brna a podílovém spoluvlastnictví fyzické osoby (městská část Brno-Židenice),https://apl.brno.cz/protokoly-zmb/zmb-z9-35/20260519-69-39384.html
Z9-35-070,Z9/35,2026-05-19,sabina-benesova,Sabina Benešová,Brno klidem a nezávislí zastupitelé,Ano,Ano,d9086194269fd54f,ano,,"98. Návrh na odstranění duplicitního zápisu vlastnického práva na listu vlastnictví č. 8350 pro k. ú. Bystrc, obec Brno",https://apl.brno.cz/protokoly-zmb/zmb-z9-35/20260519-70-39417.html
Z9-35-071,Z9/35,2026-05-19,sabina-benesova,Sabina Benešová,Brno klidem a nezávislí zastupitelé,Ano,Ano,352db9a8971fd074,ano,,99. Návrh směny pozemků v k. ú. Bosonohy,https://apl.brno.cz/protokoly-zmb/zmb-z9-35/20260519-71-39493.html
Z9-35-073,Z9/35,2026-05-19,sabina-benesova,Sabina Benešová,Brno klidem a nezávislí zastupitelé,Ano,Ano,ba8d752b36cea5d5,ano,,"101. Návrh směny částí pozemků p. č. 1031/8 a p. č. 1033/133 za část pozemku p. č. 1035/1, vše v k. ú. Ivanovice pro stavbu „Jezerůvky, Leknínová – rekonstrukce komunikace“ a návrh odejmutí části svěřeného pozemku p. č. 1035/1, k. ú. Ivanovice",https://apl.brno.cz/protokoly-zmb/zmb-z9-35/20260519-73-39671.html
Z9-35-072,Z9/35,2026-05-19,sabina-benesova,Sabina Benešová,Brno klidem a nezávislí zastupitelé,Zdržel se,Zdržel se,ec1b1bdf334a2d3c,ano,,"100. Návrh směny pozemků potřebných pro stavbu „I/42, VMO MÚK Ostravská radiála” za bytovou jednotku č. 510/26 v bytovém domě Plachty 510/6",https://apl.brno.cz/protokoly-zmb/zmb-z9-35/20260519-72-39639.html
Z9-35-074,Z9/35,2026-05-19,sabina-benesova,Sabina Benešová,Brno klidem a nezávislí zastupitelé,Ano,Ano,afdeadd1cee794a2,ano,,"102. Návrh budoucí směny částí pozemků p. č. 425/1, p. č. 426/2, p. č. 426/4, p. č. 426/5 za pozemek p. č. 423 vše v k. ú. Stránice a návrh budoucího pronájmu pozemku p. č. 423 v k. ú. Stránice",https://apl.brno.cz/protokoly-zmb/zmb-z9-35/20260519-74-39706.html
Z9-35-075,Z9/35,2026-05-19,sabina-benesova,Sabina Benešová,Brno klidem a nezávislí zastupitelé,Ano,Ano,d5258dca3e17f1ff,ano,,103. Návrh odejmutí svěřeného pozemku p. č. 750 v k. ú. Horní Heršpice a návrh směny pozemku p. č. 750 v k. ú. Horní Heršpice za pozemek p. č. 1837/46 v k. ú. Štýřice,https://apl.brno.cz/protokoly-zmb/zmb-z9-35/20260519-75-39739.html
Z9-35-077,Z9/35,2026-05-19,sabina-benesova,Sabina Benešová,Brno klidem a nezávislí zastupitelé,Ano,Ano,6521f7210369df5f,ano,,Body č. 105-107,https://apl.brno.cz/protokoly-zmb/zmb-z9-35/20260519-77-39813.html
Z9-35-076,Z9/35,2026-05-19,sabina-benesova,Sabina Benešová,Brno klidem a nezávislí zastupitelé,Ano,Ano,99bf422ee2e90af1,ano,,104. Návrh odejmutí části svěřeného pozemku p. č. 467/35 v k. ú. Trnitá a návrh směny části pozemku p. č. 467/35 v k. ú. Trnitá,https://apl.brno.cz/protokoly-zmb/zmb-z9-35/20260519-76-39772.html
Z9-35-078,Z9/35,2026-05-19,sabina-benesova,Sabina Benešová,Brno klidem a nezávislí zastupitelé,Ano,Ano,67664aae140bdcd2,ano,,108. Návrh svěření pozemku p. č. 69 v k. ú. Trnitá městské části Brno-střed - var. A,https://apl.brno.cz/protokoly-zmb/zmb-z9-35/20260519-78-39859.html
Z9-35-079,Z9/35,2026-05-19,sabina-benesova,Sabina Benešová,Brno klidem a nezávislí zastupitelé,Ano,Ano,d2829ac5ea357147,ano,,109. Návrh nesvěření pozemku p. č. 285/132 v k. ú. Žabovřesky městské části Brno-Žabovřesky,https://apl.brno.cz/protokoly-zmb/zmb-z9-35/20260519-79-39900.html
Z9-35-080,Z9/35,2026-05-19,sabina-benesova,Sabina Benešová,Brno klidem a nezávislí zastupitelé,Ano,Ano,50340fde63dce5ad,ano,,"110. Návrh plánovací smlouvy pro realizaci stavebních záměrů v lokalitě náměstí Míru a budoucí smlouvy o zřízení služebnosti - bod 1 - var. A, bod 2 - var. B",https://apl.brno.cz/protokoly-zmb/zmb-z9-35/20260519-80-40211.html
Z9-35-081,Z9/35,2026-05-19,sabina-benesova,Sabina Benešová,Brno klidem a nezávislí zastupitelé,Ano,Ano,5b52f35ec68a4a0d,ano,,111. Návrh Plánovací smlouvy Bytový dům Terezy Novákové Brno,https://apl.brno.cz/protokoly-zmb/zmb-z9-35/20260519-81-40241.html
Z9-35-082,Z9/35,2026-05-19,sabina-benesova,Sabina Benešová,Brno klidem a nezávislí zastupitelé,Ano,Ano,08c632dbe4522405,ano,,112. Návrh Plánovací smlouvy „Bytový dům Slatina“,https://apl.brno.cz/protokoly-zmb/zmb-z9-35/20260519-82-40273.html
Z9-35-083,Z9/35,2026-05-19,sabina-benesova,Sabina Benešová,Brno klidem a nezávislí zastupitelé,Ano,Ano,fd3aa7af7f959c11,ano,,"113. Návrh Dodatku č. 3 ke Smlouvě o spolupráci při výstavbě veřejné infrastruktury „Rezidence Pod Lesem, Brno – Žebětín“.",https://apl.brno.cz/protokoly-zmb/zmb-z9-35/20260519-83-40306.html
Z9-35-084,Z9/35,2026-05-19,sabina-benesova,Sabina Benešová,Brno klidem a nezávislí zastupitelé,Ano,Ano,97e257d76661b9aa,ano,,"114. Návrh obecně závazné vyhlášky statutárního města Brna, kterou se mění obecně závazná vyhláška statutárního města Brna č. 20/2001, kterou se vydává Statut města Brna, ve znění pozdějších vyhlášek – návrh změn v příloze č. 3",https://apl.brno.cz/protokoly-zmb/zmb-z9-35/20260519-84-40338.html
Z9-35-085,Z9/35,2026-05-19,sabina-benesova,Sabina Benešová,Brno klidem a nezávislí zastupitelé,Ano,Ano,08ccbbd80e628ae4,ano,,115. Návrh nabytí části pozemku p.č. 3163/277 v k.ú. Komín pro stavbu „Rozšíření ulice Palcary včetně inženýrských sítí“,https://apl.brno.cz/protokoly-zmb/zmb-z9-35/20260519-85-40378.html
Z9-36-001,Z9/36,2026-06-23,sabina-benesova,Sabina Benešová,Brno klidem a nezávislí zastupitelé,Ano,Ano,dff82165b9449d06,ano,,"1. Technický bod (zapisovatelé, právní asistence, ověřovatelé zápisu, schválení programu zasedání ZMB) - ověřovatelé zápisu",https://apl.brno.cz/protokoly-zmb/zmb-z9-36/20260623-1-34250.html
Z9-36-002,Z9/36,2026-06-23,sabina-benesova,Sabina Benešová,Brno klidem a nezávislí zastupitelé,Ano,Ano,bd19c5c5995977b3,ano,,"1. Technický bod (zapisovatelé, právní asistence, ověřovatelé zápisu, schválení programu zasedání ZMB) - program - hlasování o stažení bodu č. 79, 87, 115, 137, 157, 158",https://apl.brno.cz/protokoly-zmb/zmb-z9-36/20260623-2-35451.html
Z9-36-005,Z9/36,2026-06-23,sabina-benesova,Sabina Benešová,Brno klidem a nezávislí zastupitelé,Ano,Ano,86b9f5ce1f1cde5c,ano,,"1. Technický bod (zapisovatelé, právní asistence, ověřovatelé zápisu, schválení programu zasedání ZMB) - program - zařazení bodu č. 171 - Deklarace města Brna vládě České republiky na podporu silné, nezávislé a regionálně ukotvené České televize Brno a Českého rozhlasu Brno",https://apl.brno.cz/protokoly-zmb/zmb-z9-36/20260623-5-35653.html
Z9-36-004,Z9/36,2026-06-23,sabina-benesova,Sabina Benešová,Brno klidem a nezávislí zastupitelé,Ano,Ano,481c0bcb9c347e79,ano,,"1. Technický bod (zapisovatelé, právní asistence, ověřovatelé zápisu, schválení programu zasedání ZMB) - program - hlasování o stažení bodu č. 94",https://apl.brno.cz/protokoly-zmb/zmb-z9-36/20260623-4-35586.html
Z9-36-006,Z9/36,2026-06-23,sabina-benesova,Sabina Benešová,Brno klidem a nezávislí zastupitelé,Ano,Ano,50834e58aadf1694,ano,,"1. Technický bod (zapisovatelé, právní asistence, ověřovatelé zápisu, schválení programu zasedání ZMB) - program - hlasování o zařazení bodu č. 166, 167, 168, 169, 170",https://apl.brno.cz/protokoly-zmb/zmb-z9-36/20260623-6-35681.html
Z9-36-007,Z9/36,2026-06-23,sabina-benesova,Sabina Benešová,Brno klidem a nezávislí zastupitelé,Ano,Ano,73392dc8a3c9ed91,ano,,"1. Technický bod (zapisovatelé, právní asistence, ověřovatelé zápisu, schválení programu zasedání ZMB) - program - bod č.94 v 10.30",https://apl.brno.cz/protokoly-zmb/zmb-z9-36/20260623-7-35833.html
Z9-36-008,Z9/36,2026-06-23,sabina-benesova,Sabina Benešová,Brno klidem a nezávislí zastupitelé,Ano,Ano,3cf0f92b97a53385,ano,,"2. Dotazy, připomínky a podněty občanů - Kounicovy koleje, využití pietní síně - zařazení bodu",https://apl.brno.cz/protokoly-zmb/zmb-z9-36/20260623-8-40447.html
Z9-36-009,Z9/36,2026-06-23,sabina-benesova,Sabina Benešová,Brno klidem a nezávislí zastupitelé,Ano,Ano,7d82ad28badf0f86,ano,,"94. Koncesní řízení ""Fotbalový stadion v Brně“, návrh výběru koncesionáře a návrh prodeje pozemků p. č. 809/1, p. č. 1083 a nového, dosud nezapsaného pozemku p. č. 1077/34 vše v k. ú. Ponava s budoucím závazkem",https://apl.brno.cz/protokoly-zmb/zmb-z9-36/20260623-9-54815.html
Z9-36-012,Z9/36,2026-06-23,sabina-benesova,Sabina Benešová,Brno klidem a nezávislí zastupitelé,Ano,Ano,ce69880b635f23fc,ano,,6. Návrh na přejmenování ulice na území města Brna,https://apl.brno.cz/protokoly-zmb/zmb-z9-36/20260623-12-55032.html
Z9-36-013,Z9/36,2026-06-23,sabina-benesova,Sabina Benešová,Brno klidem a nezávislí zastupitelé,Ano,Ano,87e66fb43c32bfc5,ano,,"7. Návrh obecně závazné vyhlášky statutárního města Brna, kterou se zrušuje obecně závazná vyhláška č. 4/2022, kterou se zakazuje spalování pevných paliv ve stacionárních zdrojích po dobu smogové situace na území statutárního města Brna.",https://apl.brno.cz/protokoly-zmb/zmb-z9-36/20260623-13-55062.html
Z9-36-010,Z9/36,2026-06-23,sabina-benesova,Sabina Benešová,Brno klidem a nezávislí zastupitelé,Ano,Ano,2c348d6648ded779,ano,,4. Návrh změny Jednacího řádu Zastupitelstva města Brna,https://apl.brno.cz/protokoly-zmb/zmb-z9-36/20260623-10-54974.html
Z9-36-011,Z9/36,2026-06-23,sabina-benesova,Sabina Benešová,Brno klidem a nezávislí zastupitelé,Ano,Ano,d5b5079815e51729,ano,,"5. Návrh na pojmenování nové ulice, náměstí a mostu na území města Brna",https://apl.brno.cz/protokoly-zmb/zmb-z9-36/20260623-11-55004.html
Z9-36-014,Z9/36,2026-06-23,sabina-benesova,Sabina Benešová,Brno klidem a nezávislí zastupitelé,Ano,Ano,e5e123f707cc8fc9,ano,,"8. Návrh vstupu statutárního města Brna do spolku BVV Living lab Brno, z. s.",https://apl.brno.cz/protokoly-zmb/zmb-z9-36/20260623-14-55092.html
Z9-36-015,Z9/36,2026-06-23,sabina-benesova,Sabina Benešová,Brno klidem a nezávislí zastupitelé,Ano,Ano,5ce4f7dd582e83a7,ano,,Body č. 9-11,https://apl.brno.cz/protokoly-zmb/zmb-z9-36/20260623-15-55156.html
Z9-36-017,Z9/36,2026-06-23,sabina-benesova,Sabina Benešová,Brno klidem a nezávislí zastupitelé,Ano,Ano,d7ec74d0de58fa7c,ano,,"15. Finanční hospodaření dobrovolného svazku obcí České dědictví UNESCO za rok 2025, 16.	Finanční hospodaření svazku obcí Cyklistická stezka Brno – Vídeň za rok 2025",https://apl.brno.cz/protokoly-zmb/zmb-z9-36/20260623-17-55230.html
Z9-36-016,Z9/36,2026-06-23,sabina-benesova,Sabina Benešová,Brno klidem a nezávislí zastupitelé,Ano,Ano,2ca867e65e11e197,ano,,Body č. 12-14,https://apl.brno.cz/protokoly-zmb/zmb-z9-36/20260623-16-55197.html
Z9-36-018,Z9/36,2026-06-23,sabina-benesova,Sabina Benešová,Brno klidem a nezávislí zastupitelé,Ano,Ano,16afde7d0414fb4e,ano,,17. Návrh Dodatku č. 2 ke stanovám dobrovolného svazku obcí „Cyklistická stezka Brno – Vídeň“,https://apl.brno.cz/protokoly-zmb/zmb-z9-36/20260623-18-55258.html
Z9-36-019,Z9/36,2026-06-23,sabina-benesova,Sabina Benešová,Brno klidem a nezávislí zastupitelé,Ano,Ano,9ca7fcafa9d22506,ano,,"18. Horkovod z jaderné elektrárny Dukovany do Brna – návrh na vyčlenění části jmění společnosti Teplárny Brno, a. s. a jeho sloučení se společností Teplárny Brno Distribuce, a. s., v rámci unbundlingu společnosti Teplárny Brno, a. s.",https://apl.brno.cz/protokoly-zmb/zmb-z9-36/20260623-19-55351.html
Z9-36-020,Z9/36,2026-06-23,sabina-benesova,Sabina Benešová,Brno klidem a nezávislí zastupitelé,Ano,Ano,5edf9c5b89146170,ano,,"19. Veřejný návrh smlouvy na odkup akcií společnosti Brněnské vodárny a kanalizace, a. s.",https://apl.brno.cz/protokoly-zmb/zmb-z9-36/20260623-20-55382.html
Z9-36-021,Z9/36,2026-06-23,sabina-benesova,Sabina Benešová,Brno klidem a nezávislí zastupitelé,Ano,Ano,2b2cc542ef6e9e90,ano,,20. Návrh na odpis nákladů zmařených projektových dokumentací z účtu nedokončených investic,https://apl.brno.cz/protokoly-zmb/zmb-z9-36/20260623-21-55412.html
Z9-36-022,Z9/36,2026-06-23,sabina-benesova,Sabina Benešová,Brno klidem a nezávislí zastupitelé,Ano,Ano,22fbef2fd6e10e16,ano,,"21. ""ZŠ Waldorfská – statické zabezpečení a rekonstrukce plotu""– návrh rozpočtového opatření, 22.Návrh rozpočtového opatření – navýšení zálohy vyrovnávací platby společnosti STAREZ–SPORT, a. s. v roce 2026 z důvodu změny v rozsahu pořádaných akcí v roce 2026 ze závazku veřejné služby",https://apl.brno.cz/protokoly-zmb/zmb-z9-36/20260623-22-55451.html
Z9-36-024,Z9/36,2026-06-23,sabina-benesova,Sabina Benešová,Brno klidem a nezávislí zastupitelé,Ano,Ano,400fe3aadb727674,ano,,Body č. 29-31,https://apl.brno.cz/protokoly-zmb/zmb-z9-36/20260623-24-55579.html
Z9-36-023,Z9/36,2026-06-23,sabina-benesova,Sabina Benešová,Brno klidem a nezávislí zastupitelé,Ano,Ano,45165d138ecfe24e,ano,,Body č. 23-28,https://apl.brno.cz/protokoly-zmb/zmb-z9-36/20260623-23-55493.html
Z9-36-025,Z9/36,2026-06-23,sabina-benesova,Sabina Benešová,Brno klidem a nezávislí zastupitelé,Zdržel se,Zdržel se,003d7cf6c4a62e93,ano,,"32. Zapojení Fondu rezerv a rozvoje v souvislosti s poskytnutím individuální neinvestiční dotace z rozpočtu města Brna v roce 2026 Nadačnímu fondu MEHRIN na realizaci projektu ""Makor Mehrin"" – návrh rozpočtového opatření",https://apl.brno.cz/protokoly-zmb/zmb-z9-36/20260623-25-55613.html
Z9-36-026,Z9/36,2026-06-23,sabina-benesova,Sabina Benešová,Brno klidem a nezávislí zastupitelé,Ano,Ano,dee8ff94f0d5ee3e,ano,,"33. Zapojení Fondu rezerv a rozvoje v souvislosti s poskytnutím víceleté individuální neinvestiční dotace z rozpočtu města Brna v letech 2026–2027 BuranTeatru z. ú. na „Provoz kulturního centra CO.LABS“ – návrh rozpočtového opatření, 34. Zapojení Fondu rezerv a rozvoje v souvislosti s poskytnutím účelového neinvestičního příspěvku Muzeu města Brna, příspěvkové organizaci, na zajištění pozice koordinátora Centra Leoše Janáčka (2026–2029) – návrh rozpočtového opatření",https://apl.brno.cz/protokoly-zmb/zmb-z9-36/20260623-26-55644.html
Z9-36-028,Z9/36,2026-06-23,sabina-benesova,Sabina Benešová,Brno klidem a nezávislí zastupitelé,Ano,Ano,bdb4f4c52ef77fd2,ne,Neplatné hlasování podle zveřejněného zápisu; zachováno jen pro dokumentaci.,"36. Zapojení Fondu rezerv a rozvoje v souvislosti s poskytnutím investičního transferu městské části Brno–Žebětín na akci „Víceúčelové sportoviště Brno–Žebětín“ – návrh rozpočtového opatření, 37. Zapojení Fondu rezerv a rozvoje v souvislosti s poskytnutím individuální investiční dotace spolku SK Řečkovice, z. s. na projekt „Nástavba, přístavba a stavební úpravy provozní budovy SK Řečkovice, z. s.“ – návrh rozpočtového opatření",https://apl.brno.cz/protokoly-zmb/zmb-z9-36/20260623-28-55708.html
Z9-36-027,Z9/36,2026-06-23,sabina-benesova,Sabina Benešová,Brno klidem a nezávislí zastupitelé,Ano,Ano,97a3c483b92f4eb6,ano,,"35. Zapojení Fondu rezerv a rozvoje v souvislosti s poskytnutím účelových neinvestičních příspěvků Národnímu divadlu Brno, příspěvkové organizaci, v roce 2026 – návrh rozpočtového opatření",https://apl.brno.cz/protokoly-zmb/zmb-z9-36/20260623-27-55675.html
Z9-36-029,Z9/36,2026-06-23,sabina-benesova,Sabina Benešová,Brno klidem a nezávislí zastupitelé,Ano,Ano,a6a007d6bd034277,ano,,38. Zapojení Fondu rezerv a rozvoje v souvislosti s poskytnutím individuální investiční dotace Biskupství brněnskému na vybudování Biskupské základní školy G.J. Mendela – návrh rozpočtového opatření,https://apl.brno.cz/protokoly-zmb/zmb-z9-36/20260623-29-55742.html
Z9-36-032,Z9/36,2026-06-23,sabina-benesova,Sabina Benešová,Brno klidem a nezávislí zastupitelé,Ano,Ano,d1e8f60577a941c0,ano,,"37. Zapojení Fondu rezerv a rozvoje v souvislosti s poskytnutím individuální investiční dotace spolku SK Řečkovice, z. s. na projekt „Nástavba, přístavba a stavební úpravy provozní budovy SK Řečkovice, z. s.“ – návrh rozpočtového opatření",https://apl.brno.cz/protokoly-zmb/zmb-z9-36/20260623-32-55954.html
Z9-36-030,Z9/36,2026-06-23,sabina-benesova,Sabina Benešová,Brno klidem a nezávislí zastupitelé,Ano,Ano,40dc44c3da0dba32,ano,,Body č. 39-42,https://apl.brno.cz/protokoly-zmb/zmb-z9-36/20260623-30-55784.html
Z9-36-031,Z9/36,2026-06-23,sabina-benesova,Sabina Benešová,Brno klidem a nezávislí zastupitelé,Ano,Ano,eae7cc9328c2c641,ano,,"43. Zapojení Fondu rezerv a rozvoje v souvislosti s poskytnutím a navýšením investičního příspěvku Správě hřbitovů města Brna, příspěvkové organizaci, návrh rozpočtového opatření",https://apl.brno.cz/protokoly-zmb/zmb-z9-36/20260623-31-55836.html
Z9-36-034,Z9/36,2026-06-23,sabina-benesova,Sabina Benešová,Brno klidem a nezávislí zastupitelé,Ano,Ano,7d2dd2a1369a7719,ano,,"45. Návrh na poskytnutí daru Ptačímu centru o.p.s., návrh rozpočtového opatření",https://apl.brno.cz/protokoly-zmb/zmb-z9-36/20260623-34-56016.html
Z9-36-033,Z9/36,2026-06-23,sabina-benesova,Sabina Benešová,Brno klidem a nezávislí zastupitelé,Ano,Ano,3331dbcb55a4d861,ano,,44. Návrh na poskytnutí peněžitého daru Nadačnímu fondu Josefů K. – návrh rozpočtového opatření,https://apl.brno.cz/protokoly-zmb/zmb-z9-36/20260623-33-55982.html
Z9-36-035,Z9/36,2026-06-23,sabina-benesova,Sabina Benešová,Brno klidem a nezávislí zastupitelé,Ano,Ano,93d23cdeb7b1a871,ano,,46. Návrh na poskytnutí investičních dotací v rámci dotačního programu Podpora vytváření zelených střech,https://apl.brno.cz/protokoly-zmb/zmb-z9-36/20260623-35-56070.html
Z9-36-036,Z9/36,2026-06-23,sabina-benesova,Sabina Benešová,Brno klidem a nezávislí zastupitelé,Ano,Ano,62a53149a9e5f199,ano,,"47. Návrh na poskytnutí individuální neinvestiční dotace společnosti Společně, o.p.s., na podporu akce Mendel festival 2026 – návrh rozpočtového opatření",https://apl.brno.cz/protokoly-zmb/zmb-z9-36/20260623-36-56102.html
Z9-36-038,Z9/36,2026-06-23,sabina-benesova,Sabina Benešová,Brno klidem a nezávislí zastupitelé,Ano,Ano,e455e82d2e2cc0bf,ano,,49. Návrh na poskytnutí víceletých individuálních neinvestičních dotací z rozpočtu města Brna v oblasti kultury v letech 2027–2029,https://apl.brno.cz/protokoly-zmb/zmb-z9-36/20260623-38-56165.html
Z9-36-037,Z9/36,2026-06-23,sabina-benesova,Sabina Benešová,Brno klidem a nezávislí zastupitelé,Ano,Ano,75b4dc24cd08fe8a,ano,,48. Návrh na poskytnutí individuální neinvestiční dotace na provoz a vybavení jednotek Hasičského záchranného sboru Jihomoravského kraje,https://apl.brno.cz/protokoly-zmb/zmb-z9-36/20260623-37-56133.html
Z9-36-040,Z9/36,2026-06-23,sabina-benesova,Sabina Benešová,Brno klidem a nezávislí zastupitelé,Ano,Ano,eb8a16efe8ec0ea8,ano,,"51. Návrh na poskytnutí individuální neinvestiční dotace z rozpočtu města Brna v letech 2027–2028 spolku Sdružení přátel folkloru v Brně z. s. na projekt ""Mezinárodní folklorní festival Brno""",https://apl.brno.cz/protokoly-zmb/zmb-z9-36/20260623-40-56224.html
Z9-36-039,Z9/36,2026-06-23,sabina-benesova,Sabina Benešová,Brno klidem a nezávislí zastupitelé,Zdržel se,Zdržel se,a6bd73459ff45611,ano,,"50. Návrh na poskytnutí individuální neinvestiční dotace z rozpočtu města Brna na rok 2026 společnosti PLUM PRODUCTION, s. r. o., na projekt ""Trůny pozemské a nadzemské"" – návrh rozpočtového opatření",https://apl.brno.cz/protokoly-zmb/zmb-z9-36/20260623-39-56195.html
Z9-36-041,Z9/36,2026-06-23,sabina-benesova,Sabina Benešová,Brno klidem a nezávislí zastupitelé,Ano,Ano,e6358dd6644a26d2,ano,,"52. Návrh na poskytnutí individuální neinvestiční dotace z rozpočtu města Brna na rok 2026 organizaci Jihomoravské dobrovolnické centrum z. s., návrh rozpočtového opatření",https://apl.brno.cz/protokoly-zmb/zmb-z9-36/20260623-41-56251.html
Z9-36-042,Z9/36,2026-06-23,sabina-benesova,Sabina Benešová,Brno klidem a nezávislí zastupitelé,Ano,Ano,959e554ed6c7d76e,ano,,53. Návrh na poskytnutí individuálních neinvestičních dotací v oblasti školství a mládeže na rok 2026 – návrh rozpočtového opatření,https://apl.brno.cz/protokoly-zmb/zmb-z9-36/20260623-42-56278.html
Z9-36-043,Z9/36,2026-06-23,sabina-benesova,Sabina Benešová,Brno klidem a nezávislí zastupitelé,Ano,Ano,9dfcc47b0dc7f906,ano,,"54. Návrh na poskytnutí neinvestičních příspěvků základním školám na realizaci projektu ""Participace ve školách"" – návrh rozpočtového opatření, 55. Návrh na poskytnutí neinvestičních příspěvků mateřským školám na realizaci pilotního projektu ""Participace ve školkách"" – návrh rozpočtového opatření",https://apl.brno.cz/protokoly-zmb/zmb-z9-36/20260623-43-56316.html
Z9-36-044,Z9/36,2026-06-23,sabina-benesova,Sabina Benešová,Brno klidem a nezávislí zastupitelé,Ano,Ano,d4a78ad4e6d24dd7,ano,,"56. Návrh na poskytnutí individuální neinvestiční dotace Českému volejbalovému svazu na uspořádání Mistrovství Evropy ve volejbalu žen 2026, 57. Návrh na poskytnutí individuální neinvestiční dotace KOMETA GROUP, spolek na zabezpečení projektu „Podpora Akademie v rámci HC KOMETA BRNO“ v roce 2026",https://apl.brno.cz/protokoly-zmb/zmb-z9-36/20260623-44-56390.html
Z9-36-046,Z9/36,2026-06-23,sabina-benesova,Sabina Benešová,Brno klidem a nezávislí zastupitelé,Ano,Ano,c9674a09f2ab6956,ano,,"59. Návrh na poskytnutí neinvestičních dotací na podporu handicapovaných sportovců pro rok 2026, 60. Návrh na poskytnutí neinvestičních dotací na podporu významných sportovních akcí konaných ve městě Brně v roce 2026 – návrh rozpočtového opatření",https://apl.brno.cz/protokoly-zmb/zmb-z9-36/20260623-46-56465.html
Z9-36-045,Z9/36,2026-06-23,sabina-benesova,Sabina Benešová,Brno klidem a nezávislí zastupitelé,Ano,Ano,e1c231243238e95e,ano,,58. Návrh na poskytnutí individuálních neinvestičních dotací pro oblast tělovýchovy a sportu pro rok 2026 – I. kolo – návrh rozpočtového opatření,https://apl.brno.cz/protokoly-zmb/zmb-z9-36/20260623-45-56431.html
Z9-36-048,Z9/36,2026-06-23,sabina-benesova,Sabina Benešová,Brno klidem a nezávislí zastupitelé,Nehlasoval,Nehlasoval,ad5ac869d8c0fb75,ano,,62. Návrh na poskytnutí individuální neinvestiční dotace na projekt IGNIS BRUNENSIS v roce 2028 - stažení bodu,https://apl.brno.cz/protokoly-zmb/zmb-z9-36/20260623-48-56776.html
Z9-36-047,Z9/36,2026-06-23,sabina-benesova,Sabina Benešová,Brno klidem a nezávislí zastupitelé,Ano,Ano,76f003cb6c81e1d1,ano,,"61. Návrh na poskytnutí individuální neinvestiční dotace společnosti KOMETA GROUP, a. s., na úhradu provozních nákladů haly Rondo v roce 2026",https://apl.brno.cz/protokoly-zmb/zmb-z9-36/20260623-47-56497.html
Z9-36-049,Z9/36,2026-06-23,sabina-benesova,Sabina Benešová,Brno klidem a nezávislí zastupitelé,Nehlasoval,Nehlasoval,1b52a633258154cd,ano,,62. Návrh na poskytnutí individuální neinvestiční dotace na projekt IGNIS BRUNENSIS v roce 2028 - hlasování o návrhu p. Lahody,https://apl.brno.cz/protokoly-zmb/zmb-z9-36/20260623-49-56994.html
Z9-36-051,Z9/36,2026-06-23,sabina-benesova,Sabina Benešová,Brno klidem a nezávislí zastupitelé,Ano,Ano,9356d03b3aeecb3b,ano,,63. Návrh na poskytnutí neinvestičních dotací na zachování a obnovu kulturních památek v roce 2026 – návrh rozpočtového opatření,https://apl.brno.cz/protokoly-zmb/zmb-z9-36/20260623-51-57079.html
Z9-36-050,Z9/36,2026-06-23,sabina-benesova,Sabina Benešová,Brno klidem a nezávislí zastupitelé,Ano,Ano,19a73f04e034a6f2,ano,,62. Návrh na poskytnutí individuální neinvestiční dotace na projekt IGNIS BRUNENSIS v roce 2028,https://apl.brno.cz/protokoly-zmb/zmb-z9-36/20260623-50-57033.html
Z9-36-052,Z9/36,2026-06-23,sabina-benesova,Sabina Benešová,Brno klidem a nezávislí zastupitelé,Ano,Ano,c02bbf1eb7c32e63,ano,,64. Návrh na přidělení státní dotace od Ministerstva kultury z Programu regenerace městských památkových rezervací a městských památkových zón v roce 2026 a návrh na úhradu povinného podílu města ke státní dotaci – návrh rozpočtového opatření,https://apl.brno.cz/protokoly-zmb/zmb-z9-36/20260623-52-57135.html
Z9-36-054,Z9/36,2026-06-23,sabina-benesova,Sabina Benešová,Brno klidem a nezávislí zastupitelé,Ano,Ano,3c11ebfa6835e9f8,ano,,"66. Návrh na změnu zatřídění části schváleného investičního příspěvku Domu umění města Brna, příspěvkové organizaci, v roce 2026 – návrh rozpočtového opatření",https://apl.brno.cz/protokoly-zmb/zmb-z9-36/20260623-54-57198.html
Z9-36-053,Z9/36,2026-06-23,sabina-benesova,Sabina Benešová,Brno klidem a nezávislí zastupitelé,Ano,Ano,4e93ba6455a07050,ano,,"65. Návrh na změnu účelu schváleného investičního příspěvku Muzeu města Brna, příspěvkové organizace, v roce 2026",https://apl.brno.cz/protokoly-zmb/zmb-z9-36/20260623-53-57168.html
Z9-36-056,Z9/36,2026-06-23,sabina-benesova,Sabina Benešová,Brno klidem a nezávislí zastupitelé,Ano,Ano,2d215de44542850b,ano,,"68. Návrh dodatku č. 2 ke smlouvě č. 1522173539 o poskytování veřejné služby a podmínkách poskytnutí vyrovnávací platby za plnění závazku veřejné služby s JCMM, z. s. p. o.",https://apl.brno.cz/protokoly-zmb/zmb-z9-36/20260623-56-57277.html
Z9-36-057,Z9/36,2026-06-23,sabina-benesova,Sabina Benešová,Brno klidem a nezávislí zastupitelé,Ano,Ano,265ca442eaae5cf3,ano,,69. Návrh dodatku č. 1 ke smlouvě o poskytnutí dobrovolného peněžitého příplatku ze dne 29.08.2023 a dodatku č. 1 k patronátní smlouvě ze dne 30.08.2023 – Výstavba Multifunkční sportovní a kulturní haly v Brně,https://apl.brno.cz/protokoly-zmb/zmb-z9-36/20260623-57-57366.html
Z9-36-058,Z9/36,2026-06-23,sabina-benesova,Sabina Benešová,Brno klidem a nezávislí zastupitelé,Ano,Ano,b5d037c5a256f56f,ano,,70. Návrh Plánu participace – zapojování rodičů v MČ Brno–střed a Brno–sever,https://apl.brno.cz/protokoly-zmb/zmb-z9-36/20260623-58-57394.html
Z9-36-059,Z9/36,2026-06-23,sabina-benesova,Sabina Benešová,Brno klidem a nezávislí zastupitelé,Ano,Ano,c64de8a81451147b,ano,,71. Návrh Memoranda o spolupráci ke vzniku a rozvoji Center duševního zdraví pro děti a dospívající v Brně,https://apl.brno.cz/protokoly-zmb/zmb-z9-36/20260623-59-57422.html
Z9-36-061,Z9/36,2026-06-23,sabina-benesova,Sabina Benešová,Brno klidem a nezávislí zastupitelé,Ano,Ano,a278d5f9d877b17a,ano,,73. Návrh aktualizace Integrované strategie rozvoje Brněnské metropolitní oblasti 2021+,https://apl.brno.cz/protokoly-zmb/zmb-z9-36/20260623-61-57506.html
Z9-36-062,Z9/36,2026-06-23,sabina-benesova,Sabina Benešová,Brno klidem a nezávislí zastupitelé,Ano,Ano,5bc3739c81ff8b0d,ano,,74. Zpráva o ex–post evaluaci Integrované strategie rozvoje Brněnské metropolitní oblasti pro uplatnění nástroje ITI (programové období 2014–2020),https://apl.brno.cz/protokoly-zmb/zmb-z9-36/20260623-62-57538.html
Z9-36-055,Z9/36,2026-06-23,sabina-benesova,Sabina Benešová,Brno klidem a nezávislí zastupitelé,Ano,Ano,70f2205152eb10f4,ano,,"67. Návrh Dodatku č. 1 ke smlouvě o poskytnutí dotace uzavíraný s ČESKÁ LÉKÁRNA HOLDING, a. s.",https://apl.brno.cz/protokoly-zmb/zmb-z9-36/20260623-55-57247.html
Z9-36-060,Z9/36,2026-06-23,sabina-benesova,Sabina Benešová,Brno klidem a nezávislí zastupitelé,Ano,Ano,d6a19c89ace50e01,ano,,72. Návrh prodloužení platnosti Střednědobého plánu rozvoje sociálních služeb ve městě Brně 2023–2026,https://apl.brno.cz/protokoly-zmb/zmb-z9-36/20260623-60-57453.html
Z9-36-064,Z9/36,2026-06-23,sabina-benesova,Sabina Benešová,Brno klidem a nezávislí zastupitelé,Ano,Ano,67803510d79371fd,ano,,77. Finanční prostředky Fondu kofinancování projektů – červen 2026 – návrh rozpočtového opatření,https://apl.brno.cz/protokoly-zmb/zmb-z9-36/20260623-64-58221.html
Z9-36-063,Z9/36,2026-06-23,sabina-benesova,Sabina Benešová,Brno klidem a nezávislí zastupitelé,Ano,Ano,95a9e1f4daada8e8,ano,,75. Strategie #brno2050 – návrh aktualizovaného znění VIZE 2050 a střednědobé části Strategie – PLÁN 2030,https://apl.brno.cz/protokoly-zmb/zmb-z9-36/20260623-63-57571.html
Z9-36-068,Z9/36,2026-06-23,sabina-benesova,Sabina Benešová,Brno klidem a nezávislí zastupitelé,Ano,Ano,88743f6b9c35e26a,ano,,Body č. 82-84,https://apl.brno.cz/protokoly-zmb/zmb-z9-36/20260623-68-58396.html
Z9-36-067,Z9/36,2026-06-23,sabina-benesova,Sabina Benešová,Brno klidem a nezávislí zastupitelé,Ano,Ano,0073bd68e208cd74,ano,,"81. Projekt ""Rozvoj ITS v Brně, 6. etapa"" – posouzení projektu",https://apl.brno.cz/protokoly-zmb/zmb-z9-36/20260623-67-58362.html
Z9-36-070,Z9/36,2026-06-23,sabina-benesova,Sabina Benešová,Brno klidem a nezávislí zastupitelé,Ano,Ano,45e8d08fafc29620,ano,,"86. Projekt ""Sanace skalního tělesa v Kamenné čtvrti"" – Rozhodnutí o poskytnutí dotace č. 25_089/0005882",https://apl.brno.cz/protokoly-zmb/zmb-z9-36/20260623-70-58456.html
Z9-36-069,Z9/36,2026-06-23,sabina-benesova,Sabina Benešová,Brno klidem a nezávislí zastupitelé,Ano,Ano,eaa78b8726afbac0,ano,,"85. Projekt ""Integrace cizinců ve městě Brně VII."" – rozhodnutí o poskytnutí dotace",https://apl.brno.cz/protokoly-zmb/zmb-z9-36/20260623-69-58425.html
Z9-36-071,Z9/36,2026-06-23,sabina-benesova,Sabina Benešová,Brno klidem a nezávislí zastupitelé,Ano,Ano,59fcdbaec883f68a,ano,,"88. Návrh výběru banky pro financování realizace projektu ""Družstevní bydlení pro mladé"" lokalita Kamenný vrch II, včetně úvěrových podmínek",https://apl.brno.cz/protokoly-zmb/zmb-z9-36/20260623-71-58488.html
Z9-36-072,Z9/36,2026-06-23,sabina-benesova,Sabina Benešová,Brno klidem a nezávislí zastupitelé,Ano,Ano,b6e33fb1c0b15621,ano,,"89. Projekt „Družstevní bydlení pro mladé“ lokalita V Aleji – upřesnění dalšího postupu při realizaci projektu, upřesnění kritérií pro nové žadatele o vstup do projektu, vyhlášení nové výzvy k přihlášení do projektu",https://apl.brno.cz/protokoly-zmb/zmb-z9-36/20260623-72-58523.html
Z9-36-073,Z9/36,2026-06-23,sabina-benesova,Sabina Benešová,Brno klidem a nezávislí zastupitelé,Ano,Ano,b5f85df141956675,ano,,"90. Projekt ""Dostupné družstevní bydlení – stávající domy, Mostecká 16"" – založení bytového družstva, záměr vnesení pozemku p. č. 573, k. ú. Husovice do nově vznikajícího bytového družstva, stanovení dalšího postupu a kritérií u žadatelů",https://apl.brno.cz/protokoly-zmb/zmb-z9-36/20260623-73-58687.html
Z9-36-074,Z9/36,2026-06-23,sabina-benesova,Sabina Benešová,Brno klidem a nezávislí zastupitelé,Ano,Ano,b74b6f85bf24b8af,ano,,"91. Adresný záměr převodu podílů na bytových jednotkách v domě č. p. 1232 na ul. Opálkova členům Bytového družstva Opálkova, družstvo s nebo bez cenového vyrovnání a podmínky vypořádání podílů na pozemcích p. č. 6261/32, 33, k. ú. Bystrc",https://apl.brno.cz/protokoly-zmb/zmb-z9-36/20260623-74-58722.html
Z9-36-075,Z9/36,2026-06-23,sabina-benesova,Sabina Benešová,Brno klidem a nezávislí zastupitelé,Ano,Ano,8dad4de84b7a8176,ano,,"92. Návrh na udělení výjimky ze Statutu startovacího bytu, který je přílohou č. 2 Pravidel pronájmu bytů v domech v majetku statutárního města Brna, ke startovacímu bytu v domě Stamicova 11, Brno – uzavření nájemní smlouvy jako k bytu běžnému obecnímu",https://apl.brno.cz/protokoly-zmb/zmb-z9-36/20260623-75-58752.html
Z9-36-076,Z9/36,2026-06-23,sabina-benesova,Sabina Benešová,Brno klidem a nezávislí zastupitelé,Ano,Ano,418f77c43db44cd3,ano,,93. Návrh smlouvy o spolupráci pro realizaci bytové výstavby v k. ú. Nový Lískovec v lokalitě Kamenný vrch II,https://apl.brno.cz/protokoly-zmb/zmb-z9-36/20260623-76-58785.html
Z9-36-078,Z9/36,2026-06-23,sabina-benesova,Sabina Benešová,Brno klidem a nezávislí zastupitelé,Ano,Ano,27a81a6b77191442,ano,,102. Návrh na udělení předchozího souhlasu s prodejem nemovitého majetku společnosti Brněnské komunikace a. s. společnosti MS Trnitá 3 a. s. - hlasování o stažení bodu,https://apl.brno.cz/protokoly-zmb/zmb-z9-36/20260623-78-61537.html
Z9-36-079,Z9/36,2026-06-23,sabina-benesova,Sabina Benešová,Brno klidem a nezávislí zastupitelé,Nehlasoval,Nehlasoval,6bff9d8f66e47f3b,ano,,"103. Návrh zpeněžení–prodeje pozemků p. č. 403/1, 403/4, 403/5, 404 v k. ú. Pisárky jejichž součástmi jsou rodinný dům Lipová č.p. 242/č.o. 31, dvě garáže ve veřejné elektronické dražbě",https://apl.brno.cz/protokoly-zmb/zmb-z9-36/20260623-79-61582.html
Z9-36-080,Z9/36,2026-06-23,sabina-benesova,Sabina Benešová,Brno klidem a nezávislí zastupitelé,Nehlasoval,Nehlasoval,2ac16566c9449412,ano,,Body č. 104-107,https://apl.brno.cz/protokoly-zmb/zmb-z9-36/20260623-80-61618.html
Z9-36-081,Z9/36,2026-06-23,sabina-benesova,Sabina Benešová,Brno klidem a nezávislí zastupitelé,Ano,Ano,9ee87e439b5f2f04,ano,,"108. Návrh na poskytnutí individuální investiční dotace společnosti STAREZ–SPORT, a. s., na projekt Rekonstrukce hlavní budovy koupaliště Riviéra v redukované podobě",https://apl.brno.cz/protokoly-zmb/zmb-z9-36/20260623-81-61648.html
Z9-36-082,Z9/36,2026-06-23,sabina-benesova,Sabina Benešová,Brno klidem a nezávislí zastupitelé,Ano,Ano,a9bd9aad8051a105,ano,,"109. Návrh nabytí pozemku p. č. 2991/37 a části pozemku p. č. 3163/271, oba v k. ú. Komín pro stavbu „Rozšíření ulice Palcary včetně inženýrských sítí“",https://apl.brno.cz/protokoly-zmb/zmb-z9-36/20260623-82-61702.html
Z9-36-083,Z9/36,2026-06-23,sabina-benesova,Sabina Benešová,Brno klidem a nezávislí zastupitelé,Ano,Ano,71b6451ac4324aa3,ano,,"110. Návrh nabytí pozemků p. č. 771/5, p. č. 791/6 a p. č. 791/7 vše v k. ú. Trnitá, obec Brno pro stavbu „Přestavba železničního uzlu Brno“ – návrh smlouvy s akceptační lhůtou",https://apl.brno.cz/protokoly-zmb/zmb-z9-36/20260623-83-61732.html
Z9-36-065,Z9/36,2026-06-23,sabina-benesova,Sabina Benešová,Brno klidem a nezávislí zastupitelé,Ano,Ano,e3cd6f0c936cbe1a,ano,,"78. Návrh Souhlasného stanoviska zastupitelstva obce s realizací projektu ""Sociální bydlení Hapalova""",https://apl.brno.cz/protokoly-zmb/zmb-z9-36/20260623-65-58252.html
Z9-36-066,Z9/36,2026-06-23,sabina-benesova,Sabina Benešová,Brno klidem a nezávislí zastupitelé,Ano,Ano,359811499f1da9a5,ano,,"80. Projekt ""FoodLink (Strengthening urban–rural links for diverse and resilient local food systems)"" – účast na projektu",https://apl.brno.cz/protokoly-zmb/zmb-z9-36/20260623-66-58333.html
Z9-36-086,Z9/36,2026-06-23,sabina-benesova,Sabina Benešová,Brno klidem a nezávislí zastupitelé,Ano,Ano,4d6d9fd3a93b48dd,ano,,"120. Návrh na (ne)uznání vlastnického práva ke spoluvlastnickému podílu ve výši id. 1 pozemku p. č. 2211 v k. ú. Židenice formou souhlasného prohlášení, (městská část Brno–Židenice), 121. Návrh na neuznání vlastnického práva České republiky – Úřadu pro zastupování státu ve věcech majetkových k pozemkům p. č. 145/4, 145/46, 152/2, 169/24, 169/30, 169/41, 169/45, 169/46, 169/47 vše v k. ú. Staré Brno",https://apl.brno.cz/protokoly-zmb/zmb-z9-36/20260623-86-61832.html
Z9-36-085,Z9/36,2026-06-23,sabina-benesova,Sabina Benešová,Brno klidem a nezávislí zastupitelé,Ano,Ano,610ba63a2b200407,ano,,Body č. 112-119 bez 115,https://apl.brno.cz/protokoly-zmb/zmb-z9-36/20260623-85-61795.html
Z9-36-087,Z9/36,2026-06-23,sabina-benesova,Sabina Benešová,Brno klidem a nezávislí zastupitelé,Ano,Ano,955f6cdecc64e271,ano,,"122. Návrh dodatku č.1 ke Smlouvě o budoucí kupní smlouvě, budoucí smlouvě o zřízení služebnosti inženýrské sítě a budoucí smlouvě o zřízení služebnosti veřejného statku – obecného užívání č. 6324175945",https://apl.brno.cz/protokoly-zmb/zmb-z9-36/20260623-87-61864.html
Z9-36-088,Z9/36,2026-06-23,sabina-benesova,Sabina Benešová,Brno klidem a nezávislí zastupitelé,Ano,Ano,86f93da590692e31,ano,,Body č. 123-132,https://apl.brno.cz/protokoly-zmb/zmb-z9-36/20260623-88-61902.html
Z9-36-090,Z9/36,2026-06-23,sabina-benesova,Sabina Benešová,Brno klidem a nezávislí zastupitelé,Ano,Ano,d2e22db31b2c2dbd,ano,,"149. Návrh směny pozemku p. č. 1545/31 v k. ú. Komín za pozemek p. č. 1545/22 v k. ú. Komín a návrh na odejmutí svěřeného pozemku p. č. 1545/31 v k. ú. Komín (lokalita Komínské louky), 150.	Návrh směny částí pozemku p. č. 470/11 za části pozemku p. č. 490/2 v k. ú. Kohoutovice",https://apl.brno.cz/protokoly-zmb/zmb-z9-36/20260623-90-62007.html
Z9-36-089,Z9/36,2026-06-23,sabina-benesova,Sabina Benešová,Brno klidem a nezávislí zastupitelé,Ano,Ano,62acb97b0fb84b2a,ano,,Body č. 133-148 bez 137,https://apl.brno.cz/protokoly-zmb/zmb-z9-36/20260623-89-61953.html
Z9-36-091,Z9/36,2026-06-23,sabina-benesova,Sabina Benešová,Brno klidem a nezávislí zastupitelé,Ano,Ano,34e546a8b320e94a,ano,,"151. Návrh budoucí směny části pozemku p. č. 564/1 za části pozemků p. č. 563/3 a p. č. 563/11, vše v k. ú. Řečkovice",https://apl.brno.cz/protokoly-zmb/zmb-z9-36/20260623-91-62038.html
Z9-36-092,Z9/36,2026-06-23,sabina-benesova,Sabina Benešová,Brno klidem a nezávislí zastupitelé,Ano,Ano,60ad3da7974effaf,ano,,152. Návrh budoucí směny pozemků a částí pozemků v k. ú. Dolní Heršpice se společností ABB s. r. o.,https://apl.brno.cz/protokoly-zmb/zmb-z9-36/20260623-92-62069.html
Z9-36-077,Z9/36,2026-06-23,sabina-benesova,Sabina Benešová,Brno klidem a nezávislí zastupitelé,Zdržel se,Zdržel se,3c2f2c1b34c648ef,ano,,Body č. 95-101,https://apl.brno.cz/protokoly-zmb/zmb-z9-36/20260623-77-58860.html
Z9-36-094,Z9/36,2026-06-23,sabina-benesova,Sabina Benešová,Brno klidem a nezávislí zastupitelé,Ano,Ano,bc66988bb12e4301,ano,,Body č. 153-155,https://apl.brno.cz/protokoly-zmb/zmb-z9-36/20260623-94-62165.html
Z9-36-096,Z9/36,2026-06-23,sabina-benesova,Sabina Benešová,Brno klidem a nezávislí zastupitelé,Ano,Ano,fe1bebefb013e948,ano,,"159. Návrh na změnu části usnesení Z9/29. zasedání Zastupitelstva města Brna konaného dne 14.10.2025, bod 92 a návrh aktualizovaných příloh zápisu – souhlasných prohlášení k pozemkům v k. ú. Lesná",https://apl.brno.cz/protokoly-zmb/zmb-z9-36/20260623-96-62231.html
Z9-36-095,Z9/36,2026-06-23,sabina-benesova,Sabina Benešová,Brno klidem a nezávislí zastupitelé,Ano,Ano,ae256cec235e404e,ano,,156. Návrh odejmutí svěřeného pozemku p. č. 997/231 v k. ú. Kohoutovice a návrh souhlasu s prodejem pozemku p. č. 997/231 v k. ú. Kohoutovice,https://apl.brno.cz/protokoly-zmb/zmb-z9-36/20260623-95-62195.html
Z9-36-097,Z9/36,2026-06-23,sabina-benesova,Sabina Benešová,Brno klidem a nezávislí zastupitelé,Ano,Ano,576fe7b43ec02d46,ano,,Body č. 160-163,https://apl.brno.cz/protokoly-zmb/zmb-z9-36/20260623-97-62271.html
Z9-36-098,Z9/36,2026-06-23,sabina-benesova,Sabina Benešová,Brno klidem a nezávislí zastupitelé,Ano,Ano,1c17f9e55d480b0a,ano,,164. Vlastní podnět statutárního města Brna na pořízení změny Územního plánu města Brna,https://apl.brno.cz/protokoly-zmb/zmb-z9-36/20260623-98-62571.html
Z9-36-099,Z9/36,2026-06-23,sabina-benesova,Sabina Benešová,Brno klidem a nezávislí zastupitelé,Ano,Ano,9b54659608c2a997,ano,,"165. Návrh obecně závazné vyhlášky statutárního města Brna, kterou se mění obecně závazná vyhláška statutárního města Brna č. 20/2001, kterou se vydává Statut města Brna, ve znění pozdějších vyhlášek – návrh změn v příloze č. 3 vč. tech. úpravy",https://apl.brno.cz/protokoly-zmb/zmb-z9-36/20260623-99-62667.html
Z9-36-100,Z9/36,2026-06-23,sabina-benesova,Sabina Benešová,Brno klidem a nezávislí zastupitelé,Ano,Ano,34680c8138527ffb,ano,,"166. Návrh změny stanov subjektu Dostupné bydlení Kamenný vrch II, bytové družstvo",https://apl.brno.cz/protokoly-zmb/zmb-z9-36/20260623-100-62697.html
Z9-36-101,Z9/36,2026-06-23,sabina-benesova,Sabina Benešová,Brno klidem a nezávislí zastupitelé,Ano,Ano,299bed04e8dc7db3,ano,,"167. Schválení podmínek členství v družstvech Dostupné bydlení Kamenný vrch II., bytové družstvo, Dostupné bydlení V Aleji, bytové družstvo, Dostupné bydlení Mostecká 16, bytové družstvo",https://apl.brno.cz/protokoly-zmb/zmb-z9-36/20260623-101-62727.html
Z9-36-084,Z9/36,2026-06-23,sabina-benesova,Sabina Benešová,Brno klidem a nezávislí zastupitelé,Nehlasoval,Nehlasoval,04b03a11b8461b04,ano,,"111. Návrh nabytí pozemku p. č. 791/3 a stavby garáže v k. ú. Trnitá, obec Brno pro stavbu „Přestavba železničního uzlu Brno“ – návrh smlouvy s akceptační lhůtou",https://apl.brno.cz/protokoly-zmb/zmb-z9-36/20260623-84-61764.html
Z9-36-102,Z9/36,2026-06-23,sabina-benesova,Sabina Benešová,Brno klidem a nezávislí zastupitelé,Ano,Ano,68102f184a0151a9,ano,,168. Návrh dodatku č. 4 ke smlouvě o poskytnutí návratné finanční výpomoci č. 7323114056 na projekt CO.LABS,https://apl.brno.cz/protokoly-zmb/zmb-z9-36/20260623-102-62759.html
Z9-36-103,Z9/36,2026-06-23,sabina-benesova,Sabina Benešová,Brno klidem a nezávislí zastupitelé,Ano,Ano,23c1114f84dfd7b3,ano,,"169. Nabídka předkupního práva ke stavbě bez č. p./č. e., způsob využití garáž,postavené na pozemcích p. č. 203/14 a p. č. 3863/30, vše v k. ú. Královo Pole, 170. Nabídka předkupního práva ke stavbě č.e.903, způsob využití rodinná rekreace, postavenéna pozemku p.č. 1989 v k.ú. Jundrov",https://apl.brno.cz/protokoly-zmb/zmb-z9-36/20260623-103-62788.html
Z9-36-105,Z9/36,2026-06-23,sabina-benesova,Sabina Benešová,Brno klidem a nezávislí zastupitelé,Ano,Ano,cfdd317d064d8c75,ano,,"172. Kounicovy koleje, využití pietní síně - hlasování o stažení bodu",https://apl.brno.cz/protokoly-zmb/zmb-z9-36/20260623-105-63505.html
Z9-36-104,Z9/36,2026-06-23,sabina-benesova,Sabina Benešová,Brno klidem a nezávislí zastupitelé,Ano,Ano,17205d6042a1773d,ano,,"171. Deklarace města Brna vládě České republiky na podporu silné, nezávislé a regionálně ukotvené České televize Brno a Českého rozhlasu Brno",https://apl.brno.cz/protokoly-zmb/zmb-z9-36/20260623-104-62982.html
Z9-36-106,Z9/36,2026-06-23,sabina-benesova,Sabina Benešová,Brno klidem a nezávislí zastupitelé,Ano,Ano,2473f6565857f1ff,ano,,76. Projekty financované z Fondu kofinancování projektů – červen 2026 – návrh rozpočtového opatření vč. dodatku,https://apl.brno.cz/protokoly-zmb/zmb-z9-36/20260623-106-63888.html
Z9-27-050,Z9/27,2025-06-10,sabina-benesova,Sabina Benešová,ANO 2011,Ano,Ano,608fbb9dfb51584f,ne,Neplatné hlasování podle zveřejněného zápisu; zachováno jen pro dokumentaci.,"48. Zapojení Fondu rezerv a rozvoje v souvislosti s návrhem na poskytnutí individuální neinvestiční dotace společnosti Společně, o. p. s., na podporu akce MENDEL FESTIVAL 2025 – návrh rozpočtového opatření",https://apl.brno.cz/protokoly-zmb/zmb-z9-27/20250610-50-37461.html
Z9-31-008,Z9/31,2025-12-10,sabina-benesova,Sabina Benešová,ANO 2011,Nehlasoval,Nehlasoval,a65de2e5eefe106d,ne,Neplatné hlasování podle zveřejněného zápisu; zachováno jen pro dokumentaci.,"8. Návrh obecně závazné vyhlášky statutárního města Brna, kterou se mění obecně závazná vyhláška statutárního města Brna č. 20/2001, kterou se vydává Statut města Brna, ve znění pozdějších vyhlášek - hlasování o čl. 22 odst. 1, písm. b, bod 1",https://apl.brno.cz/protokoly-zmb/zmb-z9-31/20251210-8-30539.html
Z9-33-060,Z9/33,2026-03-03,sabina-benesova,Sabina Benešová,Nezávislí,Ano,Ano,8a3847d8334de96d,ne,Neplatné hlasování podle zveřejněného zápisu; zachováno jen pro dokumentaci.,"66. Návrh souhlasů s technickými podmínkami prodeje pozemků p. č. st. 373 v k. ú. Moravská Chrastová a p. č. st. 43 v k. ú. Zboněk z vlastnictví České republiky – Správy železnic, státní organizace, návrh stanovisek k současnému a budoucímu využití pozemků",https://apl.brno.cz/protokoly-zmb/zmb-z9-33/20260303-60-44274.html
Z9-34-007,Z9/34,2026-04-14,sabina-benesova,Sabina Benešová,Brno klidem a nezávislí zastupitelé,nepřít.,nepřít.,16583b0ba9947232,ne,Neplatné hlasování podle zveřejněného zápisu; zachováno jen pro dokumentaci.,3. Informace k 76. Sudetoněmeckému sněmu konaném ve dnech 22.–25. května 2026 v Brně,https://apl.brno.cz/protokoly-zmb/zmb-z9-34/20260414-7-40410.html
