hlasovani_id,zasedani,datum,osoba_id,jmeno_v_protokolu,klub_v_protokolu,volba,volba_original,zdroj_id,pouzitelne_pro_statistiky,omezeni_protokolu,predmet,url
Z9-20-001,Z9/20,2024-10-15,tomas-hejl,Tomáš Hejl,ANO 2011,Ano,Ano,70b8db83321d99c9,ano,,"1. Technický bod (zapisovatelé, právní asistence, ověřovatelé zápisu, schválení programu zasedání ZMB) - ověřovatelé zápisu",https://apl.brno.cz/protokoly-zmb/zmb-z9-20/20241015-1-29608.html
Z9-20-002,Z9/20,2024-10-15,tomas-hejl,Tomáš Hejl,ANO 2011,Ano,Ano,97b2f5274ecc5943,ano,,"1. Technický bod (zapisovatelé, právní asistence, ověřovatelé zápisu, schválení programu zasedání ZMB) - program - hlasování o stažení bodu č. 20, 24, 46, 62, 65",https://apl.brno.cz/protokoly-zmb/zmb-z9-20/20241015-2-30163.html
Z9-20-004,Z9/20,2024-10-15,tomas-hejl,Tomáš Hejl,ANO 2011,Ano,Ano,f44f4ef34b64df33,ano,,"1. Technický bod (zapisovatelé, právní asistence, ověřovatelé zápisu, schválení programu zasedání ZMB) - program - hlasování o návrhu pí. Drápalové na zařazení bodu č. 124",https://apl.brno.cz/protokoly-zmb/zmb-z9-20/20241015-4-30237.html
Z9-20-003,Z9/20,2024-10-15,tomas-hejl,Tomáš Hejl,ANO 2011,Ano,Ano,e14729f4b004a8eb,ano,,"1. Technický bod (zapisovatelé, právní asistence, ověřovatelé zápisu, schválení programu zasedání ZMB) - program - hlasování o zařazení bodu č. 123",https://apl.brno.cz/protokoly-zmb/zmb-z9-20/20241015-3-30186.html
Z9-20-005,Z9/20,2024-10-15,tomas-hejl,Tomáš Hejl,ANO 2011,Ano,Ano,d923ee796691d5ea,ano,,"1. Technický bod (zapisovatelé, právní asistence, ověřovatelé zápisu, schválení programu zasedání ZMB) - program",https://apl.brno.cz/protokoly-zmb/zmb-z9-20/20241015-5-30261.html
Z9-20-006,Z9/20,2024-10-15,tomas-hejl,Tomáš Hejl,ANO 2011,Ano,Ano,c52f582100e12351,ano,,"124. Nezákonné jednání generálního ředitele Dopravního podniku Brno, a. s., Ing. Miloše Havránka - hlasování o návrhu p. Kerndla",https://apl.brno.cz/protokoly-zmb/zmb-z9-20/20241015-6-32986.html
Z9-20-007,Z9/20,2024-10-15,tomas-hejl,Tomáš Hejl,ANO 2011,Ano,Ano,11868e513260e182,ano,,"124. Nezákonné jednání generálního ředitele Dopravního podniku Brno, a. s., Ing. Miloše Havránka - hlasování o návrhu p. Zemka",https://apl.brno.cz/protokoly-zmb/zmb-z9-20/20241015-7-33036.html
Z9-20-008,Z9/20,2024-10-15,tomas-hejl,Tomáš Hejl,ANO 2011,Ano,Ano,194185fd83eafda4,ano,,"124. Nezákonné jednání generálního ředitele Dopravního podniku Brno, a. s., Ing. Miloše Havránka",https://apl.brno.cz/protokoly-zmb/zmb-z9-20/20241015-8-33077.html
Z9-20-009,Z9/20,2024-10-15,tomas-hejl,Tomáš Hejl,ANO 2011,Ano,Ano,98ea507957be0d43,ano,,"6. Návrh změny stanov obchodní společnosti Veletrhy Brno, a. s.",https://apl.brno.cz/protokoly-zmb/zmb-z9-20/20241015-9-33836.html
Z9-20-010,Z9/20,2024-10-15,tomas-hejl,Tomáš Hejl,ANO 2011,Ano,Ano,f514f6582d08660f,ano,,"7. Dodatky ke zřizovacím listinám Nemocnice Milosrdných bratří, příspěvkové organizace, a Sdružení zdravotnických zařízení II Brno, příspěvkové organizace",https://apl.brno.cz/protokoly-zmb/zmb-z9-20/20241015-10-33883.html
Z9-20-011,Z9/20,2024-10-15,tomas-hejl,Tomáš Hejl,ANO 2011,Ano,Ano,5caf68b4bf3a568b,ano,,"8. Návrh Dodatku č. 1 ke Zřizovací listině Chovánek – dětské centrum rodinného typu, příspěvková organizace",https://apl.brno.cz/protokoly-zmb/zmb-z9-20/20241015-11-33911.html
Z9-20-012,Z9/20,2024-10-15,tomas-hejl,Tomáš Hejl,ANO 2011,Ano,Ano,1d57a5d94c4ea293,ano,,"9. Návrh Dodatku č. 1 ke zřizovací listině Základní školy Brno, Čejkovická 10, příspěvkové organizace",https://apl.brno.cz/protokoly-zmb/zmb-z9-20/20241015-12-33942.html
Z9-20-013,Z9/20,2024-10-15,tomas-hejl,Tomáš Hejl,ANO 2011,Ano,Ano,2e1378fc81f12697,ano,,"10. Návrh změny zakládací smlouvy a stanov Centrály cestovního ruchu – Jižní Morava, z. s. p. o.",https://apl.brno.cz/protokoly-zmb/zmb-z9-20/20241015-13-33973.html
Z9-20-014,Z9/20,2024-10-15,tomas-hejl,Tomáš Hejl,ANO 2011,Ano,Ano,cf308550fc9479df,ano,,"11. Projekt zařízení na anaerobní digesci bioodpadů pro území statutárního města Brna a okolí – návrh Dohody o vypořádání závazků, návrh Memoranda o spolupráci se společností SAKO Brno, a. s., a Recovera Využití zdrojů a. s.",https://apl.brno.cz/protokoly-zmb/zmb-z9-20/20241015-14-34411.html
Z9-20-015,Z9/20,2024-10-15,tomas-hejl,Tomáš Hejl,ANO 2011,Ano,Ano,6956e690698b1fd2,ano,,12. Rozvoj služeb odpadového hospodářství pro město Brno v návaznosti na připravovanou legislativu,https://apl.brno.cz/protokoly-zmb/zmb-z9-20/20241015-15-34631.html
Z9-20-016,Z9/20,2024-10-15,tomas-hejl,Tomáš Hejl,ANO 2011,Ano,Ano,ae5fab8cff334fe5,ano,,13. Aktualizace Územní energetické koncepce statutárního města Brna na roky 2024–2028,https://apl.brno.cz/protokoly-zmb/zmb-z9-20/20241015-16-34835.html
Z9-20-017,Z9/20,2024-10-15,tomas-hejl,Tomáš Hejl,ANO 2011,Ano,Ano,dac2630376e9bd12,ano,,14. Návrh aktualizace Integrované strategie rozvoje Brněnské metropolitní oblasti 2021+,https://apl.brno.cz/protokoly-zmb/zmb-z9-20/20241015-17-35030.html
Z9-20-019,Z9/20,2024-10-15,tomas-hejl,Tomáš Hejl,ANO 2011,Ano,Ano,f09ee99cf0aaad29,ano,,"16. Veletrhy Brno, a. s. - náhrada újmy vzniklé v důsledku plnění Koncernového pokynu č. 01/2021 – část IV., návrh Smlouvy o náhradě újmy",https://apl.brno.cz/protokoly-zmb/zmb-z9-20/20241015-19-35089.html
Z9-20-018,Z9/20,2024-10-15,tomas-hejl,Tomáš Hejl,ANO 2011,Ano,Ano,48e148b508a2cd3f,ano,,15. Návrh střednědobého výhledu rozpočtu statutárního města Brna na období 2025-2029,https://apl.brno.cz/protokoly-zmb/zmb-z9-20/20241015-18-35059.html
Z9-20-020,Z9/20,2024-10-15,tomas-hejl,Tomáš Hejl,ANO 2011,Ano,Ano,f003e629d44d2f14,ano,,17. Návrh rozpočtového opatření v souvislosti s přenesením působnosti obecního stavebního úřadu z úřadů městských částí na Magistrát města Brna,https://apl.brno.cz/protokoly-zmb/zmb-z9-20/20241015-20-35122.html
Z9-20-021,Z9/20,2024-10-15,tomas-hejl,Tomáš Hejl,ANO 2011,Ano,Ano,ee3bd240fe4f6c8d,ano,,18. Návrh rozpočtového opatření – přesun finančních prostředků z rozpočtu Odboru územního plánování a rozvoje MMB do rozpočtu Odboru vnitřních věcí MMB,https://apl.brno.cz/protokoly-zmb/zmb-z9-20/20241015-21-35153.html
Z9-20-022,Z9/20,2024-10-15,tomas-hejl,Tomáš Hejl,ANO 2011,Ano,Ano,37a137404b52ade1,ano,,19. Aktualizace rozpočtu Odboru investičního MMB – říjen 2024 – návrh rozpočtového opatření,https://apl.brno.cz/protokoly-zmb/zmb-z9-20/20241015-22-35184.html
Z9-20-023,Z9/20,2024-10-15,tomas-hejl,Tomáš Hejl,ANO 2011,Ano,Ano,12310dc18f23242f,ano,,21. Návrh na použití zdrojů Fondu mobility – návrh rozpočtového opatření - bod č. 1,https://apl.brno.cz/protokoly-zmb/zmb-z9-20/20241015-23-35506.html
Z9-20-024,Z9/20,2024-10-15,tomas-hejl,Tomáš Hejl,ANO 2011,Ano,Ano,08d153bf6e9b0a2f,ano,,21. Návrh na použití zdrojů Fondu mobility – návrh rozpočtového opatření - bod č. 2,https://apl.brno.cz/protokoly-zmb/zmb-z9-20/20241015-24-35527.html
Z9-20-025,Z9/20,2024-10-15,tomas-hejl,Tomáš Hejl,ANO 2011,Ano,Ano,bfb24673dee1f9be,ano,,21. Návrh na použití zdrojů Fondu mobility – návrh rozpočtového opatření - bod č. 3,https://apl.brno.cz/protokoly-zmb/zmb-z9-20/20241015-25-35560.html
Z9-20-026,Z9/20,2024-10-15,tomas-hejl,Tomáš Hejl,ANO 2011,Ano,Ano,ce959758190285b9,ano,,21. Návrh na použití zdrojů Fondu mobility – návrh rozpočtového opatření - 2. část,https://apl.brno.cz/protokoly-zmb/zmb-z9-20/20241015-26-35586.html
Z9-20-027,Z9/20,2024-10-15,tomas-hejl,Tomáš Hejl,ANO 2011,Ano,Ano,cf36bdcbf46878f9,ano,,22. Návrh rozpočtového opatření v souvislosti se změnou pořadatele Brno Art Open,https://apl.brno.cz/protokoly-zmb/zmb-z9-20/20241015-27-35617.html
Z9-20-028,Z9/20,2024-10-15,tomas-hejl,Tomáš Hejl,ANO 2011,Ano,Ano,fb0bc948b0d941f8,ano,,23. Návrh rozpočtového opatření – přesun běžných a kapitálových výdajů rozpočtu 4. úseku v souvislosti s nákupem nástroje pro sledování stavu systémů MMB – kybernetická bezpečnost,https://apl.brno.cz/protokoly-zmb/zmb-z9-20/20241015-28-35650.html
Z9-20-030,Z9/20,2024-10-15,tomas-hejl,Tomáš Hejl,ANO 2011,Ano,Ano,3d557c7987437e21,ano,,26. Aktualizace očekávaného čerpání rozpočtu kapitálových a běžných výdajů Odboru vnitřních věcí MMB v roce 2024 – návrh rozpočtového opatření,https://apl.brno.cz/protokoly-zmb/zmb-z9-20/20241015-30-35984.html
Z9-20-029,Z9/20,2024-10-15,tomas-hejl,Tomáš Hejl,ANO 2011,Ano,Ano,c6419b7e983e8d54,ano,,25. Aktualizace očekávaného čerpání rozpočtu kapitálových výdajů Městské policie Brno v roce 2024 – návrh rozpočtového opatření,https://apl.brno.cz/protokoly-zmb/zmb-z9-20/20241015-29-35956.html
Z9-20-032,Z9/20,2024-10-15,tomas-hejl,Tomáš Hejl,ANO 2011,Ano,Ano,922da0c45b9c7347,ano,,28. Aktualizace očekávaného čerpání rozpočtu kapitálových výdajů Odboru vodního a lesního hospodářství a zemědělství MMB v roce 2024 – návrh rozpočtového opatření,https://apl.brno.cz/protokoly-zmb/zmb-z9-20/20241015-32-36042.html
Z9-20-031,Z9/20,2024-10-15,tomas-hejl,Tomáš Hejl,ANO 2011,Ano,Ano,3ecade715b3135db,ano,,27. Aktualizace očekávaného čerpání rozpočtu kapitálových výdajů Odboru životního prostředí MMB v roce 2024 – návrh rozpočtového opatření,https://apl.brno.cz/protokoly-zmb/zmb-z9-20/20241015-31-36012.html
Z9-20-034,Z9/20,2024-10-15,tomas-hejl,Tomáš Hejl,ANO 2011,Ano,Ano,f1a6b2c8691d950c,ano,,30. Aktualizace očekávaného čerpání rozpočtu kapitálových výdajů Odboru zdraví MMB v roce 2024 – návrh rozpočtového opatření,https://apl.brno.cz/protokoly-zmb/zmb-z9-20/20241015-34-36105.html
Z9-20-033,Z9/20,2024-10-15,tomas-hejl,Tomáš Hejl,ANO 2011,Ano,Ano,0db3e55021ffaabb,ano,,29. Aktualizace očekávaného čerpání rozpočtu kapitálových výdajů a prodloužení čerpání účelového neinvestičního příspěvku u příspěvkové organizace v působnosti Odboru kultury MMB v roce 2024 – návrh rozpočtového opatření,https://apl.brno.cz/protokoly-zmb/zmb-z9-20/20241015-33-36076.html
Z9-20-035,Z9/20,2024-10-15,tomas-hejl,Tomáš Hejl,ANO 2011,Ano,Ano,c98bcc1eee3988e7,ano,,31. Aktualizace očekávaného čerpání rozpočtu kapitálových výdajů Odboru městské informatiky MMB v roce 2024 – návrh rozpočtového opatření,https://apl.brno.cz/protokoly-zmb/zmb-z9-20/20241015-35-36132.html
Z9-20-036,Z9/20,2024-10-15,tomas-hejl,Tomáš Hejl,ANO 2011,Ano,Ano,b7c2279ccebafc48,ano,,32. Aktualizace očekávaného čerpání rozpočtu kapitálových výdajů Kanceláře marketingu a cestovního ruchu MMB v roce 2024 – návrh rozpočtového opatření,https://apl.brno.cz/protokoly-zmb/zmb-z9-20/20241015-36-36161.html
Z9-20-037,Z9/20,2024-10-15,tomas-hejl,Tomáš Hejl,ANO 2011,Ano,Ano,c1d39044ee5b5c97,ano,,"33. Aktualizace očekávaného čerpání rozpočtu kapitálových výdajů Odboru správy majetku MMB v roce 2024, návrh rozpočtového opatření",https://apl.brno.cz/protokoly-zmb/zmb-z9-20/20241015-37-36191.html
Z9-20-038,Z9/20,2024-10-15,tomas-hejl,Tomáš Hejl,ANO 2011,Ano,Ano,dc5ab956362c014a,ano,,"34.	Aktualizace očekávaného čerpání rozpočtu kapitálových výdajů Majetkového odboru MMB v roce 2024, návrh rozpočtového opatření",https://apl.brno.cz/protokoly-zmb/zmb-z9-20/20241015-38-36225.html
Z9-20-040,Z9/20,2024-10-15,tomas-hejl,Tomáš Hejl,ANO 2011,Nehlasoval,Nehlasoval,d6efb7962e54bb80,ano,,36. Aktualizace očekávaného čerpání rozpočtu kapitálových výdajů Odboru územního plánování a rozvoje Magistrátu města Brna v roce 2024 – návrh rozpočtového opatření - návrh pí Flamikové,https://apl.brno.cz/protokoly-zmb/zmb-z9-20/20241015-40-36562.html
Z9-20-039,Z9/20,2024-10-15,tomas-hejl,Tomáš Hejl,ANO 2011,Ano,Ano,662bc16bfc152f3e,ano,,35. Aktualizace očekávaného čerpání rozpočtu kapitálových výdajů Odboru dopravy MMB a běžných a kapitálových výdajů Fondu mobility v roce 2024 – návrh rozpočtového opatření,https://apl.brno.cz/protokoly-zmb/zmb-z9-20/20241015-39-36256.html
Z9-20-041,Z9/20,2024-10-15,tomas-hejl,Tomáš Hejl,ANO 2011,Ano,Ano,ae0c2cb90d6611f2,ano,,36. Aktualizace očekávaného čerpání rozpočtu kapitálových výdajů Odboru územního plánování a rozvoje Magistrátu města Brna v roce 2024 – návrh rozpočtového opatření,https://apl.brno.cz/protokoly-zmb/zmb-z9-20/20241015-41-36587.html
Z9-20-042,Z9/20,2024-10-15,tomas-hejl,Tomáš Hejl,ANO 2011,Ano,Ano,f0cee87d68a4e999,ano,,"37. Zřízení Fondu Dáme na vás, aktualizace očekávaného čerpání rozpočtu kapitálových a běžných výdajů na projekty participativního rozpočtu v roce 2024 – návrh rozpočtového opatření",https://apl.brno.cz/protokoly-zmb/zmb-z9-20/20241015-42-36619.html
Z9-20-044,Z9/20,2024-10-15,tomas-hejl,Tomáš Hejl,ANO 2011,Ano,Ano,8eddab8c2933bdd6,ano,,39. Zapojení Fondu rezerv a rozvoje v souvislosti s navýšením rozpočtu na opravy a údržbu sběrných středisek odpadů – návrh rozpočtového opatření,https://apl.brno.cz/protokoly-zmb/zmb-z9-20/20241015-44-36683.html
Z9-20-043,Z9/20,2024-10-15,tomas-hejl,Tomáš Hejl,ANO 2011,Ano,Ano,c508b69b1ef8db49,ano,,38. Tvorba Fondu rezerv a rozvoje na základě očekávaného nedočerpání rozpočtu kapitálových výdajů Odboru životního prostředí MMB roku 2024 – návrh rozpočtového opatření,https://apl.brno.cz/protokoly-zmb/zmb-z9-20/20241015-43-36652.html
Z9-20-046,Z9/20,2024-10-15,tomas-hejl,Tomáš Hejl,ANO 2011,Ano,Ano,d7bb3d2f332205ba,ano,,41. Zapojení Fondu rezerv a rozvoje v souvislosti s poskytnutím neinvestičního transferu městské části Brno-střed – návrh rozpočtového opatření,https://apl.brno.cz/protokoly-zmb/zmb-z9-20/20241015-46-36745.html
Z9-20-045,Z9/20,2024-10-15,tomas-hejl,Tomáš Hejl,ANO 2011,Ano,Ano,3c555dc014e8f29d,ano,,"40. Zapojení Fondu rezerv a rozvoje v souvislosti s poskytnutím investičního příspěvku Veřejné zeleni města Brna, příspěvkové organizaci – návrh rozpočtového opatření",https://apl.brno.cz/protokoly-zmb/zmb-z9-20/20241015-45-36715.html
Z9-20-047,Z9/20,2024-10-15,tomas-hejl,Tomáš Hejl,ANO 2011,Ano,Ano,f73432b29dbca77f,ano,,42. Zapojení Fondu rezerv a rozvoje v souvislosti se zajištěním provozu obecního systému odpadového hospodářství – návrh rozpočtového opatření,https://apl.brno.cz/protokoly-zmb/zmb-z9-20/20241015-47-36772.html
Z9-20-048,Z9/20,2024-10-15,tomas-hejl,Tomáš Hejl,ANO 2011,Ano,Ano,60a6ca1ec6f4d585,ano,,"43. Zapojení Fondu rezerv a rozvoje v souvislosti se zajištěním úhrady daně z nemovitých věcí, návrh rozpočtového opatření",https://apl.brno.cz/protokoly-zmb/zmb-z9-20/20241015-48-36801.html
Z9-20-049,Z9/20,2024-10-15,tomas-hejl,Tomáš Hejl,ANO 2011,Ano,Ano,e5a8280465b29d94,ano,,44. Zapojení Fondu rezerv a rozvoje v souvislosti s návrhem poskytnutí individuální dotace z rozpočtu města Brna v roce 2024 spolku Kantiléna z. s. na realizaci koncertního turné po USA – návrh rozpočtového opatření,https://apl.brno.cz/protokoly-zmb/zmb-z9-20/20241015-49-36990.html
Z9-20-051,Z9/20,2024-10-15,tomas-hejl,Tomáš Hejl,ANO 2011,Nehlasoval,Nehlasoval,1645f7732e89c5e9,ano,,"45. Zapojení Fondu rezerv a rozvoje v souvislosti s poskytnutím finančního daru městům Jeseník, Krnov a Litovel – návrh rozpočtového opatření - hlasování o návrhu p. Hollana",https://apl.brno.cz/protokoly-zmb/zmb-z9-20/20241015-51-37814.html
Z9-20-052,Z9/20,2024-10-15,tomas-hejl,Tomáš Hejl,ANO 2011,Ano,Ano,69d8a341946923c2,ano,,"45. Zapojení Fondu rezerv a rozvoje v souvislosti s poskytnutím finančního daru městům Jeseník, Krnov a Litovel – návrh rozpočtového opatření",https://apl.brno.cz/protokoly-zmb/zmb-z9-20/20241015-52-37839.html
Z9-20-053,Z9/20,2024-10-15,tomas-hejl,Tomáš Hejl,ANO 2011,Nehlasoval,Nehlasoval,5d4450535ffab6dc,ano,,"5. Návrh obecně závazné vyhlášky statutárního města Brna, kterou se mění obecně závazná vyhláška statutárního města Brna č. 20/2001, kterou se vydává Statut města Brna, ve znění pozdějších vyhlášek - stažení bodu",https://apl.brno.cz/protokoly-zmb/zmb-z9-20/20241015-53-41060.html
Z9-20-055,Z9/20,2024-10-15,tomas-hejl,Tomáš Hejl,ANO 2011,Nehlasoval,Nehlasoval,b05629fb9fe69b97,ano,,"5. Návrh obecně závazné vyhlášky statutárního města Brna, kterou se mění obecně závazná vyhláška statutárního města Brna č. 20/2001, kterou se vydává Statut města Brna, ve znění pozdějších vyhlášek - hlasování o návrhu p. Kmenta",https://apl.brno.cz/protokoly-zmb/zmb-z9-20/20241015-55-42673.html
Z9-20-056,Z9/20,2024-10-15,tomas-hejl,Tomáš Hejl,ANO 2011,Nehlasoval,Nehlasoval,52a89726a9dcfb49,ano,,"5. Návrh obecně závazné vyhlášky statutárního města Brna, kterou se mění obecně závazná vyhláška statutárního města Brna č. 20/2001, kterou se vydává Statut města Brna, ve znění pozdějších vyhlášek - hlasování o návrhu pí. Drápalové",https://apl.brno.cz/protokoly-zmb/zmb-z9-20/20241015-56-42712.html
Z9-20-057,Z9/20,2024-10-15,tomas-hejl,Tomáš Hejl,ANO 2011,Ano,Ano,d52bb13f03d9e2f2,ano,,"5. Návrh obecně závazné vyhlášky statutárního města Brna, kterou se mění obecně závazná vyhláška statutárního města Brna č. 20/2001, kterou se vydává Statut města Brna, ve znění pozdějších vyhlášek",https://apl.brno.cz/protokoly-zmb/zmb-z9-20/20241015-57-42750.html
Z9-20-058,Z9/20,2024-10-15,tomas-hejl,Tomáš Hejl,ANO 2011,Ano,Ano,a18f3c172dbac546,ano,,47. Návrh na poskytnutí investičních dotací v rámci dotačního programu Podpora vytváření zelených střech,https://apl.brno.cz/protokoly-zmb/zmb-z9-20/20241015-58-42794.html
Z9-20-060,Z9/20,2024-10-15,tomas-hejl,Tomáš Hejl,ANO 2011,Ano,Ano,6a27b033ae4b3d80,ano,,"49. Návrh na poskytnutí investičního transferu městské části Brno-Nový Lískovec na realizaci zelené střechy na bytovém domě na adrese Oblá 346/2 a na bytovém domě na adrese Kamínky 275/6, návrh rozpočtového opatření",https://apl.brno.cz/protokoly-zmb/zmb-z9-20/20241015-60-42861.html
Z9-20-059,Z9/20,2024-10-15,tomas-hejl,Tomáš Hejl,ANO 2011,Ano,Ano,541a4eb4e55fa1b2,ano,,"48. Návrh na poskytnutí investičního transferu městské části Brno-Královo Pole na realizaci zelené střechy na DPS Purkyňova 91a, návrh rozpočtového opatření",https://apl.brno.cz/protokoly-zmb/zmb-z9-20/20241015-59-42828.html
Z9-20-061,Z9/20,2024-10-15,tomas-hejl,Tomáš Hejl,ANO 2011,Ano,Ano,dfb3fe21455851be,ano,,"50. Návrh na zařazení nové investiční akce do závazného plánu investic a poskytnutí investičního příspěvku Správě hřbitovů města Brna, příspěvkové organizaci – návrh rozpočtového opatření",https://apl.brno.cz/protokoly-zmb/zmb-z9-20/20241015-61-42900.html
Z9-20-065,Z9/20,2024-10-15,tomas-hejl,Tomáš Hejl,ANO 2011,Ano,Ano,b0c488515b4571af,ano,,"54. Návrh na poskytnutí individuální neinvestiční dotace z rozpočtu města Brna na rok 2024 organizaci Jihomoravské dobrovolnické centrum z.s., návrh rozpočtového opatření",https://apl.brno.cz/protokoly-zmb/zmb-z9-20/20241015-65-43032.html
Z9-20-063,Z9/20,2024-10-15,tomas-hejl,Tomáš Hejl,ANO 2011,Ano,Ano,68cfec700049c942,ano,,"52. Návrh na snížení neinvestičního příspěvku příspěvkovým organizacím v působnosti Odboru životního prostředí MMB, návrh rozpočtového opatření",https://apl.brno.cz/protokoly-zmb/zmb-z9-20/20241015-63-42965.html
Z9-20-064,Z9/20,2024-10-15,tomas-hejl,Tomáš Hejl,ANO 2011,Ano,Ano,0a91c01e5372dc36,ano,,"53. Návrh na změnu účelu investičního příspěvku Domu umění města Brna, příspěvkové organizaci, v roce 2024",https://apl.brno.cz/protokoly-zmb/zmb-z9-20/20241015-64-42998.html
Z9-20-062,Z9/20,2024-10-15,tomas-hejl,Tomáš Hejl,ANO 2011,Ano,Ano,74a25f528f45da4a,ano,,51. Návrh na změnu účelu použití části účelového investičního transferu a prodloužení termínu vyúčtování účelových investičních a neinvestičních transferů poskytnutých městským částem – návrh rozpočtového opatření,https://apl.brno.cz/protokoly-zmb/zmb-z9-20/20241015-62-42936.html
Z9-20-066,Z9/20,2024-10-15,tomas-hejl,Tomáš Hejl,ANO 2011,Ano,Ano,75ee30137c19cb76,ano,,"55. Návrh na poskytnutí individuální neinvestiční dotace z rozpočtu města Brna na rok 2024 organizaci Tyfloservis, o.p.s., návrh rozpočtového opatření",https://apl.brno.cz/protokoly-zmb/zmb-z9-20/20241015-66-43064.html
Z9-20-068,Z9/20,2024-10-15,tomas-hejl,Tomáš Hejl,ANO 2011,Ano,Ano,2a60e604fddeb8b8,ano,,57. Návrh na poskytnutí individuálních neinvestičních dotací pro oblast tělovýchovy a sportu pro rok 2024 – II. kolo – návrh rozpočtového opatření,https://apl.brno.cz/protokoly-zmb/zmb-z9-20/20241015-68-43125.html
Z9-20-067,Z9/20,2024-10-15,tomas-hejl,Tomáš Hejl,ANO 2011,Ano,Ano,3bfa0fc57f8ad96d,ano,,"56. Návrh na poskytnutí individuální neinvestiční dotace Fondu ohrožených dětí na projekt ""Klokánek FOD Brno – zařízení pro děti vyžadující okamžitou pomoc"" - návrh rozpočtového opatření",https://apl.brno.cz/protokoly-zmb/zmb-z9-20/20241015-67-43097.html
Z9-20-070,Z9/20,2024-10-15,tomas-hejl,Tomáš Hejl,ANO 2011,Ano,Ano,de30e1cf1b41c019,ano,,59. Návrh na poskytnutí neinvestičních dotací na podporu významných sportovních akcí konaných ve městě Brně v roce 2024 – II. kolo – návrh rozpočtového opatření,https://apl.brno.cz/protokoly-zmb/zmb-z9-20/20241015-70-43184.html
Z9-20-069,Z9/20,2024-10-15,tomas-hejl,Tomáš Hejl,ANO 2011,Ano,Ano,69a9d026b56e1fb6,ano,,58. Návrh na poskytnutí neinvestičních dotací na podporu sportovních odvětví v roce 2024 – návrh rozpočtového opatření,https://apl.brno.cz/protokoly-zmb/zmb-z9-20/20241015-69-43153.html
Z9-20-071,Z9/20,2024-10-15,tomas-hejl,Tomáš Hejl,ANO 2011,Ano,Ano,177a6f5fd9ce2f63,ano,,"60. Návrh na poskytnutí účelového neinvestičního příspěvku Waldorfské škole Brno-střední škole, základní škole a mateřské škole, příspěvkové organizaci – návrh rozpočtového opatření",https://apl.brno.cz/protokoly-zmb/zmb-z9-20/20241015-71-43335.html
Z9-20-072,Z9/20,2024-10-15,tomas-hejl,Tomáš Hejl,ANO 2011,Ano,Ano,8609a26f6e1ab1c0,ano,,61. Návrh na změnu účelu použití částí neinvestičních a investičních transferů poskytnutých městským částem na rok 2024 – návrh rozpočtového opatření,https://apl.brno.cz/protokoly-zmb/zmb-z9-20/20241015-72-43363.html
Z9-20-074,Z9/20,2024-10-15,tomas-hejl,Tomáš Hejl,ANO 2011,Ano,Ano,f0e990a3d7a61608,ano,,63. Návrh na poskytnutí individuální neinvestiční dotace na projekt Comic-Con Junior,https://apl.brno.cz/protokoly-zmb/zmb-z9-20/20241015-74-43434.html
Z9-20-075,Z9/20,2024-10-15,tomas-hejl,Tomáš Hejl,ANO 2011,Ano,Ano,0926caaab00f7491,ano,,64. Návrh na poskytnutí neinvestiční dotace na zajištění provozu Realitní společnosti města Brna a. s.,https://apl.brno.cz/protokoly-zmb/zmb-z9-20/20241015-75-43464.html
Z9-20-076,Z9/20,2024-10-15,tomas-hejl,Tomáš Hejl,ANO 2011,Ano,Ano,6b36dd43cd741b45,ano,,66. Návrh Smlouvy o poskytnutí investičního příspěvku „Nová Zbrojovka – objekt G“,https://apl.brno.cz/protokoly-zmb/zmb-z9-20/20241015-76-43496.html
Z9-20-077,Z9/20,2024-10-15,tomas-hejl,Tomáš Hejl,ANO 2011,Nehlasoval,Nehlasoval,b0e28577fc98710b,ano,,"67. Návrh smlouvy o poskytnutí dotace Moravian Science Centre Brno, příspěvkové organizaci, na spolufinancování VIDA! science centra v období od 1. 1. 2025 do 31. 12. 2025 - var. A",https://apl.brno.cz/protokoly-zmb/zmb-z9-20/20241015-77-43616.html
Z9-20-078,Z9/20,2024-10-15,tomas-hejl,Tomáš Hejl,ANO 2011,Ano,Ano,314da3a0880463af,ano,,"67. Návrh smlouvy o poskytnutí dotace Moravian Science Centre Brno, příspěvkové organizaci, na spolufinancování VIDA! science centra v období od 1. 1. 2025 do 31. 12. 2025 - var. B",https://apl.brno.cz/protokoly-zmb/zmb-z9-20/20241015-78-43645.html
Z9-20-079,Z9/20,2024-10-15,tomas-hejl,Tomáš Hejl,ANO 2011,Ano,Ano,5b44468ffdb7fccf,ano,,68. Projekty financované z Fondu kofinancování projektů – říjen 2024 – návrh rozpočtového opatření,https://apl.brno.cz/protokoly-zmb/zmb-z9-20/20241015-79-43682.html
Z9-20-080,Z9/20,2024-10-15,tomas-hejl,Tomáš Hejl,ANO 2011,Ano,Ano,c08ec11aed542338,ano,,69. Finanční prostředky Fondu kofinancování projektů – říjen 2024 – návrh rozpočtového opatření,https://apl.brno.cz/protokoly-zmb/zmb-z9-20/20241015-80-43713.html
Z9-20-081,Z9/20,2024-10-15,tomas-hejl,Tomáš Hejl,ANO 2011,Ano,Ano,66559ecba316c924,ano,,"70. Projekt ""Výstavba MŠ Šámalova"" – rozhodnutí o poskytnutí dotace",https://apl.brno.cz/protokoly-zmb/zmb-z9-20/20241015-81-43745.html
Z9-20-082,Z9/20,2024-10-15,tomas-hejl,Tomáš Hejl,ANO 2011,Ano,Ano,cc4ffefb33c1b80b,ano,,"71. Projekt ""MŠ Holásky – novostavba při ulici Tomáše Krumla, Brno"" - rozhodnutí o poskytnutí dotace",https://apl.brno.cz/protokoly-zmb/zmb-z9-20/20241015-82-43771.html
Z9-20-083,Z9/20,2024-10-15,tomas-hejl,Tomáš Hejl,ANO 2011,Ano,Ano,21090d525cf98dc7,ano,,"72. Projekt ""Výstavba budovy mateřské školy, školní družiny a úprava přilehlého školního hřiště v areálu ZŠ Přemyslovo náměstí 1"" – rozhodnutí o poskytnutí dotace",https://apl.brno.cz/protokoly-zmb/zmb-z9-20/20241015-83-43798.html
Z9-20-085,Z9/20,2024-10-15,tomas-hejl,Tomáš Hejl,ANO 2011,Ano,Ano,f0ed9a5f147abab1,ano,,"74. Projekt ""Revitalizace Žebětínského rybníka"" – návrh smlouvy o poskytnutí dotace",https://apl.brno.cz/protokoly-zmb/zmb-z9-20/20241015-85-43855.html
Z9-20-084,Z9/20,2024-10-15,tomas-hejl,Tomáš Hejl,ANO 2011,Ano,Ano,d536ae3bc2ae06c4,ano,,"73. Projekt ""Přístavba Logopedické třídy MŠ Hatě Brno Ivanovice, Hatě 81/19"" – rozhodnutí o poskytnutí dotace",https://apl.brno.cz/protokoly-zmb/zmb-z9-20/20241015-84-43825.html
Z9-20-086,Z9/20,2024-10-15,tomas-hejl,Tomáš Hejl,ANO 2011,Ano,Ano,5924687f1578a3d8,ano,,"75. Projekt ""Rosteme s uměním"" – posouzení projektu, návrh rozpočtového opatření",https://apl.brno.cz/protokoly-zmb/zmb-z9-20/20241015-86-43887.html
Z9-20-087,Z9/20,2024-10-15,tomas-hejl,Tomáš Hejl,ANO 2011,Ano,Ano,131fbff2cd4f45b8,ano,,"76. Projekt ""Vstupní objekt s parkovištěm pro Zoo Brno – 1. etapa"" – posouzení projektu",https://apl.brno.cz/protokoly-zmb/zmb-z9-20/20241015-87-43916.html
Z9-20-088,Z9/20,2024-10-15,tomas-hejl,Tomáš Hejl,ANO 2011,Ano,Ano,0a62b30781f71749,ano,,"77. Projekt ""Obnova vodní nádrže U Panenky Marie, k. ú. Bosonohy"" – posouzení projektu",https://apl.brno.cz/protokoly-zmb/zmb-z9-20/20241015-88-43944.html
Z9-20-089,Z9/20,2024-10-15,tomas-hejl,Tomáš Hejl,ANO 2011,Ano,Ano,93d7a1d6e5c844a4,ano,,"78. Projekt ""Bosonožské náměstí – úprava veřejného prostranství"" – změna parametrů posouzení projektu",https://apl.brno.cz/protokoly-zmb/zmb-z9-20/20241015-89-43972.html
Z9-20-091,Z9/20,2024-10-15,tomas-hejl,Tomáš Hejl,ANO 2011,Ano,Ano,2b44b62e05c32716,ano,,80. Přehled bytů poskytnutých v celoměstském zájmu za 1. pololetí roku 2024,https://apl.brno.cz/protokoly-zmb/zmb-z9-20/20241015-91-44032.html
Z9-20-090,Z9/20,2024-10-15,tomas-hejl,Tomáš Hejl,ANO 2011,Ano,Ano,cfc9875930c734b6,ano,,"79. Projekt ""Interoperabilita a eHealth Úrazové nemocnice v Brně"" – návrh pověřovacího aktu",https://apl.brno.cz/protokoly-zmb/zmb-z9-20/20241015-90-44001.html
Z9-20-092,Z9/20,2024-10-15,tomas-hejl,Tomáš Hejl,ANO 2011,Ano,Ano,49f2235cc59ac9a9,ano,,81. Návrh rozpočtového opatření – Aktualizace očekávaného čerpání rozpočtu kapitálových a běžných výdajů Fondu bytové výstavby v roce 2024,https://apl.brno.cz/protokoly-zmb/zmb-z9-20/20241015-92-44067.html
Z9-20-093,Z9/20,2024-10-15,tomas-hejl,Tomáš Hejl,ANO 2011,Ano,Ano,fe2c8745d4114196,ano,,"82. Návrh rozpočtového opatření v souvislosti s vrácením finančních prostředků poskytnutých městské části Brno-Královo Pole z Fondu bytové výstavby na akci ""BD Veleslavínova 1 - úpravy bytového domu, 7 b. j.""",https://apl.brno.cz/protokoly-zmb/zmb-z9-20/20241015-93-44100.html
Z9-20-096,Z9/20,2024-10-15,tomas-hejl,Tomáš Hejl,ANO 2011,Ano,Ano,6b87e2cec31dd4b8,ano,,112. Návrh směny pozemků v k. ú. Žebětín,https://apl.brno.cz/protokoly-zmb/zmb-z9-20/20241015-96-44321.html
Z9-20-094,Z9/20,2024-10-15,tomas-hejl,Tomáš Hejl,ANO 2011,Ano,Ano,a818a717f359165e,ano,,"83. Návrh na odnětí svěřeného nemovitého majetku města městské části Brno-střed, 2 jednotek v domech Dřevařská 31 a Dřevařská 33 v k. ú. Veveří",https://apl.brno.cz/protokoly-zmb/zmb-z9-20/20241015-94-44129.html
Z9-20-095,Z9/20,2024-10-15,tomas-hejl,Tomáš Hejl,ANO 2011,Ano,Ano,b35ffb3d466f4393,ano,,Body č. 84-111,https://apl.brno.cz/protokoly-zmb/zmb-z9-20/20241015-95-44281.html
Z9-20-097,Z9/20,2024-10-15,tomas-hejl,Tomáš Hejl,ANO 2011,Ano,Ano,c3faf4fe9a8b5a46,ano,,113. Návrh na uzavření dodatku č. 1 ke smlouvě o budoucí směnné smlouvě č. 6321072538 ze dne 06.09.2021,https://apl.brno.cz/protokoly-zmb/zmb-z9-20/20241015-97-44353.html
Z9-20-098,Z9/20,2024-10-15,tomas-hejl,Tomáš Hejl,ANO 2011,Ano,Ano,6fcc0a3343c65dd8,ano,,Body č. 114-115,https://apl.brno.cz/protokoly-zmb/zmb-z9-20/20241015-98-44410.html
Z9-20-099,Z9/20,2024-10-15,tomas-hejl,Tomáš Hejl,ANO 2011,Ano,Ano,e4aa424c80fc18bb,ano,,"116. Návrh svěření majetku města městské části Brno-Tuřany, pozemku p. č. 140,k. ú.Dvorska včetně stavby bez čp/če, pozemku p. č. 128 k. ú. Holásky včetně stavby bez čp/če",https://apl.brno.cz/protokoly-zmb/zmb-z9-20/20241015-99-44446.html
Z9-20-100,Z9/20,2024-10-15,tomas-hejl,Tomáš Hejl,ANO 2011,Ano,Ano,6c35bcd9f172608a,ano,,"117. Návrh svěření majetku města Brna městské části Brno-Líšeň, pozemku p. č. 3873,k. ú. Líšeň",https://apl.brno.cz/protokoly-zmb/zmb-z9-20/20241015-100-44502.html
Z9-20-101,Z9/20,2024-10-15,tomas-hejl,Tomáš Hejl,ANO 2011,Ano,Ano,8e6497fddaebe390,ano,,Body č. 118-119,https://apl.brno.cz/protokoly-zmb/zmb-z9-20/20241015-101-44530.html
Z9-20-102,Z9/20,2024-10-15,tomas-hejl,Tomáš Hejl,ANO 2011,Ano,Ano,a43815cd5c0cd5db,ano,,120. Návrh Smlouvy o spolupráci při výstavbě veřejné infrastruktury „Nová Zbrojovka – objekt H“,https://apl.brno.cz/protokoly-zmb/zmb-z9-20/20241015-102-44734.html
Z9-20-103,Z9/20,2024-10-15,tomas-hejl,Tomáš Hejl,ANO 2011,Ano,Ano,c00f7834efb993b3,ano,,"121. Projekt ""Akademické náměstí včetně parkovacího domu"" - návrh dodatku č. 1 ke smlouvě o právu provést stavbu a vypořádání pozemků pod stavbou",https://apl.brno.cz/protokoly-zmb/zmb-z9-20/20241015-103-44763.html
Z9-20-104,Z9/20,2024-10-15,tomas-hejl,Tomáš Hejl,ANO 2011,Ano,Ano,bc9e64b157097c11,ano,,122. Návrh Dodatku č. 2 ke Smlouvě o výstavbě veřejné infrastruktury „Polyfunkční dům Železniční Brno-Komárov“,https://apl.brno.cz/protokoly-zmb/zmb-z9-20/20241015-104-44790.html
Z9-20-105,Z9/20,2024-10-15,tomas-hejl,Tomáš Hejl,ANO 2011,Ano,Ano,77458d6c50b353aa,ano,,"123. Návrh odnětí svěřeného majetku města městské části Brno-sever, pozemku p. č. 1643/7, k. ú. Černá Pole",https://apl.brno.cz/protokoly-zmb/zmb-z9-20/20241015-105-44822.html
Z9-19-002,Z9/19,2024-09-10,tomas-hejl,Tomáš Hejl,ANO 2011,Ano,Ano,e08bd369791f82f3,ano,,"1. Technický bod (zapisovatelé, právní asistence, ověřovatelé zápisu, schválení programu zasedání ZMB) - program - hlasování o stažení bodu č. 14",https://apl.brno.cz/protokoly-zmb/zmb-z9-19/20240910-2-29714.html
Z9-19-003,Z9/19,2024-09-10,tomas-hejl,Tomáš Hejl,ANO 2011,Ano,Ano,d15e91d69d3f172f,ano,,"1. Technický bod (zapisovatelé, právní asistence, ověřovatelé zápisu, schválení programu zasedání ZMB) - program - hlasování o zařazení bodu č. 174",https://apl.brno.cz/protokoly-zmb/zmb-z9-19/20240910-3-29736.html
Z9-19-001,Z9/19,2024-09-10,tomas-hejl,Tomáš Hejl,ANO 2011,Ano,Ano,dd62714b8c02575c,ano,,"1. Technický bod (zapisovatelé, právní asistence, ověřovatelé zápisu, schválení programu zasedání ZMB) - ověřovatelé zápisu",https://apl.brno.cz/protokoly-zmb/zmb-z9-19/20240910-1-29539.html
Z9-19-004,Z9/19,2024-09-10,tomas-hejl,Tomáš Hejl,ANO 2011,Ano,Ano,e60eb106bf6e27db,ano,,"1. Technický bod (zapisovatelé, právní asistence, ověřovatelé zápisu, schválení programu zasedání ZMB) - program",https://apl.brno.cz/protokoly-zmb/zmb-z9-19/20240910-4-29756.html
Z9-19-005,Z9/19,2024-09-10,tomas-hejl,Tomáš Hejl,ANO 2011,Nehlasoval,Nehlasoval,d4184f30d47e2a2e,ano,,"5. Kvalifikovaná žádost občanů dle § 16 odst. 2 písm. f) zákona o obcích – projekt ""Lanová dráha Pisárky-Kampus"" - hlasování o návrhu pí Flamikové",https://apl.brno.cz/protokoly-zmb/zmb-z9-19/20240910-5-31359.html
Z9-19-007,Z9/19,2024-09-10,tomas-hejl,Tomáš Hejl,ANO 2011,Ano,Ano,567bcb3d4180e622,ano,,7. Přehled účastí na schůzích výborů ZMB,https://apl.brno.cz/protokoly-zmb/zmb-z9-19/20240910-7-31638.html
Z9-19-006,Z9/19,2024-09-10,tomas-hejl,Tomáš Hejl,ANO 2011,Ano,Ano,bf1d0a52917d5107,ano,,"5. Kvalifikovaná žádost občanů dle § 16 odst. 2 písm. f) zákona o obcích – projekt ""Lanová dráha Pisárky-Kampus""",https://apl.brno.cz/protokoly-zmb/zmb-z9-19/20240910-6-31417.html
Z9-19-008,Z9/19,2024-09-10,tomas-hejl,Tomáš Hejl,ANO 2011,Ano,Ano,420f17c7364a7cdb,ano,,"8. Návrh na vyslovení předchozího souhlasu s koncernovým pokynem, kterým se mění Koncernový pokyn č. 1/2021 ve znění Koncernového pokynu č. 2/2023 - aktualizace Přílohy č. 2",https://apl.brno.cz/protokoly-zmb/zmb-z9-19/20240910-8-31672.html
Z9-19-009,Z9/19,2024-09-10,tomas-hejl,Tomáš Hejl,ANO 2011,Ano,Ano,a3062fd8b3d4286c,ano,,"9. Návrh svěření majetku města Brna k hospodaření TIC BRNO, příspěvkové organizaci – bývalé městské vodojemy Žlutý kopec – návrh dodatku č. 1 ke Zřizovací listině",https://apl.brno.cz/protokoly-zmb/zmb-z9-19/20240910-9-31702.html
Z9-19-010,Z9/19,2024-09-10,tomas-hejl,Tomáš Hejl,ANO 2011,Ano,Ano,10428fc2b80668fc,ano,,"10. Návrh odnětí pozemků a Vily Wittal městské části Brno-střed a jejich svěření k hospodaření Muzeu města Brna, příspěvkové organizaci – návrh dodatku č. 1 ke Zřizovací listině",https://apl.brno.cz/protokoly-zmb/zmb-z9-19/20240910-10-31734.html
Z9-19-011,Z9/19,2024-09-10,tomas-hejl,Tomáš Hejl,ANO 2011,Ano,Ano,c2781fc9d46a8f6a,ano,,11. Návrh Memoranda o porozumění k projektu vyvedení tepla z elektrárny Dukovany pro město Brno,https://apl.brno.cz/protokoly-zmb/zmb-z9-19/20240910-11-32141.html
Z9-19-014,Z9/19,2024-09-10,tomas-hejl,Tomáš Hejl,ANO 2011,Nehlasoval,Nehlasoval,65cd257bd482dc69,ano,,"12. Návrh Memoranda o spolupráci uzavíraného s Jihomoravským krajem, Autoklubem České republiky a společností Automotodrom Brno, a. s.– Mistrovství světa silničních motocyklů – Grand Prix České republiky v letech 2025-2029 - hlasování o návrhu p. Koláčného",https://apl.brno.cz/protokoly-zmb/zmb-z9-19/20240910-14-33889.html
Z9-19-016,Z9/19,2024-09-10,tomas-hejl,Tomáš Hejl,ANO 2011,Ano,Ano,8bbe8150495e6d78,ano,,13. Koncepce sportu města Brna na léta 2018–2030 – návrh aktualizace kapitoly 8.1,https://apl.brno.cz/protokoly-zmb/zmb-z9-19/20240910-16-34771.html
Z9-19-015,Z9/19,2024-09-10,tomas-hejl,Tomáš Hejl,ANO 2011,Ano,Ano,a7e54e996cbf72a6,ano,,"12. Návrh Memoranda o spolupráci uzavíraného s Jihomoravským krajem, Autoklubem České republiky a společností Automotodrom Brno, a. s.– Mistrovství světa silničních motocyklů – Grand Prix České republiky v letech 2025-2029",https://apl.brno.cz/protokoly-zmb/zmb-z9-19/20240910-15-33922.html
Z9-19-017,Z9/19,2024-09-10,tomas-hejl,Tomáš Hejl,ANO 2011,Ano,Ano,84106ed056b27c6f,ano,,15. Výsledky hospodaření statutárního města Brna za I. pololetí roku 2024,https://apl.brno.cz/protokoly-zmb/zmb-z9-19/20240910-17-34810.html
Z9-19-018,Z9/19,2024-09-10,tomas-hejl,Tomáš Hejl,ANO 2011,Ano,Ano,fe14fc4ab169e2af,ano,,"16. Návrh bilance zdrojů statutárního města Brna na rok 2025, stanovení základních proporcí návrhu rozpočtu statutárního města Brna na rok 2025",https://apl.brno.cz/protokoly-zmb/zmb-z9-19/20240910-18-34844.html
Z9-19-019,Z9/19,2024-09-10,tomas-hejl,Tomáš Hejl,ANO 2011,Ano,Ano,a92db57fed1d480a,ano,,"17. Návrh rozpočtového opatření ve věci daně z příjmů právnických osob za obce z rozpočtové činnosti, jejímž poplatníkem je město Brno",https://apl.brno.cz/protokoly-zmb/zmb-z9-19/20240910-19-34875.html
Z9-19-020,Z9/19,2024-09-10,tomas-hejl,Tomáš Hejl,ANO 2011,Ano,Ano,5615e332c82496a8,ano,,18. Záměr uzavření dohod o provedení práce se členy ZMB pro hodnocení žádostí o dotace v oblasti kultury,https://apl.brno.cz/protokoly-zmb/zmb-z9-19/20240910-20-34905.html
Z9-19-021,Z9/19,2024-09-10,tomas-hejl,Tomáš Hejl,ANO 2011,Ano,Ano,bdfe65ee901f9305,ano,,"19. Zapojení Fondu rezerv a rozvoje v souvislosti s poskytnutím příspěvků Muzeu města Brna, příspěvkové organizaci na projekt ""Vila Wittal – Centrum židovské kultury Štetl – židovské muzeum"", návrh rozpočtového opatření",https://apl.brno.cz/protokoly-zmb/zmb-z9-19/20240910-21-34939.html
Z9-19-022,Z9/19,2024-09-10,tomas-hejl,Tomáš Hejl,ANO 2011,Ano,Ano,8fec3d50bc4cdab6,ano,,"20. Zapojení Fondu rezerv a rozvoje na projekt „Rozvoj kulturního centra CO.LABS“, návrh dodatku č. 1 ke smlouvě o poskytnutí investiční dotace z rozpočtu města Brna a č. 2 ke smlouvě o poskytnutí návratné finanční výpomoci, návrh rozpočtového opatření",https://apl.brno.cz/protokoly-zmb/zmb-z9-19/20240910-22-34975.html
Z9-19-023,Z9/19,2024-09-10,tomas-hejl,Tomáš Hejl,ANO 2011,Ano,Ano,368c6afb4278db24,ano,,"21. Zapojení Fondu rezerv a rozvoje v souvislosti s poskytnutím účelového neinvestičního příspěvku Národnímu divadlu Brno, příspěvkové organizaci v roce 2024 – návrh rozpočtového opatření",https://apl.brno.cz/protokoly-zmb/zmb-z9-19/20240910-23-35008.html
Z9-19-024,Z9/19,2024-09-10,tomas-hejl,Tomáš Hejl,ANO 2011,Ano,Ano,8a6fd1e8387af760,ano,,22. Zapojení Fondu rezerv a rozvoje v souvislosti s poskytnutím individuální investiční dotace Orel jednota Brno – Řečkovice na revitalizaci sportovního areálu při ul. Medlánecká v Brně-Řečkovicích (tzv. Orlák) – návrh rozpočtového opatření,https://apl.brno.cz/protokoly-zmb/zmb-z9-19/20240910-24-35066.html
Z9-19-026,Z9/19,2024-09-10,tomas-hejl,Tomáš Hejl,ANO 2011,Ano,Ano,c694e411d9131326,ano,,24. Zapojení Fondu rezerv a rozvoje v souvislosti s poskytnutím investičního transferu městské části Brno-Líšeň – návrh rozpočtového opatření,https://apl.brno.cz/protokoly-zmb/zmb-z9-19/20240910-26-35133.html
Z9-19-025,Z9/19,2024-09-10,tomas-hejl,Tomáš Hejl,ANO 2011,Ano,Ano,1a84e42559a3f163,ano,,23. Zapojení Fondu rezerv a rozvoje v souvislosti s poskytnutím individuální investiční dotace TJ STADION BRNO z. s. na modernizaci a rekonstrukci stadionu na ul. Křídlovická 32 za účelem zajištění energetické udržitelnosti – návrh rozpočtového opatření,https://apl.brno.cz/protokoly-zmb/zmb-z9-19/20240910-25-35103.html
Z9-19-027,Z9/19,2024-09-10,tomas-hejl,Tomáš Hejl,ANO 2011,Ano,Ano,310aad534b367823,ano,,25. Zapojení Fondu rezerv a rozvoje v souvislosti s poskytnutím neinvestičního transferu a změna účelu použití transferu městské části Brno-Bohunice – návrh rozpočtového opatření,https://apl.brno.cz/protokoly-zmb/zmb-z9-19/20240910-27-35165.html
Z9-19-028,Z9/19,2024-09-10,tomas-hejl,Tomáš Hejl,ANO 2011,Ano,Ano,9078b1429efcf8a4,ano,,26. Zapojení Fondu rezerv a rozvoje v souvislosti s návrhem na poskytnutí individuální investiční dotace České provincii Kongregace sester sv. Cyrila a Metoděje na výstavbu Cyrilometodějské mateřské školy Brno – návrh rozpočtového opatření,https://apl.brno.cz/protokoly-zmb/zmb-z9-19/20240910-28-35202.html
Z9-19-029,Z9/19,2024-09-10,tomas-hejl,Tomáš Hejl,ANO 2011,Ano,Ano,03df069636ee04c1,ano,,"27. Zapojení Fondu rezerv a rozvoje v souvislosti s poskytnutím neinvestičních příspěvků, návrh na poskytnutí investičních příspěvků příspěvkovým organizacím v působnosti Odboru sociální péče MMB – návrh rozpočtového opatření",https://apl.brno.cz/protokoly-zmb/zmb-z9-19/20240910-29-35236.html
Z9-19-030,Z9/19,2024-09-10,tomas-hejl,Tomáš Hejl,ANO 2011,Ano,Ano,7237600d21028d76,ano,,"28. Zapojení Fondu rezerv a rozvoje na krytí běžných výdajů, aktualizace rozpočtu běžných a kapitálových výdajů Odboru dopravy MMB a Odboru investičního MMB – září 2024 – návrh rozpočtového opatření",https://apl.brno.cz/protokoly-zmb/zmb-z9-19/20240910-30-35272.html
Z9-19-031,Z9/19,2024-09-10,tomas-hejl,Tomáš Hejl,ANO 2011,Ano,Ano,22df571af8f14160,ano,,29. Návrh rozpočtového opatření – přesun běžných výdajů rozpočtu Kanceláře marketingu a cestovního ruchu MMB,https://apl.brno.cz/protokoly-zmb/zmb-z9-19/20240910-31-35305.html
Z9-19-032,Z9/19,2024-09-10,tomas-hejl,Tomáš Hejl,ANO 2011,Ano,Ano,43b3dc25178f3362,ano,,"30. Přesun běžných a kapitálových výdajů v rámci rozpočtu Odboru správy majetku MMB, návrh rozpočtového opatření",https://apl.brno.cz/protokoly-zmb/zmb-z9-19/20240910-32-35337.html
Z9-19-033,Z9/19,2024-09-10,tomas-hejl,Tomáš Hejl,ANO 2011,Ano,Ano,39c90e8c4bba37ed,ano,,31. Návrh rozpočtového opatření – přesun běžných výdajů rozpočtu Odboru strategického rozvoje a spolupráce MMB,https://apl.brno.cz/protokoly-zmb/zmb-z9-19/20240910-33-35369.html
Z9-19-034,Z9/19,2024-09-10,tomas-hejl,Tomáš Hejl,ANO 2011,Ano,Ano,76d8f0107ae0cde3,ano,,"32. Aktualizace rozpočtu běžných výdajů Městské policie Brno v roce 2024, návrh rozpočtového opatření",https://apl.brno.cz/protokoly-zmb/zmb-z9-19/20240910-34-35399.html
Z9-19-035,Z9/19,2024-09-10,tomas-hejl,Tomáš Hejl,ANO 2011,Ano,Ano,75e8b1452c793ac4,ano,,33. Aktualizace očekávaného čerpání rozpočtu kapitálových výdajů Odboru kultury MMB v roce 2024 – návrh rozpočtového opatření,https://apl.brno.cz/protokoly-zmb/zmb-z9-19/20240910-35-35433.html
Z9-19-037,Z9/19,2024-09-10,tomas-hejl,Tomáš Hejl,ANO 2011,Ano,Ano,580f87100e457432,ano,,"35. Návrh na poskytnutí individuální investiční dotace Mendelově univerzitě v Brně, návrh rozpočtového opatření",https://apl.brno.cz/protokoly-zmb/zmb-z9-19/20240910-37-35494.html
Z9-19-036,Z9/19,2024-09-10,tomas-hejl,Tomáš Hejl,ANO 2011,Ano,Ano,9a00d07d24df1307,ano,,34. Aktualizace rozpočtu Odboru investičního MMB – září 2024 - návrh rozpočtového opatření,https://apl.brno.cz/protokoly-zmb/zmb-z9-19/20240910-36-35463.html
Z9-19-039,Z9/19,2024-09-10,tomas-hejl,Tomáš Hejl,ANO 2011,Ano,Ano,7f1a930aa8d1ff61,ano,,"37. Návrh na změnu účelu využití neinvestičního příspěvku schváleného Zoo Brno a stanici zájmových činností, příspěvkové organizaci",https://apl.brno.cz/protokoly-zmb/zmb-z9-19/20240910-39-35557.html
Z9-19-038,Z9/19,2024-09-10,tomas-hejl,Tomáš Hejl,ANO 2011,Ano,Ano,56dcda0fe4af8f08,ano,,"36. Návrh na poskytnutí investičního transferu městské části Brno–Medlánky na realizaci zelené střechy na výukovém altánu Základní školy Brno, Hudcova 35, příspěvková organizace, návrh rozpočtového opatření",https://apl.brno.cz/protokoly-zmb/zmb-z9-19/20240910-38-35527.html
Z9-19-041,Z9/19,2024-09-10,tomas-hejl,Tomáš Hejl,ANO 2011,Ano,Ano,822a0f473928628c,ano,,"39. Úrazová nemocnice v Brně – návrh na změnu účelu využití investičního příspěvku, návrh rozpočtového opatření",https://apl.brno.cz/protokoly-zmb/zmb-z9-19/20240910-41-35619.html
Z9-19-040,Z9/19,2024-09-10,tomas-hejl,Tomáš Hejl,ANO 2011,Ano,Ano,9f34b71a7a8d87d6,ano,,"38. Kancelář architekta města Brna, příspěvková organizace – návrh na změnu účelu využití části účelového investičního příspěvku, návrh rozpočtového opatření",https://apl.brno.cz/protokoly-zmb/zmb-z9-19/20240910-40-35589.html
Z9-19-043,Z9/19,2024-09-10,tomas-hejl,Tomáš Hejl,ANO 2011,Ano,Ano,d3ad4626c24d51e8,ano,,"41. Návrh na poskytnutí individuálních investičních dotací z rozpočtu města Brna společnosti Dopravní podnik města Brna, a. s., na přístřešky pro cestující, přístřešky u konečných stanic a zelené koleje – návrh rozpočtového opatření",https://apl.brno.cz/protokoly-zmb/zmb-z9-19/20240910-43-35745.html
Z9-19-042,Z9/19,2024-09-10,tomas-hejl,Tomáš Hejl,ANO 2011,Ano,Ano,ae017ba6aff2263d,ano,,"40. Realizace bezbariérových úprav – rekonstrukce a opravy komunikací, poskytnutí individuální investiční dotace společnosti Dopravní podnik města Brna, a. s., na úpravy zastávek Hluboká – návrh rozpočtového opatření",https://apl.brno.cz/protokoly-zmb/zmb-z9-19/20240910-42-35653.html
Z9-19-045,Z9/19,2024-09-10,tomas-hejl,Tomáš Hejl,ANO 2011,Ano,Ano,70c77951247c8f33,ano,,43. Návrh na poskytnutí individuální investiční dotace Diakonii ČCE – středisko v Brně na projekt Rekonstrukce budovy pro Chráněné bydlení Ovečka pro lidi s duševním onemocněním – návrh rozpočtového opatření,https://apl.brno.cz/protokoly-zmb/zmb-z9-19/20240910-45-35815.html
Z9-19-044,Z9/19,2024-09-10,tomas-hejl,Tomáš Hejl,ANO 2011,Ano,Ano,fa1b7b6e746b8150,ano,,"42. Návrh na poskytnutí individuální investiční dotace z rozpočtu města Brna společnosti Dopravní podnik města Brna, a. s., na nezbytná provizorní opatření k zachování provozu ve vozovně Komín – návrh rozpočtového opatření",https://apl.brno.cz/protokoly-zmb/zmb-z9-19/20240910-44-35781.html
Z9-19-046,Z9/19,2024-09-10,tomas-hejl,Tomáš Hejl,ANO 2011,Ano,Ano,9b171f8afdf6fd47,ano,,"44. Návrh na poskytnutí investičního příspěvku Domovu pro seniory Mikuláškovo nám., příspěvkové organizaci, z dědictví – návrh rozpočtového opatření",https://apl.brno.cz/protokoly-zmb/zmb-z9-19/20240910-46-35848.html
Z9-19-047,Z9/19,2024-09-10,tomas-hejl,Tomáš Hejl,ANO 2011,Ano,Ano,ccf156b75eacc870,ano,,"45. Návrh na změnu účelu využití účelového neinvestičního příspěvku Centra experimentálního divadla, příspěvkové organizace",https://apl.brno.cz/protokoly-zmb/zmb-z9-19/20240910-47-35879.html
Z9-19-048,Z9/19,2024-09-10,tomas-hejl,Tomáš Hejl,ANO 2011,Ano,Ano,fd23b26fd7645a8b,ano,,"46. Návrh na poskytnutí peněžitého daru do majetku Sociálního nadačního fondu, návrh rozpočtového opatření",https://apl.brno.cz/protokoly-zmb/zmb-z9-19/20240910-48-35908.html
Z9-19-049,Z9/19,2024-09-10,tomas-hejl,Tomáš Hejl,ANO 2011,Ano,Ano,e008579cde970377,ano,,47. Návrh na poskytnutí peněžitého daru Nadačnímu fondu Josefů K. – návrh rozpočtového opatření,https://apl.brno.cz/protokoly-zmb/zmb-z9-19/20240910-49-35937.html
Z9-19-050,Z9/19,2024-09-10,tomas-hejl,Tomáš Hejl,ANO 2011,Ano,Ano,90077461dc2ea1f4,ano,,"48. Návrh navýšení poskytnuté dotace, návrh Dodatku č. 1 ke Smlouvě o poskytnutí dotace spolku Divadlo Líšeň, z. s., na ""Celoroční činnost Divadla Líšeň"" – návrh rozpočtového opatření",https://apl.brno.cz/protokoly-zmb/zmb-z9-19/20240910-50-35971.html
Z9-19-052,Z9/19,2024-09-10,tomas-hejl,Tomáš Hejl,ANO 2011,Ano,Ano,fdb5c6509758dd78,ano,,50. Návrh na poskytnutí individuální neinvestiční dotace Nadačnímu fondu regionální fotbalové Akademie Jihomoravského kraje na zabezpečení činnosti fotbalové akademie ve školním roce 2024/2025,https://apl.brno.cz/protokoly-zmb/zmb-z9-19/20240910-52-36054.html
Z9-19-051,Z9/19,2024-09-10,tomas-hejl,Tomáš Hejl,ANO 2011,Ano,Ano,21d2314e776701ba,ano,,49. Návrh na poskytnutí neinvestičních dotací na podporu pravidelné sportovní činnosti dospělých v roce 2024,https://apl.brno.cz/protokoly-zmb/zmb-z9-19/20240910-51-36018.html
Z9-19-053,Z9/19,2024-09-10,tomas-hejl,Tomáš Hejl,ANO 2011,Ano,Ano,f42fd5c7609408e7,ano,,51. Návrh na poskytnutí individuální neinvestiční dotace společnosti vkkpbrno.cz s. r. o. na podporu vrcholového sportu na období 07-12/2024 – návrh rozpočtového opatření,https://apl.brno.cz/protokoly-zmb/zmb-z9-19/20240910-53-36096.html
Z9-19-054,Z9/19,2024-09-10,tomas-hejl,Tomáš Hejl,ANO 2011,Ano,Ano,7adf13d1eb89465a,ano,,"52. Návrh na poskytnutí individuální neinvestiční dotace spolku Malý fotbal Brno, z. s., na projekt „Podpora činnosti trenérů a animátorů pohybových aktivit na ZŠ“ v období 09/2024–01/2025 – návrh rozpočtového opatření",https://apl.brno.cz/protokoly-zmb/zmb-z9-19/20240910-54-36128.html
Z9-19-055,Z9/19,2024-09-10,tomas-hejl,Tomáš Hejl,ANO 2011,Ano,Ano,c1b9a884078a8c9f,ano,,"53. Návrh na poskytnutí individuální neinvestiční dotace spolku Trenéři ve škole, z. s., na realizaci projektu „Trenéři ve škole“ v období 09/2024-01/2025 – návrh rozpočtového opatření",https://apl.brno.cz/protokoly-zmb/zmb-z9-19/20240910-55-36161.html
Z9-19-056,Z9/19,2024-09-10,tomas-hejl,Tomáš Hejl,ANO 2011,Ano,Ano,18ea77dd5f23e221,ano,,"54. Návrh na poskytnutí individuální investiční dotace spolku Hroch, z. s., na realizaci projektu „Výstavba 2 hřišť pro mládežnický baseball a softbal – vynětí pozemků pod sportovištěm ze zemědělského půdního fondu“ – návrh rozpočtového opatření",https://apl.brno.cz/protokoly-zmb/zmb-z9-19/20240910-56-36200.html
Z9-19-057,Z9/19,2024-09-10,tomas-hejl,Tomáš Hejl,ANO 2011,Ano,Ano,056c468c0db2176c,ano,,"55. Návrh na poskytnutí individuální neinvestiční dotace Provincii kapucínů v ČR na akci ""Stavební úpravy podlahového souvrství Kapucínské hrobky"", návrh rozpočtového opatření",https://apl.brno.cz/protokoly-zmb/zmb-z9-19/20240910-57-36232.html
Z9-19-058,Z9/19,2024-09-10,tomas-hejl,Tomáš Hejl,ANO 2011,Ano,Ano,e6d1b974ab79a51d,ano,,56. Návrh poskytnutí individuální neinvestiční dotace společnosti Make More s. r. o. na organizaci celosvětové konference FAB2025.cz - návrh rozpočtového opatření,https://apl.brno.cz/protokoly-zmb/zmb-z9-19/20240910-58-36264.html
Z9-19-059,Z9/19,2024-09-10,tomas-hejl,Tomáš Hejl,ANO 2011,Ano,Ano,2131942ca38375b1,ano,,"57. Návrh na poskytnutí finančního daru spolku BRNĚNSKÉ CENTRUM SPORTOVNÍCH NADĚJÍ, z. s., na podporu brněnských talentovaných sportovců v sezóně 2024/2025 – návrh rozpočtového opatření",https://apl.brno.cz/protokoly-zmb/zmb-z9-19/20240910-59-36302.html
Z9-19-060,Z9/19,2024-09-10,tomas-hejl,Tomáš Hejl,ANO 2011,Ano,Ano,dc2fbc5317a6e2db,ano,,"58. Návrh na uzavření dodatku č. 1 ke Smlouvě č. 5124093149 o poskytnutí neinvestiční dotace spolku Talent sport Brno, z. s.",https://apl.brno.cz/protokoly-zmb/zmb-z9-19/20240910-60-36332.html
Z9-19-062,Z9/19,2024-09-10,tomas-hejl,Tomáš Hejl,ANO 2011,Ano,Ano,9e558d050063fd55,ano,,"60. Návrh Dodatku č. 1 ke smlouvě č. 1524092417 o poskytnutí programové neinvestiční dotace z rozpočtu města Brna Bloomfield s. r. o. na projekt „Brno Bold – platforma pro grafické designéry“ v rámci dotačního programu Pro Kreativní Brno, 5. etapa",https://apl.brno.cz/protokoly-zmb/zmb-z9-19/20240910-62-36438.html
Z9-19-061,Z9/19,2024-09-10,tomas-hejl,Tomáš Hejl,ANO 2011,Ano,Ano,b6b3554154bf9af2,ano,,59. Návrh dodatku č. 1 ke Smlouvě o poskytnutí neinvestiční dotace č. 7224090889 - Dům pro Julii z. ú. - návrh rozpočtového opatření,https://apl.brno.cz/protokoly-zmb/zmb-z9-19/20240910-61-36403.html
Z9-19-063,Z9/19,2024-09-10,tomas-hejl,Tomáš Hejl,ANO 2011,Ano,Ano,94a1ba59d5e477b1,ano,,"61. Žádost o souhlas se změnou obsahu projektu ""Výroba 3D exponátů pro Nadační fond Mehrin"" – Nadační fond MEHRIN",https://apl.brno.cz/protokoly-zmb/zmb-z9-19/20240910-63-36539.html
Z9-19-064,Z9/19,2024-09-10,tomas-hejl,Tomáš Hejl,ANO 2011,Ano,Ano,bc675c658f58a2f9,ano,,"62. Žádost o souhlas se změnou obsahu projektu ""Obrana Brna ve scénických obrazech II s motion komiksem"" – Spolek přátel Raduit de Souches",https://apl.brno.cz/protokoly-zmb/zmb-z9-19/20240910-64-36570.html
Z9-19-066,Z9/19,2024-09-10,tomas-hejl,Tomáš Hejl,ANO 2011,Ano,Ano,ad553f46297e1b04,ano,,64. Finanční prostředky Fondu kofinancování projektů – září 2024 – návrh rozpočtových opatření,https://apl.brno.cz/protokoly-zmb/zmb-z9-19/20240910-66-36626.html
Z9-19-065,Z9/19,2024-09-10,tomas-hejl,Tomáš Hejl,ANO 2011,Ano,Ano,a54a1cbc72d100ce,ano,,63. Projekty financované z Fondu kofinancování projektů – září 2024 – návrh rozpočtového opatření,https://apl.brno.cz/protokoly-zmb/zmb-z9-19/20240910-65-36597.html
Z9-19-067,Z9/19,2024-09-10,tomas-hejl,Tomáš Hejl,ANO 2011,Ano,Ano,e9c69f9a9458d68a,ano,,65. Zapojení Fondu kofinancování projektů v souvislosti s poskytnutím neinvestičních transferů městské části Brno-Židenice – návrh rozpočtového opatření,https://apl.brno.cz/protokoly-zmb/zmb-z9-19/20240910-67-36655.html
Z9-19-069,Z9/19,2024-09-10,tomas-hejl,Tomáš Hejl,ANO 2011,Ano,Ano,e77ce4ec0146376f,ano,,"67. Projekt ""Revitalizace Holáseckých jezer"" – posouzení projektu",https://apl.brno.cz/protokoly-zmb/zmb-z9-19/20240910-69-36855.html
Z9-19-068,Z9/19,2024-09-10,tomas-hejl,Tomáš Hejl,ANO 2011,Ano,Ano,02b3e64ca8084b79,ano,,"66. Projekt ""Výměna svítidel a zateplení půdního prostoru v ZŠ Slovanské nám. 2"" – posouzení projektu",https://apl.brno.cz/protokoly-zmb/zmb-z9-19/20240910-68-36683.html
Z9-19-070,Z9/19,2024-09-10,tomas-hejl,Tomáš Hejl,ANO 2011,Ano,Ano,2cdac6f911be60e1,ano,,"68. Projekt ""Rekonstrukce asfaltových cest na Ústředním hřbitově města Brna"" – rozhodnutí o poskytnutí dotace",https://apl.brno.cz/protokoly-zmb/zmb-z9-19/20240910-70-36886.html
Z9-19-071,Z9/19,2024-09-10,tomas-hejl,Tomáš Hejl,ANO 2011,Ano,Ano,643e49779769164b,ano,,"69. Projekt ""Rekonstrukce parkové plochy u ZŠ Jana Babáka"" – rozhodnutí o poskytnutí dotace",https://apl.brno.cz/protokoly-zmb/zmb-z9-19/20240910-71-36914.html
Z9-19-072,Z9/19,2024-09-10,tomas-hejl,Tomáš Hejl,ANO 2011,Ano,Ano,43384e01ed54d799,ano,,"70. Projekty ""Pořízení cisternové automobilové stříkačky pro JSDH – pro rok 2024"" – návrhy smluv o poskytnutí dotace",https://apl.brno.cz/protokoly-zmb/zmb-z9-19/20240910-72-36944.html
Z9-19-075,Z9/19,2024-09-10,tomas-hejl,Tomáš Hejl,ANO 2011,Ano,Ano,be504171ccd2815c,ano,,"73. Návrh vzorové dohody o narovnání s bezúplatným převodem spoluvlastnických podílů města na b. j. domu č. p. 2072, k. ú. Řečkovice, členům družstva Cihelna, s adresným záměrem prodeje částí pozemků p. č. 799/1. 815/1, 940/1, k. ú. Řečkovice",https://apl.brno.cz/protokoly-zmb/zmb-z9-19/20240910-75-37051.html
Z9-19-074,Z9/19,2024-09-10,tomas-hejl,Tomáš Hejl,ANO 2011,Ano,Ano,2707ab6f0bbd5b74,ano,,"72. Návrh Dodatku č. 1 ke Smlouvě o poskytnutí individuální investiční dotace Realitní společnosti města Brna a. s. na zajištění předprojekční přípravy pro pilotní projekt „Dostupné družstevní bydlení – stávající domy, Mostecká 16“",https://apl.brno.cz/protokoly-zmb/zmb-z9-19/20240910-74-37010.html
Z9-19-073,Z9/19,2024-09-10,tomas-hejl,Tomáš Hejl,ANO 2011,Ano,Ano,0770a2d0c9f4cea7,ano,,"71. Projekt „Podpora rozvoje a dostupnosti zdravotní následné péče v Úrazové nemocnici v Brně“ – posouzení projektu, návrh na?poskytnutí návratné finanční výpomoci, návrh rozpočtového opatření",https://apl.brno.cz/protokoly-zmb/zmb-z9-19/20240910-73-36978.html
Z9-19-076,Z9/19,2024-09-10,tomas-hejl,Tomáš Hejl,ANO 2011,Ano,Ano,696da3d3d234c628,ano,,"74. Návrh vzorové dohody o narovnání s bezúplatným převodem spoluvlastnických podílů města na bytových jednotkách bytového domu č. p. 729, k. ú. Žebětín, členům Bytového družstva Za Kněžským Hájkem",https://apl.brno.cz/protokoly-zmb/zmb-z9-19/20240910-76-37089.html
Z9-19-077,Z9/19,2024-09-10,tomas-hejl,Tomáš Hejl,ANO 2011,Ano,Ano,04261e6982a0b7bf,ano,,Body č. 75-77,https://apl.brno.cz/protokoly-zmb/zmb-z9-19/20240910-77-37129.html
Z9-19-080,Z9/19,2024-09-10,tomas-hejl,Tomáš Hejl,ANO 2011,Ano,Ano,51c16c88c83db8c7,ano,,"83. Záměr prodeje volné vymezené bytové jednotky č. 1911/5 v domě Purkyňova 1, 3, 5, 7, Brno",https://apl.brno.cz/protokoly-zmb/zmb-z9-19/20240910-80-37279.html
Z9-19-078,Z9/19,2024-09-10,tomas-hejl,Tomáš Hejl,ANO 2011,Ano,Ano,23719d84dcb654e7,ano,,Body č. 78-82,https://apl.brno.cz/protokoly-zmb/zmb-z9-19/20240910-78-37185.html
Z9-19-081,Z9/19,2024-09-10,tomas-hejl,Tomáš Hejl,ANO 2011,Ano,Ano,b9f33081efe3c70f,ano,,"84. Návrh prodeje podílu na pozemku p. č. 8342, k. ú. Židenice, pod bytovým domem Velkopavlovická 4072/7 v Brně",https://apl.brno.cz/protokoly-zmb/zmb-z9-19/20240910-81-37312.html
Z9-19-082,Z9/19,2024-09-10,tomas-hejl,Tomáš Hejl,ANO 2011,Ano,Ano,2b8b306754388677,ano,,"85. Návrh na neudělení výjimky ze Statutu startovacího bytu, který je přílohou č. 2 Pravidel pronájmu bytů v domech v majetku statutárního města Brna, nájemcům startovacího bytu č. 4.3 v domě Valchařská 1667/14, Brno",https://apl.brno.cz/protokoly-zmb/zmb-z9-19/20240910-82-37345.html
Z9-19-084,Z9/19,2024-09-10,tomas-hejl,Tomáš Hejl,ANO 2011,Ano,Ano,ff27fcc3c2e076b9,ano,,"87. Návrh na uzavření dohody o splátkách dluhu z nájmu bytu č. 2.2 v domě Valchařská 14, Brno",https://apl.brno.cz/protokoly-zmb/zmb-z9-19/20240910-84-37399.html
Z9-19-083,Z9/19,2024-09-10,tomas-hejl,Tomáš Hejl,ANO 2011,Ano,Ano,bb4b19b19b168256,ano,,"86. Návrh na uzavření dohody o splátkách dluhu z nájmu bytu č. 14 v domě Podnásepní 2, Brno",https://apl.brno.cz/protokoly-zmb/zmb-z9-19/20240910-83-37371.html
Z9-19-085,Z9/19,2024-09-10,tomas-hejl,Tomáš Hejl,ANO 2011,Ano,Ano,18f9748369e5855c,ano,,"88. Návrh na uzavření dohody o splátkách dluhu z nájmu bytu č. 22 v domě Vlhká 4, Brno",https://apl.brno.cz/protokoly-zmb/zmb-z9-19/20240910-85-37427.html
Z9-19-086,Z9/19,2024-09-10,tomas-hejl,Tomáš Hejl,ANO 2011,Ano,Ano,669793d06b73d94f,ano,,"89. Návrh na uzavření dohody o splátkách dluhu z nájmu sociálního bytu č. 5 v domě Vlhká 22, Brno",https://apl.brno.cz/protokoly-zmb/zmb-z9-19/20240910-86-37455.html
Z9-19-087,Z9/19,2024-09-10,tomas-hejl,Tomáš Hejl,ANO 2011,Ano,Ano,6ce5f3f5f588b800,ano,,"90. Žádost společnosti WolfGangconcept s. r. o. o odpuštění části nájemného za užívání nebytových prostor v budově Radnická 6 a 8, k. ú. Město Brno",https://apl.brno.cz/protokoly-zmb/zmb-z9-19/20240910-87-37489.html
Z9-19-088,Z9/19,2024-09-10,tomas-hejl,Tomáš Hejl,ANO 2011,Ano,Ano,6f669974def66055,ano,,91. Návrh na slevu z nájemného z nájemní smlouvy č. 6312032822 - var. A,https://apl.brno.cz/protokoly-zmb/zmb-z9-19/20240910-88-37552.html
Z9-19-090,Z9/19,2024-09-10,tomas-hejl,Tomáš Hejl,ANO 2011,Ano,Ano,10302b0df30edb26,ano,,93. Návrh souhlasného prohlášení o uznání vlastnického práva statutárního města Brna k pozemku a stavbě v k. ú. Černovice,https://apl.brno.cz/protokoly-zmb/zmb-z9-19/20240910-90-37611.html
Z9-19-089,Z9/19,2024-09-10,tomas-hejl,Tomáš Hejl,ANO 2011,Ano,Ano,0760927760c73ae1,ano,,92. Návrh na udělení předchozího souhlasu s uzavřením dohody o změně části hranice městských částí Brno-Nový Lískovec a Brno-střed,https://apl.brno.cz/protokoly-zmb/zmb-z9-19/20240910-89-37580.html
Z9-19-091,Z9/19,2024-09-10,tomas-hejl,Tomáš Hejl,ANO 2011,Ano,Ano,61aaae2db9380e66,ano,,"94. Návrh zpeněžení pozemků p. č. 553/31, p. č. 553/43 a p. č. 553/68, vše v k. ú. Ivanovice, formou veřejné elektronické dobrovolné dražby",https://apl.brno.cz/protokoly-zmb/zmb-z9-19/20240910-91-37642.html
Z9-19-092,Z9/19,2024-09-10,tomas-hejl,Tomáš Hejl,ANO 2011,Ano,Ano,279810f49e43ce26,ano,,"95. Návrh zpeněžení pozemku p. č. 1124, jehož součástí je stavba – objekt k bydlení Pekařská 405/16, v k. ú. Staré Brno formou veřejné elektronické dobrovolné dražby",https://apl.brno.cz/protokoly-zmb/zmb-z9-19/20240910-92-37674.html
Z9-19-094,Z9/19,2024-09-10,tomas-hejl,Tomáš Hejl,ANO 2011,Ano,Ano,9d5b7741ff8a6f01,ano,,"96. Návrh prodeje pozemků p. č. 205/24, p. č. 205/25 a p. č. 205/30 k. ú. Lesná",https://apl.brno.cz/protokoly-zmb/zmb-z9-19/20240910-94-37775.html
Z9-19-095,Z9/19,2024-09-10,tomas-hejl,Tomáš Hejl,ANO 2011,Ano,Ano,9c604d6fbc743aac,ano,,97. Návrh prodeje pozemku p. č. 209/3 k. ú. Město Brno,https://apl.brno.cz/protokoly-zmb/zmb-z9-19/20240910-95-37805.html
Z9-19-096,Z9/19,2024-09-10,tomas-hejl,Tomáš Hejl,ANO 2011,Ano,Ano,7c9c10e9440d6f7a,ano,,Body č. 98-106,https://apl.brno.cz/protokoly-zmb/zmb-z9-19/20240910-96-40305.html
Z9-19-097,Z9/19,2024-09-10,tomas-hejl,Tomáš Hejl,ANO 2011,Ano,Ano,2a8a1021420ef0ca,ano,,"107. Návrh prodeje pozemků p. č. 656/8, 659/10 a 659/11 při ulici Hudcova v k. ú. Medlánky",https://apl.brno.cz/protokoly-zmb/zmb-z9-19/20240910-97-40331.html
Z9-19-098,Z9/19,2024-09-10,tomas-hejl,Tomáš Hejl,ANO 2011,Ano,Ano,6b73937a66b92abc,ano,,Body č. 108-112,https://apl.brno.cz/protokoly-zmb/zmb-z9-19/20240910-98-40360.html
Z9-19-100,Z9/19,2024-09-10,tomas-hejl,Tomáš Hejl,ANO 2011,Ano,Ano,f05688e6b079875b,ano,,114. Návrh nabytí vlastnictví k zapsaným a nezapsaným stavbám garáží postaveným na pozemku statutárního města Brna v rozvojové lokalitě při ul. Rybkova,https://apl.brno.cz/protokoly-zmb/zmb-z9-19/20240910-100-40435.html
Z9-19-099,Z9/19,2024-09-10,tomas-hejl,Tomáš Hejl,ANO 2011,Ano,Ano,a7380141a2a01e97,ano,,"113. Návrh prodeje id. 2/8 pozemků p. č. 2046 a p. č. 2047, oba v k. ú. Královo Pole za podmínky postoupení pohledávky městskou částí Brno-Královo Pole",https://apl.brno.cz/protokoly-zmb/zmb-z9-19/20240910-99-40400.html
Z9-19-101,Z9/19,2024-09-10,tomas-hejl,Tomáš Hejl,ANO 2011,Ano,Ano,a5a59b352a18e481,ano,,Body č. 115-119,https://apl.brno.cz/protokoly-zmb/zmb-z9-19/20240910-101-40491.html
Z9-19-102,Z9/19,2024-09-10,tomas-hejl,Tomáš Hejl,ANO 2011,Ano,Ano,4dcd6ceefa7dc29f,ano,,"120. Návrh nabytí pozemků p. č. 1223/23, p. č. 1223/29, p. č. 1229/33, p. č. 1229/34 a p. č. 1236/7, vše v k. ú. Kohoutovice",https://apl.brno.cz/protokoly-zmb/zmb-z9-19/20240910-102-40524.html
Z9-19-103,Z9/19,2024-09-10,tomas-hejl,Tomáš Hejl,ANO 2011,Ano,Ano,6772a021c04d2e77,ano,,Body č. 121-130,https://apl.brno.cz/protokoly-zmb/zmb-z9-19/20240910-103-40572.html
Z9-19-104,Z9/19,2024-09-10,tomas-hejl,Tomáš Hejl,ANO 2011,Ano,Ano,10ba13906e7ca6b3,ano,,"131. Návrh nabytí spoluvlastnických podílů k pozemkům p. č. 1323/131 a p. č. 2952/13 v k. ú. Černovice – návrh na změnu části usnesení Z9/13. zasedání ZMB, konaného dne 12. 12. 2023, bod č. 76",https://apl.brno.cz/protokoly-zmb/zmb-z9-19/20240910-104-40613.html
Z9-19-105,Z9/19,2024-09-10,tomas-hejl,Tomáš Hejl,ANO 2011,Ano,Ano,f7b5610688ba6559,ano,,"132. Návrh na zrušení usnesení Z8/40. zasedání ZMB konaného dne 6. 9. 2022, bod č. 185 a bod č. 207, návrh nabytí pozemků v k. ú. Soběšice",https://apl.brno.cz/protokoly-zmb/zmb-z9-19/20240910-105-40648.html
Z9-19-108,Z9/19,2024-09-10,tomas-hejl,Tomáš Hejl,ANO 2011,Ano,Ano,87b5720b3fc77e9c,ano,,"151. Nabídka předkupního práva ke stavbě č. e. 839, způsob využití rodinná rekreace, postavené na pozemku p. č. 1625 v k. ú. Jundrov - var. A",https://apl.brno.cz/protokoly-zmb/zmb-z9-19/20240910-108-40787.html
Z9-19-106,Z9/19,2024-09-10,tomas-hejl,Tomáš Hejl,ANO 2011,Ano,Ano,cc5278f972b5e2fa,ano,,Body č. 133-145,https://apl.brno.cz/protokoly-zmb/zmb-z9-19/20240910-106-40690.html
Z9-19-107,Z9/19,2024-09-10,tomas-hejl,Tomáš Hejl,ANO 2011,Ano,Ano,b75f099939879ba7,ano,,Body č. 146-150,https://apl.brno.cz/protokoly-zmb/zmb-z9-19/20240910-107-40735.html
Z9-19-109,Z9/19,2024-09-10,tomas-hejl,Tomáš Hejl,ANO 2011,Ano,Ano,ed645c11d72f807a,ano,,Body č. 152-158,https://apl.brno.cz/protokoly-zmb/zmb-z9-19/20240910-109-40843.html
Z9-19-110,Z9/19,2024-09-10,tomas-hejl,Tomáš Hejl,ANO 2011,Ano,Ano,30f6b56f967066bb,ano,,"159. Návrh směny nemovitých věcí v k. ú. Pisárky se společností STAREZ – SPORT, a. s., návrh na zřízení služebnosti",https://apl.brno.cz/protokoly-zmb/zmb-z9-19/20240910-110-40874.html
Z9-19-111,Z9/19,2024-09-10,tomas-hejl,Tomáš Hejl,ANO 2011,Ano,Ano,2900b24729f2f446,ano,,"160. Návrh směny pozemků v k. ú. Brněnské Ivanovice v areálu Městské policie Brno, za pozemky v k. ú.Dvorska v dostihovém areálu TJ Brno, Dvorska, z. s., a návrh prodeje pozemků v k. ú. Brněnské Ivanovice v areálu Městské policie Brno",https://apl.brno.cz/protokoly-zmb/zmb-z9-19/20240910-111-40909.html
Z9-19-112,Z9/19,2024-09-10,tomas-hejl,Tomáš Hejl,ANO 2011,Ano,Ano,2b46e7e63c6e7f5d,ano,,"161. Návrh budoucí směny části pozemku p. č. 740 a pozemku p. č. 741 za část pozemku p. č. 743, vše v k. ú. Horní Heršpice",https://apl.brno.cz/protokoly-zmb/zmb-z9-19/20240910-112-40946.html
Z9-19-113,Z9/19,2024-09-10,tomas-hejl,Tomáš Hejl,ANO 2011,Ano,Ano,767c870721eb629e,ano,,"162. Návrh svěření majetku města městské části Brno-Černovice, pozemků p. č. 506/22, p. č. 1691/101, p. č. 1691/103 k. ú. Černovice",https://apl.brno.cz/protokoly-zmb/zmb-z9-19/20240910-113-40981.html
Z9-19-114,Z9/19,2024-09-10,tomas-hejl,Tomáš Hejl,ANO 2011,Ano,Ano,87c8894acd68d441,ano,,"163. Návrh odnětí svěřeného majetku města městské části Brno-sever, pozemku p. č. 3362/3 v k. ú. Černá Pole",https://apl.brno.cz/protokoly-zmb/zmb-z9-19/20240910-114-41019.html
Z9-19-115,Z9/19,2024-09-10,tomas-hejl,Tomáš Hejl,ANO 2011,Ano,Ano,21b1c3644c76fdf0,ano,,"164. Návrh odnětí svěřeného majetku města městské části Brno-Starý Lískovec, pozemků v k. ú. Starý Lískovec",https://apl.brno.cz/protokoly-zmb/zmb-z9-19/20240910-115-41048.html
Z9-19-116,Z9/19,2024-09-10,tomas-hejl,Tomáš Hejl,ANO 2011,Ano,Ano,0b2284411f596183,ano,,165. Návrh Smlouvy o budoucí smlouvě kupní pro stavbu „RK – Nové chodníky Hviezdoslavova“,https://apl.brno.cz/protokoly-zmb/zmb-z9-19/20240910-116-41085.html
Z9-19-117,Z9/19,2024-09-10,tomas-hejl,Tomáš Hejl,ANO 2011,Ano,Ano,d13516c3c209f11f,ano,,166. Návrh smlouvy o právu umístění a provedení stavby s ujednáním o budoucí kupní smlouvě pro stavbu „Cyklotrasa Červený mlýn – Myslínova“,https://apl.brno.cz/protokoly-zmb/zmb-z9-19/20240910-117-41135.html
Z9-19-118,Z9/19,2024-09-10,tomas-hejl,Tomáš Hejl,ANO 2011,Nehlasoval,Nehlasoval,9d336d27c28d5519,ano,,167. Návrh Smlouvy o spolupráci při výstavbě veřejné infrastruktury „Habitas Bohunice“ - hlasování o stažení bodu,https://apl.brno.cz/protokoly-zmb/zmb-z9-19/20240910-118-41236.html
Z9-19-119,Z9/19,2024-09-10,tomas-hejl,Tomáš Hejl,ANO 2011,Zdržel se,Zdržel se,4485fdf6272daedd,ano,,167. Návrh Smlouvy o spolupráci při výstavbě veřejné infrastruktury „Habitas Bohunice“ - hlasování o stažení bodu,https://apl.brno.cz/protokoly-zmb/zmb-z9-19/20240910-119-41801.html
Z9-19-120,Z9/19,2024-09-10,tomas-hejl,Tomáš Hejl,ANO 2011,Ano,Ano,eab1b4a88b7d800c,ano,,167. Návrh Smlouvy o spolupráci při výstavbě veřejné infrastruktury „Habitas Bohunice“,https://apl.brno.cz/protokoly-zmb/zmb-z9-19/20240910-120-41840.html
Z9-19-121,Z9/19,2024-09-10,tomas-hejl,Tomáš Hejl,ANO 2011,Ano,Ano,1378a152cc8e60c7,ano,,168. Návrh Smlouvy o spolupráci při výstavbě veřejné infrastruktury „VITALITY RESORT LÁNY“,https://apl.brno.cz/protokoly-zmb/zmb-z9-19/20240910-121-41870.html
Z9-19-122,Z9/19,2024-09-10,tomas-hejl,Tomáš Hejl,ANO 2011,Ano,Ano,a416c03dbb710329,ano,,169. Návrh Dodatku č. 1 ke Smlouvě o výstavbě veřejné infrastruktury „CENTRUM VÍDEŇSKÁ“,https://apl.brno.cz/protokoly-zmb/zmb-z9-19/20240910-122-41900.html
Z9-19-124,Z9/19,2024-09-10,tomas-hejl,Tomáš Hejl,ANO 2011,Ano,Ano,f7c8d4cd7e81ebdb,ano,,171. Návrh Dodatku č. 2 ke Smlouvě o spolupráci při výstavbě veřejné infrastruktury „Bytový dům Havlenova“,https://apl.brno.cz/protokoly-zmb/zmb-z9-19/20240910-124-41958.html
Z9-19-123,Z9/19,2024-09-10,tomas-hejl,Tomáš Hejl,ANO 2011,Ano,Ano,047f440e3b40b24e,ano,,"170. Návrh Dodatku č. 1 ke Smlouvě o spolupráci při výstavbě veřejné infrastruktury „Rezidence Pod Lesem, Brno – Žebětín“ a návrh Dodatku č. 1 k Zástavní smlouvě k nemovité věci.",https://apl.brno.cz/protokoly-zmb/zmb-z9-19/20240910-123-41930.html
Z9-19-125,Z9/19,2024-09-10,tomas-hejl,Tomáš Hejl,ANO 2011,Ano,Ano,c798ddcafb264cae,ano,,172. Návrh Dodatku č. 1 ke Smlouvě o výstavbě veřejné infrastruktury „Rezidence Svratka“,https://apl.brno.cz/protokoly-zmb/zmb-z9-19/20240910-125-41986.html
Z9-19-126,Z9/19,2024-09-10,tomas-hejl,Tomáš Hejl,ANO 2011,Ano,Ano,f4523ec4acb5a0ce,ano,,173. Návrh Dodatku č. 3 ke Smlouvě o výstavbě veřejné infrastruktury „Soubor staveb Západní brána Brno“,https://apl.brno.cz/protokoly-zmb/zmb-z9-19/20240910-126-42015.html
Z9-19-127,Z9/19,2024-09-10,tomas-hejl,Tomáš Hejl,ANO 2011,Ano,Ano,431614c287949a9d,ano,,"174. Návrh navýšení poskytnuté dotace, návrh Dodatku č. 1 ke Smlouvě o poskytnutí dotace spolku aTRIUM, z. s., na činnost ""Třináctá abonentní sezóna souboru Brno ContemporaryOrchestra"" – návrh rozpočtového opatření",https://apl.brno.cz/protokoly-zmb/zmb-z9-19/20240910-127-42061.html
Z9-21-001,Z9/21,2024-11-12,tomas-hejl,Tomáš Hejl,ANO 2011,Ano,Ano,e8588dde1838c8b5,ano,,"1. Technický bod (zapisovatelé, právní asistence, ověřovatelé zápisu, schválení programu zasedání ZMB) - ověřovatelé zápisu",https://apl.brno.cz/protokoly-zmb/zmb-z9-21/20241112-1-29702.html
Z9-21-002,Z9/21,2024-11-12,tomas-hejl,Tomáš Hejl,ANO 2011,Ano,Ano,2247ab15320647ae,ano,,"1. Technický bod (zapisovatelé, právní asistence, ověřovatelé zápisu, schválení programu zasedání ZMB) - program - hlasování o stažení bodu č. 7, 33",https://apl.brno.cz/protokoly-zmb/zmb-z9-21/20241112-2-29902.html
Z9-21-003,Z9/21,2024-11-12,tomas-hejl,Tomáš Hejl,ANO 2011,Nehlasoval,Nehlasoval,68d6a2ca6b3c6ee1,ano,,"1. Technický bod (zapisovatelé, právní asistence, ověřovatelé zápisu, schválení programu zasedání ZMB) - program - hlasování o zařazení bodu č. 105",https://apl.brno.cz/protokoly-zmb/zmb-z9-21/20241112-3-29938.html
Z9-21-004,Z9/21,2024-11-12,tomas-hejl,Tomáš Hejl,ANO 2011,Zdržel se,Zdržel se,7c9774f89771cd29,ano,,"1. Technický bod (zapisovatelé, právní asistence, ověřovatelé zápisu, schválení programu zasedání ZMB) - program - hlasování o zařazení bodu - Vozovna Komín – odborný posudek soudního znalce",https://apl.brno.cz/protokoly-zmb/zmb-z9-21/20241112-4-30026.html
Z9-21-005,Z9/21,2024-11-12,tomas-hejl,Tomáš Hejl,ANO 2011,Ano,Ano,d7de4a88ca7493c6,ano,,"1. Technický bod (zapisovatelé, právní asistence, ověřovatelé zápisu, schválení programu zasedání ZMB) - program",https://apl.brno.cz/protokoly-zmb/zmb-z9-21/20241112-5-30079.html
Z9-21-007,Z9/21,2024-11-12,tomas-hejl,Tomáš Hejl,ANO 2011,Ano,Ano,8383c7ad9f6718d6,ano,,"6. Návrh obecně závazné vyhlášky, kterou se mění obecně závazná vyhláška statutárního města Brna č. 15/2007 o ochraně zeleně v městě Brně, ve znění pozdějších vyhlášek",https://apl.brno.cz/protokoly-zmb/zmb-z9-21/20241112-7-30324.html
Z9-21-006,Z9/21,2024-11-12,tomas-hejl,Tomáš Hejl,ANO 2011,Ano,Ano,94dd5561de678f49,ano,,5. Návrh harmonogramu zasedání Zastupitelstva města Brna v roce 2025,https://apl.brno.cz/protokoly-zmb/zmb-z9-21/20241112-6-30285.html
Z9-21-008,Z9/21,2024-11-12,tomas-hejl,Tomáš Hejl,ANO 2011,Ano,Ano,1615575433fc9199,ano,,"8. Návrh aktualizace dokumentu ""Energetická politika statutárního města Brna"" a návrh dokumentu ""Směrnice energetického managementu dle ČSN EN ISO 50001""",https://apl.brno.cz/protokoly-zmb/zmb-z9-21/20241112-8-30637.html
Z9-21-009,Z9/21,2024-11-12,tomas-hejl,Tomáš Hejl,ANO 2011,Ano,Ano,d7c8fc607c485380,ano,,9. Výsledky hospodaření statutárního města Brna za I.–III. čtvrtletí roku 2024,https://apl.brno.cz/protokoly-zmb/zmb-z9-21/20241112-9-31264.html
Z9-21-012,Z9/21,2024-11-12,tomas-hejl,Tomáš Hejl,ANO 2011,Ano,Ano,502297bf770dc493,ano,,"11. Návrh rozpočtového opatření na pokrytí zvýšených nákladů na energie, návrh na poskytnutí účelových neinvestičních příspěvků",https://apl.brno.cz/protokoly-zmb/zmb-z9-21/20241112-12-32491.html
Z9-21-011,Z9/21,2024-11-12,tomas-hejl,Tomáš Hejl,ANO 2011,Ano,Ano,3b5aff89fe551cff,ano,,"10. Návrh příjmů, které město Brno postoupí v roce 2025 do rozpočtů městských částí",https://apl.brno.cz/protokoly-zmb/zmb-z9-21/20241112-11-31704.html
Z9-21-013,Z9/21,2024-11-12,tomas-hejl,Tomáš Hejl,ANO 2011,Ano,Ano,2846fcdd79c11ba0,ano,,12. Návrh na přesun výdajů v rámci rozpočtu Odboru sportu MMB v roce 2024 – návrh rozpočtového opatření,https://apl.brno.cz/protokoly-zmb/zmb-z9-21/20241112-13-32530.html
Z9-21-014,Z9/21,2024-11-12,tomas-hejl,Tomáš Hejl,ANO 2011,Ano,Ano,1b7d90c9c05668d3,ano,,13. Návrh rozpočtového opatření – přesun mezi výdaji v rámci rozpočtu Odboru životního prostředí Magistrátu města Brna,https://apl.brno.cz/protokoly-zmb/zmb-z9-21/20241112-14-32570.html
Z9-21-015,Z9/21,2024-11-12,tomas-hejl,Tomáš Hejl,ANO 2011,Ano,Ano,fcb73fc7dabfd770,ano,,14. Návrh na přesun mezi běžnými a kapitálovými výdaji v rámci rozpočtu Odboru kultury MMB v souvislosti s činností expertní skupiny (varhany) – návrh rozpočtového opatření,https://apl.brno.cz/protokoly-zmb/zmb-z9-21/20241112-15-32609.html
Z9-21-017,Z9/21,2024-11-12,tomas-hejl,Tomáš Hejl,ANO 2011,Ano,Ano,0a6f2bb437f0cfdb,ano,,"15. Přesun běžných a kapitálových výdajů v rámci rozpočtu Odboru správy majetku MMB, návrh rozpočtového opatření",https://apl.brno.cz/protokoly-zmb/zmb-z9-21/20241112-17-32713.html
Z9-21-018,Z9/21,2024-11-12,tomas-hejl,Tomáš Hejl,ANO 2011,Ano,Ano,7d3b1091e5e77987,ano,,"16. Zapojení vyšších příjmů a přesun běžných výdajů v rámci rozpočtu Odboru správy majetku MMB, návrh rozpočtového opatření",https://apl.brno.cz/protokoly-zmb/zmb-z9-21/20241112-18-32745.html
Z9-21-019,Z9/21,2024-11-12,tomas-hejl,Tomáš Hejl,ANO 2011,Ano,Ano,25a44bba26d6c68d,ano,,17. Zapojení příjmů k financování běžných výdajů Odboru vnitřních věcí MMB v roce 2024 – návrh rozpočtového opatření,https://apl.brno.cz/protokoly-zmb/zmb-z9-21/20241112-19-32822.html
Z9-21-020,Z9/21,2024-11-12,tomas-hejl,Tomáš Hejl,ANO 2011,Ano,Ano,27ee7a2d2677ba87,ano,,18. Návrh rozpočtového opatření – přesun běžných výdajů rozpočtu Kanceláře marketingu a cestovního ruchu MMB,https://apl.brno.cz/protokoly-zmb/zmb-z9-21/20241112-20-32855.html
Z9-21-022,Z9/21,2024-11-12,tomas-hejl,Tomáš Hejl,ANO 2011,Ano,Ano,afe97955d604e9c8,ano,,20. Aktualizace rozpočtu běžných a kapitálových výdajů Odboru dopravy MMB – listopad 2024 – návrh rozpočtového opatření,https://apl.brno.cz/protokoly-zmb/zmb-z9-21/20241112-22-32988.html
Z9-21-021,Z9/21,2024-11-12,tomas-hejl,Tomáš Hejl,ANO 2011,Ano,Ano,3ecac20064426bcb,ano,,19. Aktualizace rozpočtu Odboru investičního MMB – listopad 2024 - návrh rozpočtového opatření,https://apl.brno.cz/protokoly-zmb/zmb-z9-21/20241112-21-32886.html
Z9-21-023,Z9/21,2024-11-12,tomas-hejl,Tomáš Hejl,ANO 2011,Ano,Ano,230b3ada47f980b4,ano,,21. Aktualizace očekávaného čerpání rozpočtu kapitálových výdajů Odboru školství a mládeže MMB v roce 2024 – návrh rozpočtového opatření,https://apl.brno.cz/protokoly-zmb/zmb-z9-21/20241112-23-33015.html
Z9-21-024,Z9/21,2024-11-12,tomas-hejl,Tomáš Hejl,ANO 2011,Ano,Ano,a7e9d3558e4e3d56,ano,,"22. Tvorba Fondu rezerv a rozvoje z nedočerpaných výdajů rozpočtu Městské policie Brno na rok 2024, návrh rozpočtového opatření",https://apl.brno.cz/protokoly-zmb/zmb-z9-21/20241112-24-33046.html
Z9-21-026,Z9/21,2024-11-12,tomas-hejl,Tomáš Hejl,ANO 2011,Ano,Ano,30c1d69384c6ecc6,ano,,24. Zapojení Fondu rezerv a rozvoje v souvislosti s poskytnutím individuální neinvestiční dotace Žabiny s. r. o. na zabezpečení účasti týmu BK Žabiny v soutěži EuroLeague Women v ročníku 2024/2025 – návrh rozpočtového opatření,https://apl.brno.cz/protokoly-zmb/zmb-z9-21/20241112-26-33258.html
Z9-21-025,Z9/21,2024-11-12,tomas-hejl,Tomáš Hejl,ANO 2011,Ano,Ano,848d3548d3df7323,ano,,23. Zapojení Fondu rezerv a rozvoje do rozpočtu Odboru vnitřních věcí MMB v souvislosti s realizací představení – návrh rozpočtového opatření,https://apl.brno.cz/protokoly-zmb/zmb-z9-21/20241112-25-33227.html
Z9-21-027,Z9/21,2024-11-12,tomas-hejl,Tomáš Hejl,ANO 2011,Ano,Ano,9f44b945c7f43bd1,ano,,"25. Zapojení Fondu rezerv a rozvoje v souvislosti s předfinancováním doplatku grantu v souladu s Dodatkem č. 1 ke grantové dohodě pro projekt s více příjemci v rámci programu ERASMUS+, návrh rozpočtového opatření",https://apl.brno.cz/protokoly-zmb/zmb-z9-21/20241112-27-33290.html
Z9-21-028,Z9/21,2024-11-12,tomas-hejl,Tomáš Hejl,ANO 2011,Ano,Ano,c8d3150db50c7107,ano,,26. Návrh na poskytnutí investičních dotací v rámci dotačního programu Podpora vytváření zelených střech,https://apl.brno.cz/protokoly-zmb/zmb-z9-21/20241112-28-33320.html
Z9-21-029,Z9/21,2024-11-12,tomas-hejl,Tomáš Hejl,ANO 2011,Ano,Ano,115f490cce4e6047,ano,,"27. Návrh na poskytnutí investičního transferu městské části Brno-Černovice na realizaci zelené střechy na sociálním domě Charbulova 86, návrh rozpočtového opatření",https://apl.brno.cz/protokoly-zmb/zmb-z9-21/20241112-29-33356.html
Z9-21-030,Z9/21,2024-11-12,tomas-hejl,Tomáš Hejl,ANO 2011,Ano,Ano,5ec15020230b0848,ano,,"28. Návrh na poskytnutí investičního transferu městské části Brno-Židenice na realizaci zelené střechy na škole na adrese Filipínského 1, návrh rozpočtového opatření",https://apl.brno.cz/protokoly-zmb/zmb-z9-21/20241112-30-33384.html
Z9-21-031,Z9/21,2024-11-12,tomas-hejl,Tomáš Hejl,ANO 2011,Ano,Ano,ccc788e226d34c09,ano,,29. Návrh na poskytnutí neinvestičních příspěvků základním školám na zajištění vzdělávacího projektu Příběhy našich sousedů – návrh rozpočtového opatření,https://apl.brno.cz/protokoly-zmb/zmb-z9-21/20241112-31-33416.html
Z9-21-032,Z9/21,2024-11-12,tomas-hejl,Tomáš Hejl,ANO 2011,Ano,Ano,120cf37d6f547971,ano,,30. Návrh na poskytnutí neinvestičních dotací dle dotačního programu na podporu projektů ke 130. výročí narození architekta Bohuslava Fuchse na roky 2024–2025 – návrh rozpočtového opatření,https://apl.brno.cz/protokoly-zmb/zmb-z9-21/20241112-32-33447.html
Z9-21-033,Z9/21,2024-11-12,tomas-hejl,Tomáš Hejl,ANO 2011,Nehlasoval,Nehlasoval,31b372080654dfde,ano,,31. Návrh na poskytnutí neinvestičních dotací v rámci dotačního programu pro poskytování dotací v oblasti podpory kreativních odvětví na rok 2024 a 2025 v 6. etapě – “Pro Kreativní Brno” - návrh rozpočtového opatření - var. A,https://apl.brno.cz/protokoly-zmb/zmb-z9-21/20241112-33-33981.html
Z9-21-034,Z9/21,2024-11-12,tomas-hejl,Tomáš Hejl,ANO 2011,Ano,Ano,203e30b9f3a06c9b,ano,,31. Návrh na poskytnutí neinvestičních dotací v rámci dotačního programu pro poskytování dotací v oblasti podpory kreativních odvětví na rok 2024 a 2025 v 6. etapě – “Pro Kreativní Brno” - návrh rozpočtového opatření - var. B,https://apl.brno.cz/protokoly-zmb/zmb-z9-21/20241112-34-34013.html
Z9-21-035,Z9/21,2024-11-12,tomas-hejl,Tomáš Hejl,ANO 2011,Ano,Ano,f3d182802ad52840,ano,,32. Návrh na poskytnutí individuální neinvestiční dotace na projekt Brněnský sedmnáctý,https://apl.brno.cz/protokoly-zmb/zmb-z9-21/20241112-35-34043.html
Z9-21-037,Z9/21,2024-11-12,tomas-hejl,Tomáš Hejl,ANO 2011,Ano,Ano,9f96ec2f5865283d,ano,,"35. Návrh navýšení poskytnuté dvouleté dotace, návrh Dodatku č. 2 ke smlouvě o poskytnutí dotace pro POST BELLUM, z. ú., na činnost ""Institut Paměti národa Brno – multimediální expozice a doprovodný program"" – návrh rozpočtového opatření",https://apl.brno.cz/protokoly-zmb/zmb-z9-21/20241112-37-34339.html
Z9-21-036,Z9/21,2024-11-12,tomas-hejl,Tomáš Hejl,ANO 2011,Ano,Ano,40a09a764c41ef22,ano,,34. Návrh na změny transferů poskytnutých městským částem z rozpočtu Odboru investičního MMB – listopad 2024 – návrh rozpočtového opatření vč. úpravy,https://apl.brno.cz/protokoly-zmb/zmb-z9-21/20241112-36-34308.html
Z9-21-038,Z9/21,2024-11-12,tomas-hejl,Tomáš Hejl,ANO 2011,Ano,Ano,d05ca014db2015eb,ano,,"36. Návrh na snížení příspěvku zřizovatele Sdružení zdravotnických zařízení II Brno, příspěvkové organizaci na rok 2024 – návrh rozpočtového opatření",https://apl.brno.cz/protokoly-zmb/zmb-z9-21/20241112-38-34370.html
Z9-21-039,Z9/21,2024-11-12,tomas-hejl,Tomáš Hejl,ANO 2011,Ano,Ano,16172449cd05dc53,ano,,37. Návrh na snížení příspěvku zřizovatele příspěvkovým organizacím v působnosti Odboru sociální péče MMB na rok 2024 – návrh rozpočtového opatření,https://apl.brno.cz/protokoly-zmb/zmb-z9-21/20241112-39-34398.html
Z9-21-041,Z9/21,2024-11-12,tomas-hejl,Tomáš Hejl,ANO 2011,Ano,Ano,2f6b6869820bcb6c,ano,,"39. Návrh na prodloužení termínu vyúčtování, změnu účelu a tvorba Fondu rezerv a rozvoje na základě očekávaného nedočerpání transferů poskytnutých městským částem na rok 2024 – návrh rozpočtového opatření",https://apl.brno.cz/protokoly-zmb/zmb-z9-21/20241112-41-34453.html
Z9-21-040,Z9/21,2024-11-12,tomas-hejl,Tomáš Hejl,ANO 2011,Ano,Ano,ee4f41c2800f91fc,ano,,38. Návrh na prodloužení termínu vyúčtování účelového investičního transferu poskytnutého městské části Brno-střed,https://apl.brno.cz/protokoly-zmb/zmb-z9-21/20241112-40-34423.html
Z9-21-042,Z9/21,2024-11-12,tomas-hejl,Tomáš Hejl,ANO 2011,Ano,Ano,b113235f4b8980fe,ano,,"40. Kancelář architekta města Brna, příspěvková organizace – návrh na prodloužení termínu vyúčtování schválených účelových neinvestičních příspěvků a prodloužení termínu vyúčtování schválených investičních příspěvků",https://apl.brno.cz/protokoly-zmb/zmb-z9-21/20241112-42-34543.html
Z9-21-043,Z9/21,2024-11-12,tomas-hejl,Tomáš Hejl,ANO 2011,Ano,Ano,103942acde75a266,ano,,"41. Návrh dodatků ke Smlouvám o poskytnutí individuálních investičních dotací z rozpočtu statutárního města Brna v oblasti dopravy se společností Dopravní podnik města Brna, a. s.",https://apl.brno.cz/protokoly-zmb/zmb-z9-21/20241112-43-34574.html
Z9-21-044,Z9/21,2024-11-12,tomas-hejl,Tomáš Hejl,ANO 2011,Ano,Ano,a01113cbbad884b1,ano,,"42. Žádost společnosti OSEVA,AGRO Brno, spol. s r. o., o vzdání se práva na část nájemného za užívání nebytových prostor v budově Jánská 459/23, k. ú. Město Brno",https://apl.brno.cz/protokoly-zmb/zmb-z9-21/20241112-44-34603.html
Z9-21-046,Z9/21,2024-11-12,tomas-hejl,Tomáš Hejl,ANO 2011,Ano,Ano,9fef691a53eeb6cc,ano,,44. Projekty financované z Fondu kofinancování projektů – listopad 2024 – návrh rozpočtového opatření,https://apl.brno.cz/protokoly-zmb/zmb-z9-21/20241112-46-34858.html
Z9-21-045,Z9/21,2024-11-12,tomas-hejl,Tomáš Hejl,ANO 2011,Ano,Ano,53f5536f1c6a30a4,ano,,"43. Projekt Regionální inovační strategie Jihomoravského kraje ""Brno Expat Centre""– návrh dodatku č. 1 ke smlouvě č. 1522172848 o poskytování veřejné služby a podmínkách poskytnutí vyrovnávací platby za plnění závazku veřejné služby",https://apl.brno.cz/protokoly-zmb/zmb-z9-21/20241112-45-34832.html
Z9-21-048,Z9/21,2024-11-12,tomas-hejl,Tomáš Hejl,ANO 2011,Ano,Ano,2587dd590dd5a56c,ano,,"46. Projekt ""Urban Sandbox Brno: Spojujeme akademiky, neziskovky, průmysl a veřejnou správu v prostředí pro inovace a spolupráci na principu Plug&Play&Apply"" – posouzení projektu",https://apl.brno.cz/protokoly-zmb/zmb-z9-21/20241112-48-34957.html
Z9-21-047,Z9/21,2024-11-12,tomas-hejl,Tomáš Hejl,ANO 2011,Ano,Ano,e048aa095dd536ac,ano,,45. Finanční prostředky Fondu kofinancování projektů – listopad 2024 – návrh rozpočtového opatření,https://apl.brno.cz/protokoly-zmb/zmb-z9-21/20241112-47-34889.html
Z9-21-049,Z9/21,2024-11-12,tomas-hejl,Tomáš Hejl,ANO 2011,Ano,Ano,25613d7363f5fcc1,ano,,"47. Projekt ""Řekněte si o pomoc – Socio Info Point"" – posouzení projektu",https://apl.brno.cz/protokoly-zmb/zmb-z9-21/20241112-49-34983.html
Z9-21-051,Z9/21,2024-11-12,tomas-hejl,Tomáš Hejl,ANO 2011,Ano,Ano,d8b04b4bb3385005,ano,,"49. Projekt ""Stavební úpravy MŠ Marie Majerové"" – posouzení projektu",https://apl.brno.cz/protokoly-zmb/zmb-z9-21/20241112-51-35044.html
Z9-21-050,Z9/21,2024-11-12,tomas-hejl,Tomáš Hejl,ANO 2011,Ano,Ano,ed8d6c7e8eb27f3a,ano,,"48. Projekt ""Stavební úpravy MŠ Loosova"" – posouzení projektu",https://apl.brno.cz/protokoly-zmb/zmb-z9-21/20241112-50-35012.html
Z9-21-052,Z9/21,2024-11-12,tomas-hejl,Tomáš Hejl,ANO 2011,Ano,Ano,8f2bd80b7c97cc8c,ano,,Body č. 50-52,https://apl.brno.cz/protokoly-zmb/zmb-z9-21/20241112-52-35080.html
Z9-21-053,Z9/21,2024-11-12,tomas-hejl,Tomáš Hejl,ANO 2011,Ano,Ano,ef6c7eb80ce6c511,ano,,"53. Projekt ""Interoperabilita a eHealth Nemocnice Milosrdných bratří"" – návrh pověřovacího aktu",https://apl.brno.cz/protokoly-zmb/zmb-z9-21/20241112-53-35112.html
Z9-21-054,Z9/21,2024-11-12,tomas-hejl,Tomáš Hejl,ANO 2011,Ano,Ano,007bcc4e65d46645,ano,,"54. Návrh dohody o mimosoudním jednání uzavírané v souvislosti s vypořádáním historických závazků týkajících se družstevní bytové výstavby na území statutárního města Brna spolufinancované prostřednictvím státní dotace pro Dvouřádky, bytové družstvo",https://apl.brno.cz/protokoly-zmb/zmb-z9-21/20241112-54-35144.html
Z9-21-055,Z9/21,2024-11-12,tomas-hejl,Tomáš Hejl,ANO 2011,Ano,Ano,f6545d11c8fda81c,ano,,Body č. 55-58,https://apl.brno.cz/protokoly-zmb/zmb-z9-21/20241112-55-35324.html
Z9-21-056,Z9/21,2024-11-12,tomas-hejl,Tomáš Hejl,ANO 2011,Ano,Ano,6720d5e0d40a36e8,ano,,"59. Žádost o uzavření dohody o splátkách dluhu z nájmu ubytovací jednotky v domě Lomená 48, Brno",https://apl.brno.cz/protokoly-zmb/zmb-z9-21/20241112-56-35354.html
Z9-21-057,Z9/21,2024-11-12,tomas-hejl,Tomáš Hejl,ANO 2011,Ano,Ano,15175bb0cb9a30c8,ano,,60. Návrh na neudělení výjimky z Pravidel pronájmu bytů v domech v majetku statutárního města Brna žadatelce o bezbariérový byt,https://apl.brno.cz/protokoly-zmb/zmb-z9-21/20241112-57-35526.html
Z9-21-058,Z9/21,2024-11-12,tomas-hejl,Tomáš Hejl,ANO 2011,Ano,Ano,e58a80e78ddc8f77,ano,,Body č. 61-65,https://apl.brno.cz/protokoly-zmb/zmb-z9-21/20241112-58-35562.html
Z9-21-059,Z9/21,2024-11-12,tomas-hejl,Tomáš Hejl,ANO 2011,Ano,Ano,614a2e1896ff0229,ano,,"66. Návrh budoucího prodeje částí pozemků p. č. 7016/1, 7016/18, 7016/19 v k. ú. Bystrc, návrh na zřízení budoucích věcných práv a služebností",https://apl.brno.cz/protokoly-zmb/zmb-z9-21/20241112-59-35596.html
Z9-21-061,Z9/21,2024-11-12,tomas-hejl,Tomáš Hejl,ANO 2011,Ano,Ano,c8c8ee61bb1c8be5,ano,,Body č. 68-72,https://apl.brno.cz/protokoly-zmb/zmb-z9-21/20241112-61-35661.html
Z9-21-060,Z9/21,2024-11-12,tomas-hejl,Tomáš Hejl,ANO 2011,Ano,Ano,89a6dcebf6cc315b,ano,,67. Návrh úplatného nabytí pozemků pod komunikacemi v k. ú. Bohunice a návrh na uzavření dodatku č. 3 ke Smlouvě o uzavření budoucí kupní smlouvy č. 6319074508 s Masarykovou univerzitou,https://apl.brno.cz/protokoly-zmb/zmb-z9-21/20241112-60-35625.html
Z9-21-062,Z9/21,2024-11-12,tomas-hejl,Tomáš Hejl,ANO 2011,Ano,Ano,28aa4e78948d45d7,ano,,Body č. 73-81,https://apl.brno.cz/protokoly-zmb/zmb-z9-21/20241112-62-35716.html
Z9-21-063,Z9/21,2024-11-12,tomas-hejl,Tomáš Hejl,ANO 2011,Ano,Ano,e75c6f4df0925a54,ano,,82. Návrh na uznání vlastnického práva k části pozemku p. č. 1272 v k. ú. Černovice formou souhlasného prohlášení,https://apl.brno.cz/protokoly-zmb/zmb-z9-21/20241112-63-35759.html
Z9-21-065,Z9/21,2024-11-12,tomas-hejl,Tomáš Hejl,ANO 2011,Ano,Ano,d403e2a2bfc90809,ano,,83. Návrh na uznání vlastnického práva k pozemku p. č. 490/2 k. ú. Kohoutovice formou souhlasného prohlášení,https://apl.brno.cz/protokoly-zmb/zmb-z9-21/20241112-65-35838.html
Z9-21-066,Z9/21,2024-11-12,tomas-hejl,Tomáš Hejl,ANO 2011,Ano,Ano,821bc805d2d793f7,ano,,Body č. 84-92,https://apl.brno.cz/protokoly-zmb/zmb-z9-21/20241112-66-35880.html
Z9-21-067,Z9/21,2024-11-12,tomas-hejl,Tomáš Hejl,ANO 2011,Ano,Ano,5bfb88e067fa1afe,ano,,"93. Návrh směny nemovitých věcí v k. ú. Město Brno a v k. ú. Veveří s Biskupstvím brněnským, návrh na zřízení služebnosti",https://apl.brno.cz/protokoly-zmb/zmb-z9-21/20241112-67-36937.html
Z9-21-068,Z9/21,2024-11-12,tomas-hejl,Tomáš Hejl,ANO 2011,Ano,Ano,39dbdb944cd1f533,ano,,Body č. 94-96,https://apl.brno.cz/protokoly-zmb/zmb-z9-21/20241112-68-37025.html
Z9-21-069,Z9/21,2024-11-12,tomas-hejl,Tomáš Hejl,ANO 2011,Ano,Ano,0716083039ad47e7,ano,,Body č. 97 a 98,https://apl.brno.cz/protokoly-zmb/zmb-z9-21/20241112-69-37126.html
Z9-21-070,Z9/21,2024-11-12,tomas-hejl,Tomáš Hejl,ANO 2011,Ano,Ano,d6d60d595b433217,ano,,"99. Návrh na udělení výjimky z metodiky týkající se užívání pozemků, které jsou součástí veřejného prostranství, návrh pronájmu pozemků a částí pozemků v k. ú. Trnitá společnosti Brno New Town Square, s. r. o.",https://apl.brno.cz/protokoly-zmb/zmb-z9-21/20241112-70-37158.html
Z9-21-071,Z9/21,2024-11-12,tomas-hejl,Tomáš Hejl,ANO 2011,Ano,Ano,245606dbd6b33654,ano,,100. Návrh Smlouvy o spolupráci při výstavbě veřejné infrastruktury „REKONSTRUKCE OBJEKTU MILADY HORÁKOVÉ 19“,https://apl.brno.cz/protokoly-zmb/zmb-z9-21/20241112-71-37215.html
Z9-21-072,Z9/21,2024-11-12,tomas-hejl,Tomáš Hejl,ANO 2011,Ano,Ano,026f6362371bf699,ano,,101. Návrh Smlouvy o spolupráci při výstavbě veřejné infrastruktury „POLYFUNKČNÍ DŮM PONAVIA REZIDENCE IV“,https://apl.brno.cz/protokoly-zmb/zmb-z9-21/20241112-72-37247.html
Z9-21-074,Z9/21,2024-11-12,tomas-hejl,Tomáš Hejl,ANO 2011,Ano,Ano,a430910084052f50,ano,,Body č. 102 a 103,https://apl.brno.cz/protokoly-zmb/zmb-z9-21/20241112-74-37355.html
Z9-21-075,Z9/21,2024-11-12,tomas-hejl,Tomáš Hejl,ANO 2011,Ano,Ano,97905dbe141e3892,ano,,104. Návrh Dodatku č. 1 ke Smlouvě o součinnosti v rámci provozování vodohospodářské infrastruktury,https://apl.brno.cz/protokoly-zmb/zmb-z9-21/20241112-75-37388.html
Z9-21-076,Z9/21,2024-11-12,tomas-hejl,Tomáš Hejl,ANO 2011,Ano,Ano,b6cbd27af1daedca,ano,,105. Záměr poskytnutí individuálních investičních dotací z rozpočtu města Brna žadatelům v programech Národní sportovní agentury na rok 2025,https://apl.brno.cz/protokoly-zmb/zmb-z9-21/20241112-76-37576.html
Z9-22-001,Z9/22,2024-12-10,tomas-hejl,Tomáš Hejl,ANO 2011,Ano,Ano,cc1d8d0dbd07702e,ano,,"Pověření Mgr. René Černého, 1. náměstka primátorky, vedením Z9/22. zasedání Zastupitelstva města Brna, konaného dne 10.12.2024",https://apl.brno.cz/protokoly-zmb/zmb-z9-22/20241210-1-29371.html
Z9-22-002,Z9/22,2024-12-10,tomas-hejl,Tomáš Hejl,ANO 2011,Ano,Ano,f4a8e1d017ddeb2b,ano,,"1. Technický bod (zapisovatelé, právní asistence, ověřovatelé zápisu, schválení programu zasedání ZMB) - ověřovatelé zápisu",https://apl.brno.cz/protokoly-zmb/zmb-z9-22/20241210-2-29519.html
Z9-22-003,Z9/22,2024-12-10,tomas-hejl,Tomáš Hejl,ANO 2011,Ano,Ano,2ae6683b02d2f32e,ano,,"1. Technický bod (zapisovatelé, právní asistence, ověřovatelé zápisu, schválení programu zasedání ZMB) - program - hlasování o stažení bodu č. 48, 49, 63, 111",https://apl.brno.cz/protokoly-zmb/zmb-z9-22/20241210-3-29943.html
Z9-22-004,Z9/22,2024-12-10,tomas-hejl,Tomáš Hejl,ANO 2011,Ano,Ano,57f97ce028559a50,ano,,"1. Technický bod (zapisovatelé, právní asistence, ověřovatelé zápisu, schválení programu zasedání ZMB) - program - hlasování o zařazení bodu č. 114, 115, 116, 117, 118, 119, 120",https://apl.brno.cz/protokoly-zmb/zmb-z9-22/20241210-4-29974.html
Z9-22-005,Z9/22,2024-12-10,tomas-hejl,Tomáš Hejl,ANO 2011,Ano,Ano,8981960323b632bb,ano,,"1. Technický bod (zapisovatelé, právní asistence, ověřovatelé zápisu, schválení programu zasedání ZMB) - program",https://apl.brno.cz/protokoly-zmb/zmb-z9-22/20241210-5-30012.html
Z9-22-006,Z9/22,2024-12-10,tomas-hejl,Tomáš Hejl,ANO 2011,Ano,Ano,2172d15e7bb24cef,ano,,"1. Technický bod (zapisovatelé, právní asistence, ověřovatelé zápisu, schválení programu zasedání ZMB) - program vč. změn",https://apl.brno.cz/protokoly-zmb/zmb-z9-22/20241210-6-30044.html
Z9-22-007,Z9/22,2024-12-10,tomas-hejl,Tomáš Hejl,ANO 2011,Ano,Ano,bb67a992e37ab7a5,ano,,4. Návrh změny Jednacího řádu Zastupitelstva města Brna,https://apl.brno.cz/protokoly-zmb/zmb-z9-22/20241210-7-30110.html
Z9-22-008,Z9/22,2024-12-10,tomas-hejl,Tomáš Hejl,ANO 2011,Ano,Ano,96a027dd1de9fa2c,ano,,5. Kvalifikovaná žádost občanů dle § 16 odst. 2 písm. f) zákona o obcích – nesouhlas s plánovanou výstavbou v městské části Brno-Maloměřice a Obřany,https://apl.brno.cz/protokoly-zmb/zmb-z9-22/20241210-8-30374.html
Z9-22-010,Z9/22,2024-12-10,tomas-hejl,Tomáš Hejl,ANO 2011,Ano,Ano,b661c13903738d39,ano,,75. Návrh nabytí spoluvlastnického podílu ve výši id. 1/2 pozemku p. č. 888/9 v k. ú. Bohunice z vlastnictví České republiky – Státního pozemkového úřadu do vlastnictví statutárního města Brna,https://apl.brno.cz/protokoly-zmb/zmb-z9-22/20241210-10-30504.html
Z9-22-011,Z9/22,2024-12-10,tomas-hejl,Tomáš Hejl,ANO 2011,Ano,Ano,1fb4559fed5b5568,ano,,7. Územní plán města Brna – návrh na vydání formou opatření obecné povahy,https://apl.brno.cz/protokoly-zmb/zmb-z9-22/20241210-11-34554.html
Z9-22-012,Z9/22,2024-12-10,tomas-hejl,Tomáš Hejl,ANO 2011,Nehlasoval,Nehlasoval,761057c791320312,ano,,6. Návrh rozpočtu statutárního města Brna na rok 2025 - hlasování o návrhu p. Zemka,https://apl.brno.cz/protokoly-zmb/zmb-z9-22/20241210-12-35789.html
Z9-22-013,Z9/22,2024-12-10,tomas-hejl,Tomáš Hejl,ANO 2011,Nehlasoval,Nehlasoval,8f33504f372c95ff,ano,,6. Návrh rozpočtu statutárního města Brna na rok 2025 - hlasování o návrhu p. Lahody,https://apl.brno.cz/protokoly-zmb/zmb-z9-22/20241210-13-35826.html
Z9-22-015,Z9/22,2024-12-10,tomas-hejl,Tomáš Hejl,ANO 2011,Nehlasoval,Nehlasoval,9c3ae99581c87ae5,ano,,6. Návrh rozpočtu statutárního města Brna na rok 2025 - hlasování o návrhu p. Koláčného,https://apl.brno.cz/protokoly-zmb/zmb-z9-22/20241210-15-35941.html
Z9-22-016,Z9/22,2024-12-10,tomas-hejl,Tomáš Hejl,ANO 2011,Ano,Ano,b2999502ba6eeafc,ano,,6. Návrh rozpočtu statutárního města Brna na rok 2025,https://apl.brno.cz/protokoly-zmb/zmb-z9-22/20241210-16-35980.html
Z9-22-018,Z9/22,2024-12-10,tomas-hejl,Tomáš Hejl,ANO 2011,Ano,Ano,0fed38100d539828,ano,,8. Návrh na udělení Ceny města Brna pro rok 2024 - 2.,https://apl.brno.cz/protokoly-zmb/zmb-z9-22/20241210-18-36148.html
Z9-22-017,Z9/22,2024-12-10,tomas-hejl,Tomáš Hejl,ANO 2011,Ano,Ano,2e0da372b37515cc,ano,,8. Návrh na udělení Ceny města Brna pro rok 2024 - 1.,https://apl.brno.cz/protokoly-zmb/zmb-z9-22/20241210-17-36118.html
Z9-22-020,Z9/22,2024-12-10,tomas-hejl,Tomáš Hejl,ANO 2011,Ano,Ano,c5bfdefea409a894,ano,,8. Návrh na udělení Ceny města Brna pro rok 2024 - 4.,https://apl.brno.cz/protokoly-zmb/zmb-z9-22/20241210-20-36201.html
Z9-22-019,Z9/22,2024-12-10,tomas-hejl,Tomáš Hejl,ANO 2011,Ano,Ano,e6375056b7bd1479,ano,,8. Návrh na udělení Ceny města Brna pro rok 2024 - 3.,https://apl.brno.cz/protokoly-zmb/zmb-z9-22/20241210-19-36176.html
Z9-22-021,Z9/22,2024-12-10,tomas-hejl,Tomáš Hejl,ANO 2011,Ano,Ano,65f0f8857b463793,ano,,8. Návrh na udělení Ceny města Brna pro rok 2024 - 5.,https://apl.brno.cz/protokoly-zmb/zmb-z9-22/20241210-21-36228.html
Z9-22-022,Z9/22,2024-12-10,tomas-hejl,Tomáš Hejl,ANO 2011,Ano,Ano,29c54de83fe69f36,ano,,8. Návrh na udělení Ceny města Brna pro rok 2024 - 6.,https://apl.brno.cz/protokoly-zmb/zmb-z9-22/20241210-22-36251.html
Z9-22-023,Z9/22,2024-12-10,tomas-hejl,Tomáš Hejl,ANO 2011,Ano,Ano,58e4f53f1cbd8424,ano,,8. Návrh na udělení Ceny města Brna pro rok 2024 - 7.,https://apl.brno.cz/protokoly-zmb/zmb-z9-22/20241210-23-36281.html
Z9-22-024,Z9/22,2024-12-10,tomas-hejl,Tomáš Hejl,ANO 2011,Ano,Ano,76ed227ce856bb57,ano,,8. Návrh na udělení Ceny města Brna pro rok 2024 - 8.,https://apl.brno.cz/protokoly-zmb/zmb-z9-22/20241210-24-36307.html
Z9-22-025,Z9/22,2024-12-10,tomas-hejl,Tomáš Hejl,ANO 2011,Ano,Ano,56091dcc2720a55b,ano,,8. Návrh na udělení Ceny města Brna pro rok 2024 - 9.,https://apl.brno.cz/protokoly-zmb/zmb-z9-22/20241210-25-36335.html
Z9-22-026,Z9/22,2024-12-10,tomas-hejl,Tomáš Hejl,ANO 2011,Ano,Ano,6df8bccf0c0fcfdd,ano,,8. Návrh na udělení Ceny města Brna pro rok 2024 - 10.,https://apl.brno.cz/protokoly-zmb/zmb-z9-22/20241210-26-36358.html
Z9-22-027,Z9/22,2024-12-10,tomas-hejl,Tomáš Hejl,ANO 2011,Ano,Ano,2e1da4f372ed8e70,ano,,8. Návrh na udělení Ceny města Brna pro rok 2024 - 11.,https://apl.brno.cz/protokoly-zmb/zmb-z9-22/20241210-27-36379.html
Z9-22-028,Z9/22,2024-12-10,tomas-hejl,Tomáš Hejl,ANO 2011,Ano,Ano,c4ab7032d7356c68,ano,,8. Návrh na udělení Ceny města Brna pro rok 2024 - 12.,https://apl.brno.cz/protokoly-zmb/zmb-z9-22/20241210-28-36402.html
Z9-22-029,Z9/22,2024-12-10,tomas-hejl,Tomáš Hejl,ANO 2011,Ano,Ano,bef6ee3eff376378,ano,,8. Návrh na udělení Ceny města Brna pro rok 2024 - 13.,https://apl.brno.cz/protokoly-zmb/zmb-z9-22/20241210-29-36428.html
Z9-22-030,Z9/22,2024-12-10,tomas-hejl,Tomáš Hejl,ANO 2011,Ano,Ano,9b66cdf37e521790,ano,,8. Návrh na udělení Ceny města Brna pro rok 2024 - 14.,https://apl.brno.cz/protokoly-zmb/zmb-z9-22/20241210-30-36456.html
Z9-22-031,Z9/22,2024-12-10,tomas-hejl,Tomáš Hejl,ANO 2011,Ano,Ano,782db5546725ff8b,ano,,9. Návrh obecně závazné vyhlášky statutárního města Brna o místních poplatcích,https://apl.brno.cz/protokoly-zmb/zmb-z9-22/20241210-31-36516.html
Z9-22-032,Z9/22,2024-12-10,tomas-hejl,Tomáš Hejl,ANO 2011,Ano,Ano,a99971c50b893b8e,ano,,"10. Návrh obecně závazné vyhlášky statutárního města Brna, kterou se zrušuje vyhláška č. 10/1996, o použití koeficientu pro výpočet sazby daně z nemovitostí",https://apl.brno.cz/protokoly-zmb/zmb-z9-22/20241210-32-36548.html
Z9-22-033,Z9/22,2024-12-10,tomas-hejl,Tomáš Hejl,ANO 2011,Ano,Ano,42f208beb656840b,ano,,"11. Návrh obecně závazné vyhlášky statutárního města Brna, kterou se mění obecně závazná vyhláška statutárního města Brna č. 20/2001, kterou se vydává Statut města Brna, ve znění pozdějších vyhlášek",https://apl.brno.cz/protokoly-zmb/zmb-z9-22/20241210-33-36602.html
Z9-22-034,Z9/22,2024-12-10,tomas-hejl,Tomáš Hejl,ANO 2011,Ano,Ano,b0503cb33c1f2db4,ano,,"12. Návrh obecně závazné vyhlášky, kterou se mění obecně závazná vyhláška statutárního města Brna č. 24/2023, o poplatku za obecní systém odpadového hospodářství",https://apl.brno.cz/protokoly-zmb/zmb-z9-22/20241210-34-37245.html
Z9-22-035,Z9/22,2024-12-10,tomas-hejl,Tomáš Hejl,ANO 2011,Ano,Ano,5413202314f57188,ano,,13. Návrh řádného členství statutárního města Brna v mezinárodní síti CultureNext,https://apl.brno.cz/protokoly-zmb/zmb-z9-22/20241210-35-37278.html
Z9-22-037,Z9/22,2024-12-10,tomas-hejl,Tomáš Hejl,ANO 2011,Ano,Ano,a5ea072de6534496,ano,,15. Návrh změny stanov obchodní společnosti Brněnské komunikace a. s.,https://apl.brno.cz/protokoly-zmb/zmb-z9-22/20241210-37-37349.html
Z9-22-038,Z9/22,2024-12-10,tomas-hejl,Tomáš Hejl,ANO 2011,Ano,Ano,8165da78f6688746,ano,,"16. Návrh dodatků ke zřizovacím listinám Centra sociálních služeb, příspěvkové organizace a Domova pro seniory Mikuláškovo nám., příspěvkové organizace",https://apl.brno.cz/protokoly-zmb/zmb-z9-22/20241210-38-37379.html
Z9-22-036,Z9/22,2024-12-10,tomas-hejl,Tomáš Hejl,ANO 2011,Ano,Ano,c00928796ce3e82a,ano,,14. Souhlas s aktualizovaným zněním Stanov dobrovolného svazku obcí České dědictví UNESCO,https://apl.brno.cz/protokoly-zmb/zmb-z9-22/20241210-36-37308.html
Z9-22-039,Z9/22,2024-12-10,tomas-hejl,Tomáš Hejl,ANO 2011,Ano,Ano,5ebac0f7a47721fa,ano,,17. Návrh Dodatku č. 2 Statutu Sociálního fondu,https://apl.brno.cz/protokoly-zmb/zmb-z9-22/20241210-39-37412.html
Z9-22-040,Z9/22,2024-12-10,tomas-hejl,Tomáš Hejl,ANO 2011,Ano,Ano,17f6885ee1507256,ano,,"18. Návrh prodeje obchodních podílů statutárního města Brna ve společnosti Jihomoravská rozvojová společnost, s. r. o., do vlastnictví Jihomoravského kraje",https://apl.brno.cz/protokoly-zmb/zmb-z9-22/20241210-40-37445.html
Z9-22-042,Z9/22,2024-12-10,tomas-hejl,Tomáš Hejl,ANO 2011,Ano,Ano,06171916fa868d6c,ano,,20. Poskytování příspěvků členům Zastupitelstva města Brna,https://apl.brno.cz/protokoly-zmb/zmb-z9-22/20241210-42-37511.html
Z9-22-041,Z9/22,2024-12-10,tomas-hejl,Tomáš Hejl,ANO 2011,Ano,Ano,8b0791d1112c8899,ano,,"19. Odměňování neuvolněných členů Zastupitelstva města Brna a členů komisí Rady města Brna a výborů Zastupitelstva města Brna, kteří nejsou členy Zastupitelstva města Brna",https://apl.brno.cz/protokoly-zmb/zmb-z9-22/20241210-41-37479.html
Z9-22-043,Z9/22,2024-12-10,tomas-hejl,Tomáš Hejl,ANO 2011,Ano,Ano,d4ffd685568616d5,ano,,21. Tvorba Fondu rezerv a rozvoje na základě očekávaného nedočerpání transferů poskytnutých městským částem na rok 2024 – návrh rozpočtového opatření,https://apl.brno.cz/protokoly-zmb/zmb-z9-22/20241210-43-37543.html
Z9-22-044,Z9/22,2024-12-10,tomas-hejl,Tomáš Hejl,ANO 2011,Ano,Ano,71100f2fe5d794b0,ano,,"22. Zapojení Fondu rezerv a rozvoje v souvislosti s poskytnutím účelového neinvestičního příspěvku Muzeu města Brna, příspěvkové organizaci, na projekt Země vína, v roce 2024 – návrh rozpočtového opatření",https://apl.brno.cz/protokoly-zmb/zmb-z9-22/20241210-44-37574.html
Z9-22-046,Z9/22,2024-12-10,tomas-hejl,Tomáš Hejl,ANO 2011,Ano,Ano,4a298f95690ddd88,ano,,24. Aktualizace rozpočtu běžných a kapitálových výdajů Odboru dopravy MMB a Fondu mobility – prosinec 2024 – návrh rozpočtového opatření,https://apl.brno.cz/protokoly-zmb/zmb-z9-22/20241210-46-37640.html
Z9-22-045,Z9/22,2024-12-10,tomas-hejl,Tomáš Hejl,ANO 2011,Ano,Ano,ab56d05a605f7b9d,ano,,23. Aktualizace rozpočtu Odboru investičního MMB – prosinec 2024 – návrh rozpočtového opatření,https://apl.brno.cz/protokoly-zmb/zmb-z9-22/20241210-45-37609.html
Z9-22-047,Z9/22,2024-12-10,tomas-hejl,Tomáš Hejl,ANO 2011,Ano,Ano,ad05760faa53d33a,ano,,25. Aktualizace očekávaného čerpání rozpočtu běžných výdajů Odboru školství a mládeže MMB v roce 2024 – návrh rozpočtového opatření,https://apl.brno.cz/protokoly-zmb/zmb-z9-22/20241210-47-37672.html
Z9-22-048,Z9/22,2024-12-10,tomas-hejl,Tomáš Hejl,ANO 2011,Ano,Ano,1bbdbbb99f5bf878,ano,,"26. Aktualizace rozpočtu běžných výdajů Městské policie Brno v roce 2024, návrh rozpočtového opatření",https://apl.brno.cz/protokoly-zmb/zmb-z9-22/20241210-48-37703.html
Z9-22-050,Z9/22,2024-12-10,tomas-hejl,Tomáš Hejl,ANO 2011,Ano,Ano,12a123bf821a82f0,ano,,"28. Návrh rozpočtového opatření na pokrytí zvýšených nákladů na energie Národnímu divadlu Brno, příspěvkové organizaci",https://apl.brno.cz/protokoly-zmb/zmb-z9-22/20241210-50-40732.html
Z9-22-049,Z9/22,2024-12-10,tomas-hejl,Tomáš Hejl,ANO 2011,Ano,Ano,1455c159bcd1559d,ano,,"27. Přesun běžných a kapitálových výdajů v rámci rozpočtu Odboru správy majetku MMB, návrh rozpočtového opatření",https://apl.brno.cz/protokoly-zmb/zmb-z9-22/20241210-49-40700.html
Z9-22-051,Z9/22,2024-12-10,tomas-hejl,Tomáš Hejl,ANO 2011,Ano,Ano,92a48b1aaffff017,ano,,"29. Návrh na poskytnutí neinvestičního transferu městské části Brno-střed, prodloužení termínů vyúčtování transferů městské části Brno-Bohunice a investičního příspěvku příspěvkové organizaci – návrh rozpočtového opatření",https://apl.brno.cz/protokoly-zmb/zmb-z9-22/20241210-51-40765.html
Z9-22-054,Z9/22,2024-12-10,tomas-hejl,Tomáš Hejl,ANO 2011,Ano,Ano,bc783c67c2ec06a2,ano,,32. Návrh na poskytnutí neinvestiční individuální dotace spolku Český florbal na uspořádání Mistrovství světa IFF ve florbalu žen 2025 – návrh rozpočtového opatření,https://apl.brno.cz/protokoly-zmb/zmb-z9-22/20241210-54-40965.html
Z9-22-052,Z9/22,2024-12-10,tomas-hejl,Tomáš Hejl,ANO 2011,Ano,Ano,f009b388117b9c21,ano,,30. Návrh na poskytnutí neinvestičních příspěvků základním školám zapojeným do projektu Příběhy našich sousedů na zajištění vstupu do expozice Tichá hrdinství – návrh rozpočtového opatření,https://apl.brno.cz/protokoly-zmb/zmb-z9-22/20241210-52-40801.html
Z9-22-055,Z9/22,2024-12-10,tomas-hejl,Tomáš Hejl,ANO 2011,Ano,Ano,4c9323db10b00f69,ano,,33. Návrh na poskytnutí individuálních neinvestičních a investičních dotací pro oblast tělovýchovy a sportu pro rok 2024 – III. kolo – návrh rozpočtového opatření,https://apl.brno.cz/protokoly-zmb/zmb-z9-22/20241210-55-40996.html
Z9-22-057,Z9/22,2024-12-10,tomas-hejl,Tomáš Hejl,ANO 2011,Ano,Ano,226e75a8c0513190,ano,,35. Záměr poskytnutí individuálních investičních dotací z rozpočtu města Brna žadatelům v programech Národní sportovní agentury na rok 2025,https://apl.brno.cz/protokoly-zmb/zmb-z9-22/20241210-57-41072.html
Z9-22-056,Z9/22,2024-12-10,tomas-hejl,Tomáš Hejl,ANO 2011,Ano,Ano,a4dd1ee439bc722c,ano,,34. Návrh na poskytnutí individuální investiční dotace spolku SK Líšeň na vybudování LED osvětlení fotbalového stadionu – návrh rozpočtového opatření,https://apl.brno.cz/protokoly-zmb/zmb-z9-22/20241210-56-41040.html
Z9-22-058,Z9/22,2024-12-10,tomas-hejl,Tomáš Hejl,ANO 2011,Ano,Ano,06bc47e609f2fa3d,ano,,"36. Návrh na poskytnutí účelového investičního transferu městské části Brno-Kohoutovice na realizaci akce ""49-24 Komunitní zahrada při ul. Kopaniny Brno-Kohoutovice“ – návrh rozpočtového opatření",https://apl.brno.cz/protokoly-zmb/zmb-z9-22/20241210-58-41108.html
Z9-22-059,Z9/22,2024-12-10,tomas-hejl,Tomáš Hejl,ANO 2011,Ano,Ano,1b6f868c7f3fc231,ano,,37. Návrh na poskytnutí účelového investičního transferu městské části Brno-sever na realizaci komunitní zahrady na ulici Bieblova – návrh rozpočtového opatření,https://apl.brno.cz/protokoly-zmb/zmb-z9-22/20241210-59-41142.html
Z9-22-060,Z9/22,2024-12-10,tomas-hejl,Tomáš Hejl,ANO 2011,Ano,Ano,6d25c0bba09cc8ad,ano,,"38. Návrh na poskytnutí investičního transferu městské části Brno-Žabovřesky na realizovanou zelenou střechu na budově radnice na adrese Horova 28, návrh rozpočtového opatření",https://apl.brno.cz/protokoly-zmb/zmb-z9-22/20241210-60-41175.html
Z9-22-061,Z9/22,2024-12-10,tomas-hejl,Tomáš Hejl,ANO 2011,Ano,Ano,70421f9c51ad18e6,ano,,39. Návrh na poskytnutí účelových neinvestičních příspěvků na “Odstranění následků škod po povodních“ příspěvkovým organizacím v působnosti Odboru životního prostředí MMB – návrh rozpočtového opatření,https://apl.brno.cz/protokoly-zmb/zmb-z9-22/20241210-61-41205.html
Z9-22-062,Z9/22,2024-12-10,tomas-hejl,Tomáš Hejl,ANO 2011,Ano,Ano,75a596a697bc5d61,ano,,"40. Návrh na poskytnutí investičního transferu městské části Brno-jih na realizaci projektu Zahrádkářská kolonie Bernáčkova, návrh rozpočtového opatření",https://apl.brno.cz/protokoly-zmb/zmb-z9-22/20241210-62-41436.html
Z9-22-063,Z9/22,2024-12-10,tomas-hejl,Tomáš Hejl,ANO 2011,Ano,Ano,7eed91f82761ea1b,ano,,41. Návrh na změnu termínu vyúčtování a změnu účelu využití části investičního účelového transferu městské části Brno-Kohoutovice,https://apl.brno.cz/protokoly-zmb/zmb-z9-22/20241210-63-41466.html
Z9-22-064,Z9/22,2024-12-10,tomas-hejl,Tomáš Hejl,ANO 2011,Ano,Ano,dc775881ec8fc8dd,ano,,"42. Návrh na změnu neinvestičních příspěvků u příspěvkových organizací v působnosti Odboru kultury MMB v roce 2024 z důvodu kompenzace snížené dotace z Ministerstva kultury ČR, tvorba Fondu rezerv a rozvoje – návrh rozpočtového opatření",https://apl.brno.cz/protokoly-zmb/zmb-z9-22/20241210-64-41499.html
Z9-22-065,Z9/22,2024-12-10,tomas-hejl,Tomáš Hejl,ANO 2011,Ano,Ano,741918bd086649d2,ano,,"43. Návrh na změnu účelu využití účelového neinvestičního příspěvku Knihovny Jiřího Mahena v Brně, příspěvkové organizace, v roce 2024",https://apl.brno.cz/protokoly-zmb/zmb-z9-22/20241210-65-41532.html
Z9-22-066,Z9/22,2024-12-10,tomas-hejl,Tomáš Hejl,ANO 2011,Ano,Ano,d66af69f98d7214e,ano,,44. Návrh změn neinvestičních příspěvků u příspěvkových organizací v působnosti Odboru kultury MMB v roce 2024 – návrh rozpočtových opatření,https://apl.brno.cz/protokoly-zmb/zmb-z9-22/20241210-66-41562.html
Z9-22-067,Z9/22,2024-12-10,tomas-hejl,Tomáš Hejl,ANO 2011,Ano,Ano,59e126c3017018f9,ano,,45. Žádost o prodloužení čerpání účelového neinvestičního příspěvku u příspěvkové organizace v působnosti Odboru strategického rozvoje a spolupráce MMB,https://apl.brno.cz/protokoly-zmb/zmb-z9-22/20241210-67-41594.html
Z9-22-068,Z9/22,2024-12-10,tomas-hejl,Tomáš Hejl,ANO 2011,Ano,Ano,83074af84b076d18,ano,,"46. Návrh smlouvy o poskytnutí individuální neinvestiční dotace Czech NationalSemiconductor Cluster, z. s., na realizaci projektu „Polovodičové kompetence Brna“",https://apl.brno.cz/protokoly-zmb/zmb-z9-22/20241210-68-41627.html
Z9-22-069,Z9/22,2024-12-10,tomas-hejl,Tomáš Hejl,ANO 2011,Ano,Ano,d6ef9d7b96ab735c,ano,,"47. Návrh smlouvy o poskytnutí individuální neinvestiční dotace SNIP & CO, reklamní společnost, spol. s r. o., na realizaci projektu „Dronové show 2025"" – návrh rozpočtového opatření",https://apl.brno.cz/protokoly-zmb/zmb-z9-22/20241210-69-41707.html
Z9-22-070,Z9/22,2024-12-10,tomas-hejl,Tomáš Hejl,ANO 2011,Ano,Ano,ccc0d6129120468c,ano,,"50. Návrh dodatku č. 1 ke Smlouvě o poskytnutí neinvestiční dotace č. 7224090960 – Tady to mám rád, z. s. – návrh rozpočtového opatření",https://apl.brno.cz/protokoly-zmb/zmb-z9-22/20241210-70-41755.html
Z9-22-071,Z9/22,2024-12-10,tomas-hejl,Tomáš Hejl,ANO 2011,Ano,Ano,e4f105ff24f01c5c,ano,,"51. Návrh dodatku č. 1 ke Smlouvě o poskytnutí neinvestiční dotace č. 7224090935 –Sanus Brno, z. s. – návrh rozpočtového opatření",https://apl.brno.cz/protokoly-zmb/zmb-z9-22/20241210-71-41790.html
Z9-22-072,Z9/22,2024-12-10,tomas-hejl,Tomáš Hejl,ANO 2011,Ano,Ano,c7ee9a45ece2a2a2,ano,,52. Návrh odpisu nákladů na zmařenou investici – SSO Slaměníkova,https://apl.brno.cz/protokoly-zmb/zmb-z9-22/20241210-72-41823.html
Z9-22-074,Z9/22,2024-12-10,tomas-hejl,Tomáš Hejl,ANO 2011,Ano,Ano,e13829fe346bb09f,ano,,54. Návrh na prominutí dluhu,https://apl.brno.cz/protokoly-zmb/zmb-z9-22/20241210-74-42089.html
Z9-22-073,Z9/22,2024-12-10,tomas-hejl,Tomáš Hejl,ANO 2011,Ano,Ano,2975b70dcf59fb8f,ano,,53. Návrh dohody o narovnání a prominutí dluhu společnosti S-Invest CZ s. r. o.,https://apl.brno.cz/protokoly-zmb/zmb-z9-22/20241210-73-42053.html
Z9-22-075,Z9/22,2024-12-10,tomas-hejl,Tomáš Hejl,ANO 2011,Ano,Ano,eb8dc9fc4448f3cf,ano,,55. Návrh na slevu z nájemného z nájemní smlouvy č. 6312032822,https://apl.brno.cz/protokoly-zmb/zmb-z9-22/20241210-75-42130.html
Z9-22-076,Z9/22,2024-12-10,tomas-hejl,Tomáš Hejl,ANO 2011,Ano,Ano,977e1eb11235a37c,ano,,56. Žádosti o souhlas se změnou projektu/činnosti a návrh dodatku ke smlouvě o poskytnutí dotace v oblasti kultury,https://apl.brno.cz/protokoly-zmb/zmb-z9-22/20241210-76-42166.html
Z9-22-077,Z9/22,2024-12-10,tomas-hejl,Tomáš Hejl,ANO 2011,Ano,Ano,f29bd008a28b3b12,ano,,"57. Návrh Dodatku č. 3 ke Smlouvě o společné realizaci projektu ""Velké dějiny města Brna""",https://apl.brno.cz/protokoly-zmb/zmb-z9-22/20241210-77-42196.html
Z9-22-078,Z9/22,2024-12-10,tomas-hejl,Tomáš Hejl,ANO 2011,Ano,Ano,4cd1933b5ac0a8d2,ano,,58. Projekty financované z Fondu kofinancování projektů – prosinec 2024 – návrh rozpočtového opatření,https://apl.brno.cz/protokoly-zmb/zmb-z9-22/20241210-78-42226.html
Z9-22-079,Z9/22,2024-12-10,tomas-hejl,Tomáš Hejl,ANO 2011,Ano,Ano,0d3700dd11d9ae74,ano,,59. Finanční prostředky Fondu kofinancování projektů – prosinec 2024 – návrh rozpočtových opatření,https://apl.brno.cz/protokoly-zmb/zmb-z9-22/20241210-79-42261.html
Z9-22-080,Z9/22,2024-12-10,tomas-hejl,Tomáš Hejl,ANO 2011,Ano,Ano,0c0d90d4e3a330cd,ano,,"60. Projekt ""Dům pro seniory Bystrc"" – posouzení projektu",https://apl.brno.cz/protokoly-zmb/zmb-z9-22/20241210-80-42293.html
Z9-22-082,Z9/22,2024-12-10,tomas-hejl,Tomáš Hejl,ANO 2011,Ano,Ano,d597a6eb8ec8bfea,ano,,"62. Projekt ""Rozšíření monitoringu a logování síťových prvků SMB"" – rozhodnutí o poskytnutí dotace",https://apl.brno.cz/protokoly-zmb/zmb-z9-22/20241210-82-42364.html
Z9-22-081,Z9/22,2024-12-10,tomas-hejl,Tomáš Hejl,ANO 2011,Ano,Ano,5f4ef75f72e80314,ano,,"61. Projekt ""Kontaktní centrum Koliště"" – rozhodnutí o poskytnutí dotace",https://apl.brno.cz/protokoly-zmb/zmb-z9-22/20241210-81-42326.html
Z9-22-083,Z9/22,2024-12-10,tomas-hejl,Tomáš Hejl,ANO 2011,Ano,Ano,c5d5cc237e576a75,ano,,"64. Předchozí souhlas Zastupitelstva města Brna k úhradě kupní ceny spoluvlastnických podílů na pozemcích ve splátkách dle ""Postupu města při prodeji bytového fondu"" – Gallašova 2/Grmelova 10, Brno",https://apl.brno.cz/protokoly-zmb/zmb-z9-22/20241210-83-42406.html
Z9-22-085,Z9/22,2024-12-10,tomas-hejl,Tomáš Hejl,ANO 2011,Ano,Ano,534f24397ad96ff1,ano,,"65. Návrh postupu při zpeněžení pozemků p. č. 2615/1, 2615/49, 2615/54, 2615/55, 2825/6, 2828/2, 2828/203, 2828/204, 2861/1, 2861/2, 2861/3 v k. ú. Černovice nebo jejich částí - var. B vč. doplnění",https://apl.brno.cz/protokoly-zmb/zmb-z9-22/20241210-85-42725.html
Z9-22-086,Z9/22,2024-12-10,tomas-hejl,Tomáš Hejl,ANO 2011,Ano,Ano,5cf4e255de6ef411,ano,,Body č. 66-68,https://apl.brno.cz/protokoly-zmb/zmb-z9-22/20241210-86-42806.html
Z9-22-087,Z9/22,2024-12-10,tomas-hejl,Tomáš Hejl,ANO 2011,Ano,Ano,333da81f5bc447e4,ano,,69. Návrh prodeje části pozemku p. č. 1378 v k. ú. Štýřice,https://apl.brno.cz/protokoly-zmb/zmb-z9-22/20241210-87-42846.html
Z9-22-088,Z9/22,2024-12-10,tomas-hejl,Tomáš Hejl,ANO 2011,Ano,Ano,32d4b5bacad2e5c3,ano,,"70. Návrh prodeje spoluvlastnického podílu ve výši id. 1/6 na pozemku p. č. 2952/20 v k. ú. Černovice do vlastnictví České republiky – Správy železnic, státní organizace",https://apl.brno.cz/protokoly-zmb/zmb-z9-22/20241210-88-42886.html
Z9-22-089,Z9/22,2024-12-10,tomas-hejl,Tomáš Hejl,ANO 2011,Ano,Ano,3f525f8dfcaea990,ano,,"71. Adresný záměr úplatného převodu spoluvlastnických podílů na pozemcích p. č. 1658/5 a p. č. 1658/6, v k. ú. Černovice, pod bytovým domem č. p. 1191 v k. ú. Černovice, Brno, Bytovému družstvu Kneslova, družstvo",https://apl.brno.cz/protokoly-zmb/zmb-z9-22/20241210-89-42953.html
Z9-22-090,Z9/22,2024-12-10,tomas-hejl,Tomáš Hejl,ANO 2011,Ano,Ano,4e62e287ed7109e5,ano,,Body č. 72-74,https://apl.brno.cz/protokoly-zmb/zmb-z9-22/20241210-90-42993.html
Z9-22-092,Z9/22,2024-12-10,tomas-hejl,Tomáš Hejl,ANO 2011,Ano,Ano,5d6fd39ac6d7f365,ano,,Body č. 81-82,https://apl.brno.cz/protokoly-zmb/zmb-z9-22/20241210-92-43104.html
Z9-22-091,Z9/22,2024-12-10,tomas-hejl,Tomáš Hejl,ANO 2011,Ano,Ano,18af593eab69c79b,ano,,Body č. 76-80,https://apl.brno.cz/protokoly-zmb/zmb-z9-22/20241210-91-43063.html
Z9-22-093,Z9/22,2024-12-10,tomas-hejl,Tomáš Hejl,ANO 2011,Ano,Ano,c8cc0d8b48cc07fa,ano,,Body č. 83-85,https://apl.brno.cz/protokoly-zmb/zmb-z9-22/20241210-93-43170.html
Z9-22-094,Z9/22,2024-12-10,tomas-hejl,Tomáš Hejl,ANO 2011,Ano,Ano,b895849a0074fa5b,ano,,Body č. 86 a 87,https://apl.brno.cz/protokoly-zmb/zmb-z9-22/20241210-94-43209.html
Z9-22-095,Z9/22,2024-12-10,tomas-hejl,Tomáš Hejl,ANO 2011,Ano,Ano,e87262328d4d2eb2,ano,,88. Nabídka na využití předkupního práva dle § 101 stavebního zákona k podílu id. 1/9 pozemku p. č. 1902/4 v k. ú. Tuřany,https://apl.brno.cz/protokoly-zmb/zmb-z9-22/20241210-95-43246.html
Z9-22-096,Z9/22,2024-12-10,tomas-hejl,Tomáš Hejl,ANO 2011,Ano,Ano,4ecdae19d0515fbc,ano,,Body č. 89-101,https://apl.brno.cz/protokoly-zmb/zmb-z9-22/20241210-96-43311.html
Z9-22-097,Z9/22,2024-12-10,tomas-hejl,Tomáš Hejl,ANO 2011,Ano,Ano,1b1099c15cf5baab,ano,,102. Návrh majetkové dispozice nemovitých věcí v k. ú. Trnitá pro celkovou revitalizaci území Skořepka,https://apl.brno.cz/protokoly-zmb/zmb-z9-22/20241210-97-43351.html
Z9-22-098,Z9/22,2024-12-10,tomas-hejl,Tomáš Hejl,ANO 2011,Ano,Ano,354919d7ea0e511b,ano,,"103. Návrh budoucí směny pozemků v k. ú. Černovice a Tuřany za pozemky v k. ú. Černovice, Komín, Líšeň a Slatina a návrh budoucího prodeje pozemků v k. ú. Černovice",https://apl.brno.cz/protokoly-zmb/zmb-z9-22/20241210-98-43388.html
Z9-22-099,Z9/22,2024-12-10,tomas-hejl,Tomáš Hejl,ANO 2011,Ano,Ano,850f239ce1b03724,ano,,"104. Návrh svěření majetku města městské části Brno-Slatina, pozemků p. č. 68/2, p. č. 342/4, p. č. 3574/3 k. ú. Slatina",https://apl.brno.cz/protokoly-zmb/zmb-z9-22/20241210-99-43430.html
Z9-22-100,Z9/22,2024-12-10,tomas-hejl,Tomáš Hejl,ANO 2011,Ano,Ano,75077b7cc51c4d23,ano,,105. Návrh na změnu části usnesení Zastupitelstva města Brna Z9/18 konaného dne 18. 6. 2024 pod bodem 140 – návrh svěření nemovitých věcí v k. ú. Židenice městské části Brno-Vinohrady,https://apl.brno.cz/protokoly-zmb/zmb-z9-22/20241210-100-43463.html
Z9-22-101,Z9/22,2024-12-10,tomas-hejl,Tomáš Hejl,ANO 2011,Ano,Ano,546ecd11a7f46773,ano,,"106. Návrh na odnětí svěřeného majetku města městské části Brno-střed, pozemků p. č. 31/12, p. č. 41/2, p. č. 41/3, p. č. 41/4, p. č. 1119/2, p. č. 1119/4 v k. ú. Trnitá",https://apl.brno.cz/protokoly-zmb/zmb-z9-22/20241210-101-43501.html
Z9-22-102,Z9/22,2024-12-10,tomas-hejl,Tomáš Hejl,ANO 2011,Ano,Ano,9b6267dc9649d966,ano,,107. Návrh smlouvy o pachtu a provozování vodovodů a kanalizací,https://apl.brno.cz/protokoly-zmb/zmb-z9-22/20241210-102-43536.html
Z9-22-103,Z9/22,2024-12-10,tomas-hejl,Tomáš Hejl,ANO 2011,Ano,Ano,d93de2b99f934d0a,ano,,Body č. 108 a 110,https://apl.brno.cz/protokoly-zmb/zmb-z9-22/20241210-103-43605.html
Z9-22-104,Z9/22,2024-12-10,tomas-hejl,Tomáš Hejl,ANO 2011,Ano,Ano,acc3158dd30d8582,ano,,109. Návrh Smlouvy o spolupráci při výstavbě veřejné infrastruktury „BD MORAVANSKÁ“,https://apl.brno.cz/protokoly-zmb/zmb-z9-22/20241210-104-43639.html
Z9-22-105,Z9/22,2024-12-10,tomas-hejl,Tomáš Hejl,ANO 2011,Ano,Ano,4d02965506f99152,ano,,"112. Návrh Dodatku č. 2 ke Smlouvě o spolupráci při výstavbě veřejné infrastruktury ""RYBÁŘKA, POLYFUNKČNÍ SOUBOR – dům C2""",https://apl.brno.cz/protokoly-zmb/zmb-z9-22/20241210-105-43677.html
Z9-22-106,Z9/22,2024-12-10,tomas-hejl,Tomáš Hejl,ANO 2011,Ano,Ano,2af4f1133ec8b860,ano,,"113. Návrh Dodatku č. 2 ke Smlouvě o spolupráci při výstavbě veřejné infrastruktury „Residenční park Štefánikova, Brno – soubor staveb I (Etapa A+B)“",https://apl.brno.cz/protokoly-zmb/zmb-z9-22/20241210-106-43706.html
Z9-22-107,Z9/22,2024-12-10,tomas-hejl,Tomáš Hejl,ANO 2011,Ano,Ano,2cf30a6bfa4cb522,ano,,114. Tvorba Fondu rezerv a rozvoje na základě očekávaného nedočerpání rozpočtu kapitálových výdajů Odboru kultury MMB roku 2024 – návrh rozpočtového opatření,https://apl.brno.cz/protokoly-zmb/zmb-z9-22/20241210-107-43816.html
Z9-22-109,Z9/22,2024-12-10,tomas-hejl,Tomáš Hejl,ANO 2011,Ano,Ano,581a53a924c21bf9,ano,,"116. Návrh na změnu části usnesení zasedání Zastupitelstva města Brna č. Z9/19 konaného dne 10.09.2024, bod č. 159 týkající se směny nemovitých věcí v k.ú. Pisárky se společností STAREZ – SPORT, a. s.",https://apl.brno.cz/protokoly-zmb/zmb-z9-22/20241210-109-43884.html
Z9-22-108,Z9/22,2024-12-10,tomas-hejl,Tomáš Hejl,ANO 2011,Ano,Ano,a17cb31001c93cf5,ano,,"115. Záměr nabytí částí pozemku p. č. 424/1 v k.ú. Trnitá nově označených jako p. č. 424/18 a p. č. 424/19, souhlas s nabídkou kupní ceny Českých drah, a. s., pro stavbu „Cyklistická stezka Hladíkova“",https://apl.brno.cz/protokoly-zmb/zmb-z9-22/20241210-108-43850.html
Z9-22-110,Z9/22,2024-12-10,tomas-hejl,Tomáš Hejl,ANO 2011,Ano,Ano,292e11050043e8f9,ano,,"117. Návrh nabytí části pozemku p. č. 2795/2 v k. ú. Bosonohy pro stavbu ""Brno, MČ Bosonohy III. a IV. etapa – dostavba oddílného kanalizačního systému“ – návrh kupní smlouvy",https://apl.brno.cz/protokoly-zmb/zmb-z9-22/20241210-110-43920.html
Z9-22-113,Z9/22,2024-12-10,tomas-hejl,Tomáš Hejl,ANO 2011,Ano,Ano,f58b00e80aeb7956,ano,,120. Návrh na prodloužení termínu vyúčtování účelového investičního transferu poskytnutého městské části Brno-sever,https://apl.brno.cz/protokoly-zmb/zmb-z9-22/20241210-113-44013.html
Z9-23-001,Z9/23,2025-01-28,tomas-hejl,Tomáš Hejl,ANO 2011,Ano,Ano,19ae43011b02ab83,ano,,"Pověření Mgr. René Černého, 1. náměstka primátorky, vedením Z9/23. zasedání Zastupitelstva města Brna, konaného dne 28. 1. 2025",https://apl.brno.cz/protokoly-zmb/zmb-z9-23/20250128-1-33297.html
Z9-23-002,Z9/23,2025-01-28,tomas-hejl,Tomáš Hejl,ANO 2011,Ano,Ano,6d68964c98c4dff8,ano,,"1. Technický bod (zapisovatelé, právní asistence, ověřovatelé zápisu, schválení programu zasedání ZMB) - ověřovatelé zápisu",https://apl.brno.cz/protokoly-zmb/zmb-z9-23/20250128-2-33537.html
Z9-23-003,Z9/23,2025-01-28,tomas-hejl,Tomáš Hejl,ANO 2011,Ano,Ano,b1265f3c9669332b,ano,,"1. Technický bod (zapisovatelé, právní asistence, ověřovatelé zápisu, schválení programu zasedání ZMB) - program - hlasování o stažení bodu č. 40",https://apl.brno.cz/protokoly-zmb/zmb-z9-23/20250128-3-33736.html
Z9-23-004,Z9/23,2025-01-28,tomas-hejl,Tomáš Hejl,ANO 2011,Ano,Ano,fb869471934c03fd,ano,,"1. Technický bod (zapisovatelé, právní asistence, ověřovatelé zápisu, schválení programu zasedání ZMB) - program - hlasování o zařazení bodu č. 118",https://apl.brno.cz/protokoly-zmb/zmb-z9-23/20250128-4-33768.html
Z9-23-005,Z9/23,2025-01-28,tomas-hejl,Tomáš Hejl,ANO 2011,Ano,Ano,15c6125436b1aa9e,ano,,"1. Technický bod (zapisovatelé, právní asistence, ověřovatelé zápisu, schválení programu zasedání ZMB) - program",https://apl.brno.cz/protokoly-zmb/zmb-z9-23/20250128-5-33812.html
Z9-22-053,Z9/22,2024-12-10,tomas-hejl,Tomáš Hejl,ANO 2011,Ano,Ano,902d8355160455e0,ano,,"31. Zapojení Fondu rezerv a rozvoje v souvislosti s poskytnutím neinvestičního příspěvku Nemocnici Milosrdných bratří, příspěvkové organizaci, z důvodu evakuace nemocnice před hrozící záplavou – návrh rozpočtového opatření",https://apl.brno.cz/protokoly-zmb/zmb-z9-22/20241210-53-40930.html
Z9-23-007,Z9/23,2025-01-28,tomas-hejl,Tomáš Hejl,ANO 2011,Ano,Ano,b05b996e7e4bb892,ano,,6. Návrh na pojmenování nových ulic na území města Brna,https://apl.brno.cz/protokoly-zmb/zmb-z9-23/20250128-7-33919.html
Z9-23-008,Z9/23,2025-01-28,tomas-hejl,Tomáš Hejl,ANO 2011,Ano,Ano,d0e9f6dd931fbf75,ano,,7. Smlouva o spolupráci mezi městy Záhřebem (Chorvatská republika) a Brnem (Česká republika) – návrh na pověření podpisem,https://apl.brno.cz/protokoly-zmb/zmb-z9-23/20250128-8-33954.html
Z9-23-009,Z9/23,2025-01-28,tomas-hejl,Tomáš Hejl,ANO 2011,Ano,Ano,5e27c4870d70a804,ano,,8. Strategie bydlení města Brna 2018-2030 - návrh Akčního plánu 2025-2027,https://apl.brno.cz/protokoly-zmb/zmb-z9-23/20250128-9-35136.html
Z9-23-010,Z9/23,2025-01-28,tomas-hejl,Tomáš Hejl,ANO 2011,Ano,Ano,11d9d446aed47e57,ano,,9. Návrh aktualizace Integrované strategie rozvoje Brněnské metropolitní oblasti 2021+,https://apl.brno.cz/protokoly-zmb/zmb-z9-23/20250128-10-35312.html
Z9-23-011,Z9/23,2025-01-28,tomas-hejl,Tomáš Hejl,ANO 2011,Ano,Ano,165258a9736c4450,ano,,"10. Žádost o souhlas se změnou dramaturgického plánu celoroční činnosti ""Popularizace historie, architektury a hudby ve vile Stiassni"" – Národní památkový ústav",https://apl.brno.cz/protokoly-zmb/zmb-z9-23/20250128-11-35352.html
Z9-23-012,Z9/23,2025-01-28,tomas-hejl,Tomáš Hejl,ANO 2011,Ano,Ano,af2e4c254a6b61b4,ano,,"11. Souhlas s vytvořením společného školského obvodu Základní školy Brno, Arménská 21, příspěvkové organizace, s obcí Nebovidy – návrh dohody",https://apl.brno.cz/protokoly-zmb/zmb-z9-23/20250128-12-35381.html
Z9-23-013,Z9/23,2025-01-28,tomas-hejl,Tomáš Hejl,ANO 2011,Ano,Ano,bee07320db6627f3,ano,,12. Návrh Dohody členů společnosti ARENA REALIZACE o vypořádání nákladů dle čl. 3. odst. 3.1. písm. d) Dodatku č. 2 Smlouvy o společnosti ARENA REALIZACE,https://apl.brno.cz/protokoly-zmb/zmb-z9-23/20250128-13-35410.html
Z9-23-014,Z9/23,2025-01-28,tomas-hejl,Tomáš Hejl,ANO 2011,Ano,Ano,5dc6013dbf1a2a61,ano,,13. Aktualizace rozpočtu Odboru investičního MMB – leden 2025 – návrh rozpočtového opatření,https://apl.brno.cz/protokoly-zmb/zmb-z9-23/20250128-14-35538.html
Z9-23-015,Z9/23,2025-01-28,tomas-hejl,Tomáš Hejl,ANO 2011,Ano,Ano,ea34dd5fa4c67bb2,ano,,14. Návrh rozpočtového opatření v rozpočtu Odboru strategického rozvoje a spolupráce MMB,https://apl.brno.cz/protokoly-zmb/zmb-z9-23/20250128-15-35570.html
Z9-23-016,Z9/23,2025-01-28,tomas-hejl,Tomáš Hejl,ANO 2011,Ano,Ano,a0cf389b27e3dc1a,ano,,15. Návrh rozpočtového opatření v souvislosti s realizací veřejné zakázky na dodávku koncertních varhan v roce 2025,https://apl.brno.cz/protokoly-zmb/zmb-z9-23/20250128-16-35600.html
Z9-23-017,Z9/23,2025-01-28,tomas-hejl,Tomáš Hejl,ANO 2011,Ano,Ano,e615a9262776211d,ano,,"16. Přesun běžných výdajů v rámci rozpočtu Odboru správy majetku MMB, návrh rozpočtového opatření",https://apl.brno.cz/protokoly-zmb/zmb-z9-23/20250128-17-35632.html
Z9-23-018,Z9/23,2025-01-28,tomas-hejl,Tomáš Hejl,ANO 2011,Ano,Ano,a23eb4625b068e34,ano,,"17. Zapojení Fondu rezerv a rozvoje k financování běžných a kapitálových výdajů Odboru školství a mládeže, Dodatek č. 2 ke Smlouvě o dílo ""Rekonstrukce soc. zařízení v prostorách pavilonu B a vestibulu Waldorfské školy Brno"" – návrh rozpočtového opatření",https://apl.brno.cz/protokoly-zmb/zmb-z9-23/20250128-18-35660.html
Z9-23-019,Z9/23,2025-01-28,tomas-hejl,Tomáš Hejl,ANO 2011,Ano,Ano,1a7ab7a12f1d2f2d,ano,,"18. Zapojení Fondu Dáme na vás na projekty participativního rozpočtu, výsledky hlasování – návrh rozpočtového opatření",https://apl.brno.cz/protokoly-zmb/zmb-z9-23/20250128-19-35691.html
Z9-23-020,Z9/23,2025-01-28,tomas-hejl,Tomáš Hejl,ANO 2011,Ano,Ano,6a38a795d0d51355,ano,,19. Návrh na poskytnutí transferů městským částem z rozpočtu Odboru investičního MMB na rok 2025 – návrh rozpočtového opatření,https://apl.brno.cz/protokoly-zmb/zmb-z9-23/20250128-20-35734.html
Z9-22-111,Z9/22,2024-12-10,tomas-hejl,Tomáš Hejl,ANO 2011,Ano,Ano,38fcfb121df97494,ano,,"118. Návrh nabytí pozemku p. č. 1495/14 v k. ú. Bosonohy pro stavbu ""Brno, MČ Bosonohy III. a IV. etapa – dostavba oddílného kanalizačního systému“ – návrh kupní smlouvy",https://apl.brno.cz/protokoly-zmb/zmb-z9-22/20241210-111-43951.html
Z9-22-112,Z9/22,2024-12-10,tomas-hejl,Tomáš Hejl,ANO 2011,Ano,Ano,e147fbe203132660,ano,,"119. Návrh Dodatku č. 2 ke zřizovací listině Základní školy Brno, Čejkovická 10, příspěvkové organizace",https://apl.brno.cz/protokoly-zmb/zmb-z9-22/20241210-112-43978.html
Z9-23-022,Z9/23,2025-01-28,tomas-hejl,Tomáš Hejl,ANO 2011,Ano,Ano,18e7100551c4019a,ano,,21. Návrh na poskytnutí neinvestičních dotací na podporu vrcholového sportu pro rok 2025 – návrh rozpočtového opatření,https://apl.brno.cz/protokoly-zmb/zmb-z9-23/20250128-22-35826.html
Z9-23-023,Z9/23,2025-01-28,tomas-hejl,Tomáš Hejl,ANO 2011,Ano,Ano,d70e96cd20428da1,ano,,22. Návrh na poskytnutí neinvestičních dotací na podporu provozu sportovišť pro rok 2025,https://apl.brno.cz/protokoly-zmb/zmb-z9-23/20250128-23-35867.html
Z9-23-024,Z9/23,2025-01-28,tomas-hejl,Tomáš Hejl,ANO 2011,Ano,Ano,99ad918abf25a46c,ano,,"23. Návrh na poskytnutí individuální neinvestiční dotace GALANT BRNO, s. r. o., na projekt Zabezpečení celoročního provozu Sportareálu Družstevní v roce 2025",https://apl.brno.cz/protokoly-zmb/zmb-z9-23/20250128-24-35896.html
Z9-23-025,Z9/23,2025-01-28,tomas-hejl,Tomáš Hejl,ANO 2011,Ano,Ano,6fb5dd30b3c3cb45,ano,,24. Návrh na poskytnutí individuální neinvestiční dotace TJ TESLA BRNO z.s. na projekt Zabezpečení celoročního provozu sportovního areálu TJ TESLA BRNO v roce 2025,https://apl.brno.cz/protokoly-zmb/zmb-z9-23/20250128-25-35935.html
Z9-23-026,Z9/23,2025-01-28,tomas-hejl,Tomáš Hejl,ANO 2011,Ano,Ano,7c06adbc0fc4308d,ano,,"25. Návrh na poskytnutí individuální neinvestiční dotace spolku Malý fotbal Brno, z. s., na projekt „Podpora činnosti trenérů a animátorů pohybových aktivit na ZŠ“ v období 02/2025–06/2025 – návrh rozpočtového opatření",https://apl.brno.cz/protokoly-zmb/zmb-z9-23/20250128-26-36319.html
Z9-23-028,Z9/23,2025-01-28,tomas-hejl,Tomáš Hejl,ANO 2011,Ano,Ano,2e8897a2e8b8eee1,ano,,27. Záměr poskytnutí individuální investiční dotace VUT na výměnu povrchu na atletickém stadionu Pod Palackého vrchem v období 2025–2027,https://apl.brno.cz/protokoly-zmb/zmb-z9-23/20250128-28-36450.html
Z9-23-029,Z9/23,2025-01-28,tomas-hejl,Tomáš Hejl,ANO 2011,Ano,Ano,11aacef463890e39,ano,,28. Návrh na poskytnutí individuální neinvestiční dotace Společenství Romů na Moravě Romano jekhetanibenpre Morava,https://apl.brno.cz/protokoly-zmb/zmb-z9-23/20250128-29-36507.html
Z9-23-006,Z9/23,2025-01-28,tomas-hejl,Tomáš Hejl,ANO 2011,Ano,Ano,df9bd6218e47a953,ano,,5. Přehled účastí na schůzích výborů ZMB,https://apl.brno.cz/protokoly-zmb/zmb-z9-23/20250128-6-33884.html
Z9-23-030,Z9/23,2025-01-28,tomas-hejl,Tomáš Hejl,ANO 2011,Ano,Ano,18138b71ddeea1fa,ano,,29. Návrh na poskytnutí neinvestičních dotací v rámci Programu I pro rok 2025 – sociální služby poskytované NNO – návrh rozpočtového opatření - pol. č. 16,https://apl.brno.cz/protokoly-zmb/zmb-z9-23/20250128-30-36577.html
Z9-23-032,Z9/23,2025-01-28,tomas-hejl,Tomáš Hejl,ANO 2011,Ano,Ano,992ce08a4b19ed79,ano,,29. Návrh na poskytnutí neinvestičních dotací v rámci Programu I pro rok 2025 – sociální služby poskytované NNO – návrh rozpočtového opatření - pol. č. 45,https://apl.brno.cz/protokoly-zmb/zmb-z9-23/20250128-32-36625.html
Z9-23-033,Z9/23,2025-01-28,tomas-hejl,Tomáš Hejl,ANO 2011,Ano,Ano,f88cdb3200ff9465,ano,,29. Návrh na poskytnutí neinvestičních dotací v rámci Programu I pro rok 2025 – sociální služby poskytované NNO – návrh rozpočtového opatření,https://apl.brno.cz/protokoly-zmb/zmb-z9-23/20250128-33-36652.html
Z9-23-034,Z9/23,2025-01-28,tomas-hejl,Tomáš Hejl,ANO 2011,Ano,Ano,6e65c640cfb64e44,ano,,"30. Návrh na poskytnutí investičního příspěvku Domovu pro seniory Kociánka, příspěvkové organizaci – návrh rozpočtového opatření",https://apl.brno.cz/protokoly-zmb/zmb-z9-23/20250128-34-36679.html
Z9-23-035,Z9/23,2025-01-28,tomas-hejl,Tomáš Hejl,ANO 2011,Ano,Ano,636679e8d2751a70,ano,,"31. Návrh na poskytnutí investičních dotací v rámci dotačního programu Podpora vytváření zelených střech přislíbených v roce 2023 a 2024, návrh vzorové veřejnoprávní smlouvy o poskytnutí dotace z rozpočtu města Brna za roky 2023 a 2024",https://apl.brno.cz/protokoly-zmb/zmb-z9-23/20250128-35-36707.html
Z9-23-036,Z9/23,2025-01-28,tomas-hejl,Tomáš Hejl,ANO 2011,Ano,Ano,c349d696d4880312,ano,,32. Návrh na poskytnutí peněžitého daru do majetku Jihomoravského filmového nadačního fondu,https://apl.brno.cz/protokoly-zmb/zmb-z9-23/20250128-36-36731.html
Z9-23-037,Z9/23,2025-01-28,tomas-hejl,Tomáš Hejl,ANO 2011,Ano,Ano,c72949dbecc5004e,ano,,33. Návrh smlouvy o poskytnutí individuální dotace z rozpočtu města Brna v letech 2025-2026 pro společnost Prokoncertagency s. r. o. na projekt „BRNO BRASS FEST“,https://apl.brno.cz/protokoly-zmb/zmb-z9-23/20250128-37-36758.html
Z9-23-038,Z9/23,2025-01-28,tomas-hejl,Tomáš Hejl,ANO 2011,Ano,Ano,41fb858572878a9c,ano,,34. Návrh smlouvy o poskytnutí individuální dotace z rozpočtu města Brna v letech 2025-2026 pro Sdružení přátel folkloru v Brně z. s. na projekt „Mezinárodní folklorní festival Brno“,https://apl.brno.cz/protokoly-zmb/zmb-z9-23/20250128-38-36788.html
Z9-23-021,Z9/23,2025-01-28,tomas-hejl,Tomáš Hejl,ANO 2011,Ano,Ano,4fb657fb46768412,ano,,"20. Návrh na poskytnutí dotací a uzavření smluv s organizacemi poskytujícími služby zdravotnické, služby v oblasti podpory rodinné politiky a podpory prevence domácího násilí",https://apl.brno.cz/protokoly-zmb/zmb-z9-23/20250128-21-35764.html
Z9-23-027,Z9/23,2025-01-28,tomas-hejl,Tomáš Hejl,ANO 2011,Ano,Ano,4cc1a6b00530a689,ano,,"26. Návrh na poskytnutí individuální neinvestiční dotace spolku Trenéři ve škole, z. s., na realizaci projektu „Trenéři ve škole“ v období 02/2025-06/2025 – návrh rozpočtového opatření",https://apl.brno.cz/protokoly-zmb/zmb-z9-23/20250128-27-36420.html
Z9-23-031,Z9/23,2025-01-28,tomas-hejl,Tomáš Hejl,ANO 2011,Ano,Ano,b031b400a999f0f6,ano,,29. Návrh na poskytnutí neinvestičních dotací v rámci Programu I pro rok 2025 – sociální služby poskytované NNO – návrh rozpočtového opatření - pol. č. 29,https://apl.brno.cz/protokoly-zmb/zmb-z9-23/20250128-31-36602.html
Z9-23-039,Z9/23,2025-01-28,tomas-hejl,Tomáš Hejl,ANO 2011,Ano,Ano,fcf625551282644e,ano,,"35. Návrh smlouvy o poskytnutí individuální dotace z rozpočtu města Brna v letech 2025-2027 pro POST BELLUM, z. ú., na projekt „Institut Paměti národa Brno – multimediální expozice a doprovodný program 2025-2027“",https://apl.brno.cz/protokoly-zmb/zmb-z9-23/20250128-39-36815.html
Z9-23-042,Z9/23,2025-01-28,tomas-hejl,Tomáš Hejl,ANO 2011,Ano,Ano,13da0fdd929055b8,ano,,"38. Návrh na uzavření dodatku č. 2 ke smlouvě o poskytnutí individuální investiční dotace společnosti STAREZ – SPORT, a. s., na realizaci projektu „Rekonstrukce ledové plochy haly Rondo“",https://apl.brno.cz/protokoly-zmb/zmb-z9-23/20250128-42-36900.html
Z9-23-041,Z9/23,2025-01-28,tomas-hejl,Tomáš Hejl,ANO 2011,Ano,Ano,7891f705d861d334,ano,,"37. Návrh smlouvy o poskytnutí individuální dotace z rozpočtu města Brna v letech 2025-2026 pro Společně, o. p. s., na projekt „Mendel festival 2025–2026“",https://apl.brno.cz/protokoly-zmb/zmb-z9-23/20250128-41-36869.html
Z9-23-040,Z9/23,2025-01-28,tomas-hejl,Tomáš Hejl,ANO 2011,Ano,Ano,a40ebbc57187bad8,ano,,36. Návrh smlouvy o poskytnutí individuální dotace z rozpočtu města Brna v letech 2025-2027 pro Nadační fond MEHRIN na projekt „Moravské židovské muzeum Malý Mehrin“ – návrh rozpočtového opatření,https://apl.brno.cz/protokoly-zmb/zmb-z9-23/20250128-40-36843.html
Z9-23-043,Z9/23,2025-01-28,tomas-hejl,Tomáš Hejl,ANO 2011,Ano,Ano,07f1425488ce3a73,ano,,"39. Návrh plné moci pro společnost KAVA, spol. s r. o.",https://apl.brno.cz/protokoly-zmb/zmb-z9-23/20250128-43-36932.html
Z9-23-044,Z9/23,2025-01-28,tomas-hejl,Tomáš Hejl,ANO 2011,Ano,Ano,95a51cf4c5fab73b,ano,,41. Finanční prostředky Fondu kofinancování projektů – leden 2025 – návrh rozpočtových opatření,https://apl.brno.cz/protokoly-zmb/zmb-z9-23/20250128-44-36964.html
Z9-23-046,Z9/23,2025-01-28,tomas-hejl,Tomáš Hejl,ANO 2011,Ano,Ano,a3a3494f4f00369c,ano,,"43. Projekty ""Pořízení cisternové automobilové stříkačky pro JSDH – pro rok 2024"" – rozhodnutí o poskytnutí dotací",https://apl.brno.cz/protokoly-zmb/zmb-z9-23/20250128-46-37025.html
Z9-23-045,Z9/23,2025-01-28,tomas-hejl,Tomáš Hejl,ANO 2011,Ano,Ano,375545ffb544cd0c,ano,,"42. Projekt ""Integrace cizinců ve městě Brně VI."" – posouzení projektu",https://apl.brno.cz/protokoly-zmb/zmb-z9-23/20250128-45-36994.html
Z9-23-047,Z9/23,2025-01-28,tomas-hejl,Tomáš Hejl,ANO 2011,Ano,Ano,0df7854c5c13960b,ano,,"44. Návrh na poskytnutí zápůjčky městské části Brno-Slatina a městské části Brno-sever z rozpočtu města Brna, návrh rozpočtového opatření",https://apl.brno.cz/protokoly-zmb/zmb-z9-23/20250128-47-37058.html
Z9-23-048,Z9/23,2025-01-28,tomas-hejl,Tomáš Hejl,ANO 2011,Ano,Ano,d207368ec3781ec9,ano,,"45. Návrh na zrušení usnesení Zastupitelstva města Brna č. Z9/08 konaného dne 20.06.2023, bod č. 87, Záměr prodeje volné vymezené bytové jednotky v domě Nové sady 22, Brno, a podílu na souvisejícím pozemku p. č. 1463, k. ú. Staré Brno",https://apl.brno.cz/protokoly-zmb/zmb-z9-23/20250128-48-37106.html
Z9-23-050,Z9/23,2025-01-28,tomas-hejl,Tomáš Hejl,ANO 2011,Ano,Ano,5c2cf79f55a9e26b,ano,,47. Návrh zpeněžení (prodeje) pozemku p. č. 4701/4 v k. ú. Židenice formou veřejné elektronické dobrovolné dražby,https://apl.brno.cz/protokoly-zmb/zmb-z9-23/20250128-50-37527.html
Z9-23-049,Z9/23,2025-01-28,tomas-hejl,Tomáš Hejl,ANO 2011,Ano,Ano,efc0b0e5d6efd7cc,ano,,"46. Návrh na zrušení usnesení Zastupitelstva města Brna č. Z9/19 konaného dne 10.09.2024, bod č. 83, Záměr prodeje volné vymezené bytové jednotky v domě Purkyňova 1,3,5,7, Brno",https://apl.brno.cz/protokoly-zmb/zmb-z9-23/20250128-49-37138.html
Z9-23-052,Z9/23,2025-01-28,tomas-hejl,Tomáš Hejl,ANO 2011,Ano,Ano,aa780375873f8d07,ano,,49. Návrh zpeněžení-prodeje pozemku p. č. 685 jehož součástí je bytový dům Kamenná 2 vše v k. ú. Štýřice ve veřejné elektronické dražbě,https://apl.brno.cz/protokoly-zmb/zmb-z9-23/20250128-52-37582.html
Z9-23-051,Z9/23,2025-01-28,tomas-hejl,Tomáš Hejl,ANO 2011,Ano,Ano,f8ac9e25150d6794,ano,,"48. Návrh zpeněžení (prodeje) pozemků St. p. č. 132, St. p. č. 136/1, p. č. 53/2 a p. č. 53/10, vše v k. ú. Vohančice, formou veřejné elektronické dobrovolné dražby",https://apl.brno.cz/protokoly-zmb/zmb-z9-23/20250128-51-37552.html
Z9-23-053,Z9/23,2025-01-28,tomas-hejl,Tomáš Hejl,ANO 2011,Ano,Ano,31d847fb549a7720,ano,,"50. Návrh zpeněžení (prodeje) pozemků p. č. 2773/1, p. č. 2773/2 a p. č. 2773/7, vše k. ú. Kuřim, formou veřejné elektronické dobrovolné dražby",https://apl.brno.cz/protokoly-zmb/zmb-z9-23/20250128-53-37609.html
Z9-23-054,Z9/23,2025-01-28,tomas-hejl,Tomáš Hejl,ANO 2011,Ano,Ano,95a2824762f40359,ano,,Body č. 51-55,https://apl.brno.cz/protokoly-zmb/zmb-z9-23/20250128-54-37681.html
Z9-23-055,Z9/23,2025-01-28,tomas-hejl,Tomáš Hejl,ANO 2011,Ano,Ano,595c8de49bbd127a,ano,,"56. Návrh prodeje stánku umístěného na části pozemku p. č. 1336 v k. ú. Zábrdovice, návrh souhlasu se záměrem poskytnutí transferu",https://apl.brno.cz/protokoly-zmb/zmb-z9-23/20250128-55-37715.html
Z9-23-058,Z9/23,2025-01-28,tomas-hejl,Tomáš Hejl,ANO 2011,Ano,Ano,342082def75c6eda,ano,,"61. Návrh nabytí spoluvlastnických podílů k pozemku p. č. 1811/38 v k. ú. Žebětín pro stavbu „Nový chodník v prodloužení ul. Hostislavova II. etapa, 1. úsek“",https://apl.brno.cz/protokoly-zmb/zmb-z9-23/20250128-58-37841.html
Z9-23-059,Z9/23,2025-01-28,tomas-hejl,Tomáš Hejl,ANO 2011,Ano,Ano,023ef06683c46cd1,ano,,Body č. 62-67,https://apl.brno.cz/protokoly-zmb/zmb-z9-23/20250128-59-37879.html
Z9-23-060,Z9/23,2025-01-28,tomas-hejl,Tomáš Hejl,ANO 2011,Ano,Ano,aa2e00dae7d894f8,ano,,68. Návrh svěření pravomoci Odboru investičnímu a Odboru dopravy MMB k uzavírání smluv o zřízení věcného břemene u pozemků nabývaných od ČR-ÚZSVM se specifickými podmínkami; návrh rozpočtového opatření,https://apl.brno.cz/protokoly-zmb/zmb-z9-23/20250128-60-37916.html
Z9-23-061,Z9/23,2025-01-28,tomas-hejl,Tomáš Hejl,ANO 2011,Ano,Ano,db9ffcb977d92970,ano,,Body č. 69-101,https://apl.brno.cz/protokoly-zmb/zmb-z9-23/20250128-61-37981.html
Z9-23-062,Z9/23,2025-01-28,tomas-hejl,Tomáš Hejl,ANO 2011,Ano,Ano,b31daddb335aee6c,ano,,"102. Návrh souhlasu se záměrem bezúplatného nabytí pozemku p. č. 1191/27 v k. ú. Trnitá, souhlas s technickými podmínkami převodu pozemku p. č. 1191/27 v k. ú. Trnitá",https://apl.brno.cz/protokoly-zmb/zmb-z9-23/20250128-62-38036.html
Z9-23-063,Z9/23,2025-01-28,tomas-hejl,Tomáš Hejl,ANO 2011,Ano,Ano,f381f406ed6e6b4f,ano,,Body č. 103-106,https://apl.brno.cz/protokoly-zmb/zmb-z9-23/20250128-63-38086.html
Z9-23-065,Z9/23,2025-01-28,tomas-hejl,Tomáš Hejl,ANO 2011,Ano,Ano,75d8a1d6bfbb033f,ano,,"108. Návrh směny pozemků a části pozemku v k. ú. Trnitá a v k. ú. Komárov, návrh budoucího nabytí pozemku a části pozemku v k. ú. Komárov - stažení bodu",https://apl.brno.cz/protokoly-zmb/zmb-z9-23/20250128-65-38819.html
Z9-23-064,Z9/23,2025-01-28,tomas-hejl,Tomáš Hejl,ANO 2011,Ano,Ano,b472818f98e3e804,ano,,"107. Návrh na uznání vlastnického práva k pozemkům p. č. 2787, 2788, 2789, vše v k. ú. Bohunice formou souhlasného prohlášení",https://apl.brno.cz/protokoly-zmb/zmb-z9-23/20250128-64-38116.html
Z9-23-066,Z9/23,2025-01-28,tomas-hejl,Tomáš Hejl,ANO 2011,Ano,Ano,9c9e2f608eea73ad,ano,,Body č. 109 a 110,https://apl.brno.cz/protokoly-zmb/zmb-z9-23/20250128-66-38870.html
Z9-23-068,Z9/23,2025-01-28,tomas-hejl,Tomáš Hejl,ANO 2011,Ano,Ano,16b7ab94e989a6f3,ano,,"112. Návrh svěření majetku města městské části Brno-Kohoutovice, pozemků p. č. 846/145, p. č. 846/198, p. č. 846/205 k. ú. Kohoutovice - stažení bodu",https://apl.brno.cz/protokoly-zmb/zmb-z9-23/20250128-68-39005.html
Z9-23-069,Z9/23,2025-01-28,tomas-hejl,Tomáš Hejl,ANO 2011,Ano,Ano,d485e2e7fc5e022d,ano,,"113. Návrh svěření majetku města městské části Brno-Židenice, pozemků p. č. 4407/71, p. č. 7861/1, p. č. 7856/1, p. č. 7899/1, p. č. 7899/2 k. ú. Židenice",https://apl.brno.cz/protokoly-zmb/zmb-z9-23/20250128-69-39040.html
Z9-23-070,Z9/23,2025-01-28,tomas-hejl,Tomáš Hejl,ANO 2011,Ano,Ano,2dcbfdf277706e68,ano,,"114. Návrh odnětí svěřeného majetku města městské části Brno – Řečkovice a Mokrá Hora, pozemků p. č. 48/38, p. č. 49 k. ú. Řečkovice - vč. doplnění",https://apl.brno.cz/protokoly-zmb/zmb-z9-23/20250128-70-39150.html
Z9-23-071,Z9/23,2025-01-28,tomas-hejl,Tomáš Hejl,ANO 2011,Ano,Ano,ad387a5f62e18e0d,ano,,"115. Návrh kupní smlouvy a smlouvy o zrušení věcného břemene k části pozemku p. č. 1747/3 v k. ú. Bosonohy pro stavbu ""Brno, MČ Bosonohy, III. a IV. etapa – dostavba oddílného kanalizačního systému""",https://apl.brno.cz/protokoly-zmb/zmb-z9-23/20250128-71-39176.html
Z9-23-072,Z9/23,2025-01-28,tomas-hejl,Tomáš Hejl,ANO 2011,Ano,Ano,b07082596d918e92,ano,,"116. Návrh Smlouvy o spolupráci při výstavbě veřejné infrastruktury „ČTVRŤ POD HÁDY – 3. ETAPA A, BRNO“",https://apl.brno.cz/protokoly-zmb/zmb-z9-23/20250128-72-39217.html
Z9-23-056,Z9/23,2025-01-28,tomas-hejl,Tomáš Hejl,ANO 2011,Ano,Ano,62c6bfec7ccef7b8,ano,,"57. Návrh souhlasu se záměrem nabytí pozemku p. č. 1191/29 v k. ú. Trnitá, souhlas s technickými podmínkami prodeje pozemku p. č. 1191/29 v k. ú. Trnitá",https://apl.brno.cz/protokoly-zmb/zmb-z9-23/20250128-56-37747.html
Z9-23-057,Z9/23,2025-01-28,tomas-hejl,Tomáš Hejl,ANO 2011,Ano,Ano,cd8f2c23a8d61fca,ano,,Body č. 58-60,https://apl.brno.cz/protokoly-zmb/zmb-z9-23/20250128-57-37809.html
Z9-23-074,Z9/23,2025-01-28,tomas-hejl,Tomáš Hejl,ANO 2011,Ano,Ano,79f9ab21b3b107c8,ano,,118. Územní plán města Brna (OOP č.1/2025) – vliv nabytí účinnosti na územně plánovací dokumentace města Brna,https://apl.brno.cz/protokoly-zmb/zmb-z9-23/20250128-74-39376.html
Z9-25-001,Z9/25,2025-03-25,tomas-hejl,Tomáš Hejl,ANO 2011,Ano,Ano,c2de147c73e6344a,ano,,"1.Technický bod (zapisovatelé, právní asistence, ověřovatelé zápisu, schválení programu zasedání ZMB) - ověřovatelé zápisu",https://apl.brno.cz/protokoly-zmb/zmb-z9-25/20250325-1-33143.html
Z9-25-002,Z9/25,2025-03-25,tomas-hejl,Tomáš Hejl,ANO 2011,Ano,Ano,452f584612b80574,ano,,"1.Technický bod (zapisovatelé, právní asistence, ověřovatelé zápisu, schválení programu zasedání ZMB) - program- stažení bodu č. 48",https://apl.brno.cz/protokoly-zmb/zmb-z9-25/20250325-2-33254.html
Z9-25-003,Z9/25,2025-03-25,tomas-hejl,Tomáš Hejl,ANO 2011,Ano,Ano,24455c00cdc55db2,ano,,"1.Technický bod (zapisovatelé, právní asistence, ověřovatelé zápisu, schválení programu zasedání ZMB) - program - hlasování o návrhu p. Skřičky na zařazení bodu",https://apl.brno.cz/protokoly-zmb/zmb-z9-25/20250325-3-33308.html
Z9-25-004,Z9/25,2025-03-25,tomas-hejl,Tomáš Hejl,ANO 2011,Ano,Ano,c688e0fd83c83dd3,ano,,"1.Technický bod (zapisovatelé, právní asistence, ověřovatelé zápisu, schválení programu zasedání ZMB) - program",https://apl.brno.cz/protokoly-zmb/zmb-z9-25/20250325-4-33333.html
Z9-25-005,Z9/25,2025-03-25,tomas-hejl,Tomáš Hejl,ANO 2011,Ano,Ano,e4eba88740f544f9,ano,,"4. Návrh obecně závazné vyhlášky statutárního města Brna, kterou se mění obecně závazná vyhláška statutárního města Brna č. 11/2017, o nočním klidu, ve znění pozdějších vyhlášek",https://apl.brno.cz/protokoly-zmb/zmb-z9-25/20250325-5-33375.html
Z9-25-006,Z9/25,2025-03-25,tomas-hejl,Tomáš Hejl,ANO 2011,Ano,Ano,1894676a4db3d921,ano,,5. Návrh Dodatku č. 1 ke Zřizovací listině Úrazové nemocnice v Brně,https://apl.brno.cz/protokoly-zmb/zmb-z9-25/20250325-6-33406.html
Z9-25-007,Z9/25,2025-03-25,tomas-hejl,Tomáš Hejl,ANO 2011,Ano,Ano,34259d8f295b55ce,ano,,6. Návrh Akčního plánu na období 2024–2026 Strategie integrace cizinců ve městě Brně 2020–2026,https://apl.brno.cz/protokoly-zmb/zmb-z9-25/20250325-7-33439.html
Z9-25-008,Z9/25,2025-03-25,tomas-hejl,Tomáš Hejl,ANO 2011,Ano,Ano,d1fd16dcbb14fb26,ano,,7. Strategie rozvoje Zoo Brno 2024-2040,https://apl.brno.cz/protokoly-zmb/zmb-z9-25/20250325-8-33470.html
Z9-25-009,Z9/25,2025-03-25,tomas-hejl,Tomáš Hejl,ANO 2011,Ano,Ano,25df730998007537,ano,,8. Odpis nákladů na zmařenou investiční akci z účtu nedokončených investic,https://apl.brno.cz/protokoly-zmb/zmb-z9-25/20250325-9-33501.html
Z9-25-010,Z9/25,2025-03-25,tomas-hejl,Tomáš Hejl,ANO 2011,Ano,Ano,7190d9601a34eacb,ano,,9. Návrh na použití zdrojů Fondu mobility – návrh rozpočtového opatření,https://apl.brno.cz/protokoly-zmb/zmb-z9-25/20250325-10-33532.html
Z9-23-067,Z9/23,2025-01-28,tomas-hejl,Tomáš Hejl,ANO 2011,Ano,Ano,a276c6d4549ebfa9,ano,,"111. Návrh svěření majetku města městské části Brno-střed, pozemek p. č. 1527/7 v k. ú. Staré Brno",https://apl.brno.cz/protokoly-zmb/zmb-z9-23/20250128-67-38949.html
Z9-25-012,Z9/25,2025-03-25,tomas-hejl,Tomáš Hejl,ANO 2011,Ano,Ano,bf789da70d565ba5,ano,,"10. Aktualizace rozpočtu kapitálových výdajů Městské policie Brno v roce 2025, návrh rozpočtového opatření",https://apl.brno.cz/protokoly-zmb/zmb-z9-25/20250325-12-33617.html
Z9-25-013,Z9/25,2025-03-25,tomas-hejl,Tomáš Hejl,ANO 2011,Ano,Ano,22e9620677a6d91c,ano,,11. Aktualizace rozpočtu Odboru investičního MMB – březen 2025 – návrh rozpočtového opatření,https://apl.brno.cz/protokoly-zmb/zmb-z9-25/20250325-13-33647.html
Z9-25-014,Z9/25,2025-03-25,tomas-hejl,Tomáš Hejl,ANO 2011,Ano,Ano,bf68b05053879106,ano,,12. Návrh na úpravu rozpočtu Odboru sociální péče MMB na rok 2025 - návrh rozpočtového opatření,https://apl.brno.cz/protokoly-zmb/zmb-z9-25/20250325-14-33678.html
Z9-25-015,Z9/25,2025-03-25,tomas-hejl,Tomáš Hejl,ANO 2011,Ano,Ano,a40b0f4e92cfbf98,ano,,"13. Přesun běžných a kapitálových výdajů v rámci rozpočtu Odboru správy majetku MMB, návrh rozpočtového opatření",https://apl.brno.cz/protokoly-zmb/zmb-z9-25/20250325-15-33709.html
Z9-25-016,Z9/25,2025-03-25,tomas-hejl,Tomáš Hejl,ANO 2011,Ano,Ano,9b543094e59e7143,ano,,"14. Zapojení Fondu rezerv a rozvoje v souvislosti s poskytnutím účelového neinvestičního příspěvku pro Filharmonii Brno, příspěvkovou organizaci – návrh rozpočtového opatření",https://apl.brno.cz/protokoly-zmb/zmb-z9-25/20250325-16-33741.html
Z9-25-017,Z9/25,2025-03-25,tomas-hejl,Tomáš Hejl,ANO 2011,Ano,Ano,e339370e8a609dd1,ano,,15. Zapojení Fondu rezerv a rozvoje v souvislosti s návrhem řešení výtvarného pojetí nových protipovodňových stěn u řeky Svratky – návrh rozpočtového opatření,https://apl.brno.cz/protokoly-zmb/zmb-z9-25/20250325-17-33774.html
Z9-25-018,Z9/25,2025-03-25,tomas-hejl,Tomáš Hejl,ANO 2011,Ano,Ano,331c63a8ecf88b23,ano,,"16. Zapojení Fondu rezerv a rozvoje v souvislosti s předfinancováním doplatku grantu v souladu s Grantovou dohodou pro projekt s více příjemci v rámci programu ERASMUS+, návrh rozpočtového opatření",https://apl.brno.cz/protokoly-zmb/zmb-z9-25/20250325-18-33807.html
Z9-25-019,Z9/25,2025-03-25,tomas-hejl,Tomáš Hejl,ANO 2011,Ano,Ano,b606b146fa088d0b,ano,,17. Zapojení Fondu rezerv a rozvoje v souvislosti s návrhem na poskytnutí účelového investičního transferu městské části Brno-střed na realizaci Parčíku u Janáčkova domu – návrh rozpočtového opatření,https://apl.brno.cz/protokoly-zmb/zmb-z9-25/20250325-19-33841.html
Z9-25-020,Z9/25,2025-03-25,tomas-hejl,Tomáš Hejl,ANO 2011,Ano,Ano,288d2769c3efc4e6,ano,,"18. Zapojení Fondu rezerv a rozvoje v souvislosti s pilotním projektem ""Zajištění menstruačních potřeb na základních školách v Brně"" - návrh rozpočtového opatření",https://apl.brno.cz/protokoly-zmb/zmb-z9-25/20250325-20-33886.html
Z9-25-021,Z9/25,2025-03-25,tomas-hejl,Tomáš Hejl,ANO 2011,Ano,Ano,1de509a053a3477d,ano,,"19. Zapojení Fondu rezerv a rozvoje v souvislosti s poskytnutím investičního transferu městské části Brno-střed, návrh rozpočtového opatření",https://apl.brno.cz/protokoly-zmb/zmb-z9-25/20250325-21-33923.html
Z9-23-073,Z9/23,2025-01-28,tomas-hejl,Tomáš Hejl,ANO 2011,Ano,Ano,f496a52b3d26e1fc,ano,,"117. Návrh aktualizovaného znění Dodatku č. 1 ke Smlouvě o výstavbě dopravní a technické infrastruktury a mateřské školy v rámci stavby obytný soubor ""Čtvrť Pod Hády, Brno""",https://apl.brno.cz/protokoly-zmb/zmb-z9-23/20250128-73-39251.html
Z9-25-022,Z9/25,2025-03-25,tomas-hejl,Tomáš Hejl,ANO 2011,Ano,Ano,dd1e7778626b288d,ano,,"20. Zapojení Fondu rezerv a rozvoje v souvislosti se zajištěním koordinace Souboru staveb jihozápad, návrh rozpočtového opatření",https://apl.brno.cz/protokoly-zmb/zmb-z9-25/20250325-22-33953.html
Z9-25-023,Z9/25,2025-03-25,tomas-hejl,Tomáš Hejl,ANO 2011,Ano,Ano,129a8169f9b11de6,ano,,"21. Návrh na poskytnutí individuální neinvestiční dotace KOMETA GROUP, spolek na zabezpečení projektu „Podpora Akademie v rámci HC KOMETA BRNO“ v roce 2025",https://apl.brno.cz/protokoly-zmb/zmb-z9-25/20250325-23-33985.html
Z9-25-024,Z9/25,2025-03-25,tomas-hejl,Tomáš Hejl,ANO 2011,Ano,Ano,dade944968badd65,ano,,"22. Návrh na poskytnutí individuální neinvestiční dotace spolku Emilova sportovní, z. s., na uspořádání 14. ročníku Evropských her handicapované mládeže Emil Open ve městě Brně v roce 2025",https://apl.brno.cz/protokoly-zmb/zmb-z9-25/20250325-24-34021.html
Z9-25-025,Z9/25,2025-03-25,tomas-hejl,Tomáš Hejl,ANO 2011,Ano,Ano,fc711982ae3e7aaa,ano,,23. Zapojení Fondu rezerv a rozvoje v souvislosti s poskytnutím individuální investiční dotace spolku SK Líšeň na vybudování LED osvětlení fotbalového stadionu – dofinancování projektu – návrh rozpočtového opatření,https://apl.brno.cz/protokoly-zmb/zmb-z9-25/20250325-25-34066.html
Z9-25-027,Z9/25,2025-03-25,tomas-hejl,Tomáš Hejl,ANO 2011,Ano,Ano,4d8d9d4ed5e3fd5b,ano,,"25. Návrh na poskytnutí individuální neinvestiční dotace Centru Brusinka na projekt ""Série Video reportáží pod názvem Životy národnostních menšin ve městě Brně"" - neschvaluje",https://apl.brno.cz/protokoly-zmb/zmb-z9-25/20250325-27-34183.html
Z9-25-026,Z9/25,2025-03-25,tomas-hejl,Tomáš Hejl,ANO 2011,Ano,Ano,b7ad0e26afbf29c9,ano,,24. Návrh na poskytnutí individuálních neinvestičních dotací na rok 2025 organizacím poskytujícím služby v souladu se Strategií politiky statutárního města Brna v oblasti drog a závislostí na období 2022–2025,https://apl.brno.cz/protokoly-zmb/zmb-z9-25/20250325-26-34106.html
Z9-25-028,Z9/25,2025-03-25,tomas-hejl,Tomáš Hejl,ANO 2011,Ano,Ano,6e22c6b1d999f657,ano,,"26. Návrh poskytnutí individuální investiční dotace Diecézní charitě Brno na projekt ""Komplexní rekonstrukce budovy Centra služeb pro lidi bez domova na adrese Bratislavská 58a""",https://apl.brno.cz/protokoly-zmb/zmb-z9-25/20250325-28-34221.html
Z9-25-029,Z9/25,2025-03-25,tomas-hejl,Tomáš Hejl,ANO 2011,Ano,Ano,783a12eb255dad13,ano,,27. Návrh na poskytnutí individuální neinvestiční dotace Masarykově univerzitě na popularizaci vědy pro žáky základních škol ve vědeckém výukovém centru Bioskop v roce 2025 – návrh rozpočtového opatření,https://apl.brno.cz/protokoly-zmb/zmb-z9-25/20250325-29-34320.html
Z9-25-031,Z9/25,2025-03-25,tomas-hejl,Tomáš Hejl,ANO 2011,Ano,Ano,2a52e49609eff362,ano,,"29. Návrh na poskytnutí individuálních neinvestičních dotací pro oblast životního prostředí na rok 2025, návrh rozpočtového opatření",https://apl.brno.cz/protokoly-zmb/zmb-z9-25/20250325-31-34383.html
Z9-25-030,Z9/25,2025-03-25,tomas-hejl,Tomáš Hejl,ANO 2011,Ano,Ano,20514e9a222f61d0,ano,,"28. Návrh na poskytnutí individuální neinvestiční dotace MEETING BRNO, z. s., na projekt ""Meeting Brno"" z rozpočtu města Brna v letech 2025-2027",https://apl.brno.cz/protokoly-zmb/zmb-z9-25/20250325-30-34351.html
Z9-25-032,Z9/25,2025-03-25,tomas-hejl,Tomáš Hejl,ANO 2011,Ano,Ano,d5c69343be3c8edb,ano,,"30. Návrh na poskytnutí individuální neinvestiční dotace Územnímu sdružení Českého zahrádkářského svazu Brno-město na podporu zahrádkářských akcí, vzdělávacích aktivit a zapojení dětí a mládeže – návrh rozpočtového opatření",https://apl.brno.cz/protokoly-zmb/zmb-z9-25/20250325-32-34417.html
Z9-25-033,Z9/25,2025-03-25,tomas-hejl,Tomáš Hejl,ANO 2011,Ano,Ano,a657c442a8c898d5,ano,,31. Návrh na poskytnutí individuální neinvestiční dotace na projekt Zpřístupnění Atomového krytu 10-Z v roce 2025,https://apl.brno.cz/protokoly-zmb/zmb-z9-25/20250325-33-34449.html
Z9-25-034,Z9/25,2025-03-25,tomas-hejl,Tomáš Hejl,ANO 2011,Ano,Ano,42f860e2d3a4cf60,ano,,32. Návrh na poskytnutí individuální neinvestiční dotace na projekt Prima FRESH festival 2025,https://apl.brno.cz/protokoly-zmb/zmb-z9-25/20250325-34-34482.html
Z9-25-035,Z9/25,2025-03-25,tomas-hejl,Tomáš Hejl,ANO 2011,Ano,Ano,d4a704bdc2068d7a,ano,,33. Návrh na poskytnutí individuální neinvestiční dotace na projekt Brno 1945,https://apl.brno.cz/protokoly-zmb/zmb-z9-25/20250325-35-34767.html
Z9-25-036,Z9/25,2025-03-25,tomas-hejl,Tomáš Hejl,ANO 2011,Ano,Ano,2cdaeae1c53d8bdf,ano,,34. Návrh na poskytnutí neinvestiční dotace na provoz a vybavení jednotek Hasičského záchranného sboru Jihomoravského kraje; návrh veřejnoprávní smlouvy,https://apl.brno.cz/protokoly-zmb/zmb-z9-25/20250325-36-34798.html
Z9-25-038,Z9/25,2025-03-25,tomas-hejl,Tomáš Hejl,ANO 2011,Ano,Ano,437e20e59d595b1a,ano,,"36. Návrh na poskytnutí neinvestičních dotací na projekty v programu ""Dotace na projekty v oblasti podpory rodinné politiky"" na rok 2025, návrh rozpočtového opatření",https://apl.brno.cz/protokoly-zmb/zmb-z9-25/20250325-38-34864.html
Z9-25-037,Z9/25,2025-03-25,tomas-hejl,Tomáš Hejl,ANO 2011,Ano,Ano,bfff7824be0d5da7,ano,,"35. Návrh na poskytnutí neinvestičních dotací na projekty v programu ""Dotace na činnosti doplňující zdravotnické služby na území města Brna"" na rok 2025, návrh rozpočtového opatření",https://apl.brno.cz/protokoly-zmb/zmb-z9-25/20250325-37-34834.html
Z9-25-039,Z9/25,2025-03-25,tomas-hejl,Tomáš Hejl,ANO 2011,Ano,Ano,1802aa107d87e60f,ano,,37. Návrh na poskytnutí neinvestičních dotací na rok 2025 z Programu III – Aktivity v oblasti drog a závislostí – návrh rozpočtového opatření,https://apl.brno.cz/protokoly-zmb/zmb-z9-25/20250325-39-34898.html
Z9-25-041,Z9/25,2025-03-25,tomas-hejl,Tomáš Hejl,ANO 2011,Ano,Ano,80d45cade3e0c87a,ano,,"39. Návrh na poskytnutí neinvestičních dotací v rámci Programu II pro rok 2025 – projekty NNO v sociální oblasti, které vhodným způsobem navazují na sociální služby – návrh rozpočtového opatření",https://apl.brno.cz/protokoly-zmb/zmb-z9-25/20250325-41-34961.html
Z9-25-042,Z9/25,2025-03-25,tomas-hejl,Tomáš Hejl,ANO 2011,Ano,Ano,c9b155f2f7a6efb7,ano,,40. Návrh na poskytnutí účelových neinvestičních příspěvků základním školám na mezinárodní projekty v roce 2025 – návrh rozpočtového opatření,https://apl.brno.cz/protokoly-zmb/zmb-z9-25/20250325-42-34991.html
Z9-25-040,Z9/25,2025-03-25,tomas-hejl,Tomáš Hejl,ANO 2011,Ano,Ano,b091458b915ef46f,ano,,38. Návrh na poskytnutí neinvestičních dotací na rok 2025 z Programu IV – Prevencekriminality – návrh rozpočtového opatření,https://apl.brno.cz/protokoly-zmb/zmb-z9-25/20250325-40-34929.html
Z9-25-043,Z9/25,2025-03-25,tomas-hejl,Tomáš Hejl,ANO 2011,Ano,Ano,55ac61ff2db8d54d,ano,,"41. Návrh na poskytnutí dotací na podporu aktivit k oživení ploch veřejné zeleně ve městě Brně v roce 2025 – ""Vnitroblok"", návrh vzorových podmínek pro uzavření veřejnoprávních smluv o poskytnutí dotace z rozpočtu města Brna, návrh rozpočtového opatření",https://apl.brno.cz/protokoly-zmb/zmb-z9-25/20250325-43-35035.html
Z9-25-044,Z9/25,2025-03-25,tomas-hejl,Tomáš Hejl,ANO 2011,Ano,Ano,e683880a3e3e1e2c,ano,,42. Návrh na poskytnutí investičních dotací v rámci dotačního programu Podpora vytváření zelených střech,https://apl.brno.cz/protokoly-zmb/zmb-z9-25/20250325-44-35066.html
Z9-25-045,Z9/25,2025-03-25,tomas-hejl,Tomáš Hejl,ANO 2011,Ano,Ano,1a49a91bedc696da,ano,,"43. Návrh na poskytnutí investičního příspěvku Domovu pro seniory Věstonická, příspěvkové organizaci – návrh rozpočtového opatření",https://apl.brno.cz/protokoly-zmb/zmb-z9-25/20250325-45-35097.html
Z9-25-047,Z9/25,2025-03-25,tomas-hejl,Tomáš Hejl,ANO 2011,Ano,Ano,69e921034b067fae,ano,,45. Projekty financované z Fondu kofinancování projektů – březen 2025 – návrh rozpočtového opatření,https://apl.brno.cz/protokoly-zmb/zmb-z9-25/20250325-47-35156.html
Z9-25-046,Z9/25,2025-03-25,tomas-hejl,Tomáš Hejl,ANO 2011,Ano,Ano,784508175e0dbd04,ano,,44. Návrh na poskytnutí finančních podílů z rozpočtu města Brna na projekty prevence kriminality v roce 2025 - návrh rozpočtového opatření,https://apl.brno.cz/protokoly-zmb/zmb-z9-25/20250325-46-35127.html
Z9-25-048,Z9/25,2025-03-25,tomas-hejl,Tomáš Hejl,ANO 2011,Ano,Ano,12cf70c597c247dd,ano,,46. Finanční prostředky Fondu kofinancování projektů – březen 2025 – návrh rozpočtových opatření,https://apl.brno.cz/protokoly-zmb/zmb-z9-25/20250325-48-35186.html
Z9-25-049,Z9/25,2025-03-25,tomas-hejl,Tomáš Hejl,ANO 2011,Ano,Ano,7148c1d6466a0793,ano,,"47. Projekt ""Bosonožské náměstí – úprava veřejného prostranství"" – rozhodnutí o poskytnutí dotace",https://apl.brno.cz/protokoly-zmb/zmb-z9-25/20250325-49-35215.html
Z9-25-051,Z9/25,2025-03-25,tomas-hejl,Tomáš Hejl,ANO 2011,Ano,Ano,a262150296ffb4d0,ano,,"50. Návrh na vypořádání dotované družstevní výstavby v k. ú. Sadová s Bytovým družstvem Hamerláky, adresný záměr bezúplatného převodu spoluvlastnických podílů na 44 bytových jednotkách v bytových domech Kociánka č. p. 62 a 63 v k. ú. Sadová",https://apl.brno.cz/protokoly-zmb/zmb-z9-25/20250325-51-35285.html
Z9-25-050,Z9/25,2025-03-25,tomas-hejl,Tomáš Hejl,ANO 2011,Ano,Ano,2a5451e4b9dccd50,ano,,"49. Návrh na uzavření dohody o splátkách dluhu z nájmu sociálního bytu v domě Vlhká 22, Brno",https://apl.brno.cz/protokoly-zmb/zmb-z9-25/20250325-50-35247.html
Z9-25-053,Z9/25,2025-03-25,tomas-hejl,Tomáš Hejl,ANO 2011,Ano,Ano,5b136f30e6c15856,ano,,"51. Záměr prodeje volné vymezené bytové jednotky v domovním celku Hlinky 25/Výstavní 24, Brno",https://apl.brno.cz/protokoly-zmb/zmb-z9-25/20250325-53-35344.html
Z9-25-054,Z9/25,2025-03-25,tomas-hejl,Tomáš Hejl,ANO 2011,Ano,Ano,07a5297fc1806c17,ano,,52. Návrh zpeněžení-prodeje pozemku p. č. 544 jehož součástí je rodinný dům Heinrichova 4 a spoluvlastnický podíl o velikosti 2/3 na pozemku p. č. 543/1 vše v k. ú. Stránice ve veřejné elektronické dražbě,https://apl.brno.cz/protokoly-zmb/zmb-z9-25/20250325-54-35380.html
Z9-25-055,Z9/25,2025-03-25,tomas-hejl,Tomáš Hejl,ANO 2011,Ano,Ano,b643b7b2ff8c0bbf,ano,,Body č. 53-56,https://apl.brno.cz/protokoly-zmb/zmb-z9-25/20250325-55-35438.html
Z9-25-056,Z9/25,2025-03-25,tomas-hejl,Tomáš Hejl,ANO 2011,Ano,Ano,e2e5a873686648cf,ano,,57. Návrh prodeje pozemku p. č. 616/8 v k. ú. Město Brno a zřízení služebnosti veřejného statku,https://apl.brno.cz/protokoly-zmb/zmb-z9-25/20250325-56-35471.html
Z9-25-057,Z9/25,2025-03-25,tomas-hejl,Tomáš Hejl,ANO 2011,Ano,Ano,51e4b76cc1f5ba4c,ano,,"58. Návrh prodeje pozemků p. č. 718, p. č. 720 jehož součástí je bytový dům Dornych 31 a p. č. 721 jehož součástí je bytový dům Dornych 29 vše v k. ú. Trnitá",https://apl.brno.cz/protokoly-zmb/zmb-z9-25/20250325-57-36378.html
Z9-25-058,Z9/25,2025-03-25,tomas-hejl,Tomáš Hejl,ANO 2011,Ano,Ano,c62a6ab29d3ded34,ano,,59. Návrh prodeje části pozemku p. č. 498/2 v k. ú. Kohoutovice,https://apl.brno.cz/protokoly-zmb/zmb-z9-25/20250325-58-36410.html
Z9-25-059,Z9/25,2025-03-25,tomas-hejl,Tomáš Hejl,ANO 2011,Ano,Ano,73c49276d03f5e56,ano,,"60. Návrh prodeje částí pozemků p. č. 173/1 a p. č. 184/1, oba v k. ú. Zábrdovice",https://apl.brno.cz/protokoly-zmb/zmb-z9-25/20250325-59-36477.html
Z9-25-060,Z9/25,2025-03-25,tomas-hejl,Tomáš Hejl,ANO 2011,Ano,Ano,465f7bfbb1e570db,ano,,61. Návrh na uznání vlastnického práva k pozemku p. č. 5606 v k. ú. Královo Pole formou souhlasného prohlášení,https://apl.brno.cz/protokoly-zmb/zmb-z9-25/20250325-60-36520.html
Z9-25-061,Z9/25,2025-03-25,tomas-hejl,Tomáš Hejl,ANO 2011,Ano,Ano,a8daf7657bec64b3,ano,,62. Návrh na uznání vlastnického práva k části pozemku p. č. 5230/9 v k. ú. Žabovřesky formou souhlasného prohlášení,https://apl.brno.cz/protokoly-zmb/zmb-z9-25/20250325-61-36553.html
Z9-25-062,Z9/25,2025-03-25,tomas-hejl,Tomáš Hejl,ANO 2011,Ano,Ano,40277b100aa42dd4,ano,,Body č. 63-72,https://apl.brno.cz/protokoly-zmb/zmb-z9-25/20250325-62-36608.html
Z9-25-064,Z9/25,2025-03-25,tomas-hejl,Tomáš Hejl,ANO 2011,Ano,Ano,8aba13e9de74dce8,ano,,"74. Návrh nabytí komunikační stavby a pozemků při ulici Miry Figarové, Psotova a Vlasty Fialové v k. ú. Sadová, 75. Návrh nabytí komunikační stavby a pozemků a zřízení věcného břemene při ulici Dubová, Bratří Ocelků, Prašnice a Ke Káčatům v k. ú. Jundrov",https://apl.brno.cz/protokoly-zmb/zmb-z9-25/20250325-64-36680.html
Z9-25-063,Z9/25,2025-03-25,tomas-hejl,Tomáš Hejl,ANO 2011,Ano,Ano,3742879a3003eef9,ano,,73. Návrh nabytí pozemku p. č. 6238/38 v k. ú. Líšeň,https://apl.brno.cz/protokoly-zmb/zmb-z9-25/20250325-63-36642.html
Z9-25-066,Z9/25,2025-03-25,tomas-hejl,Tomáš Hejl,ANO 2011,Ano,Ano,294e361f7bae6109,ano,,Body č. 78-81,https://apl.brno.cz/protokoly-zmb/zmb-z9-25/20250325-66-36748.html
Z9-25-065,Z9/25,2025-03-25,tomas-hejl,Tomáš Hejl,ANO 2011,Ano,Ano,1d34d365e1734806,ano,,"76. Návrh bezúplatného nabytí pozemků v k. ú. Komárov, Královo Pole, Jundrov, Slatina a Černovice z vlastnictví České republiky – Úřadu pro zastupování státu ve věcech majetkových do vlastnictví statutárního města Brna s omezujícími podmínkami; 77. Návrh souhlasu se záměrem bezúplatného nabytí pozemku p. č. 945/2 v k. ú. Židenice, souhlas s technickými podmínkami, pro stavbu „Brno, Filipínského III, Šámalova III – rekonstrukce kanalizace a vodovodu“",https://apl.brno.cz/protokoly-zmb/zmb-z9-25/20250325-65-36711.html
Z9-25-068,Z9/25,2025-03-25,tomas-hejl,Tomáš Hejl,ANO 2011,Ano,Ano,a1cb7e5f08592c70,ano,,"83. Návrh svěření majetku města městské části Brno-Řečkovice a Mokrá Hora, pozemků p. č. 3125/280, p. č. 3125/279, p. č. 4988/2, p. č. 4988/1 a p. č. 4990/3 v k. ú. Řečkovice - var. A ve znění doplňku",https://apl.brno.cz/protokoly-zmb/zmb-z9-25/20250325-68-36923.html
Z9-25-069,Z9/25,2025-03-25,tomas-hejl,Tomáš Hejl,ANO 2011,Ano,Ano,f65a69b9a176627d,ano,,84. Změny regulačních plánů města Brna – vlastní podněty na pořízení změn,https://apl.brno.cz/protokoly-zmb/zmb-z9-25/20250325-69-36954.html
Z9-25-070,Z9/25,2025-03-25,tomas-hejl,Tomáš Hejl,ANO 2011,Nehlasoval,Nehlasoval,af38dcb0cd25b873,ano,,85. Návrh na zahájení procesu zrušení regulačních plánů města Brna - hlasování o návrhu pí Drápalové,https://apl.brno.cz/protokoly-zmb/zmb-z9-25/20250325-70-38724.html
Z9-25-067,Z9/25,2025-03-25,tomas-hejl,Tomáš Hejl,ANO 2011,Ano,Ano,8b523e7c76802732,ano,,82. Návrh směny části pozemku p. č. 2247/3 za část pozemku p. č. 2249/1 k. ú. Husovice,https://apl.brno.cz/protokoly-zmb/zmb-z9-25/20250325-67-36779.html
Z9-25-072,Z9/25,2025-03-25,tomas-hejl,Tomáš Hejl,ANO 2011,Ano,Ano,569ba3019cf369ef,ano,,85. Návrh na zahájení procesu zrušení regulačních plánů města Brna - odr. 2,https://apl.brno.cz/protokoly-zmb/zmb-z9-25/20250325-72-38781.html
Z9-25-071,Z9/25,2025-03-25,tomas-hejl,Tomáš Hejl,ANO 2011,Ano,Ano,1122daf1be0ef51f,ano,,85. Návrh na zahájení procesu zrušení regulačních plánů města Brna - odr. 1,https://apl.brno.cz/protokoly-zmb/zmb-z9-25/20250325-71-38758.html
Z9-25-073,Z9/25,2025-03-25,tomas-hejl,Tomáš Hejl,ANO 2011,Ano,Ano,368aceb9f9582542,ano,,85. Návrh na zahájení procesu zrušení regulačních plánů města Brna - odr. 3,https://apl.brno.cz/protokoly-zmb/zmb-z9-25/20250325-73-38810.html
Z9-25-074,Z9/25,2025-03-25,tomas-hejl,Tomáš Hejl,ANO 2011,Ano,Ano,847885ac293b92ca,ano,,85. Návrh na zahájení procesu zrušení regulačních plánů města Brna - odr. 4,https://apl.brno.cz/protokoly-zmb/zmb-z9-25/20250325-74-38835.html
Z9-25-075,Z9/25,2025-03-25,tomas-hejl,Tomáš Hejl,ANO 2011,Nehlasoval,Nehlasoval,fc94fc9a8c92cc25,ano,,86. Návrh na provedení hloubkového auditu hospodaření příspěvkové organizace TIC Brno při pořádání vánočních trhů - hlasování o návrhu p. Koláčného,https://apl.brno.cz/protokoly-zmb/zmb-z9-25/20250325-75-41035.html
Z9-25-076,Z9/25,2025-03-25,tomas-hejl,Tomáš Hejl,ANO 2011,Ano,Ano,97148bdb758b26f3,ano,,86. Návrh na provedení hloubkového auditu hospodaření příspěvkové organizace TIC Brno při pořádání vánočních trhů - hlasování o návrhu pí Vaňkové,https://apl.brno.cz/protokoly-zmb/zmb-z9-25/20250325-76-41086.html
Z9-24-001,Z9/24,2025-02-25,tomas-hejl,Tomáš Hejl,ANO 2011,Ano,Ano,775c9ecc608942ed,ano,,"1. Technický bod (zapisovatelé, právní asistence, ověřovatelé zápisu, schválení programu zasedání ZMB) - ověřovatelé zápisu",https://apl.brno.cz/protokoly-zmb/zmb-z9-24/20250225-1-33077.html
Z9-24-002,Z9/24,2025-02-25,tomas-hejl,Tomáš Hejl,ANO 2011,Ano,Ano,e0e181b47236d514,ano,,"1. Technický bod (zapisovatelé, právní asistence, ověřovatelé zápisu, schválení programu zasedání ZMB) - program - hlasování o stažení bodu č. 10, 22, 58, 78",https://apl.brno.cz/protokoly-zmb/zmb-z9-24/20250225-2-33252.html
Z9-24-004,Z9/24,2025-02-25,tomas-hejl,Tomáš Hejl,ANO 2011,Ano,Ano,49e1ae9a54bdbd26,ano,,"1. Technický bod (zapisovatelé, právní asistence, ověřovatelé zápisu, schválení programu zasedání ZMB) - program",https://apl.brno.cz/protokoly-zmb/zmb-z9-24/20250225-4-33305.html
Z9-24-003,Z9/24,2025-02-25,tomas-hejl,Tomáš Hejl,ANO 2011,Ano,Ano,7bf8fc409e0a5cab,ano,,"1. Technický bod (zapisovatelé, právní asistence, ověřovatelé zápisu, schválení programu zasedání ZMB) - program - hlasování o zařazení bodu č. 87, 88",https://apl.brno.cz/protokoly-zmb/zmb-z9-24/20250225-3-33274.html
Z9-24-005,Z9/24,2025-02-25,tomas-hejl,Tomáš Hejl,ANO 2011,Ano,Ano,13af9e1193e68df6,ano,,"4. Návrh obecně závazné vyhlášky statutárního města Brna, kterou se zrušuje obecně závazná vyhláška č.19/2017, kterou se stanovují podmínky pro spalování suchých rostlinných materiálů ve statutárním městě Brně, ve znění obecně závazné vyhlášky č.12/2020",https://apl.brno.cz/protokoly-zmb/zmb-z9-24/20250225-5-33369.html
Z9-24-006,Z9/24,2025-02-25,tomas-hejl,Tomáš Hejl,ANO 2011,Ano,Ano,4e534e5ab8d7ae65,ano,,"5. Návrh obecně závazné vyhlášky statutárního města Brna, kterou se mění obecně závazná vyhláška statutárního města Brna č. 2/2017, kterou se stanoví školské obvody základních škol, ve znění pozdějších vyhlášek 6. Návrh obecně závazné vyhlášky statutárního města Brna, kterou se mění obecně závazná vyhláška statutárního města Brna č. 3/2017, kterou se stanoví školské obvody mateřských škol, ve znění pozdějších vyhlášek",https://apl.brno.cz/protokoly-zmb/zmb-z9-24/20250225-6-33419.html
Z9-24-007,Z9/24,2025-02-25,tomas-hejl,Tomáš Hejl,ANO 2011,Ano,Ano,b508a4d4794cc202,ano,,7. Určení člena Zastupitelstva města Brna pro spolupráci s Odborem územního plánování a rozvoje Magistrátu města Brna při pořizování územních studií,https://apl.brno.cz/protokoly-zmb/zmb-z9-24/20250225-7-33450.html
Z9-24-008,Z9/24,2025-02-25,tomas-hejl,Tomáš Hejl,ANO 2011,Ano,Ano,baed01d96381b581,ano,,"8. Návrh Smlouvy o spolupráci na přípravě a realizaci programu „Rezidence KREILU“ s partnerským městem Debrecín, Maďarsko",https://apl.brno.cz/protokoly-zmb/zmb-z9-24/20250225-8-33482.html
Z9-24-009,Z9/24,2025-02-25,tomas-hejl,Tomáš Hejl,ANO 2011,Ano,Ano,bd21549e1e839863,ano,,9. Návrh aktualizovaného znění Zásad participativního rozpočtu statutárního města Brna a aktualizovaného znění Metodiky participativního rozpočtu statutárního města Brna - omezení čl. ZMB,https://apl.brno.cz/protokoly-zmb/zmb-z9-24/20250225-9-33967.html
Z9-24-010,Z9/24,2025-02-25,tomas-hejl,Tomáš Hejl,ANO 2011,Ano,Ano,67cc2bf9501cb3dc,ano,,9. Návrh aktualizovaného znění Zásad participativního rozpočtu statutárního města Brna a aktualizovaného znění Metodiky participativního rozpočtu statutárního města Brna - 2. úprava,https://apl.brno.cz/protokoly-zmb/zmb-z9-24/20250225-10-34024.html
Z9-24-012,Z9/24,2025-02-25,tomas-hejl,Tomáš Hejl,ANO 2011,Ano,Ano,77259bc0596fa0dd,ano,,12. Aktualizace rozpočtu běžných a kapitálových výdajů Odboru dopravy MMB – únor 2025 - návrh rozpočtového opatření,https://apl.brno.cz/protokoly-zmb/zmb-z9-24/20250225-12-34101.html
Z9-24-011,Z9/24,2025-02-25,tomas-hejl,Tomáš Hejl,ANO 2011,Ano,Ano,82fe58bd2e8e66c4,ano,,11. Aktualizace rozpočtu Odboru investičního MMB – únor 2025 - návrh rozpočtového opatření,https://apl.brno.cz/protokoly-zmb/zmb-z9-24/20250225-11-34073.html
Z9-24-013,Z9/24,2025-02-25,tomas-hejl,Tomáš Hejl,ANO 2011,Ano,Ano,c1758be9efd3bf6c,ano,,13. Fond developerských projektů – únor 2025 - návrh rozpočtového opatření,https://apl.brno.cz/protokoly-zmb/zmb-z9-24/20250225-13-34131.html
Z9-24-014,Z9/24,2025-02-25,tomas-hejl,Tomáš Hejl,ANO 2011,Ano,Ano,a5759e75a4775547,ano,,14. Návrh na použití zdrojů Fondu mobility – návrh rozpočtového opatření,https://apl.brno.cz/protokoly-zmb/zmb-z9-24/20250225-14-34159.html
Z9-24-015,Z9/24,2025-02-25,tomas-hejl,Tomáš Hejl,ANO 2011,Ano,Ano,b32b1ffede339cfb,ano,,"15. Zapojení Fondu rezerv a rozvoje v souvislosti s poskytnutím úročené zápůjčky městské části Brno-Vinohrady, návrh rozpočtového opatření",https://apl.brno.cz/protokoly-zmb/zmb-z9-24/20250225-15-34188.html
Z9-24-016,Z9/24,2025-02-25,tomas-hejl,Tomáš Hejl,ANO 2011,Ano,Ano,e6047c618593b35b,ano,,"16. Zapojení Fondu rezerv a rozvoje v souvislosti s poskytnutím účelového investičního příspěvku Muzeu města Brna, příspěvkové organizaci na projekt ""Vila Wittal – Centrum židovské kultury Štetl – židovské muzeum"", návrh rozpočtového opatření",https://apl.brno.cz/protokoly-zmb/zmb-z9-24/20250225-16-34224.html
Z9-24-017,Z9/24,2025-02-25,tomas-hejl,Tomáš Hejl,ANO 2011,Ano,Ano,b7783067ee0a88b7,ano,,17. Zapojení Fondu rezerv a rozvoje v souvislosti s poskytnutím neinvestičních příspěvků základním školám a individuální neinvestiční dotace na zajištění projektu Síť brněnských otevřených škol – návrh rozpočtového opatření,https://apl.brno.cz/protokoly-zmb/zmb-z9-24/20250225-17-35103.html
Z9-24-018,Z9/24,2025-02-25,tomas-hejl,Tomáš Hejl,ANO 2011,Ano,Ano,79c2087c5aa065bf,ano,,18. Zapojení Fondu rezerv a rozvoje k financování kapitálových výdajů Odboru školství a mládeže MMB – návrh rozpočtového opatření,https://apl.brno.cz/protokoly-zmb/zmb-z9-24/20250225-18-35130.html
Z9-24-020,Z9/24,2025-02-25,tomas-hejl,Tomáš Hejl,ANO 2011,Ano,Ano,2c21f8eb31300749,ano,,20. Návrh na poskytnutí účelového neinvestičního příspěvku základním školám na projekt OnStage – návrh rozpočtového opatření,https://apl.brno.cz/protokoly-zmb/zmb-z9-24/20250225-20-35185.html
Z9-24-019,Z9/24,2025-02-25,tomas-hejl,Tomáš Hejl,ANO 2011,Ano,Ano,ad2d05000bddc6eb,ano,,19. Návrh na poskytnutí neinvestičních příspěvků školám a školským zařízením na podporu dietního stravování ve městě Brně na rok 2025 - návrh rozpočtového opatření,https://apl.brno.cz/protokoly-zmb/zmb-z9-24/20250225-19-35157.html
Z9-24-021,Z9/24,2025-02-25,tomas-hejl,Tomáš Hejl,ANO 2011,Ano,Ano,dd5c1afa68d2ac5c,ano,,21. Návrh na poskytnutí neinvestičních příspěvků základním školám na zajištění vzdělávacího Projektu pro ZŠ „Příběhy našich sousedů“ – návrh rozpočtového opatření,https://apl.brno.cz/protokoly-zmb/zmb-z9-24/20250225-21-35215.html
Z9-24-022,Z9/24,2025-02-25,tomas-hejl,Tomáš Hejl,ANO 2011,Ano,Ano,88b5f31aeaf6d545,ano,,23. Návrh na poskytnutí neinvestičních dotací dle dotačních programů v oblasti kultury na rok 2025 a na roky 2025-2026 - návrh rozpočtového opatření,https://apl.brno.cz/protokoly-zmb/zmb-z9-24/20250225-22-35249.html
Z9-24-024,Z9/24,2025-02-25,tomas-hejl,Tomáš Hejl,ANO 2011,Ano,Ano,5cd16e3c721dd042,ano,,25. Návrh na poskytnutí individuální neinvestiční dotace spolku Česká basketbalová federace z. s. na uspořádání Mistrovství Evropy v basketbalu žen 2025,https://apl.brno.cz/protokoly-zmb/zmb-z9-24/20250225-24-35313.html
Z9-24-023,Z9/24,2025-02-25,tomas-hejl,Tomáš Hejl,ANO 2011,Ano,Ano,b59e786f2ee21500,ano,,"24. Návrh na poskytnutí individuální účelové neinvestiční dotace TeenChallenge International ČR na projekt „Čím dříve, tím lépe – včasná péče pro děti ze sociálně vyloučeného prostředí""",https://apl.brno.cz/protokoly-zmb/zmb-z9-24/20250225-23-35282.html
Z9-24-026,Z9/24,2025-02-25,tomas-hejl,Tomáš Hejl,ANO 2011,Ano,Ano,1dec6e5917c1dbef,ano,,"27. Návrh na poskytnutí individuální neinvestiční dotace Fondu ohrožených dětí na projekt ""Klokánek FOD Brno – zařízení pro děti vyžadující okamžitou pomoc""",https://apl.brno.cz/protokoly-zmb/zmb-z9-24/20250225-26-35453.html
Z9-24-025,Z9/24,2025-02-25,tomas-hejl,Tomáš Hejl,ANO 2011,Ano,Ano,ee8d19c944043a80,ano,,26. Návrh na poskytnutí individuální neinvestiční dotace Vysokému učení technickému v Brně na zabezpečení provozu atletického stadionu Pod Palackého vrchem v rámci projektu Centrum brněnské atletiky pro rok 2025 – návrh rozpočtového opatření,https://apl.brno.cz/protokoly-zmb/zmb-z9-24/20250225-25-35424.html
Z9-24-027,Z9/24,2025-02-25,tomas-hejl,Tomáš Hejl,ANO 2011,Ano,Ano,caa1dffe4491416f,ano,,"28. Návrh na poskytnutí individuální neinvestiční dotace Sociálnímu nadačnímu fondu na projekt ""Spolu štěstí naproti 2025""",https://apl.brno.cz/protokoly-zmb/zmb-z9-24/20250225-27-35487.html
Z9-24-029,Z9/24,2025-02-25,tomas-hejl,Tomáš Hejl,ANO 2011,Ano,Ano,4ff4628db7170c8d,ano,,30. Návrh na poskytnutí individuální neinvestiční dotace na projekt 110. Světový kongres esperanta,https://apl.brno.cz/protokoly-zmb/zmb-z9-24/20250225-29-35550.html
Z9-24-028,Z9/24,2025-02-25,tomas-hejl,Tomáš Hejl,ANO 2011,Ano,Ano,94a66bbd230f1883,ano,,"29. Návrh na poskytnutí individuální neinvestiční dotace společnosti AMERFO o. p. s. na projekt ""Podpora osob se ZP v sociálním podniku"" – návrh rozpočtového opatření",https://apl.brno.cz/protokoly-zmb/zmb-z9-24/20250225-28-35518.html
Z9-24-030,Z9/24,2025-02-25,tomas-hejl,Tomáš Hejl,ANO 2011,Ano,Ano,81c7f2b6721db0fe,ano,,31. Projekty financované z Fondu kofinancování projektů – únor 2025 – návrh rozpočtových opatření - 1. projekt,https://apl.brno.cz/protokoly-zmb/zmb-z9-24/20250225-30-35629.html
Z9-24-031,Z9/24,2025-02-25,tomas-hejl,Tomáš Hejl,ANO 2011,Ano,Ano,d87b0d58b92df10b,ano,,31. Projekty financované z Fondu kofinancování projektů – únor 2025 – návrh rozpočtových opatření - 2. projekt,https://apl.brno.cz/protokoly-zmb/zmb-z9-24/20250225-31-35652.html
Z9-24-032,Z9/24,2025-02-25,tomas-hejl,Tomáš Hejl,ANO 2011,Ano,Ano,00dd3d0737e7cb93,ano,,31. Projekty financované z Fondu kofinancování projektů – únor 2025 – návrh rozpočtových opatření - 3. projekt,https://apl.brno.cz/protokoly-zmb/zmb-z9-24/20250225-32-35682.html
Z9-24-033,Z9/24,2025-02-25,tomas-hejl,Tomáš Hejl,ANO 2011,Ano,Ano,b5b58b1f6c58dcac,ano,,31. Projekty financované z Fondu kofinancování projektů – únor 2025 – návrh rozpočtových opatření,https://apl.brno.cz/protokoly-zmb/zmb-z9-24/20250225-33-35717.html
Z9-24-035,Z9/24,2025-02-25,tomas-hejl,Tomáš Hejl,ANO 2011,Ano,Ano,24c0b13be1c28d72,ano,,"33. Projekt ""Archa jménem ZOO"" - posouzení projektu",https://apl.brno.cz/protokoly-zmb/zmb-z9-24/20250225-35-35777.html
Z9-24-036,Z9/24,2025-02-25,tomas-hejl,Tomáš Hejl,ANO 2011,Ano,Ano,e044b8ee97c06cc5,ano,,"34. Projekt ""Podpora implementace nástroje ITI a metropolitní spolupráce a facilitace činností nositelů ITI pro období 2021-2027"" - posouzení projektu, návrh rozpočtového opatření",https://apl.brno.cz/protokoly-zmb/zmb-z9-24/20250225-36-35807.html
Z9-24-034,Z9/24,2025-02-25,tomas-hejl,Tomáš Hejl,ANO 2011,Ano,Ano,ab3f90577de77052,ano,,32. Finanční prostředky Fondu kofinancování projektů – únor 2025 – návrh rozpočtových opatření,https://apl.brno.cz/protokoly-zmb/zmb-z9-24/20250225-34-35746.html
Z9-24-037,Z9/24,2025-02-25,tomas-hejl,Tomáš Hejl,ANO 2011,Ano,Ano,2609f3f59196225f,ano,,"35. Projekt ""Rekonstrukce požární zbrojnice Brno-Židenice"" – posouzení projektu",https://apl.brno.cz/protokoly-zmb/zmb-z9-24/20250225-37-35836.html
Z9-24-039,Z9/24,2025-02-25,tomas-hejl,Tomáš Hejl,ANO 2011,Ano,Ano,229086c28a5fdd69,ano,,"37. Projekt ""Výstavba MŠ Šámalova"" – změna parametrů posouzení projektu, návrh rozpočtového opatření",https://apl.brno.cz/protokoly-zmb/zmb-z9-24/20250225-39-35892.html
Z9-24-040,Z9/24,2025-02-25,tomas-hejl,Tomáš Hejl,ANO 2011,Ano,Ano,2e49b13886022369,ano,,"38. Projekt ""Modernizace kuchyně ZŠ Milénova"" – rozhodnutí o poskytnutí dotace",https://apl.brno.cz/protokoly-zmb/zmb-z9-24/20250225-40-35920.html
Z9-24-038,Z9/24,2025-02-25,tomas-hejl,Tomáš Hejl,ANO 2011,Ano,Ano,93bbce15c741e60c,ano,,"36. Projekty ""Revitalizace vegetace v lokalitách Vychodilova, Záhřebská, Voroněžská, Brno – Žabovřesky"" – posouzení projektů",https://apl.brno.cz/protokoly-zmb/zmb-z9-24/20250225-38-35865.html
Z9-24-041,Z9/24,2025-02-25,tomas-hejl,Tomáš Hejl,ANO 2011,Ano,Ano,e1816c9a513b7a94,ano,,39. Návrh nové Strategie a pravidel pro nakládání s nemovitým majetkem ve vlastnictví statutárního města Brna včetně postupu nabývání nemovitého majetku,https://apl.brno.cz/protokoly-zmb/zmb-z9-24/20250225-41-35954.html
Z9-24-042,Z9/24,2025-02-25,tomas-hejl,Tomáš Hejl,ANO 2011,Ano,Ano,38cbe8681f04ccc2,ano,,"40. Návrh zpeněžení (prodeje) pozemku p. č. 37 a pozemku p. č. 39, jehož součástí je stavba bydlení č.p. 517 na adrese Úvoz č.or. 14, vše v k. ú. Staré Brno, formou veřejné elektronické dražby",https://apl.brno.cz/protokoly-zmb/zmb-z9-24/20250225-42-35999.html
Z9-24-045,Z9/24,2025-02-25,tomas-hejl,Tomáš Hejl,ANO 2011,Ano,Ano,7bee7eaa18275318,ano,,přerušení zasedání do12:15,https://apl.brno.cz/protokoly-zmb/zmb-z9-24/20250225-45-38402.html
Z9-24-044,Z9/24,2025-02-25,tomas-hejl,Tomáš Hejl,ANO 2011,Ano,Ano,72cbc253b3e7150c,ano,,"44. Návrh prodeje pozemku p. č. 957 v k. ú. Staré Brno, návrh na zřízení služebnosti - ukončení rozpravy",https://apl.brno.cz/protokoly-zmb/zmb-z9-24/20250225-44-38301.html
Z9-24-046,Z9/24,2025-02-25,tomas-hejl,Tomáš Hejl,ANO 2011,Ano,Ano,f9372bb6ea4c4672,ano,,"44. Návrh prodeje pozemku p. č. 957 v k. ú. Staré Brno, návrh na zřízení služebnosti - var. A vč. doplnění",https://apl.brno.cz/protokoly-zmb/zmb-z9-24/20250225-46-45759.html
Z9-24-047,Z9/24,2025-02-25,tomas-hejl,Tomáš Hejl,ANO 2011,Ano,Ano,74222119d3271ad2,ano,,Body č. 41-50 bez 44,https://apl.brno.cz/protokoly-zmb/zmb-z9-24/20250225-47-45839.html
Z9-24-048,Z9/24,2025-02-25,tomas-hejl,Tomáš Hejl,ANO 2011,Ano,Ano,c962995563066563,ano,,"51. Návrh budoucího prodeje části pozemku p. č. 2722/21 v k. ú. Černovice, budoucího zřízení výhrady zpětné koupě, budoucího zřízení zákazu zcizení a zatížení",https://apl.brno.cz/protokoly-zmb/zmb-z9-24/20250225-48-45869.html
Z9-24-049,Z9/24,2025-02-25,tomas-hejl,Tomáš Hejl,ANO 2011,Ano,Ano,1a59cd67320b7ae6,ano,,"52. Návrh trvání na usnesení Z9/19. zasedání Zastupitelstva města Brna konaném dne 10. 9. 2024, bod č. 113",https://apl.brno.cz/protokoly-zmb/zmb-z9-24/20250225-49-46019.html
Z9-24-050,Z9/24,2025-02-25,tomas-hejl,Tomáš Hejl,ANO 2011,Ano,Ano,762c3e15c811c6cd,ano,,Body č. 53-63 bez 58,https://apl.brno.cz/protokoly-zmb/zmb-z9-24/20250225-50-46060.html
Z9-24-052,Z9/24,2025-02-25,tomas-hejl,Tomáš Hejl,ANO 2011,Ano,Ano,30097ce397d8120b,ano,,"65. Návrh souhlasu se záměrem bezúplatného nabytí pozemků p. č. 1253/5 a p. č. 1368 v k. ú. Brněnské Ivanovice, souhlas s technickými podmínkami 66. Návrh na uzavření Dodatku č. 1 ke smlouvě o bezúplatném převodu vlastnického práva k nemovitým věcem s omezujícími podmínkami č. BP-20/082",https://apl.brno.cz/protokoly-zmb/zmb-z9-24/20250225-52-46123.html
Z9-24-051,Z9/24,2025-02-25,tomas-hejl,Tomáš Hejl,ANO 2011,Ano,Ano,d26d95245ea5702b,ano,,64. Návrh bezúplatného nabytí pozemku p. č. 80/8 v k. ú. Štýřice z vlastnictví České republiky – Úřadu pro zastupování státu ve věcech majetkových do vlastnictví statutárního města Brna s omezujícími podmínkami,https://apl.brno.cz/protokoly-zmb/zmb-z9-24/20250225-51-46088.html
Z9-24-053,Z9/24,2025-02-25,tomas-hejl,Tomáš Hejl,ANO 2011,Ano,Ano,2280636a0b1a7d6a,ano,,"67. Návrh vzorové dohody o narovnání s bezúplatným převodem spoluvlastnických podílů města na bytových jednotkách v domech Podbělová 2, 4, 6, 8, 10, 12, 14 a 16 v Brně členům družstva HABŘÍ, bytové družstvo, bezúplatné nabytí částí pozemku p. č. 5037/3",https://apl.brno.cz/protokoly-zmb/zmb-z9-24/20250225-53-46152.html
Z9-24-054,Z9/24,2025-02-25,tomas-hejl,Tomáš Hejl,ANO 2011,Ano,Ano,aafbd7c82bc60046,ano,,68. Návrh na uznání vlastnického práva k pozemkům p. č. 156/10 a p. č. 156/11 k. ú. Komárov formou souhlasného prohlášení,https://apl.brno.cz/protokoly-zmb/zmb-z9-24/20250225-54-46215.html
Z9-24-055,Z9/24,2025-02-25,tomas-hejl,Tomáš Hejl,ANO 2011,Ano,Ano,2229754e271d60e4,ano,,"69. Návrh na uznání vlastnického práva k pozemkům p. č. 1371/6, 1420/11, 1420/45, 1420/52, vše v k. ú. Stránice formou souhlasného prohlášení",https://apl.brno.cz/protokoly-zmb/zmb-z9-24/20250225-55-46244.html
Z9-24-056,Z9/24,2025-02-25,tomas-hejl,Tomáš Hejl,ANO 2011,Ano,Ano,9a45f9dac6331cda,ano,,70. Návrh na uznání vlastnického práva k pozemku p. č. 1387/10 v k. ú. Štýřice formou souhlasného prohlášení,https://apl.brno.cz/protokoly-zmb/zmb-z9-24/20250225-56-46272.html
Z9-24-058,Z9/24,2025-02-25,tomas-hejl,Tomáš Hejl,ANO 2011,Ano,Ano,2550414e662fd55d,ano,,Body č. 74-77,https://apl.brno.cz/protokoly-zmb/zmb-z9-24/20250225-58-46339.html
Z9-24-059,Z9/24,2025-02-25,tomas-hejl,Tomáš Hejl,ANO 2011,Ano,Ano,688c8ac61f6dab3f,ano,,"79. Návrh na odnětí svěřeného majetku města městské části Brno-střed, nemovitosti při ulici Dornych 29 a Dornych 31, vše k. ú. Trnitá, obec Brno - var. A",https://apl.brno.cz/protokoly-zmb/zmb-z9-24/20250225-59-46385.html
Z9-24-060,Z9/24,2025-02-25,tomas-hejl,Tomáš Hejl,ANO 2011,Ano,Ano,42b18b6c7f16c8ac,ano,,Body č. 80-82,https://apl.brno.cz/protokoly-zmb/zmb-z9-24/20250225-60-46429.html
Z9-24-061,Z9/24,2025-02-25,tomas-hejl,Tomáš Hejl,ANO 2011,Ano,Ano,3fc4a915c4ec7e4a,ano,,83. Územně plánovací dokumentace 2024 – návrhy na nezahájení procesu pořízení změn Územního plánu města Brna (1994),https://apl.brno.cz/protokoly-zmb/zmb-z9-24/20250225-61-46457.html
Z9-24-062,Z9/24,2025-02-25,tomas-hejl,Tomáš Hejl,ANO 2011,Ano,Ano,4b4dbe5b5f675eaf,ano,,84. Ukončení procesu pořizování změn Územního plánu města Brna (1994),https://apl.brno.cz/protokoly-zmb/zmb-z9-24/20250225-62-46486.html
Z9-24-063,Z9/24,2025-02-25,tomas-hejl,Tomáš Hejl,ANO 2011,Ano,Ano,b3fa0718987f6b93,ano,,85. Návrh na ukončení procesu pořizování změn regulačních plánů,https://apl.brno.cz/protokoly-zmb/zmb-z9-24/20250225-63-46512.html
Z9-24-064,Z9/24,2025-02-25,tomas-hejl,Tomáš Hejl,ANO 2011,Ano,Ano,f97ec0e2966c97ce,ano,,86. Změna 1-25 Územního plánu města Brna – vlastní podnět na pořízení změny,https://apl.brno.cz/protokoly-zmb/zmb-z9-24/20250225-64-46541.html
Z9-24-065,Z9/24,2025-02-25,tomas-hejl,Tomáš Hejl,ANO 2011,Ano,Ano,1b8619535d2934d3,ano,,"87. Projekt ""Paracentrum Fénix"" – návrh dodatku č. 1 ke smlouvě o poskytnutí návratné finanční výpomoci",https://apl.brno.cz/protokoly-zmb/zmb-z9-24/20250225-65-46569.html
Z9-24-066,Z9/24,2025-02-25,tomas-hejl,Tomáš Hejl,ANO 2011,Ano,Ano,30fe45003473df01,ano,,88. Plán udržitelné městské mobility města Brna – aktualizace přílohy 2.1. Zásobník projektů,https://apl.brno.cz/protokoly-zmb/zmb-z9-24/20250225-66-46598.html
Z9-26-001,Z9/26,2025-04-29,tomas-hejl,Tomáš Hejl,ANO 2011,Ano,Ano,a71d5142484e3a08,ano,,"1. Technický bod (zapisovatelé, právní asistence, ověřovatelé zápisu, schválení programu zasedání ZMB) - ověřovatelé zápisu",https://apl.brno.cz/protokoly-zmb/zmb-z9-26/20250429-1-33173.html
Z9-26-002,Z9/26,2025-04-29,tomas-hejl,Tomáš Hejl,ANO 2011,Ano,Ano,1ab2c8b56a33f8ad,ano,,"1. Technický bod (zapisovatelé, právní asistence, ověřovatelé zápisu, schválení programu zasedání ZMB) - program - hlasování o stažení bodu č. 25",https://apl.brno.cz/protokoly-zmb/zmb-z9-26/20250429-2-33306.html
Z9-26-004,Z9/26,2025-04-29,tomas-hejl,Tomáš Hejl,ANO 2011,Ano,Ano,af1520a6b7bd4587,ano,,"1. Technický bod (zapisovatelé, právní asistence, ověřovatelé zápisu, schválení programu zasedání ZMB) - program",https://apl.brno.cz/protokoly-zmb/zmb-z9-26/20250429-4-33356.html
Z9-26-005,Z9/26,2025-04-29,tomas-hejl,Tomáš Hejl,ANO 2011,Ano,Ano,c00580549084dd0e,ano,,5. Přehled účastí na schůzích výborů ZMB,https://apl.brno.cz/protokoly-zmb/zmb-z9-26/20250429-5-33388.html
Z9-24-043,Z9/24,2025-02-25,tomas-hejl,Tomáš Hejl,ANO 2011,Nehlasoval,Nehlasoval,a74bb23f9fb6793f,ano,,"44. Návrh prodeje pozemku p. č. 957 v k. ú. Staré Brno, návrh na zřízení služebnosti - stažení bodu",https://apl.brno.cz/protokoly-zmb/zmb-z9-24/20250225-43-36729.html
Z9-26-007,Z9/26,2025-04-29,tomas-hejl,Tomáš Hejl,ANO 2011,Ano,Ano,bdbe7a787d37cc6f,ano,,"6. Návrh obecně závazné vyhlášky statutárního města Brna, kterou se zrušuje obecně závazná vyhláška statutárního města Brna č. 15/2007 o ochraně zeleně v městě Brně, ve znění pozdějších vyhlášek - hlasování vč. návrhu p. Chvátala",https://apl.brno.cz/protokoly-zmb/zmb-z9-26/20250429-7-33935.html
Z9-26-008,Z9/26,2025-04-29,tomas-hejl,Tomáš Hejl,ANO 2011,Ano,Ano,c28a5ec6a077c98d,ano,,"7. Návrh Zásad tvorby uličního názvosloví a označování ulic, veřejných prostranství a číslování budov v městě Brně",https://apl.brno.cz/protokoly-zmb/zmb-z9-26/20250429-8-33979.html
Z9-26-009,Z9/26,2025-04-29,tomas-hejl,Tomáš Hejl,ANO 2011,Ano,Ano,d6060b9d4fa975df,ano,,"8. Návrh změny stanov obchodní společnosti Brněnské vodárny a kanalizace, a. s.",https://apl.brno.cz/protokoly-zmb/zmb-z9-26/20250429-9-34009.html
Z9-26-011,Z9/26,2025-04-29,tomas-hejl,Tomáš Hejl,ANO 2011,Ano,Ano,7d3def11aaeeae98,ano,,"9. Návrh změny stanov obchodní společnosti STAREZ-SPORT, a. s.",https://apl.brno.cz/protokoly-zmb/zmb-z9-26/20250429-11-34074.html
Z9-26-012,Z9/26,2025-04-29,tomas-hejl,Tomáš Hejl,ANO 2011,Ano,Ano,06a8ba05c83db6de,ano,,"10. Návrh dodatku č. 2 ke zřizovací listině Centra sociálních služeb, příspěvkové organizace",https://apl.brno.cz/protokoly-zmb/zmb-z9-26/20250429-12-34105.html
Z9-26-013,Z9/26,2025-04-29,tomas-hejl,Tomáš Hejl,ANO 2011,Ano,Ano,b387d9bc49183806,ano,,11. Návrh Dodatku č. 6 k Deklaraci Koncernu statutárního města Brna,https://apl.brno.cz/protokoly-zmb/zmb-z9-26/20250429-13-36206.html
Z9-26-014,Z9/26,2025-04-29,tomas-hejl,Tomáš Hejl,ANO 2011,Nehlasoval,Nehlasoval,0614da8c7f7499ca,ano,,11. Návrh Dodatku č. 6 k Deklaraci Koncernu statutárního města Brna - hlasování o návrhu p. Koláčného,https://apl.brno.cz/protokoly-zmb/zmb-z9-26/20250429-14-36238.html
Z9-26-015,Z9/26,2025-04-29,tomas-hejl,Tomáš Hejl,ANO 2011,Ano,Ano,e31473be32a5d019,ano,,"12. Návrh na změnu zástupce statutárního města Brna v představenstvu společnosti Technologický Park Brno, a. s.",https://apl.brno.cz/protokoly-zmb/zmb-z9-26/20250429-15-36318.html
Z9-24-057,Z9/24,2025-02-25,tomas-hejl,Tomáš Hejl,ANO 2011,Ano,Ano,a03e7b5e10e912e7,ano,,Body č. 71-73,https://apl.brno.cz/protokoly-zmb/zmb-z9-24/20250225-57-46302.html
Z9-26-016,Z9/26,2025-04-29,tomas-hejl,Tomáš Hejl,ANO 2011,Ano,Ano,b55904fa5fd3a88c,ano,,13. Poskytování příspěvků členům Zastupitelstva města Brna,https://apl.brno.cz/protokoly-zmb/zmb-z9-26/20250429-16-36347.html
Z9-26-017,Z9/26,2025-04-29,tomas-hejl,Tomáš Hejl,ANO 2011,Ano,Ano,bf47e199537214c7,ano,,14. Návrh rozpočtového opatření v rozpočtu Odboru strategického rozvoje a spolupráce MMB,https://apl.brno.cz/protokoly-zmb/zmb-z9-26/20250429-17-36376.html
Z9-26-018,Z9/26,2025-04-29,tomas-hejl,Tomáš Hejl,ANO 2011,Ano,Ano,1a1b440d5d93d2fa,ano,,"15. Návrh rozpočtového opatření v souvislosti s realizací akce ""Chata Jedovnice – přístupová cesta""",https://apl.brno.cz/protokoly-zmb/zmb-z9-26/20250429-18-36406.html
Z9-26-019,Z9/26,2025-04-29,tomas-hejl,Tomáš Hejl,ANO 2011,Ano,Ano,acdf46d6d0cc557d,ano,,16. Rozpočtové opatření v souvislosti s realizací projektu „Areál sociálních služeb a bydlení Kociánka“,https://apl.brno.cz/protokoly-zmb/zmb-z9-26/20250429-19-36435.html
Z9-26-020,Z9/26,2025-04-29,tomas-hejl,Tomáš Hejl,ANO 2011,Ano,Ano,5f571fb2fdb0dbb5,ano,,"17. Aktualizace rozpočtu akcí zajišťovaných společností Brněnské vodárny a kanalizace, a. s. – duben 2025 – návrh dodatku č. 101 k mandátní smlouvě č. 56019271 – návrh rozpočtového opatření",https://apl.brno.cz/protokoly-zmb/zmb-z9-26/20250429-20-36468.html
Z9-26-021,Z9/26,2025-04-29,tomas-hejl,Tomáš Hejl,ANO 2011,Ano,Ano,63d7418de900dbc9,ano,,18. Realizace bezbariérových úprav – návrh rozpočtového opatření,https://apl.brno.cz/protokoly-zmb/zmb-z9-26/20250429-21-36496.html
Z9-26-022,Z9/26,2025-04-29,tomas-hejl,Tomáš Hejl,ANO 2011,Ano,Ano,2e43572b1c00bd12,ano,,19. Návrh rozpočtového opatření – přesun běžných výdajů v rámci rozpočtu 4. úseku MMB v roce 2025,https://apl.brno.cz/protokoly-zmb/zmb-z9-26/20250429-22-36528.html
Z9-26-023,Z9/26,2025-04-29,tomas-hejl,Tomáš Hejl,ANO 2011,Ano,Ano,53567afc61eeb6e6,ano,,20. Aktualizace rozpočtu běžných a kapitálových výdajů Odboru dopravy MMB – duben 2025 – návrh rozpočtového opatření,https://apl.brno.cz/protokoly-zmb/zmb-z9-26/20250429-23-36560.html
Z9-26-025,Z9/26,2025-04-29,tomas-hejl,Tomáš Hejl,ANO 2011,Ano,Ano,9678ab4565646f88,ano,,21. Zapojení Fondu rezerv a rozvoje k financování běžných výdajů Odboru vnitřních věcí MMB – návrh rozpočtového opatření,https://apl.brno.cz/protokoly-zmb/zmb-z9-26/20250429-25-36630.html
Z9-26-026,Z9/26,2025-04-29,tomas-hejl,Tomáš Hejl,ANO 2011,Ano,Ano,a1d2fb7f052b2b07,ano,,"22. Zapojení Fondu rezerv a rozvoje v souvislosti s poskytnutím individuální neinvestiční dotace Autoklubu České republiky na pořádání Mistrovství světa silničních motocyklů – GRAND PRIX ČR, návrh rozpočtového opatření, návrh smlouvy",https://apl.brno.cz/protokoly-zmb/zmb-z9-26/20250429-26-37196.html
Z9-26-003,Z9/26,2025-04-29,tomas-hejl,Tomáš Hejl,ANO 2011,Ano,Ano,418c4713054672d8,ano,,"1. Technický bod (zapisovatelé, právní asistence, ověřovatelé zápisu, schválení programu zasedání ZMB) - program - hlasování o zařazení bodu č. 102, 103",https://apl.brno.cz/protokoly-zmb/zmb-z9-26/20250429-3-33327.html
Z9-26-006,Z9/26,2025-04-29,tomas-hejl,Tomáš Hejl,ANO 2011,Nehlasoval,Nehlasoval,2325713ba695be60,ano,,"6. Návrh obecně závazné vyhlášky statutárního města Brna, kterou se zrušuje obecně závazná vyhláška statutárního města Brna č. 15/2007 o ochraně zeleně v městě Brně, ve znění pozdějších vyhlášek - hlasování o návrhu pí Drápalové",https://apl.brno.cz/protokoly-zmb/zmb-z9-26/20250429-6-33865.html
Z9-26-028,Z9/26,2025-04-29,tomas-hejl,Tomáš Hejl,ANO 2011,Ano,Ano,06eb80c07e2ec3c7,ano,,24. Zapojení Fondu rezerv a rozvoje v souvislosti s poskytnutím investičního transferu městské části Brno-Řečkovice a Mokrá Hora – návrh rozpočtového opatření,https://apl.brno.cz/protokoly-zmb/zmb-z9-26/20250429-28-37262.html
Z9-26-030,Z9/26,2025-04-29,tomas-hejl,Tomáš Hejl,ANO 2011,Ano,Ano,2e0121519d406902,ano,,"27. Návrh na poskytnutí individuálních investičních dotací z rozpočtu města Brna společnosti Dopravní podnik města Brna, a. s.",https://apl.brno.cz/protokoly-zmb/zmb-z9-26/20250429-30-37642.html
Z9-26-029,Z9/26,2025-04-29,tomas-hejl,Tomáš Hejl,ANO 2011,Ano,Ano,6692810407e2d7af,ano,,26. Zapojení Fondu rezerv a rozvoje v souvislosti s poskytnutím individuální investiční dotace z rozpočtu města Brna Nadačnímu fondu MEHRIN na nákup Židovské knihovny Petra Broda; návrh rozpočtového opatření,https://apl.brno.cz/protokoly-zmb/zmb-z9-26/20250429-29-37300.html
Z9-26-027,Z9/26,2025-04-29,tomas-hejl,Tomáš Hejl,ANO 2011,Ano,Ano,38ab88a06b8a96af,ano,,"23. Zapojení Fondu rezerv a rozvoje v souvislosti s poskytnutím individuální investiční dotace spolku T.J. KOMÍN, z. s., na projekt „T.J. KOMÍN, z. s. – stavební úpravy hygienického zázemí“ – návrh rozpočtového opatření",https://apl.brno.cz/protokoly-zmb/zmb-z9-26/20250429-27-37230.html
Z9-26-032,Z9/26,2025-04-29,tomas-hejl,Tomáš Hejl,ANO 2011,Ano,Ano,38188120e36188d4,ano,,29. Návrh na poskytnutí investičních a neinvestičních dotací – Program VI Obnova materiálně-technického vybavení pro rok 2025-2026 – návrh rozpočtového opatření,https://apl.brno.cz/protokoly-zmb/zmb-z9-26/20250429-32-37701.html
Z9-26-031,Z9/26,2025-04-29,tomas-hejl,Tomáš Hejl,ANO 2011,Ano,Ano,c65f105f9f4ee1bc,ano,,28. Návrh na poskytnutí investičních dotací v rámci dotačního programu Podpora vytváření zelených střech,https://apl.brno.cz/protokoly-zmb/zmb-z9-26/20250429-31-37672.html
Z9-26-034,Z9/26,2025-04-29,tomas-hejl,Tomáš Hejl,ANO 2011,Ano,Ano,0c949d5c11224183,ano,,31. Návrh na poskytnutí individuální neinvestiční dotace spolku Česká basketbalová federace z. s. na uspořádání Mistrovství světa v basketbalu U19 žen 2025,https://apl.brno.cz/protokoly-zmb/zmb-z9-26/20250429-34-37762.html
Z9-26-033,Z9/26,2025-04-29,tomas-hejl,Tomáš Hejl,ANO 2011,Ano,Ano,ee538f46688f85ed,ano,,30. Návrh na poskytnutí individuální neinvestiční dotace Českému svazu ledního hokeje z. s. na mezinárodní sportovní akci HLINKA GRETZKY CUP 2025,https://apl.brno.cz/protokoly-zmb/zmb-z9-26/20250429-33-37731.html
Z9-26-035,Z9/26,2025-04-29,tomas-hejl,Tomáš Hejl,ANO 2011,Ano,Ano,77c1c4336de27b12,ano,,32. Návrh na poskytnutí individuální neinvestiční dotace Českému svazu ledního hokeje z. s. na mezinárodní sportovní akci ČESKÉ HOKEJOVÉ HRY 2025,https://apl.brno.cz/protokoly-zmb/zmb-z9-26/20250429-35-37793.html
Z9-26-038,Z9/26,2025-04-29,tomas-hejl,Tomáš Hejl,ANO 2011,Ano,Ano,b369c1359f43fb1d,ano,,33. Návrh na poskytnutí individuálních neinvestičních dotací pro oblast tělovýchovy a sportu pro rok 2025 – I. kolo – návrh rozpočtového opatření - žádost č. 29,https://apl.brno.cz/protokoly-zmb/zmb-z9-26/20250429-38-38180.html
Z9-26-039,Z9/26,2025-04-29,tomas-hejl,Tomáš Hejl,ANO 2011,Ano,Ano,9f40d19e60d95cc0,ano,,33. Návrh na poskytnutí individuálních neinvestičních dotací pro oblast tělovýchovy a sportu pro rok 2025 – I. kolo – návrh rozpočtového opatření,https://apl.brno.cz/protokoly-zmb/zmb-z9-26/20250429-39-38219.html
Z9-26-040,Z9/26,2025-04-29,tomas-hejl,Tomáš Hejl,ANO 2011,Ano,Ano,42486b0dced0f38d,ano,,"34. Návrh na poskytnutí individuální neinvestiční dotace INSTITUTU SOCIÁLNĚ ZDRAVOTNÍCH STRATEGIÍ z. s. na projekt PORADNA JAKO SLON – Alzheimerovská poradna, rozšíření činnosti poradny 2025",https://apl.brno.cz/protokoly-zmb/zmb-z9-26/20250429-40-38255.html
Z9-26-041,Z9/26,2025-04-29,tomas-hejl,Tomáš Hejl,ANO 2011,Ano,Ano,7617bce6445f882e,ano,,35. Návrh na poskytnutí individuálních neinvestičních dotací na provozní náklady středisek volného času v roce 2025,https://apl.brno.cz/protokoly-zmb/zmb-z9-26/20250429-41-38283.html
Z9-26-042,Z9/26,2025-04-29,tomas-hejl,Tomáš Hejl,ANO 2011,Ano,Ano,1cecaa6bd20da21d,ano,,36. Návrh na poskytnutí neinvestičních příspěvků základním školám na zajištění základní plavecké výuky žáků základních škol – návrh rozpočtového opatření,https://apl.brno.cz/protokoly-zmb/zmb-z9-26/20250429-42-38314.html
Z9-26-043,Z9/26,2025-04-29,tomas-hejl,Tomáš Hejl,ANO 2011,Ano,Ano,8ca9cb2d13141a4f,ano,,37. Návrh na poskytnutí neinvestičních příspěvků základním školám na zajištění projektu Primární prevence na základních školách – návrh rozpočtového opatření,https://apl.brno.cz/protokoly-zmb/zmb-z9-26/20250429-43-38342.html
Z9-26-044,Z9/26,2025-04-29,tomas-hejl,Tomáš Hejl,ANO 2011,Ano,Ano,85359b04b127f426,ano,,38. Návrh na poskytnutí neinvestičních dotací na podporu mládežnického sportu pro rok 2025,https://apl.brno.cz/protokoly-zmb/zmb-z9-26/20250429-44-38394.html
Z9-26-045,Z9/26,2025-04-29,tomas-hejl,Tomáš Hejl,ANO 2011,Ano,Ano,a0d17ccc22f3f2e1,ano,,39. Návrh na poskytnutí neinvestičních dotací na zachování a obnovu kulturních památek v roce 2025 - návrh rozpočtového opatření,https://apl.brno.cz/protokoly-zmb/zmb-z9-26/20250429-45-38504.html
Z9-26-046,Z9/26,2025-04-29,tomas-hejl,Tomáš Hejl,ANO 2011,Ano,Ano,43e166a8e9dde615,ano,,40. Návrh na přidělení státní dotace od Ministerstva kultury z Programu regenerace městských památkových rezervací a městských památkových zón v roce 2025 a návrh na úhradu povinného podílu města ke státní dotaci – návrh rozpočtového opatření,https://apl.brno.cz/protokoly-zmb/zmb-z9-26/20250429-46-38536.html
Z9-26-047,Z9/26,2025-04-29,tomas-hejl,Tomáš Hejl,ANO 2011,Ano,Ano,686107e6c1590f43,ano,,"41. Návrh na poskytnutí finančního daru spolku Městský sportovní klub Brno, z. s., na podporu brněnských olympioniků – sportovců seniorů pro rok 2025 – návrh rozpočtového opatření",https://apl.brno.cz/protokoly-zmb/zmb-z9-26/20250429-47-38731.html
Z9-26-048,Z9/26,2025-04-29,tomas-hejl,Tomáš Hejl,ANO 2011,Ano,Ano,162bfccc66af9582,ano,,"42. Návrh na poskytnutí neinvestičního transferu městské části Brno-střed, návrh rozpočtového opatření",https://apl.brno.cz/protokoly-zmb/zmb-z9-26/20250429-48-38762.html
Z9-26-050,Z9/26,2025-04-29,tomas-hejl,Tomáš Hejl,ANO 2011,Ano,Ano,5f4b248ff31904af,ano,,"44. Kancelář architekta města Brna, příspěvková organizace – návrh na změnu účelu investičního příspěvku schváleného na rok 2025",https://apl.brno.cz/protokoly-zmb/zmb-z9-26/20250429-50-38824.html
Z9-26-049,Z9/26,2025-04-29,tomas-hejl,Tomáš Hejl,ANO 2011,Ano,Ano,d11c21ade57f928e,ano,,43. Návrh na poskytnutí transferů městským částem – návrh rozpočtového opatření,https://apl.brno.cz/protokoly-zmb/zmb-z9-26/20250429-49-38790.html
Z9-26-051,Z9/26,2025-04-29,tomas-hejl,Tomáš Hejl,ANO 2011,Ano,Ano,af83c7edbe213e60,ano,,45. Žádost Židovské obce Brno o prominutí povinnosti odvodu za porušení rozpočtové kázně u smlouvy o poskytnutí účelové neinvestiční dotace z rozpočtu města Brna - var. A - 70 tis. Kč,https://apl.brno.cz/protokoly-zmb/zmb-z9-26/20250429-51-38895.html
Z9-26-052,Z9/26,2025-04-29,tomas-hejl,Tomáš Hejl,ANO 2011,Ano,Ano,d831e7c982148136,ano,,"46. Návrh smlouvy o poskytnutí individuální neinvestiční dotace Brno CreativeDayss. r. o. na realizaci projektu „Brno CreativeDays 2025""",https://apl.brno.cz/protokoly-zmb/zmb-z9-26/20250429-52-38972.html
Z9-26-053,Z9/26,2025-04-29,tomas-hejl,Tomáš Hejl,ANO 2011,Ano,Ano,1c02fe2374c55e35,ano,,47. Návrh smlouvy o poskytování veřejné služby a podmínkách poskytnutí vyrovnávací platby za plnění závazku veřejné služby se společností FabLab Brno s. r. o.,https://apl.brno.cz/protokoly-zmb/zmb-z9-26/20250429-53-39005.html
Z9-26-054,Z9/26,2025-04-29,tomas-hejl,Tomáš Hejl,ANO 2011,Ano,Ano,1f38a0b02960a941,ano,,"48. Návrh dodatku č. 3 ke smlouvě o poskytnutí individuální investiční dotace z rozpočtu statutárního města Brna se společností Dopravní podnik města Brna, a. s.",https://apl.brno.cz/protokoly-zmb/zmb-z9-26/20250429-54-39038.html
Z9-26-055,Z9/26,2025-04-29,tomas-hejl,Tomáš Hejl,ANO 2011,Ano,Ano,dd237536ce26e879,ano,,"49. Žádost o souhlas se změnou projektu ""Koncert pod ikonickou prosklenou střechou Bohuslava Fuchse"" - Moravské klavírní trio, z. s.",https://apl.brno.cz/protokoly-zmb/zmb-z9-26/20250429-55-39067.html
Z9-26-056,Z9/26,2025-04-29,tomas-hejl,Tomáš Hejl,ANO 2011,Ano,Ano,d2bcc4fb16bf1d7a,ano,,50. Finanční prostředky Fondu kofinancování projektů – duben 2025 – návrh rozpočtového opatření,https://apl.brno.cz/protokoly-zmb/zmb-z9-26/20250429-56-39097.html
Z9-26-057,Z9/26,2025-04-29,tomas-hejl,Tomáš Hejl,ANO 2011,Ano,Ano,2a1b23eb7d11f2b8,ano,,"51. Projekt ""Řízení ITI BMO 6"" – posouzení projektu, návrh rozpočtového opatření",https://apl.brno.cz/protokoly-zmb/zmb-z9-26/20250429-57-39126.html
Z9-26-058,Z9/26,2025-04-29,tomas-hejl,Tomáš Hejl,ANO 2011,Ano,Ano,d576d84ec94bec10,ano,,"52. Projekt ""Integrace cizinců ve městě Brně VI."" – rozhodnutí o poskytnutí dotace",https://apl.brno.cz/protokoly-zmb/zmb-z9-26/20250429-58-39158.html
Z9-26-059,Z9/26,2025-04-29,tomas-hejl,Tomáš Hejl,ANO 2011,Ano,Ano,eed619b0f30ab301,ano,,"53. Projekt ""Janáčkovo kulturní centrum"" – rozhodnutí o poskytnutí dotace",https://apl.brno.cz/protokoly-zmb/zmb-z9-26/20250429-59-39189.html
Z9-26-060,Z9/26,2025-04-29,tomas-hejl,Tomáš Hejl,ANO 2011,Ano,Ano,04488d2c7e65e3f6,ano,,"54. Projekt ""Stavební úpravy MŠ Marie Majerové"" – rozhodnutí o poskytnutí finančních prostředků",https://apl.brno.cz/protokoly-zmb/zmb-z9-26/20250429-60-39219.html
Z9-26-061,Z9/26,2025-04-29,tomas-hejl,Tomáš Hejl,ANO 2011,Ano,Ano,1bc850f703d27a24,ano,,"55. Projekt ""Modernizace rozvodů vytápění a chlazení depozitářů hradu Špilberk"" – rozhodnutí o poskytnutí finančních prostředků",https://apl.brno.cz/protokoly-zmb/zmb-z9-26/20250429-61-39252.html
Z9-26-062,Z9/26,2025-04-29,tomas-hejl,Tomáš Hejl,ANO 2011,Ano,Ano,8ec60a38a97a1bc4,ano,,"56. Projekt ""Podpora implementace nástroje ITI a metropolitní spolupráce a facilitace činností nositelů ITI v programovém období 2021-2027"" – rozhodnutí o poskytnutí dotace",https://apl.brno.cz/protokoly-zmb/zmb-z9-26/20250429-62-39287.html
Z9-26-063,Z9/26,2025-04-29,tomas-hejl,Tomáš Hejl,ANO 2011,Ano,Ano,3915caefca0d3479,ano,,"57. Projekt „Družstevní bydlení pro mladé“ lokalita Kamenný vrch II – upřesnění stávajících kritérií u přihlášených žadatelů, stanovení dalšího postupu při realizaci projektu, vyhlášení nové výzvy k přihlášení do projektu",https://apl.brno.cz/protokoly-zmb/zmb-z9-26/20250429-63-39323.html
Z9-26-064,Z9/26,2025-04-29,tomas-hejl,Tomáš Hejl,ANO 2011,Ano,Ano,9e94775ebe896064,ano,,58. Souhlas s uplatněním práva požadovat zaplacení celé dlužné částky vyplývajícího ze Smlouvy o převzetí části dluhu a o zřízení zástavního práva,https://apl.brno.cz/protokoly-zmb/zmb-z9-26/20250429-64-39382.html
Z9-26-065,Z9/26,2025-04-29,tomas-hejl,Tomáš Hejl,ANO 2011,Ano,Ano,675666407fb95824,ano,,"59. Návrh na úhradu náhrad nájemného za sociální byty a náhrad za mimořádné opravy sociálních bytů městským částem, návrh rozpočtového opatření",https://apl.brno.cz/protokoly-zmb/zmb-z9-26/20250429-65-39644.html
Z9-26-066,Z9/26,2025-04-29,tomas-hejl,Tomáš Hejl,ANO 2011,Ano,Ano,24982d596995ac70,ano,,"60. Adresný záměr bezúplatného převodu spoluvlastnických podílů na bytových jednotkách v domech na ulici Bešůvka 2, 4, 6 a 8 v Brně členům Bytového družstva Bešůvka, družstvo",https://apl.brno.cz/protokoly-zmb/zmb-z9-26/20250429-66-39674.html
Z9-26-067,Z9/26,2025-04-29,tomas-hejl,Tomáš Hejl,ANO 2011,Ano,Ano,ce96e4666e211c2d,ano,,"61. Návrh na zrušení usnesení Zastupitelstva města Brna č. Z9/17 konaného dne 14.05.2024, bod č. 50, Záměr prodeje volné vymezené bytové jednotky v domě Osová 6, Brno",https://apl.brno.cz/protokoly-zmb/zmb-z9-26/20250429-67-39709.html
Z9-26-069,Z9/26,2025-04-29,tomas-hejl,Tomáš Hejl,ANO 2011,Ano,Ano,027ae5f6a0fc35cc,ano,,63. Přehled bytů poskytnutých v celoměstském zájmu za 2. pololetí roku 2024,https://apl.brno.cz/protokoly-zmb/zmb-z9-26/20250429-69-39774.html
Z9-26-068,Z9/26,2025-04-29,tomas-hejl,Tomáš Hejl,ANO 2011,Ano,Ano,40efc6b764ddc179,ano,,"62. Návrh na odnětí svěřeného majetku města městské části Brno-sever, nemovitosti při ulici Francouzská 61, Francouzská 72, Traubova 4, Traubova 18",https://apl.brno.cz/protokoly-zmb/zmb-z9-26/20250429-68-39743.html
Z9-26-070,Z9/26,2025-04-29,tomas-hejl,Tomáš Hejl,ANO 2011,Ano,Ano,0830646a66cce2fe,ano,,64. Návrh majetkoprávního vypořádání zapsaných a nezapsaných staveb garáží postavených na pozemku statutárního města Brna ve vybraných rozvojových lokalitách města Brna,https://apl.brno.cz/protokoly-zmb/zmb-z9-26/20250429-70-39810.html
Z9-26-071,Z9/26,2025-04-29,tomas-hejl,Tomáš Hejl,ANO 2011,Ano,Ano,be4ed6ee59f7ddfe,ano,,"65. Návrh prodeje pozemků p. č. 432 a p. č. 1321/12, oba v k. ú. Bohunice",https://apl.brno.cz/protokoly-zmb/zmb-z9-26/20250429-71-39842.html
Z9-26-072,Z9/26,2025-04-29,tomas-hejl,Tomáš Hejl,ANO 2011,Ano,Ano,167c67ad6c1d01be,ano,,66. Návrh nabytí pozemku p. č. 6191/45 v k. ú. Líšeň,https://apl.brno.cz/protokoly-zmb/zmb-z9-26/20250429-72-39883.html
Z9-26-073,Z9/26,2025-04-29,tomas-hejl,Tomáš Hejl,ANO 2011,Ano,Ano,bcf8e44019c0367c,ano,,"67. Návrh nabytí pozemků p. č. 2722/18 a p. č. 2952/7, oba v k. ú. Černovice",https://apl.brno.cz/protokoly-zmb/zmb-z9-26/20250429-73-40009.html
Z9-26-074,Z9/26,2025-04-29,tomas-hejl,Tomáš Hejl,ANO 2011,Ano,Ano,87b32766a88ae0b0,ano,,68. Návrh nabytí pozemku p. č. 2395/30 v k. ú. Starý Lískovec - var. A,https://apl.brno.cz/protokoly-zmb/zmb-z9-26/20250429-74-40064.html
Z9-26-075,Z9/26,2025-04-29,tomas-hejl,Tomáš Hejl,ANO 2011,Ano,Ano,416062edcabb1dab,ano,,Body č. 69-76,https://apl.brno.cz/protokoly-zmb/zmb-z9-26/20250429-75-40128.html
Z9-26-076,Z9/26,2025-04-29,tomas-hejl,Tomáš Hejl,ANO 2011,Ano,Ano,8a26413d20a37871,ano,,"77. Návrh bezúplatného nabytí pozemků v k. ú. Královo Pole, Komárov a Kníničky z vlastnictví České republiky – Úřadu pro zastupování státu ve věcech majetkových do vlastnictví statutárního města Brna, 78.	Návrh bezúplatného nabytí pozemků v k. ú. Horní Heršpice, Trnitá a Maloměřice z vlastnictví České republiky – Úřadu pro zastupování státu ve věcech majetkových do vlastnictví statutárního města Brna",https://apl.brno.cz/protokoly-zmb/zmb-z9-26/20250429-76-40166.html
Z9-26-077,Z9/26,2025-04-29,tomas-hejl,Tomáš Hejl,ANO 2011,Ano,Ano,b3b019508a250498,ano,,Body č. 79-85,https://apl.brno.cz/protokoly-zmb/zmb-z9-26/20250429-77-40205.html
Z9-26-078,Z9/26,2025-04-29,tomas-hejl,Tomáš Hejl,ANO 2011,Ano,Ano,8d8a4444ce127e55,ano,,86. Návrh na uznání vlastnického práva k pozemkům v k. ú. Horní Heršpice formou souhlasného prohlášení,https://apl.brno.cz/protokoly-zmb/zmb-z9-26/20250429-78-40256.html
Z9-26-079,Z9/26,2025-04-29,tomas-hejl,Tomáš Hejl,ANO 2011,Ano,Ano,d3c275b97a5dc583,ano,,87. Návrh na uznání vlastnického práva k části pozemku p. č. 1611/1 k. ú. Slatina formou souhlasného prohlášení; 88. Návrh na uznání vlastnického práva k pozemku p. č. 1556/2 k. ú. Černovice formou souhlasného prohlášení,https://apl.brno.cz/protokoly-zmb/zmb-z9-26/20250429-79-41205.html
Z9-26-081,Z9/26,2025-04-29,tomas-hejl,Tomáš Hejl,ANO 2011,Nehlasoval,Nehlasoval,975e681d375a6908,ano,,89. Návrh na uznání vlastnického práva k pozemku p. č. 614/2 v k. ú. Lesná formou souhlasného prohlášení - Var. A,https://apl.brno.cz/protokoly-zmb/zmb-z9-26/20250429-81-41290.html
Z9-26-082,Z9/26,2025-04-29,tomas-hejl,Tomáš Hejl,ANO 2011,Nehlasoval,Nehlasoval,344182364abc23bc,ano,,89. Návrh na uznání vlastnického práva k pozemku p. č. 614/2 v k. ú. Lesná formou souhlasného prohlášení - Var. B,https://apl.brno.cz/protokoly-zmb/zmb-z9-26/20250429-82-41344.html
Z9-26-083,Z9/26,2025-04-29,tomas-hejl,Tomáš Hejl,ANO 2011,Ano,Ano,f34754f0678245d8,ano,,"90. Návrh na uznání vlastnického práva k částem pozemku p. č. 1547/2 v k. ú. Stránice formou souhlasného prohlášení, 91. Návrh na uznání vlastnického práva k části pozemku p. č.848/55 v k. ú. Obřany formou souhlasného prohlášení",https://apl.brno.cz/protokoly-zmb/zmb-z9-26/20250429-83-41388.html
Z9-26-085,Z9/26,2025-04-29,tomas-hejl,Tomáš Hejl,ANO 2011,Ano,Ano,20cc6b15c20eb4ee,ano,,"93. Návrh směny pozemků a částí pozemků v k. ú. Komín se spolkem T.J. KOMÍN, z. s., návrh na zřízení služebností, návrh na zřízení zákazu zcizení",https://apl.brno.cz/protokoly-zmb/zmb-z9-26/20250429-85-41452.html
Z9-26-084,Z9/26,2025-04-29,tomas-hejl,Tomáš Hejl,ANO 2011,Ano,Ano,bc717ca05c3dd825,ano,,"92. Návrh na směnu částí pozemků p. č. 7623/55, p. č. 7623/56, p. č. 7623/57 a p. č. 7623/215, vše v k. ú.Židenice – městská část Brno-Vinohrady",https://apl.brno.cz/protokoly-zmb/zmb-z9-26/20250429-84-41419.html
Z9-26-086,Z9/26,2025-04-29,tomas-hejl,Tomáš Hejl,ANO 2011,Ano,Ano,dd6e1c9f435b33e7,ano,,"94. Návrh svěření majetku města městské části Brno-střed, pozemku p. č. 479, jehož součástí je stavba bez čp/č.ev., v k. ú. Pisárky",https://apl.brno.cz/protokoly-zmb/zmb-z9-26/20250429-86-41506.html
Z9-26-087,Z9/26,2025-04-29,tomas-hejl,Tomáš Hejl,ANO 2011,Ano,Ano,e0a43cd838517070,ano,,"95. Návrh svěření majetku města městské části Brno-Tuřany, pozemku p. č. 211/5 k. ú. Tuřany",https://apl.brno.cz/protokoly-zmb/zmb-z9-26/20250429-87-41543.html
Z9-26-088,Z9/26,2025-04-29,tomas-hejl,Tomáš Hejl,ANO 2011,Ano,Ano,89167fe228c035e9,ano,,"96. Návrh na nesvěření majetku města městské části Brno-Vinohrady, pozemků p. č. 7652/22, p. č. 7652/24 v k. ú. Židenice, 97. Návrh odnětí svěřeného majetku města městské části Brno – Maloměřice a Obřany, pozemků p. č. 299/3, p. č. 299/6 k. ú. Maloměřice",https://apl.brno.cz/protokoly-zmb/zmb-z9-26/20250429-88-41579.html
Z9-26-089,Z9/26,2025-04-29,tomas-hejl,Tomáš Hejl,ANO 2011,Ano,Ano,9067856461b78e69,ano,,"98. Návrh kupní smlouvy a smlouvy o zrušení věcného břemene k části pozemku p. č. 966 v k. ú. Bosonohy pro stavbu ""Brno, MČ Bosonohy, III. a IV. etapa – dostavba oddílného kanalizačního systému""",https://apl.brno.cz/protokoly-zmb/zmb-z9-26/20250429-89-41616.html
Z9-26-090,Z9/26,2025-04-29,tomas-hejl,Tomáš Hejl,ANO 2011,Ano,Ano,b17296b079338ca6,ano,,"99. Návrh Smlouvy o spolupráci při výstavbě veřejné infrastruktury „Nová Zbrojovka – Infrastruktura, P1 – Náměstí“",https://apl.brno.cz/protokoly-zmb/zmb-z9-26/20250429-90-41646.html
Z9-26-091,Z9/26,2025-04-29,tomas-hejl,Tomáš Hejl,ANO 2011,Ano,Ano,dbe80c0ef2eff366,ano,,100. Změna 1-25 Územního plánu města Brna – rozhodnutí o pořízení a schválení zadání změny,https://apl.brno.cz/protokoly-zmb/zmb-z9-26/20250429-91-41678.html
Z9-26-092,Z9/26,2025-04-29,tomas-hejl,Tomáš Hejl,ANO 2011,Ano,Ano,cc2e0119cc37f6b3,ano,,"101. Změna 1-25 Regulačního plánu V Aleji, k. ú. Holásky a Změna 1-25 Regulačního plánu Kostelíček, Brno – Líšeň – rozhodnutí o pořízení změn a schválení zadání změn",https://apl.brno.cz/protokoly-zmb/zmb-z9-26/20250429-92-41713.html
Z9-26-093,Z9/26,2025-04-29,tomas-hejl,Tomáš Hejl,ANO 2011,Ano,Ano,adfc38c327fc63b0,ano,,102. Zapojení Fondu rezerv a rozvoje v souvislosti s vydáním knihy Mgr. Mileny Flodrové– Hovory o Brně – návrh rozpočtového opatření,https://apl.brno.cz/protokoly-zmb/zmb-z9-26/20250429-93-41744.html
Z9-26-094,Z9/26,2025-04-29,tomas-hejl,Tomáš Hejl,ANO 2011,Ano,Ano,52b1d9ff679d3ed7,ano,,"103. Návrh na změnu části usnesení a přílohy č. 19b Zastupitelstva města Brna č. Z9/25, konaného dne 25. 3. 2025, bod č. 23, týkající se poskytnutí individuální investiční dotace spolku SK Líšeň na projekt ""Vybudování LED osvětlení fotbalového stadionu""",https://apl.brno.cz/protokoly-zmb/zmb-z9-26/20250429-94-41791.html
