zasedani,url,zapis_id
Z9/01,https://apl.brno.cz/protokoly-zmb/zmb-z9-01/20221020-1-30975.html,36036d38da50510d
Z9/01,https://apl.brno.cz/protokoly-zmb/zmb-z9-01/20221020-2-31055.html,36036d38da50510d
Z9/01,https://apl.brno.cz/protokoly-zmb/zmb-z9-01/20221020-3-31137.html,36036d38da50510d
Z9/01,https://apl.brno.cz/protokoly-zmb/zmb-z9-01/20221020-4-31258.html,36036d38da50510d
Z9/01,https://apl.brno.cz/protokoly-zmb/zmb-z9-01/20221020-5-31413.html,36036d38da50510d
Z9/01,https://apl.brno.cz/protokoly-zmb/zmb-z9-01/20221020-6-31521.html,36036d38da50510d
Z9/01,https://apl.brno.cz/protokoly-zmb/zmb-z9-01/20221020-7-31686.html,36036d38da50510d
Z9/01,https://apl.brno.cz/protokoly-zmb/zmb-z9-01/20221020-9-32374.html,36036d38da50510d
Z9/01,https://apl.brno.cz/protokoly-zmb/zmb-z9-01/20221020-10-32976.html,36036d38da50510d
Z9/01,https://apl.brno.cz/protokoly-zmb/zmb-z9-01/20221020-11-33419.html,36036d38da50510d
Z9/01,https://apl.brno.cz/protokoly-zmb/zmb-z9-01/20221020-12-33815.html,36036d38da50510d
Z9/01,https://apl.brno.cz/protokoly-zmb/zmb-z9-01/20221020-13-34218.html,36036d38da50510d
Z9/01,https://apl.brno.cz/protokoly-zmb/zmb-z9-01/20221020-14-34688.html,36036d38da50510d
Z9/01,https://apl.brno.cz/protokoly-zmb/zmb-z9-01/20221020-15-35182.html,36036d38da50510d
Z9/01,https://apl.brno.cz/protokoly-zmb/zmb-z9-01/20221020-16-35521.html,36036d38da50510d
Z9/01,https://apl.brno.cz/protokoly-zmb/zmb-z9-01/20221020-17-35867.html,36036d38da50510d
Z9/01,https://apl.brno.cz/protokoly-zmb/zmb-z9-01/20221020-18-36248.html,36036d38da50510d
Z9/01,https://apl.brno.cz/protokoly-zmb/zmb-z9-01/20221020-19-36641.html,36036d38da50510d
Z9/01,https://apl.brno.cz/protokoly-zmb/zmb-z9-01/20221020-20-37119.html,36036d38da50510d
Z9/01,https://apl.brno.cz/protokoly-zmb/zmb-z9-01/20221020-21-37489.html,36036d38da50510d
Z9/01,https://apl.brno.cz/protokoly-zmb/zmb-z9-01/20221020-22-41353.html,36036d38da50510d
Z9/01,https://apl.brno.cz/protokoly-zmb/zmb-z9-01/20221020-23-41381.html,36036d38da50510d
Z9/01,https://apl.brno.cz/protokoly-zmb/zmb-z9-01/20221020-24-41717.html,36036d38da50510d
Z9/01,https://apl.brno.cz/protokoly-zmb/zmb-z9-01/20221020-25-41826.html,36036d38da50510d
Z9/01,https://apl.brno.cz/protokoly-zmb/zmb-z9-01/20221020-26-42116.html,36036d38da50510d
Z9/01,https://apl.brno.cz/protokoly-zmb/zmb-z9-01/20221020-27-42342.html,36036d38da50510d
Z9/01,https://apl.brno.cz/protokoly-zmb/zmb-z9-01/20221020-28-42600.html,36036d38da50510d
Z9/01,https://apl.brno.cz/protokoly-zmb/zmb-z9-01/20221020-29-42908.html,36036d38da50510d
Z9/01,https://apl.brno.cz/protokoly-zmb/zmb-z9-01/20221020-30-43203.html,36036d38da50510d
Z9/01,https://apl.brno.cz/protokoly-zmb/zmb-z9-01/20221020-31-43526.html,36036d38da50510d
Z9/01,https://apl.brno.cz/protokoly-zmb/zmb-z9-01/20221020-32-43717.html,36036d38da50510d
Z9/01,https://apl.brno.cz/protokoly-zmb/zmb-z9-01/20221020-33-44057.html,36036d38da50510d
Z9/01,https://apl.brno.cz/protokoly-zmb/zmb-z9-01/20221020-34-44118.html,36036d38da50510d
Z9/01,https://apl.brno.cz/protokoly-zmb/zmb-z9-01/20221020-35-44302.html,36036d38da50510d
Z9/01,https://apl.brno.cz/protokoly-zmb/zmb-z9-01/20221020-36-44459.html,36036d38da50510d
Z9/01,https://apl.brno.cz/protokoly-zmb/zmb-z9-01/20221020-37-44895.html,36036d38da50510d
Z9/01,https://apl.brno.cz/protokoly-zmb/zmb-z9-01/20221020-38-44955.html,36036d38da50510d
Z9/01,https://apl.brno.cz/protokoly-zmb/zmb-z9-01/20221020-39-45019.html,36036d38da50510d
Z9/01,https://apl.brno.cz/protokoly-zmb/zmb-z9-01/20221020-40-45067.html,36036d38da50510d
Z9/04,https://apl.brno.cz/protokoly-zmb/zmb-z9-04/20230124-1-29468.html,a43c0850f687c0a3
Z9/04,https://apl.brno.cz/protokoly-zmb/zmb-z9-04/20230124-2-29872.html,a43c0850f687c0a3
Z9/04,https://apl.brno.cz/protokoly-zmb/zmb-z9-04/20230124-3-29905.html,a43c0850f687c0a3
Z9/04,https://apl.brno.cz/protokoly-zmb/zmb-z9-04/20230124-4-29932.html,a43c0850f687c0a3
Z9/04,https://apl.brno.cz/protokoly-zmb/zmb-z9-04/20230124-5-29956.html,a43c0850f687c0a3
Z9/04,https://apl.brno.cz/protokoly-zmb/zmb-z9-04/20230124-6-30154.html,a43c0850f687c0a3
Z9/04,https://apl.brno.cz/protokoly-zmb/zmb-z9-04/20230124-7-30185.html,a43c0850f687c0a3
Z9/04,https://apl.brno.cz/protokoly-zmb/zmb-z9-04/20230124-8-30217.html,a43c0850f687c0a3
Z9/04,https://apl.brno.cz/protokoly-zmb/zmb-z9-04/20230124-9-30247.html,a43c0850f687c0a3
Z9/04,https://apl.brno.cz/protokoly-zmb/zmb-z9-04/20230124-10-30277.html,a43c0850f687c0a3
Z9/04,https://apl.brno.cz/protokoly-zmb/zmb-z9-04/20230124-11-30306.html,a43c0850f687c0a3
Z9/04,https://apl.brno.cz/protokoly-zmb/zmb-z9-04/20230124-12-30341.html,a43c0850f687c0a3
Z9/04,https://apl.brno.cz/protokoly-zmb/zmb-z9-04/20230124-13-30375.html,a43c0850f687c0a3
Z9/04,https://apl.brno.cz/protokoly-zmb/zmb-z9-04/20230124-14-30408.html,a43c0850f687c0a3
Z9/04,https://apl.brno.cz/protokoly-zmb/zmb-z9-04/20230124-15-30442.html,a43c0850f687c0a3
Z9/04,https://apl.brno.cz/protokoly-zmb/zmb-z9-04/20230124-16-30470.html,a43c0850f687c0a3
Z9/04,https://apl.brno.cz/protokoly-zmb/zmb-z9-04/20230124-17-30510.html,a43c0850f687c0a3
Z9/04,https://apl.brno.cz/protokoly-zmb/zmb-z9-04/20230124-18-30541.html,a43c0850f687c0a3
Z9/04,https://apl.brno.cz/protokoly-zmb/zmb-z9-04/20230124-19-30573.html,a43c0850f687c0a3
Z9/04,https://apl.brno.cz/protokoly-zmb/zmb-z9-04/20230124-20-30611.html,a43c0850f687c0a3
Z9/04,https://apl.brno.cz/protokoly-zmb/zmb-z9-04/20230124-21-32397.html,a43c0850f687c0a3
Z9/04,https://apl.brno.cz/protokoly-zmb/zmb-z9-04/20230124-22-32430.html,a43c0850f687c0a3
Z9/04,https://apl.brno.cz/protokoly-zmb/zmb-z9-04/20230124-23-32467.html,a43c0850f687c0a3
Z9/04,https://apl.brno.cz/protokoly-zmb/zmb-z9-04/20230124-24-32500.html,a43c0850f687c0a3
Z9/04,https://apl.brno.cz/protokoly-zmb/zmb-z9-04/20230124-25-32529.html,a43c0850f687c0a3
Z9/04,https://apl.brno.cz/protokoly-zmb/zmb-z9-04/20230124-26-32561.html,a43c0850f687c0a3
Z9/04,https://apl.brno.cz/protokoly-zmb/zmb-z9-04/20230124-27-32744.html,a43c0850f687c0a3
Z9/04,https://apl.brno.cz/protokoly-zmb/zmb-z9-04/20230124-28-32795.html,a43c0850f687c0a3
Z9/04,https://apl.brno.cz/protokoly-zmb/zmb-z9-04/20230124-29-32836.html,a43c0850f687c0a3
Z9/04,https://apl.brno.cz/protokoly-zmb/zmb-z9-04/20230124-30-32873.html,a43c0850f687c0a3
Z9/04,https://apl.brno.cz/protokoly-zmb/zmb-z9-04/20230124-31-32904.html,a43c0850f687c0a3
Z9/04,https://apl.brno.cz/protokoly-zmb/zmb-z9-04/20230124-32-32940.html,a43c0850f687c0a3
Z9/04,https://apl.brno.cz/protokoly-zmb/zmb-z9-04/20230124-33-32976.html,a43c0850f687c0a3
Z9/04,https://apl.brno.cz/protokoly-zmb/zmb-z9-04/20230124-34-33005.html,a43c0850f687c0a3
Z9/04,https://apl.brno.cz/protokoly-zmb/zmb-z9-04/20230124-35-33036.html,a43c0850f687c0a3
Z9/04,https://apl.brno.cz/protokoly-zmb/zmb-z9-04/20230124-36-33067.html,a43c0850f687c0a3
Z9/04,https://apl.brno.cz/protokoly-zmb/zmb-z9-04/20230124-37-33097.html,a43c0850f687c0a3
Z9/04,https://apl.brno.cz/protokoly-zmb/zmb-z9-04/20230124-38-33125.html,a43c0850f687c0a3
Z9/04,https://apl.brno.cz/protokoly-zmb/zmb-z9-04/20230124-39-33156.html,a43c0850f687c0a3
Z9/04,https://apl.brno.cz/protokoly-zmb/zmb-z9-04/20230124-40-33187.html,a43c0850f687c0a3
Z9/04,https://apl.brno.cz/protokoly-zmb/zmb-z9-04/20230124-41-33217.html,a43c0850f687c0a3
Z9/04,https://apl.brno.cz/protokoly-zmb/zmb-z9-04/20230124-42-33247.html,a43c0850f687c0a3
Z9/04,https://apl.brno.cz/protokoly-zmb/zmb-z9-04/20230124-43-33280.html,a43c0850f687c0a3
Z9/04,https://apl.brno.cz/protokoly-zmb/zmb-z9-04/20230124-44-33330.html,a43c0850f687c0a3
Z9/04,https://apl.brno.cz/protokoly-zmb/zmb-z9-04/20230124-45-33414.html,a43c0850f687c0a3
Z9/04,https://apl.brno.cz/protokoly-zmb/zmb-z9-04/20230124-46-33446.html,a43c0850f687c0a3
Z9/04,https://apl.brno.cz/protokoly-zmb/zmb-z9-04/20230124-47-33478.html,a43c0850f687c0a3
Z9/04,https://apl.brno.cz/protokoly-zmb/zmb-z9-04/20230124-48-33510.html,a43c0850f687c0a3
Z9/04,https://apl.brno.cz/protokoly-zmb/zmb-z9-04/20230124-49-33542.html,a43c0850f687c0a3
Z9/04,https://apl.brno.cz/protokoly-zmb/zmb-z9-04/20230124-50-33575.html,a43c0850f687c0a3
Z9/04,https://apl.brno.cz/protokoly-zmb/zmb-z9-04/20230124-51-33614.html,a43c0850f687c0a3
Z9/04,https://apl.brno.cz/protokoly-zmb/zmb-z9-04/20230124-52-33646.html,a43c0850f687c0a3
Z9/04,https://apl.brno.cz/protokoly-zmb/zmb-z9-04/20230124-53-33680.html,a43c0850f687c0a3
Z9/04,https://apl.brno.cz/protokoly-zmb/zmb-z9-04/20230124-54-33712.html,a43c0850f687c0a3
Z9/04,https://apl.brno.cz/protokoly-zmb/zmb-z9-04/20230124-55-33740.html,a43c0850f687c0a3
Z9/04,https://apl.brno.cz/protokoly-zmb/zmb-z9-04/20230124-56-33779.html,a43c0850f687c0a3
Z9/04,https://apl.brno.cz/protokoly-zmb/zmb-z9-04/20230124-57-33829.html,a43c0850f687c0a3
Z9/04,https://apl.brno.cz/protokoly-zmb/zmb-z9-04/20230124-58-33894.html,a43c0850f687c0a3
Z9/04,https://apl.brno.cz/protokoly-zmb/zmb-z9-04/20230124-59-33968.html,a43c0850f687c0a3
Z9/04,https://apl.brno.cz/protokoly-zmb/zmb-z9-04/20230124-60-33999.html,a43c0850f687c0a3
Z9/04,https://apl.brno.cz/protokoly-zmb/zmb-z9-04/20230124-61-34139.html,a43c0850f687c0a3
Z9/04,https://apl.brno.cz/protokoly-zmb/zmb-z9-04/20230124-62-34190.html,a43c0850f687c0a3
Z9/04,https://apl.brno.cz/protokoly-zmb/zmb-z9-04/20230124-63-34219.html,a43c0850f687c0a3
Z9/04,https://apl.brno.cz/protokoly-zmb/zmb-z9-04/20230124-64-34257.html,a43c0850f687c0a3
Z9/04,https://apl.brno.cz/protokoly-zmb/zmb-z9-04/20230124-65-34395.html,a43c0850f687c0a3
Z9/04,https://apl.brno.cz/protokoly-zmb/zmb-z9-04/20230124-66-34458.html,a43c0850f687c0a3
Z9/04,https://apl.brno.cz/protokoly-zmb/zmb-z9-04/20230124-68-34781.html,a43c0850f687c0a3
Z9/02,https://apl.brno.cz/protokoly-zmb/zmb-z9-02/20221115-1-29685.html,9d9381375d84a343
Z9/02,https://apl.brno.cz/protokoly-zmb/zmb-z9-02/20221115-2-29979.html,9d9381375d84a343
Z9/02,https://apl.brno.cz/protokoly-zmb/zmb-z9-02/20221115-3-29997.html,9d9381375d84a343
Z9/02,https://apl.brno.cz/protokoly-zmb/zmb-z9-02/20221115-4-30127.html,9d9381375d84a343
Z9/02,https://apl.brno.cz/protokoly-zmb/zmb-z9-02/20221115-5-30237.html,9d9381375d84a343
Z9/02,https://apl.brno.cz/protokoly-zmb/zmb-z9-02/20221115-6-30715.html,9d9381375d84a343
Z9/02,https://apl.brno.cz/protokoly-zmb/zmb-z9-02/20221115-7-32307.html,9d9381375d84a343
Z9/02,https://apl.brno.cz/protokoly-zmb/zmb-z9-02/20221115-8-32340.html,9d9381375d84a343
Z9/02,https://apl.brno.cz/protokoly-zmb/zmb-z9-02/20221115-9-32366.html,9d9381375d84a343
Z9/02,https://apl.brno.cz/protokoly-zmb/zmb-z9-02/20221115-10-32589.html,9d9381375d84a343
Z9/02,https://apl.brno.cz/protokoly-zmb/zmb-z9-02/20221115-11-32610.html,9d9381375d84a343
Z9/02,https://apl.brno.cz/protokoly-zmb/zmb-z9-02/20221115-12-32635.html,9d9381375d84a343
Z9/02,https://apl.brno.cz/protokoly-zmb/zmb-z9-02/20221115-13-32925.html,9d9381375d84a343
Z9/02,https://apl.brno.cz/protokoly-zmb/zmb-z9-02/20221115-14-32957.html,9d9381375d84a343
Z9/02,https://apl.brno.cz/protokoly-zmb/zmb-z9-02/20221115-15-32988.html,9d9381375d84a343
Z9/02,https://apl.brno.cz/protokoly-zmb/zmb-z9-02/20221115-16-33020.html,9d9381375d84a343
Z9/02,https://apl.brno.cz/protokoly-zmb/zmb-z9-02/20221115-17-33053.html,9d9381375d84a343
Z9/02,https://apl.brno.cz/protokoly-zmb/zmb-z9-02/20221115-18-33090.html,9d9381375d84a343
Z9/02,https://apl.brno.cz/protokoly-zmb/zmb-z9-02/20221115-19-33121.html,9d9381375d84a343
Z9/02,https://apl.brno.cz/protokoly-zmb/zmb-z9-02/20221115-20-33153.html,9d9381375d84a343
Z9/02,https://apl.brno.cz/protokoly-zmb/zmb-z9-02/20221115-21-33183.html,9d9381375d84a343
Z9/02,https://apl.brno.cz/protokoly-zmb/zmb-z9-02/20221115-22-33218.html,9d9381375d84a343
Z9/02,https://apl.brno.cz/protokoly-zmb/zmb-z9-02/20221115-23-33251.html,9d9381375d84a343
Z9/02,https://apl.brno.cz/protokoly-zmb/zmb-z9-02/20221115-24-33283.html,9d9381375d84a343
Z9/02,https://apl.brno.cz/protokoly-zmb/zmb-z9-02/20221115-25-33314.html,9d9381375d84a343
Z9/02,https://apl.brno.cz/protokoly-zmb/zmb-z9-02/20221115-26-33351.html,9d9381375d84a343
Z9/02,https://apl.brno.cz/protokoly-zmb/zmb-z9-02/20221115-27-33385.html,9d9381375d84a343
Z9/02,https://apl.brno.cz/protokoly-zmb/zmb-z9-02/20221115-28-33416.html,9d9381375d84a343
Z9/02,https://apl.brno.cz/protokoly-zmb/zmb-z9-02/20221115-29-33450.html,9d9381375d84a343
Z9/02,https://apl.brno.cz/protokoly-zmb/zmb-z9-02/20221115-30-33489.html,9d9381375d84a343
Z9/02,https://apl.brno.cz/protokoly-zmb/zmb-z9-02/20221115-31-33522.html,9d9381375d84a343
Z9/02,https://apl.brno.cz/protokoly-zmb/zmb-z9-02/20221115-32-33624.html,9d9381375d84a343
Z9/02,https://apl.brno.cz/protokoly-zmb/zmb-z9-02/20221115-33-33657.html,9d9381375d84a343
Z9/02,https://apl.brno.cz/protokoly-zmb/zmb-z9-02/20221115-34-33686.html,9d9381375d84a343
Z9/02,https://apl.brno.cz/protokoly-zmb/zmb-z9-02/20221115-35-33719.html,9d9381375d84a343
Z9/02,https://apl.brno.cz/protokoly-zmb/zmb-z9-02/20221115-36-33755.html,9d9381375d84a343
Z9/02,https://apl.brno.cz/protokoly-zmb/zmb-z9-02/20221115-37-33886.html,9d9381375d84a343
Z9/02,https://apl.brno.cz/protokoly-zmb/zmb-z9-02/20221115-38-34072.html,9d9381375d84a343
Z9/02,https://apl.brno.cz/protokoly-zmb/zmb-z9-02/20221115-39-34099.html,9d9381375d84a343
Z9/02,https://apl.brno.cz/protokoly-zmb/zmb-z9-02/20221115-40-34123.html,9d9381375d84a343
Z9/02,https://apl.brno.cz/protokoly-zmb/zmb-z9-02/20221115-41-34145.html,9d9381375d84a343
Z9/02,https://apl.brno.cz/protokoly-zmb/zmb-z9-02/20221115-42-34183.html,9d9381375d84a343
Z9/02,https://apl.brno.cz/protokoly-zmb/zmb-z9-02/20221115-43-34223.html,9d9381375d84a343
Z9/02,https://apl.brno.cz/protokoly-zmb/zmb-z9-02/20221115-44-34256.html,9d9381375d84a343
Z9/02,https://apl.brno.cz/protokoly-zmb/zmb-z9-02/20221115-45-34287.html,9d9381375d84a343
Z9/02,https://apl.brno.cz/protokoly-zmb/zmb-z9-02/20221115-46-34322.html,9d9381375d84a343
Z9/02,https://apl.brno.cz/protokoly-zmb/zmb-z9-02/20221115-47-34472.html,9d9381375d84a343
Z9/02,https://apl.brno.cz/protokoly-zmb/zmb-z9-02/20221115-48-34508.html,9d9381375d84a343
Z9/02,https://apl.brno.cz/protokoly-zmb/zmb-z9-02/20221115-49-34546.html,9d9381375d84a343
Z9/02,https://apl.brno.cz/protokoly-zmb/zmb-z9-02/20221115-50-34614.html,9d9381375d84a343
Z9/02,https://apl.brno.cz/protokoly-zmb/zmb-z9-02/20221115-51-35460.html,9d9381375d84a343
Z9/02,https://apl.brno.cz/protokoly-zmb/zmb-z9-02/20221115-52-35502.html,9d9381375d84a343
Z9/02,https://apl.brno.cz/protokoly-zmb/zmb-z9-02/20221115-53-35916.html,9d9381375d84a343
Z9/02,https://apl.brno.cz/protokoly-zmb/zmb-z9-02/20221115-54-35954.html,9d9381375d84a343
Z9/02,https://apl.brno.cz/protokoly-zmb/zmb-z9-02/20221115-55-35987.html,9d9381375d84a343
Z9/02,https://apl.brno.cz/protokoly-zmb/zmb-z9-02/20221115-56-36020.html,9d9381375d84a343
Z9/02,https://apl.brno.cz/protokoly-zmb/zmb-z9-02/20221115-57-36055.html,9d9381375d84a343
Z9/02,https://apl.brno.cz/protokoly-zmb/zmb-z9-02/20221115-58-36084.html,9d9381375d84a343
Z9/02,https://apl.brno.cz/protokoly-zmb/zmb-z9-02/20221115-59-36116.html,9d9381375d84a343
Z9/02,https://apl.brno.cz/protokoly-zmb/zmb-z9-02/20221115-60-36144.html,9d9381375d84a343
Z9/02,https://apl.brno.cz/protokoly-zmb/zmb-z9-02/20221115-61-36177.html,9d9381375d84a343
Z9/02,https://apl.brno.cz/protokoly-zmb/zmb-z9-02/20221115-62-36205.html,9d9381375d84a343
Z9/02,https://apl.brno.cz/protokoly-zmb/zmb-z9-02/20221115-63-36234.html,9d9381375d84a343
Z9/02,https://apl.brno.cz/protokoly-zmb/zmb-z9-02/20221115-64-36267.html,9d9381375d84a343
Z9/02,https://apl.brno.cz/protokoly-zmb/zmb-z9-02/20221115-65-36306.html,9d9381375d84a343
Z9/02,https://apl.brno.cz/protokoly-zmb/zmb-z9-02/20221115-66-36338.html,9d9381375d84a343
Z9/02,https://apl.brno.cz/protokoly-zmb/zmb-z9-02/20221115-67-36370.html,9d9381375d84a343
Z9/02,https://apl.brno.cz/protokoly-zmb/zmb-z9-02/20221115-68-36402.html,9d9381375d84a343
Z9/02,https://apl.brno.cz/protokoly-zmb/zmb-z9-02/20221115-69-36436.html,9d9381375d84a343
Z9/02,https://apl.brno.cz/protokoly-zmb/zmb-z9-02/20221115-71-36555.html,9d9381375d84a343
Z9/02,https://apl.brno.cz/protokoly-zmb/zmb-z9-02/20221115-72-36608.html,9d9381375d84a343
Z9/02,https://apl.brno.cz/protokoly-zmb/zmb-z9-02/20221115-73-36642.html,9d9381375d84a343
Z9/02,https://apl.brno.cz/protokoly-zmb/zmb-z9-02/20221115-74-36680.html,9d9381375d84a343
Z9/02,https://apl.brno.cz/protokoly-zmb/zmb-z9-02/20221115-75-36733.html,9d9381375d84a343
Z9/02,https://apl.brno.cz/protokoly-zmb/zmb-z9-02/20221115-76-36783.html,9d9381375d84a343
Z9/02,https://apl.brno.cz/protokoly-zmb/zmb-z9-02/20221115-77-36826.html,9d9381375d84a343
Z9/02,https://apl.brno.cz/protokoly-zmb/zmb-z9-02/20221115-78-36858.html,9d9381375d84a343
Z9/02,https://apl.brno.cz/protokoly-zmb/zmb-z9-02/20221115-79-36891.html,9d9381375d84a343
Z9/02,https://apl.brno.cz/protokoly-zmb/zmb-z9-02/20221115-80-36923.html,9d9381375d84a343
Z9/02,https://apl.brno.cz/protokoly-zmb/zmb-z9-02/20221115-81-36956.html,9d9381375d84a343
Z9/02,https://apl.brno.cz/protokoly-zmb/zmb-z9-02/20221115-82-36983.html,9d9381375d84a343
Z9/02,https://apl.brno.cz/protokoly-zmb/zmb-z9-02/20221115-83-37016.html,9d9381375d84a343
Z9/02,https://apl.brno.cz/protokoly-zmb/zmb-z9-02/20221115-84-37046.html,9d9381375d84a343
Z9/02,https://apl.brno.cz/protokoly-zmb/zmb-z9-02/20221115-85-37083.html,9d9381375d84a343
Z9/02,https://apl.brno.cz/protokoly-zmb/zmb-z9-02/20221115-86-37112.html,9d9381375d84a343
Z9/02,https://apl.brno.cz/protokoly-zmb/zmb-z9-02/20221115-87-37141.html,9d9381375d84a343
Z9/02,https://apl.brno.cz/protokoly-zmb/zmb-z9-02/20221115-88-37176.html,9d9381375d84a343
Z9/02,https://apl.brno.cz/protokoly-zmb/zmb-z9-02/20221115-89-37212.html,9d9381375d84a343
Z9/02,https://apl.brno.cz/protokoly-zmb/zmb-z9-02/20221115-90-37476.html,9d9381375d84a343
Z9/02,https://apl.brno.cz/protokoly-zmb/zmb-z9-02/20221115-91-37514.html,9d9381375d84a343
Z9/02,https://apl.brno.cz/protokoly-zmb/zmb-z9-02/20221115-92-37563.html,9d9381375d84a343
Z9/02,https://apl.brno.cz/protokoly-zmb/zmb-z9-02/20221115-93-37852.html,9d9381375d84a343
Z9/02,https://apl.brno.cz/protokoly-zmb/zmb-z9-02/20221115-94-37926.html,9d9381375d84a343
Z9/02,https://apl.brno.cz/protokoly-zmb/zmb-z9-02/20221115-95-37963.html,9d9381375d84a343
Z9/02,https://apl.brno.cz/protokoly-zmb/zmb-z9-02/20221115-96-39860.html,9d9381375d84a343
Z9/05,https://apl.brno.cz/protokoly-zmb/zmb-z9-05/20230228-1-29395.html,855e8c7abe4c7621
Z9/05,https://apl.brno.cz/protokoly-zmb/zmb-z9-05/20230228-2-29615.html,855e8c7abe4c7621
Z9/05,https://apl.brno.cz/protokoly-zmb/zmb-z9-05/20230228-3-29641.html,855e8c7abe4c7621
Z9/05,https://apl.brno.cz/protokoly-zmb/zmb-z9-05/20230228-4-29670.html,855e8c7abe4c7621
Z9/05,https://apl.brno.cz/protokoly-zmb/zmb-z9-05/20230228-5-29701.html,855e8c7abe4c7621
Z9/05,https://apl.brno.cz/protokoly-zmb/zmb-z9-05/20230228-6-29733.html,855e8c7abe4c7621
Z9/05,https://apl.brno.cz/protokoly-zmb/zmb-z9-05/20230228-7-29780.html,855e8c7abe4c7621
Z9/05,https://apl.brno.cz/protokoly-zmb/zmb-z9-05/20230228-8-30066.html,855e8c7abe4c7621
Z9/05,https://apl.brno.cz/protokoly-zmb/zmb-z9-05/20230228-9-30103.html,855e8c7abe4c7621
Z9/05,https://apl.brno.cz/protokoly-zmb/zmb-z9-05/20230228-11-31141.html,855e8c7abe4c7621
Z9/05,https://apl.brno.cz/protokoly-zmb/zmb-z9-05/20230228-12-31172.html,855e8c7abe4c7621
Z9/05,https://apl.brno.cz/protokoly-zmb/zmb-z9-05/20230228-13-31203.html,855e8c7abe4c7621
Z9/05,https://apl.brno.cz/protokoly-zmb/zmb-z9-05/20230228-14-31236.html,855e8c7abe4c7621
Z9/05,https://apl.brno.cz/protokoly-zmb/zmb-z9-05/20230228-15-31268.html,855e8c7abe4c7621
Z9/05,https://apl.brno.cz/protokoly-zmb/zmb-z9-05/20230228-16-31348.html,855e8c7abe4c7621
Z9/05,https://apl.brno.cz/protokoly-zmb/zmb-z9-05/20230228-17-31380.html,855e8c7abe4c7621
Z9/05,https://apl.brno.cz/protokoly-zmb/zmb-z9-05/20230228-18-31413.html,855e8c7abe4c7621
Z9/05,https://apl.brno.cz/protokoly-zmb/zmb-z9-05/20230228-19-31450.html,855e8c7abe4c7621
Z9/05,https://apl.brno.cz/protokoly-zmb/zmb-z9-05/20230228-20-31485.html,855e8c7abe4c7621
Z9/05,https://apl.brno.cz/protokoly-zmb/zmb-z9-05/20230228-21-31521.html,855e8c7abe4c7621
Z9/05,https://apl.brno.cz/protokoly-zmb/zmb-z9-05/20230228-22-31556.html,855e8c7abe4c7621
Z9/05,https://apl.brno.cz/protokoly-zmb/zmb-z9-05/20230228-23-31788.html,855e8c7abe4c7621
Z9/05,https://apl.brno.cz/protokoly-zmb/zmb-z9-05/20230228-24-31828.html,855e8c7abe4c7621
Z9/05,https://apl.brno.cz/protokoly-zmb/zmb-z9-05/20230228-25-31871.html,855e8c7abe4c7621
Z9/05,https://apl.brno.cz/protokoly-zmb/zmb-z9-05/20230228-26-31903.html,855e8c7abe4c7621
Z9/05,https://apl.brno.cz/protokoly-zmb/zmb-z9-05/20230228-27-33535.html,855e8c7abe4c7621
Z9/05,https://apl.brno.cz/protokoly-zmb/zmb-z9-05/20230228-28-33785.html,855e8c7abe4c7621
Z9/05,https://apl.brno.cz/protokoly-zmb/zmb-z9-05/20230228-29-33829.html,855e8c7abe4c7621
Z9/05,https://apl.brno.cz/protokoly-zmb/zmb-z9-05/20230228-30-33982.html,855e8c7abe4c7621
Z9/05,https://apl.brno.cz/protokoly-zmb/zmb-z9-05/20230228-31-34131.html,855e8c7abe4c7621
Z9/05,https://apl.brno.cz/protokoly-zmb/zmb-z9-05/20230228-32-34165.html,855e8c7abe4c7621
Z9/05,https://apl.brno.cz/protokoly-zmb/zmb-z9-05/20230228-33-34197.html,855e8c7abe4c7621
Z9/05,https://apl.brno.cz/protokoly-zmb/zmb-z9-05/20230228-34-34233.html,855e8c7abe4c7621
Z9/05,https://apl.brno.cz/protokoly-zmb/zmb-z9-05/20230228-35-34269.html,855e8c7abe4c7621
Z9/05,https://apl.brno.cz/protokoly-zmb/zmb-z9-05/20230228-36-34322.html,855e8c7abe4c7621
Z9/05,https://apl.brno.cz/protokoly-zmb/zmb-z9-05/20230228-37-34513.html,855e8c7abe4c7621
Z9/05,https://apl.brno.cz/protokoly-zmb/zmb-z9-05/20230228-38-34542.html,855e8c7abe4c7621
Z9/05,https://apl.brno.cz/protokoly-zmb/zmb-z9-05/20230228-39-34572.html,855e8c7abe4c7621
Z9/05,https://apl.brno.cz/protokoly-zmb/zmb-z9-05/20230228-40-34608.html,855e8c7abe4c7621
Z9/05,https://apl.brno.cz/protokoly-zmb/zmb-z9-05/20230228-41-34641.html,855e8c7abe4c7621
Z9/05,https://apl.brno.cz/protokoly-zmb/zmb-z9-05/20230228-42-34674.html,855e8c7abe4c7621
Z9/05,https://apl.brno.cz/protokoly-zmb/zmb-z9-05/20230228-43-34704.html,855e8c7abe4c7621
Z9/05,https://apl.brno.cz/protokoly-zmb/zmb-z9-05/20230228-44-34741.html,855e8c7abe4c7621
Z9/05,https://apl.brno.cz/protokoly-zmb/zmb-z9-05/20230228-45-34888.html,855e8c7abe4c7621
Z9/05,https://apl.brno.cz/protokoly-zmb/zmb-z9-05/20230228-46-35013.html,855e8c7abe4c7621
Z9/05,https://apl.brno.cz/protokoly-zmb/zmb-z9-05/20230228-47-35049.html,855e8c7abe4c7621
Z9/05,https://apl.brno.cz/protokoly-zmb/zmb-z9-05/20230228-48-35085.html,855e8c7abe4c7621
Z9/05,https://apl.brno.cz/protokoly-zmb/zmb-z9-05/20230228-49-35123.html,855e8c7abe4c7621
Z9/05,https://apl.brno.cz/protokoly-zmb/zmb-z9-05/20230228-50-35161.html,855e8c7abe4c7621
Z9/05,https://apl.brno.cz/protokoly-zmb/zmb-z9-05/20230228-51-35195.html,855e8c7abe4c7621
Z9/05,https://apl.brno.cz/protokoly-zmb/zmb-z9-05/20230228-52-35232.html,855e8c7abe4c7621
Z9/05,https://apl.brno.cz/protokoly-zmb/zmb-z9-05/20230228-53-35269.html,855e8c7abe4c7621
Z9/05,https://apl.brno.cz/protokoly-zmb/zmb-z9-05/20230228-54-35303.html,855e8c7abe4c7621
Z9/05,https://apl.brno.cz/protokoly-zmb/zmb-z9-05/20230228-55-35339.html,855e8c7abe4c7621
Z9/05,https://apl.brno.cz/protokoly-zmb/zmb-z9-05/20230228-56-35379.html,855e8c7abe4c7621
Z9/05,https://apl.brno.cz/protokoly-zmb/zmb-z9-05/20230228-57-35579.html,855e8c7abe4c7621
Z9/05,https://apl.brno.cz/protokoly-zmb/zmb-z9-05/20230228-58-35616.html,855e8c7abe4c7621
Z9/05,https://apl.brno.cz/protokoly-zmb/zmb-z9-05/20230228-59-35657.html,855e8c7abe4c7621
Z9/05,https://apl.brno.cz/protokoly-zmb/zmb-z9-05/20230228-60-35694.html,855e8c7abe4c7621
Z9/05,https://apl.brno.cz/protokoly-zmb/zmb-z9-05/20230228-61-35726.html,855e8c7abe4c7621
Z9/05,https://apl.brno.cz/protokoly-zmb/zmb-z9-05/20230228-62-35760.html,855e8c7abe4c7621
Z9/05,https://apl.brno.cz/protokoly-zmb/zmb-z9-05/20230228-63-35978.html,855e8c7abe4c7621
Z9/05,https://apl.brno.cz/protokoly-zmb/zmb-z9-05/20230228-64-36009.html,855e8c7abe4c7621
Z9/05,https://apl.brno.cz/protokoly-zmb/zmb-z9-05/20230228-65-36040.html,855e8c7abe4c7621
Z9/05,https://apl.brno.cz/protokoly-zmb/zmb-z9-05/20230228-66-36072.html,855e8c7abe4c7621
Z9/05,https://apl.brno.cz/protokoly-zmb/zmb-z9-05/20230228-67-36106.html,855e8c7abe4c7621
Z9/05,https://apl.brno.cz/protokoly-zmb/zmb-z9-05/20230228-68-36139.html,855e8c7abe4c7621
Z9/05,https://apl.brno.cz/protokoly-zmb/zmb-z9-05/20230228-69-36180.html,855e8c7abe4c7621
Z9/05,https://apl.brno.cz/protokoly-zmb/zmb-z9-05/20230228-70-36212.html,855e8c7abe4c7621
Z9/05,https://apl.brno.cz/protokoly-zmb/zmb-z9-05/20230228-71-36241.html,855e8c7abe4c7621
Z9/05,https://apl.brno.cz/protokoly-zmb/zmb-z9-05/20230228-72-36491.html,855e8c7abe4c7621
Z9/05,https://apl.brno.cz/protokoly-zmb/zmb-z9-05/20230228-73-36520.html,855e8c7abe4c7621
Z9/05,https://apl.brno.cz/protokoly-zmb/zmb-z9-05/20230228-74-36567.html,855e8c7abe4c7621
Z9/05,https://apl.brno.cz/protokoly-zmb/zmb-z9-05/20230228-75-36607.html,855e8c7abe4c7621
Z9/05,https://apl.brno.cz/protokoly-zmb/zmb-z9-05/20230228-76-36646.html,855e8c7abe4c7621
Z9/05,https://apl.brno.cz/protokoly-zmb/zmb-z9-05/20230228-77-36697.html,855e8c7abe4c7621
Z9/05,https://apl.brno.cz/protokoly-zmb/zmb-z9-05/20230228-78-36741.html,855e8c7abe4c7621
Z9/05,https://apl.brno.cz/protokoly-zmb/zmb-z9-05/20230228-79-36780.html,855e8c7abe4c7621
Z9/05,https://apl.brno.cz/protokoly-zmb/zmb-z9-05/20230228-80-36837.html,855e8c7abe4c7621
Z9/05,https://apl.brno.cz/protokoly-zmb/zmb-z9-05/20230228-81-36870.html,855e8c7abe4c7621
Z9/05,https://apl.brno.cz/protokoly-zmb/zmb-z9-05/20230228-82-36902.html,855e8c7abe4c7621
Z9/05,https://apl.brno.cz/protokoly-zmb/zmb-z9-05/20230228-83-36937.html,855e8c7abe4c7621
Z9/05,https://apl.brno.cz/protokoly-zmb/zmb-z9-05/20230228-84-36987.html,855e8c7abe4c7621
Z9/05,https://apl.brno.cz/protokoly-zmb/zmb-z9-05/20230228-85-37023.html,855e8c7abe4c7621
Z9/05,https://apl.brno.cz/protokoly-zmb/zmb-z9-05/20230228-86-37063.html,855e8c7abe4c7621
Z9/05,https://apl.brno.cz/protokoly-zmb/zmb-z9-05/20230228-87-37098.html,855e8c7abe4c7621
Z9/05,https://apl.brno.cz/protokoly-zmb/zmb-z9-05/20230228-88-37130.html,855e8c7abe4c7621
Z9/05,https://apl.brno.cz/protokoly-zmb/zmb-z9-05/20230228-89-37172.html,855e8c7abe4c7621
Z9/05,https://apl.brno.cz/protokoly-zmb/zmb-z9-05/20230228-90-37229.html,855e8c7abe4c7621
Z9/05,https://apl.brno.cz/protokoly-zmb/zmb-z9-05/20230228-91-37260.html,855e8c7abe4c7621
Z9/05,https://apl.brno.cz/protokoly-zmb/zmb-z9-05/20230228-92-37294.html,855e8c7abe4c7621
Z9/05,https://apl.brno.cz/protokoly-zmb/zmb-z9-05/20230228-93-37343.html,855e8c7abe4c7621
Z9/05,https://apl.brno.cz/protokoly-zmb/zmb-z9-05/20230228-94-37374.html,855e8c7abe4c7621
Z9/05,https://apl.brno.cz/protokoly-zmb/zmb-z9-05/20230228-95-37403.html,855e8c7abe4c7621
Z9/05,https://apl.brno.cz/protokoly-zmb/zmb-z9-05/20230228-97-37493.html,855e8c7abe4c7621
Z9/05,https://apl.brno.cz/protokoly-zmb/zmb-z9-05/20230228-98-37553.html,855e8c7abe4c7621
Z9/05,https://apl.brno.cz/protokoly-zmb/zmb-z9-05/20230228-99-37578.html,855e8c7abe4c7621
Z9/05,https://apl.brno.cz/protokoly-zmb/zmb-z9-05/20230228-100-37775.html,855e8c7abe4c7621
Z9/05,https://apl.brno.cz/protokoly-zmb/zmb-z9-05/20230228-101-37803.html,855e8c7abe4c7621
Z9/05,https://apl.brno.cz/protokoly-zmb/zmb-z9-05/20230228-102-40303.html,855e8c7abe4c7621
Z9/05,https://apl.brno.cz/protokoly-zmb/zmb-z9-05/20230228-103-40346.html,855e8c7abe4c7621
Z9/05,https://apl.brno.cz/protokoly-zmb/zmb-z9-05/20230228-104-40390.html,855e8c7abe4c7621
Z9/05,https://apl.brno.cz/protokoly-zmb/zmb-z9-05/20230228-105-40682.html,855e8c7abe4c7621
Z9/05,https://apl.brno.cz/protokoly-zmb/zmb-z9-05/20230228-106-40712.html,855e8c7abe4c7621
Z9/07,https://apl.brno.cz/protokoly-zmb/zmb-z9-07/20230516-1-29457.html,736feb627c8ee927
Z9/07,https://apl.brno.cz/protokoly-zmb/zmb-z9-07/20230516-2-29668.html,736feb627c8ee927
Z9/07,https://apl.brno.cz/protokoly-zmb/zmb-z9-07/20230516-3-29694.html,736feb627c8ee927
Z9/07,https://apl.brno.cz/protokoly-zmb/zmb-z9-07/20230516-4-29732.html,736feb627c8ee927
Z9/07,https://apl.brno.cz/protokoly-zmb/zmb-z9-07/20230516-5-29753.html,736feb627c8ee927
Z9/07,https://apl.brno.cz/protokoly-zmb/zmb-z9-07/20230516-6-29963.html,736feb627c8ee927
Z9/07,https://apl.brno.cz/protokoly-zmb/zmb-z9-07/20230516-7-30107.html,736feb627c8ee927
Z9/07,https://apl.brno.cz/protokoly-zmb/zmb-z9-07/20230516-8-30516.html,736feb627c8ee927
Z9/07,https://apl.brno.cz/protokoly-zmb/zmb-z9-07/20230516-11-30881.html,736feb627c8ee927
Z9/07,https://apl.brno.cz/protokoly-zmb/zmb-z9-07/20230516-12-33818.html,736feb627c8ee927
Z9/07,https://apl.brno.cz/protokoly-zmb/zmb-z9-07/20230516-13-33919.html,736feb627c8ee927
Z9/07,https://apl.brno.cz/protokoly-zmb/zmb-z9-07/20230516-14-33948.html,736feb627c8ee927
Z9/07,https://apl.brno.cz/protokoly-zmb/zmb-z9-07/20230516-16-35061.html,736feb627c8ee927
Z9/07,https://apl.brno.cz/protokoly-zmb/zmb-z9-07/20230516-17-35086.html,736feb627c8ee927
Z9/07,https://apl.brno.cz/protokoly-zmb/zmb-z9-07/20230516-18-35121.html,736feb627c8ee927
Z9/07,https://apl.brno.cz/protokoly-zmb/zmb-z9-07/20230516-19-35156.html,736feb627c8ee927
Z9/07,https://apl.brno.cz/protokoly-zmb/zmb-z9-07/20230516-20-35187.html,736feb627c8ee927
Z9/07,https://apl.brno.cz/protokoly-zmb/zmb-z9-07/20230516-21-35222.html,736feb627c8ee927
Z9/07,https://apl.brno.cz/protokoly-zmb/zmb-z9-07/20230516-22-35254.html,736feb627c8ee927
Z9/07,https://apl.brno.cz/protokoly-zmb/zmb-z9-07/20230516-23-35290.html,736feb627c8ee927
Z9/07,https://apl.brno.cz/protokoly-zmb/zmb-z9-07/20230516-24-35321.html,736feb627c8ee927
Z9/07,https://apl.brno.cz/protokoly-zmb/zmb-z9-07/20230516-25-35455.html,736feb627c8ee927
Z9/07,https://apl.brno.cz/protokoly-zmb/zmb-z9-07/20230516-26-35485.html,736feb627c8ee927
Z9/07,https://apl.brno.cz/protokoly-zmb/zmb-z9-07/20230516-27-35556.html,736feb627c8ee927
Z9/07,https://apl.brno.cz/protokoly-zmb/zmb-z9-07/20230516-28-35587.html,736feb627c8ee927
Z9/07,https://apl.brno.cz/protokoly-zmb/zmb-z9-07/20230516-29-35620.html,736feb627c8ee927
Z9/07,https://apl.brno.cz/protokoly-zmb/zmb-z9-07/20230516-30-35651.html,736feb627c8ee927
Z9/07,https://apl.brno.cz/protokoly-zmb/zmb-z9-07/20230516-31-35683.html,736feb627c8ee927
Z9/07,https://apl.brno.cz/protokoly-zmb/zmb-z9-07/20230516-32-35788.html,736feb627c8ee927
Z9/07,https://apl.brno.cz/protokoly-zmb/zmb-z9-07/20230516-33-35903.html,736feb627c8ee927
Z9/07,https://apl.brno.cz/protokoly-zmb/zmb-z9-07/20230516-34-35936.html,736feb627c8ee927
Z9/07,https://apl.brno.cz/protokoly-zmb/zmb-z9-07/20230516-35-35966.html,736feb627c8ee927
Z9/07,https://apl.brno.cz/protokoly-zmb/zmb-z9-07/20230516-36-36011.html,736feb627c8ee927
Z9/07,https://apl.brno.cz/protokoly-zmb/zmb-z9-07/20230516-37-36044.html,736feb627c8ee927
Z9/07,https://apl.brno.cz/protokoly-zmb/zmb-z9-07/20230516-38-36073.html,736feb627c8ee927
Z9/07,https://apl.brno.cz/protokoly-zmb/zmb-z9-07/20230516-39-36103.html,736feb627c8ee927
Z9/07,https://apl.brno.cz/protokoly-zmb/zmb-z9-07/20230516-40-36130.html,736feb627c8ee927
Z9/07,https://apl.brno.cz/protokoly-zmb/zmb-z9-07/20230516-41-36259.html,736feb627c8ee927
Z9/07,https://apl.brno.cz/protokoly-zmb/zmb-z9-07/20230516-42-36289.html,736feb627c8ee927
Z9/07,https://apl.brno.cz/protokoly-zmb/zmb-z9-07/20230516-43-36313.html,736feb627c8ee927
Z9/07,https://apl.brno.cz/protokoly-zmb/zmb-z9-07/20230516-44-36348.html,736feb627c8ee927
Z9/07,https://apl.brno.cz/protokoly-zmb/zmb-z9-07/20230516-45-36380.html,736feb627c8ee927
Z9/07,https://apl.brno.cz/protokoly-zmb/zmb-z9-07/20230516-46-36424.html,736feb627c8ee927
Z9/07,https://apl.brno.cz/protokoly-zmb/zmb-z9-07/20230516-47-36449.html,736feb627c8ee927
Z9/07,https://apl.brno.cz/protokoly-zmb/zmb-z9-07/20230516-48-36478.html,736feb627c8ee927
Z9/07,https://apl.brno.cz/protokoly-zmb/zmb-z9-07/20230516-49-36508.html,736feb627c8ee927
Z9/07,https://apl.brno.cz/protokoly-zmb/zmb-z9-07/20230516-50-36543.html,736feb627c8ee927
Z9/07,https://apl.brno.cz/protokoly-zmb/zmb-z9-07/20230516-51-37362.html,736feb627c8ee927
Z9/07,https://apl.brno.cz/protokoly-zmb/zmb-z9-07/20230516-52-37398.html,736feb627c8ee927
Z9/07,https://apl.brno.cz/protokoly-zmb/zmb-z9-07/20230516-53-37431.html,736feb627c8ee927
Z9/07,https://apl.brno.cz/protokoly-zmb/zmb-z9-07/20230516-54-37461.html,736feb627c8ee927
Z9/07,https://apl.brno.cz/protokoly-zmb/zmb-z9-07/20230516-55-37487.html,736feb627c8ee927
Z9/07,https://apl.brno.cz/protokoly-zmb/zmb-z9-07/20230516-56-37515.html,736feb627c8ee927
Z9/07,https://apl.brno.cz/protokoly-zmb/zmb-z9-07/20230516-57-37555.html,736feb627c8ee927
Z9/07,https://apl.brno.cz/protokoly-zmb/zmb-z9-07/20230516-58-37584.html,736feb627c8ee927
Z9/07,https://apl.brno.cz/protokoly-zmb/zmb-z9-07/20230516-59-37613.html,736feb627c8ee927
Z9/07,https://apl.brno.cz/protokoly-zmb/zmb-z9-07/20230516-60-37642.html,736feb627c8ee927
Z9/07,https://apl.brno.cz/protokoly-zmb/zmb-z9-07/20230516-61-37673.html,736feb627c8ee927
Z9/07,https://apl.brno.cz/protokoly-zmb/zmb-z9-07/20230516-62-37881.html,736feb627c8ee927
Z9/07,https://apl.brno.cz/protokoly-zmb/zmb-z9-07/20230516-63-40137.html,736feb627c8ee927
Z9/07,https://apl.brno.cz/protokoly-zmb/zmb-z9-07/20230516-64-40255.html,736feb627c8ee927
Z9/07,https://apl.brno.cz/protokoly-zmb/zmb-z9-07/20230516-65-40283.html,736feb627c8ee927
Z9/07,https://apl.brno.cz/protokoly-zmb/zmb-z9-07/20230516-66-40313.html,736feb627c8ee927
Z9/07,https://apl.brno.cz/protokoly-zmb/zmb-z9-07/20230516-67-40505.html,736feb627c8ee927
Z9/07,https://apl.brno.cz/protokoly-zmb/zmb-z9-07/20230516-68-41017.html,736feb627c8ee927
Z9/07,https://apl.brno.cz/protokoly-zmb/zmb-z9-07/20230516-69-41168.html,736feb627c8ee927
Z9/07,https://apl.brno.cz/protokoly-zmb/zmb-z9-07/20230516-70-41273.html,736feb627c8ee927
Z9/07,https://apl.brno.cz/protokoly-zmb/zmb-z9-07/20230516-71-41308.html,736feb627c8ee927
Z9/07,https://apl.brno.cz/protokoly-zmb/zmb-z9-07/20230516-72-41503.html,736feb627c8ee927
Z9/07,https://apl.brno.cz/protokoly-zmb/zmb-z9-07/20230516-73-41922.html,736feb627c8ee927
Z9/07,https://apl.brno.cz/protokoly-zmb/zmb-z9-07/20230516-74-41960.html,736feb627c8ee927
Z9/07,https://apl.brno.cz/protokoly-zmb/zmb-z9-07/20230516-75-41990.html,736feb627c8ee927
Z9/07,https://apl.brno.cz/protokoly-zmb/zmb-z9-07/20230516-76-42020.html,736feb627c8ee927
Z9/07,https://apl.brno.cz/protokoly-zmb/zmb-z9-07/20230516-77-42050.html,736feb627c8ee927
Z9/07,https://apl.brno.cz/protokoly-zmb/zmb-z9-07/20230516-78-42203.html,736feb627c8ee927
Z9/07,https://apl.brno.cz/protokoly-zmb/zmb-z9-07/20230516-79-42235.html,736feb627c8ee927
Z9/07,https://apl.brno.cz/protokoly-zmb/zmb-z9-07/20230516-80-42265.html,736feb627c8ee927
Z9/07,https://apl.brno.cz/protokoly-zmb/zmb-z9-07/20230516-81-42301.html,736feb627c8ee927
Z9/07,https://apl.brno.cz/protokoly-zmb/zmb-z9-07/20230516-82-42328.html,736feb627c8ee927
Z9/07,https://apl.brno.cz/protokoly-zmb/zmb-z9-07/20230516-83-42358.html,736feb627c8ee927
Z9/07,https://apl.brno.cz/protokoly-zmb/zmb-z9-07/20230516-84-42388.html,736feb627c8ee927
Z9/07,https://apl.brno.cz/protokoly-zmb/zmb-z9-07/20230516-85-42419.html,736feb627c8ee927
Z9/07,https://apl.brno.cz/protokoly-zmb/zmb-z9-07/20230516-86-42473.html,736feb627c8ee927
Z9/07,https://apl.brno.cz/protokoly-zmb/zmb-z9-07/20230516-87-42503.html,736feb627c8ee927
Z9/07,https://apl.brno.cz/protokoly-zmb/zmb-z9-07/20230516-88-42543.html,736feb627c8ee927
Z9/07,https://apl.brno.cz/protokoly-zmb/zmb-z9-07/20230516-89-42576.html,736feb627c8ee927
Z9/07,https://apl.brno.cz/protokoly-zmb/zmb-z9-07/20230516-90-42615.html,736feb627c8ee927
Z9/07,https://apl.brno.cz/protokoly-zmb/zmb-z9-07/20230516-91-42652.html,736feb627c8ee927
Z9/07,https://apl.brno.cz/protokoly-zmb/zmb-z9-07/20230516-92-42709.html,736feb627c8ee927
Z9/07,https://apl.brno.cz/protokoly-zmb/zmb-z9-07/20230516-93-42741.html,736feb627c8ee927
Z9/07,https://apl.brno.cz/protokoly-zmb/zmb-z9-07/20230516-94-42766.html,736feb627c8ee927
Z9/07,https://apl.brno.cz/protokoly-zmb/zmb-z9-07/20230516-95-42792.html,736feb627c8ee927
Z9/07,https://apl.brno.cz/protokoly-zmb/zmb-z9-07/20230516-96-42821.html,736feb627c8ee927
Z9/07,https://apl.brno.cz/protokoly-zmb/zmb-z9-07/20230516-97-42847.html,736feb627c8ee927
Z9/07,https://apl.brno.cz/protokoly-zmb/zmb-z9-07/20230516-98-42878.html,736feb627c8ee927
Z9/07,https://apl.brno.cz/protokoly-zmb/zmb-z9-07/20230516-99-42908.html,736feb627c8ee927
Z9/07,https://apl.brno.cz/protokoly-zmb/zmb-z9-07/20230516-100-42940.html,736feb627c8ee927
Z9/07,https://apl.brno.cz/protokoly-zmb/zmb-z9-07/20230516-101-42966.html,736feb627c8ee927
Z9/07,https://apl.brno.cz/protokoly-zmb/zmb-z9-07/20230516-102-42992.html,736feb627c8ee927
Z9/07,https://apl.brno.cz/protokoly-zmb/zmb-z9-07/20230516-103-43061.html,736feb627c8ee927
Z9/07,https://apl.brno.cz/protokoly-zmb/zmb-z9-07/20230516-104-43138.html,736feb627c8ee927
Z9/07,https://apl.brno.cz/protokoly-zmb/zmb-z9-07/20230516-105-43166.html,736feb627c8ee927
Z9/07,https://apl.brno.cz/protokoly-zmb/zmb-z9-07/20230516-106-43194.html,736feb627c8ee927
Z9/07,https://apl.brno.cz/protokoly-zmb/zmb-z9-07/20230516-107-43224.html,736feb627c8ee927
Z9/07,https://apl.brno.cz/protokoly-zmb/zmb-z9-07/20230516-108-43654.html,736feb627c8ee927
Z9/07,https://apl.brno.cz/protokoly-zmb/zmb-z9-07/20230516-109-43695.html,736feb627c8ee927
Z9/07,https://apl.brno.cz/protokoly-zmb/zmb-z9-07/20230516-110-43720.html,736feb627c8ee927
Z9/07,https://apl.brno.cz/protokoly-zmb/zmb-z9-07/20230516-111-43752.html,736feb627c8ee927
Z9/07,https://apl.brno.cz/protokoly-zmb/zmb-z9-07/20230516-112-43780.html,736feb627c8ee927
Z9/07,https://apl.brno.cz/protokoly-zmb/zmb-z9-07/20230516-113-43808.html,736feb627c8ee927
Z9/07,https://apl.brno.cz/protokoly-zmb/zmb-z9-07/20230516-114-43856.html,736feb627c8ee927
Z9/06,https://apl.brno.cz/protokoly-zmb/zmb-z9-06/20230404-1-29525.html,e715158e17e939ea
Z9/06,https://apl.brno.cz/protokoly-zmb/zmb-z9-06/20230404-2-30512.html,e715158e17e939ea
Z9/06,https://apl.brno.cz/protokoly-zmb/zmb-z9-06/20230404-3-30538.html,e715158e17e939ea
Z9/06,https://apl.brno.cz/protokoly-zmb/zmb-z9-06/20230404-4-30580.html,e715158e17e939ea
Z9/06,https://apl.brno.cz/protokoly-zmb/zmb-z9-06/20230404-5-30617.html,e715158e17e939ea
Z9/06,https://apl.brno.cz/protokoly-zmb/zmb-z9-06/20230404-6-30646.html,e715158e17e939ea
Z9/06,https://apl.brno.cz/protokoly-zmb/zmb-z9-06/20230404-7-36797.html,e715158e17e939ea
Z9/06,https://apl.brno.cz/protokoly-zmb/zmb-z9-06/20230404-8-36829.html,e715158e17e939ea
Z9/06,https://apl.brno.cz/protokoly-zmb/zmb-z9-06/20230404-9-37017.html,e715158e17e939ea
Z9/06,https://apl.brno.cz/protokoly-zmb/zmb-z9-06/20230404-10-37052.html,e715158e17e939ea
Z9/06,https://apl.brno.cz/protokoly-zmb/zmb-z9-06/20230404-11-37082.html,e715158e17e939ea
Z9/06,https://apl.brno.cz/protokoly-zmb/zmb-z9-06/20230404-12-37110.html,e715158e17e939ea
Z9/06,https://apl.brno.cz/protokoly-zmb/zmb-z9-06/20230404-14-37885.html,e715158e17e939ea
Z9/06,https://apl.brno.cz/protokoly-zmb/zmb-z9-06/20230404-15-37907.html,e715158e17e939ea
Z9/06,https://apl.brno.cz/protokoly-zmb/zmb-z9-06/20230404-16-40248.html,e715158e17e939ea
Z9/06,https://apl.brno.cz/protokoly-zmb/zmb-z9-06/20230404-17-40278.html,e715158e17e939ea
Z9/06,https://apl.brno.cz/protokoly-zmb/zmb-z9-06/20230404-18-40311.html,e715158e17e939ea
Z9/06,https://apl.brno.cz/protokoly-zmb/zmb-z9-06/20230404-19-40345.html,e715158e17e939ea
Z9/06,https://apl.brno.cz/protokoly-zmb/zmb-z9-06/20230404-20-40755.html,e715158e17e939ea
Z9/06,https://apl.brno.cz/protokoly-zmb/zmb-z9-06/20230404-21-40788.html,e715158e17e939ea
Z9/06,https://apl.brno.cz/protokoly-zmb/zmb-z9-06/20230404-22-40821.html,e715158e17e939ea
Z9/06,https://apl.brno.cz/protokoly-zmb/zmb-z9-06/20230404-23-40855.html,e715158e17e939ea
Z9/06,https://apl.brno.cz/protokoly-zmb/zmb-z9-06/20230404-24-40889.html,e715158e17e939ea
Z9/06,https://apl.brno.cz/protokoly-zmb/zmb-z9-06/20230404-25-40918.html,e715158e17e939ea
Z9/06,https://apl.brno.cz/protokoly-zmb/zmb-z9-06/20230404-26-40948.html,e715158e17e939ea
Z9/06,https://apl.brno.cz/protokoly-zmb/zmb-z9-06/20230404-27-41739.html,e715158e17e939ea
Z9/06,https://apl.brno.cz/protokoly-zmb/zmb-z9-06/20230404-28-41767.html,e715158e17e939ea
Z9/06,https://apl.brno.cz/protokoly-zmb/zmb-z9-06/20230404-29-41790.html,e715158e17e939ea
Z9/06,https://apl.brno.cz/protokoly-zmb/zmb-z9-06/20230404-30-41820.html,e715158e17e939ea
Z9/06,https://apl.brno.cz/protokoly-zmb/zmb-z9-06/20230404-31-41849.html,e715158e17e939ea
Z9/06,https://apl.brno.cz/protokoly-zmb/zmb-z9-06/20230404-32-41880.html,e715158e17e939ea
Z9/06,https://apl.brno.cz/protokoly-zmb/zmb-z9-06/20230404-33-41911.html,e715158e17e939ea
Z9/06,https://apl.brno.cz/protokoly-zmb/zmb-z9-06/20230404-34-42583.html,e715158e17e939ea
Z9/06,https://apl.brno.cz/protokoly-zmb/zmb-z9-06/20230404-35-42613.html,e715158e17e939ea
Z9/06,https://apl.brno.cz/protokoly-zmb/zmb-z9-06/20230404-36-42640.html,e715158e17e939ea
Z9/06,https://apl.brno.cz/protokoly-zmb/zmb-z9-06/20230404-37-42674.html,e715158e17e939ea
Z9/06,https://apl.brno.cz/protokoly-zmb/zmb-z9-06/20230404-38-43090.html,e715158e17e939ea
Z9/06,https://apl.brno.cz/protokoly-zmb/zmb-z9-06/20230404-39-43118.html,e715158e17e939ea
Z9/06,https://apl.brno.cz/protokoly-zmb/zmb-z9-06/20230404-40-43145.html,e715158e17e939ea
Z9/06,https://apl.brno.cz/protokoly-zmb/zmb-z9-06/20230404-41-43179.html,e715158e17e939ea
Z9/06,https://apl.brno.cz/protokoly-zmb/zmb-z9-06/20230404-42-43220.html,e715158e17e939ea
Z9/06,https://apl.brno.cz/protokoly-zmb/zmb-z9-06/20230404-43-43680.html,e715158e17e939ea
Z9/06,https://apl.brno.cz/protokoly-zmb/zmb-z9-06/20230404-44-43722.html,e715158e17e939ea
Z9/06,https://apl.brno.cz/protokoly-zmb/zmb-z9-06/20230404-45-43752.html,e715158e17e939ea
Z9/06,https://apl.brno.cz/protokoly-zmb/zmb-z9-06/20230404-46-43783.html,e715158e17e939ea
Z9/06,https://apl.brno.cz/protokoly-zmb/zmb-z9-06/20230404-47-43811.html,e715158e17e939ea
Z9/06,https://apl.brno.cz/protokoly-zmb/zmb-z9-06/20230404-48-43899.html,e715158e17e939ea
Z9/06,https://apl.brno.cz/protokoly-zmb/zmb-z9-06/20230404-49-43936.html,e715158e17e939ea
Z9/06,https://apl.brno.cz/protokoly-zmb/zmb-z9-06/20230404-50-43964.html,e715158e17e939ea
Z9/06,https://apl.brno.cz/protokoly-zmb/zmb-z9-06/20230404-51-44042.html,e715158e17e939ea
Z9/06,https://apl.brno.cz/protokoly-zmb/zmb-z9-06/20230404-52-44076.html,e715158e17e939ea
Z9/06,https://apl.brno.cz/protokoly-zmb/zmb-z9-06/20230404-53-44106.html,e715158e17e939ea
Z9/06,https://apl.brno.cz/protokoly-zmb/zmb-z9-06/20230404-54-44136.html,e715158e17e939ea
Z9/06,https://apl.brno.cz/protokoly-zmb/zmb-z9-06/20230404-55-44172.html,e715158e17e939ea
Z9/06,https://apl.brno.cz/protokoly-zmb/zmb-z9-06/20230404-56-44205.html,e715158e17e939ea
Z9/06,https://apl.brno.cz/protokoly-zmb/zmb-z9-06/20230404-57-44234.html,e715158e17e939ea
Z9/06,https://apl.brno.cz/protokoly-zmb/zmb-z9-06/20230404-58-44288.html,e715158e17e939ea
Z9/06,https://apl.brno.cz/protokoly-zmb/zmb-z9-06/20230404-59-44346.html,e715158e17e939ea
Z9/06,https://apl.brno.cz/protokoly-zmb/zmb-z9-06/20230404-60-44375.html,e715158e17e939ea
Z9/06,https://apl.brno.cz/protokoly-zmb/zmb-z9-06/20230404-61-44410.html,e715158e17e939ea
Z9/06,https://apl.brno.cz/protokoly-zmb/zmb-z9-06/20230404-62-44440.html,e715158e17e939ea
Z9/06,https://apl.brno.cz/protokoly-zmb/zmb-z9-06/20230404-63-44472.html,e715158e17e939ea
Z9/06,https://apl.brno.cz/protokoly-zmb/zmb-z9-06/20230404-64-44620.html,e715158e17e939ea
Z9/06,https://apl.brno.cz/protokoly-zmb/zmb-z9-06/20230404-65-44973.html,e715158e17e939ea
Z9/06,https://apl.brno.cz/protokoly-zmb/zmb-z9-06/20230404-66-45002.html,e715158e17e939ea
Z9/06,https://apl.brno.cz/protokoly-zmb/zmb-z9-06/20230404-67-45034.html,e715158e17e939ea
Z9/06,https://apl.brno.cz/protokoly-zmb/zmb-z9-06/20230404-68-45064.html,e715158e17e939ea
Z9/06,https://apl.brno.cz/protokoly-zmb/zmb-z9-06/20230404-69-45097.html,e715158e17e939ea
Z9/06,https://apl.brno.cz/protokoly-zmb/zmb-z9-06/20230404-70-45126.html,e715158e17e939ea
Z9/06,https://apl.brno.cz/protokoly-zmb/zmb-z9-06/20230404-71-45153.html,e715158e17e939ea
Z9/06,https://apl.brno.cz/protokoly-zmb/zmb-z9-06/20230404-72-45180.html,e715158e17e939ea
Z9/06,https://apl.brno.cz/protokoly-zmb/zmb-z9-06/20230404-73-45875.html,e715158e17e939ea
Z9/06,https://apl.brno.cz/protokoly-zmb/zmb-z9-06/20230404-74-45905.html,e715158e17e939ea
Z9/06,https://apl.brno.cz/protokoly-zmb/zmb-z9-06/20230404-75-45933.html,e715158e17e939ea
Z9/06,https://apl.brno.cz/protokoly-zmb/zmb-z9-06/20230404-76-45963.html,e715158e17e939ea
Z9/06,https://apl.brno.cz/protokoly-zmb/zmb-z9-06/20230404-77-46637.html,e715158e17e939ea
Z9/06,https://apl.brno.cz/protokoly-zmb/zmb-z9-06/20230404-78-46668.html,e715158e17e939ea
Z9/06,https://apl.brno.cz/protokoly-zmb/zmb-z9-06/20230404-79-46697.html,e715158e17e939ea
Z9/06,https://apl.brno.cz/protokoly-zmb/zmb-z9-06/20230404-80-46751.html,e715158e17e939ea
Z9/06,https://apl.brno.cz/protokoly-zmb/zmb-z9-06/20230404-81-46775.html,e715158e17e939ea
Z9/06,https://apl.brno.cz/protokoly-zmb/zmb-z9-06/20230404-82-46803.html,e715158e17e939ea
Z9/06,https://apl.brno.cz/protokoly-zmb/zmb-z9-06/20230404-83-56393.html,e715158e17e939ea
Z9/06,https://apl.brno.cz/protokoly-zmb/zmb-z9-06/20230404-84-56455.html,e715158e17e939ea
Z9/06,https://apl.brno.cz/protokoly-zmb/zmb-z9-06/20230404-85-56489.html,e715158e17e939ea
Z9/06,https://apl.brno.cz/protokoly-zmb/zmb-z9-06/20230404-86-56520.html,e715158e17e939ea
Z9/06,https://apl.brno.cz/protokoly-zmb/zmb-z9-06/20230404-87-56586.html,e715158e17e939ea
Z9/06,https://apl.brno.cz/protokoly-zmb/zmb-z9-06/20230404-88-56617.html,e715158e17e939ea
Z9/06,https://apl.brno.cz/protokoly-zmb/zmb-z9-06/20230404-89-56646.html,e715158e17e939ea
Z9/06,https://apl.brno.cz/protokoly-zmb/zmb-z9-06/20230404-90-56677.html,e715158e17e939ea
Z9/06,https://apl.brno.cz/protokoly-zmb/zmb-z9-06/20230404-91-56705.html,e715158e17e939ea
Z9/06,https://apl.brno.cz/protokoly-zmb/zmb-z9-06/20230404-92-56730.html,e715158e17e939ea
Z9/06,https://apl.brno.cz/protokoly-zmb/zmb-z9-06/20230404-93-56757.html,e715158e17e939ea
Z9/06,https://apl.brno.cz/protokoly-zmb/zmb-z9-06/20230404-94-56785.html,e715158e17e939ea
Z9/06,https://apl.brno.cz/protokoly-zmb/zmb-z9-06/20230404-95-56818.html,e715158e17e939ea
Z9/06,https://apl.brno.cz/protokoly-zmb/zmb-z9-06/20230404-96-56904.html,e715158e17e939ea
Z9/06,https://apl.brno.cz/protokoly-zmb/zmb-z9-06/20230404-97-56933.html,e715158e17e939ea
Z9/06,https://apl.brno.cz/protokoly-zmb/zmb-z9-06/20230404-98-56965.html,e715158e17e939ea
Z9/06,https://apl.brno.cz/protokoly-zmb/zmb-z9-06/20230404-99-56999.html,e715158e17e939ea
Z9/06,https://apl.brno.cz/protokoly-zmb/zmb-z9-06/20230404-100-57038.html,e715158e17e939ea
Z9/08,https://apl.brno.cz/protokoly-zmb/zmb-z9-08/20230620-1-29464.html,1b7d3b44f9e1e083
Z9/08,https://apl.brno.cz/protokoly-zmb/zmb-z9-08/20230620-2-29821.html,1b7d3b44f9e1e083
Z9/08,https://apl.brno.cz/protokoly-zmb/zmb-z9-08/20230620-3-29850.html,1b7d3b44f9e1e083
Z9/08,https://apl.brno.cz/protokoly-zmb/zmb-z9-08/20230620-4-29887.html,1b7d3b44f9e1e083
Z9/08,https://apl.brno.cz/protokoly-zmb/zmb-z9-08/20230620-5-29964.html,1b7d3b44f9e1e083
Z9/08,https://apl.brno.cz/protokoly-zmb/zmb-z9-08/20230620-6-30073.html,1b7d3b44f9e1e083
Z9/08,https://apl.brno.cz/protokoly-zmb/zmb-z9-08/20230620-7-30098.html,1b7d3b44f9e1e083
Z9/08,https://apl.brno.cz/protokoly-zmb/zmb-z9-08/20230620-8-30131.html,1b7d3b44f9e1e083
Z9/08,https://apl.brno.cz/protokoly-zmb/zmb-z9-08/20230620-9-30273.html,1b7d3b44f9e1e083
Z9/08,https://apl.brno.cz/protokoly-zmb/zmb-z9-08/20230620-10-30295.html,1b7d3b44f9e1e083
Z9/08,https://apl.brno.cz/protokoly-zmb/zmb-z9-08/20230620-11-30352.html,1b7d3b44f9e1e083
Z9/08,https://apl.brno.cz/protokoly-zmb/zmb-z9-08/20230620-12-30380.html,1b7d3b44f9e1e083
Z9/08,https://apl.brno.cz/protokoly-zmb/zmb-z9-08/20230620-13-30549.html,1b7d3b44f9e1e083
Z9/08,https://apl.brno.cz/protokoly-zmb/zmb-z9-08/20230620-14-30581.html,1b7d3b44f9e1e083
Z9/08,https://apl.brno.cz/protokoly-zmb/zmb-z9-08/20230620-15-32842.html,1b7d3b44f9e1e083
Z9/08,https://apl.brno.cz/protokoly-zmb/zmb-z9-08/20230620-16-32881.html,1b7d3b44f9e1e083
Z9/08,https://apl.brno.cz/protokoly-zmb/zmb-z9-08/20230620-17-32975.html,1b7d3b44f9e1e083
Z9/08,https://apl.brno.cz/protokoly-zmb/zmb-z9-08/20230620-18-33004.html,1b7d3b44f9e1e083
Z9/08,https://apl.brno.cz/protokoly-zmb/zmb-z9-08/20230620-19-33033.html,1b7d3b44f9e1e083
Z9/08,https://apl.brno.cz/protokoly-zmb/zmb-z9-08/20230620-20-33062.html,1b7d3b44f9e1e083
Z9/08,https://apl.brno.cz/protokoly-zmb/zmb-z9-08/20230620-21-33091.html,1b7d3b44f9e1e083
Z9/08,https://apl.brno.cz/protokoly-zmb/zmb-z9-08/20230620-22-33121.html,1b7d3b44f9e1e083
Z9/08,https://apl.brno.cz/protokoly-zmb/zmb-z9-08/20230620-23-33153.html,1b7d3b44f9e1e083
Z9/08,https://apl.brno.cz/protokoly-zmb/zmb-z9-08/20230620-24-33181.html,1b7d3b44f9e1e083
Z9/08,https://apl.brno.cz/protokoly-zmb/zmb-z9-08/20230620-25-33208.html,1b7d3b44f9e1e083
Z9/08,https://apl.brno.cz/protokoly-zmb/zmb-z9-08/20230620-26-33241.html,1b7d3b44f9e1e083
Z9/08,https://apl.brno.cz/protokoly-zmb/zmb-z9-08/20230620-27-33270.html,1b7d3b44f9e1e083
Z9/08,https://apl.brno.cz/protokoly-zmb/zmb-z9-08/20230620-28-33301.html,1b7d3b44f9e1e083
Z9/08,https://apl.brno.cz/protokoly-zmb/zmb-z9-08/20230620-29-33328.html,1b7d3b44f9e1e083
Z9/08,https://apl.brno.cz/protokoly-zmb/zmb-z9-08/20230620-30-33357.html,1b7d3b44f9e1e083
Z9/08,https://apl.brno.cz/protokoly-zmb/zmb-z9-08/20230620-31-33387.html,1b7d3b44f9e1e083
Z9/08,https://apl.brno.cz/protokoly-zmb/zmb-z9-08/20230620-32-33419.html,1b7d3b44f9e1e083
Z9/08,https://apl.brno.cz/protokoly-zmb/zmb-z9-08/20230620-33-33446.html,1b7d3b44f9e1e083
Z9/08,https://apl.brno.cz/protokoly-zmb/zmb-z9-08/20230620-34-33475.html,1b7d3b44f9e1e083
Z9/08,https://apl.brno.cz/protokoly-zmb/zmb-z9-08/20230620-35-33502.html,1b7d3b44f9e1e083
Z9/08,https://apl.brno.cz/protokoly-zmb/zmb-z9-08/20230620-36-33536.html,1b7d3b44f9e1e083
Z9/08,https://apl.brno.cz/protokoly-zmb/zmb-z9-08/20230620-37-33568.html,1b7d3b44f9e1e083
Z9/08,https://apl.brno.cz/protokoly-zmb/zmb-z9-08/20230620-38-33608.html,1b7d3b44f9e1e083
Z9/08,https://apl.brno.cz/protokoly-zmb/zmb-z9-08/20230620-39-33638.html,1b7d3b44f9e1e083
Z9/08,https://apl.brno.cz/protokoly-zmb/zmb-z9-08/20230620-40-33666.html,1b7d3b44f9e1e083
Z9/08,https://apl.brno.cz/protokoly-zmb/zmb-z9-08/20230620-41-33695.html,1b7d3b44f9e1e083
Z9/08,https://apl.brno.cz/protokoly-zmb/zmb-z9-08/20230620-42-33725.html,1b7d3b44f9e1e083
Z9/08,https://apl.brno.cz/protokoly-zmb/zmb-z9-08/20230620-43-33755.html,1b7d3b44f9e1e083
Z9/08,https://apl.brno.cz/protokoly-zmb/zmb-z9-08/20230620-44-33790.html,1b7d3b44f9e1e083
Z9/08,https://apl.brno.cz/protokoly-zmb/zmb-z9-08/20230620-45-33818.html,1b7d3b44f9e1e083
Z9/08,https://apl.brno.cz/protokoly-zmb/zmb-z9-08/20230620-46-33845.html,1b7d3b44f9e1e083
Z9/08,https://apl.brno.cz/protokoly-zmb/zmb-z9-08/20230620-47-33873.html,1b7d3b44f9e1e083
Z9/08,https://apl.brno.cz/protokoly-zmb/zmb-z9-08/20230620-48-33904.html,1b7d3b44f9e1e083
Z9/08,https://apl.brno.cz/protokoly-zmb/zmb-z9-08/20230620-49-33940.html,1b7d3b44f9e1e083
Z9/08,https://apl.brno.cz/protokoly-zmb/zmb-z9-08/20230620-51-34150.html,1b7d3b44f9e1e083
Z9/08,https://apl.brno.cz/protokoly-zmb/zmb-z9-08/20230620-52-34185.html,1b7d3b44f9e1e083
Z9/08,https://apl.brno.cz/protokoly-zmb/zmb-z9-08/20230620-53-34219.html,1b7d3b44f9e1e083
Z9/08,https://apl.brno.cz/protokoly-zmb/zmb-z9-08/20230620-54-34257.html,1b7d3b44f9e1e083
Z9/08,https://apl.brno.cz/protokoly-zmb/zmb-z9-08/20230620-55-34493.html,1b7d3b44f9e1e083
Z9/08,https://apl.brno.cz/protokoly-zmb/zmb-z9-08/20230620-56-34528.html,1b7d3b44f9e1e083
Z9/08,https://apl.brno.cz/protokoly-zmb/zmb-z9-08/20230620-57-34560.html,1b7d3b44f9e1e083
Z9/08,https://apl.brno.cz/protokoly-zmb/zmb-z9-08/20230620-58-34726.html,1b7d3b44f9e1e083
Z9/08,https://apl.brno.cz/protokoly-zmb/zmb-z9-08/20230620-59-34761.html,1b7d3b44f9e1e083
Z9/08,https://apl.brno.cz/protokoly-zmb/zmb-z9-08/20230620-60-34796.html,1b7d3b44f9e1e083
Z9/08,https://apl.brno.cz/protokoly-zmb/zmb-z9-08/20230620-61-34909.html,1b7d3b44f9e1e083
Z9/08,https://apl.brno.cz/protokoly-zmb/zmb-z9-08/20230620-62-34954.html,1b7d3b44f9e1e083
Z9/08,https://apl.brno.cz/protokoly-zmb/zmb-z9-08/20230620-63-34985.html,1b7d3b44f9e1e083
Z9/08,https://apl.brno.cz/protokoly-zmb/zmb-z9-08/20230620-64-35020.html,1b7d3b44f9e1e083
Z9/08,https://apl.brno.cz/protokoly-zmb/zmb-z9-08/20230620-65-35057.html,1b7d3b44f9e1e083
Z9/08,https://apl.brno.cz/protokoly-zmb/zmb-z9-08/20230620-66-35095.html,1b7d3b44f9e1e083
Z9/08,https://apl.brno.cz/protokoly-zmb/zmb-z9-08/20230620-67-35135.html,1b7d3b44f9e1e083
Z9/08,https://apl.brno.cz/protokoly-zmb/zmb-z9-08/20230620-68-35199.html,1b7d3b44f9e1e083
Z9/08,https://apl.brno.cz/protokoly-zmb/zmb-z9-08/20230620-69-35231.html,1b7d3b44f9e1e083
Z9/08,https://apl.brno.cz/protokoly-zmb/zmb-z9-08/20230620-70-35265.html,1b7d3b44f9e1e083
Z9/08,https://apl.brno.cz/protokoly-zmb/zmb-z9-08/20230620-71-35302.html,1b7d3b44f9e1e083
Z9/08,https://apl.brno.cz/protokoly-zmb/zmb-z9-08/20230620-72-35337.html,1b7d3b44f9e1e083
Z9/08,https://apl.brno.cz/protokoly-zmb/zmb-z9-08/20230620-73-35368.html,1b7d3b44f9e1e083
Z9/08,https://apl.brno.cz/protokoly-zmb/zmb-z9-08/20230620-74-35401.html,1b7d3b44f9e1e083
Z9/08,https://apl.brno.cz/protokoly-zmb/zmb-z9-08/20230620-75-35432.html,1b7d3b44f9e1e083
Z9/08,https://apl.brno.cz/protokoly-zmb/zmb-z9-08/20230620-76-35463.html,1b7d3b44f9e1e083
Z9/08,https://apl.brno.cz/protokoly-zmb/zmb-z9-08/20230620-77-35493.html,1b7d3b44f9e1e083
Z9/08,https://apl.brno.cz/protokoly-zmb/zmb-z9-08/20230620-78-35525.html,1b7d3b44f9e1e083
Z9/08,https://apl.brno.cz/protokoly-zmb/zmb-z9-08/20230620-79-35602.html,1b7d3b44f9e1e083
Z9/08,https://apl.brno.cz/protokoly-zmb/zmb-z9-08/20230620-80-35635.html,1b7d3b44f9e1e083
Z9/08,https://apl.brno.cz/protokoly-zmb/zmb-z9-08/20230620-81-35666.html,1b7d3b44f9e1e083
Z9/08,https://apl.brno.cz/protokoly-zmb/zmb-z9-08/20230620-82-35698.html,1b7d3b44f9e1e083
Z9/08,https://apl.brno.cz/protokoly-zmb/zmb-z9-08/20230620-83-35734.html,1b7d3b44f9e1e083
Z9/08,https://apl.brno.cz/protokoly-zmb/zmb-z9-08/20230620-84-35769.html,1b7d3b44f9e1e083
Z9/08,https://apl.brno.cz/protokoly-zmb/zmb-z9-08/20230620-85-35803.html,1b7d3b44f9e1e083
Z9/08,https://apl.brno.cz/protokoly-zmb/zmb-z9-08/20230620-86-35833.html,1b7d3b44f9e1e083
Z9/08,https://apl.brno.cz/protokoly-zmb/zmb-z9-08/20230620-87-35868.html,1b7d3b44f9e1e083
Z9/08,https://apl.brno.cz/protokoly-zmb/zmb-z9-08/20230620-88-35899.html,1b7d3b44f9e1e083
Z9/08,https://apl.brno.cz/protokoly-zmb/zmb-z9-08/20230620-89-35927.html,1b7d3b44f9e1e083
Z9/08,https://apl.brno.cz/protokoly-zmb/zmb-z9-08/20230620-90-35964.html,1b7d3b44f9e1e083
Z9/08,https://apl.brno.cz/protokoly-zmb/zmb-z9-08/20230620-91-35995.html,1b7d3b44f9e1e083
Z9/08,https://apl.brno.cz/protokoly-zmb/zmb-z9-08/20230620-92-36026.html,1b7d3b44f9e1e083
Z9/08,https://apl.brno.cz/protokoly-zmb/zmb-z9-08/20230620-93-38106.html,1b7d3b44f9e1e083
Z9/08,https://apl.brno.cz/protokoly-zmb/zmb-z9-08/20230620-94-38788.html,1b7d3b44f9e1e083
Z9/08,https://apl.brno.cz/protokoly-zmb/zmb-z9-08/20230620-95-42248.html,1b7d3b44f9e1e083
Z9/08,https://apl.brno.cz/protokoly-zmb/zmb-z9-08/20230620-96-42430.html,1b7d3b44f9e1e083
Z9/08,https://apl.brno.cz/protokoly-zmb/zmb-z9-08/20230620-97-42511.html,1b7d3b44f9e1e083
Z9/08,https://apl.brno.cz/protokoly-zmb/zmb-z9-08/20230620-98-42554.html,1b7d3b44f9e1e083
Z9/08,https://apl.brno.cz/protokoly-zmb/zmb-z9-08/20230620-99-42589.html,1b7d3b44f9e1e083
Z9/08,https://apl.brno.cz/protokoly-zmb/zmb-z9-08/20230620-100-42647.html,1b7d3b44f9e1e083
Z9/08,https://apl.brno.cz/protokoly-zmb/zmb-z9-08/20230620-101-42676.html,1b7d3b44f9e1e083
Z9/08,https://apl.brno.cz/protokoly-zmb/zmb-z9-08/20230620-102-42704.html,1b7d3b44f9e1e083
Z9/08,https://apl.brno.cz/protokoly-zmb/zmb-z9-08/20230620-103-42732.html,1b7d3b44f9e1e083
Z9/08,https://apl.brno.cz/protokoly-zmb/zmb-z9-08/20230620-104-42760.html,1b7d3b44f9e1e083
Z9/08,https://apl.brno.cz/protokoly-zmb/zmb-z9-08/20230620-105-42806.html,1b7d3b44f9e1e083
Z9/08,https://apl.brno.cz/protokoly-zmb/zmb-z9-08/20230620-106-42839.html,1b7d3b44f9e1e083
Z9/08,https://apl.brno.cz/protokoly-zmb/zmb-z9-08/20230620-107-42873.html,1b7d3b44f9e1e083
Z9/08,https://apl.brno.cz/protokoly-zmb/zmb-z9-08/20230620-108-42909.html,1b7d3b44f9e1e083
Z9/08,https://apl.brno.cz/protokoly-zmb/zmb-z9-08/20230620-109-42966.html,1b7d3b44f9e1e083
Z9/08,https://apl.brno.cz/protokoly-zmb/zmb-z9-08/20230620-110-43106.html,1b7d3b44f9e1e083
Z9/08,https://apl.brno.cz/protokoly-zmb/zmb-z9-08/20230620-111-43230.html,1b7d3b44f9e1e083
Z9/08,https://apl.brno.cz/protokoly-zmb/zmb-z9-08/20230620-112-43378.html,1b7d3b44f9e1e083
Z9/08,https://apl.brno.cz/protokoly-zmb/zmb-z9-08/20230620-113-43411.html,1b7d3b44f9e1e083
Z9/08,https://apl.brno.cz/protokoly-zmb/zmb-z9-08/20230620-114-43448.html,1b7d3b44f9e1e083
Z9/08,https://apl.brno.cz/protokoly-zmb/zmb-z9-08/20230620-115-43857.html,1b7d3b44f9e1e083
Z9/08,https://apl.brno.cz/protokoly-zmb/zmb-z9-08/20230620-116-43884.html,1b7d3b44f9e1e083
Z9/08,https://apl.brno.cz/protokoly-zmb/zmb-z9-08/20230620-117-43932.html,1b7d3b44f9e1e083
Z9/08,https://apl.brno.cz/protokoly-zmb/zmb-z9-08/20230620-118-43961.html,1b7d3b44f9e1e083
Z9/08,https://apl.brno.cz/protokoly-zmb/zmb-z9-08/20230620-119-43992.html,1b7d3b44f9e1e083
Z9/08,https://apl.brno.cz/protokoly-zmb/zmb-z9-08/20230620-121-44168.html,1b7d3b44f9e1e083
Z9/08,https://apl.brno.cz/protokoly-zmb/zmb-z9-08/20230620-122-44197.html,1b7d3b44f9e1e083
Z9/08,https://apl.brno.cz/protokoly-zmb/zmb-z9-08/20230620-123-44230.html,1b7d3b44f9e1e083
Z9/08,https://apl.brno.cz/protokoly-zmb/zmb-z9-08/20230620-124-44271.html,1b7d3b44f9e1e083
Z9/08,https://apl.brno.cz/protokoly-zmb/zmb-z9-08/20230620-126-44687.html,1b7d3b44f9e1e083
Z9/08,https://apl.brno.cz/protokoly-zmb/zmb-z9-08/20230620-129-44885.html,1b7d3b44f9e1e083
Z9/08,https://apl.brno.cz/protokoly-zmb/zmb-z9-08/20230620-130-44940.html,1b7d3b44f9e1e083
Z9/08,https://apl.brno.cz/protokoly-zmb/zmb-z9-08/20230620-131-44970.html,1b7d3b44f9e1e083
Z9/08,https://apl.brno.cz/protokoly-zmb/zmb-z9-08/20230620-132-44999.html,1b7d3b44f9e1e083
Z9/08,https://apl.brno.cz/protokoly-zmb/zmb-z9-08/20230620-133-45090.html,1b7d3b44f9e1e083
Z9/08,https://apl.brno.cz/protokoly-zmb/zmb-z9-08/20230620-134-45119.html,1b7d3b44f9e1e083
Z9/08,https://apl.brno.cz/protokoly-zmb/zmb-z9-08/20230620-135-45147.html,1b7d3b44f9e1e083
Z9/08,https://apl.brno.cz/protokoly-zmb/zmb-z9-08/20230620-136-45340.html,1b7d3b44f9e1e083
Z9/08,https://apl.brno.cz/protokoly-zmb/zmb-z9-08/20230620-137-45379.html,1b7d3b44f9e1e083
Z9/08,https://apl.brno.cz/protokoly-zmb/zmb-z9-08/20230620-138-45487.html,1b7d3b44f9e1e083
Z9/08,https://apl.brno.cz/protokoly-zmb/zmb-z9-08/20230620-139-45517.html,1b7d3b44f9e1e083
Z9/08,https://apl.brno.cz/protokoly-zmb/zmb-z9-08/20230620-140-45550.html,1b7d3b44f9e1e083
Z9/08,https://apl.brno.cz/protokoly-zmb/zmb-z9-08/20230620-141-45585.html,1b7d3b44f9e1e083
Z9/08,https://apl.brno.cz/protokoly-zmb/zmb-z9-08/20230620-142-45621.html,1b7d3b44f9e1e083
Z9/08,https://apl.brno.cz/protokoly-zmb/zmb-z9-08/20230620-143-45653.html,1b7d3b44f9e1e083
Z9/08,https://apl.brno.cz/protokoly-zmb/zmb-z9-08/20230620-144-45728.html,1b7d3b44f9e1e083
Z9/08,https://apl.brno.cz/protokoly-zmb/zmb-z9-08/20230620-145-45749.html,1b7d3b44f9e1e083
Z9/08,https://apl.brno.cz/protokoly-zmb/zmb-z9-08/20230620-146-45776.html,1b7d3b44f9e1e083
Z9/08,https://apl.brno.cz/protokoly-zmb/zmb-z9-08/20230620-147-45826.html,1b7d3b44f9e1e083
Z9/08,https://apl.brno.cz/protokoly-zmb/zmb-z9-08/20230620-150-46028.html,1b7d3b44f9e1e083
Z9/09,https://apl.brno.cz/protokoly-zmb/zmb-z9-09/20230905-1-29478.html,3662325cd3a42957
Z9/09,https://apl.brno.cz/protokoly-zmb/zmb-z9-09/20230905-2-29655.html,3662325cd3a42957
Z9/09,https://apl.brno.cz/protokoly-zmb/zmb-z9-09/20230905-3-29676.html,3662325cd3a42957
Z9/09,https://apl.brno.cz/protokoly-zmb/zmb-z9-09/20230905-4-29704.html,3662325cd3a42957
Z9/09,https://apl.brno.cz/protokoly-zmb/zmb-z9-09/20230905-5-29766.html,3662325cd3a42957
Z9/09,https://apl.brno.cz/protokoly-zmb/zmb-z9-09/20230905-6-29881.html,3662325cd3a42957
Z9/09,https://apl.brno.cz/protokoly-zmb/zmb-z9-09/20230905-7-30224.html,3662325cd3a42957
Z9/09,https://apl.brno.cz/protokoly-zmb/zmb-z9-09/20230905-8-30245.html,3662325cd3a42957
Z9/09,https://apl.brno.cz/protokoly-zmb/zmb-z9-09/20230905-9-30263.html,3662325cd3a42957
Z9/09,https://apl.brno.cz/protokoly-zmb/zmb-z9-09/20230905-10-32527.html,3662325cd3a42957
Z9/09,https://apl.brno.cz/protokoly-zmb/zmb-z9-09/20230905-11-32562.html,3662325cd3a42957
Z9/09,https://apl.brno.cz/protokoly-zmb/zmb-z9-09/20230905-12-32594.html,3662325cd3a42957
Z9/09,https://apl.brno.cz/protokoly-zmb/zmb-z9-09/20230905-13-32803.html,3662325cd3a42957
Z9/09,https://apl.brno.cz/protokoly-zmb/zmb-z9-09/20230905-14-32898.html,3662325cd3a42957
Z9/09,https://apl.brno.cz/protokoly-zmb/zmb-z9-09/20230905-15-33033.html,3662325cd3a42957
Z9/09,https://apl.brno.cz/protokoly-zmb/zmb-z9-09/20230905-16-33065.html,3662325cd3a42957
Z9/09,https://apl.brno.cz/protokoly-zmb/zmb-z9-09/20230905-17-33100.html,3662325cd3a42957
Z9/09,https://apl.brno.cz/protokoly-zmb/zmb-z9-09/20230905-18-33137.html,3662325cd3a42957
Z9/09,https://apl.brno.cz/protokoly-zmb/zmb-z9-09/20230905-19-33166.html,3662325cd3a42957
Z9/09,https://apl.brno.cz/protokoly-zmb/zmb-z9-09/20230905-20-33197.html,3662325cd3a42957
Z9/09,https://apl.brno.cz/protokoly-zmb/zmb-z9-09/20230905-21-33229.html,3662325cd3a42957
Z9/09,https://apl.brno.cz/protokoly-zmb/zmb-z9-09/20230905-22-33261.html,3662325cd3a42957
Z9/09,https://apl.brno.cz/protokoly-zmb/zmb-z9-09/20230905-23-33289.html,3662325cd3a42957
Z9/09,https://apl.brno.cz/protokoly-zmb/zmb-z9-09/20230905-24-33352.html,3662325cd3a42957
Z9/09,https://apl.brno.cz/protokoly-zmb/zmb-z9-09/20230905-25-33383.html,3662325cd3a42957
Z9/09,https://apl.brno.cz/protokoly-zmb/zmb-z9-09/20230905-26-33412.html,3662325cd3a42957
Z9/09,https://apl.brno.cz/protokoly-zmb/zmb-z9-09/20230905-27-33458.html,3662325cd3a42957
Z9/09,https://apl.brno.cz/protokoly-zmb/zmb-z9-09/20230905-28-33488.html,3662325cd3a42957
Z9/09,https://apl.brno.cz/protokoly-zmb/zmb-z9-09/20230905-29-33518.html,3662325cd3a42957
Z9/09,https://apl.brno.cz/protokoly-zmb/zmb-z9-09/20230905-30-33551.html,3662325cd3a42957
Z9/09,https://apl.brno.cz/protokoly-zmb/zmb-z9-09/20230905-31-33585.html,3662325cd3a42957
Z9/09,https://apl.brno.cz/protokoly-zmb/zmb-z9-09/20230905-32-33617.html,3662325cd3a42957
Z9/09,https://apl.brno.cz/protokoly-zmb/zmb-z9-09/20230905-33-33647.html,3662325cd3a42957
Z9/09,https://apl.brno.cz/protokoly-zmb/zmb-z9-09/20230905-34-33683.html,3662325cd3a42957
Z9/09,https://apl.brno.cz/protokoly-zmb/zmb-z9-09/20230905-35-33722.html,3662325cd3a42957
Z9/09,https://apl.brno.cz/protokoly-zmb/zmb-z9-09/20230905-36-33750.html,3662325cd3a42957
Z9/09,https://apl.brno.cz/protokoly-zmb/zmb-z9-09/20230905-37-33823.html,3662325cd3a42957
Z9/09,https://apl.brno.cz/protokoly-zmb/zmb-z9-09/20230905-38-33855.html,3662325cd3a42957
Z9/09,https://apl.brno.cz/protokoly-zmb/zmb-z9-09/20230905-39-33889.html,3662325cd3a42957
Z9/09,https://apl.brno.cz/protokoly-zmb/zmb-z9-09/20230905-40-34058.html,3662325cd3a42957
Z9/09,https://apl.brno.cz/protokoly-zmb/zmb-z9-09/20230905-41-34089.html,3662325cd3a42957
Z9/09,https://apl.brno.cz/protokoly-zmb/zmb-z9-09/20230905-42-34119.html,3662325cd3a42957
Z9/09,https://apl.brno.cz/protokoly-zmb/zmb-z9-09/20230905-43-34191.html,3662325cd3a42957
Z9/09,https://apl.brno.cz/protokoly-zmb/zmb-z9-09/20230905-44-34229.html,3662325cd3a42957
Z9/09,https://apl.brno.cz/protokoly-zmb/zmb-z9-09/20230905-45-34266.html,3662325cd3a42957
Z9/09,https://apl.brno.cz/protokoly-zmb/zmb-z9-09/20230905-46-34297.html,3662325cd3a42957
Z9/09,https://apl.brno.cz/protokoly-zmb/zmb-z9-09/20230905-47-34330.html,3662325cd3a42957
Z9/09,https://apl.brno.cz/protokoly-zmb/zmb-z9-09/20230905-48-34359.html,3662325cd3a42957
Z9/09,https://apl.brno.cz/protokoly-zmb/zmb-z9-09/20230905-49-34387.html,3662325cd3a42957
Z9/09,https://apl.brno.cz/protokoly-zmb/zmb-z9-09/20230905-50-34424.html,3662325cd3a42957
Z9/09,https://apl.brno.cz/protokoly-zmb/zmb-z9-09/20230905-51-34455.html,3662325cd3a42957
Z9/09,https://apl.brno.cz/protokoly-zmb/zmb-z9-09/20230905-52-34490.html,3662325cd3a42957
Z9/09,https://apl.brno.cz/protokoly-zmb/zmb-z9-09/20230905-53-34527.html,3662325cd3a42957
Z9/09,https://apl.brno.cz/protokoly-zmb/zmb-z9-09/20230905-54-34560.html,3662325cd3a42957
Z9/09,https://apl.brno.cz/protokoly-zmb/zmb-z9-09/20230905-55-34597.html,3662325cd3a42957
Z9/09,https://apl.brno.cz/protokoly-zmb/zmb-z9-09/20230905-57-34778.html,3662325cd3a42957
Z9/09,https://apl.brno.cz/protokoly-zmb/zmb-z9-09/20230905-58-34807.html,3662325cd3a42957
Z9/09,https://apl.brno.cz/protokoly-zmb/zmb-z9-09/20230905-59-34847.html,3662325cd3a42957
Z9/09,https://apl.brno.cz/protokoly-zmb/zmb-z9-09/20230905-60-34883.html,3662325cd3a42957
Z9/09,https://apl.brno.cz/protokoly-zmb/zmb-z9-09/20230905-61-34922.html,3662325cd3a42957
Z9/09,https://apl.brno.cz/protokoly-zmb/zmb-z9-09/20230905-62-35063.html,3662325cd3a42957
Z9/09,https://apl.brno.cz/protokoly-zmb/zmb-z9-09/20230905-63-35139.html,3662325cd3a42957
Z9/09,https://apl.brno.cz/protokoly-zmb/zmb-z9-09/20230905-64-35204.html,3662325cd3a42957
Z9/09,https://apl.brno.cz/protokoly-zmb/zmb-z9-09/20230905-65-35253.html,3662325cd3a42957
Z9/09,https://apl.brno.cz/protokoly-zmb/zmb-z9-09/20230905-66-35286.html,3662325cd3a42957
Z9/09,https://apl.brno.cz/protokoly-zmb/zmb-z9-09/20230905-67-35316.html,3662325cd3a42957
Z9/09,https://apl.brno.cz/protokoly-zmb/zmb-z9-09/20230905-68-35352.html,3662325cd3a42957
Z9/09,https://apl.brno.cz/protokoly-zmb/zmb-z9-09/20230905-69-35392.html,3662325cd3a42957
Z9/09,https://apl.brno.cz/protokoly-zmb/zmb-z9-09/20230905-70-35422.html,3662325cd3a42957
Z9/09,https://apl.brno.cz/protokoly-zmb/zmb-z9-09/20230905-71-35472.html,3662325cd3a42957
Z9/09,https://apl.brno.cz/protokoly-zmb/zmb-z9-09/20230905-72-35503.html,3662325cd3a42957
Z9/09,https://apl.brno.cz/protokoly-zmb/zmb-z9-09/20230905-73-35532.html,3662325cd3a42957
Z9/09,https://apl.brno.cz/protokoly-zmb/zmb-z9-09/20230905-74-35562.html,3662325cd3a42957
Z9/09,https://apl.brno.cz/protokoly-zmb/zmb-z9-09/20230905-75-35592.html,3662325cd3a42957
Z9/09,https://apl.brno.cz/protokoly-zmb/zmb-z9-09/20230905-76-35624.html,3662325cd3a42957
Z9/09,https://apl.brno.cz/protokoly-zmb/zmb-z9-09/20230905-77-35657.html,3662325cd3a42957
Z9/09,https://apl.brno.cz/protokoly-zmb/zmb-z9-09/20230905-78-35886.html,3662325cd3a42957
Z9/09,https://apl.brno.cz/protokoly-zmb/zmb-z9-09/20230905-79-35914.html,3662325cd3a42957
Z9/09,https://apl.brno.cz/protokoly-zmb/zmb-z9-09/20230905-80-35944.html,3662325cd3a42957
Z9/09,https://apl.brno.cz/protokoly-zmb/zmb-z9-09/20230905-81-36052.html,3662325cd3a42957
Z9/09,https://apl.brno.cz/protokoly-zmb/zmb-z9-09/20230905-82-36152.html,3662325cd3a42957
Z9/09,https://apl.brno.cz/protokoly-zmb/zmb-z9-09/20230905-83-36238.html,3662325cd3a42957
Z9/09,https://apl.brno.cz/protokoly-zmb/zmb-z9-09/20230905-84-36268.html,3662325cd3a42957
Z9/09,https://apl.brno.cz/protokoly-zmb/zmb-z9-09/20230905-85-36307.html,3662325cd3a42957
Z9/09,https://apl.brno.cz/protokoly-zmb/zmb-z9-09/20230905-86-36351.html,3662325cd3a42957
Z9/09,https://apl.brno.cz/protokoly-zmb/zmb-z9-09/20230905-87-36384.html,3662325cd3a42957
Z9/09,https://apl.brno.cz/protokoly-zmb/zmb-z9-09/20230905-88-36414.html,3662325cd3a42957
Z9/09,https://apl.brno.cz/protokoly-zmb/zmb-z9-09/20230905-89-36454.html,3662325cd3a42957
Z9/09,https://apl.brno.cz/protokoly-zmb/zmb-z9-09/20230905-90-36495.html,3662325cd3a42957
Z9/09,https://apl.brno.cz/protokoly-zmb/zmb-z9-09/20230905-91-36527.html,3662325cd3a42957
Z9/09,https://apl.brno.cz/protokoly-zmb/zmb-z9-09/20230905-92-36557.html,3662325cd3a42957
Z9/09,https://apl.brno.cz/protokoly-zmb/zmb-z9-09/20230905-93-36588.html,3662325cd3a42957
Z9/09,https://apl.brno.cz/protokoly-zmb/zmb-z9-09/20230905-94-36618.html,3662325cd3a42957
Z9/09,https://apl.brno.cz/protokoly-zmb/zmb-z9-09/20230905-95-36648.html,3662325cd3a42957
Z9/09,https://apl.brno.cz/protokoly-zmb/zmb-z9-09/20230905-96-36686.html,3662325cd3a42957
Z9/09,https://apl.brno.cz/protokoly-zmb/zmb-z9-09/20230905-97-36773.html,3662325cd3a42957
Z9/09,https://apl.brno.cz/protokoly-zmb/zmb-z9-09/20230905-98-36802.html,3662325cd3a42957
Z9/09,https://apl.brno.cz/protokoly-zmb/zmb-z9-09/20230905-99-36831.html,3662325cd3a42957
Z9/09,https://apl.brno.cz/protokoly-zmb/zmb-z9-09/20230905-100-36861.html,3662325cd3a42957
Z9/09,https://apl.brno.cz/protokoly-zmb/zmb-z9-09/20230905-101-36889.html,3662325cd3a42957
Z9/09,https://apl.brno.cz/protokoly-zmb/zmb-z9-09/20230905-102-36921.html,3662325cd3a42957
Z9/09,https://apl.brno.cz/protokoly-zmb/zmb-z9-09/20230905-103-36952.html,3662325cd3a42957
Z9/09,https://apl.brno.cz/protokoly-zmb/zmb-z9-09/20230905-104-36991.html,3662325cd3a42957
Z9/09,https://apl.brno.cz/protokoly-zmb/zmb-z9-09/20230905-105-37023.html,3662325cd3a42957
Z9/09,https://apl.brno.cz/protokoly-zmb/zmb-z9-09/20230905-106-37095.html,3662325cd3a42957
Z9/09,https://apl.brno.cz/protokoly-zmb/zmb-z9-09/20230905-107-37134.html,3662325cd3a42957
Z9/09,https://apl.brno.cz/protokoly-zmb/zmb-z9-09/20230905-108-37167.html,3662325cd3a42957
Z9/09,https://apl.brno.cz/protokoly-zmb/zmb-z9-09/20230905-109-37198.html,3662325cd3a42957
Z9/09,https://apl.brno.cz/protokoly-zmb/zmb-z9-09/20230905-110-37230.html,3662325cd3a42957
Z9/09,https://apl.brno.cz/protokoly-zmb/zmb-z9-09/20230905-111-37274.html,3662325cd3a42957
Z9/09,https://apl.brno.cz/protokoly-zmb/zmb-z9-09/20230905-112-37457.html,3662325cd3a42957
Z9/09,https://apl.brno.cz/protokoly-zmb/zmb-z9-09/20230905-113-37488.html,3662325cd3a42957
Z9/09,https://apl.brno.cz/protokoly-zmb/zmb-z9-09/20230905-114-37519.html,3662325cd3a42957
Z9/09,https://apl.brno.cz/protokoly-zmb/zmb-z9-09/20230905-115-37549.html,3662325cd3a42957
Z9/09,https://apl.brno.cz/protokoly-zmb/zmb-z9-09/20230905-116-37592.html,3662325cd3a42957
Z9/09,https://apl.brno.cz/protokoly-zmb/zmb-z9-09/20230905-117-37623.html,3662325cd3a42957
Z9/09,https://apl.brno.cz/protokoly-zmb/zmb-z9-09/20230905-118-37655.html,3662325cd3a42957
Z9/09,https://apl.brno.cz/protokoly-zmb/zmb-z9-09/20230905-119-37689.html,3662325cd3a42957
Z9/09,https://apl.brno.cz/protokoly-zmb/zmb-z9-09/20230905-120-37719.html,3662325cd3a42957
Z9/09,https://apl.brno.cz/protokoly-zmb/zmb-z9-09/20230905-121-37751.html,3662325cd3a42957
Z9/09,https://apl.brno.cz/protokoly-zmb/zmb-z9-09/20230905-122-37783.html,3662325cd3a42957
Z9/09,https://apl.brno.cz/protokoly-zmb/zmb-z9-09/20230905-123-37815.html,3662325cd3a42957
Z9/09,https://apl.brno.cz/protokoly-zmb/zmb-z9-09/20230905-124-40851.html,3662325cd3a42957
Z9/09,https://apl.brno.cz/protokoly-zmb/zmb-z9-09/20230905-125-40881.html,3662325cd3a42957
Z9/09,https://apl.brno.cz/protokoly-zmb/zmb-z9-09/20230905-126-40910.html,3662325cd3a42957
Z9/09,https://apl.brno.cz/protokoly-zmb/zmb-z9-09/20230905-127-41043.html,3662325cd3a42957
Z9/09,https://apl.brno.cz/protokoly-zmb/zmb-z9-09/20230905-128-41077.html,3662325cd3a42957
Z9/09,https://apl.brno.cz/protokoly-zmb/zmb-z9-09/20230905-129-41127.html,3662325cd3a42957
Z9/09,https://apl.brno.cz/protokoly-zmb/zmb-z9-09/20230905-130-41361.html,3662325cd3a42957
Z9/11,https://apl.brno.cz/protokoly-zmb/zmb-z9-11/20231018-1-33851.html,8b2034d2529405ca
Z9/11,https://apl.brno.cz/protokoly-zmb/zmb-z9-11/20231018-2-34000.html,8b2034d2529405ca
Z9/11,https://apl.brno.cz/protokoly-zmb/zmb-z9-11/20231018-3-34428.html,8b2034d2529405ca
Z9/11,https://apl.brno.cz/protokoly-zmb/zmb-z9-11/20231018-4-44430.html,8b2034d2529405ca
Z9/11,https://apl.brno.cz/protokoly-zmb/zmb-z9-11/20231018-5-47048.html,8b2034d2529405ca
Z9/11,https://apl.brno.cz/protokoly-zmb/zmb-z9-11/20231018-7-47404.html,8b2034d2529405ca
Z9/11,https://apl.brno.cz/protokoly-zmb/zmb-z9-11/20231018-8-47512.html,8b2034d2529405ca
Z9/11,https://apl.brno.cz/protokoly-zmb/zmb-z9-11/20231018-9-47570.html,8b2034d2529405ca
Z9/11,https://apl.brno.cz/protokoly-zmb/zmb-z9-11/20231018-10-49295.html,8b2034d2529405ca
Z9/11,https://apl.brno.cz/protokoly-zmb/zmb-z9-11/20231018-12-49543.html,8b2034d2529405ca
Z9/10,https://apl.brno.cz/protokoly-zmb/zmb-z9-10/20231010-1-29470.html,eb0d7acd8a1bcc62
Z9/10,https://apl.brno.cz/protokoly-zmb/zmb-z9-10/20231010-3-29910.html,eb0d7acd8a1bcc62
Z9/10,https://apl.brno.cz/protokoly-zmb/zmb-z9-10/20231010-4-29940.html,eb0d7acd8a1bcc62
Z9/10,https://apl.brno.cz/protokoly-zmb/zmb-z9-10/20231010-5-29982.html,eb0d7acd8a1bcc62
Z9/10,https://apl.brno.cz/protokoly-zmb/zmb-z9-10/20231010-6-30008.html,eb0d7acd8a1bcc62
Z9/10,https://apl.brno.cz/protokoly-zmb/zmb-z9-10/20231010-7-30057.html,eb0d7acd8a1bcc62
Z9/10,https://apl.brno.cz/protokoly-zmb/zmb-z9-10/20231010-8-30097.html,eb0d7acd8a1bcc62
Z9/10,https://apl.brno.cz/protokoly-zmb/zmb-z9-10/20231010-9-30134.html,eb0d7acd8a1bcc62
Z9/10,https://apl.brno.cz/protokoly-zmb/zmb-z9-10/20231010-10-30170.html,eb0d7acd8a1bcc62
Z9/10,https://apl.brno.cz/protokoly-zmb/zmb-z9-10/20231010-11-30201.html,eb0d7acd8a1bcc62
Z9/10,https://apl.brno.cz/protokoly-zmb/zmb-z9-10/20231010-12-30235.html,eb0d7acd8a1bcc62
Z9/10,https://apl.brno.cz/protokoly-zmb/zmb-z9-10/20231010-13-30270.html,eb0d7acd8a1bcc62
Z9/10,https://apl.brno.cz/protokoly-zmb/zmb-z9-10/20231010-14-30304.html,eb0d7acd8a1bcc62
Z9/10,https://apl.brno.cz/protokoly-zmb/zmb-z9-10/20231010-15-30340.html,eb0d7acd8a1bcc62
Z9/10,https://apl.brno.cz/protokoly-zmb/zmb-z9-10/20231010-16-30371.html,eb0d7acd8a1bcc62
Z9/10,https://apl.brno.cz/protokoly-zmb/zmb-z9-10/20231010-17-30403.html,eb0d7acd8a1bcc62
Z9/10,https://apl.brno.cz/protokoly-zmb/zmb-z9-10/20231010-18-30434.html,eb0d7acd8a1bcc62
Z9/10,https://apl.brno.cz/protokoly-zmb/zmb-z9-10/20231010-19-30465.html,eb0d7acd8a1bcc62
Z9/10,https://apl.brno.cz/protokoly-zmb/zmb-z9-10/20231010-20-30503.html,eb0d7acd8a1bcc62
Z9/10,https://apl.brno.cz/protokoly-zmb/zmb-z9-10/20231010-21-30535.html,eb0d7acd8a1bcc62
Z9/10,https://apl.brno.cz/protokoly-zmb/zmb-z9-10/20231010-22-30564.html,eb0d7acd8a1bcc62
Z9/10,https://apl.brno.cz/protokoly-zmb/zmb-z9-10/20231010-23-30595.html,eb0d7acd8a1bcc62
Z9/10,https://apl.brno.cz/protokoly-zmb/zmb-z9-10/20231010-24-30627.html,eb0d7acd8a1bcc62
Z9/10,https://apl.brno.cz/protokoly-zmb/zmb-z9-10/20231010-25-31318.html,eb0d7acd8a1bcc62
Z9/10,https://apl.brno.cz/protokoly-zmb/zmb-z9-10/20231010-26-31354.html,eb0d7acd8a1bcc62
Z9/10,https://apl.brno.cz/protokoly-zmb/zmb-z9-10/20231010-27-31386.html,eb0d7acd8a1bcc62
Z9/10,https://apl.brno.cz/protokoly-zmb/zmb-z9-10/20231010-28-31414.html,eb0d7acd8a1bcc62
Z9/10,https://apl.brno.cz/protokoly-zmb/zmb-z9-10/20231010-29-31455.html,eb0d7acd8a1bcc62
Z9/10,https://apl.brno.cz/protokoly-zmb/zmb-z9-10/20231010-30-31489.html,eb0d7acd8a1bcc62
Z9/10,https://apl.brno.cz/protokoly-zmb/zmb-z9-10/20231010-31-31523.html,eb0d7acd8a1bcc62
Z9/10,https://apl.brno.cz/protokoly-zmb/zmb-z9-10/20231010-32-31557.html,eb0d7acd8a1bcc62
Z9/10,https://apl.brno.cz/protokoly-zmb/zmb-z9-10/20231010-33-31604.html,eb0d7acd8a1bcc62
Z9/10,https://apl.brno.cz/protokoly-zmb/zmb-z9-10/20231010-34-31646.html,eb0d7acd8a1bcc62
Z9/10,https://apl.brno.cz/protokoly-zmb/zmb-z9-10/20231010-35-31684.html,eb0d7acd8a1bcc62
Z9/10,https://apl.brno.cz/protokoly-zmb/zmb-z9-10/20231010-36-31740.html,eb0d7acd8a1bcc62
Z9/10,https://apl.brno.cz/protokoly-zmb/zmb-z9-10/20231010-37-31787.html,eb0d7acd8a1bcc62
Z9/10,https://apl.brno.cz/protokoly-zmb/zmb-z9-10/20231010-38-31827.html,eb0d7acd8a1bcc62
Z9/10,https://apl.brno.cz/protokoly-zmb/zmb-z9-10/20231010-39-31862.html,eb0d7acd8a1bcc62
Z9/10,https://apl.brno.cz/protokoly-zmb/zmb-z9-10/20231010-40-31899.html,eb0d7acd8a1bcc62
Z9/10,https://apl.brno.cz/protokoly-zmb/zmb-z9-10/20231010-41-31931.html,eb0d7acd8a1bcc62
Z9/10,https://apl.brno.cz/protokoly-zmb/zmb-z9-10/20231010-42-31966.html,eb0d7acd8a1bcc62
Z9/10,https://apl.brno.cz/protokoly-zmb/zmb-z9-10/20231010-43-31998.html,eb0d7acd8a1bcc62
Z9/10,https://apl.brno.cz/protokoly-zmb/zmb-z9-10/20231010-44-32029.html,eb0d7acd8a1bcc62
Z9/10,https://apl.brno.cz/protokoly-zmb/zmb-z9-10/20231010-45-32622.html,eb0d7acd8a1bcc62
Z9/10,https://apl.brno.cz/protokoly-zmb/zmb-z9-10/20231010-46-32657.html,eb0d7acd8a1bcc62
Z9/10,https://apl.brno.cz/protokoly-zmb/zmb-z9-10/20231010-47-32692.html,eb0d7acd8a1bcc62
Z9/10,https://apl.brno.cz/protokoly-zmb/zmb-z9-10/20231010-48-32733.html,eb0d7acd8a1bcc62
Z9/10,https://apl.brno.cz/protokoly-zmb/zmb-z9-10/20231010-49-32773.html,eb0d7acd8a1bcc62
Z9/10,https://apl.brno.cz/protokoly-zmb/zmb-z9-10/20231010-50-32806.html,eb0d7acd8a1bcc62
Z9/10,https://apl.brno.cz/protokoly-zmb/zmb-z9-10/20231010-51-32841.html,eb0d7acd8a1bcc62
Z9/10,https://apl.brno.cz/protokoly-zmb/zmb-z9-10/20231010-52-32890.html,eb0d7acd8a1bcc62
Z9/10,https://apl.brno.cz/protokoly-zmb/zmb-z9-10/20231010-53-33248.html,eb0d7acd8a1bcc62
Z9/10,https://apl.brno.cz/protokoly-zmb/zmb-z9-10/20231010-54-33315.html,eb0d7acd8a1bcc62
Z9/10,https://apl.brno.cz/protokoly-zmb/zmb-z9-10/20231010-55-33347.html,eb0d7acd8a1bcc62
Z9/10,https://apl.brno.cz/protokoly-zmb/zmb-z9-10/20231010-56-33384.html,eb0d7acd8a1bcc62
Z9/10,https://apl.brno.cz/protokoly-zmb/zmb-z9-10/20231010-57-33416.html,eb0d7acd8a1bcc62
Z9/10,https://apl.brno.cz/protokoly-zmb/zmb-z9-10/20231010-58-33586.html,eb0d7acd8a1bcc62
Z9/10,https://apl.brno.cz/protokoly-zmb/zmb-z9-10/20231010-59-33621.html,eb0d7acd8a1bcc62
Z9/10,https://apl.brno.cz/protokoly-zmb/zmb-z9-10/20231010-60-33655.html,eb0d7acd8a1bcc62
Z9/10,https://apl.brno.cz/protokoly-zmb/zmb-z9-10/20231010-61-33687.html,eb0d7acd8a1bcc62
Z9/10,https://apl.brno.cz/protokoly-zmb/zmb-z9-10/20231010-62-33921.html,eb0d7acd8a1bcc62
Z9/10,https://apl.brno.cz/protokoly-zmb/zmb-z9-10/20231010-63-34125.html,eb0d7acd8a1bcc62
Z9/10,https://apl.brno.cz/protokoly-zmb/zmb-z9-10/20231010-64-34159.html,eb0d7acd8a1bcc62
Z9/10,https://apl.brno.cz/protokoly-zmb/zmb-z9-10/20231010-65-34193.html,eb0d7acd8a1bcc62
Z9/10,https://apl.brno.cz/protokoly-zmb/zmb-z9-10/20231010-66-34223.html,eb0d7acd8a1bcc62
Z9/10,https://apl.brno.cz/protokoly-zmb/zmb-z9-10/20231010-67-34345.html,eb0d7acd8a1bcc62
Z9/10,https://apl.brno.cz/protokoly-zmb/zmb-z9-10/20231010-69-46217.html,eb0d7acd8a1bcc62
Z9/10,https://apl.brno.cz/protokoly-zmb/zmb-z9-10/20231010-70-46403.html,eb0d7acd8a1bcc62
Z9/10,https://apl.brno.cz/protokoly-zmb/zmb-z9-10/20231010-71-46585.html,eb0d7acd8a1bcc62
Z9/10,https://apl.brno.cz/protokoly-zmb/zmb-z9-10/20231010-72-46710.html,eb0d7acd8a1bcc62
Z9/10,https://apl.brno.cz/protokoly-zmb/zmb-z9-10/20231010-73-46983.html,eb0d7acd8a1bcc62
Z9/10,https://apl.brno.cz/protokoly-zmb/zmb-z9-10/20231010-74-47020.html,eb0d7acd8a1bcc62
Z9/10,https://apl.brno.cz/protokoly-zmb/zmb-z9-10/20231010-75-47115.html,eb0d7acd8a1bcc62
Z9/10,https://apl.brno.cz/protokoly-zmb/zmb-z9-10/20231010-76-47345.html,eb0d7acd8a1bcc62
Z9/10,https://apl.brno.cz/protokoly-zmb/zmb-z9-10/20231010-77-52700.html,eb0d7acd8a1bcc62
Z9/10,https://apl.brno.cz/protokoly-zmb/zmb-z9-10/20231010-78-52732.html,eb0d7acd8a1bcc62
Z9/10,https://apl.brno.cz/protokoly-zmb/zmb-z9-10/20231010-79-52962.html,eb0d7acd8a1bcc62
Z9/10,https://apl.brno.cz/protokoly-zmb/zmb-z9-10/20231010-80-52990.html,eb0d7acd8a1bcc62
Z9/10,https://apl.brno.cz/protokoly-zmb/zmb-z9-10/20231010-81-53039.html,eb0d7acd8a1bcc62
Z9/10,https://apl.brno.cz/protokoly-zmb/zmb-z9-10/20231010-82-53064.html,eb0d7acd8a1bcc62
Z9/10,https://apl.brno.cz/protokoly-zmb/zmb-z9-10/20231010-83-53098.html,eb0d7acd8a1bcc62
Z9/10,https://apl.brno.cz/protokoly-zmb/zmb-z9-10/20231010-84-53141.html,eb0d7acd8a1bcc62
Z9/10,https://apl.brno.cz/protokoly-zmb/zmb-z9-10/20231010-85-53256.html,eb0d7acd8a1bcc62
Z9/10,https://apl.brno.cz/protokoly-zmb/zmb-z9-10/20231010-86-53315.html,eb0d7acd8a1bcc62
Z9/10,https://apl.brno.cz/protokoly-zmb/zmb-z9-10/20231010-87-53351.html,eb0d7acd8a1bcc62
Z9/10,https://apl.brno.cz/protokoly-zmb/zmb-z9-10/20231010-88-53385.html,eb0d7acd8a1bcc62
Z9/10,https://apl.brno.cz/protokoly-zmb/zmb-z9-10/20231010-90-53452.html,eb0d7acd8a1bcc62
Z9/10,https://apl.brno.cz/protokoly-zmb/zmb-z9-10/20231010-91-53493.html,eb0d7acd8a1bcc62
Z9/10,https://apl.brno.cz/protokoly-zmb/zmb-z9-10/20231010-92-53523.html,eb0d7acd8a1bcc62
Z9/10,https://apl.brno.cz/protokoly-zmb/zmb-z9-10/20231010-93-53554.html,eb0d7acd8a1bcc62
Z9/10,https://apl.brno.cz/protokoly-zmb/zmb-z9-10/20231010-94-53587.html,eb0d7acd8a1bcc62
Z9/10,https://apl.brno.cz/protokoly-zmb/zmb-z9-10/20231010-95-53636.html,eb0d7acd8a1bcc62
Z9/10,https://apl.brno.cz/protokoly-zmb/zmb-z9-10/20231010-96-53667.html,eb0d7acd8a1bcc62
Z9/10,https://apl.brno.cz/protokoly-zmb/zmb-z9-10/20231010-97-53699.html,eb0d7acd8a1bcc62
Z9/10,https://apl.brno.cz/protokoly-zmb/zmb-z9-10/20231010-98-53729.html,eb0d7acd8a1bcc62
Z9/10,https://apl.brno.cz/protokoly-zmb/zmb-z9-10/20231010-99-53758.html,eb0d7acd8a1bcc62
Z9/10,https://apl.brno.cz/protokoly-zmb/zmb-z9-10/20231010-100-53789.html,eb0d7acd8a1bcc62
Z9/10,https://apl.brno.cz/protokoly-zmb/zmb-z9-10/20231010-101-53818.html,eb0d7acd8a1bcc62
Z9/10,https://apl.brno.cz/protokoly-zmb/zmb-z9-10/20231010-102-53856.html,eb0d7acd8a1bcc62
Z9/10,https://apl.brno.cz/protokoly-zmb/zmb-z9-10/20231010-103-53888.html,eb0d7acd8a1bcc62
Z9/10,https://apl.brno.cz/protokoly-zmb/zmb-z9-10/20231010-104-53919.html,eb0d7acd8a1bcc62
Z9/10,https://apl.brno.cz/protokoly-zmb/zmb-z9-10/20231010-105-54022.html,eb0d7acd8a1bcc62
Z9/10,https://apl.brno.cz/protokoly-zmb/zmb-z9-10/20231010-106-54058.html,eb0d7acd8a1bcc62
Z9/10,https://apl.brno.cz/protokoly-zmb/zmb-z9-10/20231010-107-54090.html,eb0d7acd8a1bcc62
Z9/10,https://apl.brno.cz/protokoly-zmb/zmb-z9-10/20231010-108-54128.html,eb0d7acd8a1bcc62
Z9/12,https://apl.brno.cz/protokoly-zmb/zmb-z9-12/20231114-1-29754.html,36a4e03789f899b5
Z9/12,https://apl.brno.cz/protokoly-zmb/zmb-z9-12/20231114-2-29925.html,36a4e03789f899b5
Z9/12,https://apl.brno.cz/protokoly-zmb/zmb-z9-12/20231114-3-29956.html,36a4e03789f899b5
Z9/12,https://apl.brno.cz/protokoly-zmb/zmb-z9-12/20231114-4-29985.html,36a4e03789f899b5
Z9/12,https://apl.brno.cz/protokoly-zmb/zmb-z9-12/20231114-5-30018.html,36a4e03789f899b5
Z9/12,https://apl.brno.cz/protokoly-zmb/zmb-z9-12/20231114-6-30049.html,36a4e03789f899b5
Z9/12,https://apl.brno.cz/protokoly-zmb/zmb-z9-12/20231114-7-30079.html,36a4e03789f899b5
Z9/12,https://apl.brno.cz/protokoly-zmb/zmb-z9-12/20231114-8-30109.html,36a4e03789f899b5
Z9/12,https://apl.brno.cz/protokoly-zmb/zmb-z9-12/20231114-9-31900.html,36a4e03789f899b5
Z9/12,https://apl.brno.cz/protokoly-zmb/zmb-z9-12/20231114-10-31989.html,36a4e03789f899b5
Z9/12,https://apl.brno.cz/protokoly-zmb/zmb-z9-12/20231114-11-32024.html,36a4e03789f899b5
Z9/12,https://apl.brno.cz/protokoly-zmb/zmb-z9-12/20231114-12-32052.html,36a4e03789f899b5
Z9/12,https://apl.brno.cz/protokoly-zmb/zmb-z9-12/20231114-13-32086.html,36a4e03789f899b5
Z9/12,https://apl.brno.cz/protokoly-zmb/zmb-z9-12/20231114-14-32115.html,36a4e03789f899b5
Z9/12,https://apl.brno.cz/protokoly-zmb/zmb-z9-12/20231114-15-32150.html,36a4e03789f899b5
Z9/12,https://apl.brno.cz/protokoly-zmb/zmb-z9-12/20231114-16-32182.html,36a4e03789f899b5
Z9/12,https://apl.brno.cz/protokoly-zmb/zmb-z9-12/20231114-17-32222.html,36a4e03789f899b5
Z9/12,https://apl.brno.cz/protokoly-zmb/zmb-z9-12/20231114-18-32256.html,36a4e03789f899b5
Z9/12,https://apl.brno.cz/protokoly-zmb/zmb-z9-12/20231114-19-32302.html,36a4e03789f899b5
Z9/12,https://apl.brno.cz/protokoly-zmb/zmb-z9-12/20231114-20-32507.html,36a4e03789f899b5
Z9/12,https://apl.brno.cz/protokoly-zmb/zmb-z9-12/20231114-21-32542.html,36a4e03789f899b5
Z9/12,https://apl.brno.cz/protokoly-zmb/zmb-z9-12/20231114-22-33074.html,36a4e03789f899b5
Z9/12,https://apl.brno.cz/protokoly-zmb/zmb-z9-12/20231114-23-33115.html,36a4e03789f899b5
Z9/12,https://apl.brno.cz/protokoly-zmb/zmb-z9-12/20231114-24-33148.html,36a4e03789f899b5
Z9/12,https://apl.brno.cz/protokoly-zmb/zmb-z9-12/20231114-25-33181.html,36a4e03789f899b5
Z9/12,https://apl.brno.cz/protokoly-zmb/zmb-z9-12/20231114-26-33221.html,36a4e03789f899b5
Z9/12,https://apl.brno.cz/protokoly-zmb/zmb-z9-12/20231114-27-33256.html,36a4e03789f899b5
Z9/12,https://apl.brno.cz/protokoly-zmb/zmb-z9-12/20231114-28-33286.html,36a4e03789f899b5
Z9/12,https://apl.brno.cz/protokoly-zmb/zmb-z9-12/20231114-29-33396.html,36a4e03789f899b5
Z9/12,https://apl.brno.cz/protokoly-zmb/zmb-z9-12/20231114-30-33428.html,36a4e03789f899b5
Z9/12,https://apl.brno.cz/protokoly-zmb/zmb-z9-12/20231114-31-33461.html,36a4e03789f899b5
Z9/12,https://apl.brno.cz/protokoly-zmb/zmb-z9-12/20231114-32-33496.html,36a4e03789f899b5
Z9/12,https://apl.brno.cz/protokoly-zmb/zmb-z9-12/20231114-33-33593.html,36a4e03789f899b5
Z9/12,https://apl.brno.cz/protokoly-zmb/zmb-z9-12/20231114-34-33631.html,36a4e03789f899b5
Z9/12,https://apl.brno.cz/protokoly-zmb/zmb-z9-12/20231114-35-33663.html,36a4e03789f899b5
Z9/12,https://apl.brno.cz/protokoly-zmb/zmb-z9-12/20231114-36-33697.html,36a4e03789f899b5
Z9/12,https://apl.brno.cz/protokoly-zmb/zmb-z9-12/20231114-37-33727.html,36a4e03789f899b5
Z9/12,https://apl.brno.cz/protokoly-zmb/zmb-z9-12/20231114-38-33765.html,36a4e03789f899b5
Z9/12,https://apl.brno.cz/protokoly-zmb/zmb-z9-12/20231114-39-33799.html,36a4e03789f899b5
Z9/12,https://apl.brno.cz/protokoly-zmb/zmb-z9-12/20231114-40-33900.html,36a4e03789f899b5
Z9/12,https://apl.brno.cz/protokoly-zmb/zmb-z9-12/20231114-41-33931.html,36a4e03789f899b5
Z9/12,https://apl.brno.cz/protokoly-zmb/zmb-z9-12/20231114-42-33967.html,36a4e03789f899b5
Z9/12,https://apl.brno.cz/protokoly-zmb/zmb-z9-12/20231114-43-33996.html,36a4e03789f899b5
Z9/12,https://apl.brno.cz/protokoly-zmb/zmb-z9-12/20231114-44-34033.html,36a4e03789f899b5
Z9/12,https://apl.brno.cz/protokoly-zmb/zmb-z9-12/20231114-45-34071.html,36a4e03789f899b5
Z9/12,https://apl.brno.cz/protokoly-zmb/zmb-z9-12/20231114-46-34109.html,36a4e03789f899b5
Z9/12,https://apl.brno.cz/protokoly-zmb/zmb-z9-12/20231114-47-34141.html,36a4e03789f899b5
Z9/12,https://apl.brno.cz/protokoly-zmb/zmb-z9-12/20231114-48-34173.html,36a4e03789f899b5
Z9/12,https://apl.brno.cz/protokoly-zmb/zmb-z9-12/20231114-49-34359.html,36a4e03789f899b5
Z9/12,https://apl.brno.cz/protokoly-zmb/zmb-z9-12/20231114-50-34391.html,36a4e03789f899b5
Z9/12,https://apl.brno.cz/protokoly-zmb/zmb-z9-12/20231114-51-34426.html,36a4e03789f899b5
Z9/12,https://apl.brno.cz/protokoly-zmb/zmb-z9-12/20231114-52-34457.html,36a4e03789f899b5
Z9/12,https://apl.brno.cz/protokoly-zmb/zmb-z9-12/20231114-53-34493.html,36a4e03789f899b5
Z9/12,https://apl.brno.cz/protokoly-zmb/zmb-z9-12/20231114-54-34527.html,36a4e03789f899b5
Z9/12,https://apl.brno.cz/protokoly-zmb/zmb-z9-12/20231114-55-34559.html,36a4e03789f899b5
Z9/12,https://apl.brno.cz/protokoly-zmb/zmb-z9-12/20231114-56-34591.html,36a4e03789f899b5
Z9/12,https://apl.brno.cz/protokoly-zmb/zmb-z9-12/20231114-57-34621.html,36a4e03789f899b5
Z9/12,https://apl.brno.cz/protokoly-zmb/zmb-z9-12/20231114-58-34657.html,36a4e03789f899b5
Z9/12,https://apl.brno.cz/protokoly-zmb/zmb-z9-12/20231114-59-34686.html,36a4e03789f899b5
Z9/12,https://apl.brno.cz/protokoly-zmb/zmb-z9-12/20231114-60-34716.html,36a4e03789f899b5
Z9/12,https://apl.brno.cz/protokoly-zmb/zmb-z9-12/20231114-61-34748.html,36a4e03789f899b5
Z9/12,https://apl.brno.cz/protokoly-zmb/zmb-z9-12/20231114-62-34814.html,36a4e03789f899b5
Z9/12,https://apl.brno.cz/protokoly-zmb/zmb-z9-12/20231114-63-34845.html,36a4e03789f899b5
Z9/12,https://apl.brno.cz/protokoly-zmb/zmb-z9-12/20231114-64-34880.html,36a4e03789f899b5
Z9/12,https://apl.brno.cz/protokoly-zmb/zmb-z9-12/20231114-65-34912.html,36a4e03789f899b5
Z9/12,https://apl.brno.cz/protokoly-zmb/zmb-z9-12/20231114-66-34947.html,36a4e03789f899b5
Z9/12,https://apl.brno.cz/protokoly-zmb/zmb-z9-12/20231114-67-34983.html,36a4e03789f899b5
Z9/12,https://apl.brno.cz/protokoly-zmb/zmb-z9-12/20231114-68-35032.html,36a4e03789f899b5
Z9/12,https://apl.brno.cz/protokoly-zmb/zmb-z9-12/20231114-69-35068.html,36a4e03789f899b5
Z9/12,https://apl.brno.cz/protokoly-zmb/zmb-z9-12/20231114-70-35097.html,36a4e03789f899b5
Z9/12,https://apl.brno.cz/protokoly-zmb/zmb-z9-12/20231114-71-35143.html,36a4e03789f899b5
Z9/12,https://apl.brno.cz/protokoly-zmb/zmb-z9-12/20231114-72-35174.html,36a4e03789f899b5
Z9/12,https://apl.brno.cz/protokoly-zmb/zmb-z9-12/20231114-73-35321.html,36a4e03789f899b5
Z9/12,https://apl.brno.cz/protokoly-zmb/zmb-z9-12/20231114-74-35365.html,36a4e03789f899b5
Z9/12,https://apl.brno.cz/protokoly-zmb/zmb-z9-12/20231114-75-35404.html,36a4e03789f899b5
Z9/12,https://apl.brno.cz/protokoly-zmb/zmb-z9-12/20231114-76-35436.html,36a4e03789f899b5
Z9/12,https://apl.brno.cz/protokoly-zmb/zmb-z9-12/20231114-77-35474.html,36a4e03789f899b5
Z9/14,https://apl.brno.cz/protokoly-zmb/zmb-z9-14/20240130-1-29722.html,198b605f95c9e2a9
Z9/14,https://apl.brno.cz/protokoly-zmb/zmb-z9-14/20240130-2-29943.html,198b605f95c9e2a9
Z9/14,https://apl.brno.cz/protokoly-zmb/zmb-z9-14/20240130-3-29964.html,198b605f95c9e2a9
Z9/14,https://apl.brno.cz/protokoly-zmb/zmb-z9-14/20240130-4-29987.html,198b605f95c9e2a9
Z9/14,https://apl.brno.cz/protokoly-zmb/zmb-z9-14/20240130-5-30884.html,198b605f95c9e2a9
Z9/14,https://apl.brno.cz/protokoly-zmb/zmb-z9-14/20240130-6-31863.html,198b605f95c9e2a9
Z9/14,https://apl.brno.cz/protokoly-zmb/zmb-z9-14/20240130-7-31948.html,198b605f95c9e2a9
Z9/14,https://apl.brno.cz/protokoly-zmb/zmb-z9-14/20240130-8-32502.html,198b605f95c9e2a9
Z9/14,https://apl.brno.cz/protokoly-zmb/zmb-z9-14/20240130-9-32767.html,198b605f95c9e2a9
Z9/14,https://apl.brno.cz/protokoly-zmb/zmb-z9-14/20240130-10-32832.html,198b605f95c9e2a9
Z9/14,https://apl.brno.cz/protokoly-zmb/zmb-z9-14/20240130-11-33264.html,198b605f95c9e2a9
Z9/14,https://apl.brno.cz/protokoly-zmb/zmb-z9-14/20240130-12-33296.html,198b605f95c9e2a9
Z9/14,https://apl.brno.cz/protokoly-zmb/zmb-z9-14/20240130-13-33332.html,198b605f95c9e2a9
Z9/14,https://apl.brno.cz/protokoly-zmb/zmb-z9-14/20240130-14-33351.html,198b605f95c9e2a9
Z9/14,https://apl.brno.cz/protokoly-zmb/zmb-z9-14/20240130-15-33675.html,198b605f95c9e2a9
Z9/14,https://apl.brno.cz/protokoly-zmb/zmb-z9-14/20240130-16-33798.html,198b605f95c9e2a9
Z9/14,https://apl.brno.cz/protokoly-zmb/zmb-z9-14/20240130-17-34016.html,198b605f95c9e2a9
Z9/14,https://apl.brno.cz/protokoly-zmb/zmb-z9-14/20240130-18-34971.html,198b605f95c9e2a9
Z9/14,https://apl.brno.cz/protokoly-zmb/zmb-z9-14/20240130-19-35534.html,198b605f95c9e2a9
Z9/14,https://apl.brno.cz/protokoly-zmb/zmb-z9-14/20240130-20-35565.html,198b605f95c9e2a9
Z9/14,https://apl.brno.cz/protokoly-zmb/zmb-z9-14/20240130-21-35601.html,198b605f95c9e2a9
Z9/14,https://apl.brno.cz/protokoly-zmb/zmb-z9-14/20240130-22-35635.html,198b605f95c9e2a9
Z9/14,https://apl.brno.cz/protokoly-zmb/zmb-z9-14/20240130-23-35676.html,198b605f95c9e2a9
Z9/14,https://apl.brno.cz/protokoly-zmb/zmb-z9-14/20240130-24-35708.html,198b605f95c9e2a9
Z9/14,https://apl.brno.cz/protokoly-zmb/zmb-z9-14/20240130-25-35737.html,198b605f95c9e2a9
Z9/14,https://apl.brno.cz/protokoly-zmb/zmb-z9-14/20240130-26-36806.html,198b605f95c9e2a9
Z9/14,https://apl.brno.cz/protokoly-zmb/zmb-z9-14/20240130-27-36837.html,198b605f95c9e2a9
Z9/14,https://apl.brno.cz/protokoly-zmb/zmb-z9-14/20240130-28-36875.html,198b605f95c9e2a9
Z9/14,https://apl.brno.cz/protokoly-zmb/zmb-z9-14/20240130-29-36905.html,198b605f95c9e2a9
Z9/14,https://apl.brno.cz/protokoly-zmb/zmb-z9-14/20240130-30-36944.html,198b605f95c9e2a9
Z9/14,https://apl.brno.cz/protokoly-zmb/zmb-z9-14/20240130-31-36976.html,198b605f95c9e2a9
Z9/14,https://apl.brno.cz/protokoly-zmb/zmb-z9-14/20240130-32-37074.html,198b605f95c9e2a9
Z9/14,https://apl.brno.cz/protokoly-zmb/zmb-z9-14/20240130-33-37103.html,198b605f95c9e2a9
Z9/14,https://apl.brno.cz/protokoly-zmb/zmb-z9-14/20240130-34-37133.html,198b605f95c9e2a9
Z9/14,https://apl.brno.cz/protokoly-zmb/zmb-z9-14/20240130-35-37265.html,198b605f95c9e2a9
Z9/14,https://apl.brno.cz/protokoly-zmb/zmb-z9-14/20240130-36-37296.html,198b605f95c9e2a9
Z9/14,https://apl.brno.cz/protokoly-zmb/zmb-z9-14/20240130-37-37328.html,198b605f95c9e2a9
Z9/14,https://apl.brno.cz/protokoly-zmb/zmb-z9-14/20240130-38-37360.html,198b605f95c9e2a9
Z9/14,https://apl.brno.cz/protokoly-zmb/zmb-z9-14/20240130-39-37732.html,198b605f95c9e2a9
Z9/14,https://apl.brno.cz/protokoly-zmb/zmb-z9-14/20240130-40-37766.html,198b605f95c9e2a9
Z9/14,https://apl.brno.cz/protokoly-zmb/zmb-z9-14/20240130-41-37798.html,198b605f95c9e2a9
Z9/14,https://apl.brno.cz/protokoly-zmb/zmb-z9-14/20240130-42-40462.html,198b605f95c9e2a9
Z9/14,https://apl.brno.cz/protokoly-zmb/zmb-z9-14/20240130-43-40828.html,198b605f95c9e2a9
Z9/14,https://apl.brno.cz/protokoly-zmb/zmb-z9-14/20240130-44-41046.html,198b605f95c9e2a9
Z9/14,https://apl.brno.cz/protokoly-zmb/zmb-z9-14/20240130-45-41242.html,198b605f95c9e2a9
Z9/14,https://apl.brno.cz/protokoly-zmb/zmb-z9-14/20240130-46-41281.html,198b605f95c9e2a9
Z9/14,https://apl.brno.cz/protokoly-zmb/zmb-z9-14/20240130-47-41314.html,198b605f95c9e2a9
Z9/14,https://apl.brno.cz/protokoly-zmb/zmb-z9-14/20240130-48-41347.html,198b605f95c9e2a9
Z9/14,https://apl.brno.cz/protokoly-zmb/zmb-z9-14/20240130-49-41381.html,198b605f95c9e2a9
Z9/14,https://apl.brno.cz/protokoly-zmb/zmb-z9-14/20240130-50-41426.html,198b605f95c9e2a9
Z9/14,https://apl.brno.cz/protokoly-zmb/zmb-z9-14/20240130-51-41473.html,198b605f95c9e2a9
Z9/14,https://apl.brno.cz/protokoly-zmb/zmb-z9-14/20240130-52-41639.html,198b605f95c9e2a9
Z9/14,https://apl.brno.cz/protokoly-zmb/zmb-z9-14/20240130-53-41766.html,198b605f95c9e2a9
Z9/14,https://apl.brno.cz/protokoly-zmb/zmb-z9-14/20240130-54-41799.html,198b605f95c9e2a9
Z9/14,https://apl.brno.cz/protokoly-zmb/zmb-z9-14/20240130-55-41833.html,198b605f95c9e2a9
Z9/14,https://apl.brno.cz/protokoly-zmb/zmb-z9-14/20240130-56-41879.html,198b605f95c9e2a9
Z9/14,https://apl.brno.cz/protokoly-zmb/zmb-z9-14/20240130-57-41918.html,198b605f95c9e2a9
Z9/14,https://apl.brno.cz/protokoly-zmb/zmb-z9-14/20240130-58-41955.html,198b605f95c9e2a9
Z9/14,https://apl.brno.cz/protokoly-zmb/zmb-z9-14/20240130-59-42040.html,198b605f95c9e2a9
Z9/14,https://apl.brno.cz/protokoly-zmb/zmb-z9-14/20240130-60-42076.html,198b605f95c9e2a9
Z9/14,https://apl.brno.cz/protokoly-zmb/zmb-z9-14/20240130-62-42516.html,198b605f95c9e2a9
Z9/14,https://apl.brno.cz/protokoly-zmb/zmb-z9-14/20240130-63-42555.html,198b605f95c9e2a9
Z9/14,https://apl.brno.cz/protokoly-zmb/zmb-z9-14/20240130-64-42626.html,198b605f95c9e2a9
Z9/14,https://apl.brno.cz/protokoly-zmb/zmb-z9-14/20240130-65-42650.html,198b605f95c9e2a9
Z9/14,https://apl.brno.cz/protokoly-zmb/zmb-z9-14/20240130-66-42677.html,198b605f95c9e2a9
Z9/14,https://apl.brno.cz/protokoly-zmb/zmb-z9-14/20240130-67-42712.html,198b605f95c9e2a9
Z9/14,https://apl.brno.cz/protokoly-zmb/zmb-z9-14/20240130-68-42748.html,198b605f95c9e2a9
Z9/14,https://apl.brno.cz/protokoly-zmb/zmb-z9-14/20240130-69-42777.html,198b605f95c9e2a9
Z9/14,https://apl.brno.cz/protokoly-zmb/zmb-z9-14/20240130-70-42808.html,198b605f95c9e2a9
Z9/14,https://apl.brno.cz/protokoly-zmb/zmb-z9-14/20240130-71-42882.html,198b605f95c9e2a9
Z9/14,https://apl.brno.cz/protokoly-zmb/zmb-z9-14/20240130-72-42915.html,198b605f95c9e2a9
Z9/14,https://apl.brno.cz/protokoly-zmb/zmb-z9-14/20240130-73-42943.html,198b605f95c9e2a9
Z9/14,https://apl.brno.cz/protokoly-zmb/zmb-z9-14/20240130-74-42975.html,198b605f95c9e2a9
Z9/14,https://apl.brno.cz/protokoly-zmb/zmb-z9-14/20240130-75-43008.html,198b605f95c9e2a9
Z9/14,https://apl.brno.cz/protokoly-zmb/zmb-z9-14/20240130-76-43037.html,198b605f95c9e2a9
Z9/14,https://apl.brno.cz/protokoly-zmb/zmb-z9-14/20240130-77-43222.html,198b605f95c9e2a9
Z9/14,https://apl.brno.cz/protokoly-zmb/zmb-z9-14/20240130-78-43247.html,198b605f95c9e2a9
Z9/14,https://apl.brno.cz/protokoly-zmb/zmb-z9-14/20240130-79-43270.html,198b605f95c9e2a9
Z9/14,https://apl.brno.cz/protokoly-zmb/zmb-z9-14/20240130-80-43319.html,198b605f95c9e2a9
Z9/14,https://apl.brno.cz/protokoly-zmb/zmb-z9-14/20240130-81-43350.html,198b605f95c9e2a9
Z9/14,https://apl.brno.cz/protokoly-zmb/zmb-z9-14/20240130-82-43381.html,198b605f95c9e2a9
Z9/14,https://apl.brno.cz/protokoly-zmb/zmb-z9-14/20240130-83-43414.html,198b605f95c9e2a9
Z9/14,https://apl.brno.cz/protokoly-zmb/zmb-z9-14/20240130-84-43443.html,198b605f95c9e2a9
Z9/14,https://apl.brno.cz/protokoly-zmb/zmb-z9-14/20240130-85-43472.html,198b605f95c9e2a9
Z9/14,https://apl.brno.cz/protokoly-zmb/zmb-z9-14/20240130-86-43503.html,198b605f95c9e2a9
Z9/14,https://apl.brno.cz/protokoly-zmb/zmb-z9-14/20240130-87-43537.html,198b605f95c9e2a9
Z9/14,https://apl.brno.cz/protokoly-zmb/zmb-z9-14/20240130-88-43579.html,198b605f95c9e2a9
Z9/14,https://apl.brno.cz/protokoly-zmb/zmb-z9-14/20240130-89-43620.html,198b605f95c9e2a9
Z9/14,https://apl.brno.cz/protokoly-zmb/zmb-z9-14/20240130-90-43679.html,198b605f95c9e2a9
Z9/14,https://apl.brno.cz/protokoly-zmb/zmb-z9-14/20240130-91-43712.html,198b605f95c9e2a9
Z9/14,https://apl.brno.cz/protokoly-zmb/zmb-z9-14/20240130-92-43783.html,198b605f95c9e2a9
Z9/14,https://apl.brno.cz/protokoly-zmb/zmb-z9-14/20240130-93-43815.html,198b605f95c9e2a9
Z9/14,https://apl.brno.cz/protokoly-zmb/zmb-z9-14/20240130-94-43848.html,198b605f95c9e2a9
Z9/14,https://apl.brno.cz/protokoly-zmb/zmb-z9-14/20240130-95-43889.html,198b605f95c9e2a9
Z9/14,https://apl.brno.cz/protokoly-zmb/zmb-z9-14/20240130-96-43921.html,198b605f95c9e2a9
Z9/14,https://apl.brno.cz/protokoly-zmb/zmb-z9-14/20240130-97-43953.html,198b605f95c9e2a9
Z9/14,https://apl.brno.cz/protokoly-zmb/zmb-z9-14/20240130-98-44011.html,198b605f95c9e2a9
Z9/14,https://apl.brno.cz/protokoly-zmb/zmb-z9-14/20240130-99-44042.html,198b605f95c9e2a9
Z9/14,https://apl.brno.cz/protokoly-zmb/zmb-z9-14/20240130-100-44077.html,198b605f95c9e2a9
Z9/14,https://apl.brno.cz/protokoly-zmb/zmb-z9-14/20240130-101-44112.html,198b605f95c9e2a9
Z9/16,https://apl.brno.cz/protokoly-zmb/zmb-z9-16/20240409-1-29457.html,d527a00c9a941791
Z9/16,https://apl.brno.cz/protokoly-zmb/zmb-z9-16/20240409-2-29695.html,d527a00c9a941791
Z9/16,https://apl.brno.cz/protokoly-zmb/zmb-z9-16/20240409-3-29715.html,d527a00c9a941791
Z9/16,https://apl.brno.cz/protokoly-zmb/zmb-z9-16/20240409-4-29734.html,d527a00c9a941791
Z9/16,https://apl.brno.cz/protokoly-zmb/zmb-z9-16/20240409-5-29776.html,d527a00c9a941791
Z9/16,https://apl.brno.cz/protokoly-zmb/zmb-z9-16/20240409-7-29940.html,d527a00c9a941791
Z9/16,https://apl.brno.cz/protokoly-zmb/zmb-z9-16/20240409-8-29988.html,d527a00c9a941791
Z9/16,https://apl.brno.cz/protokoly-zmb/zmb-z9-16/20240409-9-30017.html,d527a00c9a941791
Z9/16,https://apl.brno.cz/protokoly-zmb/zmb-z9-16/20240409-10-30396.html,d527a00c9a941791
Z9/16,https://apl.brno.cz/protokoly-zmb/zmb-z9-16/20240409-11-30427.html,d527a00c9a941791
Z9/16,https://apl.brno.cz/protokoly-zmb/zmb-z9-16/20240409-12-30464.html,d527a00c9a941791
Z9/16,https://apl.brno.cz/protokoly-zmb/zmb-z9-16/20240409-13-30496.html,d527a00c9a941791
Z9/16,https://apl.brno.cz/protokoly-zmb/zmb-z9-16/20240409-14-30528.html,d527a00c9a941791
Z9/16,https://apl.brno.cz/protokoly-zmb/zmb-z9-16/20240409-15-30557.html,d527a00c9a941791
Z9/16,https://apl.brno.cz/protokoly-zmb/zmb-z9-16/20240409-16-30590.html,d527a00c9a941791
Z9/16,https://apl.brno.cz/protokoly-zmb/zmb-z9-16/20240409-17-30624.html,d527a00c9a941791
Z9/16,https://apl.brno.cz/protokoly-zmb/zmb-z9-16/20240409-18-32724.html,d527a00c9a941791
Z9/16,https://apl.brno.cz/protokoly-zmb/zmb-z9-16/20240409-19-32758.html,d527a00c9a941791
Z9/16,https://apl.brno.cz/protokoly-zmb/zmb-z9-16/20240409-20-32793.html,d527a00c9a941791
Z9/16,https://apl.brno.cz/protokoly-zmb/zmb-z9-16/20240409-21-32829.html,d527a00c9a941791
Z9/16,https://apl.brno.cz/protokoly-zmb/zmb-z9-16/20240409-22-33731.html,d527a00c9a941791
Z9/16,https://apl.brno.cz/protokoly-zmb/zmb-z9-16/20240409-23-33766.html,d527a00c9a941791
Z9/16,https://apl.brno.cz/protokoly-zmb/zmb-z9-16/20240409-24-33796.html,d527a00c9a941791
Z9/16,https://apl.brno.cz/protokoly-zmb/zmb-z9-16/20240409-25-33831.html,d527a00c9a941791
Z9/16,https://apl.brno.cz/protokoly-zmb/zmb-z9-16/20240409-26-33869.html,d527a00c9a941791
Z9/16,https://apl.brno.cz/protokoly-zmb/zmb-z9-16/20240409-27-33903.html,d527a00c9a941791
Z9/16,https://apl.brno.cz/protokoly-zmb/zmb-z9-16/20240409-28-33936.html,d527a00c9a941791
Z9/16,https://apl.brno.cz/protokoly-zmb/zmb-z9-16/20240409-29-33967.html,d527a00c9a941791
Z9/16,https://apl.brno.cz/protokoly-zmb/zmb-z9-16/20240409-30-34002.html,d527a00c9a941791
Z9/16,https://apl.brno.cz/protokoly-zmb/zmb-z9-16/20240409-31-34034.html,d527a00c9a941791
Z9/16,https://apl.brno.cz/protokoly-zmb/zmb-z9-16/20240409-32-34073.html,d527a00c9a941791
Z9/16,https://apl.brno.cz/protokoly-zmb/zmb-z9-16/20240409-33-34111.html,d527a00c9a941791
Z9/16,https://apl.brno.cz/protokoly-zmb/zmb-z9-16/20240409-34-34225.html,d527a00c9a941791
Z9/16,https://apl.brno.cz/protokoly-zmb/zmb-z9-16/20240409-35-34259.html,d527a00c9a941791
Z9/16,https://apl.brno.cz/protokoly-zmb/zmb-z9-16/20240409-36-34329.html,d527a00c9a941791
Z9/16,https://apl.brno.cz/protokoly-zmb/zmb-z9-16/20240409-37-34364.html,d527a00c9a941791
Z9/16,https://apl.brno.cz/protokoly-zmb/zmb-z9-16/20240409-38-34396.html,d527a00c9a941791
Z9/16,https://apl.brno.cz/protokoly-zmb/zmb-z9-16/20240409-39-34431.html,d527a00c9a941791
Z9/16,https://apl.brno.cz/protokoly-zmb/zmb-z9-16/20240409-40-34465.html,d527a00c9a941791
Z9/16,https://apl.brno.cz/protokoly-zmb/zmb-z9-16/20240409-41-34502.html,d527a00c9a941791
Z9/16,https://apl.brno.cz/protokoly-zmb/zmb-z9-16/20240409-42-34536.html,d527a00c9a941791
Z9/16,https://apl.brno.cz/protokoly-zmb/zmb-z9-16/20240409-43-34568.html,d527a00c9a941791
Z9/16,https://apl.brno.cz/protokoly-zmb/zmb-z9-16/20240409-44-34598.html,d527a00c9a941791
Z9/16,https://apl.brno.cz/protokoly-zmb/zmb-z9-16/20240409-45-34633.html,d527a00c9a941791
Z9/16,https://apl.brno.cz/protokoly-zmb/zmb-z9-16/20240409-46-34666.html,d527a00c9a941791
Z9/16,https://apl.brno.cz/protokoly-zmb/zmb-z9-16/20240409-47-34702.html,d527a00c9a941791
Z9/16,https://apl.brno.cz/protokoly-zmb/zmb-z9-16/20240409-48-34730.html,d527a00c9a941791
Z9/16,https://apl.brno.cz/protokoly-zmb/zmb-z9-16/20240409-49-34760.html,d527a00c9a941791
Z9/16,https://apl.brno.cz/protokoly-zmb/zmb-z9-16/20240409-50-34789.html,d527a00c9a941791
Z9/16,https://apl.brno.cz/protokoly-zmb/zmb-z9-16/20240409-51-34825.html,d527a00c9a941791
Z9/16,https://apl.brno.cz/protokoly-zmb/zmb-z9-16/20240409-52-34854.html,d527a00c9a941791
Z9/16,https://apl.brno.cz/protokoly-zmb/zmb-z9-16/20240409-53-34955.html,d527a00c9a941791
Z9/16,https://apl.brno.cz/protokoly-zmb/zmb-z9-16/20240409-54-34983.html,d527a00c9a941791
Z9/16,https://apl.brno.cz/protokoly-zmb/zmb-z9-16/20240409-55-35011.html,d527a00c9a941791
Z9/16,https://apl.brno.cz/protokoly-zmb/zmb-z9-16/20240409-56-35041.html,d527a00c9a941791
Z9/16,https://apl.brno.cz/protokoly-zmb/zmb-z9-16/20240409-57-35071.html,d527a00c9a941791
Z9/16,https://apl.brno.cz/protokoly-zmb/zmb-z9-16/20240409-58-35103.html,d527a00c9a941791
Z9/16,https://apl.brno.cz/protokoly-zmb/zmb-z9-16/20240409-59-35135.html,d527a00c9a941791
Z9/16,https://apl.brno.cz/protokoly-zmb/zmb-z9-16/20240409-60-35181.html,d527a00c9a941791
Z9/16,https://apl.brno.cz/protokoly-zmb/zmb-z9-16/20240409-61-35225.html,d527a00c9a941791
Z9/16,https://apl.brno.cz/protokoly-zmb/zmb-z9-16/20240409-62-35257.html,d527a00c9a941791
Z9/16,https://apl.brno.cz/protokoly-zmb/zmb-z9-16/20240409-63-35323.html,d527a00c9a941791
Z9/16,https://apl.brno.cz/protokoly-zmb/zmb-z9-16/20240409-64-35469.html,d527a00c9a941791
Z9/16,https://apl.brno.cz/protokoly-zmb/zmb-z9-16/20240409-65-35498.html,d527a00c9a941791
Z9/16,https://apl.brno.cz/protokoly-zmb/zmb-z9-16/20240409-66-35550.html,d527a00c9a941791
Z9/16,https://apl.brno.cz/protokoly-zmb/zmb-z9-16/20240409-67-35599.html,d527a00c9a941791
Z9/16,https://apl.brno.cz/protokoly-zmb/zmb-z9-16/20240409-68-35642.html,d527a00c9a941791
Z9/16,https://apl.brno.cz/protokoly-zmb/zmb-z9-16/20240409-69-35698.html,d527a00c9a941791
Z9/16,https://apl.brno.cz/protokoly-zmb/zmb-z9-16/20240409-70-35738.html,d527a00c9a941791
Z9/16,https://apl.brno.cz/protokoly-zmb/zmb-z9-16/20240409-71-36371.html,d527a00c9a941791
Z9/16,https://apl.brno.cz/protokoly-zmb/zmb-z9-16/20240409-72-36401.html,d527a00c9a941791
Z9/16,https://apl.brno.cz/protokoly-zmb/zmb-z9-16/20240409-73-36430.html,d527a00c9a941791
Z9/16,https://apl.brno.cz/protokoly-zmb/zmb-z9-16/20240409-74-36458.html,d527a00c9a941791
Z9/16,https://apl.brno.cz/protokoly-zmb/zmb-z9-16/20240409-75-36488.html,d527a00c9a941791
Z9/16,https://apl.brno.cz/protokoly-zmb/zmb-z9-16/20240409-76-36518.html,d527a00c9a941791
Z9/16,https://apl.brno.cz/protokoly-zmb/zmb-z9-16/20240409-77-36574.html,d527a00c9a941791
Z9/16,https://apl.brno.cz/protokoly-zmb/zmb-z9-16/20240409-78-36607.html,d527a00c9a941791
Z9/16,https://apl.brno.cz/protokoly-zmb/zmb-z9-16/20240409-79-36655.html,d527a00c9a941791
Z9/16,https://apl.brno.cz/protokoly-zmb/zmb-z9-16/20240409-80-36685.html,d527a00c9a941791
Z9/16,https://apl.brno.cz/protokoly-zmb/zmb-z9-16/20240409-81-36717.html,d527a00c9a941791
Z9/16,https://apl.brno.cz/protokoly-zmb/zmb-z9-16/20240409-82-36753.html,d527a00c9a941791
Z9/16,https://apl.brno.cz/protokoly-zmb/zmb-z9-16/20240409-83-36799.html,d527a00c9a941791
Z9/15,https://apl.brno.cz/protokoly-zmb/zmb-z9-15/20240305-1-29497.html,f5c65d180b769ffd
Z9/15,https://apl.brno.cz/protokoly-zmb/zmb-z9-15/20240305-2-29635.html,f5c65d180b769ffd
Z9/15,https://apl.brno.cz/protokoly-zmb/zmb-z9-15/20240305-3-29656.html,f5c65d180b769ffd
Z9/15,https://apl.brno.cz/protokoly-zmb/zmb-z9-15/20240305-4-29688.html,f5c65d180b769ffd
Z9/15,https://apl.brno.cz/protokoly-zmb/zmb-z9-15/20240305-5-29762.html,f5c65d180b769ffd
Z9/15,https://apl.brno.cz/protokoly-zmb/zmb-z9-15/20240305-6-29799.html,f5c65d180b769ffd
Z9/15,https://apl.brno.cz/protokoly-zmb/zmb-z9-15/20240305-7-29836.html,f5c65d180b769ffd
Z9/15,https://apl.brno.cz/protokoly-zmb/zmb-z9-15/20240305-8-29872.html,f5c65d180b769ffd
Z9/15,https://apl.brno.cz/protokoly-zmb/zmb-z9-15/20240305-9-29902.html,f5c65d180b769ffd
Z9/15,https://apl.brno.cz/protokoly-zmb/zmb-z9-15/20240305-10-29932.html,f5c65d180b769ffd
Z9/15,https://apl.brno.cz/protokoly-zmb/zmb-z9-15/20240305-11-29960.html,f5c65d180b769ffd
Z9/15,https://apl.brno.cz/protokoly-zmb/zmb-z9-15/20240305-12-29988.html,f5c65d180b769ffd
Z9/15,https://apl.brno.cz/protokoly-zmb/zmb-z9-15/20240305-13-30016.html,f5c65d180b769ffd
Z9/15,https://apl.brno.cz/protokoly-zmb/zmb-z9-15/20240305-14-30048.html,f5c65d180b769ffd
Z9/15,https://apl.brno.cz/protokoly-zmb/zmb-z9-15/20240305-15-30078.html,f5c65d180b769ffd
Z9/15,https://apl.brno.cz/protokoly-zmb/zmb-z9-15/20240305-16-30450.html,f5c65d180b769ffd
Z9/15,https://apl.brno.cz/protokoly-zmb/zmb-z9-15/20240305-17-30481.html,f5c65d180b769ffd
Z9/15,https://apl.brno.cz/protokoly-zmb/zmb-z9-15/20240305-18-30508.html,f5c65d180b769ffd
Z9/15,https://apl.brno.cz/protokoly-zmb/zmb-z9-15/20240305-19-30673.html,f5c65d180b769ffd
Z9/15,https://apl.brno.cz/protokoly-zmb/zmb-z9-15/20240305-20-31995.html,f5c65d180b769ffd
Z9/15,https://apl.brno.cz/protokoly-zmb/zmb-z9-15/20240305-21-32023.html,f5c65d180b769ffd
Z9/15,https://apl.brno.cz/protokoly-zmb/zmb-z9-15/20240305-22-32060.html,f5c65d180b769ffd
Z9/15,https://apl.brno.cz/protokoly-zmb/zmb-z9-15/20240305-23-32185.html,f5c65d180b769ffd
Z9/15,https://apl.brno.cz/protokoly-zmb/zmb-z9-15/20240305-24-32216.html,f5c65d180b769ffd
Z9/15,https://apl.brno.cz/protokoly-zmb/zmb-z9-15/20240305-25-32250.html,f5c65d180b769ffd
Z9/15,https://apl.brno.cz/protokoly-zmb/zmb-z9-15/20240305-26-33399.html,f5c65d180b769ffd
Z9/15,https://apl.brno.cz/protokoly-zmb/zmb-z9-15/20240305-27-33437.html,f5c65d180b769ffd
Z9/15,https://apl.brno.cz/protokoly-zmb/zmb-z9-15/20240305-28-33604.html,f5c65d180b769ffd
Z9/15,https://apl.brno.cz/protokoly-zmb/zmb-z9-15/20240305-29-33783.html,f5c65d180b769ffd
Z9/15,https://apl.brno.cz/protokoly-zmb/zmb-z9-15/20240305-30-33814.html,f5c65d180b769ffd
Z9/15,https://apl.brno.cz/protokoly-zmb/zmb-z9-15/20240305-31-33850.html,f5c65d180b769ffd
Z9/15,https://apl.brno.cz/protokoly-zmb/zmb-z9-15/20240305-32-33885.html,f5c65d180b769ffd
Z9/15,https://apl.brno.cz/protokoly-zmb/zmb-z9-15/20240305-33-33932.html,f5c65d180b769ffd
Z9/15,https://apl.brno.cz/protokoly-zmb/zmb-z9-15/20240305-34-33974.html,f5c65d180b769ffd
Z9/15,https://apl.brno.cz/protokoly-zmb/zmb-z9-15/20240305-35-34006.html,f5c65d180b769ffd
Z9/15,https://apl.brno.cz/protokoly-zmb/zmb-z9-15/20240305-36-34037.html,f5c65d180b769ffd
Z9/15,https://apl.brno.cz/protokoly-zmb/zmb-z9-15/20240305-37-34065.html,f5c65d180b769ffd
Z9/15,https://apl.brno.cz/protokoly-zmb/zmb-z9-15/20240305-38-34302.html,f5c65d180b769ffd
Z9/15,https://apl.brno.cz/protokoly-zmb/zmb-z9-15/20240305-39-34331.html,f5c65d180b769ffd
Z9/15,https://apl.brno.cz/protokoly-zmb/zmb-z9-15/20240305-40-34364.html,f5c65d180b769ffd
Z9/15,https://apl.brno.cz/protokoly-zmb/zmb-z9-15/20240305-41-34392.html,f5c65d180b769ffd
Z9/15,https://apl.brno.cz/protokoly-zmb/zmb-z9-15/20240305-42-34423.html,f5c65d180b769ffd
Z9/15,https://apl.brno.cz/protokoly-zmb/zmb-z9-15/20240305-43-34452.html,f5c65d180b769ffd
Z9/15,https://apl.brno.cz/protokoly-zmb/zmb-z9-15/20240305-44-34483.html,f5c65d180b769ffd
Z9/15,https://apl.brno.cz/protokoly-zmb/zmb-z9-15/20240305-45-34646.html,f5c65d180b769ffd
Z9/15,https://apl.brno.cz/protokoly-zmb/zmb-z9-15/20240305-46-34675.html,f5c65d180b769ffd
Z9/15,https://apl.brno.cz/protokoly-zmb/zmb-z9-15/20240305-47-34705.html,f5c65d180b769ffd
Z9/15,https://apl.brno.cz/protokoly-zmb/zmb-z9-15/20240305-48-34736.html,f5c65d180b769ffd
Z9/15,https://apl.brno.cz/protokoly-zmb/zmb-z9-15/20240305-49-34767.html,f5c65d180b769ffd
Z9/15,https://apl.brno.cz/protokoly-zmb/zmb-z9-15/20240305-50-34800.html,f5c65d180b769ffd
Z9/15,https://apl.brno.cz/protokoly-zmb/zmb-z9-15/20240305-51-34833.html,f5c65d180b769ffd
Z9/15,https://apl.brno.cz/protokoly-zmb/zmb-z9-15/20240305-52-35085.html,f5c65d180b769ffd
Z9/15,https://apl.brno.cz/protokoly-zmb/zmb-z9-15/20240305-53-35119.html,f5c65d180b769ffd
Z9/15,https://apl.brno.cz/protokoly-zmb/zmb-z9-15/20240305-54-35149.html,f5c65d180b769ffd
Z9/15,https://apl.brno.cz/protokoly-zmb/zmb-z9-15/20240305-55-35180.html,f5c65d180b769ffd
Z9/15,https://apl.brno.cz/protokoly-zmb/zmb-z9-15/20240305-56-35211.html,f5c65d180b769ffd
Z9/15,https://apl.brno.cz/protokoly-zmb/zmb-z9-15/20240305-57-35279.html,f5c65d180b769ffd
Z9/15,https://apl.brno.cz/protokoly-zmb/zmb-z9-15/20240305-58-35308.html,f5c65d180b769ffd
Z9/15,https://apl.brno.cz/protokoly-zmb/zmb-z9-15/20240305-59-35337.html,f5c65d180b769ffd
Z9/15,https://apl.brno.cz/protokoly-zmb/zmb-z9-15/20240305-60-35367.html,f5c65d180b769ffd
Z9/15,https://apl.brno.cz/protokoly-zmb/zmb-z9-15/20240305-61-35396.html,f5c65d180b769ffd
Z9/15,https://apl.brno.cz/protokoly-zmb/zmb-z9-15/20240305-62-35425.html,f5c65d180b769ffd
Z9/15,https://apl.brno.cz/protokoly-zmb/zmb-z9-15/20240305-63-35455.html,f5c65d180b769ffd
Z9/15,https://apl.brno.cz/protokoly-zmb/zmb-z9-15/20240305-64-35483.html,f5c65d180b769ffd
Z9/15,https://apl.brno.cz/protokoly-zmb/zmb-z9-15/20240305-65-35513.html,f5c65d180b769ffd
Z9/15,https://apl.brno.cz/protokoly-zmb/zmb-z9-15/20240305-66-35540.html,f5c65d180b769ffd
Z9/15,https://apl.brno.cz/protokoly-zmb/zmb-z9-15/20240305-67-35851.html,f5c65d180b769ffd
Z9/15,https://apl.brno.cz/protokoly-zmb/zmb-z9-15/20240305-68-35883.html,f5c65d180b769ffd
Z9/15,https://apl.brno.cz/protokoly-zmb/zmb-z9-15/20240305-69-35924.html,f5c65d180b769ffd
Z9/15,https://apl.brno.cz/protokoly-zmb/zmb-z9-15/20240305-70-35959.html,f5c65d180b769ffd
Z9/15,https://apl.brno.cz/protokoly-zmb/zmb-z9-15/20240305-71-35991.html,f5c65d180b769ffd
Z9/15,https://apl.brno.cz/protokoly-zmb/zmb-z9-15/20240305-72-36955.html,f5c65d180b769ffd
Z9/15,https://apl.brno.cz/protokoly-zmb/zmb-z9-15/20240305-73-37046.html,f5c65d180b769ffd
Z9/15,https://apl.brno.cz/protokoly-zmb/zmb-z9-15/20240305-75-37119.html,f5c65d180b769ffd
Z9/15,https://apl.brno.cz/protokoly-zmb/zmb-z9-15/20240305-76-37147.html,f5c65d180b769ffd
Z9/15,https://apl.brno.cz/protokoly-zmb/zmb-z9-15/20240305-77-37175.html,f5c65d180b769ffd
Z9/15,https://apl.brno.cz/protokoly-zmb/zmb-z9-15/20240305-79-40510.html,f5c65d180b769ffd
Z9/15,https://apl.brno.cz/protokoly-zmb/zmb-z9-15/20240305-80-40583.html,f5c65d180b769ffd
Z9/15,https://apl.brno.cz/protokoly-zmb/zmb-z9-15/20240305-81-40614.html,f5c65d180b769ffd
Z9/15,https://apl.brno.cz/protokoly-zmb/zmb-z9-15/20240305-82-40648.html,f5c65d180b769ffd
Z9/15,https://apl.brno.cz/protokoly-zmb/zmb-z9-15/20240305-83-40705.html,f5c65d180b769ffd
Z9/15,https://apl.brno.cz/protokoly-zmb/zmb-z9-15/20240305-84-40734.html,f5c65d180b769ffd
Z9/15,https://apl.brno.cz/protokoly-zmb/zmb-z9-15/20240305-85-40762.html,f5c65d180b769ffd
Z9/15,https://apl.brno.cz/protokoly-zmb/zmb-z9-15/20240305-86-40801.html,f5c65d180b769ffd
Z9/15,https://apl.brno.cz/protokoly-zmb/zmb-z9-15/20240305-87-40853.html,f5c65d180b769ffd
Z9/15,https://apl.brno.cz/protokoly-zmb/zmb-z9-15/20240305-88-40889.html,f5c65d180b769ffd
Z9/15,https://apl.brno.cz/protokoly-zmb/zmb-z9-15/20240305-89-40926.html,f5c65d180b769ffd
Z9/15,https://apl.brno.cz/protokoly-zmb/zmb-z9-15/20240305-90-40954.html,f5c65d180b769ffd
Z9/15,https://apl.brno.cz/protokoly-zmb/zmb-z9-15/20240305-91-40982.html,f5c65d180b769ffd
Z9/15,https://apl.brno.cz/protokoly-zmb/zmb-z9-15/20240305-92-41012.html,f5c65d180b769ffd
Z9/15,https://apl.brno.cz/protokoly-zmb/zmb-z9-15/20240305-93-41042.html,f5c65d180b769ffd
Z9/15,https://apl.brno.cz/protokoly-zmb/zmb-z9-15/20240305-95-41104.html,f5c65d180b769ffd
Z9/15,https://apl.brno.cz/protokoly-zmb/zmb-z9-15/20240305-96-41134.html,f5c65d180b769ffd
Z9/15,https://apl.brno.cz/protokoly-zmb/zmb-z9-15/20240305-97-41216.html,f5c65d180b769ffd
Z9/15,https://apl.brno.cz/protokoly-zmb/zmb-z9-15/20240305-98-41249.html,f5c65d180b769ffd
Z9/15,https://apl.brno.cz/protokoly-zmb/zmb-z9-15/20240305-99-41280.html,f5c65d180b769ffd
Z9/15,https://apl.brno.cz/protokoly-zmb/zmb-z9-15/20240305-100-41311.html,f5c65d180b769ffd
Z9/15,https://apl.brno.cz/protokoly-zmb/zmb-z9-15/20240305-101-41397.html,f5c65d180b769ffd
Z9/15,https://apl.brno.cz/protokoly-zmb/zmb-z9-15/20240305-102-41438.html,f5c65d180b769ffd
Z9/13,https://apl.brno.cz/protokoly-zmb/zmb-z9-13/20231212-1-29500.html,1f55fba1fd91456a
Z9/13,https://apl.brno.cz/protokoly-zmb/zmb-z9-13/20231212-2-29766.html,1f55fba1fd91456a
Z9/13,https://apl.brno.cz/protokoly-zmb/zmb-z9-13/20231212-3-29790.html,1f55fba1fd91456a
Z9/13,https://apl.brno.cz/protokoly-zmb/zmb-z9-13/20231212-4-29901.html,1f55fba1fd91456a
Z9/13,https://apl.brno.cz/protokoly-zmb/zmb-z9-13/20231212-5-29943.html,1f55fba1fd91456a
Z9/13,https://apl.brno.cz/protokoly-zmb/zmb-z9-13/20231212-6-30063.html,1f55fba1fd91456a
Z9/13,https://apl.brno.cz/protokoly-zmb/zmb-z9-13/20231212-7-30164.html,1f55fba1fd91456a
Z9/13,https://apl.brno.cz/protokoly-zmb/zmb-z9-13/20231212-9-30474.html,1f55fba1fd91456a
Z9/13,https://apl.brno.cz/protokoly-zmb/zmb-z9-13/20231212-10-31658.html,1f55fba1fd91456a
Z9/13,https://apl.brno.cz/protokoly-zmb/zmb-z9-13/20231212-11-31690.html,1f55fba1fd91456a
Z9/13,https://apl.brno.cz/protokoly-zmb/zmb-z9-13/20231212-12-31725.html,1f55fba1fd91456a
Z9/13,https://apl.brno.cz/protokoly-zmb/zmb-z9-13/20231212-13-31754.html,1f55fba1fd91456a
Z9/13,https://apl.brno.cz/protokoly-zmb/zmb-z9-13/20231212-14-31950.html,1f55fba1fd91456a
Z9/13,https://apl.brno.cz/protokoly-zmb/zmb-z9-13/20231212-15-36026.html,1f55fba1fd91456a
Z9/13,https://apl.brno.cz/protokoly-zmb/zmb-z9-13/20231212-16-36101.html,1f55fba1fd91456a
Z9/13,https://apl.brno.cz/protokoly-zmb/zmb-z9-13/20231212-17-36147.html,1f55fba1fd91456a
Z9/13,https://apl.brno.cz/protokoly-zmb/zmb-z9-13/20231212-18-36195.html,1f55fba1fd91456a
Z9/13,https://apl.brno.cz/protokoly-zmb/zmb-z9-13/20231212-19-36233.html,1f55fba1fd91456a
Z9/13,https://apl.brno.cz/protokoly-zmb/zmb-z9-13/20231212-20-36322.html,1f55fba1fd91456a
Z9/13,https://apl.brno.cz/protokoly-zmb/zmb-z9-13/20231212-21-36354.html,1f55fba1fd91456a
Z9/13,https://apl.brno.cz/protokoly-zmb/zmb-z9-13/20231212-22-36387.html,1f55fba1fd91456a
Z9/13,https://apl.brno.cz/protokoly-zmb/zmb-z9-13/20231212-23-36423.html,1f55fba1fd91456a
Z9/13,https://apl.brno.cz/protokoly-zmb/zmb-z9-13/20231212-24-37723.html,1f55fba1fd91456a
Z9/13,https://apl.brno.cz/protokoly-zmb/zmb-z9-13/20231212-25-37801.html,1f55fba1fd91456a
Z9/13,https://apl.brno.cz/protokoly-zmb/zmb-z9-13/20231212-26-37854.html,1f55fba1fd91456a
Z9/13,https://apl.brno.cz/protokoly-zmb/zmb-z9-13/20231212-27-40320.html,1f55fba1fd91456a
Z9/13,https://apl.brno.cz/protokoly-zmb/zmb-z9-13/20231212-28-40356.html,1f55fba1fd91456a
Z9/13,https://apl.brno.cz/protokoly-zmb/zmb-z9-13/20231212-29-40388.html,1f55fba1fd91456a
Z9/13,https://apl.brno.cz/protokoly-zmb/zmb-z9-13/20231212-30-40419.html,1f55fba1fd91456a
Z9/13,https://apl.brno.cz/protokoly-zmb/zmb-z9-13/20231212-31-40454.html,1f55fba1fd91456a
Z9/13,https://apl.brno.cz/protokoly-zmb/zmb-z9-13/20231212-32-40489.html,1f55fba1fd91456a
Z9/13,https://apl.brno.cz/protokoly-zmb/zmb-z9-13/20231212-33-40528.html,1f55fba1fd91456a
Z9/13,https://apl.brno.cz/protokoly-zmb/zmb-z9-13/20231212-34-40638.html,1f55fba1fd91456a
Z9/13,https://apl.brno.cz/protokoly-zmb/zmb-z9-13/20231212-35-40673.html,1f55fba1fd91456a
Z9/13,https://apl.brno.cz/protokoly-zmb/zmb-z9-13/20231212-36-40706.html,1f55fba1fd91456a
Z9/13,https://apl.brno.cz/protokoly-zmb/zmb-z9-13/20231212-37-40748.html,1f55fba1fd91456a
Z9/13,https://apl.brno.cz/protokoly-zmb/zmb-z9-13/20231212-38-40784.html,1f55fba1fd91456a
Z9/13,https://apl.brno.cz/protokoly-zmb/zmb-z9-13/20231212-39-40842.html,1f55fba1fd91456a
Z9/13,https://apl.brno.cz/protokoly-zmb/zmb-z9-13/20231212-40-40867.html,1f55fba1fd91456a
Z9/13,https://apl.brno.cz/protokoly-zmb/zmb-z9-13/20231212-41-40899.html,1f55fba1fd91456a
Z9/13,https://apl.brno.cz/protokoly-zmb/zmb-z9-13/20231212-42-40936.html,1f55fba1fd91456a
Z9/13,https://apl.brno.cz/protokoly-zmb/zmb-z9-13/20231212-43-40969.html,1f55fba1fd91456a
Z9/13,https://apl.brno.cz/protokoly-zmb/zmb-z9-13/20231212-44-41008.html,1f55fba1fd91456a
Z9/13,https://apl.brno.cz/protokoly-zmb/zmb-z9-13/20231212-45-41040.html,1f55fba1fd91456a
Z9/13,https://apl.brno.cz/protokoly-zmb/zmb-z9-13/20231212-46-41072.html,1f55fba1fd91456a
Z9/13,https://apl.brno.cz/protokoly-zmb/zmb-z9-13/20231212-47-41105.html,1f55fba1fd91456a
Z9/13,https://apl.brno.cz/protokoly-zmb/zmb-z9-13/20231212-48-41136.html,1f55fba1fd91456a
Z9/13,https://apl.brno.cz/protokoly-zmb/zmb-z9-13/20231212-49-41168.html,1f55fba1fd91456a
Z9/13,https://apl.brno.cz/protokoly-zmb/zmb-z9-13/20231212-50-41205.html,1f55fba1fd91456a
Z9/13,https://apl.brno.cz/protokoly-zmb/zmb-z9-13/20231212-51-41238.html,1f55fba1fd91456a
Z9/13,https://apl.brno.cz/protokoly-zmb/zmb-z9-13/20231212-52-41270.html,1f55fba1fd91456a
Z9/13,https://apl.brno.cz/protokoly-zmb/zmb-z9-13/20231212-53-41303.html,1f55fba1fd91456a
Z9/13,https://apl.brno.cz/protokoly-zmb/zmb-z9-13/20231212-54-41338.html,1f55fba1fd91456a
Z9/13,https://apl.brno.cz/protokoly-zmb/zmb-z9-13/20231212-55-41377.html,1f55fba1fd91456a
Z9/13,https://apl.brno.cz/protokoly-zmb/zmb-z9-13/20231212-56-41411.html,1f55fba1fd91456a
Z9/13,https://apl.brno.cz/protokoly-zmb/zmb-z9-13/20231212-57-42173.html,1f55fba1fd91456a
Z9/13,https://apl.brno.cz/protokoly-zmb/zmb-z9-13/20231212-58-42203.html,1f55fba1fd91456a
Z9/13,https://apl.brno.cz/protokoly-zmb/zmb-z9-13/20231212-59-42233.html,1f55fba1fd91456a
Z9/13,https://apl.brno.cz/protokoly-zmb/zmb-z9-13/20231212-60-42263.html,1f55fba1fd91456a
Z9/13,https://apl.brno.cz/protokoly-zmb/zmb-z9-13/20231212-61-42325.html,1f55fba1fd91456a
Z9/13,https://apl.brno.cz/protokoly-zmb/zmb-z9-13/20231212-62-42358.html,1f55fba1fd91456a
Z9/13,https://apl.brno.cz/protokoly-zmb/zmb-z9-13/20231212-63-42423.html,1f55fba1fd91456a
Z9/13,https://apl.brno.cz/protokoly-zmb/zmb-z9-13/20231212-64-42498.html,1f55fba1fd91456a
Z9/13,https://apl.brno.cz/protokoly-zmb/zmb-z9-13/20231212-65-42539.html,1f55fba1fd91456a
Z9/13,https://apl.brno.cz/protokoly-zmb/zmb-z9-13/20231212-66-42573.html,1f55fba1fd91456a
Z9/13,https://apl.brno.cz/protokoly-zmb/zmb-z9-13/20231212-67-42606.html,1f55fba1fd91456a
Z9/13,https://apl.brno.cz/protokoly-zmb/zmb-z9-13/20231212-68-42637.html,1f55fba1fd91456a
Z9/13,https://apl.brno.cz/protokoly-zmb/zmb-z9-13/20231212-69-42687.html,1f55fba1fd91456a
Z9/13,https://apl.brno.cz/protokoly-zmb/zmb-z9-13/20231212-70-42717.html,1f55fba1fd91456a
Z9/13,https://apl.brno.cz/protokoly-zmb/zmb-z9-13/20231212-71-42752.html,1f55fba1fd91456a
Z9/13,https://apl.brno.cz/protokoly-zmb/zmb-z9-13/20231212-72-42783.html,1f55fba1fd91456a
Z9/13,https://apl.brno.cz/protokoly-zmb/zmb-z9-13/20231212-74-42878.html,1f55fba1fd91456a
Z9/13,https://apl.brno.cz/protokoly-zmb/zmb-z9-13/20231212-75-42914.html,1f55fba1fd91456a
Z9/13,https://apl.brno.cz/protokoly-zmb/zmb-z9-13/20231212-76-42952.html,1f55fba1fd91456a
Z9/13,https://apl.brno.cz/protokoly-zmb/zmb-z9-13/20231212-77-43020.html,1f55fba1fd91456a
Z9/13,https://apl.brno.cz/protokoly-zmb/zmb-z9-13/20231212-78-43191.html,1f55fba1fd91456a
Z9/13,https://apl.brno.cz/protokoly-zmb/zmb-z9-13/20231212-79-43241.html,1f55fba1fd91456a
Z9/13,https://apl.brno.cz/protokoly-zmb/zmb-z9-13/20231212-80-43300.html,1f55fba1fd91456a
Z9/13,https://apl.brno.cz/protokoly-zmb/zmb-z9-13/20231212-81-43331.html,1f55fba1fd91456a
Z9/13,https://apl.brno.cz/protokoly-zmb/zmb-z9-13/20231212-82-43362.html,1f55fba1fd91456a
Z9/13,https://apl.brno.cz/protokoly-zmb/zmb-z9-13/20231212-83-43402.html,1f55fba1fd91456a
Z9/13,https://apl.brno.cz/protokoly-zmb/zmb-z9-13/20231212-84-43443.html,1f55fba1fd91456a
Z9/13,https://apl.brno.cz/protokoly-zmb/zmb-z9-13/20231212-85-43488.html,1f55fba1fd91456a
Z9/13,https://apl.brno.cz/protokoly-zmb/zmb-z9-13/20231212-86-43532.html,1f55fba1fd91456a
Z9/13,https://apl.brno.cz/protokoly-zmb/zmb-z9-13/20231212-87-43563.html,1f55fba1fd91456a
Z9/13,https://apl.brno.cz/protokoly-zmb/zmb-z9-13/20231212-88-44109.html,1f55fba1fd91456a
Z9/13,https://apl.brno.cz/protokoly-zmb/zmb-z9-13/20231212-89-44144.html,1f55fba1fd91456a
Z9/13,https://apl.brno.cz/protokoly-zmb/zmb-z9-13/20231212-90-44180.html,1f55fba1fd91456a
Z9/13,https://apl.brno.cz/protokoly-zmb/zmb-z9-13/20231212-91-44220.html,1f55fba1fd91456a
Z9/13,https://apl.brno.cz/protokoly-zmb/zmb-z9-13/20231212-92-44251.html,1f55fba1fd91456a
Z9/13,https://apl.brno.cz/protokoly-zmb/zmb-z9-13/20231212-93-44280.html,1f55fba1fd91456a
Z9/13,https://apl.brno.cz/protokoly-zmb/zmb-z9-13/20231212-94-44313.html,1f55fba1fd91456a
Z9/13,https://apl.brno.cz/protokoly-zmb/zmb-z9-13/20231212-95-44345.html,1f55fba1fd91456a
Z9/13,https://apl.brno.cz/protokoly-zmb/zmb-z9-13/20231212-96-44377.html,1f55fba1fd91456a
Z9/13,https://apl.brno.cz/protokoly-zmb/zmb-z9-13/20231212-97-44407.html,1f55fba1fd91456a
Z9/13,https://apl.brno.cz/protokoly-zmb/zmb-z9-13/20231212-98-44443.html,1f55fba1fd91456a
Z9/17,https://apl.brno.cz/protokoly-zmb/zmb-z9-17/20240514-1-29363.html,7ebec469c9c23f69
Z9/17,https://apl.brno.cz/protokoly-zmb/zmb-z9-17/20240514-2-29563.html,7ebec469c9c23f69
Z9/17,https://apl.brno.cz/protokoly-zmb/zmb-z9-17/20240514-3-29585.html,7ebec469c9c23f69
Z9/17,https://apl.brno.cz/protokoly-zmb/zmb-z9-17/20240514-4-29830.html,7ebec469c9c23f69
Z9/17,https://apl.brno.cz/protokoly-zmb/zmb-z9-17/20240514-5-29861.html,7ebec469c9c23f69
Z9/17,https://apl.brno.cz/protokoly-zmb/zmb-z9-17/20240514-6-29890.html,7ebec469c9c23f69
Z9/17,https://apl.brno.cz/protokoly-zmb/zmb-z9-17/20240514-7-29920.html,7ebec469c9c23f69
Z9/17,https://apl.brno.cz/protokoly-zmb/zmb-z9-17/20240514-8-30429.html,7ebec469c9c23f69
Z9/17,https://apl.brno.cz/protokoly-zmb/zmb-z9-17/20240514-10-30534.html,7ebec469c9c23f69
Z9/17,https://apl.brno.cz/protokoly-zmb/zmb-z9-17/20240514-11-30563.html,7ebec469c9c23f69
Z9/17,https://apl.brno.cz/protokoly-zmb/zmb-z9-17/20240514-12-30592.html,7ebec469c9c23f69
Z9/17,https://apl.brno.cz/protokoly-zmb/zmb-z9-17/20240514-13-30621.html,7ebec469c9c23f69
Z9/17,https://apl.brno.cz/protokoly-zmb/zmb-z9-17/20240514-14-33553.html,7ebec469c9c23f69
Z9/17,https://apl.brno.cz/protokoly-zmb/zmb-z9-17/20240514-15-33589.html,7ebec469c9c23f69
Z9/17,https://apl.brno.cz/protokoly-zmb/zmb-z9-17/20240514-16-33620.html,7ebec469c9c23f69
Z9/17,https://apl.brno.cz/protokoly-zmb/zmb-z9-17/20240514-17-33648.html,7ebec469c9c23f69
Z9/17,https://apl.brno.cz/protokoly-zmb/zmb-z9-17/20240514-18-33682.html,7ebec469c9c23f69
Z9/17,https://apl.brno.cz/protokoly-zmb/zmb-z9-17/20240514-19-33713.html,7ebec469c9c23f69
Z9/17,https://apl.brno.cz/protokoly-zmb/zmb-z9-17/20240514-20-33743.html,7ebec469c9c23f69
Z9/17,https://apl.brno.cz/protokoly-zmb/zmb-z9-17/20240514-21-34049.html,7ebec469c9c23f69
Z9/17,https://apl.brno.cz/protokoly-zmb/zmb-z9-17/20240514-22-34080.html,7ebec469c9c23f69
Z9/17,https://apl.brno.cz/protokoly-zmb/zmb-z9-17/20240514-23-34113.html,7ebec469c9c23f69
Z9/17,https://apl.brno.cz/protokoly-zmb/zmb-z9-17/20240514-24-34150.html,7ebec469c9c23f69
Z9/17,https://apl.brno.cz/protokoly-zmb/zmb-z9-17/20240514-26-34355.html,7ebec469c9c23f69
Z9/17,https://apl.brno.cz/protokoly-zmb/zmb-z9-17/20240514-27-34383.html,7ebec469c9c23f69
Z9/17,https://apl.brno.cz/protokoly-zmb/zmb-z9-17/20240514-28-34421.html,7ebec469c9c23f69
Z9/17,https://apl.brno.cz/protokoly-zmb/zmb-z9-17/20240514-29-34449.html,7ebec469c9c23f69
Z9/17,https://apl.brno.cz/protokoly-zmb/zmb-z9-17/20240514-30-34479.html,7ebec469c9c23f69
Z9/17,https://apl.brno.cz/protokoly-zmb/zmb-z9-17/20240514-31-34521.html,7ebec469c9c23f69
Z9/17,https://apl.brno.cz/protokoly-zmb/zmb-z9-17/20240514-32-34550.html,7ebec469c9c23f69
Z9/17,https://apl.brno.cz/protokoly-zmb/zmb-z9-17/20240514-33-34584.html,7ebec469c9c23f69
Z9/17,https://apl.brno.cz/protokoly-zmb/zmb-z9-17/20240514-34-34612.html,7ebec469c9c23f69
Z9/17,https://apl.brno.cz/protokoly-zmb/zmb-z9-17/20240514-35-34657.html,7ebec469c9c23f69
Z9/17,https://apl.brno.cz/protokoly-zmb/zmb-z9-17/20240514-36-34685.html,7ebec469c9c23f69
Z9/17,https://apl.brno.cz/protokoly-zmb/zmb-z9-17/20240514-37-34721.html,7ebec469c9c23f69
Z9/17,https://apl.brno.cz/protokoly-zmb/zmb-z9-17/20240514-38-34753.html,7ebec469c9c23f69
Z9/17,https://apl.brno.cz/protokoly-zmb/zmb-z9-17/20240514-39-35112.html,7ebec469c9c23f69
Z9/17,https://apl.brno.cz/protokoly-zmb/zmb-z9-17/20240514-40-35142.html,7ebec469c9c23f69
Z9/17,https://apl.brno.cz/protokoly-zmb/zmb-z9-17/20240514-41-35176.html,7ebec469c9c23f69
Z9/17,https://apl.brno.cz/protokoly-zmb/zmb-z9-17/20240514-42-35207.html,7ebec469c9c23f69
Z9/17,https://apl.brno.cz/protokoly-zmb/zmb-z9-17/20240514-43-35314.html,7ebec469c9c23f69
Z9/17,https://apl.brno.cz/protokoly-zmb/zmb-z9-17/20240514-44-35340.html,7ebec469c9c23f69
Z9/17,https://apl.brno.cz/protokoly-zmb/zmb-z9-17/20240514-45-35575.html,7ebec469c9c23f69
Z9/17,https://apl.brno.cz/protokoly-zmb/zmb-z9-17/20240514-46-35603.html,7ebec469c9c23f69
Z9/17,https://apl.brno.cz/protokoly-zmb/zmb-z9-17/20240514-47-35630.html,7ebec469c9c23f69
Z9/17,https://apl.brno.cz/protokoly-zmb/zmb-z9-17/20240514-49-35734.html,7ebec469c9c23f69
Z9/17,https://apl.brno.cz/protokoly-zmb/zmb-z9-17/20240514-50-35771.html,7ebec469c9c23f69
Z9/17,https://apl.brno.cz/protokoly-zmb/zmb-z9-17/20240514-51-35800.html,7ebec469c9c23f69
Z9/17,https://apl.brno.cz/protokoly-zmb/zmb-z9-17/20240514-52-35826.html,7ebec469c9c23f69
Z9/17,https://apl.brno.cz/protokoly-zmb/zmb-z9-17/20240514-53-35853.html,7ebec469c9c23f69
Z9/17,https://apl.brno.cz/protokoly-zmb/zmb-z9-17/20240514-54-35881.html,7ebec469c9c23f69
Z9/17,https://apl.brno.cz/protokoly-zmb/zmb-z9-17/20240514-55-35907.html,7ebec469c9c23f69
Z9/17,https://apl.brno.cz/protokoly-zmb/zmb-z9-17/20240514-56-36010.html,7ebec469c9c23f69
Z9/17,https://apl.brno.cz/protokoly-zmb/zmb-z9-17/20240514-57-36039.html,7ebec469c9c23f69
Z9/17,https://apl.brno.cz/protokoly-zmb/zmb-z9-17/20240514-58-36068.html,7ebec469c9c23f69
Z9/17,https://apl.brno.cz/protokoly-zmb/zmb-z9-17/20240514-59-36105.html,7ebec469c9c23f69
Z9/17,https://apl.brno.cz/protokoly-zmb/zmb-z9-17/20240514-60-36323.html,7ebec469c9c23f69
Z9/17,https://apl.brno.cz/protokoly-zmb/zmb-z9-17/20240514-61-36408.html,7ebec469c9c23f69
Z9/17,https://apl.brno.cz/protokoly-zmb/zmb-z9-17/20240514-62-36439.html,7ebec469c9c23f69
Z9/17,https://apl.brno.cz/protokoly-zmb/zmb-z9-17/20240514-63-36536.html,7ebec469c9c23f69
Z9/17,https://apl.brno.cz/protokoly-zmb/zmb-z9-17/20240514-64-36562.html,7ebec469c9c23f69
Z9/17,https://apl.brno.cz/protokoly-zmb/zmb-z9-17/20240514-65-36592.html,7ebec469c9c23f69
Z9/17,https://apl.brno.cz/protokoly-zmb/zmb-z9-17/20240514-66-36619.html,7ebec469c9c23f69
Z9/17,https://apl.brno.cz/protokoly-zmb/zmb-z9-17/20240514-67-36681.html,7ebec469c9c23f69
Z9/17,https://apl.brno.cz/protokoly-zmb/zmb-z9-17/20240514-68-36711.html,7ebec469c9c23f69
Z9/17,https://apl.brno.cz/protokoly-zmb/zmb-z9-17/20240514-69-36742.html,7ebec469c9c23f69
Z9/17,https://apl.brno.cz/protokoly-zmb/zmb-z9-17/20240514-70-37073.html,7ebec469c9c23f69
Z9/17,https://apl.brno.cz/protokoly-zmb/zmb-z9-17/20240514-71-37105.html,7ebec469c9c23f69
Z9/17,https://apl.brno.cz/protokoly-zmb/zmb-z9-17/20240514-72-37133.html,7ebec469c9c23f69
Z9/17,https://apl.brno.cz/protokoly-zmb/zmb-z9-17/20240514-73-37172.html,7ebec469c9c23f69
Z9/17,https://apl.brno.cz/protokoly-zmb/zmb-z9-17/20240514-74-37216.html,7ebec469c9c23f69
Z9/17,https://apl.brno.cz/protokoly-zmb/zmb-z9-17/20240514-75-37243.html,7ebec469c9c23f69
Z9/17,https://apl.brno.cz/protokoly-zmb/zmb-z9-17/20240514-76-37270.html,7ebec469c9c23f69
Z9/17,https://apl.brno.cz/protokoly-zmb/zmb-z9-17/20240514-77-37299.html,7ebec469c9c23f69
Z9/17,https://apl.brno.cz/protokoly-zmb/zmb-z9-17/20240514-78-37325.html,7ebec469c9c23f69
Z9/17,https://apl.brno.cz/protokoly-zmb/zmb-z9-17/20240514-79-37352.html,7ebec469c9c23f69
Z9/17,https://apl.brno.cz/protokoly-zmb/zmb-z9-17/20240514-80-37379.html,7ebec469c9c23f69
Z9/17,https://apl.brno.cz/protokoly-zmb/zmb-z9-17/20240514-81-37407.html,7ebec469c9c23f69
Z9/17,https://apl.brno.cz/protokoly-zmb/zmb-z9-17/20240514-82-37438.html,7ebec469c9c23f69
Z9/17,https://apl.brno.cz/protokoly-zmb/zmb-z9-17/20240514-83-37483.html,7ebec469c9c23f69
Z9/17,https://apl.brno.cz/protokoly-zmb/zmb-z9-17/20240514-84-37512.html,7ebec469c9c23f69
Z9/17,https://apl.brno.cz/protokoly-zmb/zmb-z9-17/20240514-85-37539.html,7ebec469c9c23f69
Z9/17,https://apl.brno.cz/protokoly-zmb/zmb-z9-17/20240514-86-38062.html,7ebec469c9c23f69
Z9/17,https://apl.brno.cz/protokoly-zmb/zmb-z9-17/20240514-87-38087.html,7ebec469c9c23f69
Z9/17,https://apl.brno.cz/protokoly-zmb/zmb-z9-17/20240514-88-38167.html,7ebec469c9c23f69
Z9/20,https://apl.brno.cz/protokoly-zmb/zmb-z9-20/20241015-1-29608.html,21185e2ff631d16f
Z9/20,https://apl.brno.cz/protokoly-zmb/zmb-z9-20/20241015-2-30163.html,21185e2ff631d16f
Z9/20,https://apl.brno.cz/protokoly-zmb/zmb-z9-20/20241015-3-30186.html,21185e2ff631d16f
Z9/20,https://apl.brno.cz/protokoly-zmb/zmb-z9-20/20241015-4-30237.html,21185e2ff631d16f
Z9/20,https://apl.brno.cz/protokoly-zmb/zmb-z9-20/20241015-5-30261.html,21185e2ff631d16f
Z9/20,https://apl.brno.cz/protokoly-zmb/zmb-z9-20/20241015-6-32986.html,21185e2ff631d16f
Z9/20,https://apl.brno.cz/protokoly-zmb/zmb-z9-20/20241015-7-33036.html,21185e2ff631d16f
Z9/20,https://apl.brno.cz/protokoly-zmb/zmb-z9-20/20241015-8-33077.html,21185e2ff631d16f
Z9/20,https://apl.brno.cz/protokoly-zmb/zmb-z9-20/20241015-9-33836.html,21185e2ff631d16f
Z9/20,https://apl.brno.cz/protokoly-zmb/zmb-z9-20/20241015-10-33883.html,21185e2ff631d16f
Z9/20,https://apl.brno.cz/protokoly-zmb/zmb-z9-20/20241015-11-33911.html,21185e2ff631d16f
Z9/20,https://apl.brno.cz/protokoly-zmb/zmb-z9-20/20241015-12-33942.html,21185e2ff631d16f
Z9/20,https://apl.brno.cz/protokoly-zmb/zmb-z9-20/20241015-13-33973.html,21185e2ff631d16f
Z9/20,https://apl.brno.cz/protokoly-zmb/zmb-z9-20/20241015-14-34411.html,21185e2ff631d16f
Z9/20,https://apl.brno.cz/protokoly-zmb/zmb-z9-20/20241015-15-34631.html,21185e2ff631d16f
Z9/20,https://apl.brno.cz/protokoly-zmb/zmb-z9-20/20241015-16-34835.html,21185e2ff631d16f
Z9/20,https://apl.brno.cz/protokoly-zmb/zmb-z9-20/20241015-17-35030.html,21185e2ff631d16f
Z9/20,https://apl.brno.cz/protokoly-zmb/zmb-z9-20/20241015-18-35059.html,21185e2ff631d16f
Z9/20,https://apl.brno.cz/protokoly-zmb/zmb-z9-20/20241015-19-35089.html,21185e2ff631d16f
Z9/20,https://apl.brno.cz/protokoly-zmb/zmb-z9-20/20241015-20-35122.html,21185e2ff631d16f
Z9/20,https://apl.brno.cz/protokoly-zmb/zmb-z9-20/20241015-21-35153.html,21185e2ff631d16f
Z9/20,https://apl.brno.cz/protokoly-zmb/zmb-z9-20/20241015-22-35184.html,21185e2ff631d16f
Z9/20,https://apl.brno.cz/protokoly-zmb/zmb-z9-20/20241015-23-35506.html,21185e2ff631d16f
Z9/20,https://apl.brno.cz/protokoly-zmb/zmb-z9-20/20241015-24-35527.html,21185e2ff631d16f
Z9/20,https://apl.brno.cz/protokoly-zmb/zmb-z9-20/20241015-25-35560.html,21185e2ff631d16f
Z9/20,https://apl.brno.cz/protokoly-zmb/zmb-z9-20/20241015-26-35586.html,21185e2ff631d16f
Z9/20,https://apl.brno.cz/protokoly-zmb/zmb-z9-20/20241015-27-35617.html,21185e2ff631d16f
Z9/20,https://apl.brno.cz/protokoly-zmb/zmb-z9-20/20241015-28-35650.html,21185e2ff631d16f
Z9/20,https://apl.brno.cz/protokoly-zmb/zmb-z9-20/20241015-29-35956.html,21185e2ff631d16f
Z9/20,https://apl.brno.cz/protokoly-zmb/zmb-z9-20/20241015-30-35984.html,21185e2ff631d16f
Z9/20,https://apl.brno.cz/protokoly-zmb/zmb-z9-20/20241015-31-36012.html,21185e2ff631d16f
Z9/20,https://apl.brno.cz/protokoly-zmb/zmb-z9-20/20241015-32-36042.html,21185e2ff631d16f
Z9/20,https://apl.brno.cz/protokoly-zmb/zmb-z9-20/20241015-33-36076.html,21185e2ff631d16f
Z9/20,https://apl.brno.cz/protokoly-zmb/zmb-z9-20/20241015-34-36105.html,21185e2ff631d16f
Z9/20,https://apl.brno.cz/protokoly-zmb/zmb-z9-20/20241015-35-36132.html,21185e2ff631d16f
Z9/20,https://apl.brno.cz/protokoly-zmb/zmb-z9-20/20241015-36-36161.html,21185e2ff631d16f
Z9/20,https://apl.brno.cz/protokoly-zmb/zmb-z9-20/20241015-37-36191.html,21185e2ff631d16f
Z9/20,https://apl.brno.cz/protokoly-zmb/zmb-z9-20/20241015-38-36225.html,21185e2ff631d16f
Z9/20,https://apl.brno.cz/protokoly-zmb/zmb-z9-20/20241015-39-36256.html,21185e2ff631d16f
Z9/20,https://apl.brno.cz/protokoly-zmb/zmb-z9-20/20241015-40-36562.html,21185e2ff631d16f
Z9/20,https://apl.brno.cz/protokoly-zmb/zmb-z9-20/20241015-41-36587.html,21185e2ff631d16f
Z9/20,https://apl.brno.cz/protokoly-zmb/zmb-z9-20/20241015-42-36619.html,21185e2ff631d16f
Z9/20,https://apl.brno.cz/protokoly-zmb/zmb-z9-20/20241015-43-36652.html,21185e2ff631d16f
Z9/20,https://apl.brno.cz/protokoly-zmb/zmb-z9-20/20241015-44-36683.html,21185e2ff631d16f
Z9/20,https://apl.brno.cz/protokoly-zmb/zmb-z9-20/20241015-45-36715.html,21185e2ff631d16f
Z9/20,https://apl.brno.cz/protokoly-zmb/zmb-z9-20/20241015-46-36745.html,21185e2ff631d16f
Z9/20,https://apl.brno.cz/protokoly-zmb/zmb-z9-20/20241015-47-36772.html,21185e2ff631d16f
Z9/20,https://apl.brno.cz/protokoly-zmb/zmb-z9-20/20241015-48-36801.html,21185e2ff631d16f
Z9/20,https://apl.brno.cz/protokoly-zmb/zmb-z9-20/20241015-49-36990.html,21185e2ff631d16f
Z9/20,https://apl.brno.cz/protokoly-zmb/zmb-z9-20/20241015-51-37814.html,21185e2ff631d16f
Z9/20,https://apl.brno.cz/protokoly-zmb/zmb-z9-20/20241015-52-37839.html,21185e2ff631d16f
Z9/20,https://apl.brno.cz/protokoly-zmb/zmb-z9-20/20241015-53-41060.html,21185e2ff631d16f
Z9/20,https://apl.brno.cz/protokoly-zmb/zmb-z9-20/20241015-55-42673.html,21185e2ff631d16f
Z9/20,https://apl.brno.cz/protokoly-zmb/zmb-z9-20/20241015-56-42712.html,21185e2ff631d16f
Z9/20,https://apl.brno.cz/protokoly-zmb/zmb-z9-20/20241015-57-42750.html,21185e2ff631d16f
Z9/20,https://apl.brno.cz/protokoly-zmb/zmb-z9-20/20241015-58-42794.html,21185e2ff631d16f
Z9/20,https://apl.brno.cz/protokoly-zmb/zmb-z9-20/20241015-59-42828.html,21185e2ff631d16f
Z9/20,https://apl.brno.cz/protokoly-zmb/zmb-z9-20/20241015-60-42861.html,21185e2ff631d16f
Z9/20,https://apl.brno.cz/protokoly-zmb/zmb-z9-20/20241015-61-42900.html,21185e2ff631d16f
Z9/20,https://apl.brno.cz/protokoly-zmb/zmb-z9-20/20241015-62-42936.html,21185e2ff631d16f
Z9/20,https://apl.brno.cz/protokoly-zmb/zmb-z9-20/20241015-63-42965.html,21185e2ff631d16f
Z9/20,https://apl.brno.cz/protokoly-zmb/zmb-z9-20/20241015-64-42998.html,21185e2ff631d16f
Z9/20,https://apl.brno.cz/protokoly-zmb/zmb-z9-20/20241015-65-43032.html,21185e2ff631d16f
Z9/20,https://apl.brno.cz/protokoly-zmb/zmb-z9-20/20241015-66-43064.html,21185e2ff631d16f
Z9/20,https://apl.brno.cz/protokoly-zmb/zmb-z9-20/20241015-67-43097.html,21185e2ff631d16f
Z9/20,https://apl.brno.cz/protokoly-zmb/zmb-z9-20/20241015-68-43125.html,21185e2ff631d16f
Z9/20,https://apl.brno.cz/protokoly-zmb/zmb-z9-20/20241015-69-43153.html,21185e2ff631d16f
Z9/20,https://apl.brno.cz/protokoly-zmb/zmb-z9-20/20241015-70-43184.html,21185e2ff631d16f
Z9/20,https://apl.brno.cz/protokoly-zmb/zmb-z9-20/20241015-71-43335.html,21185e2ff631d16f
Z9/20,https://apl.brno.cz/protokoly-zmb/zmb-z9-20/20241015-72-43363.html,21185e2ff631d16f
Z9/20,https://apl.brno.cz/protokoly-zmb/zmb-z9-20/20241015-74-43434.html,21185e2ff631d16f
Z9/20,https://apl.brno.cz/protokoly-zmb/zmb-z9-20/20241015-75-43464.html,21185e2ff631d16f
Z9/20,https://apl.brno.cz/protokoly-zmb/zmb-z9-20/20241015-76-43496.html,21185e2ff631d16f
Z9/20,https://apl.brno.cz/protokoly-zmb/zmb-z9-20/20241015-77-43616.html,21185e2ff631d16f
Z9/20,https://apl.brno.cz/protokoly-zmb/zmb-z9-20/20241015-78-43645.html,21185e2ff631d16f
Z9/20,https://apl.brno.cz/protokoly-zmb/zmb-z9-20/20241015-79-43682.html,21185e2ff631d16f
Z9/20,https://apl.brno.cz/protokoly-zmb/zmb-z9-20/20241015-80-43713.html,21185e2ff631d16f
Z9/20,https://apl.brno.cz/protokoly-zmb/zmb-z9-20/20241015-81-43745.html,21185e2ff631d16f
Z9/20,https://apl.brno.cz/protokoly-zmb/zmb-z9-20/20241015-82-43771.html,21185e2ff631d16f
Z9/20,https://apl.brno.cz/protokoly-zmb/zmb-z9-20/20241015-83-43798.html,21185e2ff631d16f
Z9/20,https://apl.brno.cz/protokoly-zmb/zmb-z9-20/20241015-84-43825.html,21185e2ff631d16f
Z9/20,https://apl.brno.cz/protokoly-zmb/zmb-z9-20/20241015-85-43855.html,21185e2ff631d16f
Z9/20,https://apl.brno.cz/protokoly-zmb/zmb-z9-20/20241015-86-43887.html,21185e2ff631d16f
Z9/20,https://apl.brno.cz/protokoly-zmb/zmb-z9-20/20241015-87-43916.html,21185e2ff631d16f
Z9/20,https://apl.brno.cz/protokoly-zmb/zmb-z9-20/20241015-88-43944.html,21185e2ff631d16f
Z9/20,https://apl.brno.cz/protokoly-zmb/zmb-z9-20/20241015-89-43972.html,21185e2ff631d16f
Z9/20,https://apl.brno.cz/protokoly-zmb/zmb-z9-20/20241015-90-44001.html,21185e2ff631d16f
Z9/20,https://apl.brno.cz/protokoly-zmb/zmb-z9-20/20241015-91-44032.html,21185e2ff631d16f
Z9/20,https://apl.brno.cz/protokoly-zmb/zmb-z9-20/20241015-92-44067.html,21185e2ff631d16f
Z9/20,https://apl.brno.cz/protokoly-zmb/zmb-z9-20/20241015-93-44100.html,21185e2ff631d16f
Z9/20,https://apl.brno.cz/protokoly-zmb/zmb-z9-20/20241015-94-44129.html,21185e2ff631d16f
Z9/20,https://apl.brno.cz/protokoly-zmb/zmb-z9-20/20241015-95-44281.html,21185e2ff631d16f
Z9/20,https://apl.brno.cz/protokoly-zmb/zmb-z9-20/20241015-96-44321.html,21185e2ff631d16f
Z9/20,https://apl.brno.cz/protokoly-zmb/zmb-z9-20/20241015-97-44353.html,21185e2ff631d16f
Z9/20,https://apl.brno.cz/protokoly-zmb/zmb-z9-20/20241015-98-44410.html,21185e2ff631d16f
Z9/20,https://apl.brno.cz/protokoly-zmb/zmb-z9-20/20241015-99-44446.html,21185e2ff631d16f
Z9/20,https://apl.brno.cz/protokoly-zmb/zmb-z9-20/20241015-100-44502.html,21185e2ff631d16f
Z9/20,https://apl.brno.cz/protokoly-zmb/zmb-z9-20/20241015-101-44530.html,21185e2ff631d16f
Z9/20,https://apl.brno.cz/protokoly-zmb/zmb-z9-20/20241015-102-44734.html,21185e2ff631d16f
Z9/20,https://apl.brno.cz/protokoly-zmb/zmb-z9-20/20241015-103-44763.html,21185e2ff631d16f
Z9/20,https://apl.brno.cz/protokoly-zmb/zmb-z9-20/20241015-104-44790.html,21185e2ff631d16f
Z9/20,https://apl.brno.cz/protokoly-zmb/zmb-z9-20/20241015-105-44822.html,21185e2ff631d16f
Z9/18,https://apl.brno.cz/protokoly-zmb/zmb-z9-18/20240618-1-29489.html,aeee21aca2ee1a98
Z9/18,https://apl.brno.cz/protokoly-zmb/zmb-z9-18/20240618-2-29798.html,aeee21aca2ee1a98
Z9/18,https://apl.brno.cz/protokoly-zmb/zmb-z9-18/20240618-3-29854.html,aeee21aca2ee1a98
Z9/18,https://apl.brno.cz/protokoly-zmb/zmb-z9-18/20240618-4-29891.html,aeee21aca2ee1a98
Z9/18,https://apl.brno.cz/protokoly-zmb/zmb-z9-18/20240618-5-30073.html,aeee21aca2ee1a98
Z9/18,https://apl.brno.cz/protokoly-zmb/zmb-z9-18/20240618-6-30125.html,aeee21aca2ee1a98
Z9/18,https://apl.brno.cz/protokoly-zmb/zmb-z9-18/20240618-7-30187.html,aeee21aca2ee1a98
Z9/18,https://apl.brno.cz/protokoly-zmb/zmb-z9-18/20240618-8-30508.html,aeee21aca2ee1a98
Z9/18,https://apl.brno.cz/protokoly-zmb/zmb-z9-18/20240618-9-30566.html,aeee21aca2ee1a98
Z9/18,https://apl.brno.cz/protokoly-zmb/zmb-z9-18/20240618-10-32470.html,aeee21aca2ee1a98
Z9/18,https://apl.brno.cz/protokoly-zmb/zmb-z9-18/20240618-11-35225.html,aeee21aca2ee1a98
Z9/18,https://apl.brno.cz/protokoly-zmb/zmb-z9-18/20240618-12-35267.html,aeee21aca2ee1a98
Z9/18,https://apl.brno.cz/protokoly-zmb/zmb-z9-18/20240618-13-35315.html,aeee21aca2ee1a98
Z9/18,https://apl.brno.cz/protokoly-zmb/zmb-z9-18/20240618-14-35348.html,aeee21aca2ee1a98
Z9/18,https://apl.brno.cz/protokoly-zmb/zmb-z9-18/20240618-15-35381.html,aeee21aca2ee1a98
Z9/18,https://apl.brno.cz/protokoly-zmb/zmb-z9-18/20240618-16-35418.html,aeee21aca2ee1a98
Z9/18,https://apl.brno.cz/protokoly-zmb/zmb-z9-18/20240618-17-35454.html,aeee21aca2ee1a98
Z9/18,https://apl.brno.cz/protokoly-zmb/zmb-z9-18/20240618-18-35492.html,aeee21aca2ee1a98
Z9/18,https://apl.brno.cz/protokoly-zmb/zmb-z9-18/20240618-19-35550.html,aeee21aca2ee1a98
Z9/18,https://apl.brno.cz/protokoly-zmb/zmb-z9-18/20240618-20-35582.html,aeee21aca2ee1a98
Z9/18,https://apl.brno.cz/protokoly-zmb/zmb-z9-18/20240618-21-35620.html,aeee21aca2ee1a98
Z9/18,https://apl.brno.cz/protokoly-zmb/zmb-z9-18/20240618-22-35663.html,aeee21aca2ee1a98
Z9/18,https://apl.brno.cz/protokoly-zmb/zmb-z9-18/20240618-23-35711.html,aeee21aca2ee1a98
Z9/18,https://apl.brno.cz/protokoly-zmb/zmb-z9-18/20240618-24-35755.html,aeee21aca2ee1a98
Z9/18,https://apl.brno.cz/protokoly-zmb/zmb-z9-18/20240618-25-35800.html,aeee21aca2ee1a98
Z9/18,https://apl.brno.cz/protokoly-zmb/zmb-z9-18/20240618-26-36797.html,aeee21aca2ee1a98
Z9/18,https://apl.brno.cz/protokoly-zmb/zmb-z9-18/20240618-27-36841.html,aeee21aca2ee1a98
Z9/18,https://apl.brno.cz/protokoly-zmb/zmb-z9-18/20240618-28-36881.html,aeee21aca2ee1a98
Z9/18,https://apl.brno.cz/protokoly-zmb/zmb-z9-18/20240618-29-36917.html,aeee21aca2ee1a98
Z9/18,https://apl.brno.cz/protokoly-zmb/zmb-z9-18/20240618-30-36950.html,aeee21aca2ee1a98
Z9/18,https://apl.brno.cz/protokoly-zmb/zmb-z9-18/20240618-31-36986.html,aeee21aca2ee1a98
Z9/18,https://apl.brno.cz/protokoly-zmb/zmb-z9-18/20240618-32-37025.html,aeee21aca2ee1a98
Z9/18,https://apl.brno.cz/protokoly-zmb/zmb-z9-18/20240618-33-37061.html,aeee21aca2ee1a98
Z9/18,https://apl.brno.cz/protokoly-zmb/zmb-z9-18/20240618-34-37226.html,aeee21aca2ee1a98
Z9/18,https://apl.brno.cz/protokoly-zmb/zmb-z9-18/20240618-35-37278.html,aeee21aca2ee1a98
Z9/18,https://apl.brno.cz/protokoly-zmb/zmb-z9-18/20240618-36-37312.html,aeee21aca2ee1a98
Z9/18,https://apl.brno.cz/protokoly-zmb/zmb-z9-18/20240618-37-37351.html,aeee21aca2ee1a98
Z9/18,https://apl.brno.cz/protokoly-zmb/zmb-z9-18/20240618-38-37436.html,aeee21aca2ee1a98
Z9/18,https://apl.brno.cz/protokoly-zmb/zmb-z9-18/20240618-39-37479.html,aeee21aca2ee1a98
Z9/18,https://apl.brno.cz/protokoly-zmb/zmb-z9-18/20240618-40-37527.html,aeee21aca2ee1a98
Z9/18,https://apl.brno.cz/protokoly-zmb/zmb-z9-18/20240618-41-37566.html,aeee21aca2ee1a98
Z9/18,https://apl.brno.cz/protokoly-zmb/zmb-z9-18/20240618-42-37600.html,aeee21aca2ee1a98
Z9/18,https://apl.brno.cz/protokoly-zmb/zmb-z9-18/20240618-44-40375.html,aeee21aca2ee1a98
Z9/18,https://apl.brno.cz/protokoly-zmb/zmb-z9-18/20240618-45-40473.html,aeee21aca2ee1a98
Z9/18,https://apl.brno.cz/protokoly-zmb/zmb-z9-18/20240618-46-40513.html,aeee21aca2ee1a98
Z9/18,https://apl.brno.cz/protokoly-zmb/zmb-z9-18/20240618-47-40549.html,aeee21aca2ee1a98
Z9/18,https://apl.brno.cz/protokoly-zmb/zmb-z9-18/20240618-48-40583.html,aeee21aca2ee1a98
Z9/18,https://apl.brno.cz/protokoly-zmb/zmb-z9-18/20240618-49-40615.html,aeee21aca2ee1a98
Z9/18,https://apl.brno.cz/protokoly-zmb/zmb-z9-18/20240618-50-40646.html,aeee21aca2ee1a98
Z9/18,https://apl.brno.cz/protokoly-zmb/zmb-z9-18/20240618-51-40679.html,aeee21aca2ee1a98
Z9/18,https://apl.brno.cz/protokoly-zmb/zmb-z9-18/20240618-52-40727.html,aeee21aca2ee1a98
Z9/18,https://apl.brno.cz/protokoly-zmb/zmb-z9-18/20240618-53-40755.html,aeee21aca2ee1a98
Z9/18,https://apl.brno.cz/protokoly-zmb/zmb-z9-18/20240618-54-40787.html,aeee21aca2ee1a98
Z9/18,https://apl.brno.cz/protokoly-zmb/zmb-z9-18/20240618-55-40838.html,aeee21aca2ee1a98
Z9/18,https://apl.brno.cz/protokoly-zmb/zmb-z9-18/20240618-56-40868.html,aeee21aca2ee1a98
Z9/18,https://apl.brno.cz/protokoly-zmb/zmb-z9-18/20240618-57-40915.html,aeee21aca2ee1a98
Z9/18,https://apl.brno.cz/protokoly-zmb/zmb-z9-18/20240618-58-40946.html,aeee21aca2ee1a98
Z9/18,https://apl.brno.cz/protokoly-zmb/zmb-z9-18/20240618-59-41188.html,aeee21aca2ee1a98
Z9/18,https://apl.brno.cz/protokoly-zmb/zmb-z9-18/20240618-60-41234.html,aeee21aca2ee1a98
Z9/18,https://apl.brno.cz/protokoly-zmb/zmb-z9-18/20240618-61-41262.html,aeee21aca2ee1a98
Z9/18,https://apl.brno.cz/protokoly-zmb/zmb-z9-18/20240618-62-41289.html,aeee21aca2ee1a98
Z9/18,https://apl.brno.cz/protokoly-zmb/zmb-z9-18/20240618-63-41318.html,aeee21aca2ee1a98
Z9/18,https://apl.brno.cz/protokoly-zmb/zmb-z9-18/20240618-64-41345.html,aeee21aca2ee1a98
Z9/18,https://apl.brno.cz/protokoly-zmb/zmb-z9-18/20240618-65-41754.html,aeee21aca2ee1a98
Z9/18,https://apl.brno.cz/protokoly-zmb/zmb-z9-18/20240618-66-41782.html,aeee21aca2ee1a98
Z9/18,https://apl.brno.cz/protokoly-zmb/zmb-z9-18/20240618-67-41810.html,aeee21aca2ee1a98
Z9/18,https://apl.brno.cz/protokoly-zmb/zmb-z9-18/20240618-68-41838.html,aeee21aca2ee1a98
Z9/18,https://apl.brno.cz/protokoly-zmb/zmb-z9-18/20240618-69-41866.html,aeee21aca2ee1a98
Z9/18,https://apl.brno.cz/protokoly-zmb/zmb-z9-18/20240618-70-41902.html,aeee21aca2ee1a98
Z9/18,https://apl.brno.cz/protokoly-zmb/zmb-z9-18/20240618-71-41933.html,aeee21aca2ee1a98
Z9/18,https://apl.brno.cz/protokoly-zmb/zmb-z9-18/20240618-72-41963.html,aeee21aca2ee1a98
Z9/18,https://apl.brno.cz/protokoly-zmb/zmb-z9-18/20240618-73-42114.html,aeee21aca2ee1a98
Z9/18,https://apl.brno.cz/protokoly-zmb/zmb-z9-18/20240618-74-42142.html,aeee21aca2ee1a98
Z9/18,https://apl.brno.cz/protokoly-zmb/zmb-z9-18/20240618-75-42171.html,aeee21aca2ee1a98
Z9/18,https://apl.brno.cz/protokoly-zmb/zmb-z9-18/20240618-76-42199.html,aeee21aca2ee1a98
Z9/18,https://apl.brno.cz/protokoly-zmb/zmb-z9-18/20240618-77-42229.html,aeee21aca2ee1a98
Z9/18,https://apl.brno.cz/protokoly-zmb/zmb-z9-18/20240618-78-42258.html,aeee21aca2ee1a98
Z9/18,https://apl.brno.cz/protokoly-zmb/zmb-z9-18/20240618-79-42292.html,aeee21aca2ee1a98
Z9/18,https://apl.brno.cz/protokoly-zmb/zmb-z9-18/20240618-80-43262.html,aeee21aca2ee1a98
Z9/18,https://apl.brno.cz/protokoly-zmb/zmb-z9-18/20240618-81-43294.html,aeee21aca2ee1a98
Z9/18,https://apl.brno.cz/protokoly-zmb/zmb-z9-18/20240618-82-43325.html,aeee21aca2ee1a98
Z9/18,https://apl.brno.cz/protokoly-zmb/zmb-z9-18/20240618-83-43361.html,aeee21aca2ee1a98
Z9/18,https://apl.brno.cz/protokoly-zmb/zmb-z9-18/20240618-84-43398.html,aeee21aca2ee1a98
Z9/18,https://apl.brno.cz/protokoly-zmb/zmb-z9-18/20240618-85-47033.html,aeee21aca2ee1a98
Z9/18,https://apl.brno.cz/protokoly-zmb/zmb-z9-18/20240618-86-47232.html,aeee21aca2ee1a98
Z9/18,https://apl.brno.cz/protokoly-zmb/zmb-z9-18/20240618-87-47311.html,aeee21aca2ee1a98
Z9/18,https://apl.brno.cz/protokoly-zmb/zmb-z9-18/20240618-88-47355.html,aeee21aca2ee1a98
Z9/18,https://apl.brno.cz/protokoly-zmb/zmb-z9-18/20240618-89-52790.html,aeee21aca2ee1a98
Z9/18,https://apl.brno.cz/protokoly-zmb/zmb-z9-18/20240618-90-52825.html,aeee21aca2ee1a98
Z9/18,https://apl.brno.cz/protokoly-zmb/zmb-z9-18/20240618-91-52888.html,aeee21aca2ee1a98
Z9/18,https://apl.brno.cz/protokoly-zmb/zmb-z9-18/20240618-92-52963.html,aeee21aca2ee1a98
Z9/18,https://apl.brno.cz/protokoly-zmb/zmb-z9-18/20240618-93-53032.html,aeee21aca2ee1a98
Z9/18,https://apl.brno.cz/protokoly-zmb/zmb-z9-18/20240618-94-53069.html,aeee21aca2ee1a98
Z9/18,https://apl.brno.cz/protokoly-zmb/zmb-z9-18/20240618-95-53109.html,aeee21aca2ee1a98
Z9/18,https://apl.brno.cz/protokoly-zmb/zmb-z9-18/20240618-96-53150.html,aeee21aca2ee1a98
Z9/18,https://apl.brno.cz/protokoly-zmb/zmb-z9-18/20240618-97-53207.html,aeee21aca2ee1a98
Z9/18,https://apl.brno.cz/protokoly-zmb/zmb-z9-18/20240618-98-53237.html,aeee21aca2ee1a98
Z9/18,https://apl.brno.cz/protokoly-zmb/zmb-z9-18/20240618-99-53267.html,aeee21aca2ee1a98
Z9/18,https://apl.brno.cz/protokoly-zmb/zmb-z9-18/20240618-100-53297.html,aeee21aca2ee1a98
Z9/18,https://apl.brno.cz/protokoly-zmb/zmb-z9-18/20240618-101-53327.html,aeee21aca2ee1a98
Z9/18,https://apl.brno.cz/protokoly-zmb/zmb-z9-18/20240618-102-53361.html,aeee21aca2ee1a98
Z9/18,https://apl.brno.cz/protokoly-zmb/zmb-z9-18/20240618-103-53390.html,aeee21aca2ee1a98
Z9/18,https://apl.brno.cz/protokoly-zmb/zmb-z9-18/20240618-104-53421.html,aeee21aca2ee1a98
Z9/18,https://apl.brno.cz/protokoly-zmb/zmb-z9-18/20240618-105-53639.html,aeee21aca2ee1a98
Z9/18,https://apl.brno.cz/protokoly-zmb/zmb-z9-18/20240618-106-53672.html,aeee21aca2ee1a98
Z9/18,https://apl.brno.cz/protokoly-zmb/zmb-z9-18/20240618-107-53702.html,aeee21aca2ee1a98
Z9/18,https://apl.brno.cz/protokoly-zmb/zmb-z9-18/20240618-108-53732.html,aeee21aca2ee1a98
Z9/18,https://apl.brno.cz/protokoly-zmb/zmb-z9-18/20240618-109-53760.html,aeee21aca2ee1a98
Z9/18,https://apl.brno.cz/protokoly-zmb/zmb-z9-18/20240618-110-53789.html,aeee21aca2ee1a98
Z9/18,https://apl.brno.cz/protokoly-zmb/zmb-z9-18/20240618-111-53818.html,aeee21aca2ee1a98
Z9/18,https://apl.brno.cz/protokoly-zmb/zmb-z9-18/20240618-112-53845.html,aeee21aca2ee1a98
Z9/18,https://apl.brno.cz/protokoly-zmb/zmb-z9-18/20240618-113-53874.html,aeee21aca2ee1a98
Z9/18,https://apl.brno.cz/protokoly-zmb/zmb-z9-18/20240618-114-53908.html,aeee21aca2ee1a98
Z9/18,https://apl.brno.cz/protokoly-zmb/zmb-z9-18/20240618-115-53949.html,aeee21aca2ee1a98
Z9/19,https://apl.brno.cz/protokoly-zmb/zmb-z9-19/20240910-1-29539.html,7a2e7987609bcbd0
Z9/19,https://apl.brno.cz/protokoly-zmb/zmb-z9-19/20240910-2-29714.html,7a2e7987609bcbd0
Z9/19,https://apl.brno.cz/protokoly-zmb/zmb-z9-19/20240910-3-29736.html,7a2e7987609bcbd0
Z9/19,https://apl.brno.cz/protokoly-zmb/zmb-z9-19/20240910-4-29756.html,7a2e7987609bcbd0
Z9/19,https://apl.brno.cz/protokoly-zmb/zmb-z9-19/20240910-5-31359.html,7a2e7987609bcbd0
Z9/19,https://apl.brno.cz/protokoly-zmb/zmb-z9-19/20240910-6-31417.html,7a2e7987609bcbd0
Z9/19,https://apl.brno.cz/protokoly-zmb/zmb-z9-19/20240910-7-31638.html,7a2e7987609bcbd0
Z9/19,https://apl.brno.cz/protokoly-zmb/zmb-z9-19/20240910-8-31672.html,7a2e7987609bcbd0
Z9/19,https://apl.brno.cz/protokoly-zmb/zmb-z9-19/20240910-9-31702.html,7a2e7987609bcbd0
Z9/19,https://apl.brno.cz/protokoly-zmb/zmb-z9-19/20240910-10-31734.html,7a2e7987609bcbd0
Z9/19,https://apl.brno.cz/protokoly-zmb/zmb-z9-19/20240910-11-32141.html,7a2e7987609bcbd0
Z9/19,https://apl.brno.cz/protokoly-zmb/zmb-z9-19/20240910-14-33889.html,7a2e7987609bcbd0
Z9/19,https://apl.brno.cz/protokoly-zmb/zmb-z9-19/20240910-15-33922.html,7a2e7987609bcbd0
Z9/19,https://apl.brno.cz/protokoly-zmb/zmb-z9-19/20240910-16-34771.html,7a2e7987609bcbd0
Z9/19,https://apl.brno.cz/protokoly-zmb/zmb-z9-19/20240910-17-34810.html,7a2e7987609bcbd0
Z9/19,https://apl.brno.cz/protokoly-zmb/zmb-z9-19/20240910-18-34844.html,7a2e7987609bcbd0
Z9/19,https://apl.brno.cz/protokoly-zmb/zmb-z9-19/20240910-19-34875.html,7a2e7987609bcbd0
Z9/19,https://apl.brno.cz/protokoly-zmb/zmb-z9-19/20240910-20-34905.html,7a2e7987609bcbd0
Z9/19,https://apl.brno.cz/protokoly-zmb/zmb-z9-19/20240910-21-34939.html,7a2e7987609bcbd0
Z9/19,https://apl.brno.cz/protokoly-zmb/zmb-z9-19/20240910-22-34975.html,7a2e7987609bcbd0
Z9/19,https://apl.brno.cz/protokoly-zmb/zmb-z9-19/20240910-23-35008.html,7a2e7987609bcbd0
Z9/19,https://apl.brno.cz/protokoly-zmb/zmb-z9-19/20240910-24-35066.html,7a2e7987609bcbd0
Z9/19,https://apl.brno.cz/protokoly-zmb/zmb-z9-19/20240910-25-35103.html,7a2e7987609bcbd0
Z9/19,https://apl.brno.cz/protokoly-zmb/zmb-z9-19/20240910-26-35133.html,7a2e7987609bcbd0
Z9/19,https://apl.brno.cz/protokoly-zmb/zmb-z9-19/20240910-27-35165.html,7a2e7987609bcbd0
Z9/19,https://apl.brno.cz/protokoly-zmb/zmb-z9-19/20240910-28-35202.html,7a2e7987609bcbd0
Z9/19,https://apl.brno.cz/protokoly-zmb/zmb-z9-19/20240910-29-35236.html,7a2e7987609bcbd0
Z9/19,https://apl.brno.cz/protokoly-zmb/zmb-z9-19/20240910-30-35272.html,7a2e7987609bcbd0
Z9/19,https://apl.brno.cz/protokoly-zmb/zmb-z9-19/20240910-31-35305.html,7a2e7987609bcbd0
Z9/19,https://apl.brno.cz/protokoly-zmb/zmb-z9-19/20240910-32-35337.html,7a2e7987609bcbd0
Z9/19,https://apl.brno.cz/protokoly-zmb/zmb-z9-19/20240910-33-35369.html,7a2e7987609bcbd0
Z9/19,https://apl.brno.cz/protokoly-zmb/zmb-z9-19/20240910-34-35399.html,7a2e7987609bcbd0
Z9/19,https://apl.brno.cz/protokoly-zmb/zmb-z9-19/20240910-35-35433.html,7a2e7987609bcbd0
Z9/19,https://apl.brno.cz/protokoly-zmb/zmb-z9-19/20240910-36-35463.html,7a2e7987609bcbd0
Z9/19,https://apl.brno.cz/protokoly-zmb/zmb-z9-19/20240910-37-35494.html,7a2e7987609bcbd0
Z9/19,https://apl.brno.cz/protokoly-zmb/zmb-z9-19/20240910-38-35527.html,7a2e7987609bcbd0
Z9/19,https://apl.brno.cz/protokoly-zmb/zmb-z9-19/20240910-39-35557.html,7a2e7987609bcbd0
Z9/19,https://apl.brno.cz/protokoly-zmb/zmb-z9-19/20240910-40-35589.html,7a2e7987609bcbd0
Z9/19,https://apl.brno.cz/protokoly-zmb/zmb-z9-19/20240910-41-35619.html,7a2e7987609bcbd0
Z9/19,https://apl.brno.cz/protokoly-zmb/zmb-z9-19/20240910-42-35653.html,7a2e7987609bcbd0
Z9/19,https://apl.brno.cz/protokoly-zmb/zmb-z9-19/20240910-43-35745.html,7a2e7987609bcbd0
Z9/19,https://apl.brno.cz/protokoly-zmb/zmb-z9-19/20240910-44-35781.html,7a2e7987609bcbd0
Z9/19,https://apl.brno.cz/protokoly-zmb/zmb-z9-19/20240910-45-35815.html,7a2e7987609bcbd0
Z9/19,https://apl.brno.cz/protokoly-zmb/zmb-z9-19/20240910-46-35848.html,7a2e7987609bcbd0
Z9/19,https://apl.brno.cz/protokoly-zmb/zmb-z9-19/20240910-47-35879.html,7a2e7987609bcbd0
Z9/19,https://apl.brno.cz/protokoly-zmb/zmb-z9-19/20240910-48-35908.html,7a2e7987609bcbd0
Z9/19,https://apl.brno.cz/protokoly-zmb/zmb-z9-19/20240910-49-35937.html,7a2e7987609bcbd0
Z9/19,https://apl.brno.cz/protokoly-zmb/zmb-z9-19/20240910-50-35971.html,7a2e7987609bcbd0
Z9/19,https://apl.brno.cz/protokoly-zmb/zmb-z9-19/20240910-51-36018.html,7a2e7987609bcbd0
Z9/19,https://apl.brno.cz/protokoly-zmb/zmb-z9-19/20240910-52-36054.html,7a2e7987609bcbd0
Z9/19,https://apl.brno.cz/protokoly-zmb/zmb-z9-19/20240910-53-36096.html,7a2e7987609bcbd0
Z9/19,https://apl.brno.cz/protokoly-zmb/zmb-z9-19/20240910-54-36128.html,7a2e7987609bcbd0
Z9/19,https://apl.brno.cz/protokoly-zmb/zmb-z9-19/20240910-55-36161.html,7a2e7987609bcbd0
Z9/19,https://apl.brno.cz/protokoly-zmb/zmb-z9-19/20240910-56-36200.html,7a2e7987609bcbd0
Z9/19,https://apl.brno.cz/protokoly-zmb/zmb-z9-19/20240910-57-36232.html,7a2e7987609bcbd0
Z9/19,https://apl.brno.cz/protokoly-zmb/zmb-z9-19/20240910-58-36264.html,7a2e7987609bcbd0
Z9/19,https://apl.brno.cz/protokoly-zmb/zmb-z9-19/20240910-59-36302.html,7a2e7987609bcbd0
Z9/19,https://apl.brno.cz/protokoly-zmb/zmb-z9-19/20240910-60-36332.html,7a2e7987609bcbd0
Z9/19,https://apl.brno.cz/protokoly-zmb/zmb-z9-19/20240910-61-36403.html,7a2e7987609bcbd0
Z9/19,https://apl.brno.cz/protokoly-zmb/zmb-z9-19/20240910-62-36438.html,7a2e7987609bcbd0
Z9/19,https://apl.brno.cz/protokoly-zmb/zmb-z9-19/20240910-63-36539.html,7a2e7987609bcbd0
Z9/19,https://apl.brno.cz/protokoly-zmb/zmb-z9-19/20240910-64-36570.html,7a2e7987609bcbd0
Z9/19,https://apl.brno.cz/protokoly-zmb/zmb-z9-19/20240910-65-36597.html,7a2e7987609bcbd0
Z9/19,https://apl.brno.cz/protokoly-zmb/zmb-z9-19/20240910-66-36626.html,7a2e7987609bcbd0
Z9/19,https://apl.brno.cz/protokoly-zmb/zmb-z9-19/20240910-67-36655.html,7a2e7987609bcbd0
Z9/19,https://apl.brno.cz/protokoly-zmb/zmb-z9-19/20240910-68-36683.html,7a2e7987609bcbd0
Z9/19,https://apl.brno.cz/protokoly-zmb/zmb-z9-19/20240910-69-36855.html,7a2e7987609bcbd0
Z9/19,https://apl.brno.cz/protokoly-zmb/zmb-z9-19/20240910-70-36886.html,7a2e7987609bcbd0
Z9/19,https://apl.brno.cz/protokoly-zmb/zmb-z9-19/20240910-71-36914.html,7a2e7987609bcbd0
Z9/19,https://apl.brno.cz/protokoly-zmb/zmb-z9-19/20240910-72-36944.html,7a2e7987609bcbd0
Z9/19,https://apl.brno.cz/protokoly-zmb/zmb-z9-19/20240910-73-36978.html,7a2e7987609bcbd0
Z9/19,https://apl.brno.cz/protokoly-zmb/zmb-z9-19/20240910-74-37010.html,7a2e7987609bcbd0
Z9/19,https://apl.brno.cz/protokoly-zmb/zmb-z9-19/20240910-75-37051.html,7a2e7987609bcbd0
Z9/19,https://apl.brno.cz/protokoly-zmb/zmb-z9-19/20240910-76-37089.html,7a2e7987609bcbd0
Z9/19,https://apl.brno.cz/protokoly-zmb/zmb-z9-19/20240910-77-37129.html,7a2e7987609bcbd0
Z9/19,https://apl.brno.cz/protokoly-zmb/zmb-z9-19/20240910-78-37185.html,7a2e7987609bcbd0
Z9/19,https://apl.brno.cz/protokoly-zmb/zmb-z9-19/20240910-80-37279.html,7a2e7987609bcbd0
Z9/19,https://apl.brno.cz/protokoly-zmb/zmb-z9-19/20240910-81-37312.html,7a2e7987609bcbd0
Z9/19,https://apl.brno.cz/protokoly-zmb/zmb-z9-19/20240910-82-37345.html,7a2e7987609bcbd0
Z9/19,https://apl.brno.cz/protokoly-zmb/zmb-z9-19/20240910-83-37371.html,7a2e7987609bcbd0
Z9/19,https://apl.brno.cz/protokoly-zmb/zmb-z9-19/20240910-84-37399.html,7a2e7987609bcbd0
Z9/19,https://apl.brno.cz/protokoly-zmb/zmb-z9-19/20240910-85-37427.html,7a2e7987609bcbd0
Z9/19,https://apl.brno.cz/protokoly-zmb/zmb-z9-19/20240910-86-37455.html,7a2e7987609bcbd0
Z9/19,https://apl.brno.cz/protokoly-zmb/zmb-z9-19/20240910-87-37489.html,7a2e7987609bcbd0
Z9/19,https://apl.brno.cz/protokoly-zmb/zmb-z9-19/20240910-88-37552.html,7a2e7987609bcbd0
Z9/19,https://apl.brno.cz/protokoly-zmb/zmb-z9-19/20240910-89-37580.html,7a2e7987609bcbd0
Z9/19,https://apl.brno.cz/protokoly-zmb/zmb-z9-19/20240910-90-37611.html,7a2e7987609bcbd0
Z9/19,https://apl.brno.cz/protokoly-zmb/zmb-z9-19/20240910-91-37642.html,7a2e7987609bcbd0
Z9/19,https://apl.brno.cz/protokoly-zmb/zmb-z9-19/20240910-92-37674.html,7a2e7987609bcbd0
Z9/19,https://apl.brno.cz/protokoly-zmb/zmb-z9-19/20240910-94-37775.html,7a2e7987609bcbd0
Z9/19,https://apl.brno.cz/protokoly-zmb/zmb-z9-19/20240910-95-37805.html,7a2e7987609bcbd0
Z9/19,https://apl.brno.cz/protokoly-zmb/zmb-z9-19/20240910-96-40305.html,7a2e7987609bcbd0
Z9/19,https://apl.brno.cz/protokoly-zmb/zmb-z9-19/20240910-97-40331.html,7a2e7987609bcbd0
Z9/19,https://apl.brno.cz/protokoly-zmb/zmb-z9-19/20240910-98-40360.html,7a2e7987609bcbd0
Z9/19,https://apl.brno.cz/protokoly-zmb/zmb-z9-19/20240910-99-40400.html,7a2e7987609bcbd0
Z9/19,https://apl.brno.cz/protokoly-zmb/zmb-z9-19/20240910-100-40435.html,7a2e7987609bcbd0
Z9/19,https://apl.brno.cz/protokoly-zmb/zmb-z9-19/20240910-101-40491.html,7a2e7987609bcbd0
Z9/19,https://apl.brno.cz/protokoly-zmb/zmb-z9-19/20240910-102-40524.html,7a2e7987609bcbd0
Z9/19,https://apl.brno.cz/protokoly-zmb/zmb-z9-19/20240910-103-40572.html,7a2e7987609bcbd0
Z9/19,https://apl.brno.cz/protokoly-zmb/zmb-z9-19/20240910-104-40613.html,7a2e7987609bcbd0
Z9/19,https://apl.brno.cz/protokoly-zmb/zmb-z9-19/20240910-105-40648.html,7a2e7987609bcbd0
Z9/19,https://apl.brno.cz/protokoly-zmb/zmb-z9-19/20240910-106-40690.html,7a2e7987609bcbd0
Z9/19,https://apl.brno.cz/protokoly-zmb/zmb-z9-19/20240910-107-40735.html,7a2e7987609bcbd0
Z9/19,https://apl.brno.cz/protokoly-zmb/zmb-z9-19/20240910-108-40787.html,7a2e7987609bcbd0
Z9/19,https://apl.brno.cz/protokoly-zmb/zmb-z9-19/20240910-109-40843.html,7a2e7987609bcbd0
Z9/19,https://apl.brno.cz/protokoly-zmb/zmb-z9-19/20240910-110-40874.html,7a2e7987609bcbd0
Z9/19,https://apl.brno.cz/protokoly-zmb/zmb-z9-19/20240910-111-40909.html,7a2e7987609bcbd0
Z9/19,https://apl.brno.cz/protokoly-zmb/zmb-z9-19/20240910-112-40946.html,7a2e7987609bcbd0
Z9/19,https://apl.brno.cz/protokoly-zmb/zmb-z9-19/20240910-113-40981.html,7a2e7987609bcbd0
Z9/19,https://apl.brno.cz/protokoly-zmb/zmb-z9-19/20240910-114-41019.html,7a2e7987609bcbd0
Z9/19,https://apl.brno.cz/protokoly-zmb/zmb-z9-19/20240910-115-41048.html,7a2e7987609bcbd0
Z9/19,https://apl.brno.cz/protokoly-zmb/zmb-z9-19/20240910-116-41085.html,7a2e7987609bcbd0
Z9/19,https://apl.brno.cz/protokoly-zmb/zmb-z9-19/20240910-117-41135.html,7a2e7987609bcbd0
Z9/19,https://apl.brno.cz/protokoly-zmb/zmb-z9-19/20240910-118-41236.html,7a2e7987609bcbd0
Z9/19,https://apl.brno.cz/protokoly-zmb/zmb-z9-19/20240910-119-41801.html,7a2e7987609bcbd0
Z9/19,https://apl.brno.cz/protokoly-zmb/zmb-z9-19/20240910-120-41840.html,7a2e7987609bcbd0
Z9/19,https://apl.brno.cz/protokoly-zmb/zmb-z9-19/20240910-121-41870.html,7a2e7987609bcbd0
Z9/19,https://apl.brno.cz/protokoly-zmb/zmb-z9-19/20240910-122-41900.html,7a2e7987609bcbd0
Z9/19,https://apl.brno.cz/protokoly-zmb/zmb-z9-19/20240910-123-41930.html,7a2e7987609bcbd0
Z9/19,https://apl.brno.cz/protokoly-zmb/zmb-z9-19/20240910-124-41958.html,7a2e7987609bcbd0
Z9/19,https://apl.brno.cz/protokoly-zmb/zmb-z9-19/20240910-125-41986.html,7a2e7987609bcbd0
Z9/19,https://apl.brno.cz/protokoly-zmb/zmb-z9-19/20240910-126-42015.html,7a2e7987609bcbd0
Z9/19,https://apl.brno.cz/protokoly-zmb/zmb-z9-19/20240910-127-42061.html,7a2e7987609bcbd0
Z9/21,https://apl.brno.cz/protokoly-zmb/zmb-z9-21/20241112-1-29702.html,f9d440624b7d3d49
Z9/21,https://apl.brno.cz/protokoly-zmb/zmb-z9-21/20241112-2-29902.html,f9d440624b7d3d49
Z9/21,https://apl.brno.cz/protokoly-zmb/zmb-z9-21/20241112-3-29938.html,f9d440624b7d3d49
Z9/21,https://apl.brno.cz/protokoly-zmb/zmb-z9-21/20241112-4-30026.html,f9d440624b7d3d49
Z9/21,https://apl.brno.cz/protokoly-zmb/zmb-z9-21/20241112-5-30079.html,f9d440624b7d3d49
Z9/21,https://apl.brno.cz/protokoly-zmb/zmb-z9-21/20241112-6-30285.html,f9d440624b7d3d49
Z9/21,https://apl.brno.cz/protokoly-zmb/zmb-z9-21/20241112-7-30324.html,f9d440624b7d3d49
Z9/21,https://apl.brno.cz/protokoly-zmb/zmb-z9-21/20241112-8-30637.html,f9d440624b7d3d49
Z9/21,https://apl.brno.cz/protokoly-zmb/zmb-z9-21/20241112-9-31264.html,f9d440624b7d3d49
Z9/21,https://apl.brno.cz/protokoly-zmb/zmb-z9-21/20241112-11-31704.html,f9d440624b7d3d49
Z9/21,https://apl.brno.cz/protokoly-zmb/zmb-z9-21/20241112-12-32491.html,f9d440624b7d3d49
Z9/21,https://apl.brno.cz/protokoly-zmb/zmb-z9-21/20241112-13-32530.html,f9d440624b7d3d49
Z9/21,https://apl.brno.cz/protokoly-zmb/zmb-z9-21/20241112-14-32570.html,f9d440624b7d3d49
Z9/21,https://apl.brno.cz/protokoly-zmb/zmb-z9-21/20241112-15-32609.html,f9d440624b7d3d49
Z9/21,https://apl.brno.cz/protokoly-zmb/zmb-z9-21/20241112-17-32713.html,f9d440624b7d3d49
Z9/21,https://apl.brno.cz/protokoly-zmb/zmb-z9-21/20241112-18-32745.html,f9d440624b7d3d49
Z9/21,https://apl.brno.cz/protokoly-zmb/zmb-z9-21/20241112-19-32822.html,f9d440624b7d3d49
Z9/21,https://apl.brno.cz/protokoly-zmb/zmb-z9-21/20241112-20-32855.html,f9d440624b7d3d49
Z9/21,https://apl.brno.cz/protokoly-zmb/zmb-z9-21/20241112-21-32886.html,f9d440624b7d3d49
Z9/21,https://apl.brno.cz/protokoly-zmb/zmb-z9-21/20241112-22-32988.html,f9d440624b7d3d49
Z9/21,https://apl.brno.cz/protokoly-zmb/zmb-z9-21/20241112-23-33015.html,f9d440624b7d3d49
Z9/21,https://apl.brno.cz/protokoly-zmb/zmb-z9-21/20241112-24-33046.html,f9d440624b7d3d49
Z9/21,https://apl.brno.cz/protokoly-zmb/zmb-z9-21/20241112-25-33227.html,f9d440624b7d3d49
Z9/21,https://apl.brno.cz/protokoly-zmb/zmb-z9-21/20241112-26-33258.html,f9d440624b7d3d49
Z9/21,https://apl.brno.cz/protokoly-zmb/zmb-z9-21/20241112-27-33290.html,f9d440624b7d3d49
Z9/21,https://apl.brno.cz/protokoly-zmb/zmb-z9-21/20241112-28-33320.html,f9d440624b7d3d49
Z9/21,https://apl.brno.cz/protokoly-zmb/zmb-z9-21/20241112-29-33356.html,f9d440624b7d3d49
Z9/21,https://apl.brno.cz/protokoly-zmb/zmb-z9-21/20241112-30-33384.html,f9d440624b7d3d49
Z9/21,https://apl.brno.cz/protokoly-zmb/zmb-z9-21/20241112-31-33416.html,f9d440624b7d3d49
Z9/21,https://apl.brno.cz/protokoly-zmb/zmb-z9-21/20241112-32-33447.html,f9d440624b7d3d49
Z9/21,https://apl.brno.cz/protokoly-zmb/zmb-z9-21/20241112-33-33981.html,f9d440624b7d3d49
Z9/21,https://apl.brno.cz/protokoly-zmb/zmb-z9-21/20241112-34-34013.html,f9d440624b7d3d49
Z9/21,https://apl.brno.cz/protokoly-zmb/zmb-z9-21/20241112-35-34043.html,f9d440624b7d3d49
Z9/21,https://apl.brno.cz/protokoly-zmb/zmb-z9-21/20241112-36-34308.html,f9d440624b7d3d49
Z9/21,https://apl.brno.cz/protokoly-zmb/zmb-z9-21/20241112-37-34339.html,f9d440624b7d3d49
Z9/21,https://apl.brno.cz/protokoly-zmb/zmb-z9-21/20241112-38-34370.html,f9d440624b7d3d49
Z9/21,https://apl.brno.cz/protokoly-zmb/zmb-z9-21/20241112-39-34398.html,f9d440624b7d3d49
Z9/21,https://apl.brno.cz/protokoly-zmb/zmb-z9-21/20241112-40-34423.html,f9d440624b7d3d49
Z9/21,https://apl.brno.cz/protokoly-zmb/zmb-z9-21/20241112-41-34453.html,f9d440624b7d3d49
Z9/21,https://apl.brno.cz/protokoly-zmb/zmb-z9-21/20241112-42-34543.html,f9d440624b7d3d49
Z9/21,https://apl.brno.cz/protokoly-zmb/zmb-z9-21/20241112-43-34574.html,f9d440624b7d3d49
Z9/21,https://apl.brno.cz/protokoly-zmb/zmb-z9-21/20241112-44-34603.html,f9d440624b7d3d49
Z9/21,https://apl.brno.cz/protokoly-zmb/zmb-z9-21/20241112-45-34832.html,f9d440624b7d3d49
Z9/21,https://apl.brno.cz/protokoly-zmb/zmb-z9-21/20241112-46-34858.html,f9d440624b7d3d49
Z9/21,https://apl.brno.cz/protokoly-zmb/zmb-z9-21/20241112-47-34889.html,f9d440624b7d3d49
Z9/21,https://apl.brno.cz/protokoly-zmb/zmb-z9-21/20241112-48-34957.html,f9d440624b7d3d49
Z9/21,https://apl.brno.cz/protokoly-zmb/zmb-z9-21/20241112-49-34983.html,f9d440624b7d3d49
Z9/21,https://apl.brno.cz/protokoly-zmb/zmb-z9-21/20241112-50-35012.html,f9d440624b7d3d49
Z9/21,https://apl.brno.cz/protokoly-zmb/zmb-z9-21/20241112-51-35044.html,f9d440624b7d3d49
Z9/21,https://apl.brno.cz/protokoly-zmb/zmb-z9-21/20241112-52-35080.html,f9d440624b7d3d49
Z9/21,https://apl.brno.cz/protokoly-zmb/zmb-z9-21/20241112-53-35112.html,f9d440624b7d3d49
Z9/21,https://apl.brno.cz/protokoly-zmb/zmb-z9-21/20241112-54-35144.html,f9d440624b7d3d49
Z9/21,https://apl.brno.cz/protokoly-zmb/zmb-z9-21/20241112-55-35324.html,f9d440624b7d3d49
Z9/21,https://apl.brno.cz/protokoly-zmb/zmb-z9-21/20241112-56-35354.html,f9d440624b7d3d49
Z9/21,https://apl.brno.cz/protokoly-zmb/zmb-z9-21/20241112-57-35526.html,f9d440624b7d3d49
Z9/21,https://apl.brno.cz/protokoly-zmb/zmb-z9-21/20241112-58-35562.html,f9d440624b7d3d49
Z9/21,https://apl.brno.cz/protokoly-zmb/zmb-z9-21/20241112-59-35596.html,f9d440624b7d3d49
Z9/21,https://apl.brno.cz/protokoly-zmb/zmb-z9-21/20241112-60-35625.html,f9d440624b7d3d49
Z9/21,https://apl.brno.cz/protokoly-zmb/zmb-z9-21/20241112-61-35661.html,f9d440624b7d3d49
Z9/21,https://apl.brno.cz/protokoly-zmb/zmb-z9-21/20241112-62-35716.html,f9d440624b7d3d49
Z9/21,https://apl.brno.cz/protokoly-zmb/zmb-z9-21/20241112-63-35759.html,f9d440624b7d3d49
Z9/21,https://apl.brno.cz/protokoly-zmb/zmb-z9-21/20241112-65-35838.html,f9d440624b7d3d49
Z9/21,https://apl.brno.cz/protokoly-zmb/zmb-z9-21/20241112-66-35880.html,f9d440624b7d3d49
Z9/21,https://apl.brno.cz/protokoly-zmb/zmb-z9-21/20241112-67-36937.html,f9d440624b7d3d49
Z9/21,https://apl.brno.cz/protokoly-zmb/zmb-z9-21/20241112-68-37025.html,f9d440624b7d3d49
Z9/21,https://apl.brno.cz/protokoly-zmb/zmb-z9-21/20241112-69-37126.html,f9d440624b7d3d49
Z9/21,https://apl.brno.cz/protokoly-zmb/zmb-z9-21/20241112-70-37158.html,f9d440624b7d3d49
Z9/21,https://apl.brno.cz/protokoly-zmb/zmb-z9-21/20241112-71-37215.html,f9d440624b7d3d49
Z9/21,https://apl.brno.cz/protokoly-zmb/zmb-z9-21/20241112-72-37247.html,f9d440624b7d3d49
Z9/21,https://apl.brno.cz/protokoly-zmb/zmb-z9-21/20241112-74-37355.html,f9d440624b7d3d49
Z9/21,https://apl.brno.cz/protokoly-zmb/zmb-z9-21/20241112-75-37388.html,f9d440624b7d3d49
Z9/21,https://apl.brno.cz/protokoly-zmb/zmb-z9-21/20241112-76-37576.html,f9d440624b7d3d49
Z9/22,https://apl.brno.cz/protokoly-zmb/zmb-z9-22/20241210-1-29371.html,0a5e067d7f1d3081
Z9/22,https://apl.brno.cz/protokoly-zmb/zmb-z9-22/20241210-2-29519.html,0a5e067d7f1d3081
Z9/22,https://apl.brno.cz/protokoly-zmb/zmb-z9-22/20241210-3-29943.html,0a5e067d7f1d3081
Z9/22,https://apl.brno.cz/protokoly-zmb/zmb-z9-22/20241210-4-29974.html,0a5e067d7f1d3081
Z9/22,https://apl.brno.cz/protokoly-zmb/zmb-z9-22/20241210-5-30012.html,0a5e067d7f1d3081
Z9/22,https://apl.brno.cz/protokoly-zmb/zmb-z9-22/20241210-6-30044.html,0a5e067d7f1d3081
Z9/22,https://apl.brno.cz/protokoly-zmb/zmb-z9-22/20241210-7-30110.html,0a5e067d7f1d3081
Z9/22,https://apl.brno.cz/protokoly-zmb/zmb-z9-22/20241210-8-30374.html,0a5e067d7f1d3081
Z9/22,https://apl.brno.cz/protokoly-zmb/zmb-z9-22/20241210-10-30504.html,0a5e067d7f1d3081
Z9/22,https://apl.brno.cz/protokoly-zmb/zmb-z9-22/20241210-11-34554.html,0a5e067d7f1d3081
Z9/22,https://apl.brno.cz/protokoly-zmb/zmb-z9-22/20241210-12-35789.html,0a5e067d7f1d3081
Z9/22,https://apl.brno.cz/protokoly-zmb/zmb-z9-22/20241210-13-35826.html,0a5e067d7f1d3081
Z9/22,https://apl.brno.cz/protokoly-zmb/zmb-z9-22/20241210-15-35941.html,0a5e067d7f1d3081
Z9/22,https://apl.brno.cz/protokoly-zmb/zmb-z9-22/20241210-16-35980.html,0a5e067d7f1d3081
Z9/22,https://apl.brno.cz/protokoly-zmb/zmb-z9-22/20241210-17-36118.html,0a5e067d7f1d3081
Z9/22,https://apl.brno.cz/protokoly-zmb/zmb-z9-22/20241210-18-36148.html,0a5e067d7f1d3081
Z9/22,https://apl.brno.cz/protokoly-zmb/zmb-z9-22/20241210-19-36176.html,0a5e067d7f1d3081
Z9/22,https://apl.brno.cz/protokoly-zmb/zmb-z9-22/20241210-20-36201.html,0a5e067d7f1d3081
Z9/22,https://apl.brno.cz/protokoly-zmb/zmb-z9-22/20241210-21-36228.html,0a5e067d7f1d3081
Z9/22,https://apl.brno.cz/protokoly-zmb/zmb-z9-22/20241210-22-36251.html,0a5e067d7f1d3081
Z9/22,https://apl.brno.cz/protokoly-zmb/zmb-z9-22/20241210-23-36281.html,0a5e067d7f1d3081
Z9/22,https://apl.brno.cz/protokoly-zmb/zmb-z9-22/20241210-24-36307.html,0a5e067d7f1d3081
Z9/22,https://apl.brno.cz/protokoly-zmb/zmb-z9-22/20241210-25-36335.html,0a5e067d7f1d3081
Z9/22,https://apl.brno.cz/protokoly-zmb/zmb-z9-22/20241210-26-36358.html,0a5e067d7f1d3081
Z9/22,https://apl.brno.cz/protokoly-zmb/zmb-z9-22/20241210-27-36379.html,0a5e067d7f1d3081
Z9/22,https://apl.brno.cz/protokoly-zmb/zmb-z9-22/20241210-28-36402.html,0a5e067d7f1d3081
Z9/22,https://apl.brno.cz/protokoly-zmb/zmb-z9-22/20241210-29-36428.html,0a5e067d7f1d3081
Z9/22,https://apl.brno.cz/protokoly-zmb/zmb-z9-22/20241210-30-36456.html,0a5e067d7f1d3081
Z9/22,https://apl.brno.cz/protokoly-zmb/zmb-z9-22/20241210-31-36516.html,0a5e067d7f1d3081
Z9/22,https://apl.brno.cz/protokoly-zmb/zmb-z9-22/20241210-32-36548.html,0a5e067d7f1d3081
Z9/22,https://apl.brno.cz/protokoly-zmb/zmb-z9-22/20241210-33-36602.html,0a5e067d7f1d3081
Z9/22,https://apl.brno.cz/protokoly-zmb/zmb-z9-22/20241210-34-37245.html,0a5e067d7f1d3081
Z9/22,https://apl.brno.cz/protokoly-zmb/zmb-z9-22/20241210-35-37278.html,0a5e067d7f1d3081
Z9/22,https://apl.brno.cz/protokoly-zmb/zmb-z9-22/20241210-36-37308.html,0a5e067d7f1d3081
Z9/22,https://apl.brno.cz/protokoly-zmb/zmb-z9-22/20241210-37-37349.html,0a5e067d7f1d3081
Z9/22,https://apl.brno.cz/protokoly-zmb/zmb-z9-22/20241210-38-37379.html,0a5e067d7f1d3081
Z9/22,https://apl.brno.cz/protokoly-zmb/zmb-z9-22/20241210-39-37412.html,0a5e067d7f1d3081
Z9/22,https://apl.brno.cz/protokoly-zmb/zmb-z9-22/20241210-40-37445.html,0a5e067d7f1d3081
Z9/22,https://apl.brno.cz/protokoly-zmb/zmb-z9-22/20241210-41-37479.html,0a5e067d7f1d3081
Z9/22,https://apl.brno.cz/protokoly-zmb/zmb-z9-22/20241210-42-37511.html,0a5e067d7f1d3081
Z9/22,https://apl.brno.cz/protokoly-zmb/zmb-z9-22/20241210-43-37543.html,0a5e067d7f1d3081
Z9/22,https://apl.brno.cz/protokoly-zmb/zmb-z9-22/20241210-44-37574.html,0a5e067d7f1d3081
Z9/22,https://apl.brno.cz/protokoly-zmb/zmb-z9-22/20241210-45-37609.html,0a5e067d7f1d3081
Z9/22,https://apl.brno.cz/protokoly-zmb/zmb-z9-22/20241210-46-37640.html,0a5e067d7f1d3081
Z9/22,https://apl.brno.cz/protokoly-zmb/zmb-z9-22/20241210-47-37672.html,0a5e067d7f1d3081
Z9/22,https://apl.brno.cz/protokoly-zmb/zmb-z9-22/20241210-48-37703.html,0a5e067d7f1d3081
Z9/22,https://apl.brno.cz/protokoly-zmb/zmb-z9-22/20241210-49-40700.html,0a5e067d7f1d3081
Z9/22,https://apl.brno.cz/protokoly-zmb/zmb-z9-22/20241210-50-40732.html,0a5e067d7f1d3081
Z9/22,https://apl.brno.cz/protokoly-zmb/zmb-z9-22/20241210-51-40765.html,0a5e067d7f1d3081
Z9/22,https://apl.brno.cz/protokoly-zmb/zmb-z9-22/20241210-52-40801.html,0a5e067d7f1d3081
Z9/22,https://apl.brno.cz/protokoly-zmb/zmb-z9-22/20241210-53-40930.html,0a5e067d7f1d3081
Z9/22,https://apl.brno.cz/protokoly-zmb/zmb-z9-22/20241210-54-40965.html,0a5e067d7f1d3081
Z9/22,https://apl.brno.cz/protokoly-zmb/zmb-z9-22/20241210-55-40996.html,0a5e067d7f1d3081
Z9/22,https://apl.brno.cz/protokoly-zmb/zmb-z9-22/20241210-56-41040.html,0a5e067d7f1d3081
Z9/22,https://apl.brno.cz/protokoly-zmb/zmb-z9-22/20241210-57-41072.html,0a5e067d7f1d3081
Z9/22,https://apl.brno.cz/protokoly-zmb/zmb-z9-22/20241210-58-41108.html,0a5e067d7f1d3081
Z9/22,https://apl.brno.cz/protokoly-zmb/zmb-z9-22/20241210-59-41142.html,0a5e067d7f1d3081
Z9/22,https://apl.brno.cz/protokoly-zmb/zmb-z9-22/20241210-60-41175.html,0a5e067d7f1d3081
Z9/22,https://apl.brno.cz/protokoly-zmb/zmb-z9-22/20241210-61-41205.html,0a5e067d7f1d3081
Z9/22,https://apl.brno.cz/protokoly-zmb/zmb-z9-22/20241210-62-41436.html,0a5e067d7f1d3081
Z9/22,https://apl.brno.cz/protokoly-zmb/zmb-z9-22/20241210-63-41466.html,0a5e067d7f1d3081
Z9/22,https://apl.brno.cz/protokoly-zmb/zmb-z9-22/20241210-64-41499.html,0a5e067d7f1d3081
Z9/22,https://apl.brno.cz/protokoly-zmb/zmb-z9-22/20241210-65-41532.html,0a5e067d7f1d3081
Z9/22,https://apl.brno.cz/protokoly-zmb/zmb-z9-22/20241210-66-41562.html,0a5e067d7f1d3081
Z9/22,https://apl.brno.cz/protokoly-zmb/zmb-z9-22/20241210-67-41594.html,0a5e067d7f1d3081
Z9/22,https://apl.brno.cz/protokoly-zmb/zmb-z9-22/20241210-68-41627.html,0a5e067d7f1d3081
Z9/22,https://apl.brno.cz/protokoly-zmb/zmb-z9-22/20241210-69-41707.html,0a5e067d7f1d3081
Z9/22,https://apl.brno.cz/protokoly-zmb/zmb-z9-22/20241210-70-41755.html,0a5e067d7f1d3081
Z9/22,https://apl.brno.cz/protokoly-zmb/zmb-z9-22/20241210-71-41790.html,0a5e067d7f1d3081
Z9/22,https://apl.brno.cz/protokoly-zmb/zmb-z9-22/20241210-72-41823.html,0a5e067d7f1d3081
Z9/22,https://apl.brno.cz/protokoly-zmb/zmb-z9-22/20241210-73-42053.html,0a5e067d7f1d3081
Z9/22,https://apl.brno.cz/protokoly-zmb/zmb-z9-22/20241210-74-42089.html,0a5e067d7f1d3081
Z9/22,https://apl.brno.cz/protokoly-zmb/zmb-z9-22/20241210-75-42130.html,0a5e067d7f1d3081
Z9/22,https://apl.brno.cz/protokoly-zmb/zmb-z9-22/20241210-76-42166.html,0a5e067d7f1d3081
Z9/22,https://apl.brno.cz/protokoly-zmb/zmb-z9-22/20241210-77-42196.html,0a5e067d7f1d3081
Z9/22,https://apl.brno.cz/protokoly-zmb/zmb-z9-22/20241210-78-42226.html,0a5e067d7f1d3081
Z9/22,https://apl.brno.cz/protokoly-zmb/zmb-z9-22/20241210-79-42261.html,0a5e067d7f1d3081
Z9/22,https://apl.brno.cz/protokoly-zmb/zmb-z9-22/20241210-80-42293.html,0a5e067d7f1d3081
Z9/22,https://apl.brno.cz/protokoly-zmb/zmb-z9-22/20241210-81-42326.html,0a5e067d7f1d3081
Z9/22,https://apl.brno.cz/protokoly-zmb/zmb-z9-22/20241210-82-42364.html,0a5e067d7f1d3081
Z9/22,https://apl.brno.cz/protokoly-zmb/zmb-z9-22/20241210-83-42406.html,0a5e067d7f1d3081
Z9/22,https://apl.brno.cz/protokoly-zmb/zmb-z9-22/20241210-85-42725.html,0a5e067d7f1d3081
Z9/22,https://apl.brno.cz/protokoly-zmb/zmb-z9-22/20241210-86-42806.html,0a5e067d7f1d3081
Z9/22,https://apl.brno.cz/protokoly-zmb/zmb-z9-22/20241210-87-42846.html,0a5e067d7f1d3081
Z9/22,https://apl.brno.cz/protokoly-zmb/zmb-z9-22/20241210-88-42886.html,0a5e067d7f1d3081
Z9/22,https://apl.brno.cz/protokoly-zmb/zmb-z9-22/20241210-89-42953.html,0a5e067d7f1d3081
Z9/22,https://apl.brno.cz/protokoly-zmb/zmb-z9-22/20241210-90-42993.html,0a5e067d7f1d3081
Z9/22,https://apl.brno.cz/protokoly-zmb/zmb-z9-22/20241210-91-43063.html,0a5e067d7f1d3081
Z9/22,https://apl.brno.cz/protokoly-zmb/zmb-z9-22/20241210-92-43104.html,0a5e067d7f1d3081
Z9/22,https://apl.brno.cz/protokoly-zmb/zmb-z9-22/20241210-93-43170.html,0a5e067d7f1d3081
Z9/22,https://apl.brno.cz/protokoly-zmb/zmb-z9-22/20241210-94-43209.html,0a5e067d7f1d3081
Z9/22,https://apl.brno.cz/protokoly-zmb/zmb-z9-22/20241210-95-43246.html,0a5e067d7f1d3081
Z9/22,https://apl.brno.cz/protokoly-zmb/zmb-z9-22/20241210-96-43311.html,0a5e067d7f1d3081
Z9/22,https://apl.brno.cz/protokoly-zmb/zmb-z9-22/20241210-97-43351.html,0a5e067d7f1d3081
Z9/22,https://apl.brno.cz/protokoly-zmb/zmb-z9-22/20241210-98-43388.html,0a5e067d7f1d3081
Z9/22,https://apl.brno.cz/protokoly-zmb/zmb-z9-22/20241210-99-43430.html,0a5e067d7f1d3081
Z9/22,https://apl.brno.cz/protokoly-zmb/zmb-z9-22/20241210-100-43463.html,0a5e067d7f1d3081
Z9/22,https://apl.brno.cz/protokoly-zmb/zmb-z9-22/20241210-101-43501.html,0a5e067d7f1d3081
Z9/22,https://apl.brno.cz/protokoly-zmb/zmb-z9-22/20241210-102-43536.html,0a5e067d7f1d3081
Z9/22,https://apl.brno.cz/protokoly-zmb/zmb-z9-22/20241210-103-43605.html,0a5e067d7f1d3081
Z9/22,https://apl.brno.cz/protokoly-zmb/zmb-z9-22/20241210-104-43639.html,0a5e067d7f1d3081
Z9/22,https://apl.brno.cz/protokoly-zmb/zmb-z9-22/20241210-105-43677.html,0a5e067d7f1d3081
Z9/22,https://apl.brno.cz/protokoly-zmb/zmb-z9-22/20241210-106-43706.html,0a5e067d7f1d3081
Z9/22,https://apl.brno.cz/protokoly-zmb/zmb-z9-22/20241210-107-43816.html,0a5e067d7f1d3081
Z9/22,https://apl.brno.cz/protokoly-zmb/zmb-z9-22/20241210-108-43850.html,0a5e067d7f1d3081
Z9/22,https://apl.brno.cz/protokoly-zmb/zmb-z9-22/20241210-109-43884.html,0a5e067d7f1d3081
Z9/22,https://apl.brno.cz/protokoly-zmb/zmb-z9-22/20241210-110-43920.html,0a5e067d7f1d3081
Z9/22,https://apl.brno.cz/protokoly-zmb/zmb-z9-22/20241210-111-43951.html,0a5e067d7f1d3081
Z9/22,https://apl.brno.cz/protokoly-zmb/zmb-z9-22/20241210-112-43978.html,0a5e067d7f1d3081
Z9/22,https://apl.brno.cz/protokoly-zmb/zmb-z9-22/20241210-113-44013.html,0a5e067d7f1d3081
Z9/23,https://apl.brno.cz/protokoly-zmb/zmb-z9-23/20250128-1-33297.html,4658264f1b9b47c0
Z9/23,https://apl.brno.cz/protokoly-zmb/zmb-z9-23/20250128-2-33537.html,4658264f1b9b47c0
Z9/23,https://apl.brno.cz/protokoly-zmb/zmb-z9-23/20250128-3-33736.html,4658264f1b9b47c0
Z9/23,https://apl.brno.cz/protokoly-zmb/zmb-z9-23/20250128-4-33768.html,4658264f1b9b47c0
Z9/23,https://apl.brno.cz/protokoly-zmb/zmb-z9-23/20250128-5-33812.html,4658264f1b9b47c0
Z9/23,https://apl.brno.cz/protokoly-zmb/zmb-z9-23/20250128-6-33884.html,4658264f1b9b47c0
Z9/23,https://apl.brno.cz/protokoly-zmb/zmb-z9-23/20250128-7-33919.html,4658264f1b9b47c0
Z9/23,https://apl.brno.cz/protokoly-zmb/zmb-z9-23/20250128-8-33954.html,4658264f1b9b47c0
Z9/23,https://apl.brno.cz/protokoly-zmb/zmb-z9-23/20250128-9-35136.html,4658264f1b9b47c0
Z9/23,https://apl.brno.cz/protokoly-zmb/zmb-z9-23/20250128-10-35312.html,4658264f1b9b47c0
Z9/23,https://apl.brno.cz/protokoly-zmb/zmb-z9-23/20250128-11-35352.html,4658264f1b9b47c0
Z9/23,https://apl.brno.cz/protokoly-zmb/zmb-z9-23/20250128-12-35381.html,4658264f1b9b47c0
Z9/23,https://apl.brno.cz/protokoly-zmb/zmb-z9-23/20250128-13-35410.html,4658264f1b9b47c0
Z9/23,https://apl.brno.cz/protokoly-zmb/zmb-z9-23/20250128-14-35538.html,4658264f1b9b47c0
Z9/23,https://apl.brno.cz/protokoly-zmb/zmb-z9-23/20250128-15-35570.html,4658264f1b9b47c0
Z9/23,https://apl.brno.cz/protokoly-zmb/zmb-z9-23/20250128-16-35600.html,4658264f1b9b47c0
Z9/23,https://apl.brno.cz/protokoly-zmb/zmb-z9-23/20250128-17-35632.html,4658264f1b9b47c0
Z9/23,https://apl.brno.cz/protokoly-zmb/zmb-z9-23/20250128-18-35660.html,4658264f1b9b47c0
Z9/23,https://apl.brno.cz/protokoly-zmb/zmb-z9-23/20250128-19-35691.html,4658264f1b9b47c0
Z9/23,https://apl.brno.cz/protokoly-zmb/zmb-z9-23/20250128-20-35734.html,4658264f1b9b47c0
Z9/23,https://apl.brno.cz/protokoly-zmb/zmb-z9-23/20250128-21-35764.html,4658264f1b9b47c0
Z9/23,https://apl.brno.cz/protokoly-zmb/zmb-z9-23/20250128-22-35826.html,4658264f1b9b47c0
Z9/23,https://apl.brno.cz/protokoly-zmb/zmb-z9-23/20250128-23-35867.html,4658264f1b9b47c0
Z9/23,https://apl.brno.cz/protokoly-zmb/zmb-z9-23/20250128-24-35896.html,4658264f1b9b47c0
Z9/23,https://apl.brno.cz/protokoly-zmb/zmb-z9-23/20250128-25-35935.html,4658264f1b9b47c0
Z9/23,https://apl.brno.cz/protokoly-zmb/zmb-z9-23/20250128-26-36319.html,4658264f1b9b47c0
Z9/23,https://apl.brno.cz/protokoly-zmb/zmb-z9-23/20250128-27-36420.html,4658264f1b9b47c0
Z9/23,https://apl.brno.cz/protokoly-zmb/zmb-z9-23/20250128-28-36450.html,4658264f1b9b47c0
Z9/23,https://apl.brno.cz/protokoly-zmb/zmb-z9-23/20250128-29-36507.html,4658264f1b9b47c0
Z9/23,https://apl.brno.cz/protokoly-zmb/zmb-z9-23/20250128-30-36577.html,4658264f1b9b47c0
Z9/23,https://apl.brno.cz/protokoly-zmb/zmb-z9-23/20250128-31-36602.html,4658264f1b9b47c0
Z9/23,https://apl.brno.cz/protokoly-zmb/zmb-z9-23/20250128-32-36625.html,4658264f1b9b47c0
Z9/23,https://apl.brno.cz/protokoly-zmb/zmb-z9-23/20250128-33-36652.html,4658264f1b9b47c0
Z9/23,https://apl.brno.cz/protokoly-zmb/zmb-z9-23/20250128-34-36679.html,4658264f1b9b47c0
Z9/23,https://apl.brno.cz/protokoly-zmb/zmb-z9-23/20250128-35-36707.html,4658264f1b9b47c0
Z9/23,https://apl.brno.cz/protokoly-zmb/zmb-z9-23/20250128-36-36731.html,4658264f1b9b47c0
Z9/23,https://apl.brno.cz/protokoly-zmb/zmb-z9-23/20250128-37-36758.html,4658264f1b9b47c0
Z9/23,https://apl.brno.cz/protokoly-zmb/zmb-z9-23/20250128-38-36788.html,4658264f1b9b47c0
Z9/23,https://apl.brno.cz/protokoly-zmb/zmb-z9-23/20250128-39-36815.html,4658264f1b9b47c0
Z9/23,https://apl.brno.cz/protokoly-zmb/zmb-z9-23/20250128-40-36843.html,4658264f1b9b47c0
Z9/23,https://apl.brno.cz/protokoly-zmb/zmb-z9-23/20250128-41-36869.html,4658264f1b9b47c0
Z9/23,https://apl.brno.cz/protokoly-zmb/zmb-z9-23/20250128-42-36900.html,4658264f1b9b47c0
Z9/23,https://apl.brno.cz/protokoly-zmb/zmb-z9-23/20250128-43-36932.html,4658264f1b9b47c0
Z9/23,https://apl.brno.cz/protokoly-zmb/zmb-z9-23/20250128-44-36964.html,4658264f1b9b47c0
Z9/23,https://apl.brno.cz/protokoly-zmb/zmb-z9-23/20250128-45-36994.html,4658264f1b9b47c0
Z9/23,https://apl.brno.cz/protokoly-zmb/zmb-z9-23/20250128-46-37025.html,4658264f1b9b47c0
Z9/23,https://apl.brno.cz/protokoly-zmb/zmb-z9-23/20250128-47-37058.html,4658264f1b9b47c0
Z9/23,https://apl.brno.cz/protokoly-zmb/zmb-z9-23/20250128-48-37106.html,4658264f1b9b47c0
Z9/23,https://apl.brno.cz/protokoly-zmb/zmb-z9-23/20250128-49-37138.html,4658264f1b9b47c0
Z9/23,https://apl.brno.cz/protokoly-zmb/zmb-z9-23/20250128-50-37527.html,4658264f1b9b47c0
Z9/23,https://apl.brno.cz/protokoly-zmb/zmb-z9-23/20250128-51-37552.html,4658264f1b9b47c0
Z9/23,https://apl.brno.cz/protokoly-zmb/zmb-z9-23/20250128-52-37582.html,4658264f1b9b47c0
Z9/23,https://apl.brno.cz/protokoly-zmb/zmb-z9-23/20250128-53-37609.html,4658264f1b9b47c0
Z9/23,https://apl.brno.cz/protokoly-zmb/zmb-z9-23/20250128-54-37681.html,4658264f1b9b47c0
Z9/23,https://apl.brno.cz/protokoly-zmb/zmb-z9-23/20250128-55-37715.html,4658264f1b9b47c0
Z9/23,https://apl.brno.cz/protokoly-zmb/zmb-z9-23/20250128-56-37747.html,4658264f1b9b47c0
Z9/23,https://apl.brno.cz/protokoly-zmb/zmb-z9-23/20250128-57-37809.html,4658264f1b9b47c0
Z9/23,https://apl.brno.cz/protokoly-zmb/zmb-z9-23/20250128-58-37841.html,4658264f1b9b47c0
Z9/23,https://apl.brno.cz/protokoly-zmb/zmb-z9-23/20250128-59-37879.html,4658264f1b9b47c0
Z9/23,https://apl.brno.cz/protokoly-zmb/zmb-z9-23/20250128-60-37916.html,4658264f1b9b47c0
Z9/23,https://apl.brno.cz/protokoly-zmb/zmb-z9-23/20250128-61-37981.html,4658264f1b9b47c0
Z9/23,https://apl.brno.cz/protokoly-zmb/zmb-z9-23/20250128-62-38036.html,4658264f1b9b47c0
Z9/23,https://apl.brno.cz/protokoly-zmb/zmb-z9-23/20250128-63-38086.html,4658264f1b9b47c0
Z9/23,https://apl.brno.cz/protokoly-zmb/zmb-z9-23/20250128-64-38116.html,4658264f1b9b47c0
Z9/23,https://apl.brno.cz/protokoly-zmb/zmb-z9-23/20250128-65-38819.html,4658264f1b9b47c0
Z9/23,https://apl.brno.cz/protokoly-zmb/zmb-z9-23/20250128-66-38870.html,4658264f1b9b47c0
Z9/23,https://apl.brno.cz/protokoly-zmb/zmb-z9-23/20250128-67-38949.html,4658264f1b9b47c0
Z9/23,https://apl.brno.cz/protokoly-zmb/zmb-z9-23/20250128-68-39005.html,4658264f1b9b47c0
Z9/23,https://apl.brno.cz/protokoly-zmb/zmb-z9-23/20250128-69-39040.html,4658264f1b9b47c0
Z9/23,https://apl.brno.cz/protokoly-zmb/zmb-z9-23/20250128-70-39150.html,4658264f1b9b47c0
Z9/23,https://apl.brno.cz/protokoly-zmb/zmb-z9-23/20250128-71-39176.html,4658264f1b9b47c0
Z9/23,https://apl.brno.cz/protokoly-zmb/zmb-z9-23/20250128-72-39217.html,4658264f1b9b47c0
Z9/23,https://apl.brno.cz/protokoly-zmb/zmb-z9-23/20250128-73-39251.html,4658264f1b9b47c0
Z9/23,https://apl.brno.cz/protokoly-zmb/zmb-z9-23/20250128-74-39376.html,4658264f1b9b47c0
Z9/25,https://apl.brno.cz/protokoly-zmb/zmb-z9-25/20250325-1-33143.html,e988b29ad183637c
Z9/25,https://apl.brno.cz/protokoly-zmb/zmb-z9-25/20250325-2-33254.html,e988b29ad183637c
Z9/25,https://apl.brno.cz/protokoly-zmb/zmb-z9-25/20250325-3-33308.html,e988b29ad183637c
Z9/25,https://apl.brno.cz/protokoly-zmb/zmb-z9-25/20250325-4-33333.html,e988b29ad183637c
Z9/25,https://apl.brno.cz/protokoly-zmb/zmb-z9-25/20250325-5-33375.html,e988b29ad183637c
Z9/25,https://apl.brno.cz/protokoly-zmb/zmb-z9-25/20250325-6-33406.html,e988b29ad183637c
Z9/25,https://apl.brno.cz/protokoly-zmb/zmb-z9-25/20250325-7-33439.html,e988b29ad183637c
Z9/25,https://apl.brno.cz/protokoly-zmb/zmb-z9-25/20250325-8-33470.html,e988b29ad183637c
Z9/25,https://apl.brno.cz/protokoly-zmb/zmb-z9-25/20250325-9-33501.html,e988b29ad183637c
Z9/25,https://apl.brno.cz/protokoly-zmb/zmb-z9-25/20250325-10-33532.html,e988b29ad183637c
Z9/25,https://apl.brno.cz/protokoly-zmb/zmb-z9-25/20250325-12-33617.html,e988b29ad183637c
Z9/25,https://apl.brno.cz/protokoly-zmb/zmb-z9-25/20250325-13-33647.html,e988b29ad183637c
Z9/25,https://apl.brno.cz/protokoly-zmb/zmb-z9-25/20250325-14-33678.html,e988b29ad183637c
Z9/25,https://apl.brno.cz/protokoly-zmb/zmb-z9-25/20250325-15-33709.html,e988b29ad183637c
Z9/25,https://apl.brno.cz/protokoly-zmb/zmb-z9-25/20250325-16-33741.html,e988b29ad183637c
Z9/25,https://apl.brno.cz/protokoly-zmb/zmb-z9-25/20250325-17-33774.html,e988b29ad183637c
Z9/25,https://apl.brno.cz/protokoly-zmb/zmb-z9-25/20250325-18-33807.html,e988b29ad183637c
Z9/25,https://apl.brno.cz/protokoly-zmb/zmb-z9-25/20250325-19-33841.html,e988b29ad183637c
Z9/25,https://apl.brno.cz/protokoly-zmb/zmb-z9-25/20250325-20-33886.html,e988b29ad183637c
Z9/25,https://apl.brno.cz/protokoly-zmb/zmb-z9-25/20250325-21-33923.html,e988b29ad183637c
Z9/25,https://apl.brno.cz/protokoly-zmb/zmb-z9-25/20250325-22-33953.html,e988b29ad183637c
Z9/25,https://apl.brno.cz/protokoly-zmb/zmb-z9-25/20250325-23-33985.html,e988b29ad183637c
Z9/25,https://apl.brno.cz/protokoly-zmb/zmb-z9-25/20250325-24-34021.html,e988b29ad183637c
Z9/25,https://apl.brno.cz/protokoly-zmb/zmb-z9-25/20250325-25-34066.html,e988b29ad183637c
Z9/25,https://apl.brno.cz/protokoly-zmb/zmb-z9-25/20250325-26-34106.html,e988b29ad183637c
Z9/25,https://apl.brno.cz/protokoly-zmb/zmb-z9-25/20250325-27-34183.html,e988b29ad183637c
Z9/25,https://apl.brno.cz/protokoly-zmb/zmb-z9-25/20250325-28-34221.html,e988b29ad183637c
Z9/25,https://apl.brno.cz/protokoly-zmb/zmb-z9-25/20250325-29-34320.html,e988b29ad183637c
Z9/25,https://apl.brno.cz/protokoly-zmb/zmb-z9-25/20250325-30-34351.html,e988b29ad183637c
Z9/25,https://apl.brno.cz/protokoly-zmb/zmb-z9-25/20250325-31-34383.html,e988b29ad183637c
Z9/25,https://apl.brno.cz/protokoly-zmb/zmb-z9-25/20250325-32-34417.html,e988b29ad183637c
Z9/25,https://apl.brno.cz/protokoly-zmb/zmb-z9-25/20250325-33-34449.html,e988b29ad183637c
Z9/25,https://apl.brno.cz/protokoly-zmb/zmb-z9-25/20250325-34-34482.html,e988b29ad183637c
Z9/25,https://apl.brno.cz/protokoly-zmb/zmb-z9-25/20250325-35-34767.html,e988b29ad183637c
Z9/25,https://apl.brno.cz/protokoly-zmb/zmb-z9-25/20250325-36-34798.html,e988b29ad183637c
Z9/25,https://apl.brno.cz/protokoly-zmb/zmb-z9-25/20250325-37-34834.html,e988b29ad183637c
Z9/25,https://apl.brno.cz/protokoly-zmb/zmb-z9-25/20250325-38-34864.html,e988b29ad183637c
Z9/25,https://apl.brno.cz/protokoly-zmb/zmb-z9-25/20250325-39-34898.html,e988b29ad183637c
Z9/25,https://apl.brno.cz/protokoly-zmb/zmb-z9-25/20250325-40-34929.html,e988b29ad183637c
Z9/25,https://apl.brno.cz/protokoly-zmb/zmb-z9-25/20250325-41-34961.html,e988b29ad183637c
Z9/25,https://apl.brno.cz/protokoly-zmb/zmb-z9-25/20250325-42-34991.html,e988b29ad183637c
Z9/25,https://apl.brno.cz/protokoly-zmb/zmb-z9-25/20250325-43-35035.html,e988b29ad183637c
Z9/25,https://apl.brno.cz/protokoly-zmb/zmb-z9-25/20250325-44-35066.html,e988b29ad183637c
Z9/25,https://apl.brno.cz/protokoly-zmb/zmb-z9-25/20250325-45-35097.html,e988b29ad183637c
Z9/25,https://apl.brno.cz/protokoly-zmb/zmb-z9-25/20250325-46-35127.html,e988b29ad183637c
Z9/25,https://apl.brno.cz/protokoly-zmb/zmb-z9-25/20250325-47-35156.html,e988b29ad183637c
Z9/25,https://apl.brno.cz/protokoly-zmb/zmb-z9-25/20250325-48-35186.html,e988b29ad183637c
Z9/25,https://apl.brno.cz/protokoly-zmb/zmb-z9-25/20250325-49-35215.html,e988b29ad183637c
Z9/25,https://apl.brno.cz/protokoly-zmb/zmb-z9-25/20250325-50-35247.html,e988b29ad183637c
Z9/25,https://apl.brno.cz/protokoly-zmb/zmb-z9-25/20250325-51-35285.html,e988b29ad183637c
Z9/25,https://apl.brno.cz/protokoly-zmb/zmb-z9-25/20250325-53-35344.html,e988b29ad183637c
Z9/25,https://apl.brno.cz/protokoly-zmb/zmb-z9-25/20250325-54-35380.html,e988b29ad183637c
Z9/25,https://apl.brno.cz/protokoly-zmb/zmb-z9-25/20250325-55-35438.html,e988b29ad183637c
Z9/25,https://apl.brno.cz/protokoly-zmb/zmb-z9-25/20250325-56-35471.html,e988b29ad183637c
Z9/25,https://apl.brno.cz/protokoly-zmb/zmb-z9-25/20250325-57-36378.html,e988b29ad183637c
Z9/25,https://apl.brno.cz/protokoly-zmb/zmb-z9-25/20250325-58-36410.html,e988b29ad183637c
Z9/25,https://apl.brno.cz/protokoly-zmb/zmb-z9-25/20250325-59-36477.html,e988b29ad183637c
Z9/25,https://apl.brno.cz/protokoly-zmb/zmb-z9-25/20250325-60-36520.html,e988b29ad183637c
Z9/25,https://apl.brno.cz/protokoly-zmb/zmb-z9-25/20250325-61-36553.html,e988b29ad183637c
Z9/25,https://apl.brno.cz/protokoly-zmb/zmb-z9-25/20250325-62-36608.html,e988b29ad183637c
Z9/25,https://apl.brno.cz/protokoly-zmb/zmb-z9-25/20250325-63-36642.html,e988b29ad183637c
Z9/25,https://apl.brno.cz/protokoly-zmb/zmb-z9-25/20250325-64-36680.html,e988b29ad183637c
Z9/25,https://apl.brno.cz/protokoly-zmb/zmb-z9-25/20250325-65-36711.html,e988b29ad183637c
Z9/25,https://apl.brno.cz/protokoly-zmb/zmb-z9-25/20250325-66-36748.html,e988b29ad183637c
Z9/25,https://apl.brno.cz/protokoly-zmb/zmb-z9-25/20250325-67-36779.html,e988b29ad183637c
Z9/25,https://apl.brno.cz/protokoly-zmb/zmb-z9-25/20250325-68-36923.html,e988b29ad183637c
Z9/25,https://apl.brno.cz/protokoly-zmb/zmb-z9-25/20250325-69-36954.html,e988b29ad183637c
Z9/25,https://apl.brno.cz/protokoly-zmb/zmb-z9-25/20250325-70-38724.html,e988b29ad183637c
Z9/25,https://apl.brno.cz/protokoly-zmb/zmb-z9-25/20250325-71-38758.html,e988b29ad183637c
Z9/25,https://apl.brno.cz/protokoly-zmb/zmb-z9-25/20250325-72-38781.html,e988b29ad183637c
Z9/25,https://apl.brno.cz/protokoly-zmb/zmb-z9-25/20250325-73-38810.html,e988b29ad183637c
Z9/25,https://apl.brno.cz/protokoly-zmb/zmb-z9-25/20250325-74-38835.html,e988b29ad183637c
Z9/25,https://apl.brno.cz/protokoly-zmb/zmb-z9-25/20250325-75-41035.html,e988b29ad183637c
Z9/25,https://apl.brno.cz/protokoly-zmb/zmb-z9-25/20250325-76-41086.html,e988b29ad183637c
Z9/24,https://apl.brno.cz/protokoly-zmb/zmb-z9-24/20250225-1-33077.html,0f8748a98e03e9ac
Z9/24,https://apl.brno.cz/protokoly-zmb/zmb-z9-24/20250225-2-33252.html,0f8748a98e03e9ac
Z9/24,https://apl.brno.cz/protokoly-zmb/zmb-z9-24/20250225-3-33274.html,0f8748a98e03e9ac
Z9/24,https://apl.brno.cz/protokoly-zmb/zmb-z9-24/20250225-4-33305.html,0f8748a98e03e9ac
Z9/24,https://apl.brno.cz/protokoly-zmb/zmb-z9-24/20250225-5-33369.html,0f8748a98e03e9ac
Z9/24,https://apl.brno.cz/protokoly-zmb/zmb-z9-24/20250225-6-33419.html,0f8748a98e03e9ac
Z9/24,https://apl.brno.cz/protokoly-zmb/zmb-z9-24/20250225-7-33450.html,0f8748a98e03e9ac
Z9/24,https://apl.brno.cz/protokoly-zmb/zmb-z9-24/20250225-8-33482.html,0f8748a98e03e9ac
Z9/24,https://apl.brno.cz/protokoly-zmb/zmb-z9-24/20250225-9-33967.html,0f8748a98e03e9ac
Z9/24,https://apl.brno.cz/protokoly-zmb/zmb-z9-24/20250225-10-34024.html,0f8748a98e03e9ac
Z9/24,https://apl.brno.cz/protokoly-zmb/zmb-z9-24/20250225-11-34073.html,0f8748a98e03e9ac
Z9/24,https://apl.brno.cz/protokoly-zmb/zmb-z9-24/20250225-12-34101.html,0f8748a98e03e9ac
Z9/24,https://apl.brno.cz/protokoly-zmb/zmb-z9-24/20250225-13-34131.html,0f8748a98e03e9ac
Z9/24,https://apl.brno.cz/protokoly-zmb/zmb-z9-24/20250225-14-34159.html,0f8748a98e03e9ac
Z9/24,https://apl.brno.cz/protokoly-zmb/zmb-z9-24/20250225-15-34188.html,0f8748a98e03e9ac
Z9/24,https://apl.brno.cz/protokoly-zmb/zmb-z9-24/20250225-16-34224.html,0f8748a98e03e9ac
Z9/24,https://apl.brno.cz/protokoly-zmb/zmb-z9-24/20250225-17-35103.html,0f8748a98e03e9ac
Z9/24,https://apl.brno.cz/protokoly-zmb/zmb-z9-24/20250225-18-35130.html,0f8748a98e03e9ac
Z9/24,https://apl.brno.cz/protokoly-zmb/zmb-z9-24/20250225-19-35157.html,0f8748a98e03e9ac
Z9/24,https://apl.brno.cz/protokoly-zmb/zmb-z9-24/20250225-20-35185.html,0f8748a98e03e9ac
Z9/24,https://apl.brno.cz/protokoly-zmb/zmb-z9-24/20250225-21-35215.html,0f8748a98e03e9ac
Z9/24,https://apl.brno.cz/protokoly-zmb/zmb-z9-24/20250225-22-35249.html,0f8748a98e03e9ac
Z9/24,https://apl.brno.cz/protokoly-zmb/zmb-z9-24/20250225-23-35282.html,0f8748a98e03e9ac
Z9/24,https://apl.brno.cz/protokoly-zmb/zmb-z9-24/20250225-24-35313.html,0f8748a98e03e9ac
Z9/24,https://apl.brno.cz/protokoly-zmb/zmb-z9-24/20250225-25-35424.html,0f8748a98e03e9ac
Z9/24,https://apl.brno.cz/protokoly-zmb/zmb-z9-24/20250225-26-35453.html,0f8748a98e03e9ac
Z9/24,https://apl.brno.cz/protokoly-zmb/zmb-z9-24/20250225-27-35487.html,0f8748a98e03e9ac
Z9/24,https://apl.brno.cz/protokoly-zmb/zmb-z9-24/20250225-28-35518.html,0f8748a98e03e9ac
Z9/24,https://apl.brno.cz/protokoly-zmb/zmb-z9-24/20250225-29-35550.html,0f8748a98e03e9ac
Z9/24,https://apl.brno.cz/protokoly-zmb/zmb-z9-24/20250225-30-35629.html,0f8748a98e03e9ac
Z9/24,https://apl.brno.cz/protokoly-zmb/zmb-z9-24/20250225-31-35652.html,0f8748a98e03e9ac
Z9/24,https://apl.brno.cz/protokoly-zmb/zmb-z9-24/20250225-32-35682.html,0f8748a98e03e9ac
Z9/24,https://apl.brno.cz/protokoly-zmb/zmb-z9-24/20250225-33-35717.html,0f8748a98e03e9ac
Z9/24,https://apl.brno.cz/protokoly-zmb/zmb-z9-24/20250225-34-35746.html,0f8748a98e03e9ac
Z9/24,https://apl.brno.cz/protokoly-zmb/zmb-z9-24/20250225-35-35777.html,0f8748a98e03e9ac
Z9/24,https://apl.brno.cz/protokoly-zmb/zmb-z9-24/20250225-36-35807.html,0f8748a98e03e9ac
Z9/24,https://apl.brno.cz/protokoly-zmb/zmb-z9-24/20250225-37-35836.html,0f8748a98e03e9ac
Z9/24,https://apl.brno.cz/protokoly-zmb/zmb-z9-24/20250225-38-35865.html,0f8748a98e03e9ac
Z9/24,https://apl.brno.cz/protokoly-zmb/zmb-z9-24/20250225-39-35892.html,0f8748a98e03e9ac
Z9/24,https://apl.brno.cz/protokoly-zmb/zmb-z9-24/20250225-40-35920.html,0f8748a98e03e9ac
Z9/24,https://apl.brno.cz/protokoly-zmb/zmb-z9-24/20250225-41-35954.html,0f8748a98e03e9ac
Z9/24,https://apl.brno.cz/protokoly-zmb/zmb-z9-24/20250225-42-35999.html,0f8748a98e03e9ac
Z9/24,https://apl.brno.cz/protokoly-zmb/zmb-z9-24/20250225-43-36729.html,0f8748a98e03e9ac
Z9/24,https://apl.brno.cz/protokoly-zmb/zmb-z9-24/20250225-44-38301.html,0f8748a98e03e9ac
Z9/24,https://apl.brno.cz/protokoly-zmb/zmb-z9-24/20250225-45-38402.html,0f8748a98e03e9ac
Z9/24,https://apl.brno.cz/protokoly-zmb/zmb-z9-24/20250225-46-45759.html,0f8748a98e03e9ac
Z9/24,https://apl.brno.cz/protokoly-zmb/zmb-z9-24/20250225-47-45839.html,0f8748a98e03e9ac
Z9/24,https://apl.brno.cz/protokoly-zmb/zmb-z9-24/20250225-48-45869.html,0f8748a98e03e9ac
Z9/24,https://apl.brno.cz/protokoly-zmb/zmb-z9-24/20250225-49-46019.html,0f8748a98e03e9ac
Z9/24,https://apl.brno.cz/protokoly-zmb/zmb-z9-24/20250225-50-46060.html,0f8748a98e03e9ac
Z9/24,https://apl.brno.cz/protokoly-zmb/zmb-z9-24/20250225-51-46088.html,0f8748a98e03e9ac
Z9/24,https://apl.brno.cz/protokoly-zmb/zmb-z9-24/20250225-52-46123.html,0f8748a98e03e9ac
Z9/24,https://apl.brno.cz/protokoly-zmb/zmb-z9-24/20250225-53-46152.html,0f8748a98e03e9ac
Z9/24,https://apl.brno.cz/protokoly-zmb/zmb-z9-24/20250225-54-46215.html,0f8748a98e03e9ac
Z9/24,https://apl.brno.cz/protokoly-zmb/zmb-z9-24/20250225-55-46244.html,0f8748a98e03e9ac
Z9/24,https://apl.brno.cz/protokoly-zmb/zmb-z9-24/20250225-56-46272.html,0f8748a98e03e9ac
Z9/24,https://apl.brno.cz/protokoly-zmb/zmb-z9-24/20250225-57-46302.html,0f8748a98e03e9ac
Z9/24,https://apl.brno.cz/protokoly-zmb/zmb-z9-24/20250225-58-46339.html,0f8748a98e03e9ac
Z9/24,https://apl.brno.cz/protokoly-zmb/zmb-z9-24/20250225-59-46385.html,0f8748a98e03e9ac
Z9/24,https://apl.brno.cz/protokoly-zmb/zmb-z9-24/20250225-60-46429.html,0f8748a98e03e9ac
Z9/24,https://apl.brno.cz/protokoly-zmb/zmb-z9-24/20250225-61-46457.html,0f8748a98e03e9ac
Z9/24,https://apl.brno.cz/protokoly-zmb/zmb-z9-24/20250225-62-46486.html,0f8748a98e03e9ac
Z9/24,https://apl.brno.cz/protokoly-zmb/zmb-z9-24/20250225-63-46512.html,0f8748a98e03e9ac
Z9/24,https://apl.brno.cz/protokoly-zmb/zmb-z9-24/20250225-64-46541.html,0f8748a98e03e9ac
Z9/24,https://apl.brno.cz/protokoly-zmb/zmb-z9-24/20250225-65-46569.html,0f8748a98e03e9ac
Z9/24,https://apl.brno.cz/protokoly-zmb/zmb-z9-24/20250225-66-46598.html,0f8748a98e03e9ac
Z9/26,https://apl.brno.cz/protokoly-zmb/zmb-z9-26/20250429-1-33173.html,e5fe37ddafdb66a3
Z9/26,https://apl.brno.cz/protokoly-zmb/zmb-z9-26/20250429-2-33306.html,e5fe37ddafdb66a3
Z9/26,https://apl.brno.cz/protokoly-zmb/zmb-z9-26/20250429-3-33327.html,e5fe37ddafdb66a3
Z9/26,https://apl.brno.cz/protokoly-zmb/zmb-z9-26/20250429-4-33356.html,e5fe37ddafdb66a3
Z9/26,https://apl.brno.cz/protokoly-zmb/zmb-z9-26/20250429-5-33388.html,e5fe37ddafdb66a3
Z9/26,https://apl.brno.cz/protokoly-zmb/zmb-z9-26/20250429-6-33865.html,e5fe37ddafdb66a3
Z9/26,https://apl.brno.cz/protokoly-zmb/zmb-z9-26/20250429-7-33935.html,e5fe37ddafdb66a3
Z9/26,https://apl.brno.cz/protokoly-zmb/zmb-z9-26/20250429-8-33979.html,e5fe37ddafdb66a3
Z9/26,https://apl.brno.cz/protokoly-zmb/zmb-z9-26/20250429-9-34009.html,e5fe37ddafdb66a3
Z9/26,https://apl.brno.cz/protokoly-zmb/zmb-z9-26/20250429-11-34074.html,e5fe37ddafdb66a3
Z9/26,https://apl.brno.cz/protokoly-zmb/zmb-z9-26/20250429-12-34105.html,e5fe37ddafdb66a3
Z9/26,https://apl.brno.cz/protokoly-zmb/zmb-z9-26/20250429-13-36206.html,e5fe37ddafdb66a3
Z9/26,https://apl.brno.cz/protokoly-zmb/zmb-z9-26/20250429-14-36238.html,e5fe37ddafdb66a3
Z9/26,https://apl.brno.cz/protokoly-zmb/zmb-z9-26/20250429-15-36318.html,e5fe37ddafdb66a3
Z9/26,https://apl.brno.cz/protokoly-zmb/zmb-z9-26/20250429-16-36347.html,e5fe37ddafdb66a3
Z9/26,https://apl.brno.cz/protokoly-zmb/zmb-z9-26/20250429-17-36376.html,e5fe37ddafdb66a3
Z9/26,https://apl.brno.cz/protokoly-zmb/zmb-z9-26/20250429-18-36406.html,e5fe37ddafdb66a3
Z9/26,https://apl.brno.cz/protokoly-zmb/zmb-z9-26/20250429-19-36435.html,e5fe37ddafdb66a3
Z9/26,https://apl.brno.cz/protokoly-zmb/zmb-z9-26/20250429-20-36468.html,e5fe37ddafdb66a3
Z9/26,https://apl.brno.cz/protokoly-zmb/zmb-z9-26/20250429-21-36496.html,e5fe37ddafdb66a3
Z9/26,https://apl.brno.cz/protokoly-zmb/zmb-z9-26/20250429-22-36528.html,e5fe37ddafdb66a3
Z9/26,https://apl.brno.cz/protokoly-zmb/zmb-z9-26/20250429-23-36560.html,e5fe37ddafdb66a3
Z9/26,https://apl.brno.cz/protokoly-zmb/zmb-z9-26/20250429-25-36630.html,e5fe37ddafdb66a3
Z9/26,https://apl.brno.cz/protokoly-zmb/zmb-z9-26/20250429-26-37196.html,e5fe37ddafdb66a3
Z9/26,https://apl.brno.cz/protokoly-zmb/zmb-z9-26/20250429-27-37230.html,e5fe37ddafdb66a3
Z9/26,https://apl.brno.cz/protokoly-zmb/zmb-z9-26/20250429-28-37262.html,e5fe37ddafdb66a3
Z9/26,https://apl.brno.cz/protokoly-zmb/zmb-z9-26/20250429-29-37300.html,e5fe37ddafdb66a3
Z9/26,https://apl.brno.cz/protokoly-zmb/zmb-z9-26/20250429-30-37642.html,e5fe37ddafdb66a3
Z9/26,https://apl.brno.cz/protokoly-zmb/zmb-z9-26/20250429-31-37672.html,e5fe37ddafdb66a3
Z9/26,https://apl.brno.cz/protokoly-zmb/zmb-z9-26/20250429-32-37701.html,e5fe37ddafdb66a3
Z9/26,https://apl.brno.cz/protokoly-zmb/zmb-z9-26/20250429-33-37731.html,e5fe37ddafdb66a3
Z9/26,https://apl.brno.cz/protokoly-zmb/zmb-z9-26/20250429-34-37762.html,e5fe37ddafdb66a3
Z9/26,https://apl.brno.cz/protokoly-zmb/zmb-z9-26/20250429-35-37793.html,e5fe37ddafdb66a3
Z9/26,https://apl.brno.cz/protokoly-zmb/zmb-z9-26/20250429-38-38180.html,e5fe37ddafdb66a3
Z9/26,https://apl.brno.cz/protokoly-zmb/zmb-z9-26/20250429-39-38219.html,e5fe37ddafdb66a3
Z9/26,https://apl.brno.cz/protokoly-zmb/zmb-z9-26/20250429-40-38255.html,e5fe37ddafdb66a3
Z9/26,https://apl.brno.cz/protokoly-zmb/zmb-z9-26/20250429-41-38283.html,e5fe37ddafdb66a3
Z9/26,https://apl.brno.cz/protokoly-zmb/zmb-z9-26/20250429-42-38314.html,e5fe37ddafdb66a3
Z9/26,https://apl.brno.cz/protokoly-zmb/zmb-z9-26/20250429-43-38342.html,e5fe37ddafdb66a3
Z9/26,https://apl.brno.cz/protokoly-zmb/zmb-z9-26/20250429-44-38394.html,e5fe37ddafdb66a3
Z9/26,https://apl.brno.cz/protokoly-zmb/zmb-z9-26/20250429-45-38504.html,e5fe37ddafdb66a3
Z9/26,https://apl.brno.cz/protokoly-zmb/zmb-z9-26/20250429-46-38536.html,e5fe37ddafdb66a3
Z9/26,https://apl.brno.cz/protokoly-zmb/zmb-z9-26/20250429-47-38731.html,e5fe37ddafdb66a3
Z9/26,https://apl.brno.cz/protokoly-zmb/zmb-z9-26/20250429-48-38762.html,e5fe37ddafdb66a3
Z9/26,https://apl.brno.cz/protokoly-zmb/zmb-z9-26/20250429-49-38790.html,e5fe37ddafdb66a3
Z9/26,https://apl.brno.cz/protokoly-zmb/zmb-z9-26/20250429-50-38824.html,e5fe37ddafdb66a3
Z9/26,https://apl.brno.cz/protokoly-zmb/zmb-z9-26/20250429-51-38895.html,e5fe37ddafdb66a3
Z9/26,https://apl.brno.cz/protokoly-zmb/zmb-z9-26/20250429-52-38972.html,e5fe37ddafdb66a3
Z9/26,https://apl.brno.cz/protokoly-zmb/zmb-z9-26/20250429-53-39005.html,e5fe37ddafdb66a3
Z9/26,https://apl.brno.cz/protokoly-zmb/zmb-z9-26/20250429-54-39038.html,e5fe37ddafdb66a3
Z9/26,https://apl.brno.cz/protokoly-zmb/zmb-z9-26/20250429-55-39067.html,e5fe37ddafdb66a3
Z9/26,https://apl.brno.cz/protokoly-zmb/zmb-z9-26/20250429-56-39097.html,e5fe37ddafdb66a3
Z9/26,https://apl.brno.cz/protokoly-zmb/zmb-z9-26/20250429-57-39126.html,e5fe37ddafdb66a3
Z9/26,https://apl.brno.cz/protokoly-zmb/zmb-z9-26/20250429-58-39158.html,e5fe37ddafdb66a3
Z9/26,https://apl.brno.cz/protokoly-zmb/zmb-z9-26/20250429-59-39189.html,e5fe37ddafdb66a3
Z9/26,https://apl.brno.cz/protokoly-zmb/zmb-z9-26/20250429-60-39219.html,e5fe37ddafdb66a3
Z9/26,https://apl.brno.cz/protokoly-zmb/zmb-z9-26/20250429-61-39252.html,e5fe37ddafdb66a3
Z9/26,https://apl.brno.cz/protokoly-zmb/zmb-z9-26/20250429-62-39287.html,e5fe37ddafdb66a3
Z9/26,https://apl.brno.cz/protokoly-zmb/zmb-z9-26/20250429-63-39323.html,e5fe37ddafdb66a3
Z9/26,https://apl.brno.cz/protokoly-zmb/zmb-z9-26/20250429-64-39382.html,e5fe37ddafdb66a3
Z9/26,https://apl.brno.cz/protokoly-zmb/zmb-z9-26/20250429-65-39644.html,e5fe37ddafdb66a3
Z9/26,https://apl.brno.cz/protokoly-zmb/zmb-z9-26/20250429-66-39674.html,e5fe37ddafdb66a3
Z9/26,https://apl.brno.cz/protokoly-zmb/zmb-z9-26/20250429-67-39709.html,e5fe37ddafdb66a3
Z9/26,https://apl.brno.cz/protokoly-zmb/zmb-z9-26/20250429-68-39743.html,e5fe37ddafdb66a3
Z9/26,https://apl.brno.cz/protokoly-zmb/zmb-z9-26/20250429-69-39774.html,e5fe37ddafdb66a3
Z9/26,https://apl.brno.cz/protokoly-zmb/zmb-z9-26/20250429-70-39810.html,e5fe37ddafdb66a3
Z9/26,https://apl.brno.cz/protokoly-zmb/zmb-z9-26/20250429-71-39842.html,e5fe37ddafdb66a3
Z9/26,https://apl.brno.cz/protokoly-zmb/zmb-z9-26/20250429-72-39883.html,e5fe37ddafdb66a3
Z9/26,https://apl.brno.cz/protokoly-zmb/zmb-z9-26/20250429-73-40009.html,e5fe37ddafdb66a3
Z9/26,https://apl.brno.cz/protokoly-zmb/zmb-z9-26/20250429-74-40064.html,e5fe37ddafdb66a3
Z9/26,https://apl.brno.cz/protokoly-zmb/zmb-z9-26/20250429-75-40128.html,e5fe37ddafdb66a3
Z9/26,https://apl.brno.cz/protokoly-zmb/zmb-z9-26/20250429-76-40166.html,e5fe37ddafdb66a3
Z9/26,https://apl.brno.cz/protokoly-zmb/zmb-z9-26/20250429-77-40205.html,e5fe37ddafdb66a3
Z9/26,https://apl.brno.cz/protokoly-zmb/zmb-z9-26/20250429-78-40256.html,e5fe37ddafdb66a3
Z9/26,https://apl.brno.cz/protokoly-zmb/zmb-z9-26/20250429-79-41205.html,e5fe37ddafdb66a3
Z9/26,https://apl.brno.cz/protokoly-zmb/zmb-z9-26/20250429-81-41290.html,e5fe37ddafdb66a3
Z9/26,https://apl.brno.cz/protokoly-zmb/zmb-z9-26/20250429-82-41344.html,e5fe37ddafdb66a3
Z9/26,https://apl.brno.cz/protokoly-zmb/zmb-z9-26/20250429-83-41388.html,e5fe37ddafdb66a3
Z9/26,https://apl.brno.cz/protokoly-zmb/zmb-z9-26/20250429-84-41419.html,e5fe37ddafdb66a3
Z9/26,https://apl.brno.cz/protokoly-zmb/zmb-z9-26/20250429-85-41452.html,e5fe37ddafdb66a3
Z9/26,https://apl.brno.cz/protokoly-zmb/zmb-z9-26/20250429-86-41506.html,e5fe37ddafdb66a3
Z9/26,https://apl.brno.cz/protokoly-zmb/zmb-z9-26/20250429-87-41543.html,e5fe37ddafdb66a3
Z9/26,https://apl.brno.cz/protokoly-zmb/zmb-z9-26/20250429-88-41579.html,e5fe37ddafdb66a3
Z9/26,https://apl.brno.cz/protokoly-zmb/zmb-z9-26/20250429-89-41616.html,e5fe37ddafdb66a3
Z9/26,https://apl.brno.cz/protokoly-zmb/zmb-z9-26/20250429-90-41646.html,e5fe37ddafdb66a3
Z9/26,https://apl.brno.cz/protokoly-zmb/zmb-z9-26/20250429-91-41678.html,e5fe37ddafdb66a3
Z9/26,https://apl.brno.cz/protokoly-zmb/zmb-z9-26/20250429-92-41713.html,e5fe37ddafdb66a3
Z9/26,https://apl.brno.cz/protokoly-zmb/zmb-z9-26/20250429-93-41744.html,e5fe37ddafdb66a3
Z9/26,https://apl.brno.cz/protokoly-zmb/zmb-z9-26/20250429-94-41791.html,e5fe37ddafdb66a3
Z9/27,https://apl.brno.cz/protokoly-zmb/zmb-z9-27/20250610-2-33198.html,1ac7d00d7789f14d
Z9/27,https://apl.brno.cz/protokoly-zmb/zmb-z9-27/20250610-3-33421.html,1ac7d00d7789f14d
Z9/27,https://apl.brno.cz/protokoly-zmb/zmb-z9-27/20250610-4-33440.html,1ac7d00d7789f14d
Z9/27,https://apl.brno.cz/protokoly-zmb/zmb-z9-27/20250610-5-33465.html,1ac7d00d7789f14d
Z9/27,https://apl.brno.cz/protokoly-zmb/zmb-z9-27/20250610-6-33509.html,1ac7d00d7789f14d
Z9/27,https://apl.brno.cz/protokoly-zmb/zmb-z9-27/20250610-7-33537.html,1ac7d00d7789f14d
Z9/27,https://apl.brno.cz/protokoly-zmb/zmb-z9-27/20250610-8-33572.html,1ac7d00d7789f14d
Z9/27,https://apl.brno.cz/protokoly-zmb/zmb-z9-27/20250610-9-33973.html,1ac7d00d7789f14d
Z9/27,https://apl.brno.cz/protokoly-zmb/zmb-z9-27/20250610-10-34004.html,1ac7d00d7789f14d
Z9/27,https://apl.brno.cz/protokoly-zmb/zmb-z9-27/20250610-12-34074.html,1ac7d00d7789f14d
Z9/27,https://apl.brno.cz/protokoly-zmb/zmb-z9-27/20250610-13-34106.html,1ac7d00d7789f14d
Z9/27,https://apl.brno.cz/protokoly-zmb/zmb-z9-27/20250610-14-34134.html,1ac7d00d7789f14d
Z9/27,https://apl.brno.cz/protokoly-zmb/zmb-z9-27/20250610-15-34168.html,1ac7d00d7789f14d
Z9/27,https://apl.brno.cz/protokoly-zmb/zmb-z9-27/20250610-16-35392.html,1ac7d00d7789f14d
Z9/27,https://apl.brno.cz/protokoly-zmb/zmb-z9-27/20250610-17-35429.html,1ac7d00d7789f14d
Z9/27,https://apl.brno.cz/protokoly-zmb/zmb-z9-27/20250610-18-35650.html,1ac7d00d7789f14d
Z9/27,https://apl.brno.cz/protokoly-zmb/zmb-z9-27/20250610-19-35679.html,1ac7d00d7789f14d
Z9/27,https://apl.brno.cz/protokoly-zmb/zmb-z9-27/20250610-20-35708.html,1ac7d00d7789f14d
Z9/27,https://apl.brno.cz/protokoly-zmb/zmb-z9-27/20250610-21-35736.html,1ac7d00d7789f14d
Z9/27,https://apl.brno.cz/protokoly-zmb/zmb-z9-27/20250610-22-35769.html,1ac7d00d7789f14d
Z9/27,https://apl.brno.cz/protokoly-zmb/zmb-z9-27/20250610-23-35808.html,1ac7d00d7789f14d
Z9/27,https://apl.brno.cz/protokoly-zmb/zmb-z9-27/20250610-24-35840.html,1ac7d00d7789f14d
Z9/27,https://apl.brno.cz/protokoly-zmb/zmb-z9-27/20250610-25-35873.html,1ac7d00d7789f14d
Z9/27,https://apl.brno.cz/protokoly-zmb/zmb-z9-27/20250610-26-35904.html,1ac7d00d7789f14d
Z9/27,https://apl.brno.cz/protokoly-zmb/zmb-z9-27/20250610-27-35944.html,1ac7d00d7789f14d
Z9/27,https://apl.brno.cz/protokoly-zmb/zmb-z9-27/20250610-28-35974.html,1ac7d00d7789f14d
Z9/27,https://apl.brno.cz/protokoly-zmb/zmb-z9-27/20250610-29-36006.html,1ac7d00d7789f14d
Z9/27,https://apl.brno.cz/protokoly-zmb/zmb-z9-27/20250610-30-36038.html,1ac7d00d7789f14d
Z9/27,https://apl.brno.cz/protokoly-zmb/zmb-z9-27/20250610-31-36071.html,1ac7d00d7789f14d
Z9/27,https://apl.brno.cz/protokoly-zmb/zmb-z9-27/20250610-32-36109.html,1ac7d00d7789f14d
Z9/27,https://apl.brno.cz/protokoly-zmb/zmb-z9-27/20250610-33-36658.html,1ac7d00d7789f14d
Z9/27,https://apl.brno.cz/protokoly-zmb/zmb-z9-27/20250610-34-36689.html,1ac7d00d7789f14d
Z9/27,https://apl.brno.cz/protokoly-zmb/zmb-z9-27/20250610-35-36887.html,1ac7d00d7789f14d
Z9/27,https://apl.brno.cz/protokoly-zmb/zmb-z9-27/20250610-36-36922.html,1ac7d00d7789f14d
Z9/27,https://apl.brno.cz/protokoly-zmb/zmb-z9-27/20250610-37-36957.html,1ac7d00d7789f14d
Z9/27,https://apl.brno.cz/protokoly-zmb/zmb-z9-27/20250610-38-36989.html,1ac7d00d7789f14d
Z9/27,https://apl.brno.cz/protokoly-zmb/zmb-z9-27/20250610-39-37022.html,1ac7d00d7789f14d
Z9/27,https://apl.brno.cz/protokoly-zmb/zmb-z9-27/20250610-40-37059.html,1ac7d00d7789f14d
Z9/27,https://apl.brno.cz/protokoly-zmb/zmb-z9-27/20250610-41-37090.html,1ac7d00d7789f14d
Z9/27,https://apl.brno.cz/protokoly-zmb/zmb-z9-27/20250610-42-37127.html,1ac7d00d7789f14d
Z9/27,https://apl.brno.cz/protokoly-zmb/zmb-z9-27/20250610-43-37159.html,1ac7d00d7789f14d
Z9/27,https://apl.brno.cz/protokoly-zmb/zmb-z9-27/20250610-44-37191.html,1ac7d00d7789f14d
Z9/27,https://apl.brno.cz/protokoly-zmb/zmb-z9-27/20250610-45-37227.html,1ac7d00d7789f14d
Z9/27,https://apl.brno.cz/protokoly-zmb/zmb-z9-27/20250610-46-37314.html,1ac7d00d7789f14d
Z9/27,https://apl.brno.cz/protokoly-zmb/zmb-z9-27/20250610-47-37351.html,1ac7d00d7789f14d
Z9/27,https://apl.brno.cz/protokoly-zmb/zmb-z9-27/20250610-48-37388.html,1ac7d00d7789f14d
Z9/27,https://apl.brno.cz/protokoly-zmb/zmb-z9-27/20250610-49-37423.html,1ac7d00d7789f14d
Z9/27,https://apl.brno.cz/protokoly-zmb/zmb-z9-27/20250610-51-37517.html,1ac7d00d7789f14d
Z9/27,https://apl.brno.cz/protokoly-zmb/zmb-z9-27/20250610-52-37697.html,1ac7d00d7789f14d
Z9/27,https://apl.brno.cz/protokoly-zmb/zmb-z9-27/20250610-53-37730.html,1ac7d00d7789f14d
Z9/27,https://apl.brno.cz/protokoly-zmb/zmb-z9-27/20250610-54-37765.html,1ac7d00d7789f14d
Z9/27,https://apl.brno.cz/protokoly-zmb/zmb-z9-27/20250610-55-37799.html,1ac7d00d7789f14d
Z9/27,https://apl.brno.cz/protokoly-zmb/zmb-z9-27/20250610-56-37834.html,1ac7d00d7789f14d
Z9/27,https://apl.brno.cz/protokoly-zmb/zmb-z9-27/20250610-57-37889.html,1ac7d00d7789f14d
Z9/27,https://apl.brno.cz/protokoly-zmb/zmb-z9-27/20250610-58-37933.html,1ac7d00d7789f14d
Z9/27,https://apl.brno.cz/protokoly-zmb/zmb-z9-27/20250610-59-37970.html,1ac7d00d7789f14d
Z9/27,https://apl.brno.cz/protokoly-zmb/zmb-z9-27/20250610-60-38005.html,1ac7d00d7789f14d
Z9/27,https://apl.brno.cz/protokoly-zmb/zmb-z9-27/20250610-61-38157.html,1ac7d00d7789f14d
Z9/27,https://apl.brno.cz/protokoly-zmb/zmb-z9-27/20250610-62-38200.html,1ac7d00d7789f14d
Z9/27,https://apl.brno.cz/protokoly-zmb/zmb-z9-27/20250610-63-38235.html,1ac7d00d7789f14d
Z9/27,https://apl.brno.cz/protokoly-zmb/zmb-z9-27/20250610-64-38268.html,1ac7d00d7789f14d
Z9/27,https://apl.brno.cz/protokoly-zmb/zmb-z9-27/20250610-65-38299.html,1ac7d00d7789f14d
Z9/27,https://apl.brno.cz/protokoly-zmb/zmb-z9-27/20250610-66-38534.html,1ac7d00d7789f14d
Z9/27,https://apl.brno.cz/protokoly-zmb/zmb-z9-27/20250610-67-38564.html,1ac7d00d7789f14d
Z9/27,https://apl.brno.cz/protokoly-zmb/zmb-z9-27/20250610-68-38599.html,1ac7d00d7789f14d
Z9/27,https://apl.brno.cz/protokoly-zmb/zmb-z9-27/20250610-69-38635.html,1ac7d00d7789f14d
Z9/27,https://apl.brno.cz/protokoly-zmb/zmb-z9-27/20250610-71-38715.html,1ac7d00d7789f14d
Z9/27,https://apl.brno.cz/protokoly-zmb/zmb-z9-27/20250610-72-38745.html,1ac7d00d7789f14d
Z9/27,https://apl.brno.cz/protokoly-zmb/zmb-z9-27/20250610-73-38784.html,1ac7d00d7789f14d
Z9/27,https://apl.brno.cz/protokoly-zmb/zmb-z9-27/20250610-74-38815.html,1ac7d00d7789f14d
Z9/27,https://apl.brno.cz/protokoly-zmb/zmb-z9-27/20250610-75-38848.html,1ac7d00d7789f14d
Z9/27,https://apl.brno.cz/protokoly-zmb/zmb-z9-27/20250610-76-38880.html,1ac7d00d7789f14d
Z9/27,https://apl.brno.cz/protokoly-zmb/zmb-z9-27/20250610-77-38911.html,1ac7d00d7789f14d
Z9/27,https://apl.brno.cz/protokoly-zmb/zmb-z9-27/20250610-78-38941.html,1ac7d00d7789f14d
Z9/27,https://apl.brno.cz/protokoly-zmb/zmb-z9-27/20250610-79-38988.html,1ac7d00d7789f14d
Z9/27,https://apl.brno.cz/protokoly-zmb/zmb-z9-27/20250610-80-39021.html,1ac7d00d7789f14d
Z9/27,https://apl.brno.cz/protokoly-zmb/zmb-z9-27/20250610-81-39051.html,1ac7d00d7789f14d
Z9/27,https://apl.brno.cz/protokoly-zmb/zmb-z9-27/20250610-82-39076.html,1ac7d00d7789f14d
Z9/27,https://apl.brno.cz/protokoly-zmb/zmb-z9-27/20250610-83-39104.html,1ac7d00d7789f14d
Z9/27,https://apl.brno.cz/protokoly-zmb/zmb-z9-27/20250610-84-39175.html,1ac7d00d7789f14d
Z9/27,https://apl.brno.cz/protokoly-zmb/zmb-z9-27/20250610-85-39205.html,1ac7d00d7789f14d
Z9/27,https://apl.brno.cz/protokoly-zmb/zmb-z9-27/20250610-86-39233.html,1ac7d00d7789f14d
Z9/27,https://apl.brno.cz/protokoly-zmb/zmb-z9-27/20250610-87-39267.html,1ac7d00d7789f14d
Z9/27,https://apl.brno.cz/protokoly-zmb/zmb-z9-27/20250610-88-39296.html,1ac7d00d7789f14d
Z9/27,https://apl.brno.cz/protokoly-zmb/zmb-z9-27/20250610-89-39326.html,1ac7d00d7789f14d
Z9/27,https://apl.brno.cz/protokoly-zmb/zmb-z9-27/20250610-90-39364.html,1ac7d00d7789f14d
Z9/27,https://apl.brno.cz/protokoly-zmb/zmb-z9-27/20250610-91-39405.html,1ac7d00d7789f14d
Z9/27,https://apl.brno.cz/protokoly-zmb/zmb-z9-27/20250610-92-39446.html,1ac7d00d7789f14d
Z9/27,https://apl.brno.cz/protokoly-zmb/zmb-z9-27/20250610-93-39482.html,1ac7d00d7789f14d
Z9/27,https://apl.brno.cz/protokoly-zmb/zmb-z9-27/20250610-94-39520.html,1ac7d00d7789f14d
Z9/27,https://apl.brno.cz/protokoly-zmb/zmb-z9-27/20250610-95-39582.html,1ac7d00d7789f14d
Z9/27,https://apl.brno.cz/protokoly-zmb/zmb-z9-27/20250610-96-39729.html,1ac7d00d7789f14d
Z9/27,https://apl.brno.cz/protokoly-zmb/zmb-z9-27/20250610-97-39761.html,1ac7d00d7789f14d
Z9/27,https://apl.brno.cz/protokoly-zmb/zmb-z9-27/20250610-98-39825.html,1ac7d00d7789f14d
Z9/27,https://apl.brno.cz/protokoly-zmb/zmb-z9-27/20250610-99-39858.html,1ac7d00d7789f14d
Z9/27,https://apl.brno.cz/protokoly-zmb/zmb-z9-27/20250610-100-39893.html,1ac7d00d7789f14d
Z9/27,https://apl.brno.cz/protokoly-zmb/zmb-z9-27/20250610-101-39933.html,1ac7d00d7789f14d
Z9/27,https://apl.brno.cz/protokoly-zmb/zmb-z9-27/20250610-102-39983.html,1ac7d00d7789f14d
Z9/27,https://apl.brno.cz/protokoly-zmb/zmb-z9-27/20250610-103-40021.html,1ac7d00d7789f14d
Z9/27,https://apl.brno.cz/protokoly-zmb/zmb-z9-27/20250610-104-40062.html,1ac7d00d7789f14d
Z9/27,https://apl.brno.cz/protokoly-zmb/zmb-z9-27/20250610-105-40108.html,1ac7d00d7789f14d
Z9/27,https://apl.brno.cz/protokoly-zmb/zmb-z9-27/20250610-106-40151.html,1ac7d00d7789f14d
Z9/27,https://apl.brno.cz/protokoly-zmb/zmb-z9-27/20250610-107-40186.html,1ac7d00d7789f14d
Z9/27,https://apl.brno.cz/protokoly-zmb/zmb-z9-27/20250610-108-40237.html,1ac7d00d7789f14d
Z9/27,https://apl.brno.cz/protokoly-zmb/zmb-z9-27/20250610-109-40268.html,1ac7d00d7789f14d
Z9/27,https://apl.brno.cz/protokoly-zmb/zmb-z9-27/20250610-110-40427.html,1ac7d00d7789f14d
Z9/27,https://apl.brno.cz/protokoly-zmb/zmb-z9-27/20250610-111-40636.html,1ac7d00d7789f14d
Z9/27,https://apl.brno.cz/protokoly-zmb/zmb-z9-27/20250610-112-40668.html,1ac7d00d7789f14d
Z9/27,https://apl.brno.cz/protokoly-zmb/zmb-z9-27/20250610-113-40703.html,1ac7d00d7789f14d
Z9/27,https://apl.brno.cz/protokoly-zmb/zmb-z9-27/20250610-114-40746.html,1ac7d00d7789f14d
Z9/27,https://apl.brno.cz/protokoly-zmb/zmb-z9-27/20250610-115-40852.html,1ac7d00d7789f14d
Z9/27,https://apl.brno.cz/protokoly-zmb/zmb-z9-27/20250610-116-40879.html,1ac7d00d7789f14d
Z9/27,https://apl.brno.cz/protokoly-zmb/zmb-z9-27/20250610-117-40910.html,1ac7d00d7789f14d
Z9/27,https://apl.brno.cz/protokoly-zmb/zmb-z9-27/20250610-118-40943.html,1ac7d00d7789f14d
Z9/27,https://apl.brno.cz/protokoly-zmb/zmb-z9-27/20250610-119-40977.html,1ac7d00d7789f14d
Z9/27,https://apl.brno.cz/protokoly-zmb/zmb-z9-27/20250610-120-41008.html,1ac7d00d7789f14d
Z9/27,https://apl.brno.cz/protokoly-zmb/zmb-z9-27/20250610-121-41042.html,1ac7d00d7789f14d
Z9/27,https://apl.brno.cz/protokoly-zmb/zmb-z9-27/20250610-122-41073.html,1ac7d00d7789f14d
Z9/27,https://apl.brno.cz/protokoly-zmb/zmb-z9-27/20250610-123-41106.html,1ac7d00d7789f14d
Z9/29,https://apl.brno.cz/protokoly-zmb/zmb-z9-29/20251014-1-33418.html,af870d56898ecc01
Z9/29,https://apl.brno.cz/protokoly-zmb/zmb-z9-29/20251014-2-33633.html,af870d56898ecc01
Z9/29,https://apl.brno.cz/protokoly-zmb/zmb-z9-29/20251014-3-33703.html,af870d56898ecc01
Z9/29,https://apl.brno.cz/protokoly-zmb/zmb-z9-29/20251014-4-33738.html,af870d56898ecc01
Z9/29,https://apl.brno.cz/protokoly-zmb/zmb-z9-29/20251014-5-33767.html,af870d56898ecc01
Z9/29,https://apl.brno.cz/protokoly-zmb/zmb-z9-29/20251014-6-33834.html,af870d56898ecc01
Z9/29,https://apl.brno.cz/protokoly-zmb/zmb-z9-29/20251014-7-33942.html,af870d56898ecc01
Z9/29,https://apl.brno.cz/protokoly-zmb/zmb-z9-29/20251014-8-34197.html,af870d56898ecc01
Z9/29,https://apl.brno.cz/protokoly-zmb/zmb-z9-29/20251014-9-35473.html,af870d56898ecc01
Z9/29,https://apl.brno.cz/protokoly-zmb/zmb-z9-29/20251014-10-35501.html,af870d56898ecc01
Z9/29,https://apl.brno.cz/protokoly-zmb/zmb-z9-29/20251014-11-35532.html,af870d56898ecc01
Z9/29,https://apl.brno.cz/protokoly-zmb/zmb-z9-29/20251014-12-35562.html,af870d56898ecc01
Z9/29,https://apl.brno.cz/protokoly-zmb/zmb-z9-29/20251014-13-35594.html,af870d56898ecc01
Z9/29,https://apl.brno.cz/protokoly-zmb/zmb-z9-29/20251014-14-35627.html,af870d56898ecc01
Z9/29,https://apl.brno.cz/protokoly-zmb/zmb-z9-29/20251014-15-35657.html,af870d56898ecc01
Z9/29,https://apl.brno.cz/protokoly-zmb/zmb-z9-29/20251014-16-35694.html,af870d56898ecc01
Z9/29,https://apl.brno.cz/protokoly-zmb/zmb-z9-29/20251014-17-35727.html,af870d56898ecc01
Z9/29,https://apl.brno.cz/protokoly-zmb/zmb-z9-29/20251014-18-35821.html,af870d56898ecc01
Z9/29,https://apl.brno.cz/protokoly-zmb/zmb-z9-29/20251014-19-35977.html,af870d56898ecc01
Z9/29,https://apl.brno.cz/protokoly-zmb/zmb-z9-29/20251014-20-36008.html,af870d56898ecc01
Z9/29,https://apl.brno.cz/protokoly-zmb/zmb-z9-29/20251014-21-36044.html,af870d56898ecc01
Z9/29,https://apl.brno.cz/protokoly-zmb/zmb-z9-29/20251014-22-36079.html,af870d56898ecc01
Z9/29,https://apl.brno.cz/protokoly-zmb/zmb-z9-29/20251014-23-36116.html,af870d56898ecc01
Z9/29,https://apl.brno.cz/protokoly-zmb/zmb-z9-29/20251014-24-36155.html,af870d56898ecc01
Z9/29,https://apl.brno.cz/protokoly-zmb/zmb-z9-29/20251014-25-36188.html,af870d56898ecc01
Z9/29,https://apl.brno.cz/protokoly-zmb/zmb-z9-29/20251014-26-36228.html,af870d56898ecc01
Z9/29,https://apl.brno.cz/protokoly-zmb/zmb-z9-29/20251014-27-36262.html,af870d56898ecc01
Z9/29,https://apl.brno.cz/protokoly-zmb/zmb-z9-29/20251014-28-36293.html,af870d56898ecc01
Z9/29,https://apl.brno.cz/protokoly-zmb/zmb-z9-29/20251014-29-36672.html,af870d56898ecc01
Z9/29,https://apl.brno.cz/protokoly-zmb/zmb-z9-29/20251014-30-36703.html,af870d56898ecc01
Z9/29,https://apl.brno.cz/protokoly-zmb/zmb-z9-29/20251014-31-36736.html,af870d56898ecc01
Z9/29,https://apl.brno.cz/protokoly-zmb/zmb-z9-29/20251014-32-36779.html,af870d56898ecc01
Z9/29,https://apl.brno.cz/protokoly-zmb/zmb-z9-29/20251014-33-36810.html,af870d56898ecc01
Z9/29,https://apl.brno.cz/protokoly-zmb/zmb-z9-29/20251014-34-36843.html,af870d56898ecc01
Z9/29,https://apl.brno.cz/protokoly-zmb/zmb-z9-29/20251014-35-37278.html,af870d56898ecc01
Z9/29,https://apl.brno.cz/protokoly-zmb/zmb-z9-29/20251014-36-37313.html,af870d56898ecc01
Z9/29,https://apl.brno.cz/protokoly-zmb/zmb-z9-29/20251014-37-37343.html,af870d56898ecc01
Z9/29,https://apl.brno.cz/protokoly-zmb/zmb-z9-29/20251014-38-37381.html,af870d56898ecc01
Z9/29,https://apl.brno.cz/protokoly-zmb/zmb-z9-29/20251014-39-37417.html,af870d56898ecc01
Z9/29,https://apl.brno.cz/protokoly-zmb/zmb-z9-29/20251014-40-37450.html,af870d56898ecc01
Z9/29,https://apl.brno.cz/protokoly-zmb/zmb-z9-29/20251014-41-37498.html,af870d56898ecc01
Z9/29,https://apl.brno.cz/protokoly-zmb/zmb-z9-29/20251014-42-37532.html,af870d56898ecc01
Z9/29,https://apl.brno.cz/protokoly-zmb/zmb-z9-29/20251014-43-37570.html,af870d56898ecc01
Z9/29,https://apl.brno.cz/protokoly-zmb/zmb-z9-29/20251014-44-37601.html,af870d56898ecc01
Z9/29,https://apl.brno.cz/protokoly-zmb/zmb-z9-29/20251014-45-37639.html,af870d56898ecc01
Z9/29,https://apl.brno.cz/protokoly-zmb/zmb-z9-29/20251014-46-37669.html,af870d56898ecc01
Z9/29,https://apl.brno.cz/protokoly-zmb/zmb-z9-29/20251014-47-37697.html,af870d56898ecc01
Z9/29,https://apl.brno.cz/protokoly-zmb/zmb-z9-29/20251014-48-37730.html,af870d56898ecc01
Z9/29,https://apl.brno.cz/protokoly-zmb/zmb-z9-29/20251014-49-37760.html,af870d56898ecc01
Z9/29,https://apl.brno.cz/protokoly-zmb/zmb-z9-29/20251014-51-37917.html,af870d56898ecc01
Z9/29,https://apl.brno.cz/protokoly-zmb/zmb-z9-29/20251014-52-37949.html,af870d56898ecc01
Z9/29,https://apl.brno.cz/protokoly-zmb/zmb-z9-29/20251014-53-37983.html,af870d56898ecc01
Z9/29,https://apl.brno.cz/protokoly-zmb/zmb-z9-29/20251014-54-38012.html,af870d56898ecc01
Z9/29,https://apl.brno.cz/protokoly-zmb/zmb-z9-29/20251014-55-38044.html,af870d56898ecc01
Z9/29,https://apl.brno.cz/protokoly-zmb/zmb-z9-29/20251014-56-38082.html,af870d56898ecc01
Z9/29,https://apl.brno.cz/protokoly-zmb/zmb-z9-29/20251014-57-38125.html,af870d56898ecc01
Z9/29,https://apl.brno.cz/protokoly-zmb/zmb-z9-29/20251014-58-38176.html,af870d56898ecc01
Z9/29,https://apl.brno.cz/protokoly-zmb/zmb-z9-29/20251014-59-38204.html,af870d56898ecc01
Z9/29,https://apl.brno.cz/protokoly-zmb/zmb-z9-29/20251014-60-40645.html,af870d56898ecc01
Z9/29,https://apl.brno.cz/protokoly-zmb/zmb-z9-29/20251014-61-40712.html,af870d56898ecc01
Z9/29,https://apl.brno.cz/protokoly-zmb/zmb-z9-29/20251014-62-40765.html,af870d56898ecc01
Z9/29,https://apl.brno.cz/protokoly-zmb/zmb-z9-29/20251014-63-40814.html,af870d56898ecc01
Z9/29,https://apl.brno.cz/protokoly-zmb/zmb-z9-29/20251014-64-40857.html,af870d56898ecc01
Z9/29,https://apl.brno.cz/protokoly-zmb/zmb-z9-29/20251014-65-40894.html,af870d56898ecc01
Z9/29,https://apl.brno.cz/protokoly-zmb/zmb-z9-29/20251014-66-40931.html,af870d56898ecc01
Z9/29,https://apl.brno.cz/protokoly-zmb/zmb-z9-29/20251014-67-40969.html,af870d56898ecc01
Z9/29,https://apl.brno.cz/protokoly-zmb/zmb-z9-29/20251014-68-40998.html,af870d56898ecc01
Z9/29,https://apl.brno.cz/protokoly-zmb/zmb-z9-29/20251014-69-41029.html,af870d56898ecc01
Z9/29,https://apl.brno.cz/protokoly-zmb/zmb-z9-29/20251014-70-41065.html,af870d56898ecc01
Z9/29,https://apl.brno.cz/protokoly-zmb/zmb-z9-29/20251014-71-41093.html,af870d56898ecc01
Z9/29,https://apl.brno.cz/protokoly-zmb/zmb-z9-29/20251014-72-41126.html,af870d56898ecc01
Z9/29,https://apl.brno.cz/protokoly-zmb/zmb-z9-29/20251014-74-42810.html,af870d56898ecc01
Z9/29,https://apl.brno.cz/protokoly-zmb/zmb-z9-29/20251014-75-43125.html,af870d56898ecc01
Z9/29,https://apl.brno.cz/protokoly-zmb/zmb-z9-29/20251014-76-43159.html,af870d56898ecc01
Z9/29,https://apl.brno.cz/protokoly-zmb/zmb-z9-29/20251014-77-43194.html,af870d56898ecc01
Z9/29,https://apl.brno.cz/protokoly-zmb/zmb-z9-29/20251014-78-43228.html,af870d56898ecc01
Z9/29,https://apl.brno.cz/protokoly-zmb/zmb-z9-29/20251014-79-44141.html,af870d56898ecc01
Z9/28,https://apl.brno.cz/protokoly-zmb/zmb-z9-28/20250909-1-38264.html,7ac680d41d8d0dd0
Z9/28,https://apl.brno.cz/protokoly-zmb/zmb-z9-28/20250909-2-38550.html,7ac680d41d8d0dd0
Z9/28,https://apl.brno.cz/protokoly-zmb/zmb-z9-28/20250909-3-38572.html,7ac680d41d8d0dd0
Z9/28,https://apl.brno.cz/protokoly-zmb/zmb-z9-28/20250909-4-38670.html,7ac680d41d8d0dd0
Z9/28,https://apl.brno.cz/protokoly-zmb/zmb-z9-28/20250909-5-38701.html,7ac680d41d8d0dd0
Z9/28,https://apl.brno.cz/protokoly-zmb/zmb-z9-28/20250909-6-38733.html,7ac680d41d8d0dd0
Z9/28,https://apl.brno.cz/protokoly-zmb/zmb-z9-28/20250909-7-38765.html,7ac680d41d8d0dd0
Z9/28,https://apl.brno.cz/protokoly-zmb/zmb-z9-28/20250909-8-38794.html,7ac680d41d8d0dd0
Z9/28,https://apl.brno.cz/protokoly-zmb/zmb-z9-28/20250909-9-38827.html,7ac680d41d8d0dd0
Z9/28,https://apl.brno.cz/protokoly-zmb/zmb-z9-28/20250909-10-38862.html,7ac680d41d8d0dd0
Z9/28,https://apl.brno.cz/protokoly-zmb/zmb-z9-28/20250909-11-38897.html,7ac680d41d8d0dd0
Z9/28,https://apl.brno.cz/protokoly-zmb/zmb-z9-28/20250909-12-38933.html,7ac680d41d8d0dd0
Z9/28,https://apl.brno.cz/protokoly-zmb/zmb-z9-28/20250909-13-38966.html,7ac680d41d8d0dd0
Z9/28,https://apl.brno.cz/protokoly-zmb/zmb-z9-28/20250909-14-38998.html,7ac680d41d8d0dd0
Z9/28,https://apl.brno.cz/protokoly-zmb/zmb-z9-28/20250909-15-39032.html,7ac680d41d8d0dd0
Z9/28,https://apl.brno.cz/protokoly-zmb/zmb-z9-28/20250909-16-39069.html,7ac680d41d8d0dd0
Z9/28,https://apl.brno.cz/protokoly-zmb/zmb-z9-28/20250909-17-39102.html,7ac680d41d8d0dd0
Z9/28,https://apl.brno.cz/protokoly-zmb/zmb-z9-28/20250909-18-39136.html,7ac680d41d8d0dd0
Z9/28,https://apl.brno.cz/protokoly-zmb/zmb-z9-28/20250909-19-39168.html,7ac680d41d8d0dd0
Z9/28,https://apl.brno.cz/protokoly-zmb/zmb-z9-28/20250909-20-39204.html,7ac680d41d8d0dd0
Z9/28,https://apl.brno.cz/protokoly-zmb/zmb-z9-28/20250909-21-39237.html,7ac680d41d8d0dd0
Z9/28,https://apl.brno.cz/protokoly-zmb/zmb-z9-28/20250909-22-39267.html,7ac680d41d8d0dd0
Z9/28,https://apl.brno.cz/protokoly-zmb/zmb-z9-28/20250909-23-39297.html,7ac680d41d8d0dd0
Z9/28,https://apl.brno.cz/protokoly-zmb/zmb-z9-28/20250909-24-39335.html,7ac680d41d8d0dd0
Z9/28,https://apl.brno.cz/protokoly-zmb/zmb-z9-28/20250909-25-39365.html,7ac680d41d8d0dd0
Z9/28,https://apl.brno.cz/protokoly-zmb/zmb-z9-28/20250909-26-39393.html,7ac680d41d8d0dd0
Z9/28,https://apl.brno.cz/protokoly-zmb/zmb-z9-28/20250909-27-39420.html,7ac680d41d8d0dd0
Z9/28,https://apl.brno.cz/protokoly-zmb/zmb-z9-28/20250909-28-39590.html,7ac680d41d8d0dd0
Z9/28,https://apl.brno.cz/protokoly-zmb/zmb-z9-28/20250909-29-41972.html,7ac680d41d8d0dd0
Z9/28,https://apl.brno.cz/protokoly-zmb/zmb-z9-28/20250909-30-45337.html,7ac680d41d8d0dd0
Z9/28,https://apl.brno.cz/protokoly-zmb/zmb-z9-28/20250909-31-45382.html,7ac680d41d8d0dd0
Z9/28,https://apl.brno.cz/protokoly-zmb/zmb-z9-28/20250909-32-45411.html,7ac680d41d8d0dd0
Z9/28,https://apl.brno.cz/protokoly-zmb/zmb-z9-28/20250909-33-45442.html,7ac680d41d8d0dd0
Z9/28,https://apl.brno.cz/protokoly-zmb/zmb-z9-28/20250909-34-45557.html,7ac680d41d8d0dd0
Z9/28,https://apl.brno.cz/protokoly-zmb/zmb-z9-28/20250909-35-45583.html,7ac680d41d8d0dd0
Z9/28,https://apl.brno.cz/protokoly-zmb/zmb-z9-28/20250909-36-45612.html,7ac680d41d8d0dd0
Z9/28,https://apl.brno.cz/protokoly-zmb/zmb-z9-28/20250909-37-45688.html,7ac680d41d8d0dd0
Z9/28,https://apl.brno.cz/protokoly-zmb/zmb-z9-28/20250909-38-45868.html,7ac680d41d8d0dd0
Z9/28,https://apl.brno.cz/protokoly-zmb/zmb-z9-28/20250909-39-45895.html,7ac680d41d8d0dd0
Z9/28,https://apl.brno.cz/protokoly-zmb/zmb-z9-28/20250909-40-45923.html,7ac680d41d8d0dd0
Z9/28,https://apl.brno.cz/protokoly-zmb/zmb-z9-28/20250909-41-45962.html,7ac680d41d8d0dd0
Z9/28,https://apl.brno.cz/protokoly-zmb/zmb-z9-28/20250909-42-46023.html,7ac680d41d8d0dd0
Z9/28,https://apl.brno.cz/protokoly-zmb/zmb-z9-28/20250909-43-46053.html,7ac680d41d8d0dd0
Z9/28,https://apl.brno.cz/protokoly-zmb/zmb-z9-28/20250909-44-46129.html,7ac680d41d8d0dd0
Z9/28,https://apl.brno.cz/protokoly-zmb/zmb-z9-28/20250909-45-46358.html,7ac680d41d8d0dd0
Z9/28,https://apl.brno.cz/protokoly-zmb/zmb-z9-28/20250909-46-46387.html,7ac680d41d8d0dd0
Z9/28,https://apl.brno.cz/protokoly-zmb/zmb-z9-28/20250909-47-46421.html,7ac680d41d8d0dd0
Z9/28,https://apl.brno.cz/protokoly-zmb/zmb-z9-28/20250909-48-46487.html,7ac680d41d8d0dd0
Z9/28,https://apl.brno.cz/protokoly-zmb/zmb-z9-28/20250909-49-46520.html,7ac680d41d8d0dd0
Z9/28,https://apl.brno.cz/protokoly-zmb/zmb-z9-28/20250909-50-46575.html,7ac680d41d8d0dd0
Z9/28,https://apl.brno.cz/protokoly-zmb/zmb-z9-28/20250909-51-46605.html,7ac680d41d8d0dd0
Z9/28,https://apl.brno.cz/protokoly-zmb/zmb-z9-28/20250909-52-46637.html,7ac680d41d8d0dd0
Z9/28,https://apl.brno.cz/protokoly-zmb/zmb-z9-28/20250909-53-46667.html,7ac680d41d8d0dd0
Z9/28,https://apl.brno.cz/protokoly-zmb/zmb-z9-28/20250909-54-46923.html,7ac680d41d8d0dd0
Z9/28,https://apl.brno.cz/protokoly-zmb/zmb-z9-28/20250909-55-53140.html,7ac680d41d8d0dd0
Z9/28,https://apl.brno.cz/protokoly-zmb/zmb-z9-28/20250909-56-53253.html,7ac680d41d8d0dd0
Z9/28,https://apl.brno.cz/protokoly-zmb/zmb-z9-28/20250909-57-53384.html,7ac680d41d8d0dd0
Z9/28,https://apl.brno.cz/protokoly-zmb/zmb-z9-28/20250909-58-53414.html,7ac680d41d8d0dd0
Z9/28,https://apl.brno.cz/protokoly-zmb/zmb-z9-28/20250909-59-53448.html,7ac680d41d8d0dd0
Z9/28,https://apl.brno.cz/protokoly-zmb/zmb-z9-28/20250909-60-53483.html,7ac680d41d8d0dd0
Z9/28,https://apl.brno.cz/protokoly-zmb/zmb-z9-28/20250909-61-53514.html,7ac680d41d8d0dd0
Z9/28,https://apl.brno.cz/protokoly-zmb/zmb-z9-28/20250909-62-53565.html,7ac680d41d8d0dd0
Z9/28,https://apl.brno.cz/protokoly-zmb/zmb-z9-28/20250909-63-53600.html,7ac680d41d8d0dd0
Z9/28,https://apl.brno.cz/protokoly-zmb/zmb-z9-28/20250909-64-53707.html,7ac680d41d8d0dd0
Z9/28,https://apl.brno.cz/protokoly-zmb/zmb-z9-28/20250909-65-53746.html,7ac680d41d8d0dd0
Z9/28,https://apl.brno.cz/protokoly-zmb/zmb-z9-28/20250909-66-53779.html,7ac680d41d8d0dd0
Z9/28,https://apl.brno.cz/protokoly-zmb/zmb-z9-28/20250909-67-53809.html,7ac680d41d8d0dd0
Z9/28,https://apl.brno.cz/protokoly-zmb/zmb-z9-28/20250909-68-53842.html,7ac680d41d8d0dd0
Z9/28,https://apl.brno.cz/protokoly-zmb/zmb-z9-28/20250909-69-53874.html,7ac680d41d8d0dd0
Z9/28,https://apl.brno.cz/protokoly-zmb/zmb-z9-28/20250909-70-53913.html,7ac680d41d8d0dd0
Z9/28,https://apl.brno.cz/protokoly-zmb/zmb-z9-28/20250909-71-53944.html,7ac680d41d8d0dd0
Z9/28,https://apl.brno.cz/protokoly-zmb/zmb-z9-28/20250909-72-53995.html,7ac680d41d8d0dd0
Z9/28,https://apl.brno.cz/protokoly-zmb/zmb-z9-28/20250909-73-54024.html,7ac680d41d8d0dd0
Z9/28,https://apl.brno.cz/protokoly-zmb/zmb-z9-28/20250909-74-54056.html,7ac680d41d8d0dd0
Z9/28,https://apl.brno.cz/protokoly-zmb/zmb-z9-28/20250909-75-54098.html,7ac680d41d8d0dd0
Z9/28,https://apl.brno.cz/protokoly-zmb/zmb-z9-28/20250909-76-54147.html,7ac680d41d8d0dd0
Z9/28,https://apl.brno.cz/protokoly-zmb/zmb-z9-28/20250909-77-54183.html,7ac680d41d8d0dd0
Z9/28,https://apl.brno.cz/protokoly-zmb/zmb-z9-28/20250909-78-54212.html,7ac680d41d8d0dd0
Z9/28,https://apl.brno.cz/protokoly-zmb/zmb-z9-28/20250909-79-54240.html,7ac680d41d8d0dd0
Z9/28,https://apl.brno.cz/protokoly-zmb/zmb-z9-28/20250909-80-54270.html,7ac680d41d8d0dd0
Z9/28,https://apl.brno.cz/protokoly-zmb/zmb-z9-28/20250909-81-54322.html,7ac680d41d8d0dd0
Z9/28,https://apl.brno.cz/protokoly-zmb/zmb-z9-28/20250909-82-54350.html,7ac680d41d8d0dd0
Z9/28,https://apl.brno.cz/protokoly-zmb/zmb-z9-28/20250909-83-54380.html,7ac680d41d8d0dd0
Z9/28,https://apl.brno.cz/protokoly-zmb/zmb-z9-28/20250909-84-54412.html,7ac680d41d8d0dd0
Z9/28,https://apl.brno.cz/protokoly-zmb/zmb-z9-28/20250909-85-54475.html,7ac680d41d8d0dd0
Z9/28,https://apl.brno.cz/protokoly-zmb/zmb-z9-28/20250909-86-54506.html,7ac680d41d8d0dd0
Z9/28,https://apl.brno.cz/protokoly-zmb/zmb-z9-28/20250909-87-54533.html,7ac680d41d8d0dd0
Z9/28,https://apl.brno.cz/protokoly-zmb/zmb-z9-28/20250909-88-54612.html,7ac680d41d8d0dd0
Z9/28,https://apl.brno.cz/protokoly-zmb/zmb-z9-28/20250909-89-54650.html,7ac680d41d8d0dd0
Z9/28,https://apl.brno.cz/protokoly-zmb/zmb-z9-28/20250909-90-54679.html,7ac680d41d8d0dd0
Z9/28,https://apl.brno.cz/protokoly-zmb/zmb-z9-28/20250909-91-54713.html,7ac680d41d8d0dd0
Z9/28,https://apl.brno.cz/protokoly-zmb/zmb-z9-28/20250909-92-54743.html,7ac680d41d8d0dd0
Z9/28,https://apl.brno.cz/protokoly-zmb/zmb-z9-28/20250909-93-54775.html,7ac680d41d8d0dd0
Z9/28,https://apl.brno.cz/protokoly-zmb/zmb-z9-28/20250909-94-54810.html,7ac680d41d8d0dd0
Z9/28,https://apl.brno.cz/protokoly-zmb/zmb-z9-28/20250909-95-54838.html,7ac680d41d8d0dd0
Z9/30,https://apl.brno.cz/protokoly-zmb/zmb-z9-30/20251111-1-34111.html,b92d222bc5bd1312
Z9/30,https://apl.brno.cz/protokoly-zmb/zmb-z9-30/20251111-2-34275.html,b92d222bc5bd1312
Z9/30,https://apl.brno.cz/protokoly-zmb/zmb-z9-30/20251111-3-34297.html,b92d222bc5bd1312
Z9/30,https://apl.brno.cz/protokoly-zmb/zmb-z9-30/20251111-4-34332.html,b92d222bc5bd1312
Z9/30,https://apl.brno.cz/protokoly-zmb/zmb-z9-30/20251111-5-36465.html,b92d222bc5bd1312
Z9/30,https://apl.brno.cz/protokoly-zmb/zmb-z9-30/20251111-6-36492.html,b92d222bc5bd1312
Z9/30,https://apl.brno.cz/protokoly-zmb/zmb-z9-30/20251111-7-36523.html,b92d222bc5bd1312
Z9/30,https://apl.brno.cz/protokoly-zmb/zmb-z9-30/20251111-8-36553.html,b92d222bc5bd1312
Z9/30,https://apl.brno.cz/protokoly-zmb/zmb-z9-30/20251111-9-36870.html,b92d222bc5bd1312
Z9/30,https://apl.brno.cz/protokoly-zmb/zmb-z9-30/20251111-10-36901.html,b92d222bc5bd1312
Z9/30,https://apl.brno.cz/protokoly-zmb/zmb-z9-30/20251111-11-36938.html,b92d222bc5bd1312
Z9/30,https://apl.brno.cz/protokoly-zmb/zmb-z9-30/20251111-12-36967.html,b92d222bc5bd1312
Z9/30,https://apl.brno.cz/protokoly-zmb/zmb-z9-30/20251111-13-36998.html,b92d222bc5bd1312
Z9/30,https://apl.brno.cz/protokoly-zmb/zmb-z9-30/20251111-14-37025.html,b92d222bc5bd1312
Z9/30,https://apl.brno.cz/protokoly-zmb/zmb-z9-30/20251111-15-37059.html,b92d222bc5bd1312
Z9/30,https://apl.brno.cz/protokoly-zmb/zmb-z9-30/20251111-16-37089.html,b92d222bc5bd1312
Z9/30,https://apl.brno.cz/protokoly-zmb/zmb-z9-30/20251111-17-37122.html,b92d222bc5bd1312
Z9/30,https://apl.brno.cz/protokoly-zmb/zmb-z9-30/20251111-18-37150.html,b92d222bc5bd1312
Z9/30,https://apl.brno.cz/protokoly-zmb/zmb-z9-30/20251111-19-37180.html,b92d222bc5bd1312
Z9/30,https://apl.brno.cz/protokoly-zmb/zmb-z9-30/20251111-20-37210.html,b92d222bc5bd1312
Z9/30,https://apl.brno.cz/protokoly-zmb/zmb-z9-30/20251111-21-37238.html,b92d222bc5bd1312
Z9/30,https://apl.brno.cz/protokoly-zmb/zmb-z9-30/20251111-22-37265.html,b92d222bc5bd1312
Z9/30,https://apl.brno.cz/protokoly-zmb/zmb-z9-30/20251111-23-37296.html,b92d222bc5bd1312
Z9/30,https://apl.brno.cz/protokoly-zmb/zmb-z9-30/20251111-24-37328.html,b92d222bc5bd1312
Z9/30,https://apl.brno.cz/protokoly-zmb/zmb-z9-30/20251111-25-37365.html,b92d222bc5bd1312
Z9/30,https://apl.brno.cz/protokoly-zmb/zmb-z9-30/20251111-26-37402.html,b92d222bc5bd1312
Z9/30,https://apl.brno.cz/protokoly-zmb/zmb-z9-30/20251111-27-37432.html,b92d222bc5bd1312
Z9/30,https://apl.brno.cz/protokoly-zmb/zmb-z9-30/20251111-28-37463.html,b92d222bc5bd1312
Z9/30,https://apl.brno.cz/protokoly-zmb/zmb-z9-30/20251111-29-37497.html,b92d222bc5bd1312
Z9/30,https://apl.brno.cz/protokoly-zmb/zmb-z9-30/20251111-30-37531.html,b92d222bc5bd1312
Z9/30,https://apl.brno.cz/protokoly-zmb/zmb-z9-30/20251111-31-38137.html,b92d222bc5bd1312
Z9/30,https://apl.brno.cz/protokoly-zmb/zmb-z9-30/20251111-32-38171.html,b92d222bc5bd1312
Z9/30,https://apl.brno.cz/protokoly-zmb/zmb-z9-30/20251111-33-38203.html,b92d222bc5bd1312
Z9/30,https://apl.brno.cz/protokoly-zmb/zmb-z9-30/20251111-34-38232.html,b92d222bc5bd1312
Z9/30,https://apl.brno.cz/protokoly-zmb/zmb-z9-30/20251111-35-38261.html,b92d222bc5bd1312
Z9/30,https://apl.brno.cz/protokoly-zmb/zmb-z9-30/20251111-36-38292.html,b92d222bc5bd1312
Z9/30,https://apl.brno.cz/protokoly-zmb/zmb-z9-30/20251111-37-38327.html,b92d222bc5bd1312
Z9/30,https://apl.brno.cz/protokoly-zmb/zmb-z9-30/20251111-38-38360.html,b92d222bc5bd1312
Z9/30,https://apl.brno.cz/protokoly-zmb/zmb-z9-30/20251111-39-38402.html,b92d222bc5bd1312
Z9/30,https://apl.brno.cz/protokoly-zmb/zmb-z9-30/20251111-40-38445.html,b92d222bc5bd1312
Z9/30,https://apl.brno.cz/protokoly-zmb/zmb-z9-30/20251111-41-38488.html,b92d222bc5bd1312
Z9/30,https://apl.brno.cz/protokoly-zmb/zmb-z9-30/20251111-42-38520.html,b92d222bc5bd1312
Z9/30,https://apl.brno.cz/protokoly-zmb/zmb-z9-30/20251111-43-38549.html,b92d222bc5bd1312
Z9/30,https://apl.brno.cz/protokoly-zmb/zmb-z9-30/20251111-44-38976.html,b92d222bc5bd1312
Z9/30,https://apl.brno.cz/protokoly-zmb/zmb-z9-30/20251111-45-39459.html,b92d222bc5bd1312
Z9/30,https://apl.brno.cz/protokoly-zmb/zmb-z9-30/20251111-46-39717.html,b92d222bc5bd1312
Z9/30,https://apl.brno.cz/protokoly-zmb/zmb-z9-30/20251111-47-40229.html,b92d222bc5bd1312
Z9/30,https://apl.brno.cz/protokoly-zmb/zmb-z9-30/20251111-48-40349.html,b92d222bc5bd1312
Z9/30,https://apl.brno.cz/protokoly-zmb/zmb-z9-30/20251111-49-40408.html,b92d222bc5bd1312
Z9/30,https://apl.brno.cz/protokoly-zmb/zmb-z9-30/20251111-50-40458.html,b92d222bc5bd1312
Z9/30,https://apl.brno.cz/protokoly-zmb/zmb-z9-30/20251111-51-40678.html,b92d222bc5bd1312
Z9/30,https://apl.brno.cz/protokoly-zmb/zmb-z9-30/20251111-52-40705.html,b92d222bc5bd1312
Z9/30,https://apl.brno.cz/protokoly-zmb/zmb-z9-30/20251111-53-40732.html,b92d222bc5bd1312
Z9/30,https://apl.brno.cz/protokoly-zmb/zmb-z9-30/20251111-54-40760.html,b92d222bc5bd1312
Z9/30,https://apl.brno.cz/protokoly-zmb/zmb-z9-30/20251111-55-40789.html,b92d222bc5bd1312
Z9/30,https://apl.brno.cz/protokoly-zmb/zmb-z9-30/20251111-56-40831.html,b92d222bc5bd1312
Z9/30,https://apl.brno.cz/protokoly-zmb/zmb-z9-30/20251111-57-40868.html,b92d222bc5bd1312
Z9/30,https://apl.brno.cz/protokoly-zmb/zmb-z9-30/20251111-58-40911.html,b92d222bc5bd1312
Z9/30,https://apl.brno.cz/protokoly-zmb/zmb-z9-30/20251111-59-40945.html,b92d222bc5bd1312
Z9/30,https://apl.brno.cz/protokoly-zmb/zmb-z9-30/20251111-60-40981.html,b92d222bc5bd1312
Z9/30,https://apl.brno.cz/protokoly-zmb/zmb-z9-30/20251111-61-41014.html,b92d222bc5bd1312
Z9/30,https://apl.brno.cz/protokoly-zmb/zmb-z9-30/20251111-62-41220.html,b92d222bc5bd1312
Z9/30,https://apl.brno.cz/protokoly-zmb/zmb-z9-30/20251111-63-41260.html,b92d222bc5bd1312
Z9/30,https://apl.brno.cz/protokoly-zmb/zmb-z9-30/20251111-64-41295.html,b92d222bc5bd1312
Z9/30,https://apl.brno.cz/protokoly-zmb/zmb-z9-30/20251111-65-41331.html,b92d222bc5bd1312
Z9/30,https://apl.brno.cz/protokoly-zmb/zmb-z9-30/20251111-66-41376.html,b92d222bc5bd1312
Z9/30,https://apl.brno.cz/protokoly-zmb/zmb-z9-30/20251111-67-41408.html,b92d222bc5bd1312
Z9/30,https://apl.brno.cz/protokoly-zmb/zmb-z9-30/20251111-68-41453.html,b92d222bc5bd1312
Z9/30,https://apl.brno.cz/protokoly-zmb/zmb-z9-30/20251111-69-41490.html,b92d222bc5bd1312
Z9/30,https://apl.brno.cz/protokoly-zmb/zmb-z9-30/20251111-70-41530.html,b92d222bc5bd1312
Z9/30,https://apl.brno.cz/protokoly-zmb/zmb-z9-30/20251111-71-41567.html,b92d222bc5bd1312
Z9/30,https://apl.brno.cz/protokoly-zmb/zmb-z9-30/20251111-72-41602.html,b92d222bc5bd1312
Z9/30,https://apl.brno.cz/protokoly-zmb/zmb-z9-30/20251111-73-41853.html,b92d222bc5bd1312
Z9/30,https://apl.brno.cz/protokoly-zmb/zmb-z9-30/20251111-74-41926.html,b92d222bc5bd1312
Z9/30,https://apl.brno.cz/protokoly-zmb/zmb-z9-30/20251111-75-41960.html,b92d222bc5bd1312
Z9/30,https://apl.brno.cz/protokoly-zmb/zmb-z9-30/20251111-76-42171.html,b92d222bc5bd1312
Z9/30,https://apl.brno.cz/protokoly-zmb/zmb-z9-30/20251111-77-42215.html,b92d222bc5bd1312
Z9/30,https://apl.brno.cz/protokoly-zmb/zmb-z9-30/20251111-78-42398.html,b92d222bc5bd1312
Z9/30,https://apl.brno.cz/protokoly-zmb/zmb-z9-30/20251111-79-42441.html,b92d222bc5bd1312
Z9/30,https://apl.brno.cz/protokoly-zmb/zmb-z9-30/20251111-80-42472.html,b92d222bc5bd1312
Z9/31,https://apl.brno.cz/protokoly-zmb/zmb-z9-31/20251210-1-29400.html,be8083cfb4f00a99
Z9/31,https://apl.brno.cz/protokoly-zmb/zmb-z9-31/20251210-2-29545.html,be8083cfb4f00a99
Z9/31,https://apl.brno.cz/protokoly-zmb/zmb-z9-31/20251210-3-29580.html,be8083cfb4f00a99
Z9/31,https://apl.brno.cz/protokoly-zmb/zmb-z9-31/20251210-4-29611.html,be8083cfb4f00a99
Z9/31,https://apl.brno.cz/protokoly-zmb/zmb-z9-31/20251210-5-29647.html,be8083cfb4f00a99
Z9/31,https://apl.brno.cz/protokoly-zmb/zmb-z9-31/20251210-6-29678.html,be8083cfb4f00a99
Z9/31,https://apl.brno.cz/protokoly-zmb/zmb-z9-31/20251210-7-29710.html,be8083cfb4f00a99
Z9/31,https://apl.brno.cz/protokoly-zmb/zmb-z9-31/20251210-9-30625.html,be8083cfb4f00a99
Z9/31,https://apl.brno.cz/protokoly-zmb/zmb-z9-31/20251210-10-30659.html,be8083cfb4f00a99
Z9/31,https://apl.brno.cz/protokoly-zmb/zmb-z9-31/20251210-11-31014.html,be8083cfb4f00a99
Z9/31,https://apl.brno.cz/protokoly-zmb/zmb-z9-31/20251210-12-31047.html,be8083cfb4f00a99
Z9/31,https://apl.brno.cz/protokoly-zmb/zmb-z9-31/20251210-13-31081.html,be8083cfb4f00a99
Z9/31,https://apl.brno.cz/protokoly-zmb/zmb-z9-31/20251210-14-31111.html,be8083cfb4f00a99
Z9/31,https://apl.brno.cz/protokoly-zmb/zmb-z9-31/20251210-15-31141.html,be8083cfb4f00a99
Z9/31,https://apl.brno.cz/protokoly-zmb/zmb-z9-31/20251210-16-31175.html,be8083cfb4f00a99
Z9/31,https://apl.brno.cz/protokoly-zmb/zmb-z9-31/20251210-17-31206.html,be8083cfb4f00a99
Z9/31,https://apl.brno.cz/protokoly-zmb/zmb-z9-31/20251210-18-31236.html,be8083cfb4f00a99
Z9/31,https://apl.brno.cz/protokoly-zmb/zmb-z9-31/20251210-19-31269.html,be8083cfb4f00a99
Z9/31,https://apl.brno.cz/protokoly-zmb/zmb-z9-31/20251210-20-31304.html,be8083cfb4f00a99
Z9/31,https://apl.brno.cz/protokoly-zmb/zmb-z9-31/20251210-22-33889.html,be8083cfb4f00a99
Z9/31,https://apl.brno.cz/protokoly-zmb/zmb-z9-31/20251210-23-33930.html,be8083cfb4f00a99
Z9/31,https://apl.brno.cz/protokoly-zmb/zmb-z9-31/20251210-24-34012.html,be8083cfb4f00a99
Z9/31,https://apl.brno.cz/protokoly-zmb/zmb-z9-31/20251210-25-34041.html,be8083cfb4f00a99
Z9/31,https://apl.brno.cz/protokoly-zmb/zmb-z9-31/20251210-26-34069.html,be8083cfb4f00a99
Z9/31,https://apl.brno.cz/protokoly-zmb/zmb-z9-31/20251210-27-34163.html,be8083cfb4f00a99
Z9/31,https://apl.brno.cz/protokoly-zmb/zmb-z9-31/20251210-28-34197.html,be8083cfb4f00a99
Z9/31,https://apl.brno.cz/protokoly-zmb/zmb-z9-31/20251210-29-34848.html,be8083cfb4f00a99
Z9/31,https://apl.brno.cz/protokoly-zmb/zmb-z9-31/20251210-30-34919.html,be8083cfb4f00a99
Z9/31,https://apl.brno.cz/protokoly-zmb/zmb-z9-31/20251210-31-34949.html,be8083cfb4f00a99
Z9/31,https://apl.brno.cz/protokoly-zmb/zmb-z9-31/20251210-32-34981.html,be8083cfb4f00a99
Z9/31,https://apl.brno.cz/protokoly-zmb/zmb-z9-31/20251210-33-35009.html,be8083cfb4f00a99
Z9/31,https://apl.brno.cz/protokoly-zmb/zmb-z9-31/20251210-34-35042.html,be8083cfb4f00a99
Z9/31,https://apl.brno.cz/protokoly-zmb/zmb-z9-31/20251210-35-35070.html,be8083cfb4f00a99
Z9/31,https://apl.brno.cz/protokoly-zmb/zmb-z9-31/20251210-36-35100.html,be8083cfb4f00a99
Z9/31,https://apl.brno.cz/protokoly-zmb/zmb-z9-31/20251210-37-35127.html,be8083cfb4f00a99
Z9/31,https://apl.brno.cz/protokoly-zmb/zmb-z9-31/20251210-38-35157.html,be8083cfb4f00a99
Z9/31,https://apl.brno.cz/protokoly-zmb/zmb-z9-31/20251210-39-35186.html,be8083cfb4f00a99
Z9/31,https://apl.brno.cz/protokoly-zmb/zmb-z9-31/20251210-40-35212.html,be8083cfb4f00a99
Z9/31,https://apl.brno.cz/protokoly-zmb/zmb-z9-31/20251210-41-35242.html,be8083cfb4f00a99
Z9/31,https://apl.brno.cz/protokoly-zmb/zmb-z9-31/20251210-42-35274.html,be8083cfb4f00a99
Z9/31,https://apl.brno.cz/protokoly-zmb/zmb-z9-31/20251210-43-35303.html,be8083cfb4f00a99
Z9/31,https://apl.brno.cz/protokoly-zmb/zmb-z9-31/20251210-44-35331.html,be8083cfb4f00a99
Z9/31,https://apl.brno.cz/protokoly-zmb/zmb-z9-31/20251210-45-35360.html,be8083cfb4f00a99
Z9/31,https://apl.brno.cz/protokoly-zmb/zmb-z9-31/20251210-46-35395.html,be8083cfb4f00a99
Z9/31,https://apl.brno.cz/protokoly-zmb/zmb-z9-31/20251210-47-35426.html,be8083cfb4f00a99
Z9/31,https://apl.brno.cz/protokoly-zmb/zmb-z9-31/20251210-48-35455.html,be8083cfb4f00a99
Z9/31,https://apl.brno.cz/protokoly-zmb/zmb-z9-31/20251210-50-35520.html,be8083cfb4f00a99
Z9/31,https://apl.brno.cz/protokoly-zmb/zmb-z9-31/20251210-51-35552.html,be8083cfb4f00a99
Z9/31,https://apl.brno.cz/protokoly-zmb/zmb-z9-31/20251210-52-35583.html,be8083cfb4f00a99
Z9/31,https://apl.brno.cz/protokoly-zmb/zmb-z9-31/20251210-53-35612.html,be8083cfb4f00a99
Z9/31,https://apl.brno.cz/protokoly-zmb/zmb-z9-31/20251210-54-35645.html,be8083cfb4f00a99
Z9/31,https://apl.brno.cz/protokoly-zmb/zmb-z9-31/20251210-55-35674.html,be8083cfb4f00a99
Z9/31,https://apl.brno.cz/protokoly-zmb/zmb-z9-31/20251210-56-35705.html,be8083cfb4f00a99
Z9/31,https://apl.brno.cz/protokoly-zmb/zmb-z9-31/20251210-57-35733.html,be8083cfb4f00a99
Z9/31,https://apl.brno.cz/protokoly-zmb/zmb-z9-31/20251210-58-35767.html,be8083cfb4f00a99
Z9/31,https://apl.brno.cz/protokoly-zmb/zmb-z9-31/20251210-59-35865.html,be8083cfb4f00a99
Z9/31,https://apl.brno.cz/protokoly-zmb/zmb-z9-31/20251210-60-35930.html,be8083cfb4f00a99
Z9/31,https://apl.brno.cz/protokoly-zmb/zmb-z9-31/20251210-61-35959.html,be8083cfb4f00a99
Z9/31,https://apl.brno.cz/protokoly-zmb/zmb-z9-31/20251210-62-35989.html,be8083cfb4f00a99
Z9/31,https://apl.brno.cz/protokoly-zmb/zmb-z9-31/20251210-63-36020.html,be8083cfb4f00a99
Z9/31,https://apl.brno.cz/protokoly-zmb/zmb-z9-31/20251210-64-36049.html,be8083cfb4f00a99
Z9/31,https://apl.brno.cz/protokoly-zmb/zmb-z9-31/20251210-65-36079.html,be8083cfb4f00a99
Z9/31,https://apl.brno.cz/protokoly-zmb/zmb-z9-31/20251210-66-36133.html,be8083cfb4f00a99
Z9/31,https://apl.brno.cz/protokoly-zmb/zmb-z9-31/20251210-67-36167.html,be8083cfb4f00a99
Z9/31,https://apl.brno.cz/protokoly-zmb/zmb-z9-31/20251210-68-36206.html,be8083cfb4f00a99
Z9/31,https://apl.brno.cz/protokoly-zmb/zmb-z9-31/20251210-69-36266.html,be8083cfb4f00a99
Z9/31,https://apl.brno.cz/protokoly-zmb/zmb-z9-31/20251210-70-36303.html,be8083cfb4f00a99
Z9/31,https://apl.brno.cz/protokoly-zmb/zmb-z9-31/20251210-71-36337.html,be8083cfb4f00a99
Z9/31,https://apl.brno.cz/protokoly-zmb/zmb-z9-31/20251210-72-36399.html,be8083cfb4f00a99
Z9/31,https://apl.brno.cz/protokoly-zmb/zmb-z9-31/20251210-73-36841.html,be8083cfb4f00a99
Z9/31,https://apl.brno.cz/protokoly-zmb/zmb-z9-31/20251210-74-36879.html,be8083cfb4f00a99
Z9/31,https://apl.brno.cz/protokoly-zmb/zmb-z9-31/20251210-75-36907.html,be8083cfb4f00a99
Z9/31,https://apl.brno.cz/protokoly-zmb/zmb-z9-31/20251210-76-36937.html,be8083cfb4f00a99
Z9/31,https://apl.brno.cz/protokoly-zmb/zmb-z9-31/20251210-77-36968.html,be8083cfb4f00a99
Z9/31,https://apl.brno.cz/protokoly-zmb/zmb-z9-31/20251210-78-37000.html,be8083cfb4f00a99
Z9/31,https://apl.brno.cz/protokoly-zmb/zmb-z9-31/20251210-79-37032.html,be8083cfb4f00a99
Z9/31,https://apl.brno.cz/protokoly-zmb/zmb-z9-31/20251210-80-37060.html,be8083cfb4f00a99
Z9/31,https://apl.brno.cz/protokoly-zmb/zmb-z9-31/20251210-81-37092.html,be8083cfb4f00a99
Z9/31,https://apl.brno.cz/protokoly-zmb/zmb-z9-31/20251210-82-37130.html,be8083cfb4f00a99
Z9/32,https://apl.brno.cz/protokoly-zmb/zmb-z9-32/20260120-1-33169.html,f2d978b02f87f5fa
Z9/32,https://apl.brno.cz/protokoly-zmb/zmb-z9-32/20260120-2-33307.html,f2d978b02f87f5fa
Z9/32,https://apl.brno.cz/protokoly-zmb/zmb-z9-32/20260120-3-33326.html,f2d978b02f87f5fa
Z9/32,https://apl.brno.cz/protokoly-zmb/zmb-z9-32/20260120-4-33350.html,f2d978b02f87f5fa
Z9/32,https://apl.brno.cz/protokoly-zmb/zmb-z9-32/20260120-5-33379.html,f2d978b02f87f5fa
Z9/32,https://apl.brno.cz/protokoly-zmb/zmb-z9-32/20260120-6-33410.html,f2d978b02f87f5fa
Z9/32,https://apl.brno.cz/protokoly-zmb/zmb-z9-32/20260120-7-33446.html,f2d978b02f87f5fa
Z9/32,https://apl.brno.cz/protokoly-zmb/zmb-z9-32/20260120-8-33478.html,f2d978b02f87f5fa
Z9/32,https://apl.brno.cz/protokoly-zmb/zmb-z9-32/20260120-9-33514.html,f2d978b02f87f5fa
Z9/32,https://apl.brno.cz/protokoly-zmb/zmb-z9-32/20260120-10-33546.html,f2d978b02f87f5fa
Z9/32,https://apl.brno.cz/protokoly-zmb/zmb-z9-32/20260120-11-33584.html,f2d978b02f87f5fa
Z9/32,https://apl.brno.cz/protokoly-zmb/zmb-z9-32/20260120-12-33614.html,f2d978b02f87f5fa
Z9/32,https://apl.brno.cz/protokoly-zmb/zmb-z9-32/20260120-13-33650.html,f2d978b02f87f5fa
Z9/32,https://apl.brno.cz/protokoly-zmb/zmb-z9-32/20260120-14-33686.html,f2d978b02f87f5fa
Z9/32,https://apl.brno.cz/protokoly-zmb/zmb-z9-32/20260120-15-33717.html,f2d978b02f87f5fa
Z9/32,https://apl.brno.cz/protokoly-zmb/zmb-z9-32/20260120-16-33750.html,f2d978b02f87f5fa
Z9/32,https://apl.brno.cz/protokoly-zmb/zmb-z9-32/20260120-17-33785.html,f2d978b02f87f5fa
Z9/32,https://apl.brno.cz/protokoly-zmb/zmb-z9-32/20260120-18-33818.html,f2d978b02f87f5fa
Z9/32,https://apl.brno.cz/protokoly-zmb/zmb-z9-32/20260120-19-33849.html,f2d978b02f87f5fa
Z9/32,https://apl.brno.cz/protokoly-zmb/zmb-z9-32/20260120-20-33886.html,f2d978b02f87f5fa
Z9/32,https://apl.brno.cz/protokoly-zmb/zmb-z9-32/20260120-21-33918.html,f2d978b02f87f5fa
Z9/32,https://apl.brno.cz/protokoly-zmb/zmb-z9-32/20260120-22-33969.html,f2d978b02f87f5fa
Z9/32,https://apl.brno.cz/protokoly-zmb/zmb-z9-32/20260120-23-34003.html,f2d978b02f87f5fa
Z9/32,https://apl.brno.cz/protokoly-zmb/zmb-z9-32/20260120-24-34039.html,f2d978b02f87f5fa
Z9/32,https://apl.brno.cz/protokoly-zmb/zmb-z9-32/20260120-25-34076.html,f2d978b02f87f5fa
Z9/32,https://apl.brno.cz/protokoly-zmb/zmb-z9-32/20260120-26-34108.html,f2d978b02f87f5fa
Z9/32,https://apl.brno.cz/protokoly-zmb/zmb-z9-32/20260120-27-34145.html,f2d978b02f87f5fa
Z9/32,https://apl.brno.cz/protokoly-zmb/zmb-z9-32/20260120-28-34177.html,f2d978b02f87f5fa
Z9/32,https://apl.brno.cz/protokoly-zmb/zmb-z9-32/20260120-29-34215.html,f2d978b02f87f5fa
Z9/32,https://apl.brno.cz/protokoly-zmb/zmb-z9-32/20260120-30-34736.html,f2d978b02f87f5fa
Z9/32,https://apl.brno.cz/protokoly-zmb/zmb-z9-32/20260120-31-34770.html,f2d978b02f87f5fa
Z9/32,https://apl.brno.cz/protokoly-zmb/zmb-z9-32/20260120-32-34804.html,f2d978b02f87f5fa
Z9/32,https://apl.brno.cz/protokoly-zmb/zmb-z9-32/20260120-33-34834.html,f2d978b02f87f5fa
Z9/32,https://apl.brno.cz/protokoly-zmb/zmb-z9-32/20260120-34-34865.html,f2d978b02f87f5fa
Z9/32,https://apl.brno.cz/protokoly-zmb/zmb-z9-32/20260120-35-34893.html,f2d978b02f87f5fa
Z9/32,https://apl.brno.cz/protokoly-zmb/zmb-z9-32/20260120-36-34926.html,f2d978b02f87f5fa
Z9/32,https://apl.brno.cz/protokoly-zmb/zmb-z9-32/20260120-37-34960.html,f2d978b02f87f5fa
Z9/32,https://apl.brno.cz/protokoly-zmb/zmb-z9-32/20260120-38-35068.html,f2d978b02f87f5fa
Z9/32,https://apl.brno.cz/protokoly-zmb/zmb-z9-32/20260120-39-35116.html,f2d978b02f87f5fa
Z9/32,https://apl.brno.cz/protokoly-zmb/zmb-z9-32/20260120-40-35148.html,f2d978b02f87f5fa
Z9/32,https://apl.brno.cz/protokoly-zmb/zmb-z9-32/20260120-41-35202.html,f2d978b02f87f5fa
Z9/32,https://apl.brno.cz/protokoly-zmb/zmb-z9-32/20260120-43-35320.html,f2d978b02f87f5fa
Z9/32,https://apl.brno.cz/protokoly-zmb/zmb-z9-32/20260120-44-35360.html,f2d978b02f87f5fa
Z9/32,https://apl.brno.cz/protokoly-zmb/zmb-z9-32/20260120-45-35417.html,f2d978b02f87f5fa
Z9/32,https://apl.brno.cz/protokoly-zmb/zmb-z9-32/20260120-46-35455.html,f2d978b02f87f5fa
Z9/32,https://apl.brno.cz/protokoly-zmb/zmb-z9-32/20260120-47-35488.html,f2d978b02f87f5fa
Z9/32,https://apl.brno.cz/protokoly-zmb/zmb-z9-32/20260120-48-35534.html,f2d978b02f87f5fa
Z9/32,https://apl.brno.cz/protokoly-zmb/zmb-z9-32/20260120-49-35582.html,f2d978b02f87f5fa
Z9/32,https://apl.brno.cz/protokoly-zmb/zmb-z9-32/20260120-50-35620.html,f2d978b02f87f5fa
Z9/32,https://apl.brno.cz/protokoly-zmb/zmb-z9-32/20260120-51-35952.html,f2d978b02f87f5fa
Z9/32,https://apl.brno.cz/protokoly-zmb/zmb-z9-32/20260120-52-35993.html,f2d978b02f87f5fa
Z9/32,https://apl.brno.cz/protokoly-zmb/zmb-z9-32/20260120-53-36036.html,f2d978b02f87f5fa
Z9/32,https://apl.brno.cz/protokoly-zmb/zmb-z9-32/20260120-54-36071.html,f2d978b02f87f5fa
Z9/32,https://apl.brno.cz/protokoly-zmb/zmb-z9-32/20260120-55-36153.html,f2d978b02f87f5fa
Z9/32,https://apl.brno.cz/protokoly-zmb/zmb-z9-32/20260120-56-36185.html,f2d978b02f87f5fa
Z9/32,https://apl.brno.cz/protokoly-zmb/zmb-z9-32/20260120-57-36213.html,f2d978b02f87f5fa
Z9/32,https://apl.brno.cz/protokoly-zmb/zmb-z9-32/20260120-58-36241.html,f2d978b02f87f5fa
Z9/32,https://apl.brno.cz/protokoly-zmb/zmb-z9-32/20260120-59-36270.html,f2d978b02f87f5fa
Z9/32,https://apl.brno.cz/protokoly-zmb/zmb-z9-32/20260120-60-36299.html,f2d978b02f87f5fa
Z9/32,https://apl.brno.cz/protokoly-zmb/zmb-z9-32/20260120-61-36332.html,f2d978b02f87f5fa
Z9/32,https://apl.brno.cz/protokoly-zmb/zmb-z9-32/20260120-62-36363.html,f2d978b02f87f5fa
Z9/32,https://apl.brno.cz/protokoly-zmb/zmb-z9-32/20260120-63-36395.html,f2d978b02f87f5fa
Z9/32,https://apl.brno.cz/protokoly-zmb/zmb-z9-32/20260120-64-36428.html,f2d978b02f87f5fa
Z9/32,https://apl.brno.cz/protokoly-zmb/zmb-z9-32/20260120-65-36471.html,f2d978b02f87f5fa
Z9/32,https://apl.brno.cz/protokoly-zmb/zmb-z9-32/20260120-66-36507.html,f2d978b02f87f5fa
Z9/33,https://apl.brno.cz/protokoly-zmb/zmb-z9-33/20260303-1-33084.html,91c18ad4dbe746da
Z9/33,https://apl.brno.cz/protokoly-zmb/zmb-z9-33/20260303-2-33080.html,91c18ad4dbe746da
Z9/33,https://apl.brno.cz/protokoly-zmb/zmb-z9-33/20260303-3-33342.html,91c18ad4dbe746da
Z9/33,https://apl.brno.cz/protokoly-zmb/zmb-z9-33/20260303-4-33378.html,91c18ad4dbe746da
Z9/33,https://apl.brno.cz/protokoly-zmb/zmb-z9-33/20260303-5-33598.html,91c18ad4dbe746da
Z9/33,https://apl.brno.cz/protokoly-zmb/zmb-z9-33/20260303-6-33746.html,91c18ad4dbe746da
Z9/33,https://apl.brno.cz/protokoly-zmb/zmb-z9-33/20260303-7-28682.html,91c18ad4dbe746da
Z9/33,https://apl.brno.cz/protokoly-zmb/zmb-z9-33/20260303-8-34420.html,91c18ad4dbe746da
Z9/33,https://apl.brno.cz/protokoly-zmb/zmb-z9-33/20260303-10-40343.html,91c18ad4dbe746da
Z9/33,https://apl.brno.cz/protokoly-zmb/zmb-z9-33/20260303-12-40460.html,91c18ad4dbe746da
Z9/33,https://apl.brno.cz/protokoly-zmb/zmb-z9-33/20260303-13-40512.html,91c18ad4dbe746da
Z9/33,https://apl.brno.cz/protokoly-zmb/zmb-z9-33/20260303-14-40549.html,91c18ad4dbe746da
Z9/33,https://apl.brno.cz/protokoly-zmb/zmb-z9-33/20260303-15-40581.html,91c18ad4dbe746da
Z9/33,https://apl.brno.cz/protokoly-zmb/zmb-z9-33/20260303-16-40619.html,91c18ad4dbe746da
Z9/33,https://apl.brno.cz/protokoly-zmb/zmb-z9-33/20260303-17-40651.html,91c18ad4dbe746da
Z9/33,https://apl.brno.cz/protokoly-zmb/zmb-z9-33/20260303-18-40693.html,91c18ad4dbe746da
Z9/33,https://apl.brno.cz/protokoly-zmb/zmb-z9-33/20260303-19-40725.html,91c18ad4dbe746da
Z9/33,https://apl.brno.cz/protokoly-zmb/zmb-z9-33/20260303-20-40760.html,91c18ad4dbe746da
Z9/33,https://apl.brno.cz/protokoly-zmb/zmb-z9-33/20260303-21-40792.html,91c18ad4dbe746da
Z9/33,https://apl.brno.cz/protokoly-zmb/zmb-z9-33/20260303-22-41576.html,91c18ad4dbe746da
Z9/33,https://apl.brno.cz/protokoly-zmb/zmb-z9-33/20260303-24-41768.html,91c18ad4dbe746da
Z9/33,https://apl.brno.cz/protokoly-zmb/zmb-z9-33/20260303-25-41941.html,91c18ad4dbe746da
Z9/33,https://apl.brno.cz/protokoly-zmb/zmb-z9-33/20260303-26-41975.html,91c18ad4dbe746da
Z9/33,https://apl.brno.cz/protokoly-zmb/zmb-z9-33/20260303-27-42034.html,91c18ad4dbe746da
Z9/33,https://apl.brno.cz/protokoly-zmb/zmb-z9-33/20260303-28-42125.html,91c18ad4dbe746da
Z9/33,https://apl.brno.cz/protokoly-zmb/zmb-z9-33/20260303-29-42162.html,91c18ad4dbe746da
Z9/33,https://apl.brno.cz/protokoly-zmb/zmb-z9-33/20260303-30-42194.html,91c18ad4dbe746da
Z9/33,https://apl.brno.cz/protokoly-zmb/zmb-z9-33/20260303-31-42378.html,91c18ad4dbe746da
Z9/33,https://apl.brno.cz/protokoly-zmb/zmb-z9-33/20260303-32-42844.html,91c18ad4dbe746da
Z9/33,https://apl.brno.cz/protokoly-zmb/zmb-z9-33/20260303-33-42876.html,91c18ad4dbe746da
Z9/33,https://apl.brno.cz/protokoly-zmb/zmb-z9-33/20260303-34-42906.html,91c18ad4dbe746da
Z9/33,https://apl.brno.cz/protokoly-zmb/zmb-z9-33/20260303-35-42939.html,91c18ad4dbe746da
Z9/33,https://apl.brno.cz/protokoly-zmb/zmb-z9-33/20260303-36-42970.html,91c18ad4dbe746da
Z9/33,https://apl.brno.cz/protokoly-zmb/zmb-z9-33/20260303-37-43036.html,91c18ad4dbe746da
Z9/33,https://apl.brno.cz/protokoly-zmb/zmb-z9-33/20260303-38-43138.html,91c18ad4dbe746da
Z9/33,https://apl.brno.cz/protokoly-zmb/zmb-z9-33/20260303-39-43177.html,91c18ad4dbe746da
Z9/33,https://apl.brno.cz/protokoly-zmb/zmb-z9-33/20260303-40-43205.html,91c18ad4dbe746da
Z9/33,https://apl.brno.cz/protokoly-zmb/zmb-z9-33/20260303-41-43243.html,91c18ad4dbe746da
Z9/33,https://apl.brno.cz/protokoly-zmb/zmb-z9-33/20260303-42-43288.html,91c18ad4dbe746da
Z9/33,https://apl.brno.cz/protokoly-zmb/zmb-z9-33/20260303-43-43348.html,91c18ad4dbe746da
Z9/33,https://apl.brno.cz/protokoly-zmb/zmb-z9-33/20260303-44-43499.html,91c18ad4dbe746da
Z9/33,https://apl.brno.cz/protokoly-zmb/zmb-z9-33/20260303-45-43536.html,91c18ad4dbe746da
Z9/33,https://apl.brno.cz/protokoly-zmb/zmb-z9-33/20260303-46-43564.html,91c18ad4dbe746da
Z9/33,https://apl.brno.cz/protokoly-zmb/zmb-z9-33/20260303-47-43635.html,91c18ad4dbe746da
Z9/33,https://apl.brno.cz/protokoly-zmb/zmb-z9-33/20260303-48-43668.html,91c18ad4dbe746da
Z9/33,https://apl.brno.cz/protokoly-zmb/zmb-z9-33/20260303-49-43707.html,91c18ad4dbe746da
Z9/33,https://apl.brno.cz/protokoly-zmb/zmb-z9-33/20260303-50-43739.html,91c18ad4dbe746da
Z9/33,https://apl.brno.cz/protokoly-zmb/zmb-z9-33/20260303-51-43793.html,91c18ad4dbe746da
Z9/33,https://apl.brno.cz/protokoly-zmb/zmb-z9-33/20260303-52-43924.html,91c18ad4dbe746da
Z9/33,https://apl.brno.cz/protokoly-zmb/zmb-z9-33/20260303-53-43959.html,91c18ad4dbe746da
Z9/33,https://apl.brno.cz/protokoly-zmb/zmb-z9-33/20260303-54-43994.html,91c18ad4dbe746da
Z9/33,https://apl.brno.cz/protokoly-zmb/zmb-z9-33/20260303-55-44023.html,91c18ad4dbe746da
Z9/33,https://apl.brno.cz/protokoly-zmb/zmb-z9-33/20260303-56-44149.html,91c18ad4dbe746da
Z9/33,https://apl.brno.cz/protokoly-zmb/zmb-z9-33/20260303-57-44179.html,91c18ad4dbe746da
Z9/33,https://apl.brno.cz/protokoly-zmb/zmb-z9-33/20260303-58-44206.html,91c18ad4dbe746da
Z9/33,https://apl.brno.cz/protokoly-zmb/zmb-z9-33/20260303-59-44238.html,91c18ad4dbe746da
Z9/33,https://apl.brno.cz/protokoly-zmb/zmb-z9-33/20260303-61-44340.html,91c18ad4dbe746da
Z9/33,https://apl.brno.cz/protokoly-zmb/zmb-z9-33/20260303-62-44451.html,91c18ad4dbe746da
Z9/33,https://apl.brno.cz/protokoly-zmb/zmb-z9-33/20260303-63-44492.html,91c18ad4dbe746da
Z9/33,https://apl.brno.cz/protokoly-zmb/zmb-z9-33/20260303-64-44529.html,91c18ad4dbe746da
Z9/33,https://apl.brno.cz/protokoly-zmb/zmb-z9-33/20260303-65-44562.html,91c18ad4dbe746da
Z9/33,https://apl.brno.cz/protokoly-zmb/zmb-z9-33/20260303-66-44614.html,91c18ad4dbe746da
Z9/33,https://apl.brno.cz/protokoly-zmb/zmb-z9-33/20260303-67-44989.html,91c18ad4dbe746da
Z9/33,https://apl.brno.cz/protokoly-zmb/zmb-z9-33/20260303-68-45163.html,91c18ad4dbe746da
Z9/33,https://apl.brno.cz/protokoly-zmb/zmb-z9-33/20260303-69-45216.html,91c18ad4dbe746da
Z9/33,https://apl.brno.cz/protokoly-zmb/zmb-z9-33/20260303-70-45282.html,91c18ad4dbe746da
Z9/33,https://apl.brno.cz/protokoly-zmb/zmb-z9-33/20260303-71-45315.html,91c18ad4dbe746da
Z9/33,https://apl.brno.cz/protokoly-zmb/zmb-z9-33/20260303-72-45356.html,91c18ad4dbe746da
Z9/33,https://apl.brno.cz/protokoly-zmb/zmb-z9-33/20260303-73-45403.html,91c18ad4dbe746da
Z9/33,https://apl.brno.cz/protokoly-zmb/zmb-z9-33/20260303-74-45438.html,91c18ad4dbe746da
Z9/33,https://apl.brno.cz/protokoly-zmb/zmb-z9-33/20260303-75-45502.html,91c18ad4dbe746da
Z9/33,https://apl.brno.cz/protokoly-zmb/zmb-z9-33/20260303-76-45539.html,91c18ad4dbe746da
Z9/33,https://apl.brno.cz/protokoly-zmb/zmb-z9-33/20260303-77-45566.html,91c18ad4dbe746da
Z9/33,https://apl.brno.cz/protokoly-zmb/zmb-z9-33/20260303-78-45597.html,91c18ad4dbe746da
Z9/33,https://apl.brno.cz/protokoly-zmb/zmb-z9-33/20260303-79-45630.html,91c18ad4dbe746da
Z9/33,https://apl.brno.cz/protokoly-zmb/zmb-z9-33/20260303-80-45665.html,91c18ad4dbe746da
Z9/33,https://apl.brno.cz/protokoly-zmb/zmb-z9-33/20260303-81-45694.html,91c18ad4dbe746da
Z9/33,https://apl.brno.cz/protokoly-zmb/zmb-z9-33/20260303-82-45756.html,91c18ad4dbe746da
Z9/33,https://apl.brno.cz/protokoly-zmb/zmb-z9-33/20260303-83-45791.html,91c18ad4dbe746da
Z9/33,https://apl.brno.cz/protokoly-zmb/zmb-z9-33/20260303-84-45826.html,91c18ad4dbe746da
Z9/33,https://apl.brno.cz/protokoly-zmb/zmb-z9-33/20260303-85-45860.html,91c18ad4dbe746da
Z9/33,https://apl.brno.cz/protokoly-zmb/zmb-z9-33/20260303-86-45893.html,91c18ad4dbe746da
Z9/33,https://apl.brno.cz/protokoly-zmb/zmb-z9-33/20260303-87-47001.html,91c18ad4dbe746da
Z9/34,https://apl.brno.cz/protokoly-zmb/zmb-z9-34/20260414-1-33539.html,75ba75c42ae44f62
Z9/34,https://apl.brno.cz/protokoly-zmb/zmb-z9-34/20260414-2-34157.html,75ba75c42ae44f62
Z9/34,https://apl.brno.cz/protokoly-zmb/zmb-z9-34/20260414-4-34348.html,75ba75c42ae44f62
Z9/34,https://apl.brno.cz/protokoly-zmb/zmb-z9-34/20260414-5-34399.html,75ba75c42ae44f62
Z9/34,https://apl.brno.cz/protokoly-zmb/zmb-z9-34/20260414-6-34483.html,75ba75c42ae44f62
Z9/34,https://apl.brno.cz/protokoly-zmb/zmb-z9-34/20260414-8-45083.html,75ba75c42ae44f62
Z9/34,https://apl.brno.cz/protokoly-zmb/zmb-z9-34/20260414-9-45267.html,75ba75c42ae44f62
Z9/34,https://apl.brno.cz/protokoly-zmb/zmb-z9-34/20260414-10-45342.html,75ba75c42ae44f62
Z9/34,https://apl.brno.cz/protokoly-zmb/zmb-z9-34/20260414-11-45435.html,75ba75c42ae44f62
Z9/34,https://apl.brno.cz/protokoly-zmb/zmb-z9-34/20260414-12-45505.html,75ba75c42ae44f62
Z9/34,https://apl.brno.cz/protokoly-zmb/zmb-z9-34/20260414-13-45666.html,75ba75c42ae44f62
Z9/34,https://apl.brno.cz/protokoly-zmb/zmb-z9-34/20260414-14-45697.html,75ba75c42ae44f62
Z9/34,https://apl.brno.cz/protokoly-zmb/zmb-z9-34/20260414-15-45752.html,75ba75c42ae44f62
Z9/34,https://apl.brno.cz/protokoly-zmb/zmb-z9-34/20260414-16-45788.html,75ba75c42ae44f62
Z9/34,https://apl.brno.cz/protokoly-zmb/zmb-z9-34/20260414-17-45824.html,75ba75c42ae44f62
Z9/34,https://apl.brno.cz/protokoly-zmb/zmb-z9-34/20260414-18-45920.html,75ba75c42ae44f62
Z9/34,https://apl.brno.cz/protokoly-zmb/zmb-z9-34/20260414-19-46048.html,75ba75c42ae44f62
Z9/34,https://apl.brno.cz/protokoly-zmb/zmb-z9-34/20260414-20-46081.html,75ba75c42ae44f62
Z9/34,https://apl.brno.cz/protokoly-zmb/zmb-z9-34/20260414-21-46122.html,75ba75c42ae44f62
Z9/34,https://apl.brno.cz/protokoly-zmb/zmb-z9-34/20260414-22-46154.html,75ba75c42ae44f62
Z9/34,https://apl.brno.cz/protokoly-zmb/zmb-z9-34/20260414-23-46477.html,75ba75c42ae44f62
Z9/34,https://apl.brno.cz/protokoly-zmb/zmb-z9-34/20260414-24-46512.html,75ba75c42ae44f62
Z9/34,https://apl.brno.cz/protokoly-zmb/zmb-z9-34/20260414-25-46544.html,75ba75c42ae44f62
Z9/34,https://apl.brno.cz/protokoly-zmb/zmb-z9-34/20260414-26-46657.html,75ba75c42ae44f62
Z9/34,https://apl.brno.cz/protokoly-zmb/zmb-z9-34/20260414-27-46689.html,75ba75c42ae44f62
Z9/34,https://apl.brno.cz/protokoly-zmb/zmb-z9-34/20260414-28-46719.html,75ba75c42ae44f62
Z9/34,https://apl.brno.cz/protokoly-zmb/zmb-z9-34/20260414-29-46753.html,75ba75c42ae44f62
Z9/34,https://apl.brno.cz/protokoly-zmb/zmb-z9-34/20260414-30-46795.html,75ba75c42ae44f62
Z9/34,https://apl.brno.cz/protokoly-zmb/zmb-z9-34/20260414-31-52450.html,75ba75c42ae44f62
Z9/34,https://apl.brno.cz/protokoly-zmb/zmb-z9-34/20260414-32-52485.html,75ba75c42ae44f62
Z9/34,https://apl.brno.cz/protokoly-zmb/zmb-z9-34/20260414-33-52536.html,75ba75c42ae44f62
Z9/34,https://apl.brno.cz/protokoly-zmb/zmb-z9-34/20260414-34-52570.html,75ba75c42ae44f62
Z9/34,https://apl.brno.cz/protokoly-zmb/zmb-z9-34/20260414-35-52600.html,75ba75c42ae44f62
Z9/34,https://apl.brno.cz/protokoly-zmb/zmb-z9-34/20260414-36-52633.html,75ba75c42ae44f62
Z9/34,https://apl.brno.cz/protokoly-zmb/zmb-z9-34/20260414-37-52664.html,75ba75c42ae44f62
Z9/34,https://apl.brno.cz/protokoly-zmb/zmb-z9-34/20260414-38-52704.html,75ba75c42ae44f62
Z9/34,https://apl.brno.cz/protokoly-zmb/zmb-z9-34/20260414-39-52735.html,75ba75c42ae44f62
Z9/34,https://apl.brno.cz/protokoly-zmb/zmb-z9-34/20260414-40-52765.html,75ba75c42ae44f62
Z9/34,https://apl.brno.cz/protokoly-zmb/zmb-z9-34/20260414-41-52795.html,75ba75c42ae44f62
Z9/34,https://apl.brno.cz/protokoly-zmb/zmb-z9-34/20260414-42-52828.html,75ba75c42ae44f62
Z9/34,https://apl.brno.cz/protokoly-zmb/zmb-z9-34/20260414-43-52863.html,75ba75c42ae44f62
Z9/34,https://apl.brno.cz/protokoly-zmb/zmb-z9-34/20260414-44-52894.html,75ba75c42ae44f62
Z9/34,https://apl.brno.cz/protokoly-zmb/zmb-z9-34/20260414-45-52966.html,75ba75c42ae44f62
Z9/34,https://apl.brno.cz/protokoly-zmb/zmb-z9-34/20260414-46-53053.html,75ba75c42ae44f62
Z9/34,https://apl.brno.cz/protokoly-zmb/zmb-z9-34/20260414-47-53145.html,75ba75c42ae44f62
Z9/34,https://apl.brno.cz/protokoly-zmb/zmb-z9-34/20260414-48-53173.html,75ba75c42ae44f62
Z9/34,https://apl.brno.cz/protokoly-zmb/zmb-z9-34/20260414-49-53203.html,75ba75c42ae44f62
Z9/34,https://apl.brno.cz/protokoly-zmb/zmb-z9-34/20260414-50-53232.html,75ba75c42ae44f62
Z9/34,https://apl.brno.cz/protokoly-zmb/zmb-z9-34/20260414-51-53261.html,75ba75c42ae44f62
Z9/34,https://apl.brno.cz/protokoly-zmb/zmb-z9-34/20260414-52-53290.html,75ba75c42ae44f62
Z9/34,https://apl.brno.cz/protokoly-zmb/zmb-z9-34/20260414-53-53319.html,75ba75c42ae44f62
Z9/34,https://apl.brno.cz/protokoly-zmb/zmb-z9-34/20260414-54-53348.html,75ba75c42ae44f62
Z9/34,https://apl.brno.cz/protokoly-zmb/zmb-z9-34/20260414-56-53420.html,75ba75c42ae44f62
Z9/34,https://apl.brno.cz/protokoly-zmb/zmb-z9-34/20260414-57-53451.html,75ba75c42ae44f62
Z9/34,https://apl.brno.cz/protokoly-zmb/zmb-z9-34/20260414-58-53486.html,75ba75c42ae44f62
Z9/34,https://apl.brno.cz/protokoly-zmb/zmb-z9-34/20260414-59-53520.html,75ba75c42ae44f62
Z9/34,https://apl.brno.cz/protokoly-zmb/zmb-z9-34/20260414-60-53547.html,75ba75c42ae44f62
Z9/34,https://apl.brno.cz/protokoly-zmb/zmb-z9-34/20260414-61-53598.html,75ba75c42ae44f62
Z9/34,https://apl.brno.cz/protokoly-zmb/zmb-z9-34/20260414-62-53643.html,75ba75c42ae44f62
Z9/34,https://apl.brno.cz/protokoly-zmb/zmb-z9-34/20260414-63-53678.html,75ba75c42ae44f62
Z9/34,https://apl.brno.cz/protokoly-zmb/zmb-z9-34/20260414-64-53707.html,75ba75c42ae44f62
Z9/34,https://apl.brno.cz/protokoly-zmb/zmb-z9-34/20260414-65-53739.html,75ba75c42ae44f62
Z9/34,https://apl.brno.cz/protokoly-zmb/zmb-z9-34/20260414-66-53769.html,75ba75c42ae44f62
Z9/34,https://apl.brno.cz/protokoly-zmb/zmb-z9-34/20260414-67-53798.html,75ba75c42ae44f62
Z9/34,https://apl.brno.cz/protokoly-zmb/zmb-z9-34/20260414-68-53830.html,75ba75c42ae44f62
Z9/34,https://apl.brno.cz/protokoly-zmb/zmb-z9-34/20260414-69-53861.html,75ba75c42ae44f62
Z9/34,https://apl.brno.cz/protokoly-zmb/zmb-z9-34/20260414-70-53894.html,75ba75c42ae44f62
Z9/34,https://apl.brno.cz/protokoly-zmb/zmb-z9-34/20260414-71-53954.html,75ba75c42ae44f62
Z9/34,https://apl.brno.cz/protokoly-zmb/zmb-z9-34/20260414-72-53986.html,75ba75c42ae44f62
Z9/34,https://apl.brno.cz/protokoly-zmb/zmb-z9-34/20260414-73-54043.html,75ba75c42ae44f62
Z9/34,https://apl.brno.cz/protokoly-zmb/zmb-z9-34/20260414-74-54082.html,75ba75c42ae44f62
Z9/34,https://apl.brno.cz/protokoly-zmb/zmb-z9-34/20260414-75-54123.html,75ba75c42ae44f62
Z9/34,https://apl.brno.cz/protokoly-zmb/zmb-z9-34/20260414-77-54224.html,75ba75c42ae44f62
Z9/34,https://apl.brno.cz/protokoly-zmb/zmb-z9-34/20260414-78-54269.html,75ba75c42ae44f62
Z9/34,https://apl.brno.cz/protokoly-zmb/zmb-z9-34/20260414-79-54306.html,75ba75c42ae44f62
Z9/34,https://apl.brno.cz/protokoly-zmb/zmb-z9-34/20260414-80-54372.html,75ba75c42ae44f62
Z9/34,https://apl.brno.cz/protokoly-zmb/zmb-z9-34/20260414-81-54443.html,75ba75c42ae44f62
Z9/34,https://apl.brno.cz/protokoly-zmb/zmb-z9-34/20260414-82-54481.html,75ba75c42ae44f62
Z9/34,https://apl.brno.cz/protokoly-zmb/zmb-z9-34/20260414-83-54515.html,75ba75c42ae44f62
Z9/34,https://apl.brno.cz/protokoly-zmb/zmb-z9-34/20260414-84-54557.html,75ba75c42ae44f62
Z9/34,https://apl.brno.cz/protokoly-zmb/zmb-z9-34/20260414-85-54592.html,75ba75c42ae44f62
Z9/34,https://apl.brno.cz/protokoly-zmb/zmb-z9-34/20260414-86-54625.html,75ba75c42ae44f62
Z9/34,https://apl.brno.cz/protokoly-zmb/zmb-z9-34/20260414-87-54656.html,75ba75c42ae44f62
Z9/34,https://apl.brno.cz/protokoly-zmb/zmb-z9-34/20260414-88-54722.html,75ba75c42ae44f62
Z9/34,https://apl.brno.cz/protokoly-zmb/zmb-z9-34/20260414-89-54753.html,75ba75c42ae44f62
Z9/34,https://apl.brno.cz/protokoly-zmb/zmb-z9-34/20260414-90-54846.html,75ba75c42ae44f62
Z9/34,https://apl.brno.cz/protokoly-zmb/zmb-z9-34/20260414-91-54932.html,75ba75c42ae44f62
Z9/34,https://apl.brno.cz/protokoly-zmb/zmb-z9-34/20260414-92-55143.html,75ba75c42ae44f62
Z9/34,https://apl.brno.cz/protokoly-zmb/zmb-z9-34/20260414-93-55174.html,75ba75c42ae44f62
Z9/34,https://apl.brno.cz/protokoly-zmb/zmb-z9-34/20260414-94-55228.html,75ba75c42ae44f62
Z9/34,https://apl.brno.cz/protokoly-zmb/zmb-z9-34/20260414-95-55610.html,75ba75c42ae44f62
Z9/35,https://apl.brno.cz/protokoly-zmb/zmb-z9-35/20260519-1-33065.html,0e845920a9ca9f72
Z9/35,https://apl.brno.cz/protokoly-zmb/zmb-z9-35/20260519-2-33235.html,0e845920a9ca9f72
Z9/35,https://apl.brno.cz/protokoly-zmb/zmb-z9-35/20260519-3-33262.html,0e845920a9ca9f72
Z9/35,https://apl.brno.cz/protokoly-zmb/zmb-z9-35/20260519-4-33302.html,0e845920a9ca9f72
Z9/35,https://apl.brno.cz/protokoly-zmb/zmb-z9-35/20260519-5-33592.html,0e845920a9ca9f72
Z9/35,https://apl.brno.cz/protokoly-zmb/zmb-z9-35/20260519-6-33627.html,0e845920a9ca9f72
Z9/35,https://apl.brno.cz/protokoly-zmb/zmb-z9-35/20260519-7-33703.html,0e845920a9ca9f72
Z9/35,https://apl.brno.cz/protokoly-zmb/zmb-z9-35/20260519-8-33738.html,0e845920a9ca9f72
Z9/35,https://apl.brno.cz/protokoly-zmb/zmb-z9-35/20260519-9-33770.html,0e845920a9ca9f72
Z9/35,https://apl.brno.cz/protokoly-zmb/zmb-z9-35/20260519-10-33804.html,0e845920a9ca9f72
Z9/35,https://apl.brno.cz/protokoly-zmb/zmb-z9-35/20260519-11-33841.html,0e845920a9ca9f72
Z9/35,https://apl.brno.cz/protokoly-zmb/zmb-z9-35/20260519-12-33874.html,0e845920a9ca9f72
Z9/35,https://apl.brno.cz/protokoly-zmb/zmb-z9-35/20260519-13-33974.html,0e845920a9ca9f72
Z9/35,https://apl.brno.cz/protokoly-zmb/zmb-z9-35/20260519-14-34007.html,0e845920a9ca9f72
Z9/35,https://apl.brno.cz/protokoly-zmb/zmb-z9-35/20260519-15-34042.html,0e845920a9ca9f72
Z9/35,https://apl.brno.cz/protokoly-zmb/zmb-z9-35/20260519-16-34075.html,0e845920a9ca9f72
Z9/35,https://apl.brno.cz/protokoly-zmb/zmb-z9-35/20260519-17-34108.html,0e845920a9ca9f72
Z9/35,https://apl.brno.cz/protokoly-zmb/zmb-z9-35/20260519-18-35324.html,0e845920a9ca9f72
Z9/35,https://apl.brno.cz/protokoly-zmb/zmb-z9-35/20260519-19-35363.html,0e845920a9ca9f72
Z9/35,https://apl.brno.cz/protokoly-zmb/zmb-z9-35/20260519-20-35651.html,0e845920a9ca9f72
Z9/35,https://apl.brno.cz/protokoly-zmb/zmb-z9-35/20260519-21-36412.html,0e845920a9ca9f72
Z9/35,https://apl.brno.cz/protokoly-zmb/zmb-z9-35/20260519-22-36442.html,0e845920a9ca9f72
Z9/35,https://apl.brno.cz/protokoly-zmb/zmb-z9-35/20260519-23-36470.html,0e845920a9ca9f72
Z9/35,https://apl.brno.cz/protokoly-zmb/zmb-z9-35/20260519-24-36504.html,0e845920a9ca9f72
Z9/35,https://apl.brno.cz/protokoly-zmb/zmb-z9-35/20260519-25-36534.html,0e845920a9ca9f72
Z9/35,https://apl.brno.cz/protokoly-zmb/zmb-z9-35/20260519-26-36568.html,0e845920a9ca9f72
Z9/35,https://apl.brno.cz/protokoly-zmb/zmb-z9-35/20260519-27-36601.html,0e845920a9ca9f72
Z9/35,https://apl.brno.cz/protokoly-zmb/zmb-z9-35/20260519-28-36631.html,0e845920a9ca9f72
Z9/35,https://apl.brno.cz/protokoly-zmb/zmb-z9-35/20260519-29-36662.html,0e845920a9ca9f72
Z9/35,https://apl.brno.cz/protokoly-zmb/zmb-z9-35/20260519-30-36696.html,0e845920a9ca9f72
Z9/35,https://apl.brno.cz/protokoly-zmb/zmb-z9-35/20260519-31-36735.html,0e845920a9ca9f72
Z9/35,https://apl.brno.cz/protokoly-zmb/zmb-z9-35/20260519-32-36769.html,0e845920a9ca9f72
Z9/35,https://apl.brno.cz/protokoly-zmb/zmb-z9-35/20260519-33-36805.html,0e845920a9ca9f72
Z9/35,https://apl.brno.cz/protokoly-zmb/zmb-z9-35/20260519-34-36870.html,0e845920a9ca9f72
Z9/35,https://apl.brno.cz/protokoly-zmb/zmb-z9-35/20260519-35-36905.html,0e845920a9ca9f72
Z9/35,https://apl.brno.cz/protokoly-zmb/zmb-z9-35/20260519-36-36955.html,0e845920a9ca9f72
Z9/35,https://apl.brno.cz/protokoly-zmb/zmb-z9-35/20260519-37-37029.html,0e845920a9ca9f72
Z9/35,https://apl.brno.cz/protokoly-zmb/zmb-z9-35/20260519-38-37079.html,0e845920a9ca9f72
Z9/35,https://apl.brno.cz/protokoly-zmb/zmb-z9-35/20260519-39-37113.html,0e845920a9ca9f72
Z9/35,https://apl.brno.cz/protokoly-zmb/zmb-z9-35/20260519-40-37147.html,0e845920a9ca9f72
Z9/35,https://apl.brno.cz/protokoly-zmb/zmb-z9-35/20260519-41-37185.html,0e845920a9ca9f72
Z9/35,https://apl.brno.cz/protokoly-zmb/zmb-z9-35/20260519-42-37221.html,0e845920a9ca9f72
Z9/35,https://apl.brno.cz/protokoly-zmb/zmb-z9-35/20260519-43-37253.html,0e845920a9ca9f72
Z9/35,https://apl.brno.cz/protokoly-zmb/zmb-z9-35/20260519-44-37291.html,0e845920a9ca9f72
Z9/35,https://apl.brno.cz/protokoly-zmb/zmb-z9-35/20260519-45-37378.html,0e845920a9ca9f72
Z9/35,https://apl.brno.cz/protokoly-zmb/zmb-z9-35/20260519-46-37463.html,0e845920a9ca9f72
Z9/35,https://apl.brno.cz/protokoly-zmb/zmb-z9-35/20260519-47-37501.html,0e845920a9ca9f72
Z9/35,https://apl.brno.cz/protokoly-zmb/zmb-z9-35/20260519-48-37552.html,0e845920a9ca9f72
Z9/35,https://apl.brno.cz/protokoly-zmb/zmb-z9-35/20260519-49-37591.html,0e845920a9ca9f72
Z9/35,https://apl.brno.cz/protokoly-zmb/zmb-z9-35/20260519-50-37965.html,0e845920a9ca9f72
Z9/35,https://apl.brno.cz/protokoly-zmb/zmb-z9-35/20260519-51-38243.html,0e845920a9ca9f72
Z9/35,https://apl.brno.cz/protokoly-zmb/zmb-z9-35/20260519-52-38273.html,0e845920a9ca9f72
Z9/35,https://apl.brno.cz/protokoly-zmb/zmb-z9-35/20260519-53-38308.html,0e845920a9ca9f72
Z9/35,https://apl.brno.cz/protokoly-zmb/zmb-z9-35/20260519-54-38345.html,0e845920a9ca9f72
Z9/35,https://apl.brno.cz/protokoly-zmb/zmb-z9-35/20260519-55-38383.html,0e845920a9ca9f72
Z9/35,https://apl.brno.cz/protokoly-zmb/zmb-z9-35/20260519-56-38416.html,0e845920a9ca9f72
Z9/35,https://apl.brno.cz/protokoly-zmb/zmb-z9-35/20260519-57-38529.html,0e845920a9ca9f72
Z9/35,https://apl.brno.cz/protokoly-zmb/zmb-z9-35/20260519-58-38565.html,0e845920a9ca9f72
Z9/35,https://apl.brno.cz/protokoly-zmb/zmb-z9-35/20260519-59-38654.html,0e845920a9ca9f72
Z9/35,https://apl.brno.cz/protokoly-zmb/zmb-z9-35/20260519-60-38690.html,0e845920a9ca9f72
Z9/35,https://apl.brno.cz/protokoly-zmb/zmb-z9-35/20260519-61-38729.html,0e845920a9ca9f72
Z9/35,https://apl.brno.cz/protokoly-zmb/zmb-z9-35/20260519-62-39057.html,0e845920a9ca9f72
Z9/35,https://apl.brno.cz/protokoly-zmb/zmb-z9-35/20260519-63-39113.html,0e845920a9ca9f72
Z9/35,https://apl.brno.cz/protokoly-zmb/zmb-z9-35/20260519-64-39153.html,0e845920a9ca9f72
Z9/35,https://apl.brno.cz/protokoly-zmb/zmb-z9-35/20260519-65-39211.html,0e845920a9ca9f72
Z9/35,https://apl.brno.cz/protokoly-zmb/zmb-z9-35/20260519-66-39247.html,0e845920a9ca9f72
Z9/35,https://apl.brno.cz/protokoly-zmb/zmb-z9-35/20260519-67-39296.html,0e845920a9ca9f72
Z9/35,https://apl.brno.cz/protokoly-zmb/zmb-z9-35/20260519-68-39349.html,0e845920a9ca9f72
Z9/35,https://apl.brno.cz/protokoly-zmb/zmb-z9-35/20260519-69-39384.html,0e845920a9ca9f72
Z9/35,https://apl.brno.cz/protokoly-zmb/zmb-z9-35/20260519-70-39417.html,0e845920a9ca9f72
Z9/35,https://apl.brno.cz/protokoly-zmb/zmb-z9-35/20260519-71-39493.html,0e845920a9ca9f72
Z9/35,https://apl.brno.cz/protokoly-zmb/zmb-z9-35/20260519-72-39639.html,0e845920a9ca9f72
Z9/35,https://apl.brno.cz/protokoly-zmb/zmb-z9-35/20260519-73-39671.html,0e845920a9ca9f72
Z9/35,https://apl.brno.cz/protokoly-zmb/zmb-z9-35/20260519-74-39706.html,0e845920a9ca9f72
Z9/35,https://apl.brno.cz/protokoly-zmb/zmb-z9-35/20260519-75-39739.html,0e845920a9ca9f72
Z9/35,https://apl.brno.cz/protokoly-zmb/zmb-z9-35/20260519-76-39772.html,0e845920a9ca9f72
Z9/35,https://apl.brno.cz/protokoly-zmb/zmb-z9-35/20260519-77-39813.html,0e845920a9ca9f72
Z9/35,https://apl.brno.cz/protokoly-zmb/zmb-z9-35/20260519-78-39859.html,0e845920a9ca9f72
Z9/35,https://apl.brno.cz/protokoly-zmb/zmb-z9-35/20260519-79-39900.html,0e845920a9ca9f72
Z9/35,https://apl.brno.cz/protokoly-zmb/zmb-z9-35/20260519-80-40211.html,0e845920a9ca9f72
Z9/35,https://apl.brno.cz/protokoly-zmb/zmb-z9-35/20260519-81-40241.html,0e845920a9ca9f72
Z9/35,https://apl.brno.cz/protokoly-zmb/zmb-z9-35/20260519-82-40273.html,0e845920a9ca9f72
Z9/35,https://apl.brno.cz/protokoly-zmb/zmb-z9-35/20260519-83-40306.html,0e845920a9ca9f72
Z9/35,https://apl.brno.cz/protokoly-zmb/zmb-z9-35/20260519-84-40338.html,0e845920a9ca9f72
Z9/35,https://apl.brno.cz/protokoly-zmb/zmb-z9-35/20260519-85-40378.html,0e845920a9ca9f72
Z9/36,https://apl.brno.cz/protokoly-zmb/zmb-z9-36/20260623-1-34250.html,597f2a8effabe498
Z9/36,https://apl.brno.cz/protokoly-zmb/zmb-z9-36/20260623-2-35451.html,597f2a8effabe498
Z9/36,https://apl.brno.cz/protokoly-zmb/zmb-z9-36/20260623-4-35586.html,597f2a8effabe498
Z9/36,https://apl.brno.cz/protokoly-zmb/zmb-z9-36/20260623-5-35653.html,597f2a8effabe498
Z9/36,https://apl.brno.cz/protokoly-zmb/zmb-z9-36/20260623-6-35681.html,597f2a8effabe498
Z9/36,https://apl.brno.cz/protokoly-zmb/zmb-z9-36/20260623-7-35833.html,597f2a8effabe498
Z9/36,https://apl.brno.cz/protokoly-zmb/zmb-z9-36/20260623-8-40447.html,597f2a8effabe498
Z9/36,https://apl.brno.cz/protokoly-zmb/zmb-z9-36/20260623-9-54815.html,597f2a8effabe498
Z9/36,https://apl.brno.cz/protokoly-zmb/zmb-z9-36/20260623-10-54974.html,597f2a8effabe498
Z9/36,https://apl.brno.cz/protokoly-zmb/zmb-z9-36/20260623-11-55004.html,597f2a8effabe498
Z9/36,https://apl.brno.cz/protokoly-zmb/zmb-z9-36/20260623-12-55032.html,597f2a8effabe498
Z9/36,https://apl.brno.cz/protokoly-zmb/zmb-z9-36/20260623-13-55062.html,597f2a8effabe498
Z9/36,https://apl.brno.cz/protokoly-zmb/zmb-z9-36/20260623-14-55092.html,597f2a8effabe498
Z9/36,https://apl.brno.cz/protokoly-zmb/zmb-z9-36/20260623-15-55156.html,597f2a8effabe498
Z9/36,https://apl.brno.cz/protokoly-zmb/zmb-z9-36/20260623-16-55197.html,597f2a8effabe498
Z9/36,https://apl.brno.cz/protokoly-zmb/zmb-z9-36/20260623-17-55230.html,597f2a8effabe498
Z9/36,https://apl.brno.cz/protokoly-zmb/zmb-z9-36/20260623-18-55258.html,597f2a8effabe498
Z9/36,https://apl.brno.cz/protokoly-zmb/zmb-z9-36/20260623-19-55351.html,597f2a8effabe498
Z9/36,https://apl.brno.cz/protokoly-zmb/zmb-z9-36/20260623-20-55382.html,597f2a8effabe498
Z9/36,https://apl.brno.cz/protokoly-zmb/zmb-z9-36/20260623-21-55412.html,597f2a8effabe498
Z9/36,https://apl.brno.cz/protokoly-zmb/zmb-z9-36/20260623-22-55451.html,597f2a8effabe498
Z9/36,https://apl.brno.cz/protokoly-zmb/zmb-z9-36/20260623-23-55493.html,597f2a8effabe498
Z9/36,https://apl.brno.cz/protokoly-zmb/zmb-z9-36/20260623-24-55579.html,597f2a8effabe498
Z9/36,https://apl.brno.cz/protokoly-zmb/zmb-z9-36/20260623-25-55613.html,597f2a8effabe498
Z9/36,https://apl.brno.cz/protokoly-zmb/zmb-z9-36/20260623-26-55644.html,597f2a8effabe498
Z9/36,https://apl.brno.cz/protokoly-zmb/zmb-z9-36/20260623-27-55675.html,597f2a8effabe498
Z9/36,https://apl.brno.cz/protokoly-zmb/zmb-z9-36/20260623-28-55708.html,597f2a8effabe498
Z9/36,https://apl.brno.cz/protokoly-zmb/zmb-z9-36/20260623-32-55954.html,597f2a8effabe498
Z9/36,https://apl.brno.cz/protokoly-zmb/zmb-z9-36/20260623-29-55742.html,597f2a8effabe498
Z9/36,https://apl.brno.cz/protokoly-zmb/zmb-z9-36/20260623-30-55784.html,597f2a8effabe498
Z9/36,https://apl.brno.cz/protokoly-zmb/zmb-z9-36/20260623-31-55836.html,597f2a8effabe498
Z9/36,https://apl.brno.cz/protokoly-zmb/zmb-z9-36/20260623-33-55982.html,597f2a8effabe498
Z9/36,https://apl.brno.cz/protokoly-zmb/zmb-z9-36/20260623-34-56016.html,597f2a8effabe498
Z9/36,https://apl.brno.cz/protokoly-zmb/zmb-z9-36/20260623-35-56070.html,597f2a8effabe498
Z9/36,https://apl.brno.cz/protokoly-zmb/zmb-z9-36/20260623-36-56102.html,597f2a8effabe498
Z9/36,https://apl.brno.cz/protokoly-zmb/zmb-z9-36/20260623-37-56133.html,597f2a8effabe498
Z9/36,https://apl.brno.cz/protokoly-zmb/zmb-z9-36/20260623-38-56165.html,597f2a8effabe498
Z9/36,https://apl.brno.cz/protokoly-zmb/zmb-z9-36/20260623-39-56195.html,597f2a8effabe498
Z9/36,https://apl.brno.cz/protokoly-zmb/zmb-z9-36/20260623-40-56224.html,597f2a8effabe498
Z9/36,https://apl.brno.cz/protokoly-zmb/zmb-z9-36/20260623-41-56251.html,597f2a8effabe498
Z9/36,https://apl.brno.cz/protokoly-zmb/zmb-z9-36/20260623-42-56278.html,597f2a8effabe498
Z9/36,https://apl.brno.cz/protokoly-zmb/zmb-z9-36/20260623-43-56316.html,597f2a8effabe498
Z9/36,https://apl.brno.cz/protokoly-zmb/zmb-z9-36/20260623-44-56390.html,597f2a8effabe498
Z9/36,https://apl.brno.cz/protokoly-zmb/zmb-z9-36/20260623-45-56431.html,597f2a8effabe498
Z9/36,https://apl.brno.cz/protokoly-zmb/zmb-z9-36/20260623-46-56465.html,597f2a8effabe498
Z9/36,https://apl.brno.cz/protokoly-zmb/zmb-z9-36/20260623-47-56497.html,597f2a8effabe498
Z9/36,https://apl.brno.cz/protokoly-zmb/zmb-z9-36/20260623-48-56776.html,597f2a8effabe498
Z9/36,https://apl.brno.cz/protokoly-zmb/zmb-z9-36/20260623-49-56994.html,597f2a8effabe498
Z9/36,https://apl.brno.cz/protokoly-zmb/zmb-z9-36/20260623-50-57033.html,597f2a8effabe498
Z9/36,https://apl.brno.cz/protokoly-zmb/zmb-z9-36/20260623-51-57079.html,597f2a8effabe498
Z9/36,https://apl.brno.cz/protokoly-zmb/zmb-z9-36/20260623-52-57135.html,597f2a8effabe498
Z9/36,https://apl.brno.cz/protokoly-zmb/zmb-z9-36/20260623-53-57168.html,597f2a8effabe498
Z9/36,https://apl.brno.cz/protokoly-zmb/zmb-z9-36/20260623-54-57198.html,597f2a8effabe498
Z9/36,https://apl.brno.cz/protokoly-zmb/zmb-z9-36/20260623-55-57247.html,597f2a8effabe498
Z9/36,https://apl.brno.cz/protokoly-zmb/zmb-z9-36/20260623-56-57277.html,597f2a8effabe498
Z9/36,https://apl.brno.cz/protokoly-zmb/zmb-z9-36/20260623-57-57366.html,597f2a8effabe498
Z9/36,https://apl.brno.cz/protokoly-zmb/zmb-z9-36/20260623-58-57394.html,597f2a8effabe498
Z9/36,https://apl.brno.cz/protokoly-zmb/zmb-z9-36/20260623-59-57422.html,597f2a8effabe498
Z9/36,https://apl.brno.cz/protokoly-zmb/zmb-z9-36/20260623-60-57453.html,597f2a8effabe498
Z9/36,https://apl.brno.cz/protokoly-zmb/zmb-z9-36/20260623-61-57506.html,597f2a8effabe498
Z9/36,https://apl.brno.cz/protokoly-zmb/zmb-z9-36/20260623-62-57538.html,597f2a8effabe498
Z9/36,https://apl.brno.cz/protokoly-zmb/zmb-z9-36/20260623-63-57571.html,597f2a8effabe498
Z9/36,https://apl.brno.cz/protokoly-zmb/zmb-z9-36/20260623-64-58221.html,597f2a8effabe498
Z9/36,https://apl.brno.cz/protokoly-zmb/zmb-z9-36/20260623-65-58252.html,597f2a8effabe498
Z9/36,https://apl.brno.cz/protokoly-zmb/zmb-z9-36/20260623-66-58333.html,597f2a8effabe498
Z9/36,https://apl.brno.cz/protokoly-zmb/zmb-z9-36/20260623-67-58362.html,597f2a8effabe498
Z9/36,https://apl.brno.cz/protokoly-zmb/zmb-z9-36/20260623-68-58396.html,597f2a8effabe498
Z9/36,https://apl.brno.cz/protokoly-zmb/zmb-z9-36/20260623-69-58425.html,597f2a8effabe498
Z9/36,https://apl.brno.cz/protokoly-zmb/zmb-z9-36/20260623-70-58456.html,597f2a8effabe498
Z9/36,https://apl.brno.cz/protokoly-zmb/zmb-z9-36/20260623-71-58488.html,597f2a8effabe498
Z9/36,https://apl.brno.cz/protokoly-zmb/zmb-z9-36/20260623-72-58523.html,597f2a8effabe498
Z9/36,https://apl.brno.cz/protokoly-zmb/zmb-z9-36/20260623-73-58687.html,597f2a8effabe498
Z9/36,https://apl.brno.cz/protokoly-zmb/zmb-z9-36/20260623-74-58722.html,597f2a8effabe498
Z9/36,https://apl.brno.cz/protokoly-zmb/zmb-z9-36/20260623-75-58752.html,597f2a8effabe498
Z9/36,https://apl.brno.cz/protokoly-zmb/zmb-z9-36/20260623-76-58785.html,597f2a8effabe498
Z9/36,https://apl.brno.cz/protokoly-zmb/zmb-z9-36/20260623-77-58860.html,597f2a8effabe498
Z9/36,https://apl.brno.cz/protokoly-zmb/zmb-z9-36/20260623-78-61537.html,597f2a8effabe498
Z9/36,https://apl.brno.cz/protokoly-zmb/zmb-z9-36/20260623-79-61582.html,597f2a8effabe498
Z9/36,https://apl.brno.cz/protokoly-zmb/zmb-z9-36/20260623-80-61618.html,597f2a8effabe498
Z9/36,https://apl.brno.cz/protokoly-zmb/zmb-z9-36/20260623-81-61648.html,597f2a8effabe498
Z9/36,https://apl.brno.cz/protokoly-zmb/zmb-z9-36/20260623-82-61702.html,597f2a8effabe498
Z9/36,https://apl.brno.cz/protokoly-zmb/zmb-z9-36/20260623-83-61732.html,597f2a8effabe498
Z9/36,https://apl.brno.cz/protokoly-zmb/zmb-z9-36/20260623-84-61764.html,597f2a8effabe498
Z9/36,https://apl.brno.cz/protokoly-zmb/zmb-z9-36/20260623-85-61795.html,597f2a8effabe498
Z9/36,https://apl.brno.cz/protokoly-zmb/zmb-z9-36/20260623-86-61832.html,597f2a8effabe498
Z9/36,https://apl.brno.cz/protokoly-zmb/zmb-z9-36/20260623-87-61864.html,597f2a8effabe498
Z9/36,https://apl.brno.cz/protokoly-zmb/zmb-z9-36/20260623-88-61902.html,597f2a8effabe498
Z9/36,https://apl.brno.cz/protokoly-zmb/zmb-z9-36/20260623-89-61953.html,597f2a8effabe498
Z9/36,https://apl.brno.cz/protokoly-zmb/zmb-z9-36/20260623-90-62007.html,597f2a8effabe498
Z9/36,https://apl.brno.cz/protokoly-zmb/zmb-z9-36/20260623-91-62038.html,597f2a8effabe498
Z9/36,https://apl.brno.cz/protokoly-zmb/zmb-z9-36/20260623-92-62069.html,597f2a8effabe498
Z9/36,https://apl.brno.cz/protokoly-zmb/zmb-z9-36/20260623-94-62165.html,597f2a8effabe498
Z9/36,https://apl.brno.cz/protokoly-zmb/zmb-z9-36/20260623-95-62195.html,597f2a8effabe498
Z9/36,https://apl.brno.cz/protokoly-zmb/zmb-z9-36/20260623-96-62231.html,597f2a8effabe498
Z9/36,https://apl.brno.cz/protokoly-zmb/zmb-z9-36/20260623-97-62271.html,597f2a8effabe498
Z9/36,https://apl.brno.cz/protokoly-zmb/zmb-z9-36/20260623-98-62571.html,597f2a8effabe498
Z9/36,https://apl.brno.cz/protokoly-zmb/zmb-z9-36/20260623-99-62667.html,597f2a8effabe498
Z9/36,https://apl.brno.cz/protokoly-zmb/zmb-z9-36/20260623-100-62697.html,597f2a8effabe498
Z9/36,https://apl.brno.cz/protokoly-zmb/zmb-z9-36/20260623-101-62727.html,597f2a8effabe498
Z9/36,https://apl.brno.cz/protokoly-zmb/zmb-z9-36/20260623-102-62759.html,597f2a8effabe498
Z9/36,https://apl.brno.cz/protokoly-zmb/zmb-z9-36/20260623-103-62788.html,597f2a8effabe498
Z9/36,https://apl.brno.cz/protokoly-zmb/zmb-z9-36/20260623-104-62982.html,597f2a8effabe498
Z9/36,https://apl.brno.cz/protokoly-zmb/zmb-z9-36/20260623-105-63505.html,597f2a8effabe498
Z9/36,https://apl.brno.cz/protokoly-zmb/zmb-z9-36/20260623-106-63888.html,597f2a8effabe498
