hlasovani_id,zapis_soucty,protokol_soucty,kontrola,zdroj_zapisu
Z9-01-001,"(53, 0, 0, 1)","(53, 0, 0, 1)",shoda,36036d38da50510d
Z9-01-002,"(54, 0, 0, 0)","(54, 0, 0, 0)",shoda,36036d38da50510d
Z9-01-003,"(54, 0, 0, 0)","(54, 0, 0, 0)",shoda,36036d38da50510d
Z9-01-004,"(53, 0, 0, 1)","(53, 0, 0, 1)",shoda,36036d38da50510d
Z9-01-005,"(47, 0, 7, 0)","(47, 0, 7, 0)",shoda,36036d38da50510d
Z9-01-006,"(45, 0, 7, 2)","(45, 0, 7, 2)",shoda,36036d38da50510d
Z9-01-007,"(53, 0, 1, 0)","(53, 0, 1, 0)",shoda,36036d38da50510d
Z9-01-009,"(42, 5, 7, 0)","(42, 5, 7, 0)",shoda,36036d38da50510d
Z9-01-010,"(42, 5, 7, 0)","(42, 5, 7, 0)",shoda,36036d38da50510d
Z9-01-011,"(46, 5, 3, 0)","(46, 5, 3, 0)",shoda,36036d38da50510d
Z9-01-012,"(42, 5, 7, 0)","(42, 5, 7, 0)",shoda,36036d38da50510d
Z9-01-013,"(42, 6, 6, 0)","(42, 6, 6, 0)",shoda,36036d38da50510d
Z9-01-014,"(41, 5, 7, 1)","(41, 5, 7, 1)",shoda,36036d38da50510d
Z9-01-015,"(43, 6, 5, 0)","(43, 6, 5, 0)",shoda,36036d38da50510d
Z9-01-016,"(42, 3, 7, 2)","(42, 3, 7, 2)",shoda,36036d38da50510d
Z9-01-017,"(41, 5, 6, 2)","(41, 5, 6, 2)",shoda,36036d38da50510d
Z9-01-018,"(41, 5, 7, 1)","(41, 5, 7, 1)",shoda,36036d38da50510d
Z9-01-019,"(43, 5, 5, 1)","(43, 5, 5, 1)",shoda,36036d38da50510d
Z9-01-020,"(42, 0, 11, 1)","(42, 0, 11, 1)",shoda,36036d38da50510d
Z9-01-021,"(41, 5, 7, 1)","(41, 5, 7, 1)",shoda,36036d38da50510d
Z9-01-022,"(4, 12, 30, 5)","(4, 12, 30, 5)",shoda,36036d38da50510d
Z9-01-023,"(43, 1, 3, 5)","(43, 1, 3, 5)",shoda,36036d38da50510d
Z9-01-024,"(53, 0, 1, 0)","(53, 0, 1, 0)",shoda,36036d38da50510d
Z9-01-025,"(52, 0, 0, 2)","(52, 0, 0, 2)",shoda,36036d38da50510d
Z9-01-026,"(44, 1, 8, 0)","(44, 1, 8, 0)",shoda,36036d38da50510d
Z9-01-027,"(47, 0, 7, 0)","(47, 0, 7, 0)",shoda,36036d38da50510d
Z9-01-028,"(53, 0, 1, 0)","(53, 0, 1, 0)",shoda,36036d38da50510d
Z9-01-029,"(45, 0, 5, 3)","(45, 0, 5, 3)",shoda,36036d38da50510d
Z9-01-030,"(54, 0, 0, 0)","(54, 0, 0, 0)",shoda,36036d38da50510d
Z9-01-031,"(47, 2, 5, 0)","(47, 2, 5, 0)",shoda,36036d38da50510d
Z9-01-032,"(46, 0, 8, 0)","(46, 0, 8, 0)",shoda,36036d38da50510d
Z9-01-033,"(53, 0, 1, 0)","(53, 0, 1, 0)",shoda,36036d38da50510d
Z9-01-034,"(53, 0, 1, 0)","(53, 0, 1, 0)",shoda,36036d38da50510d
Z9-01-035,"(54, 0, 0, 0)","(54, 0, 0, 0)",shoda,36036d38da50510d
Z9-01-036,"(47, 1, 5, 1)","(47, 1, 5, 1)",shoda,36036d38da50510d
Z9-01-037,"(47, 2, 5, 0)","(47, 2, 5, 0)",shoda,36036d38da50510d
Z9-01-038,"(52, 0, 0, 2)","(52, 0, 0, 2)",shoda,36036d38da50510d
Z9-01-039,"(49, 0, 4, 1)","(49, 0, 4, 1)",shoda,36036d38da50510d
Z9-01-040,"(48, 0, 6, 0)","(48, 0, 6, 0)",shoda,36036d38da50510d
Z9-04-001,"(48, 0, 0, 1)","(48, 0, 0, 1)",shoda,a43c0850f687c0a3
Z9-04-002,"(40, 0, 7, 5)","(40, 0, 7, 5)",shoda,a43c0850f687c0a3
Z9-04-003,"(50, 0, 0, 2)","(50, 0, 0, 2)",shoda,a43c0850f687c0a3
Z9-04-004,"(50, 0, 2, 0)","(50, 0, 2, 0)",shoda,a43c0850f687c0a3
Z9-04-005,"(51, 0, 0, 1)","(51, 0, 0, 1)",shoda,a43c0850f687c0a3
Z9-04-006,"(51, 0, 1, 0)","(51, 0, 1, 0)",shoda,a43c0850f687c0a3
Z9-04-007,"(52, 0, 0, 0)","(52, 0, 0, 0)",shoda,a43c0850f687c0a3
Z9-04-008,"(51, 0, 0, 1)","(51, 0, 0, 1)",shoda,a43c0850f687c0a3
Z9-04-009,"(48, 0, 0, 4)","(48, 0, 0, 4)",shoda,a43c0850f687c0a3
Z9-04-010,"(50, 0, 2, 0)","(50, 0, 2, 0)",shoda,a43c0850f687c0a3
Z9-04-011,"(52, 0, 0, 0)","(52, 0, 0, 0)",shoda,a43c0850f687c0a3
Z9-04-012,"(46, 0, 6, 0)","(46, 0, 6, 0)",shoda,a43c0850f687c0a3
Z9-04-013,"(51, 0, 0, 1)","(51, 0, 0, 1)",shoda,a43c0850f687c0a3
Z9-04-014,"(46, 0, 6, 0)","(46, 0, 6, 0)",shoda,a43c0850f687c0a3
Z9-04-015,"(46, 0, 6, 0)","(46, 0, 6, 0)",shoda,a43c0850f687c0a3
Z9-04-016,"(52, 0, 0, 0)","(52, 0, 0, 0)",shoda,a43c0850f687c0a3
Z9-04-017,"(51, 0, 1, 0)","(51, 0, 1, 0)",shoda,a43c0850f687c0a3
Z9-04-018,"(52, 0, 0, 0)","(52, 0, 0, 0)",shoda,a43c0850f687c0a3
Z9-04-019,"(51, 0, 0, 1)","(51, 0, 0, 1)",shoda,a43c0850f687c0a3
Z9-04-020,"(45, 0, 6, 1)","(45, 0, 6, 1)",shoda,a43c0850f687c0a3
Z9-04-021,"(43, 0, 6, 4)","(43, 0, 6, 4)",shoda,a43c0850f687c0a3
Z9-04-022,"(45, 0, 6, 2)","(45, 0, 6, 2)",shoda,a43c0850f687c0a3
Z9-04-023,"(46, 0, 4, 3)","(46, 0, 4, 3)",shoda,a43c0850f687c0a3
Z9-04-024,"(47, 0, 4, 2)","(47, 0, 4, 2)",shoda,a43c0850f687c0a3
Z9-04-025,"(50, 0, 0, 3)","(50, 0, 0, 3)",shoda,a43c0850f687c0a3
Z9-04-026,"(52, 0, 0, 1)","(52, 0, 0, 1)",shoda,a43c0850f687c0a3
Z9-04-027,"(41, 1, 8, 3)","(41, 1, 8, 3)",shoda,a43c0850f687c0a3
Z9-04-028,"(42, 0, 8, 3)","(42, 0, 8, 3)",shoda,a43c0850f687c0a3
Z9-04-029,"(51, 0, 0, 2)","(51, 0, 0, 2)",shoda,a43c0850f687c0a3
Z9-04-030,"(52, 0, 0, 1)","(52, 0, 0, 1)",shoda,a43c0850f687c0a3
Z9-04-031,"(52, 0, 0, 1)","(52, 0, 0, 1)",shoda,a43c0850f687c0a3
Z9-04-032,"(46, 0, 6, 1)","(46, 0, 6, 1)",shoda,a43c0850f687c0a3
Z9-04-033,"(51, 0, 0, 1)","(51, 0, 0, 1)",shoda,a43c0850f687c0a3
Z9-04-034,"(51, 0, 0, 1)","(51, 0, 0, 1)",shoda,a43c0850f687c0a3
Z9-04-035,"(45, 0, 6, 1)","(45, 0, 6, 1)",shoda,a43c0850f687c0a3
Z9-04-036,"(45, 6, 0, 1)","(45, 6, 0, 1)",shoda,a43c0850f687c0a3
Z9-04-037,"(51, 0, 0, 1)","(51, 0, 0, 1)",shoda,a43c0850f687c0a3
Z9-04-038,"(42, 0, 10, 0)","(42, 0, 10, 0)",shoda,a43c0850f687c0a3
Z9-04-039,"(52, 0, 0, 0)","(52, 0, 0, 0)",shoda,a43c0850f687c0a3
Z9-04-040,"(52, 0, 0, 0)","(52, 0, 0, 0)",shoda,a43c0850f687c0a3
Z9-04-041,"(51, 0, 0, 1)","(51, 0, 0, 1)",shoda,a43c0850f687c0a3
Z9-04-042,"(41, 0, 9, 2)","(41, 0, 9, 2)",shoda,a43c0850f687c0a3
Z9-04-043,"(40, 0, 10, 2)","(40, 0, 10, 2)",shoda,a43c0850f687c0a3
Z9-04-044,"(43, 1, 6, 2)","(43, 1, 6, 2)",shoda,a43c0850f687c0a3
Z9-04-045,"(53, 0, 0, 0)","(53, 0, 0, 0)",shoda,a43c0850f687c0a3
Z9-04-046,"(43, 0, 7, 3)","(43, 0, 7, 3)",shoda,a43c0850f687c0a3
Z9-04-047,"(49, 0, 1, 3)","(49, 0, 1, 3)",shoda,a43c0850f687c0a3
Z9-04-048,"(47, 0, 4, 2)","(47, 0, 4, 2)",shoda,a43c0850f687c0a3
Z9-04-049,"(52, 0, 0, 1)","(52, 0, 0, 1)",shoda,a43c0850f687c0a3
Z9-04-050,"(47, 0, 5, 1)","(47, 0, 5, 1)",shoda,a43c0850f687c0a3
Z9-04-051,"(51, 0, 0, 2)","(51, 0, 0, 2)",shoda,a43c0850f687c0a3
Z9-04-052,"(39, 0, 12, 2)","(39, 0, 12, 2)",shoda,a43c0850f687c0a3
Z9-04-053,"(47, 0, 4, 2)","(47, 0, 4, 2)",shoda,a43c0850f687c0a3
Z9-04-054,"(50, 0, 0, 3)","(50, 0, 0, 3)",shoda,a43c0850f687c0a3
Z9-04-055,"(51, 0, 0, 2)","(51, 0, 0, 2)",shoda,a43c0850f687c0a3
Z9-04-056,"(50, 0, 0, 2)","(50, 0, 0, 2)",shoda,a43c0850f687c0a3
Z9-04-057,"(49, 0, 0, 3)","(49, 0, 0, 3)",shoda,a43c0850f687c0a3
Z9-04-058,"(49, 0, 0, 2)","(49, 0, 0, 2)",shoda,a43c0850f687c0a3
Z9-04-059,"(40, 0, 9, 2)","(40, 0, 9, 2)",shoda,a43c0850f687c0a3
Z9-04-060,"(49, 0, 0, 2)","(49, 0, 0, 2)",shoda,a43c0850f687c0a3
Z9-04-061,"(33, 1, 16, 2)","(33, 1, 16, 2)",shoda,a43c0850f687c0a3
Z9-04-062,"(52, 0, 0, 0)","(52, 0, 0, 0)",shoda,a43c0850f687c0a3
Z9-04-063,"(51, 0, 0, 1)","(51, 0, 0, 1)",shoda,a43c0850f687c0a3
Z9-04-064,"(50, 0, 0, 2)","(50, 0, 0, 2)",shoda,a43c0850f687c0a3
Z9-04-065,"(40, 2, 7, 3)","(40, 2, 7, 3)",shoda,a43c0850f687c0a3
Z9-04-066,"(52, 0, 0, 0)","(52, 0, 0, 0)",shoda,a43c0850f687c0a3
Z9-04-068,"(51, 0, 1, 0)","(51, 0, 1, 0)",shoda,a43c0850f687c0a3
Z9-02-001,"(53, 0, 0, 1)","(53, 0, 0, 1)",shoda,9d9381375d84a343
Z9-02-002,"(54, 0, 0, 0)","(54, 0, 0, 0)",shoda,9d9381375d84a343
Z9-02-003,"(54, 0, 0, 0)","(54, 0, 0, 0)",shoda,9d9381375d84a343
Z9-02-004,"(51, 0, 0, 3)","(51, 0, 0, 3)",shoda,9d9381375d84a343
Z9-02-005,"(53, 0, 0, 1)","(53, 0, 0, 1)",shoda,9d9381375d84a343
Z9-02-006,"(52, 0, 0, 2)","(52, 0, 0, 2)",shoda,9d9381375d84a343
Z9-02-007,"(6, 3, 36, 9)","(6, 3, 36, 9)",shoda,9d9381375d84a343
Z9-02-008,"(43, 2, 7, 2)","(43, 2, 7, 2)",shoda,9d9381375d84a343
Z9-02-009,"(6, 2, 37, 9)","(6, 2, 37, 9)",shoda,9d9381375d84a343
Z9-02-010,"(6, 1, 36, 11)","(6, 1, 36, 11)",shoda,9d9381375d84a343
Z9-02-011,"(40, 1, 9, 4)","(40, 1, 9, 4)",shoda,9d9381375d84a343
Z9-02-012,"(6, 0, 33, 15)","(6, 0, 33, 15)",shoda,9d9381375d84a343
Z9-02-013,"(49, 0, 2, 3)","(49, 0, 2, 3)",shoda,9d9381375d84a343
Z9-02-014,"(47, 0, 3, 4)","(47, 0, 3, 4)",shoda,9d9381375d84a343
Z9-02-015,"(45, 0, 4, 5)","(45, 0, 4, 5)",shoda,9d9381375d84a343
Z9-02-016,"(50, 0, 0, 4)","(50, 0, 0, 4)",shoda,9d9381375d84a343
Z9-02-017,"(52, 0, 0, 2)","(52, 0, 0, 2)",shoda,9d9381375d84a343
Z9-02-018,"(47, 0, 5, 2)","(47, 0, 5, 2)",shoda,9d9381375d84a343
Z9-02-019,"(47, 0, 6, 1)","(47, 0, 6, 1)",shoda,9d9381375d84a343
Z9-02-020,"(52, 0, 0, 2)","(52, 0, 0, 2)",shoda,9d9381375d84a343
Z9-02-021,"(48, 0, 5, 1)","(48, 0, 5, 1)",shoda,9d9381375d84a343
Z9-02-022,"(45, 0, 5, 4)","(45, 0, 5, 4)",shoda,9d9381375d84a343
Z9-02-023,"(48, 0, 5, 1)","(48, 0, 5, 1)",shoda,9d9381375d84a343
Z9-02-024,"(46, 0, 5, 3)","(46, 0, 5, 3)",shoda,9d9381375d84a343
Z9-02-025,"(48, 0, 5, 1)","(48, 0, 5, 1)",shoda,9d9381375d84a343
Z9-02-026,"(45, 0, 5, 4)","(45, 0, 5, 4)",shoda,9d9381375d84a343
Z9-02-027,"(46, 0, 5, 3)","(46, 0, 5, 3)",shoda,9d9381375d84a343
Z9-02-028,"(48, 0, 5, 1)","(48, 0, 5, 1)",shoda,9d9381375d84a343
Z9-02-029,"(47, 0, 6, 1)","(47, 0, 6, 1)",shoda,9d9381375d84a343
Z9-02-030,"(47, 0, 5, 2)","(47, 0, 5, 2)",shoda,9d9381375d84a343
Z9-02-031,"(44, 0, 4, 6)","(44, 0, 4, 6)",shoda,9d9381375d84a343
Z9-02-032,"(45, 5, 0, 4)","(45, 5, 0, 4)",shoda,9d9381375d84a343
Z9-02-033,"(46, 0, 4, 4)","(46, 0, 4, 4)",shoda,9d9381375d84a343
Z9-02-034,"(47, 0, 5, 2)","(47, 0, 5, 2)",shoda,9d9381375d84a343
Z9-02-035,"(46, 0, 5, 3)","(46, 0, 5, 3)",shoda,9d9381375d84a343
Z9-02-036,"(52, 0, 0, 2)","(52, 0, 0, 2)",shoda,9d9381375d84a343
Z9-02-037,"(52, 0, 0, 2)","(52, 0, 0, 2)",shoda,9d9381375d84a343
Z9-02-038,"(47, 5, 0, 2)","(47, 5, 0, 2)",shoda,9d9381375d84a343
Z9-02-039,"(52, 0, 0, 2)","(52, 0, 0, 2)",shoda,9d9381375d84a343
Z9-02-040,"(46, 0, 4, 4)","(46, 0, 4, 4)",shoda,9d9381375d84a343
Z9-02-041,"(50, 0, 4, 0)","(50, 0, 4, 0)",shoda,9d9381375d84a343
Z9-02-042,"(48, 0, 5, 1)","(48, 0, 5, 1)",shoda,9d9381375d84a343
Z9-02-043,"(49, 0, 5, 0)","(49, 0, 5, 0)",shoda,9d9381375d84a343
Z9-02-044,"(49, 5, 0, 0)","(49, 5, 0, 0)",shoda,9d9381375d84a343
Z9-02-045,"(52, 0, 0, 2)","(52, 0, 0, 2)",shoda,9d9381375d84a343
Z9-02-046,"(46, 0, 5, 3)","(46, 0, 5, 3)",shoda,9d9381375d84a343
Z9-02-047,"(49, 4, 1, 0)","(49, 4, 1, 0)",shoda,9d9381375d84a343
Z9-02-048,"(53, 0, 0, 1)","(53, 0, 0, 1)",shoda,9d9381375d84a343
Z9-02-049,"(52, 0, 0, 2)","(52, 0, 0, 2)",shoda,9d9381375d84a343
Z9-02-050,"(53, 0, 0, 1)","(53, 0, 0, 1)",shoda,9d9381375d84a343
Z9-02-051,"(35, 8, 5, 5)","(35, 8, 5, 5)",shoda,9d9381375d84a343
Z9-02-052,"(46, 0, 5, 3)","(46, 0, 5, 3)",shoda,9d9381375d84a343
Z9-02-053,"(50, 4, 0, 0)","(50, 4, 0, 0)",shoda,9d9381375d84a343
Z9-02-054,"(53, 0, 0, 1)","(53, 0, 0, 1)",shoda,9d9381375d84a343
Z9-02-055,"(52, 0, 0, 2)","(52, 0, 0, 2)",shoda,9d9381375d84a343
Z9-02-056,"(44, 5, 2, 3)","(44, 5, 2, 3)",shoda,9d9381375d84a343
Z9-02-057,"(49, 0, 5, 0)","(49, 0, 5, 0)",shoda,9d9381375d84a343
Z9-02-058,"(49, 0, 5, 0)","(49, 0, 5, 0)",shoda,9d9381375d84a343
Z9-02-059,"(53, 0, 0, 1)","(53, 0, 0, 1)",shoda,9d9381375d84a343
Z9-02-060,"(53, 0, 0, 1)","(53, 0, 0, 1)",shoda,9d9381375d84a343
Z9-02-061,"(47, 0, 5, 2)","(47, 0, 5, 2)",shoda,9d9381375d84a343
Z9-02-062,"(53, 0, 0, 1)","(53, 0, 0, 1)",shoda,9d9381375d84a343
Z9-02-063,"(47, 0, 6, 1)","(47, 0, 6, 1)",shoda,9d9381375d84a343
Z9-02-064,"(53, 0, 0, 1)","(53, 0, 0, 1)",shoda,9d9381375d84a343
Z9-02-065,"(48, 5, 0, 1)","(48, 5, 0, 1)",shoda,9d9381375d84a343
Z9-02-066,"(47, 0, 5, 2)","(47, 0, 5, 2)",shoda,9d9381375d84a343
Z9-02-067,"(48, 0, 5, 1)","(48, 0, 5, 1)",shoda,9d9381375d84a343
Z9-02-068,"(54, 0, 0, 0)","(54, 0, 0, 0)",shoda,9d9381375d84a343
Z9-02-069,"(54, 0, 0, 0)","(54, 0, 0, 0)",shoda,9d9381375d84a343
Z9-02-071,"(54, 0, 0, 0)","(54, 0, 0, 0)",shoda,9d9381375d84a343
Z9-02-072,"(51, 0, 3, 0)","(51, 0, 3, 0)",shoda,9d9381375d84a343
Z9-02-073,"(47, 0, 7, 0)","(47, 0, 7, 0)",shoda,9d9381375d84a343
Z9-02-074,"(52, 0, 1, 1)","(52, 0, 1, 1)",shoda,9d9381375d84a343
Z9-02-075,"(54, 0, 0, 0)","(54, 0, 0, 0)",shoda,9d9381375d84a343
Z9-02-076,"(54, 0, 0, 0)","(54, 0, 0, 0)",shoda,9d9381375d84a343
Z9-02-077,"(54, 0, 0, 0)","(54, 0, 0, 0)",shoda,9d9381375d84a343
Z9-02-078,"(52, 0, 0, 2)","(52, 0, 0, 2)",shoda,9d9381375d84a343
Z9-02-079,"(45, 0, 5, 4)","(45, 0, 5, 4)",shoda,9d9381375d84a343
Z9-02-080,"(46, 0, 5, 3)","(46, 0, 5, 3)",shoda,9d9381375d84a343
Z9-02-081,"(46, 0, 5, 3)","(46, 0, 5, 3)",shoda,9d9381375d84a343
Z9-02-082,"(51, 0, 0, 3)","(51, 0, 0, 3)",shoda,9d9381375d84a343
Z9-02-083,"(47, 0, 5, 2)","(47, 0, 5, 2)",shoda,9d9381375d84a343
Z9-02-084,"(49, 0, 0, 5)","(49, 0, 0, 5)",shoda,9d9381375d84a343
Z9-02-085,"(51, 0, 0, 3)","(51, 0, 0, 3)",shoda,9d9381375d84a343
Z9-02-086,"(51, 0, 0, 3)","(51, 0, 0, 3)",shoda,9d9381375d84a343
Z9-02-087,"(48, 0, 5, 1)","(48, 0, 5, 1)",shoda,9d9381375d84a343
Z9-02-088,"(46, 0, 6, 2)","(46, 0, 6, 2)",shoda,9d9381375d84a343
Z9-02-089,"(51, 0, 0, 3)","(51, 0, 0, 3)",shoda,9d9381375d84a343
Z9-02-090,"(47, 0, 4, 3)","(47, 0, 4, 3)",shoda,9d9381375d84a343
Z9-02-091,"(49, 0, 1, 4)","(49, 0, 1, 4)",shoda,9d9381375d84a343
Z9-02-092,"(45, 4, 0, 5)","(45, 4, 0, 5)",shoda,9d9381375d84a343
Z9-02-093,"(42, 0, 9, 3)","(42, 0, 9, 3)",shoda,9d9381375d84a343
Z9-02-094,"(49, 1, 3, 1)","(49, 1, 3, 1)",shoda,9d9381375d84a343
Z9-02-095,"(46, 0, 5, 3)","(46, 0, 5, 3)",shoda,9d9381375d84a343
Z9-02-096,"(44, 0, 7, 1)","(44, 0, 7, 1)",shoda,9d9381375d84a343
Z9-03-001,"(45, 0, 0, 4)","(45, 0, 0, 4)",shoda,31d42a3a0b7a27be
Z9-03-002,"(48, 0, 0, 1)","(48, 0, 0, 1)",shoda,31d42a3a0b7a27be
Z9-03-003,"(46, 0, 0, 3)","(46, 0, 0, 3)",shoda,31d42a3a0b7a27be
Z9-03-004,"(48, 0, 0, 0)","(48, 0, 0, 0)",shoda,31d42a3a0b7a27be
Z9-03-005,"(48, 0, 0, 1)","(48, 0, 0, 1)",shoda,31d42a3a0b7a27be
Z9-03-006,"(49, 0, 0, 0)","(49, 0, 0, 0)",shoda,31d42a3a0b7a27be
Z9-03-007,"(49, 0, 0, 0)","(49, 0, 0, 0)",shoda,31d42a3a0b7a27be
Z9-03-008,"(50, 0, 0, 0)","(50, 0, 0, 0)",shoda,31d42a3a0b7a27be
Z9-03-009,"(50, 0, 0, 0)","(50, 0, 0, 0)",shoda,31d42a3a0b7a27be
Z9-03-010,"(49, 0, 0, 1)","(49, 0, 0, 1)",shoda,31d42a3a0b7a27be
Z9-03-011,"(50, 0, 0, 0)","(50, 0, 0, 0)",shoda,31d42a3a0b7a27be
Z9-03-012,"(48, 0, 0, 2)","(48, 0, 0, 2)",shoda,31d42a3a0b7a27be
Z9-03-013,"(49, 0, 0, 1)","(49, 0, 0, 1)",shoda,31d42a3a0b7a27be
Z9-03-014,"(49, 0, 0, 1)","(49, 0, 0, 1)",shoda,31d42a3a0b7a27be
Z9-03-015,"(49, 0, 0, 0)","(49, 0, 0, 0)",shoda,31d42a3a0b7a27be
Z9-03-016,"(43, 5, 0, 1)","(43, 5, 0, 1)",shoda,31d42a3a0b7a27be
Z9-03-017,"(45, 5, 0, 0)","(45, 5, 0, 0)",shoda,31d42a3a0b7a27be
Z9-03-018,"(48, 0, 0, 2)","(48, 0, 0, 2)",shoda,31d42a3a0b7a27be
Z9-03-019,"(46, 0, 3, 0)","(46, 0, 3, 0)",shoda,31d42a3a0b7a27be
Z9-03-020,"(49, 0, 0, 1)","(49, 0, 0, 1)",shoda,31d42a3a0b7a27be
Z9-03-021,"(43, 0, 5, 3)","(43, 0, 5, 3)",shoda,31d42a3a0b7a27be
Z9-03-022,"(47, 0, 2, 2)","(47, 0, 2, 2)",shoda,31d42a3a0b7a27be
Z9-03-023,"(47, 0, 2, 2)","(47, 0, 2, 2)",shoda,31d42a3a0b7a27be
Z9-03-024,"(42, 0, 7, 2)","(42, 0, 7, 2)",shoda,31d42a3a0b7a27be
Z9-03-025,"(8, 3, 34, 6)","(8, 3, 34, 6)",shoda,31d42a3a0b7a27be
Z9-03-026,"(41, 0, 9, 0)","(41, 0, 9, 0)",shoda,31d42a3a0b7a27be
Z9-03-027,"(41, 0, 8, 2)","(41, 0, 8, 2)",shoda,31d42a3a0b7a27be
Z9-03-028,"(48, 1, 1, 1)","(48, 1, 1, 1)",shoda,31d42a3a0b7a27be
Z9-03-029,"(50, 0, 0, 0)","(50, 0, 0, 0)",shoda,31d42a3a0b7a27be
Z9-03-030,"(45, 2, 3, 1)","(45, 2, 3, 1)",shoda,31d42a3a0b7a27be
Z9-03-031,"(49, 0, 0, 2)","(49, 0, 0, 2)",shoda,31d42a3a0b7a27be
Z9-03-032,"(48, 0, 0, 3)","(48, 0, 0, 3)",shoda,31d42a3a0b7a27be
Z9-03-033,"(51, 0, 0, 1)","(51, 0, 0, 1)",shoda,31d42a3a0b7a27be
Z9-03-034,"(51, 0, 0, 1)","(51, 0, 0, 1)",shoda,31d42a3a0b7a27be
Z9-03-035,"(51, 0, 0, 1)","(51, 0, 0, 1)",shoda,31d42a3a0b7a27be
Z9-03-036,"(51, 0, 0, 1)","(51, 0, 0, 1)",shoda,31d42a3a0b7a27be
Z9-03-037,"(51, 0, 0, 1)","(51, 0, 0, 1)",shoda,31d42a3a0b7a27be
Z9-03-038,"(51, 0, 0, 1)","(51, 0, 0, 1)",shoda,31d42a3a0b7a27be
Z9-03-039,"(44, 0, 7, 1)","(44, 0, 7, 1)",shoda,31d42a3a0b7a27be
Z9-03-040,"(51, 0, 0, 1)","(51, 0, 0, 1)",shoda,31d42a3a0b7a27be
Z9-03-041,"(51, 0, 0, 1)","(51, 0, 0, 1)",shoda,31d42a3a0b7a27be
Z9-03-042,"(49, 0, 1, 2)","(49, 0, 1, 2)",shoda,31d42a3a0b7a27be
Z9-03-043,"(46, 0, 5, 0)","(46, 0, 5, 0)",shoda,31d42a3a0b7a27be
Z9-03-045,"(48, 0, 1, 2)","(48, 0, 1, 2)",shoda,31d42a3a0b7a27be
Z9-03-046,"(51, 0, 0, 1)","(51, 0, 0, 1)",shoda,31d42a3a0b7a27be
Z9-03-047,"(50, 0, 0, 2)","(50, 0, 0, 2)",shoda,31d42a3a0b7a27be
Z9-03-048,"(45, 0, 5, 1)","(45, 0, 5, 1)",shoda,31d42a3a0b7a27be
Z9-03-049,"(49, 0, 0, 3)","(49, 0, 0, 3)",shoda,31d42a3a0b7a27be
Z9-03-050,"(46, 0, 5, 1)","(46, 0, 5, 1)",shoda,31d42a3a0b7a27be
Z9-03-051,"(45, 0, 5, 2)","(45, 0, 5, 2)",shoda,31d42a3a0b7a27be
Z9-03-052,"(44, 5, 0, 3)","(44, 5, 0, 3)",shoda,31d42a3a0b7a27be
Z9-03-053,"(45, 0, 5, 1)","(45, 0, 5, 1)",shoda,31d42a3a0b7a27be
Z9-03-054,"(47, 0, 3, 1)","(47, 0, 3, 1)",shoda,31d42a3a0b7a27be
Z9-03-055,"(48, 0, 0, 3)","(48, 0, 0, 3)",shoda,31d42a3a0b7a27be
Z9-03-056,"(46, 0, 5, 1)","(46, 0, 5, 1)",shoda,31d42a3a0b7a27be
Z9-03-057,"(52, 0, 0, 0)","(52, 0, 0, 0)",shoda,31d42a3a0b7a27be
Z9-03-058,"(47, 0, 5, 0)","(47, 0, 5, 0)",shoda,31d42a3a0b7a27be
Z9-03-059,"(46, 0, 6, 0)","(46, 0, 6, 0)",shoda,31d42a3a0b7a27be
Z9-03-060,"(50, 0, 0, 2)","(50, 0, 0, 2)",shoda,31d42a3a0b7a27be
Z9-03-061,"(45, 4, 3, 0)","(45, 4, 3, 0)",shoda,31d42a3a0b7a27be
Z9-03-062,"(40, 5, 7, 0)","(40, 5, 7, 0)",shoda,31d42a3a0b7a27be
Z9-03-063,"(6, 3, 36, 7)","(6, 3, 36, 7)",shoda,31d42a3a0b7a27be
Z9-03-064,"(40, 5, 7, 0)","(40, 5, 7, 0)",shoda,31d42a3a0b7a27be
Z9-03-065,"(50, 0, 1, 1)","(50, 0, 1, 1)",shoda,31d42a3a0b7a27be
Z9-03-066,"(51, 0, 1, 0)","(51, 0, 1, 0)",shoda,31d42a3a0b7a27be
Z9-03-067,"(41, 0, 11, 0)","(41, 0, 11, 0)",shoda,31d42a3a0b7a27be
Z9-03-068,"(44, 0, 5, 3)","(44, 0, 5, 3)",shoda,31d42a3a0b7a27be
Z9-03-069,"(46, 0, 5, 1)","(46, 0, 5, 1)",shoda,31d42a3a0b7a27be
Z9-03-070,"(47, 0, 4, 1)","(47, 0, 4, 1)",shoda,31d42a3a0b7a27be
Z9-03-071,"(47, 0, 5, 0)","(47, 0, 5, 0)",shoda,31d42a3a0b7a27be
Z9-03-072,"(44, 0, 5, 3)","(44, 0, 5, 3)",shoda,31d42a3a0b7a27be
Z9-03-073,"(47, 5, 0, 0)","(47, 5, 0, 0)",shoda,31d42a3a0b7a27be
Z9-03-074,"(47, 0, 5, 0)","(47, 0, 5, 0)",shoda,31d42a3a0b7a27be
Z9-03-075,"(47, 0, 5, 0)","(47, 0, 5, 0)",shoda,31d42a3a0b7a27be
Z9-03-076,"(52, 0, 0, 0)","(52, 0, 0, 0)",shoda,31d42a3a0b7a27be
Z9-03-077,"(42, 0, 9, 1)","(42, 0, 9, 1)",shoda,31d42a3a0b7a27be
Z9-03-078,"(42, 0, 9, 1)","(42, 0, 9, 1)",shoda,31d42a3a0b7a27be
Z9-03-079,"(45, 0, 5, 2)","(45, 0, 5, 2)",shoda,31d42a3a0b7a27be
Z9-03-080,"(50, 0, 1, 1)","(50, 0, 1, 1)",shoda,31d42a3a0b7a27be
Z9-03-081,"(51, 0, 1, 0)","(51, 0, 1, 0)",shoda,31d42a3a0b7a27be
Z9-03-082,"(50, 1, 1, 0)","(50, 1, 1, 0)",shoda,31d42a3a0b7a27be
Z9-03-083,"(51, 0, 0, 1)","(51, 0, 0, 1)",shoda,31d42a3a0b7a27be
Z9-03-084,"(43, 0, 5, 3)","(43, 0, 5, 3)",shoda,31d42a3a0b7a27be
Z9-03-085,"(48, 0, 0, 2)","(48, 0, 0, 2)",shoda,31d42a3a0b7a27be
Z9-03-086,"(47, 1, 1, 1)","(47, 1, 1, 1)",shoda,31d42a3a0b7a27be
Z9-03-087,"(42, 0, 8, 1)","(42, 0, 8, 1)",shoda,31d42a3a0b7a27be
Z9-03-088,"(48, 0, 0, 3)","(48, 0, 0, 3)",shoda,31d42a3a0b7a27be
Z9-03-089,"(45, 0, 5, 1)","(45, 0, 5, 1)",shoda,31d42a3a0b7a27be
Z9-03-090,"(49, 0, 0, 2)","(49, 0, 0, 2)",shoda,31d42a3a0b7a27be
Z9-03-091,"(43, 0, 6, 2)","(43, 0, 6, 2)",shoda,31d42a3a0b7a27be
Z9-03-092,"(43, 0, 6, 2)","(43, 0, 6, 2)",shoda,31d42a3a0b7a27be
Z9-03-093,"(48, 0, 1, 2)","(48, 0, 1, 2)",shoda,31d42a3a0b7a27be
Z9-03-094,"(52, 0, 0, 0)","(52, 0, 0, 0)",shoda,31d42a3a0b7a27be
Z9-03-095,"(51, 0, 0, 1)","(51, 0, 0, 1)",shoda,31d42a3a0b7a27be
Z9-03-096,"(50, 0, 0, 2)","(50, 0, 0, 2)",shoda,31d42a3a0b7a27be
Z9-03-097,"(49, 0, 2, 1)","(49, 0, 2, 1)",shoda,31d42a3a0b7a27be
Z9-03-098,"(45, 0, 5, 2)","(45, 0, 5, 2)",shoda,31d42a3a0b7a27be
Z9-03-099,"(46, 0, 5, 1)","(46, 0, 5, 1)",shoda,31d42a3a0b7a27be
Z9-03-100,"(49, 0, 0, 3)","(49, 0, 0, 3)",shoda,31d42a3a0b7a27be
Z9-03-101,"(48, 0, 2, 2)","(48, 0, 2, 2)",shoda,31d42a3a0b7a27be
Z9-03-102,"(38, 0, 11, 3)","(38, 0, 11, 3)",shoda,31d42a3a0b7a27be
Z9-03-103,"(41, 0, 10, 1)","(41, 0, 10, 1)",shoda,31d42a3a0b7a27be
Z9-03-104,"(41, 0, 9, 2)","(41, 0, 9, 2)",shoda,31d42a3a0b7a27be
Z9-03-105,"(47, 0, 2, 3)","(47, 0, 2, 3)",shoda,31d42a3a0b7a27be
Z9-03-106,"(45, 0, 6, 1)","(45, 0, 6, 1)",shoda,31d42a3a0b7a27be
Z9-03-107,"(47, 0, 5, 0)","(47, 0, 5, 0)",shoda,31d42a3a0b7a27be
Z9-03-108,"(46, 0, 5, 1)","(46, 0, 5, 1)",shoda,31d42a3a0b7a27be
Z9-03-109,"(50, 0, 0, 2)","(50, 0, 0, 2)",shoda,31d42a3a0b7a27be
Z9-03-110,"(49, 0, 0, 2)","(49, 0, 0, 2)",shoda,31d42a3a0b7a27be
Z9-03-111,"(39, 2, 10, 0)","(39, 2, 10, 0)",shoda,31d42a3a0b7a27be
Z9-03-112,"(43, 0, 7, 1)","(43, 0, 7, 1)",shoda,31d42a3a0b7a27be
Z9-03-113,"(48, 0, 0, 2)","(48, 0, 0, 2)",shoda,31d42a3a0b7a27be
Z9-03-114,"(40, 1, 9, 0)","(40, 1, 9, 0)",shoda,31d42a3a0b7a27be
Z9-03-115,"(43, 0, 0, 6)","(43, 0, 0, 6)",shoda,31d42a3a0b7a27be
Z9-03-116,"(43, 0, 4, 2)","(43, 0, 4, 2)",shoda,31d42a3a0b7a27be
Z9-05-001,"(47, 0, 0, 1)","(47, 0, 0, 1)",shoda,855e8c7abe4c7621
Z9-05-002,"(48, 0, 0, 2)","(48, 0, 0, 2)",shoda,855e8c7abe4c7621
Z9-05-003,"(50, 0, 0, 0)","(50, 0, 0, 0)",shoda,855e8c7abe4c7621
Z9-05-004,"(48, 0, 0, 2)","(48, 0, 0, 2)",shoda,855e8c7abe4c7621
Z9-05-005,"(48, 0, 0, 2)","(48, 0, 0, 2)",shoda,855e8c7abe4c7621
Z9-05-006,"(43, 0, 5, 3)","(43, 0, 5, 3)",shoda,855e8c7abe4c7621
Z9-05-007,"(45, 4, 0, 2)","(45, 4, 0, 2)",shoda,855e8c7abe4c7621
Z9-05-008,"(50, 0, 0, 1)","(50, 0, 0, 1)",shoda,855e8c7abe4c7621
Z9-05-009,"(47, 0, 0, 4)","(47, 0, 0, 4)",shoda,855e8c7abe4c7621
Z9-05-011,"(42, 0, 8, 1)","(42, 0, 8, 1)",shoda,855e8c7abe4c7621
Z9-05-012,"(41, 0, 7, 3)","(41, 0, 7, 3)",shoda,855e8c7abe4c7621
Z9-05-013,"(46, 0, 3, 2)","(46, 0, 3, 2)",shoda,855e8c7abe4c7621
Z9-05-014,"(50, 0, 0, 1)","(50, 0, 0, 1)",shoda,855e8c7abe4c7621
Z9-05-015,"(48, 0, 1, 2)","(48, 0, 1, 2)",shoda,855e8c7abe4c7621
Z9-05-016,"(45, 5, 0, 1)","(45, 5, 0, 1)",shoda,855e8c7abe4c7621
Z9-05-017,"(43, 4, 1, 3)","(43, 4, 1, 3)",shoda,855e8c7abe4c7621
Z9-05-018,"(42, 0, 6, 3)","(42, 0, 6, 3)",shoda,855e8c7abe4c7621
Z9-05-019,"(48, 0, 2, 2)","(48, 0, 2, 2)",shoda,855e8c7abe4c7621
Z9-05-020,"(48, 0, 3, 1)","(48, 0, 3, 1)",shoda,855e8c7abe4c7621
Z9-05-021,"(48, 0, 1, 3)","(48, 0, 1, 3)",shoda,855e8c7abe4c7621
Z9-05-022,"(43, 0, 6, 3)","(43, 0, 6, 3)",shoda,855e8c7abe4c7621
Z9-05-023,"(42, 0, 8, 2)","(42, 0, 8, 2)",shoda,855e8c7abe4c7621
Z9-05-024,"(45, 0, 3, 3)","(45, 0, 3, 3)",shoda,855e8c7abe4c7621
Z9-05-025,"(48, 0, 1, 2)","(48, 0, 1, 2)",shoda,855e8c7abe4c7621
Z9-05-026,"(49, 0, 1, 1)","(49, 0, 1, 1)",shoda,855e8c7abe4c7621
Z9-05-027,"(39, 3, 8, 2)","(39, 3, 8, 2)",shoda,855e8c7abe4c7621
Z9-05-028,"(38, 3, 8, 3)","(38, 3, 8, 3)",shoda,855e8c7abe4c7621
Z9-05-029,"(51, 0, 0, 1)","(51, 0, 0, 1)",shoda,855e8c7abe4c7621
Z9-05-030,"(44, 0, 8, 0)","(44, 0, 8, 0)",shoda,855e8c7abe4c7621
Z9-05-031,"(51, 0, 1, 0)","(51, 0, 1, 0)",shoda,855e8c7abe4c7621
Z9-05-032,"(51, 0, 0, 1)","(51, 0, 0, 1)",shoda,855e8c7abe4c7621
Z9-05-033,"(51, 0, 0, 1)","(51, 0, 0, 1)",shoda,855e8c7abe4c7621
Z9-05-034,"(50, 0, 0, 2)","(50, 0, 0, 2)",shoda,855e8c7abe4c7621
Z9-05-035,"(50, 0, 0, 2)","(50, 0, 0, 2)",shoda,855e8c7abe4c7621
Z9-05-036,"(44, 0, 6, 2)","(44, 0, 6, 2)",shoda,855e8c7abe4c7621
Z9-05-037,"(52, 0, 0, 0)","(52, 0, 0, 0)",shoda,855e8c7abe4c7621
Z9-05-038,"(46, 0, 4, 2)","(46, 0, 4, 2)",shoda,855e8c7abe4c7621
Z9-05-039,"(51, 0, 1, 0)","(51, 0, 1, 0)",shoda,855e8c7abe4c7621
Z9-05-040,"(51, 0, 0, 1)","(51, 0, 0, 1)",shoda,855e8c7abe4c7621
Z9-05-041,"(46, 0, 5, 1)","(46, 0, 5, 1)",shoda,855e8c7abe4c7621
Z9-05-042,"(46, 0, 5, 1)","(46, 0, 5, 1)",shoda,855e8c7abe4c7621
Z9-05-043,"(50, 0, 0, 2)","(50, 0, 0, 2)",shoda,855e8c7abe4c7621
Z9-05-044,"(47, 0, 5, 0)","(47, 0, 5, 0)",shoda,855e8c7abe4c7621
Z9-05-045,"(45, 0, 5, 2)","(45, 0, 5, 2)",shoda,855e8c7abe4c7621
Z9-05-046,"(45, 0, 5, 2)","(45, 0, 5, 2)",shoda,855e8c7abe4c7621
Z9-05-047,"(46, 0, 5, 1)","(46, 0, 5, 1)",shoda,855e8c7abe4c7621
Z9-05-048,"(45, 0, 5, 2)","(45, 0, 5, 2)",shoda,855e8c7abe4c7621
Z9-05-049,"(46, 0, 5, 1)","(46, 0, 5, 1)",shoda,855e8c7abe4c7621
Z9-05-050,"(47, 0, 5, 0)","(47, 0, 5, 0)",shoda,855e8c7abe4c7621
Z9-05-051,"(45, 0, 6, 1)","(45, 0, 6, 1)",shoda,855e8c7abe4c7621
Z9-05-052,"(46, 0, 4, 2)","(46, 0, 4, 2)",shoda,855e8c7abe4c7621
Z9-05-053,"(47, 0, 5, 0)","(47, 0, 5, 0)",shoda,855e8c7abe4c7621
Z9-05-054,"(47, 0, 5, 0)","(47, 0, 5, 0)",shoda,855e8c7abe4c7621
Z9-05-055,"(46, 1, 5, 0)","(46, 1, 5, 0)",shoda,855e8c7abe4c7621
Z9-05-056,"(47, 0, 5, 0)","(47, 0, 5, 0)",shoda,855e8c7abe4c7621
Z9-05-057,"(44, 0, 5, 3)","(44, 0, 5, 3)",shoda,855e8c7abe4c7621
Z9-05-058,"(48, 0, 0, 4)","(48, 0, 0, 4)",shoda,855e8c7abe4c7621
Z9-05-059,"(42, 0, 6, 4)","(42, 0, 6, 4)",shoda,855e8c7abe4c7621
Z9-05-060,"(41, 0, 9, 2)","(41, 0, 9, 2)",shoda,855e8c7abe4c7621
Z9-05-061,"(45, 0, 5, 2)","(45, 0, 5, 2)",shoda,855e8c7abe4c7621
Z9-05-062,"(49, 0, 0, 3)","(49, 0, 0, 3)",shoda,855e8c7abe4c7621
Z9-05-063,"(52, 0, 0, 0)","(52, 0, 0, 0)",shoda,855e8c7abe4c7621
Z9-05-064,"(51, 0, 0, 1)","(51, 0, 0, 1)",shoda,855e8c7abe4c7621
Z9-05-065,"(46, 0, 5, 1)","(46, 0, 5, 1)",shoda,855e8c7abe4c7621
Z9-05-066,"(51, 0, 0, 1)","(51, 0, 0, 1)",shoda,855e8c7abe4c7621
Z9-05-067,"(51, 0, 0, 1)","(51, 0, 0, 1)",shoda,855e8c7abe4c7621
Z9-05-068,"(51, 0, 0, 1)","(51, 0, 0, 1)",shoda,855e8c7abe4c7621
Z9-05-069,"(46, 5, 0, 1)","(46, 5, 0, 1)",shoda,855e8c7abe4c7621
Z9-05-070,"(49, 0, 0, 3)","(49, 0, 0, 3)",shoda,855e8c7abe4c7621
Z9-05-071,"(51, 0, 0, 1)","(51, 0, 0, 1)",shoda,855e8c7abe4c7621
Z9-05-072,"(17, 4, 25, 4)","(17, 4, 25, 4)",shoda,855e8c7abe4c7621
Z9-05-073,"(46, 0, 3, 2)","(46, 0, 3, 2)",shoda,855e8c7abe4c7621
Z9-05-074,"(52, 0, 0, 0)","(52, 0, 0, 0)",shoda,855e8c7abe4c7621
Z9-05-075,"(48, 1, 1, 2)","(48, 1, 1, 2)",shoda,855e8c7abe4c7621
Z9-05-076,"(48, 0, 4, 0)","(48, 0, 4, 0)",shoda,855e8c7abe4c7621
Z9-05-077,"(47, 0, 3, 2)","(47, 0, 3, 2)",shoda,855e8c7abe4c7621
Z9-05-078,"(51, 0, 1, 0)","(51, 0, 1, 0)",shoda,855e8c7abe4c7621
Z9-05-079,"(50, 0, 0, 2)","(50, 0, 0, 2)",shoda,855e8c7abe4c7621
Z9-05-080,"(47, 0, 5, 0)","(47, 0, 5, 0)",shoda,855e8c7abe4c7621
Z9-05-081,"(46, 0, 6, 0)","(46, 0, 6, 0)",shoda,855e8c7abe4c7621
Z9-05-082,"(52, 0, 0, 0)","(52, 0, 0, 0)",shoda,855e8c7abe4c7621
Z9-05-083,"(50, 0, 0, 2)","(50, 0, 0, 2)",shoda,855e8c7abe4c7621
Z9-05-084,"(51, 0, 0, 1)","(51, 0, 0, 1)",shoda,855e8c7abe4c7621
Z9-05-085,"(48, 0, 2, 2)","(48, 0, 2, 2)",shoda,855e8c7abe4c7621
Z9-05-086,"(51, 0, 0, 1)","(51, 0, 0, 1)",shoda,855e8c7abe4c7621
Z9-05-087,"(46, 0, 0, 6)","(46, 0, 0, 6)",shoda,855e8c7abe4c7621
Z9-05-088,"(52, 0, 0, 0)","(52, 0, 0, 0)",shoda,855e8c7abe4c7621
Z9-05-089,"(49, 0, 1, 2)","(49, 0, 1, 2)",shoda,855e8c7abe4c7621
Z9-05-090,"(47, 0, 5, 0)","(47, 0, 5, 0)",shoda,855e8c7abe4c7621
Z9-05-091,"(44, 0, 5, 3)","(44, 0, 5, 3)",shoda,855e8c7abe4c7621
Z9-05-092,"(52, 0, 0, 0)","(52, 0, 0, 0)",shoda,855e8c7abe4c7621
Z9-05-093,"(43, 1, 8, 0)","(43, 1, 8, 0)",shoda,855e8c7abe4c7621
Z9-05-094,"(52, 0, 0, 0)","(52, 0, 0, 0)",shoda,855e8c7abe4c7621
Z9-05-095,"(50, 0, 0, 2)","(50, 0, 0, 2)",shoda,855e8c7abe4c7621
Z9-05-097,"(52, 0, 0, 0)","(52, 0, 0, 0)",shoda,855e8c7abe4c7621
Z9-05-098,"(52, 0, 0, 0)","(52, 0, 0, 0)",shoda,855e8c7abe4c7621
Z9-05-099,"(44, 0, 5, 3)","(44, 0, 5, 3)",shoda,855e8c7abe4c7621
Z9-05-100,"(46, 0, 6, 0)","(46, 0, 6, 0)",shoda,855e8c7abe4c7621
Z9-05-101,"(44, 0, 6, 2)","(44, 0, 6, 2)",shoda,855e8c7abe4c7621
Z9-05-102,"(39, 0, 5, 0)","(39, 0, 5, 0)",shoda,855e8c7abe4c7621
Z9-05-103,"(44, 0, 2, 2)","(44, 0, 2, 2)",shoda,855e8c7abe4c7621
Z9-05-104,"(42, 0, 5, 3)","(42, 0, 5, 3)",shoda,855e8c7abe4c7621
Z9-05-105,"(42, 0, 5, 2)","(42, 0, 5, 2)",shoda,855e8c7abe4c7621
Z9-05-106,"(50, 0, 0, 1)","(50, 0, 0, 1)",shoda,855e8c7abe4c7621
Z9-07-001,"(46, 0, 0, 0)","(46, 0, 0, 0)",shoda,736feb627c8ee927
Z9-07-002,"(47, 0, 1, 0)","(47, 0, 1, 0)",shoda,736feb627c8ee927
Z9-07-003,"(48, 0, 0, 0)","(48, 0, 0, 0)",shoda,736feb627c8ee927
Z9-07-004,"(9, 3, 27, 10)","(9, 3, 27, 10)",shoda,736feb627c8ee927
Z9-07-005,"(47, 1, 1, 0)","(47, 1, 1, 0)",shoda,736feb627c8ee927
Z9-07-006,"(49, 0, 0, 0)","(49, 0, 0, 0)",shoda,736feb627c8ee927
Z9-07-007,"(49, 0, 0, 1)","(49, 0, 0, 1)",shoda,736feb627c8ee927
Z9-07-008,"(31, 3, 9, 7)","(31, 3, 9, 7)",shoda,736feb627c8ee927
Z9-07-011,"(16, 1, 18, 14)","(16, 1, 18, 14)",shoda,736feb627c8ee927
Z9-07-012,"(49, 0, 0, 2)","(49, 0, 0, 2)",shoda,736feb627c8ee927
Z9-07-013,"(49, 0, 0, 2)","(49, 0, 0, 2)",shoda,736feb627c8ee927
Z9-07-014,"(49, 0, 0, 2)","(49, 0, 0, 2)",shoda,736feb627c8ee927
Z9-07-016,"(4, 7, 20, 18)","(4, 7, 20, 18)",shoda,736feb627c8ee927
Z9-07-017,"(43, 0, 4, 3)","(43, 0, 4, 3)",shoda,736feb627c8ee927
Z9-07-018,"(42, 2, 5, 1)","(42, 2, 5, 1)",shoda,736feb627c8ee927
Z9-07-019,"(42, 0, 7, 1)","(42, 0, 7, 1)",shoda,736feb627c8ee927
Z9-07-020,"(43, 0, 6, 1)","(43, 0, 6, 1)",shoda,736feb627c8ee927
Z9-07-021,"(49, 0, 0, 1)","(49, 0, 0, 1)",shoda,736feb627c8ee927
Z9-07-022,"(42, 0, 6, 2)","(42, 0, 6, 2)",shoda,736feb627c8ee927
Z9-07-023,"(42, 0, 6, 3)","(42, 0, 6, 3)",shoda,736feb627c8ee927
Z9-07-024,"(49, 0, 0, 2)","(49, 0, 0, 2)",shoda,736feb627c8ee927
Z9-07-025,"(38, 7, 2, 4)","(38, 7, 2, 4)",shoda,736feb627c8ee927
Z9-07-026,"(42, 1, 4, 4)","(42, 1, 4, 4)",shoda,736feb627c8ee927
Z9-07-027,"(44, 0, 5, 2)","(44, 0, 5, 2)",shoda,736feb627c8ee927
Z9-07-028,"(49, 0, 0, 2)","(49, 0, 0, 2)",shoda,736feb627c8ee927
Z9-07-029,"(37, 0, 10, 4)","(37, 0, 10, 4)",shoda,736feb627c8ee927
Z9-07-030,"(49, 0, 0, 2)","(49, 0, 0, 2)",shoda,736feb627c8ee927
Z9-07-031,"(47, 0, 0, 4)","(47, 0, 0, 4)",shoda,736feb627c8ee927
Z9-07-032,"(47, 0, 1, 3)","(47, 0, 1, 3)",shoda,736feb627c8ee927
Z9-07-033,"(48, 0, 1, 2)","(48, 0, 1, 2)",shoda,736feb627c8ee927
Z9-07-034,"(50, 0, 0, 1)","(50, 0, 0, 1)",shoda,736feb627c8ee927
Z9-07-035,"(48, 0, 0, 3)","(48, 0, 0, 3)",shoda,736feb627c8ee927
Z9-07-036,"(48, 0, 0, 3)","(48, 0, 0, 3)",shoda,736feb627c8ee927
Z9-07-037,"(47, 0, 0, 4)","(47, 0, 0, 4)",shoda,736feb627c8ee927
Z9-07-038,"(47, 0, 0, 4)","(47, 0, 0, 4)",shoda,736feb627c8ee927
Z9-07-039,"(49, 0, 0, 2)","(49, 0, 0, 2)",shoda,736feb627c8ee927
Z9-07-040,"(49, 0, 0, 2)","(49, 0, 0, 2)",shoda,736feb627c8ee927
Z9-07-041,"(47, 0, 0, 4)","(47, 0, 0, 4)",shoda,736feb627c8ee927
Z9-07-042,"(44, 0, 5, 2)","(44, 0, 5, 2)",shoda,736feb627c8ee927
Z9-07-043,"(49, 0, 0, 2)","(49, 0, 0, 2)",shoda,736feb627c8ee927
Z9-07-044,"(44, 0, 5, 2)","(44, 0, 5, 2)",shoda,736feb627c8ee927
Z9-07-045,"(47, 0, 1, 3)","(47, 0, 1, 3)",shoda,736feb627c8ee927
Z9-07-046,"(49, 0, 0, 2)","(49, 0, 0, 2)",shoda,736feb627c8ee927
Z9-07-047,"(43, 0, 6, 2)","(43, 0, 6, 2)",shoda,736feb627c8ee927
Z9-07-048,"(48, 0, 0, 3)","(48, 0, 0, 3)",shoda,736feb627c8ee927
Z9-07-049,"(50, 0, 0, 1)","(50, 0, 0, 1)",shoda,736feb627c8ee927
Z9-07-050,"(49, 0, 0, 2)","(49, 0, 0, 2)",shoda,736feb627c8ee927
Z9-07-051,"(36, 1, 10, 4)","(36, 1, 10, 4)",shoda,736feb627c8ee927
Z9-07-052,"(43, 0, 6, 2)","(43, 0, 6, 2)",shoda,736feb627c8ee927
Z9-07-053,"(48, 0, 0, 3)","(48, 0, 0, 3)",shoda,736feb627c8ee927
Z9-07-054,"(43, 0, 6, 2)","(43, 0, 6, 2)",shoda,736feb627c8ee927
Z9-07-055,"(51, 0, 0, 0)","(51, 0, 0, 0)",shoda,736feb627c8ee927
Z9-07-056,"(49, 0, 1, 1)","(49, 0, 1, 1)",shoda,736feb627c8ee927
Z9-07-057,"(46, 0, 4, 1)","(46, 0, 4, 1)",shoda,736feb627c8ee927
Z9-07-058,"(49, 0, 0, 2)","(49, 0, 0, 2)",shoda,736feb627c8ee927
Z9-07-059,"(43, 0, 7, 1)","(43, 0, 7, 1)",shoda,736feb627c8ee927
Z9-07-060,"(44, 0, 6, 1)","(44, 0, 6, 1)",shoda,736feb627c8ee927
Z9-07-061,"(50, 0, 0, 1)","(50, 0, 0, 1)",shoda,736feb627c8ee927
Z9-07-062,"(44, 0, 5, 2)","(44, 0, 5, 2)",shoda,736feb627c8ee927
Z9-07-063,"(33, 1, 4, 11)","(33, 1, 4, 11)",shoda,736feb627c8ee927
Z9-07-064,"(44, 0, 6, 1)","(44, 0, 6, 1)",shoda,736feb627c8ee927
Z9-07-065,"(49, 0, 0, 2)","(49, 0, 0, 2)",shoda,736feb627c8ee927
Z9-07-066,"(50, 0, 0, 1)","(50, 0, 0, 1)",shoda,736feb627c8ee927
Z9-07-067,"(39, 0, 9, 3)","(39, 0, 9, 3)",shoda,736feb627c8ee927
Z9-07-068,"(50, 0, 0, 0)","(50, 0, 0, 0)",shoda,736feb627c8ee927
Z9-07-069,"(49, 0, 1, 0)","(49, 0, 1, 0)",shoda,736feb627c8ee927
Z9-07-070,"(47, 0, 2, 1)","(47, 0, 2, 1)",shoda,736feb627c8ee927
Z9-07-071,"(43, 0, 6, 1)","(43, 0, 6, 1)",shoda,736feb627c8ee927
Z9-07-072,"(43, 1, 4, 2)","(43, 1, 4, 2)",shoda,736feb627c8ee927
Z9-07-073,"(40, 0, 9, 2)","(40, 0, 9, 2)",shoda,736feb627c8ee927
Z9-07-074,"(45, 0, 6, 0)","(45, 0, 6, 0)",shoda,736feb627c8ee927
Z9-07-075,"(47, 0, 1, 3)","(47, 0, 1, 3)",shoda,736feb627c8ee927
Z9-07-076,"(44, 0, 6, 1)","(44, 0, 6, 1)",shoda,736feb627c8ee927
Z9-07-077,"(39, 0, 12, 0)","(39, 0, 12, 0)",shoda,736feb627c8ee927
Z9-07-078,"(40, 0, 11, 0)","(40, 0, 11, 0)",shoda,736feb627c8ee927
Z9-07-079,"(42, 0, 6, 3)","(42, 0, 6, 3)",shoda,736feb627c8ee927
Z9-07-080,"(51, 0, 0, 0)","(51, 0, 0, 0)",shoda,736feb627c8ee927
Z9-07-081,"(48, 0, 0, 3)","(48, 0, 0, 3)",shoda,736feb627c8ee927
Z9-07-082,"(48, 0, 0, 3)","(48, 0, 0, 3)",shoda,736feb627c8ee927
Z9-07-083,"(49, 0, 0, 2)","(49, 0, 0, 2)",shoda,736feb627c8ee927
Z9-07-084,"(50, 0, 0, 1)","(50, 0, 0, 1)",shoda,736feb627c8ee927
Z9-07-085,"(50, 0, 0, 0)","(50, 0, 0, 0)",shoda,736feb627c8ee927
Z9-07-086,"(46, 0, 4, 0)","(46, 0, 4, 0)",shoda,736feb627c8ee927
Z9-07-087,"(48, 0, 0, 2)","(48, 0, 0, 2)",shoda,736feb627c8ee927
Z9-07-088,"(49, 0, 0, 1)","(49, 0, 0, 1)",shoda,736feb627c8ee927
Z9-07-089,"(47, 0, 0, 3)","(47, 0, 0, 3)",shoda,736feb627c8ee927
Z9-07-090,"(46, 0, 1, 3)","(46, 0, 1, 3)",shoda,736feb627c8ee927
Z9-07-091,"(48, 0, 0, 2)","(48, 0, 0, 2)",shoda,736feb627c8ee927
Z9-07-092,"(42, 1, 6, 1)","(42, 1, 6, 1)",shoda,736feb627c8ee927
Z9-07-093,"(47, 0, 0, 3)","(47, 0, 0, 3)",shoda,736feb627c8ee927
Z9-07-094,"(42, 0, 7, 1)","(42, 0, 7, 1)",shoda,736feb627c8ee927
Z9-07-095,"(42, 0, 6, 2)","(42, 0, 6, 2)",shoda,736feb627c8ee927
Z9-07-096,"(48, 0, 1, 1)","(48, 0, 1, 1)",shoda,736feb627c8ee927
Z9-07-097,"(43, 0, 6, 1)","(43, 0, 6, 1)",shoda,736feb627c8ee927
Z9-07-098,"(43, 0, 6, 1)","(43, 0, 6, 1)",shoda,736feb627c8ee927
Z9-07-099,"(50, 0, 0, 0)","(50, 0, 0, 0)",shoda,736feb627c8ee927
Z9-07-100,"(49, 0, 0, 1)","(49, 0, 0, 1)",shoda,736feb627c8ee927
Z9-07-101,"(50, 0, 0, 0)","(50, 0, 0, 0)",shoda,736feb627c8ee927
Z9-07-102,"(50, 0, 0, 0)","(50, 0, 0, 0)",shoda,736feb627c8ee927
Z9-07-103,"(48, 0, 1, 1)","(48, 0, 1, 1)",shoda,736feb627c8ee927
Z9-07-104,"(40, 0, 7, 3)","(40, 0, 7, 3)",shoda,736feb627c8ee927
Z9-07-105,"(47, 0, 1, 2)","(47, 0, 1, 2)",shoda,736feb627c8ee927
Z9-07-106,"(49, 0, 0, 1)","(49, 0, 0, 1)",shoda,736feb627c8ee927
Z9-07-107,"(42, 0, 5, 3)","(42, 0, 5, 3)",shoda,736feb627c8ee927
Z9-07-108,"(42, 0, 7, 1)","(42, 0, 7, 1)",shoda,736feb627c8ee927
Z9-07-109,"(8, 0, 30, 12)","(8, 0, 30, 12)",shoda,736feb627c8ee927
Z9-07-110,"(35, 0, 11, 4)","(35, 0, 11, 4)",shoda,736feb627c8ee927
Z9-07-111,"(39, 0, 9, 2)","(39, 0, 9, 2)",shoda,736feb627c8ee927
Z9-07-112,"(37, 0, 10, 2)","(37, 0, 10, 2)",shoda,736feb627c8ee927
Z9-07-113,"(45, 0, 2, 3)","(45, 0, 2, 3)",shoda,736feb627c8ee927
Z9-07-114,"(48, 0, 2, 0)","(48, 0, 2, 0)",shoda,736feb627c8ee927
Z9-06-001,"(48, 0, 0, 2)","(48, 0, 0, 2)",shoda,e715158e17e939ea
Z9-06-002,"(50, 0, 0, 2)","(50, 0, 0, 2)",shoda,e715158e17e939ea
Z9-06-003,"(52, 0, 0, 0)","(52, 0, 0, 0)",shoda,e715158e17e939ea
Z9-06-004,"(17, 1, 28, 6)","(17, 1, 28, 6)",shoda,e715158e17e939ea
Z9-06-005,"(10, 2, 30, 11)","(10, 2, 30, 11)",shoda,e715158e17e939ea
Z9-06-006,"(51, 1, 0, 1)","(51, 1, 0, 1)",shoda,e715158e17e939ea
Z9-06-007,"(6, 7, 23, 15)","(6, 7, 23, 15)",shoda,e715158e17e939ea
Z9-06-008,"(46, 1, 5, 1)","(46, 1, 5, 1)",shoda,e715158e17e939ea
Z9-06-009,"(50, 0, 0, 3)","(50, 0, 0, 3)",shoda,e715158e17e939ea
Z9-06-010,"(49, 0, 2, 2)","(49, 0, 2, 2)",shoda,e715158e17e939ea
Z9-06-011,"(53, 0, 0, 0)","(53, 0, 0, 0)",shoda,e715158e17e939ea
Z9-06-012,"(52, 0, 0, 1)","(52, 0, 0, 1)",shoda,e715158e17e939ea
Z9-06-014,"(3, 1, 37, 11)","(3, 1, 37, 11)",shoda,e715158e17e939ea
Z9-06-015,"(47, 2, 2, 1)","(47, 2, 2, 1)",shoda,e715158e17e939ea
Z9-06-016,"(37, 0, 6, 1)","(37, 0, 6, 1)",shoda,e715158e17e939ea
Z9-06-017,"(38, 0, 6, 2)","(38, 0, 6, 2)",shoda,e715158e17e939ea
Z9-06-018,"(38, 0, 6, 3)","(38, 0, 6, 3)",shoda,e715158e17e939ea
Z9-06-019,"(42, 0, 6, 0)","(42, 0, 6, 0)",shoda,e715158e17e939ea
Z9-06-020,"(48, 0, 5, 0)","(48, 0, 5, 0)",shoda,e715158e17e939ea
Z9-06-021,"(53, 0, 0, 0)","(53, 0, 0, 0)",shoda,e715158e17e939ea
Z9-06-022,"(53, 0, 0, 0)","(53, 0, 0, 0)",shoda,e715158e17e939ea
Z9-06-023,"(51, 0, 0, 2)","(51, 0, 0, 2)",shoda,e715158e17e939ea
Z9-06-024,"(50, 0, 0, 3)","(50, 0, 0, 3)",shoda,e715158e17e939ea
Z9-06-025,"(53, 0, 0, 0)","(53, 0, 0, 0)",shoda,e715158e17e939ea
Z9-06-026,"(52, 0, 0, 1)","(52, 0, 0, 1)",shoda,e715158e17e939ea
Z9-06-027,"(44, 5, 2, 1)","(44, 5, 2, 1)",shoda,e715158e17e939ea
Z9-06-028,"(49, 0, 0, 3)","(49, 0, 0, 3)",shoda,e715158e17e939ea
Z9-06-029,"(51, 0, 0, 1)","(51, 0, 0, 1)",shoda,e715158e17e939ea
Z9-06-030,"(47, 0, 4, 1)","(47, 0, 4, 1)",shoda,e715158e17e939ea
Z9-06-031,"(48, 0, 0, 4)","(48, 0, 0, 4)",shoda,e715158e17e939ea
Z9-06-032,"(49, 0, 0, 3)","(49, 0, 0, 3)",shoda,e715158e17e939ea
Z9-06-033,"(42, 0, 6, 5)","(42, 0, 6, 5)",shoda,e715158e17e939ea
Z9-06-034,"(43, 0, 6, 3)","(43, 0, 6, 3)",shoda,e715158e17e939ea
Z9-06-035,"(49, 0, 0, 3)","(49, 0, 0, 3)",shoda,e715158e17e939ea
Z9-06-036,"(49, 0, 0, 3)","(49, 0, 0, 3)",shoda,e715158e17e939ea
Z9-06-037,"(51, 0, 0, 1)","(51, 0, 0, 1)",shoda,e715158e17e939ea
Z9-06-038,"(40, 0, 9, 3)","(40, 0, 9, 3)",shoda,e715158e17e939ea
Z9-06-039,"(46, 0, 5, 1)","(46, 0, 5, 1)",shoda,e715158e17e939ea
Z9-06-040,"(48, 0, 0, 4)","(48, 0, 0, 4)",shoda,e715158e17e939ea
Z9-06-041,"(44, 0, 6, 2)","(44, 0, 6, 2)",shoda,e715158e17e939ea
Z9-06-042,"(51, 0, 0, 2)","(51, 0, 0, 2)",shoda,e715158e17e939ea
Z9-06-043,"(47, 5, 0, 1)","(47, 5, 0, 1)",shoda,e715158e17e939ea
Z9-06-044,"(46, 0, 5, 2)","(46, 0, 5, 2)",shoda,e715158e17e939ea
Z9-06-045,"(50, 0, 0, 3)","(50, 0, 0, 3)",shoda,e715158e17e939ea
Z9-06-046,"(44, 0, 5, 4)","(44, 0, 5, 4)",shoda,e715158e17e939ea
Z9-06-047,"(49, 0, 0, 4)","(49, 0, 0, 4)",shoda,e715158e17e939ea
Z9-06-048,"(42, 0, 6, 5)","(42, 0, 6, 5)",shoda,e715158e17e939ea
Z9-06-049,"(50, 0, 0, 3)","(50, 0, 0, 3)",shoda,e715158e17e939ea
Z9-06-050,"(49, 0, 0, 4)","(49, 0, 0, 4)",shoda,e715158e17e939ea
Z9-06-051,"(45, 0, 6, 1)","(45, 0, 6, 1)",shoda,e715158e17e939ea
Z9-06-052,"(45, 0, 5, 2)","(45, 0, 5, 2)",shoda,e715158e17e939ea
Z9-06-053,"(51, 0, 0, 1)","(51, 0, 0, 1)",shoda,e715158e17e939ea
Z9-06-054,"(51, 0, 0, 1)","(51, 0, 0, 1)",shoda,e715158e17e939ea
Z9-06-055,"(45, 0, 4, 3)","(45, 0, 4, 3)",shoda,e715158e17e939ea
Z9-06-056,"(50, 0, 0, 2)","(50, 0, 0, 2)",shoda,e715158e17e939ea
Z9-06-057,"(44, 0, 5, 3)","(44, 0, 5, 3)",shoda,e715158e17e939ea
Z9-06-058,"(43, 0, 5, 4)","(43, 0, 5, 4)",shoda,e715158e17e939ea
Z9-06-059,"(47, 0, 2, 3)","(47, 0, 2, 3)",shoda,e715158e17e939ea
Z9-06-060,"(51, 0, 0, 1)","(51, 0, 0, 1)",shoda,e715158e17e939ea
Z9-06-061,"(50, 0, 0, 2)","(50, 0, 0, 2)",shoda,e715158e17e939ea
Z9-06-062,"(45, 0, 5, 2)","(45, 0, 5, 2)",shoda,e715158e17e939ea
Z9-06-063,"(50, 0, 0, 2)","(50, 0, 0, 2)",shoda,e715158e17e939ea
Z9-06-064,"(46, 0, 5, 1)","(46, 0, 5, 1)",shoda,e715158e17e939ea
Z9-06-065,"(48, 0, 0, 3)","(48, 0, 0, 3)",shoda,e715158e17e939ea
Z9-06-066,"(48, 0, 0, 3)","(48, 0, 0, 3)",shoda,e715158e17e939ea
Z9-06-067,"(49, 0, 0, 3)","(49, 0, 0, 3)",shoda,e715158e17e939ea
Z9-06-068,"(50, 0, 0, 2)","(50, 0, 0, 2)",shoda,e715158e17e939ea
Z9-06-069,"(42, 0, 5, 5)","(42, 0, 5, 5)",shoda,e715158e17e939ea
Z9-06-070,"(45, 0, 5, 2)","(45, 0, 5, 2)",shoda,e715158e17e939ea
Z9-06-071,"(46, 0, 0, 6)","(46, 0, 0, 6)",shoda,e715158e17e939ea
Z9-06-072,"(51, 0, 0, 1)","(51, 0, 0, 1)",shoda,e715158e17e939ea
Z9-06-073,"(43, 0, 5, 3)","(43, 0, 5, 3)",shoda,e715158e17e939ea
Z9-06-074,"(41, 0, 6, 4)","(41, 0, 6, 4)",shoda,e715158e17e939ea
Z9-06-075,"(47, 0, 0, 4)","(47, 0, 0, 4)",shoda,e715158e17e939ea
Z9-06-076,"(49, 0, 0, 2)","(49, 0, 0, 2)",shoda,e715158e17e939ea
Z9-06-077,"(42, 0, 9, 1)","(42, 0, 9, 1)",shoda,e715158e17e939ea
Z9-06-078,"(50, 0, 0, 2)","(50, 0, 0, 2)",shoda,e715158e17e939ea
Z9-06-079,"(47, 0, 0, 5)","(47, 0, 0, 5)",shoda,e715158e17e939ea
Z9-06-080,"(49, 0, 0, 3)","(49, 0, 0, 3)",shoda,e715158e17e939ea
Z9-06-081,"(48, 0, 3, 1)","(48, 0, 3, 1)",shoda,e715158e17e939ea
Z9-06-082,"(50, 0, 0, 2)","(50, 0, 0, 2)",shoda,e715158e17e939ea
Z9-06-083,"(40, 0, 0, 0)","(40, 0, 0, 0)",shoda,e715158e17e939ea
Z9-06-084,"(40, 0, 0, 2)","(40, 0, 0, 2)",shoda,e715158e17e939ea
Z9-06-085,"(37, 0, 4, 1)","(37, 0, 4, 1)",shoda,e715158e17e939ea
Z9-06-086,"(42, 0, 0, 0)","(42, 0, 0, 0)",shoda,e715158e17e939ea
Z9-06-087,"(40, 0, 0, 3)","(40, 0, 0, 3)",shoda,e715158e17e939ea
Z9-06-088,"(40, 0, 4, 0)","(40, 0, 4, 0)",shoda,e715158e17e939ea
Z9-06-089,"(40, 0, 4, 0)","(40, 0, 4, 0)",shoda,e715158e17e939ea
Z9-06-090,"(38, 0, 4, 1)","(38, 0, 4, 1)",shoda,e715158e17e939ea
Z9-06-091,"(39, 0, 3, 1)","(39, 0, 3, 1)",shoda,e715158e17e939ea
Z9-06-092,"(38, 0, 4, 1)","(38, 0, 4, 1)",shoda,e715158e17e939ea
Z9-06-093,"(43, 0, 0, 0)","(43, 0, 0, 0)",shoda,e715158e17e939ea
Z9-06-094,"(41, 0, 1, 2)","(41, 0, 1, 2)",shoda,e715158e17e939ea
Z9-06-095,"(42, 0, 1, 1)","(42, 0, 1, 1)",shoda,e715158e17e939ea
Z9-06-096,"(37, 0, 7, 0)","(37, 0, 7, 0)",shoda,e715158e17e939ea
Z9-06-097,"(44, 0, 0, 0)","(44, 0, 0, 0)",shoda,e715158e17e939ea
Z9-06-098,"(38, 0, 5, 1)","(38, 0, 5, 1)",shoda,e715158e17e939ea
Z9-06-099,"(38, 0, 4, 2)","(38, 0, 4, 2)",shoda,e715158e17e939ea
Z9-06-100,"(34, 0, 10, 0)","(34, 0, 10, 0)",shoda,e715158e17e939ea
Z9-08-001,"(46, 0, 0, 2)","(46, 0, 0, 2)",shoda,1b7d3b44f9e1e083
Z9-08-002,"(49, 0, 1, 0)","(49, 0, 1, 0)",shoda,1b7d3b44f9e1e083
Z9-08-003,"(50, 0, 0, 0)","(50, 0, 0, 0)",shoda,1b7d3b44f9e1e083
Z9-08-004,"(49, 0, 1, 0)","(49, 0, 1, 0)",shoda,1b7d3b44f9e1e083
Z9-08-005,"(49, 0, 0, 1)","(49, 0, 0, 1)",shoda,1b7d3b44f9e1e083
Z9-08-006,"(46, 0, 0, 3)","(46, 0, 0, 3)",shoda,1b7d3b44f9e1e083
Z9-08-007,"(47, 0, 0, 2)","(47, 0, 0, 2)",shoda,1b7d3b44f9e1e083
Z9-08-008,"(46, 0, 0, 3)","(46, 0, 0, 3)",shoda,1b7d3b44f9e1e083
Z9-08-011,"(48, 0, 0, 1)","(48, 0, 0, 1)",shoda,1b7d3b44f9e1e083
Z9-08-012,"(48, 0, 0, 1)","(48, 0, 0, 1)",shoda,1b7d3b44f9e1e083
Z9-08-013,"(43, 0, 5, 2)","(43, 0, 5, 2)",shoda,1b7d3b44f9e1e083
Z9-08-014,"(47, 0, 0, 3)","(47, 0, 0, 3)",shoda,1b7d3b44f9e1e083
Z9-08-015,"(39, 0, 11, 1)","(39, 0, 11, 1)",shoda,1b7d3b44f9e1e083
Z9-08-016,"(42, 0, 9, 0)","(42, 0, 9, 0)",shoda,1b7d3b44f9e1e083
Z9-08-017,"(50, 0, 1, 1)","(50, 0, 1, 1)",shoda,1b7d3b44f9e1e083
Z9-08-018,"(50, 0, 1, 1)","(50, 0, 1, 1)",shoda,1b7d3b44f9e1e083
Z9-08-019,"(44, 0, 8, 0)","(44, 0, 8, 0)",shoda,1b7d3b44f9e1e083
Z9-08-020,"(52, 0, 0, 0)","(52, 0, 0, 0)",shoda,1b7d3b44f9e1e083
Z9-08-021,"(51, 0, 1, 0)","(51, 0, 1, 0)",shoda,1b7d3b44f9e1e083
Z9-08-022,"(44, 0, 8, 0)","(44, 0, 8, 0)",shoda,1b7d3b44f9e1e083
Z9-08-023,"(42, 0, 8, 2)","(42, 0, 8, 2)",shoda,1b7d3b44f9e1e083
Z9-08-024,"(51, 0, 1, 0)","(51, 0, 1, 0)",shoda,1b7d3b44f9e1e083
Z9-08-025,"(50, 0, 0, 2)","(50, 0, 0, 2)",shoda,1b7d3b44f9e1e083
Z9-08-026,"(45, 0, 6, 1)","(45, 0, 6, 1)",shoda,1b7d3b44f9e1e083
Z9-08-027,"(45, 0, 7, 0)","(45, 0, 7, 0)",shoda,1b7d3b44f9e1e083
Z9-08-028,"(50, 0, 1, 0)","(50, 0, 1, 0)",shoda,1b7d3b44f9e1e083
Z9-08-029,"(49, 0, 2, 0)","(49, 0, 2, 0)",shoda,1b7d3b44f9e1e083
Z9-08-030,"(43, 0, 6, 2)","(43, 0, 6, 2)",shoda,1b7d3b44f9e1e083
Z9-08-031,"(43, 0, 6, 2)","(43, 0, 6, 2)",shoda,1b7d3b44f9e1e083
Z9-08-032,"(43, 0, 6, 2)","(43, 0, 6, 2)",shoda,1b7d3b44f9e1e083
Z9-08-033,"(50, 0, 1, 0)","(50, 0, 1, 0)",shoda,1b7d3b44f9e1e083
Z9-08-034,"(49, 0, 1, 1)","(49, 0, 1, 1)",shoda,1b7d3b44f9e1e083
Z9-08-035,"(43, 0, 7, 1)","(43, 0, 7, 1)",shoda,1b7d3b44f9e1e083
Z9-08-036,"(45, 0, 6, 0)","(45, 0, 6, 0)",shoda,1b7d3b44f9e1e083
Z9-08-037,"(49, 0, 0, 3)","(49, 0, 0, 3)",shoda,1b7d3b44f9e1e083
Z9-08-038,"(50, 0, 2, 0)","(50, 0, 2, 0)",shoda,1b7d3b44f9e1e083
Z9-08-039,"(44, 0, 7, 1)","(44, 0, 7, 1)",shoda,1b7d3b44f9e1e083
Z9-08-040,"(46, 0, 6, 0)","(46, 0, 6, 0)",shoda,1b7d3b44f9e1e083
Z9-08-041,"(43, 0, 6, 3)","(43, 0, 6, 3)",shoda,1b7d3b44f9e1e083
Z9-08-042,"(46, 0, 6, 0)","(46, 0, 6, 0)",shoda,1b7d3b44f9e1e083
Z9-08-043,"(44, 0, 7, 1)","(44, 0, 7, 1)",shoda,1b7d3b44f9e1e083
Z9-08-044,"(51, 0, 0, 1)","(51, 0, 0, 1)",shoda,1b7d3b44f9e1e083
Z9-08-045,"(49, 0, 0, 3)","(49, 0, 0, 3)",shoda,1b7d3b44f9e1e083
Z9-08-046,"(52, 0, 0, 0)","(52, 0, 0, 0)",shoda,1b7d3b44f9e1e083
Z9-08-047,"(51, 0, 0, 1)","(51, 0, 0, 1)",shoda,1b7d3b44f9e1e083
Z9-08-048,"(48, 0, 0, 4)","(48, 0, 0, 4)",shoda,1b7d3b44f9e1e083
Z9-08-049,"(52, 0, 0, 0)","(52, 0, 0, 0)",shoda,1b7d3b44f9e1e083
Z9-08-051,"(24, 7, 13, 9)","(24, 7, 13, 9)",shoda,1b7d3b44f9e1e083
Z9-08-052,"(45, 0, 7, 1)","(45, 0, 7, 1)",shoda,1b7d3b44f9e1e083
Z9-08-053,"(49, 0, 0, 3)","(49, 0, 0, 3)",shoda,1b7d3b44f9e1e083
Z9-08-054,"(49, 0, 1, 2)","(49, 0, 1, 2)",shoda,1b7d3b44f9e1e083
Z9-08-055,"(42, 1, 6, 3)","(42, 1, 6, 3)",shoda,1b7d3b44f9e1e083
Z9-08-056,"(50, 0, 1, 1)","(50, 0, 1, 1)",shoda,1b7d3b44f9e1e083
Z9-08-057,"(50, 0, 0, 1)","(50, 0, 0, 1)",shoda,1b7d3b44f9e1e083
Z9-08-058,"(40, 0, 9, 2)","(40, 0, 9, 2)",shoda,1b7d3b44f9e1e083
Z9-08-059,"(47, 0, 1, 3)","(47, 0, 1, 3)",shoda,1b7d3b44f9e1e083
Z9-08-060,"(39, 0, 10, 2)","(39, 0, 10, 2)",shoda,1b7d3b44f9e1e083
Z9-08-061,"(41, 1, 7, 3)","(41, 1, 7, 3)",shoda,1b7d3b44f9e1e083
Z9-08-062,"(43, 0, 4, 4)","(43, 0, 4, 4)",shoda,1b7d3b44f9e1e083
Z9-08-063,"(48, 0, 0, 3)","(48, 0, 0, 3)",shoda,1b7d3b44f9e1e083
Z9-08-064,"(49, 0, 0, 2)","(49, 0, 0, 2)",shoda,1b7d3b44f9e1e083
Z9-08-065,"(42, 0, 7, 2)","(42, 0, 7, 2)",shoda,1b7d3b44f9e1e083
Z9-08-066,"(47, 0, 1, 3)","(47, 0, 1, 3)",shoda,1b7d3b44f9e1e083
Z9-08-067,"(43, 0, 6, 3)","(43, 0, 6, 3)",shoda,1b7d3b44f9e1e083
Z9-08-068,"(43, 6, 1, 2)","(43, 6, 1, 2)",shoda,1b7d3b44f9e1e083
Z9-08-069,"(44, 1, 5, 2)","(44, 1, 5, 2)",shoda,1b7d3b44f9e1e083
Z9-08-070,"(44, 6, 0, 2)","(44, 6, 0, 2)",shoda,1b7d3b44f9e1e083
Z9-08-071,"(41, 0, 7, 4)","(41, 0, 7, 4)",shoda,1b7d3b44f9e1e083
Z9-08-072,"(41, 0, 7, 3)","(41, 0, 7, 3)",shoda,1b7d3b44f9e1e083
Z9-08-073,"(41, 0, 6, 4)","(41, 0, 6, 4)",shoda,1b7d3b44f9e1e083
Z9-08-074,"(40, 0, 7, 4)","(40, 0, 7, 4)",shoda,1b7d3b44f9e1e083
Z9-08-075,"(40, 0, 6, 5)","(40, 0, 6, 5)",shoda,1b7d3b44f9e1e083
Z9-08-076,"(45, 0, 3, 3)","(45, 0, 3, 3)",shoda,1b7d3b44f9e1e083
Z9-08-077,"(43, 0, 4, 4)","(43, 0, 4, 4)",shoda,1b7d3b44f9e1e083
Z9-08-078,"(42, 0, 6, 3)","(42, 0, 6, 3)",shoda,1b7d3b44f9e1e083
Z9-08-079,"(40, 0, 6, 4)","(40, 0, 6, 4)",shoda,1b7d3b44f9e1e083
Z9-08-080,"(42, 0, 6, 3)","(42, 0, 6, 3)",shoda,1b7d3b44f9e1e083
Z9-08-081,"(48, 0, 1, 2)","(48, 0, 1, 2)",shoda,1b7d3b44f9e1e083
Z9-08-082,"(43, 0, 6, 3)","(43, 0, 6, 3)",shoda,1b7d3b44f9e1e083
Z9-08-083,"(46, 0, 2, 3)","(46, 0, 2, 3)",shoda,1b7d3b44f9e1e083
Z9-08-084,"(41, 0, 7, 3)","(41, 0, 7, 3)",shoda,1b7d3b44f9e1e083
Z9-08-085,"(49, 0, 0, 3)","(49, 0, 0, 3)",shoda,1b7d3b44f9e1e083
Z9-08-086,"(44, 0, 6, 2)","(44, 0, 6, 2)",shoda,1b7d3b44f9e1e083
Z9-08-087,"(51, 0, 1, 0)","(51, 0, 1, 0)",shoda,1b7d3b44f9e1e083
Z9-08-088,"(52, 0, 0, 0)","(52, 0, 0, 0)",shoda,1b7d3b44f9e1e083
Z9-08-089,"(42, 5, 6, 0)","(42, 5, 6, 0)",shoda,1b7d3b44f9e1e083
Z9-08-090,"(48, 0, 5, 0)","(48, 0, 5, 0)",shoda,1b7d3b44f9e1e083
Z9-08-091,"(40, 0, 11, 2)","(40, 0, 11, 2)",shoda,1b7d3b44f9e1e083
Z9-08-092,"(48, 0, 5, 0)","(48, 0, 5, 0)",shoda,1b7d3b44f9e1e083
Z9-08-093,"(46, 1, 0, 6)","(46, 1, 0, 6)",shoda,1b7d3b44f9e1e083
Z9-08-094,"(40, 3, 9, 1)","(40, 3, 9, 1)",shoda,1b7d3b44f9e1e083
Z9-08-095,"(6, 4, 25, 13)","(6, 4, 25, 13)",shoda,1b7d3b44f9e1e083
Z9-08-096,"(37, 0, 11, 0)","(37, 0, 11, 0)",shoda,1b7d3b44f9e1e083
Z9-08-097,"(19, 5, 15, 10)","(19, 5, 15, 10)",shoda,1b7d3b44f9e1e083
Z9-08-098,"(37, 0, 5, 7)","(37, 0, 5, 7)",shoda,1b7d3b44f9e1e083
Z9-08-099,"(34, 0, 12, 3)","(34, 0, 12, 3)",shoda,1b7d3b44f9e1e083
Z9-08-100,"(48, 0, 1, 0)","(48, 0, 1, 0)",shoda,1b7d3b44f9e1e083
Z9-08-101,"(42, 0, 8, 0)","(42, 0, 8, 0)",shoda,1b7d3b44f9e1e083
Z9-08-102,"(49, 0, 1, 0)","(49, 0, 1, 0)",shoda,1b7d3b44f9e1e083
Z9-08-103,"(48, 0, 2, 0)","(48, 0, 2, 0)",shoda,1b7d3b44f9e1e083
Z9-08-104,"(48, 0, 1, 1)","(48, 0, 1, 1)",shoda,1b7d3b44f9e1e083
Z9-08-105,"(50, 0, 0, 0)","(50, 0, 0, 0)",shoda,1b7d3b44f9e1e083
Z9-08-106,"(45, 0, 5, 0)","(45, 0, 5, 0)",shoda,1b7d3b44f9e1e083
Z9-08-107,"(49, 0, 0, 1)","(49, 0, 0, 1)",shoda,1b7d3b44f9e1e083
Z9-08-108,"(49, 0, 1, 0)","(49, 0, 1, 0)",shoda,1b7d3b44f9e1e083
Z9-08-109,"(47, 0, 1, 2)","(47, 0, 1, 2)",shoda,1b7d3b44f9e1e083
Z9-08-112,"(49, 0, 1, 0)","(49, 0, 1, 0)",shoda,1b7d3b44f9e1e083
Z9-08-113,"(43, 0, 7, 0)","(43, 0, 7, 0)",shoda,1b7d3b44f9e1e083
Z9-08-114,"(47, 0, 1, 2)","(47, 0, 1, 2)",shoda,1b7d3b44f9e1e083
Z9-08-115,"(11, 2, 27, 10)","(11, 2, 27, 10)",shoda,1b7d3b44f9e1e083
Z9-08-116,"(32, 0, 12, 5)","(32, 0, 12, 5)",shoda,1b7d3b44f9e1e083
Z9-08-117,"(49, 0, 0, 1)","(49, 0, 0, 1)",shoda,1b7d3b44f9e1e083
Z9-08-118,"(48, 0, 0, 2)","(48, 0, 0, 2)",shoda,1b7d3b44f9e1e083
Z9-08-119,"(43, 0, 6, 1)","(43, 0, 6, 1)",shoda,1b7d3b44f9e1e083
Z9-08-121,"(30, 5, 12, 3)","(30, 5, 12, 3)",shoda,1b7d3b44f9e1e083
Z9-08-122,"(41, 0, 7, 2)","(41, 0, 7, 2)",shoda,1b7d3b44f9e1e083
Z9-08-123,"(40, 0, 7, 3)","(40, 0, 7, 3)",shoda,1b7d3b44f9e1e083
Z9-08-124,"(45, 0, 1, 4)","(45, 0, 1, 4)",shoda,1b7d3b44f9e1e083
Z9-08-126,"(14, 1, 19, 14)","(14, 1, 19, 14)",shoda,1b7d3b44f9e1e083
Z9-08-129,"(29, 5, 13, 2)","(29, 5, 13, 2)",shoda,1b7d3b44f9e1e083
Z9-08-130,"(42, 0, 8, 0)","(42, 0, 8, 0)",shoda,1b7d3b44f9e1e083
Z9-08-131,"(46, 0, 3, 1)","(46, 0, 3, 1)",shoda,1b7d3b44f9e1e083
Z9-08-132,"(41, 0, 7, 2)","(41, 0, 7, 2)",shoda,1b7d3b44f9e1e083
Z9-08-133,"(32, 4, 11, 3)","(32, 4, 11, 3)",shoda,1b7d3b44f9e1e083
Z9-08-134,"(45, 0, 1, 3)","(45, 0, 1, 3)",shoda,1b7d3b44f9e1e083
Z9-08-135,"(47, 0, 0, 2)","(47, 0, 0, 2)",shoda,1b7d3b44f9e1e083
Z9-08-136,"(36, 0, 11, 2)","(36, 0, 11, 2)",shoda,1b7d3b44f9e1e083
Z9-08-137,"(46, 0, 0, 3)","(46, 0, 0, 3)",shoda,1b7d3b44f9e1e083
Z9-08-138,"(35, 0, 10, 4)","(35, 0, 10, 4)",shoda,1b7d3b44f9e1e083
Z9-08-139,"(46, 0, 0, 4)","(46, 0, 0, 4)",shoda,1b7d3b44f9e1e083
Z9-08-140,"(40, 0, 7, 3)","(40, 0, 7, 3)",shoda,1b7d3b44f9e1e083
Z9-08-141,"(42, 0, 6, 2)","(42, 0, 6, 2)",shoda,1b7d3b44f9e1e083
Z9-08-142,"(42, 0, 7, 1)","(42, 0, 7, 1)",shoda,1b7d3b44f9e1e083
Z9-08-143,"(42, 0, 7, 1)","(42, 0, 7, 1)",shoda,1b7d3b44f9e1e083
Z9-08-144,"(49, 0, 1, 0)","(49, 0, 1, 0)",shoda,1b7d3b44f9e1e083
Z9-08-145,"(49, 0, 1, 0)","(49, 0, 1, 0)",shoda,1b7d3b44f9e1e083
Z9-08-146,"(43, 0, 3, 4)","(43, 0, 3, 4)",shoda,1b7d3b44f9e1e083
Z9-08-147,"(45, 0, 2, 3)","(45, 0, 2, 3)",shoda,1b7d3b44f9e1e083
Z9-08-150,"(23, 6, 18, 3)","(23, 6, 18, 3)",shoda,1b7d3b44f9e1e083
Z9-09-001,"(46, 0, 1, 2)","(46, 0, 1, 2)",shoda,3662325cd3a42957
Z9-09-002,"(48, 0, 1, 1)","(48, 0, 1, 1)",shoda,3662325cd3a42957
Z9-09-003,"(49, 0, 1, 0)","(49, 0, 1, 0)",shoda,3662325cd3a42957
Z9-09-004,"(48, 0, 1, 1)","(48, 0, 1, 1)",shoda,3662325cd3a42957
Z9-09-005,"(50, 0, 0, 0)","(50, 0, 0, 0)",shoda,3662325cd3a42957
Z9-09-006,"(50, 0, 0, 0)","(50, 0, 0, 0)",shoda,3662325cd3a42957
Z9-09-007,"(0, 2, 37, 11)","(0, 2, 37, 11)",shoda,3662325cd3a42957
Z9-09-008,"(48, 0, 0, 2)","(48, 0, 0, 2)",shoda,3662325cd3a42957
Z9-09-009,"(49, 0, 1, 0)","(49, 0, 1, 0)",shoda,3662325cd3a42957
Z9-09-010,"(51, 0, 0, 0)","(51, 0, 0, 0)",shoda,3662325cd3a42957
Z9-09-011,"(48, 0, 0, 2)","(48, 0, 0, 2)",shoda,3662325cd3a42957
Z9-09-012,"(50, 0, 0, 0)","(50, 0, 0, 0)",shoda,3662325cd3a42957
Z9-09-013,"(42, 0, 6, 2)","(42, 0, 6, 2)",shoda,3662325cd3a42957
Z9-09-014,"(45, 0, 6, 0)","(45, 0, 6, 0)",shoda,3662325cd3a42957
Z9-09-015,"(36, 1, 12, 2)","(36, 1, 12, 2)",shoda,3662325cd3a42957
Z9-09-016,"(49, 0, 2, 0)","(49, 0, 2, 0)",shoda,3662325cd3a42957
Z9-09-017,"(44, 1, 4, 2)","(44, 1, 4, 2)",shoda,3662325cd3a42957
Z9-09-018,"(43, 0, 7, 1)","(43, 0, 7, 1)",shoda,3662325cd3a42957
Z9-09-019,"(44, 0, 6, 1)","(44, 0, 6, 1)",shoda,3662325cd3a42957
Z9-09-020,"(44, 0, 7, 0)","(44, 0, 7, 0)",shoda,3662325cd3a42957
Z9-09-021,"(41, 0, 8, 2)","(41, 0, 8, 2)",shoda,3662325cd3a42957
Z9-09-022,"(44, 0, 6, 1)","(44, 0, 6, 1)",shoda,3662325cd3a42957
Z9-09-023,"(51, 0, 0, 0)","(51, 0, 0, 0)",shoda,3662325cd3a42957
Z9-09-024,"(50, 0, 0, 1)","(50, 0, 0, 1)",shoda,3662325cd3a42957
Z9-09-025,"(45, 6, 0, 0)","(45, 6, 0, 0)",shoda,3662325cd3a42957
Z9-09-026,"(51, 0, 0, 0)","(51, 0, 0, 0)",shoda,3662325cd3a42957
Z9-09-027,"(44, 0, 7, 0)","(44, 0, 7, 0)",shoda,3662325cd3a42957
Z9-09-028,"(43, 0, 7, 1)","(43, 0, 7, 1)",shoda,3662325cd3a42957
Z9-09-029,"(44, 0, 7, 0)","(44, 0, 7, 0)",shoda,3662325cd3a42957
Z9-09-030,"(50, 0, 1, 0)","(50, 0, 1, 0)",shoda,3662325cd3a42957
Z9-09-031,"(49, 0, 1, 1)","(49, 0, 1, 1)",shoda,3662325cd3a42957
Z9-09-032,"(43, 0, 7, 1)","(43, 0, 7, 1)",shoda,3662325cd3a42957
Z9-09-033,"(49, 0, 2, 0)","(49, 0, 2, 0)",shoda,3662325cd3a42957
Z9-09-034,"(49, 0, 1, 1)","(49, 0, 1, 1)",shoda,3662325cd3a42957
Z9-09-035,"(43, 0, 7, 1)","(43, 0, 7, 1)",shoda,3662325cd3a42957
Z9-09-036,"(44, 0, 7, 0)","(44, 0, 7, 0)",shoda,3662325cd3a42957
Z9-09-037,"(50, 0, 1, 1)","(50, 0, 1, 1)",shoda,3662325cd3a42957
Z9-09-038,"(44, 0, 8, 0)","(44, 0, 8, 0)",shoda,3662325cd3a42957
Z9-09-039,"(50, 0, 2, 0)","(50, 0, 2, 0)",shoda,3662325cd3a42957
Z9-09-040,"(46, 4, 2, 0)","(46, 4, 2, 0)",shoda,3662325cd3a42957
Z9-09-041,"(48, 0, 3, 1)","(48, 0, 3, 1)",shoda,3662325cd3a42957
Z9-09-042,"(42, 0, 8, 2)","(42, 0, 8, 2)",shoda,3662325cd3a42957
Z9-09-043,"(45, 0, 6, 1)","(45, 0, 6, 1)",shoda,3662325cd3a42957
Z9-09-044,"(44, 6, 1, 1)","(44, 6, 1, 1)",shoda,3662325cd3a42957
Z9-09-045,"(45, 0, 7, 0)","(45, 0, 7, 0)",shoda,3662325cd3a42957
Z9-09-046,"(44, 6, 1, 1)","(44, 6, 1, 1)",shoda,3662325cd3a42957
Z9-09-047,"(49, 0, 2, 1)","(49, 0, 2, 1)",shoda,3662325cd3a42957
Z9-09-048,"(44, 0, 7, 1)","(44, 0, 7, 1)",shoda,3662325cd3a42957
Z9-09-049,"(52, 0, 0, 0)","(52, 0, 0, 0)",shoda,3662325cd3a42957
Z9-09-050,"(46, 0, 6, 0)","(46, 0, 6, 0)",shoda,3662325cd3a42957
Z9-09-051,"(50, 0, 1, 1)","(50, 0, 1, 1)",shoda,3662325cd3a42957
Z9-09-052,"(48, 0, 1, 3)","(48, 0, 1, 3)",shoda,3662325cd3a42957
Z9-09-053,"(45, 0, 7, 0)","(45, 0, 7, 0)",shoda,3662325cd3a42957
Z9-09-054,"(44, 1, 6, 1)","(44, 1, 6, 1)",shoda,3662325cd3a42957
Z9-09-055,"(51, 0, 1, 0)","(51, 0, 1, 0)",shoda,3662325cd3a42957
Z9-09-057,"(47, 0, 5, 0)","(47, 0, 5, 0)",shoda,3662325cd3a42957
Z9-09-058,"(45, 0, 7, 0)","(45, 0, 7, 0)",shoda,3662325cd3a42957
Z9-09-059,"(50, 0, 1, 1)","(50, 0, 1, 1)",shoda,3662325cd3a42957
Z9-09-060,"(50, 0, 1, 1)","(50, 0, 1, 1)",shoda,3662325cd3a42957
Z9-09-061,"(48, 0, 2, 2)","(48, 0, 2, 2)",shoda,3662325cd3a42957
Z9-09-062,"(43, 1, 4, 4)","(43, 1, 4, 4)",shoda,3662325cd3a42957
Z9-09-063,"(41, 6, 2, 2)","(41, 6, 2, 2)",shoda,3662325cd3a42957
Z9-09-064,"(42, 6, 4, 0)","(42, 6, 4, 0)",shoda,3662325cd3a42957
Z9-09-065,"(50, 0, 1, 1)","(50, 0, 1, 1)",shoda,3662325cd3a42957
Z9-09-066,"(49, 0, 1, 2)","(49, 0, 1, 2)",shoda,3662325cd3a42957
Z9-09-067,"(49, 0, 1, 2)","(49, 0, 1, 2)",shoda,3662325cd3a42957
Z9-09-068,"(46, 0, 1, 5)","(46, 0, 1, 5)",shoda,3662325cd3a42957
Z9-09-069,"(43, 1, 6, 2)","(43, 1, 6, 2)",shoda,3662325cd3a42957
Z9-09-070,"(45, 0, 7, 0)","(45, 0, 7, 0)",shoda,3662325cd3a42957
Z9-09-071,"(43, 6, 1, 2)","(43, 6, 1, 2)",shoda,3662325cd3a42957
Z9-09-072,"(49, 0, 1, 2)","(49, 0, 1, 2)",shoda,3662325cd3a42957
Z9-09-073,"(50, 0, 1, 1)","(50, 0, 1, 1)",shoda,3662325cd3a42957
Z9-09-074,"(51, 0, 0, 1)","(51, 0, 0, 1)",shoda,3662325cd3a42957
Z9-09-075,"(45, 6, 0, 1)","(45, 6, 0, 1)",shoda,3662325cd3a42957
Z9-09-076,"(45, 6, 0, 1)","(45, 6, 0, 1)",shoda,3662325cd3a42957
Z9-09-077,"(45, 6, 0, 1)","(45, 6, 0, 1)",shoda,3662325cd3a42957
Z9-09-078,"(41, 6, 0, 4)","(41, 6, 0, 4)",shoda,3662325cd3a42957
Z9-09-079,"(44, 0, 6, 1)","(44, 0, 6, 1)",shoda,3662325cd3a42957
Z9-09-080,"(49, 0, 0, 2)","(49, 0, 0, 2)",shoda,3662325cd3a42957
Z9-09-081,"(42, 3, 3, 3)","(42, 3, 3, 3)",shoda,3662325cd3a42957
Z9-09-082,"(44, 6, 0, 1)","(44, 6, 0, 1)",shoda,3662325cd3a42957
Z9-09-083,"(43, 0, 7, 1)","(43, 0, 7, 1)",shoda,3662325cd3a42957
Z9-09-084,"(43, 0, 6, 3)","(43, 0, 6, 3)",shoda,3662325cd3a42957
Z9-09-085,"(44, 0, 7, 1)","(44, 0, 7, 1)",shoda,3662325cd3a42957
Z9-09-086,"(32, 1, 15, 3)","(32, 1, 15, 3)",shoda,3662325cd3a42957
Z9-09-087,"(50, 0, 1, 1)","(50, 0, 1, 1)",shoda,3662325cd3a42957
Z9-09-088,"(44, 6, 1, 1)","(44, 6, 1, 1)",shoda,3662325cd3a42957
Z9-09-089,"(43, 0, 7, 2)","(43, 0, 7, 2)",shoda,3662325cd3a42957
Z9-09-090,"(50, 0, 2, 0)","(50, 0, 2, 0)",shoda,3662325cd3a42957
Z9-09-091,"(44, 0, 6, 2)","(44, 0, 6, 2)",shoda,3662325cd3a42957
Z9-09-092,"(50, 0, 1, 1)","(50, 0, 1, 1)",shoda,3662325cd3a42957
Z9-09-093,"(44, 0, 8, 0)","(44, 0, 8, 0)",shoda,3662325cd3a42957
Z9-09-094,"(45, 0, 6, 1)","(45, 0, 6, 1)",shoda,3662325cd3a42957
Z9-09-095,"(46, 0, 0, 6)","(46, 0, 0, 6)",shoda,3662325cd3a42957
Z9-09-096,"(49, 0, 2, 1)","(49, 0, 2, 1)",shoda,3662325cd3a42957
Z9-09-097,"(48, 0, 2, 1)","(48, 0, 2, 1)",shoda,3662325cd3a42957
Z9-09-098,"(42, 0, 7, 2)","(42, 0, 7, 2)",shoda,3662325cd3a42957
Z9-09-099,"(49, 0, 2, 0)","(49, 0, 2, 0)",shoda,3662325cd3a42957
Z9-09-100,"(43, 0, 6, 2)","(43, 0, 6, 2)",shoda,3662325cd3a42957
Z9-09-101,"(47, 0, 2, 2)","(47, 0, 2, 2)",shoda,3662325cd3a42957
Z9-09-102,"(40, 0, 8, 3)","(40, 0, 8, 3)",shoda,3662325cd3a42957
Z9-09-103,"(48, 0, 2, 1)","(48, 0, 2, 1)",shoda,3662325cd3a42957
Z9-09-104,"(43, 0, 7, 1)","(43, 0, 7, 1)",shoda,3662325cd3a42957
Z9-09-105,"(47, 0, 2, 2)","(47, 0, 2, 2)",shoda,3662325cd3a42957
Z9-09-106,"(41, 0, 8, 2)","(41, 0, 8, 2)",shoda,3662325cd3a42957
Z9-09-107,"(49, 0, 1, 1)","(49, 0, 1, 1)",shoda,3662325cd3a42957
Z9-09-108,"(47, 0, 1, 3)","(47, 0, 1, 3)",shoda,3662325cd3a42957
Z9-09-109,"(49, 0, 1, 2)","(49, 0, 1, 2)",shoda,3662325cd3a42957
Z9-09-110,"(50, 0, 1, 1)","(50, 0, 1, 1)",shoda,3662325cd3a42957
Z9-09-111,"(49, 0, 1, 2)","(49, 0, 1, 2)",shoda,3662325cd3a42957
Z9-09-112,"(49, 0, 1, 2)","(49, 0, 1, 2)",shoda,3662325cd3a42957
Z9-09-113,"(46, 0, 1, 5)","(46, 0, 1, 5)",shoda,3662325cd3a42957
Z9-09-114,"(47, 0, 1, 3)","(47, 0, 1, 3)",shoda,3662325cd3a42957
Z9-09-115,"(41, 0, 8, 2)","(41, 0, 8, 2)",shoda,3662325cd3a42957
Z9-09-116,"(45, 0, 2, 4)","(45, 0, 2, 4)",shoda,3662325cd3a42957
Z9-09-117,"(45, 0, 2, 4)","(45, 0, 2, 4)",shoda,3662325cd3a42957
Z9-09-118,"(48, 0, 2, 1)","(48, 0, 2, 1)",shoda,3662325cd3a42957
Z9-09-119,"(44, 0, 2, 5)","(44, 0, 2, 5)",shoda,3662325cd3a42957
Z9-09-120,"(47, 0, 2, 2)","(47, 0, 2, 2)",shoda,3662325cd3a42957
Z9-09-121,"(49, 0, 1, 2)","(49, 0, 1, 2)",shoda,3662325cd3a42957
Z9-09-122,"(48, 0, 2, 1)","(48, 0, 2, 1)",shoda,3662325cd3a42957
Z9-09-123,"(48, 0, 2, 2)","(48, 0, 2, 2)",shoda,3662325cd3a42957
Z9-09-124,"(43, 0, 4, 3)","(43, 0, 4, 3)",shoda,3662325cd3a42957
Z9-09-125,"(48, 0, 1, 3)","(48, 0, 1, 3)",shoda,3662325cd3a42957
Z9-09-126,"(48, 0, 2, 2)","(48, 0, 2, 2)",shoda,3662325cd3a42957
Z9-09-127,"(11, 0, 28, 13)","(11, 0, 28, 13)",shoda,3662325cd3a42957
Z9-09-128,"(43, 0, 8, 1)","(43, 0, 8, 1)",shoda,3662325cd3a42957
Z9-09-129,"(50, 0, 2, 0)","(50, 0, 2, 0)",shoda,3662325cd3a42957
Z9-09-130,"(42, 0, 7, 3)","(42, 0, 7, 3)",shoda,3662325cd3a42957
Z9-11-001,"(52, 0, 0, 0)","(52, 0, 0, 0)",shoda,8b2034d2529405ca
Z9-11-002,"(48, 0, 2, 2)","(48, 0, 2, 2)",shoda,8b2034d2529405ca
Z9-11-003,"(48, 0, 3, 1)","(48, 0, 3, 1)",shoda,8b2034d2529405ca
Z9-11-004,"(10, 7, 14, 20)","(10, 7, 14, 20)",shoda,8b2034d2529405ca
Z9-11-005,"(45, 3, 1, 1)","(45, 3, 1, 1)",shoda,8b2034d2529405ca
Z9-11-007,"(28, 14, 6, 3)","(28, 14, 6, 3)",shoda,8b2034d2529405ca
Z9-11-008,"(6, 0, 9, 34)","(6, 0, 9, 34)",shoda,8b2034d2529405ca
Z9-11-009,"(30, 0, 3, 14)","(30, 0, 3, 14)",shoda,8b2034d2529405ca
Z9-11-010,"(37, 0, 0, 6)","(37, 0, 0, 6)",shoda,8b2034d2529405ca
Z9-11-012,"(1, 0, 0, 0)","(1, 0, 0, 0)",shoda,8b2034d2529405ca
Z9-10-001,"(47, 0, 0, 3)","(47, 0, 0, 3)",shoda,eb0d7acd8a1bcc62
Z9-10-003,"(47, 0, 4, 0)","(47, 0, 4, 0)",shoda,eb0d7acd8a1bcc62
Z9-10-004,"(50, 0, 1, 0)","(50, 0, 1, 0)",shoda,eb0d7acd8a1bcc62
Z9-10-005,"(12, 8, 24, 7)","(12, 8, 24, 7)",shoda,eb0d7acd8a1bcc62
Z9-10-006,"(48, 1, 2, 0)","(48, 1, 2, 0)",shoda,eb0d7acd8a1bcc62
Z9-10-007,"(47, 0, 2, 1)","(47, 0, 2, 1)",shoda,eb0d7acd8a1bcc62
Z9-10-008,"(46, 0, 2, 2)","(46, 0, 2, 2)",shoda,eb0d7acd8a1bcc62
Z9-10-009,"(40, 0, 9, 2)","(40, 0, 9, 2)",shoda,eb0d7acd8a1bcc62
Z9-10-010,"(39, 0, 9, 3)","(39, 0, 9, 3)",shoda,eb0d7acd8a1bcc62
Z9-10-011,"(42, 0, 9, 0)","(42, 0, 9, 0)",shoda,eb0d7acd8a1bcc62
Z9-10-012,"(42, 0, 8, 1)","(42, 0, 8, 1)",shoda,eb0d7acd8a1bcc62
Z9-10-013,"(40, 0, 10, 1)","(40, 0, 10, 1)",shoda,eb0d7acd8a1bcc62
Z9-10-014,"(39, 0, 10, 2)","(39, 0, 10, 2)",shoda,eb0d7acd8a1bcc62
Z9-10-015,"(42, 0, 9, 0)","(42, 0, 9, 0)",shoda,eb0d7acd8a1bcc62
Z9-10-016,"(42, 0, 8, 1)","(42, 0, 8, 1)",shoda,eb0d7acd8a1bcc62
Z9-10-017,"(41, 0, 9, 1)","(41, 0, 9, 1)",shoda,eb0d7acd8a1bcc62
Z9-10-018,"(48, 0, 3, 0)","(48, 0, 3, 0)",shoda,eb0d7acd8a1bcc62
Z9-10-019,"(48, 0, 2, 1)","(48, 0, 2, 1)",shoda,eb0d7acd8a1bcc62
Z9-10-020,"(40, 0, 9, 2)","(40, 0, 9, 2)",shoda,eb0d7acd8a1bcc62
Z9-10-021,"(42, 0, 9, 0)","(42, 0, 9, 0)",shoda,eb0d7acd8a1bcc62
Z9-10-022,"(44, 0, 7, 0)","(44, 0, 7, 0)",shoda,eb0d7acd8a1bcc62
Z9-10-023,"(41, 0, 9, 1)","(41, 0, 9, 1)",shoda,eb0d7acd8a1bcc62
Z9-10-024,"(47, 0, 4, 0)","(47, 0, 4, 0)",shoda,eb0d7acd8a1bcc62
Z9-10-025,"(43, 0, 3, 5)","(43, 0, 3, 5)",shoda,eb0d7acd8a1bcc62
Z9-10-026,"(45, 1, 3, 2)","(45, 1, 3, 2)",shoda,eb0d7acd8a1bcc62
Z9-10-027,"(40, 2, 8, 1)","(40, 2, 8, 1)",shoda,eb0d7acd8a1bcc62
Z9-10-028,"(47, 0, 1, 3)","(47, 0, 1, 3)",shoda,eb0d7acd8a1bcc62
Z9-10-029,"(42, 0, 7, 2)","(42, 0, 7, 2)",shoda,eb0d7acd8a1bcc62
Z9-10-030,"(49, 0, 1, 1)","(49, 0, 1, 1)",shoda,eb0d7acd8a1bcc62
Z9-10-031,"(49, 0, 1, 1)","(49, 0, 1, 1)",shoda,eb0d7acd8a1bcc62
Z9-10-032,"(42, 0, 7, 2)","(42, 0, 7, 2)",shoda,eb0d7acd8a1bcc62
Z9-10-033,"(42, 0, 7, 2)","(42, 0, 7, 2)",shoda,eb0d7acd8a1bcc62
Z9-10-034,"(33, 7, 8, 3)","(33, 7, 8, 3)",shoda,eb0d7acd8a1bcc62
Z9-10-035,"(48, 0, 1, 2)","(48, 0, 1, 2)",shoda,eb0d7acd8a1bcc62
Z9-10-036,"(33, 0, 12, 6)","(33, 0, 12, 6)",shoda,eb0d7acd8a1bcc62
Z9-10-037,"(47, 0, 3, 2)","(47, 0, 3, 2)",shoda,eb0d7acd8a1bcc62
Z9-10-038,"(47, 0, 2, 3)","(47, 0, 2, 3)",shoda,eb0d7acd8a1bcc62
Z9-10-039,"(46, 0, 3, 3)","(46, 0, 3, 3)",shoda,eb0d7acd8a1bcc62
Z9-10-040,"(48, 0, 1, 3)","(48, 0, 1, 3)",shoda,eb0d7acd8a1bcc62
Z9-10-041,"(44, 6, 0, 2)","(44, 6, 0, 2)",shoda,eb0d7acd8a1bcc62
Z9-10-042,"(43, 1, 7, 0)","(43, 1, 7, 0)",shoda,eb0d7acd8a1bcc62
Z9-10-043,"(40, 6, 1, 4)","(40, 6, 1, 4)",shoda,eb0d7acd8a1bcc62
Z9-10-044,"(47, 0, 3, 1)","(47, 0, 3, 1)",shoda,eb0d7acd8a1bcc62
Z9-10-045,"(36, 7, 6, 3)","(36, 7, 6, 3)",shoda,eb0d7acd8a1bcc62
Z9-10-046,"(40, 1, 7, 4)","(40, 1, 7, 4)",shoda,eb0d7acd8a1bcc62
Z9-10-047,"(47, 0, 3, 2)","(47, 0, 3, 2)",shoda,eb0d7acd8a1bcc62
Z9-10-048,"(42, 1, 6, 3)","(42, 1, 6, 3)",shoda,eb0d7acd8a1bcc62
Z9-10-049,"(49, 0, 0, 3)","(49, 0, 0, 3)",shoda,eb0d7acd8a1bcc62
Z9-10-050,"(38, 5, 7, 2)","(38, 5, 7, 2)",shoda,eb0d7acd8a1bcc62
Z9-10-051,"(47, 0, 2, 3)","(47, 0, 2, 3)",shoda,eb0d7acd8a1bcc62
Z9-10-052,"(43, 5, 1, 3)","(43, 5, 1, 3)",shoda,eb0d7acd8a1bcc62
Z9-10-053,"(16, 3, 19, 14)","(16, 3, 19, 14)",shoda,eb0d7acd8a1bcc62
Z9-10-054,"(32, 6, 8, 6)","(32, 6, 8, 6)",shoda,eb0d7acd8a1bcc62
Z9-10-055,"(50, 0, 1, 1)","(50, 0, 1, 1)",shoda,eb0d7acd8a1bcc62
Z9-10-056,"(49, 0, 3, 0)","(49, 0, 3, 0)",shoda,eb0d7acd8a1bcc62
Z9-10-057,"(49, 0, 3, 0)","(49, 0, 3, 0)",shoda,eb0d7acd8a1bcc62
Z9-10-058,"(44, 6, 1, 1)","(44, 6, 1, 1)",shoda,eb0d7acd8a1bcc62
Z9-10-059,"(50, 0, 1, 1)","(50, 0, 1, 1)",shoda,eb0d7acd8a1bcc62
Z9-10-060,"(51, 0, 1, 0)","(51, 0, 1, 0)",shoda,eb0d7acd8a1bcc62
Z9-10-061,"(50, 0, 1, 1)","(50, 0, 1, 1)",shoda,eb0d7acd8a1bcc62
Z9-10-062,"(48, 0, 1, 3)","(48, 0, 1, 3)",shoda,eb0d7acd8a1bcc62
Z9-10-063,"(44, 0, 7, 0)","(44, 0, 7, 0)",shoda,eb0d7acd8a1bcc62
Z9-10-064,"(48, 0, 1, 2)","(48, 0, 1, 2)",shoda,eb0d7acd8a1bcc62
Z9-10-065,"(44, 0, 7, 1)","(44, 0, 7, 1)",shoda,eb0d7acd8a1bcc62
Z9-10-066,"(43, 0, 8, 1)","(43, 0, 8, 1)",shoda,eb0d7acd8a1bcc62
Z9-10-067,"(48, 0, 1, 3)","(48, 0, 1, 3)",shoda,eb0d7acd8a1bcc62
Z9-10-069,"(44, 0, 3, 4)","(44, 0, 3, 4)",shoda,eb0d7acd8a1bcc62
Z9-10-070,"(46, 0, 3, 1)","(46, 0, 3, 1)",shoda,eb0d7acd8a1bcc62
Z9-10-071,"(38, 0, 7, 6)","(38, 0, 7, 6)",shoda,eb0d7acd8a1bcc62
Z9-10-072,"(20, 3, 12, 15)","(20, 3, 12, 15)",shoda,eb0d7acd8a1bcc62
Z9-10-073,"(40, 0, 6, 5)","(40, 0, 6, 5)",shoda,eb0d7acd8a1bcc62
Z9-10-074,"(49, 0, 0, 2)","(49, 0, 0, 2)",shoda,eb0d7acd8a1bcc62
Z9-10-075,"(22, 0, 12, 17)","(22, 0, 12, 17)",shoda,eb0d7acd8a1bcc62
Z9-10-076,"(35, 0, 4, 12)","(35, 0, 4, 12)",shoda,eb0d7acd8a1bcc62
Z9-10-077,"(33, 0, 8, 2)","(33, 0, 8, 2)",shoda,eb0d7acd8a1bcc62
Z9-10-078,"(36, 6, 2, 0)","(36, 6, 2, 0)",shoda,eb0d7acd8a1bcc62
Z9-10-079,"(37, 0, 9, 1)","(37, 0, 9, 1)",shoda,eb0d7acd8a1bcc62
Z9-10-080,"(38, 0, 9, 0)","(38, 0, 9, 0)",shoda,eb0d7acd8a1bcc62
Z9-10-081,"(33, 1, 12, 0)","(33, 1, 12, 0)",shoda,eb0d7acd8a1bcc62
Z9-10-082,"(34, 1, 12, 0)","(34, 1, 12, 0)",shoda,eb0d7acd8a1bcc62
Z9-10-083,"(40, 0, 6, 1)","(40, 0, 6, 1)",shoda,eb0d7acd8a1bcc62
Z9-10-084,"(44, 0, 2, 1)","(44, 0, 2, 1)",shoda,eb0d7acd8a1bcc62
Z9-10-085,"(43, 0, 3, 1)","(43, 0, 3, 1)",shoda,eb0d7acd8a1bcc62
Z9-10-086,"(43, 0, 3, 1)","(43, 0, 3, 1)",shoda,eb0d7acd8a1bcc62
Z9-10-087,"(46, 0, 1, 0)","(46, 0, 1, 0)",shoda,eb0d7acd8a1bcc62
Z9-10-088,"(43, 0, 2, 2)","(43, 0, 2, 2)",shoda,eb0d7acd8a1bcc62
Z9-10-090,"(43, 0, 3, 1)","(43, 0, 3, 1)",shoda,eb0d7acd8a1bcc62
Z9-10-091,"(46, 0, 1, 0)","(46, 0, 1, 0)",shoda,eb0d7acd8a1bcc62
Z9-10-092,"(44, 0, 1, 2)","(44, 0, 1, 2)",shoda,eb0d7acd8a1bcc62
Z9-10-093,"(46, 0, 1, 0)","(46, 0, 1, 0)",shoda,eb0d7acd8a1bcc62
Z9-10-094,"(42, 0, 4, 1)","(42, 0, 4, 1)",shoda,eb0d7acd8a1bcc62
Z9-10-095,"(44, 1, 2, 0)","(44, 1, 2, 0)",shoda,eb0d7acd8a1bcc62
Z9-10-096,"(48, 0, 0, 0)","(48, 0, 0, 0)",shoda,eb0d7acd8a1bcc62
Z9-10-097,"(47, 0, 0, 1)","(47, 0, 0, 1)",shoda,eb0d7acd8a1bcc62
Z9-10-098,"(40, 0, 5, 3)","(40, 0, 5, 3)",shoda,eb0d7acd8a1bcc62
Z9-10-099,"(47, 0, 1, 0)","(47, 0, 1, 0)",shoda,eb0d7acd8a1bcc62
Z9-10-100,"(46, 0, 2, 0)","(46, 0, 2, 0)",shoda,eb0d7acd8a1bcc62
Z9-10-101,"(45, 0, 3, 0)","(45, 0, 3, 0)",shoda,eb0d7acd8a1bcc62
Z9-10-102,"(44, 0, 1, 3)","(44, 0, 1, 3)",shoda,eb0d7acd8a1bcc62
Z9-10-103,"(43, 0, 3, 2)","(43, 0, 3, 2)",shoda,eb0d7acd8a1bcc62
Z9-10-104,"(44, 0, 3, 1)","(44, 0, 3, 1)",shoda,eb0d7acd8a1bcc62
Z9-10-105,"(47, 0, 1, 0)","(47, 0, 1, 0)",shoda,eb0d7acd8a1bcc62
Z9-10-106,"(39, 0, 7, 2)","(39, 0, 7, 2)",shoda,eb0d7acd8a1bcc62
Z9-10-107,"(45, 0, 2, 1)","(45, 0, 2, 1)",shoda,eb0d7acd8a1bcc62
Z9-10-108,"(47, 0, 1, 0)","(47, 0, 1, 0)",shoda,eb0d7acd8a1bcc62
Z9-12-001,"(50, 0, 0, 0)","(50, 0, 0, 0)",shoda,36a4e03789f899b5
Z9-12-002,"(49, 0, 0, 1)","(49, 0, 0, 1)",shoda,36a4e03789f899b5
Z9-12-003,"(49, 0, 0, 1)","(49, 0, 0, 1)",shoda,36a4e03789f899b5
Z9-12-004,"(49, 0, 0, 1)","(49, 0, 0, 1)",shoda,36a4e03789f899b5
Z9-12-005,"(48, 0, 0, 2)","(48, 0, 0, 2)",shoda,36a4e03789f899b5
Z9-12-006,"(50, 0, 0, 0)","(50, 0, 0, 0)",shoda,36a4e03789f899b5
Z9-12-007,"(43, 0, 7, 0)","(43, 0, 7, 0)",shoda,36a4e03789f899b5
Z9-12-008,"(45, 0, 5, 0)","(45, 0, 5, 0)",shoda,36a4e03789f899b5
Z9-12-009,"(46, 0, 1, 3)","(46, 0, 1, 3)",shoda,36a4e03789f899b5
Z9-12-010,"(41, 6, 2, 2)","(41, 6, 2, 2)",shoda,36a4e03789f899b5
Z9-12-011,"(44, 0, 7, 0)","(44, 0, 7, 0)",shoda,36a4e03789f899b5
Z9-12-012,"(51, 0, 0, 0)","(51, 0, 0, 0)",shoda,36a4e03789f899b5
Z9-12-013,"(48, 0, 1, 2)","(48, 0, 1, 2)",shoda,36a4e03789f899b5
Z9-12-014,"(45, 0, 5, 1)","(45, 0, 5, 1)",shoda,36a4e03789f899b5
Z9-12-015,"(43, 0, 5, 3)","(43, 0, 5, 3)",shoda,36a4e03789f899b5
Z9-12-016,"(44, 5, 1, 1)","(44, 5, 1, 1)",shoda,36a4e03789f899b5
Z9-12-017,"(42, 0, 7, 2)","(42, 0, 7, 2)",shoda,36a4e03789f899b5
Z9-12-018,"(46, 0, 5, 0)","(46, 0, 5, 0)",shoda,36a4e03789f899b5
Z9-12-019,"(44, 0, 6, 1)","(44, 0, 6, 1)",shoda,36a4e03789f899b5
Z9-12-020,"(45, 3, 2, 1)","(45, 3, 2, 1)",shoda,36a4e03789f899b5
Z9-12-021,"(51, 0, 0, 0)","(51, 0, 0, 0)",shoda,36a4e03789f899b5
Z9-12-022,"(44, 0, 5, 2)","(44, 0, 5, 2)",shoda,36a4e03789f899b5
Z9-12-023,"(45, 0, 5, 1)","(45, 0, 5, 1)",shoda,36a4e03789f899b5
Z9-12-024,"(49, 0, 0, 2)","(49, 0, 0, 2)",shoda,36a4e03789f899b5
Z9-12-025,"(44, 4, 1, 2)","(44, 4, 1, 2)",shoda,36a4e03789f899b5
Z9-12-026,"(50, 0, 0, 1)","(50, 0, 0, 1)",shoda,36a4e03789f899b5
Z9-12-027,"(49, 0, 1, 1)","(49, 0, 1, 1)",shoda,36a4e03789f899b5
Z9-12-028,"(47, 0, 2, 2)","(47, 0, 2, 2)",shoda,36a4e03789f899b5
Z9-12-029,"(45, 0, 4, 2)","(45, 0, 4, 2)",shoda,36a4e03789f899b5
Z9-12-030,"(44, 5, 0, 2)","(44, 5, 0, 2)",shoda,36a4e03789f899b5
Z9-12-031,"(34, 0, 11, 6)","(34, 0, 11, 6)",shoda,36a4e03789f899b5
Z9-12-032,"(39, 1, 8, 3)","(39, 1, 8, 3)",shoda,36a4e03789f899b5
Z9-12-033,"(46, 0, 4, 1)","(46, 0, 4, 1)",shoda,36a4e03789f899b5
Z9-12-034,"(50, 0, 0, 1)","(50, 0, 0, 1)",shoda,36a4e03789f899b5
Z9-12-035,"(47, 0, 0, 4)","(47, 0, 0, 4)",shoda,36a4e03789f899b5
Z9-12-036,"(49, 0, 0, 2)","(49, 0, 0, 2)",shoda,36a4e03789f899b5
Z9-12-037,"(47, 0, 0, 4)","(47, 0, 0, 4)",shoda,36a4e03789f899b5
Z9-12-038,"(51, 0, 0, 0)","(51, 0, 0, 0)",shoda,36a4e03789f899b5
Z9-12-039,"(48, 0, 0, 3)","(48, 0, 0, 3)",shoda,36a4e03789f899b5
Z9-12-040,"(47, 2, 0, 2)","(47, 2, 0, 2)",shoda,36a4e03789f899b5
Z9-12-041,"(45, 4, 1, 1)","(45, 4, 1, 1)",shoda,36a4e03789f899b5
Z9-12-042,"(43, 5, 1, 2)","(43, 5, 1, 2)",shoda,36a4e03789f899b5
Z9-12-043,"(44, 0, 6, 1)","(44, 0, 6, 1)",shoda,36a4e03789f899b5
Z9-12-044,"(50, 0, 0, 1)","(50, 0, 0, 1)",shoda,36a4e03789f899b5
Z9-12-045,"(49, 0, 0, 2)","(49, 0, 0, 2)",shoda,36a4e03789f899b5
Z9-12-046,"(48, 0, 0, 3)","(48, 0, 0, 3)",shoda,36a4e03789f899b5
Z9-12-047,"(44, 0, 5, 2)","(44, 0, 5, 2)",shoda,36a4e03789f899b5
Z9-12-048,"(49, 0, 0, 2)","(49, 0, 0, 2)",shoda,36a4e03789f899b5
Z9-12-049,"(51, 0, 0, 0)","(51, 0, 0, 0)",shoda,36a4e03789f899b5
Z9-12-050,"(51, 0, 0, 0)","(51, 0, 0, 0)",shoda,36a4e03789f899b5
Z9-12-051,"(48, 0, 2, 1)","(48, 0, 2, 1)",shoda,36a4e03789f899b5
Z9-12-052,"(48, 0, 2, 1)","(48, 0, 2, 1)",shoda,36a4e03789f899b5
Z9-12-053,"(50, 0, 0, 1)","(50, 0, 0, 1)",shoda,36a4e03789f899b5
Z9-12-054,"(44, 0, 3, 4)","(44, 0, 3, 4)",shoda,36a4e03789f899b5
Z9-12-055,"(43, 0, 5, 3)","(43, 0, 5, 3)",shoda,36a4e03789f899b5
Z9-12-056,"(43, 0, 5, 3)","(43, 0, 5, 3)",shoda,36a4e03789f899b5
Z9-12-057,"(40, 0, 10, 1)","(40, 0, 10, 1)",shoda,36a4e03789f899b5
Z9-12-058,"(40, 0, 10, 1)","(40, 0, 10, 1)",shoda,36a4e03789f899b5
Z9-12-059,"(42, 0, 6, 3)","(42, 0, 6, 3)",shoda,36a4e03789f899b5
Z9-12-060,"(49, 0, 0, 2)","(49, 0, 0, 2)",shoda,36a4e03789f899b5
Z9-12-061,"(50, 0, 0, 1)","(50, 0, 0, 1)",shoda,36a4e03789f899b5
Z9-12-062,"(48, 0, 1, 2)","(48, 0, 1, 2)",shoda,36a4e03789f899b5
Z9-12-063,"(42, 0, 6, 3)","(42, 0, 6, 3)",shoda,36a4e03789f899b5
Z9-12-064,"(43, 0, 1, 7)","(43, 0, 1, 7)",shoda,36a4e03789f899b5
Z9-12-065,"(44, 0, 4, 3)","(44, 0, 4, 3)",shoda,36a4e03789f899b5
Z9-12-066,"(51, 0, 0, 0)","(51, 0, 0, 0)",shoda,36a4e03789f899b5
Z9-12-067,"(50, 0, 0, 1)","(50, 0, 0, 1)",shoda,36a4e03789f899b5
Z9-12-068,"(50, 0, 0, 1)","(50, 0, 0, 1)",shoda,36a4e03789f899b5
Z9-12-069,"(51, 0, 0, 0)","(51, 0, 0, 0)",shoda,36a4e03789f899b5
Z9-12-070,"(51, 0, 0, 0)","(51, 0, 0, 0)",shoda,36a4e03789f899b5
Z9-12-071,"(49, 0, 0, 2)","(49, 0, 0, 2)",shoda,36a4e03789f899b5
Z9-12-072,"(50, 0, 0, 1)","(50, 0, 0, 1)",shoda,36a4e03789f899b5
Z9-12-073,"(51, 0, 0, 0)","(51, 0, 0, 0)",shoda,36a4e03789f899b5
Z9-12-074,"(50, 0, 0, 1)","(50, 0, 0, 1)",shoda,36a4e03789f899b5
Z9-12-075,"(40, 1, 9, 1)","(40, 1, 9, 1)",shoda,36a4e03789f899b5
Z9-12-076,"(43, 0, 5, 3)","(43, 0, 5, 3)",shoda,36a4e03789f899b5
Z9-12-077,"(43, 1, 5, 2)","(43, 1, 5, 2)",shoda,36a4e03789f899b5
Z9-14-001,"(49, 0, 0, 3)","(49, 0, 0, 3)",shoda,198b605f95c9e2a9
Z9-14-002,"(51, 0, 1, 0)","(51, 0, 1, 0)",shoda,198b605f95c9e2a9
Z9-14-003,"(51, 0, 1, 0)","(51, 0, 1, 0)",shoda,198b605f95c9e2a9
Z9-14-004,"(51, 0, 1, 0)","(51, 0, 1, 0)",shoda,198b605f95c9e2a9
Z9-14-005,"(42, 3, 6, 1)","(42, 3, 6, 1)",shoda,198b605f95c9e2a9
Z9-14-006,"(50, 0, 1, 1)","(50, 0, 1, 1)",shoda,198b605f95c9e2a9
Z9-14-007,"(50, 0, 2, 0)","(50, 0, 2, 0)",shoda,198b605f95c9e2a9
Z9-14-008,"(41, 2, 8, 1)","(41, 2, 8, 1)",shoda,198b605f95c9e2a9
Z9-14-009,"(51, 0, 0, 1)","(51, 0, 0, 1)",shoda,198b605f95c9e2a9
Z9-14-010,"(49, 0, 2, 0)","(49, 0, 2, 0)",shoda,198b605f95c9e2a9
Z9-14-011,"(6, 0, 22, 24)","(6, 0, 22, 24)",shoda,198b605f95c9e2a9
Z9-14-012,"(42, 0, 4, 6)","(42, 0, 4, 6)",shoda,198b605f95c9e2a9
Z9-14-013,"(6, 0, 21, 25)","(6, 0, 21, 25)",shoda,198b605f95c9e2a9
Z9-14-014,"(47, 0, 2, 3)","(47, 0, 2, 3)",shoda,198b605f95c9e2a9
Z9-14-015,"(50, 0, 0, 3)","(50, 0, 0, 3)",shoda,198b605f95c9e2a9
Z9-14-016,"(50, 0, 3, 0)","(50, 0, 3, 0)",shoda,198b605f95c9e2a9
Z9-14-017,"(49, 0, 2, 2)","(49, 0, 2, 2)",shoda,198b605f95c9e2a9
Z9-14-018,"(44, 4, 2, 3)","(44, 4, 2, 3)",shoda,198b605f95c9e2a9
Z9-14-019,"(35, 2, 13, 3)","(35, 2, 13, 3)",shoda,198b605f95c9e2a9
Z9-14-020,"(43, 0, 9, 1)","(43, 0, 9, 1)",shoda,198b605f95c9e2a9
Z9-14-021,"(49, 0, 1, 3)","(49, 0, 1, 3)",shoda,198b605f95c9e2a9
Z9-14-022,"(45, 0, 7, 1)","(45, 0, 7, 1)",shoda,198b605f95c9e2a9
Z9-14-023,"(51, 0, 1, 1)","(51, 0, 1, 1)",shoda,198b605f95c9e2a9
Z9-14-024,"(51, 0, 0, 2)","(51, 0, 0, 2)",shoda,198b605f95c9e2a9
Z9-14-025,"(52, 0, 0, 1)","(52, 0, 0, 1)",shoda,198b605f95c9e2a9
Z9-14-026,"(48, 0, 5, 1)","(48, 0, 5, 1)",shoda,198b605f95c9e2a9
Z9-14-027,"(54, 0, 0, 0)","(54, 0, 0, 0)",shoda,198b605f95c9e2a9
Z9-14-028,"(50, 0, 2, 2)","(50, 0, 2, 2)",shoda,198b605f95c9e2a9
Z9-14-029,"(54, 0, 0, 0)","(54, 0, 0, 0)",shoda,198b605f95c9e2a9
Z9-14-030,"(49, 0, 5, 0)","(49, 0, 5, 0)",shoda,198b605f95c9e2a9
Z9-14-031,"(47, 1, 5, 1)","(47, 1, 5, 1)",shoda,198b605f95c9e2a9
Z9-14-032,"(43, 4, 5, 2)","(43, 4, 5, 2)",shoda,198b605f95c9e2a9
Z9-14-033,"(48, 0, 6, 0)","(48, 0, 6, 0)",shoda,198b605f95c9e2a9
Z9-14-034,"(44, 0, 10, 0)","(44, 0, 10, 0)",shoda,198b605f95c9e2a9
Z9-14-035,"(43, 0, 10, 1)","(43, 0, 10, 1)",shoda,198b605f95c9e2a9
Z9-14-036,"(47, 0, 7, 0)","(47, 0, 7, 0)",shoda,198b605f95c9e2a9
Z9-14-037,"(52, 0, 1, 1)","(52, 0, 1, 1)",shoda,198b605f95c9e2a9
Z9-14-038,"(51, 0, 1, 2)","(51, 0, 1, 2)",shoda,198b605f95c9e2a9
Z9-14-039,"(47, 0, 5, 1)","(47, 0, 5, 1)",shoda,198b605f95c9e2a9
Z9-14-040,"(52, 0, 0, 1)","(52, 0, 0, 1)",shoda,198b605f95c9e2a9
Z9-14-041,"(52, 0, 1, 1)","(52, 0, 1, 1)",shoda,198b605f95c9e2a9
Z9-14-042,"(47, 0, 2, 1)","(47, 0, 2, 1)",shoda,198b605f95c9e2a9
Z9-14-043,"(43, 2, 8, 1)","(43, 2, 8, 1)",shoda,198b605f95c9e2a9
Z9-14-044,"(52, 0, 1, 1)","(52, 0, 1, 1)",shoda,198b605f95c9e2a9
Z9-14-045,"(49, 0, 5, 0)","(49, 0, 5, 0)",shoda,198b605f95c9e2a9
Z9-14-046,"(52, 0, 1, 1)","(52, 0, 1, 1)",shoda,198b605f95c9e2a9
Z9-14-047,"(45, 0, 6, 3)","(45, 0, 6, 3)",shoda,198b605f95c9e2a9
Z9-14-048,"(52, 0, 0, 2)","(52, 0, 0, 2)",shoda,198b605f95c9e2a9
Z9-14-049,"(52, 0, 1, 1)","(52, 0, 1, 1)",shoda,198b605f95c9e2a9
Z9-14-050,"(40, 0, 13, 1)","(40, 0, 13, 1)",shoda,198b605f95c9e2a9
Z9-14-051,"(52, 0, 1, 1)","(52, 0, 1, 1)",shoda,198b605f95c9e2a9
Z9-14-052,"(51, 0, 1, 1)","(51, 0, 1, 1)",shoda,198b605f95c9e2a9
Z9-14-053,"(46, 0, 6, 1)","(46, 0, 6, 1)",shoda,198b605f95c9e2a9
Z9-14-054,"(46, 1, 5, 1)","(46, 1, 5, 1)",shoda,198b605f95c9e2a9
Z9-14-055,"(45, 0, 6, 2)","(45, 0, 6, 2)",shoda,198b605f95c9e2a9
Z9-14-056,"(51, 0, 0, 2)","(51, 0, 0, 2)",shoda,198b605f95c9e2a9
Z9-14-057,"(51, 0, 0, 2)","(51, 0, 0, 2)",shoda,198b605f95c9e2a9
Z9-14-058,"(50, 0, 1, 2)","(50, 0, 1, 2)",shoda,198b605f95c9e2a9
Z9-14-059,"(46, 0, 6, 1)","(46, 0, 6, 1)",shoda,198b605f95c9e2a9
Z9-14-060,"(51, 0, 1, 1)","(51, 0, 1, 1)",shoda,198b605f95c9e2a9
Z9-14-062,"(39, 1, 12, 1)","(39, 1, 12, 1)",shoda,198b605f95c9e2a9
Z9-14-063,"(39, 1, 11, 2)","(39, 1, 11, 2)",shoda,198b605f95c9e2a9
Z9-14-064,"(48, 0, 4, 1)","(48, 0, 4, 1)",shoda,198b605f95c9e2a9
Z9-14-065,"(51, 0, 0, 2)","(51, 0, 0, 2)",shoda,198b605f95c9e2a9
Z9-14-066,"(52, 0, 0, 1)","(52, 0, 0, 1)",shoda,198b605f95c9e2a9
Z9-14-067,"(46, 0, 7, 0)","(46, 0, 7, 0)",shoda,198b605f95c9e2a9
Z9-14-068,"(50, 0, 1, 2)","(50, 0, 1, 2)",shoda,198b605f95c9e2a9
Z9-14-069,"(45, 0, 6, 2)","(45, 0, 6, 2)",shoda,198b605f95c9e2a9
Z9-14-070,"(51, 0, 0, 2)","(51, 0, 0, 2)",shoda,198b605f95c9e2a9
Z9-14-071,"(40, 0, 9, 4)","(40, 0, 9, 4)",shoda,198b605f95c9e2a9
Z9-14-072,"(51, 0, 0, 2)","(51, 0, 0, 2)",shoda,198b605f95c9e2a9
Z9-14-073,"(52, 0, 1, 0)","(52, 0, 1, 0)",shoda,198b605f95c9e2a9
Z9-14-074,"(49, 0, 2, 2)","(49, 0, 2, 2)",shoda,198b605f95c9e2a9
Z9-14-075,"(44, 0, 6, 3)","(44, 0, 6, 3)",shoda,198b605f95c9e2a9
Z9-14-076,"(44, 0, 6, 3)","(44, 0, 6, 3)",shoda,198b605f95c9e2a9
Z9-14-077,"(46, 0, 5, 2)","(46, 0, 5, 2)",shoda,198b605f95c9e2a9
Z9-14-078,"(40, 0, 11, 2)","(40, 0, 11, 2)",shoda,198b605f95c9e2a9
Z9-14-079,"(43, 0, 7, 3)","(43, 0, 7, 3)",shoda,198b605f95c9e2a9
Z9-14-080,"(46, 0, 4, 3)","(46, 0, 4, 3)",shoda,198b605f95c9e2a9
Z9-14-081,"(45, 6, 1, 1)","(45, 6, 1, 1)",shoda,198b605f95c9e2a9
Z9-14-082,"(46, 0, 6, 1)","(46, 0, 6, 1)",shoda,198b605f95c9e2a9
Z9-14-083,"(46, 0, 5, 2)","(46, 0, 5, 2)",shoda,198b605f95c9e2a9
Z9-14-084,"(50, 0, 1, 2)","(50, 0, 1, 2)",shoda,198b605f95c9e2a9
Z9-14-085,"(50, 0, 1, 2)","(50, 0, 1, 2)",shoda,198b605f95c9e2a9
Z9-14-086,"(50, 0, 0, 3)","(50, 0, 0, 3)",shoda,198b605f95c9e2a9
Z9-14-087,"(48, 0, 5, 0)","(48, 0, 5, 0)",shoda,198b605f95c9e2a9
Z9-14-088,"(52, 0, 1, 0)","(52, 0, 1, 0)",shoda,198b605f95c9e2a9
Z9-14-089,"(52, 0, 1, 0)","(52, 0, 1, 0)",shoda,198b605f95c9e2a9
Z9-14-090,"(51, 0, 0, 2)","(51, 0, 0, 2)",shoda,198b605f95c9e2a9
Z9-14-091,"(44, 0, 5, 4)","(44, 0, 5, 4)",shoda,198b605f95c9e2a9
Z9-14-092,"(48, 0, 4, 1)","(48, 0, 4, 1)",shoda,198b605f95c9e2a9
Z9-14-093,"(46, 0, 7, 0)","(46, 0, 7, 0)",shoda,198b605f95c9e2a9
Z9-14-094,"(51, 0, 1, 1)","(51, 0, 1, 1)",shoda,198b605f95c9e2a9
Z9-14-095,"(46, 0, 6, 1)","(46, 0, 6, 1)",shoda,198b605f95c9e2a9
Z9-14-096,"(45, 0, 6, 2)","(45, 0, 6, 2)",shoda,198b605f95c9e2a9
Z9-14-097,"(50, 0, 0, 3)","(50, 0, 0, 3)",shoda,198b605f95c9e2a9
Z9-14-098,"(38, 0, 10, 5)","(38, 0, 10, 5)",shoda,198b605f95c9e2a9
Z9-14-099,"(39, 0, 8, 6)","(39, 0, 8, 6)",shoda,198b605f95c9e2a9
Z9-14-100,"(47, 0, 1, 5)","(47, 0, 1, 5)",shoda,198b605f95c9e2a9
Z9-14-101,"(48, 0, 2, 3)","(48, 0, 2, 3)",shoda,198b605f95c9e2a9
Z9-16-001,"(45, 0, 0, 1)","(45, 0, 0, 1)",shoda,d527a00c9a941791
Z9-16-002,"(47, 0, 0, 0)","(47, 0, 0, 0)",shoda,d527a00c9a941791
Z9-16-003,"(47, 0, 0, 0)","(47, 0, 0, 0)",shoda,d527a00c9a941791
Z9-16-004,"(47, 0, 0, 0)","(47, 0, 0, 0)",shoda,d527a00c9a941791
Z9-16-005,"(46, 0, 0, 1)","(46, 0, 0, 1)",shoda,d527a00c9a941791
Z9-16-007,"(47, 0, 0, 0)","(47, 0, 0, 0)",shoda,d527a00c9a941791
Z9-16-008,"(44, 0, 3, 0)","(44, 0, 3, 0)",shoda,d527a00c9a941791
Z9-16-009,"(47, 0, 0, 0)","(47, 0, 0, 0)",shoda,d527a00c9a941791
Z9-16-010,"(42, 6, 0, 0)","(42, 6, 0, 0)",shoda,d527a00c9a941791
Z9-16-011,"(43, 0, 5, 0)","(43, 0, 5, 0)",shoda,d527a00c9a941791
Z9-16-012,"(42, 0, 6, 0)","(42, 0, 6, 0)",shoda,d527a00c9a941791
Z9-16-013,"(40, 0, 6, 2)","(40, 0, 6, 2)",shoda,d527a00c9a941791
Z9-16-014,"(41, 0, 6, 1)","(41, 0, 6, 1)",shoda,d527a00c9a941791
Z9-16-015,"(40, 0, 8, 0)","(40, 0, 8, 0)",shoda,d527a00c9a941791
Z9-16-016,"(47, 0, 1, 0)","(47, 0, 1, 0)",shoda,d527a00c9a941791
Z9-16-017,"(40, 1, 7, 0)","(40, 1, 7, 0)",shoda,d527a00c9a941791
Z9-16-018,"(38, 0, 6, 4)","(38, 0, 6, 4)",shoda,d527a00c9a941791
Z9-16-019,"(40, 0, 7, 1)","(40, 0, 7, 1)",shoda,d527a00c9a941791
Z9-16-020,"(41, 0, 6, 1)","(41, 0, 6, 1)",shoda,d527a00c9a941791
Z9-16-021,"(39, 6, 1, 2)","(39, 6, 1, 2)",shoda,d527a00c9a941791
Z9-16-022,"(40, 6, 4, 0)","(40, 6, 4, 0)",shoda,d527a00c9a941791
Z9-16-023,"(49, 0, 1, 0)","(49, 0, 1, 0)",shoda,d527a00c9a941791
Z9-16-024,"(50, 0, 0, 0)","(50, 0, 0, 0)",shoda,d527a00c9a941791
Z9-16-025,"(42, 0, 6, 2)","(42, 0, 6, 2)",shoda,d527a00c9a941791
Z9-16-026,"(34, 1, 11, 3)","(34, 1, 11, 3)",shoda,d527a00c9a941791
Z9-16-027,"(47, 0, 0, 2)","(47, 0, 0, 2)",shoda,d527a00c9a941791
Z9-16-028,"(47, 0, 0, 2)","(47, 0, 0, 2)",shoda,d527a00c9a941791
Z9-16-029,"(49, 0, 0, 1)","(49, 0, 0, 1)",shoda,d527a00c9a941791
Z9-16-030,"(48, 0, 1, 0)","(48, 0, 1, 0)",shoda,d527a00c9a941791
Z9-16-031,"(47, 0, 0, 2)","(47, 0, 0, 2)",shoda,d527a00c9a941791
Z9-16-032,"(46, 0, 1, 2)","(46, 0, 1, 2)",shoda,d527a00c9a941791
Z9-16-033,"(43, 0, 5, 1)","(43, 0, 5, 1)",shoda,d527a00c9a941791
Z9-16-034,"(47, 0, 1, 1)","(47, 0, 1, 1)",shoda,d527a00c9a941791
Z9-16-035,"(42, 0, 6, 1)","(42, 0, 6, 1)",shoda,d527a00c9a941791
Z9-16-036,"(41, 6, 1, 1)","(41, 6, 1, 1)",shoda,d527a00c9a941791
Z9-16-037,"(42, 1, 5, 1)","(42, 1, 5, 1)",shoda,d527a00c9a941791
Z9-16-038,"(43, 0, 4, 2)","(43, 0, 4, 2)",shoda,d527a00c9a941791
Z9-16-039,"(41, 1, 6, 0)","(41, 1, 6, 0)",shoda,d527a00c9a941791
Z9-16-040,"(48, 0, 0, 0)","(48, 0, 0, 0)",shoda,d527a00c9a941791
Z9-16-041,"(48, 0, 0, 0)","(48, 0, 0, 0)",shoda,d527a00c9a941791
Z9-16-042,"(47, 0, 0, 1)","(47, 0, 0, 1)",shoda,d527a00c9a941791
Z9-16-043,"(48, 0, 0, 0)","(48, 0, 0, 0)",shoda,d527a00c9a941791
Z9-16-044,"(46, 0, 0, 2)","(46, 0, 0, 2)",shoda,d527a00c9a941791
Z9-16-045,"(46, 0, 1, 2)","(46, 0, 1, 2)",shoda,d527a00c9a941791
Z9-16-046,"(41, 5, 2, 1)","(41, 5, 2, 1)",shoda,d527a00c9a941791
Z9-16-047,"(49, 0, 0, 0)","(49, 0, 0, 0)",shoda,d527a00c9a941791
Z9-16-048,"(48, 0, 0, 1)","(48, 0, 0, 1)",shoda,d527a00c9a941791
Z9-16-049,"(42, 0, 6, 1)","(42, 0, 6, 1)",shoda,d527a00c9a941791
Z9-16-050,"(42, 5, 2, 0)","(42, 5, 2, 0)",shoda,d527a00c9a941791
Z9-16-051,"(43, 6, 0, 0)","(43, 6, 0, 0)",shoda,d527a00c9a941791
Z9-16-052,"(41, 0, 8, 0)","(41, 0, 8, 0)",shoda,d527a00c9a941791
Z9-16-053,"(43, 6, 0, 0)","(43, 6, 0, 0)",shoda,d527a00c9a941791
Z9-16-054,"(42, 0, 6, 1)","(42, 0, 6, 1)",shoda,d527a00c9a941791
Z9-16-055,"(42, 0, 6, 1)","(42, 0, 6, 1)",shoda,d527a00c9a941791
Z9-16-056,"(42, 0, 6, 1)","(42, 0, 6, 1)",shoda,d527a00c9a941791
Z9-16-057,"(49, 0, 0, 0)","(49, 0, 0, 0)",shoda,d527a00c9a941791
Z9-16-058,"(48, 0, 0, 1)","(48, 0, 0, 1)",shoda,d527a00c9a941791
Z9-16-059,"(48, 0, 1, 0)","(48, 0, 1, 0)",shoda,d527a00c9a941791
Z9-16-060,"(41, 2, 4, 2)","(41, 2, 4, 2)",shoda,d527a00c9a941791
Z9-16-061,"(44, 0, 5, 0)","(44, 0, 5, 0)",shoda,d527a00c9a941791
Z9-16-062,"(39, 5, 5, 0)","(39, 5, 5, 0)",shoda,d527a00c9a941791
Z9-16-063,"(48, 0, 0, 1)","(48, 0, 0, 1)",shoda,d527a00c9a941791
Z9-16-064,"(36, 5, 5, 3)","(36, 5, 5, 3)",shoda,d527a00c9a941791
Z9-16-065,"(49, 0, 0, 0)","(49, 0, 0, 0)",shoda,d527a00c9a941791
Z9-16-066,"(48, 0, 0, 1)","(48, 0, 0, 1)",shoda,d527a00c9a941791
Z9-16-067,"(48, 0, 0, 1)","(48, 0, 0, 1)",shoda,d527a00c9a941791
Z9-16-068,"(49, 0, 0, 0)","(49, 0, 0, 0)",shoda,d527a00c9a941791
Z9-16-069,"(48, 0, 0, 1)","(48, 0, 0, 1)",shoda,d527a00c9a941791
Z9-16-070,"(49, 0, 0, 0)","(49, 0, 0, 0)",shoda,d527a00c9a941791
Z9-16-071,"(37, 0, 10, 2)","(37, 0, 10, 2)",shoda,d527a00c9a941791
Z9-16-072,"(45, 0, 0, 4)","(45, 0, 0, 4)",shoda,d527a00c9a941791
Z9-16-073,"(46, 0, 1, 2)","(46, 0, 1, 2)",shoda,d527a00c9a941791
Z9-16-074,"(43, 1, 3, 2)","(43, 1, 3, 2)",shoda,d527a00c9a941791
Z9-16-075,"(47, 0, 0, 2)","(47, 0, 0, 2)",shoda,d527a00c9a941791
Z9-16-076,"(41, 0, 7, 1)","(41, 0, 7, 1)",shoda,d527a00c9a941791
Z9-16-077,"(48, 0, 0, 1)","(48, 0, 0, 1)",shoda,d527a00c9a941791
Z9-16-078,"(47, 0, 0, 2)","(47, 0, 0, 2)",shoda,d527a00c9a941791
Z9-16-079,"(45, 0, 3, 1)","(45, 0, 3, 1)",shoda,d527a00c9a941791
Z9-16-080,"(49, 0, 0, 0)","(49, 0, 0, 0)",shoda,d527a00c9a941791
Z9-16-081,"(38, 0, 10, 0)","(38, 0, 10, 0)",shoda,d527a00c9a941791
Z9-16-082,"(45, 0, 2, 1)","(45, 0, 2, 1)",shoda,d527a00c9a941791
Z9-16-083,"(41, 5, 1, 1)","(41, 5, 1, 1)",shoda,d527a00c9a941791
Z9-15-001,"(43, 0, 0, 6)","(43, 0, 0, 6)",shoda,f5c65d180b769ffd
Z9-15-002,"(48, 0, 0, 3)","(48, 0, 0, 3)",shoda,f5c65d180b769ffd
Z9-15-003,"(48, 0, 1, 2)","(48, 0, 1, 2)",shoda,f5c65d180b769ffd
Z9-15-004,"(48, 0, 0, 3)","(48, 0, 0, 3)",shoda,f5c65d180b769ffd
Z9-15-005,"(45, 0, 3, 4)","(45, 0, 3, 4)",shoda,f5c65d180b769ffd
Z9-15-006,"(50, 0, 1, 1)","(50, 0, 1, 1)",shoda,f5c65d180b769ffd
Z9-15-007,"(51, 0, 1, 1)","(51, 0, 1, 1)",shoda,f5c65d180b769ffd
Z9-15-008,"(49, 0, 1, 3)","(49, 0, 1, 3)",shoda,f5c65d180b769ffd
Z9-15-009,"(46, 0, 6, 1)","(46, 0, 6, 1)",shoda,f5c65d180b769ffd
Z9-15-010,"(46, 0, 1, 6)","(46, 0, 1, 6)",shoda,f5c65d180b769ffd
Z9-15-011,"(50, 0, 1, 2)","(50, 0, 1, 2)",shoda,f5c65d180b769ffd
Z9-15-012,"(51, 0, 1, 1)","(51, 0, 1, 1)",shoda,f5c65d180b769ffd
Z9-15-013,"(48, 0, 1, 4)","(48, 0, 1, 4)",shoda,f5c65d180b769ffd
Z9-15-014,"(50, 0, 1, 2)","(50, 0, 1, 2)",shoda,f5c65d180b769ffd
Z9-15-015,"(50, 0, 1, 2)","(50, 0, 1, 2)",shoda,f5c65d180b769ffd
Z9-15-016,"(46, 0, 2, 5)","(46, 0, 2, 5)",shoda,f5c65d180b769ffd
Z9-15-017,"(50, 0, 1, 2)","(50, 0, 1, 2)",shoda,f5c65d180b769ffd
Z9-15-018,"(49, 0, 1, 3)","(49, 0, 1, 3)",shoda,f5c65d180b769ffd
Z9-15-019,"(48, 0, 4, 1)","(48, 0, 4, 1)",shoda,f5c65d180b769ffd
Z9-15-020,"(46, 0, 5, 2)","(46, 0, 5, 2)",shoda,f5c65d180b769ffd
Z9-15-021,"(51, 0, 1, 1)","(51, 0, 1, 1)",shoda,f5c65d180b769ffd
Z9-15-022,"(46, 0, 6, 1)","(46, 0, 6, 1)",shoda,f5c65d180b769ffd
Z9-15-023,"(42, 0, 8, 2)","(42, 0, 8, 2)",shoda,f5c65d180b769ffd
Z9-15-024,"(51, 0, 0, 2)","(51, 0, 0, 2)",shoda,f5c65d180b769ffd
Z9-15-025,"(49, 0, 1, 3)","(49, 0, 1, 3)",shoda,f5c65d180b769ffd
Z9-15-026,"(44, 0, 8, 1)","(44, 0, 8, 1)",shoda,f5c65d180b769ffd
Z9-15-027,"(50, 0, 0, 3)","(50, 0, 0, 3)",shoda,f5c65d180b769ffd
Z9-15-028,"(43, 0, 6, 4)","(43, 0, 6, 4)",shoda,f5c65d180b769ffd
Z9-15-029,"(44, 4, 0, 5)","(44, 4, 0, 5)",shoda,f5c65d180b769ffd
Z9-15-030,"(45, 4, 1, 3)","(45, 4, 1, 3)",shoda,f5c65d180b769ffd
Z9-15-031,"(50, 0, 1, 2)","(50, 0, 1, 2)",shoda,f5c65d180b769ffd
Z9-15-032,"(46, 0, 5, 2)","(46, 0, 5, 2)",shoda,f5c65d180b769ffd
Z9-15-033,"(45, 0, 6, 2)","(45, 0, 6, 2)",shoda,f5c65d180b769ffd
Z9-15-034,"(47, 0, 3, 3)","(47, 0, 3, 3)",shoda,f5c65d180b769ffd
Z9-15-035,"(47, 0, 1, 5)","(47, 0, 1, 5)",shoda,f5c65d180b769ffd
Z9-15-036,"(50, 0, 1, 2)","(50, 0, 1, 2)",shoda,f5c65d180b769ffd
Z9-15-037,"(44, 0, 6, 3)","(44, 0, 6, 3)",shoda,f5c65d180b769ffd
Z9-15-038,"(46, 1, 4, 2)","(46, 1, 4, 2)",shoda,f5c65d180b769ffd
Z9-15-039,"(50, 0, 1, 2)","(50, 0, 1, 2)",shoda,f5c65d180b769ffd
Z9-15-040,"(51, 0, 1, 1)","(51, 0, 1, 1)",shoda,f5c65d180b769ffd
Z9-15-041,"(49, 0, 1, 3)","(49, 0, 1, 3)",shoda,f5c65d180b769ffd
Z9-15-042,"(50, 0, 1, 2)","(50, 0, 1, 2)",shoda,f5c65d180b769ffd
Z9-15-043,"(49, 0, 1, 2)","(49, 0, 1, 2)",shoda,f5c65d180b769ffd
Z9-15-044,"(50, 0, 1, 1)","(50, 0, 1, 1)",shoda,f5c65d180b769ffd
Z9-15-045,"(43, 0, 6, 3)","(43, 0, 6, 3)",shoda,f5c65d180b769ffd
Z9-15-046,"(48, 0, 1, 3)","(48, 0, 1, 3)",shoda,f5c65d180b769ffd
Z9-15-047,"(43, 0, 4, 5)","(43, 0, 4, 5)",shoda,f5c65d180b769ffd
Z9-15-048,"(49, 0, 1, 2)","(49, 0, 1, 2)",shoda,f5c65d180b769ffd
Z9-15-049,"(49, 1, 0, 2)","(49, 1, 0, 2)",shoda,f5c65d180b769ffd
Z9-15-050,"(43, 0, 6, 4)","(43, 0, 6, 4)",shoda,f5c65d180b769ffd
Z9-15-051,"(45, 2, 4, 2)","(45, 2, 4, 2)",shoda,f5c65d180b769ffd
Z9-15-052,"(39, 0, 10, 4)","(39, 0, 10, 4)",shoda,f5c65d180b769ffd
Z9-15-053,"(51, 0, 0, 2)","(51, 0, 0, 2)",shoda,f5c65d180b769ffd
Z9-15-054,"(50, 0, 1, 2)","(50, 0, 1, 2)",shoda,f5c65d180b769ffd
Z9-15-055,"(48, 0, 1, 3)","(48, 0, 1, 3)",shoda,f5c65d180b769ffd
Z9-15-056,"(46, 0, 1, 5)","(46, 0, 1, 5)",shoda,f5c65d180b769ffd
Z9-15-057,"(46, 0, 4, 2)","(46, 0, 4, 2)",shoda,f5c65d180b769ffd
Z9-15-058,"(46, 0, 1, 5)","(46, 0, 1, 5)",shoda,f5c65d180b769ffd
Z9-15-059,"(48, 0, 1, 3)","(48, 0, 1, 3)",shoda,f5c65d180b769ffd
Z9-15-060,"(44, 4, 1, 3)","(44, 4, 1, 3)",shoda,f5c65d180b769ffd
Z9-15-061,"(48, 0, 1, 3)","(48, 0, 1, 3)",shoda,f5c65d180b769ffd
Z9-15-062,"(48, 0, 1, 3)","(48, 0, 1, 3)",shoda,f5c65d180b769ffd
Z9-15-063,"(48, 0, 0, 4)","(48, 0, 0, 4)",shoda,f5c65d180b769ffd
Z9-15-064,"(49, 0, 1, 2)","(49, 0, 1, 2)",shoda,f5c65d180b769ffd
Z9-15-065,"(49, 0, 1, 2)","(49, 0, 1, 2)",shoda,f5c65d180b769ffd
Z9-15-066,"(48, 0, 1, 2)","(48, 0, 1, 2)",shoda,f5c65d180b769ffd
Z9-15-067,"(47, 5, 0, 1)","(47, 5, 0, 1)",shoda,f5c65d180b769ffd
Z9-15-068,"(50, 0, 1, 2)","(50, 0, 1, 2)",shoda,f5c65d180b769ffd
Z9-15-069,"(51, 0, 1, 1)","(51, 0, 1, 1)",shoda,f5c65d180b769ffd
Z9-15-070,"(52, 0, 1, 0)","(52, 0, 1, 0)",shoda,f5c65d180b769ffd
Z9-15-071,"(51, 0, 1, 1)","(51, 0, 1, 1)",shoda,f5c65d180b769ffd
Z9-15-072,"(11, 1, 21, 15)","(11, 1, 21, 15)",shoda,f5c65d180b769ffd
Z9-15-073,"(34, 1, 10, 4)","(34, 1, 10, 4)",shoda,f5c65d180b769ffd
Z9-15-075,"(40, 0, 12, 1)","(40, 0, 12, 1)",shoda,f5c65d180b769ffd
Z9-15-076,"(50, 0, 1, 1)","(50, 0, 1, 1)",shoda,f5c65d180b769ffd
Z9-15-077,"(51, 0, 1, 0)","(51, 0, 1, 0)",shoda,f5c65d180b769ffd
Z9-15-079,"(40, 5, 7, 0)","(40, 5, 7, 0)",shoda,f5c65d180b769ffd
Z9-15-080,"(48, 0, 3, 1)","(48, 0, 3, 1)",shoda,f5c65d180b769ffd
Z9-15-081,"(49, 0, 2, 1)","(49, 0, 2, 1)",shoda,f5c65d180b769ffd
Z9-15-082,"(44, 0, 6, 2)","(44, 0, 6, 2)",shoda,f5c65d180b769ffd
Z9-15-083,"(51, 0, 1, 0)","(51, 0, 1, 0)",shoda,f5c65d180b769ffd
Z9-15-084,"(44, 2, 2, 4)","(44, 2, 2, 4)",shoda,f5c65d180b769ffd
Z9-15-085,"(51, 0, 0, 1)","(51, 0, 0, 1)",shoda,f5c65d180b769ffd
Z9-15-086,"(52, 0, 0, 0)","(52, 0, 0, 0)",shoda,f5c65d180b769ffd
Z9-15-087,"(51, 0, 0, 1)","(51, 0, 0, 1)",shoda,f5c65d180b769ffd
Z9-15-088,"(52, 0, 0, 0)","(52, 0, 0, 0)",shoda,f5c65d180b769ffd
Z9-15-089,"(49, 0, 0, 3)","(49, 0, 0, 3)",shoda,f5c65d180b769ffd
Z9-15-090,"(52, 0, 0, 0)","(52, 0, 0, 0)",shoda,f5c65d180b769ffd
Z9-15-091,"(50, 0, 0, 2)","(50, 0, 0, 2)",shoda,f5c65d180b769ffd
Z9-15-092,"(51, 0, 0, 1)","(51, 0, 0, 1)",shoda,f5c65d180b769ffd
Z9-15-093,"(48, 0, 3, 1)","(48, 0, 3, 1)",shoda,f5c65d180b769ffd
Z9-15-095,"(50, 0, 0, 2)","(50, 0, 0, 2)",shoda,f5c65d180b769ffd
Z9-15-096,"(46, 0, 3, 3)","(46, 0, 3, 3)",shoda,f5c65d180b769ffd
Z9-15-097,"(47, 0, 3, 2)","(47, 0, 3, 2)",shoda,f5c65d180b769ffd
Z9-15-098,"(48, 0, 2, 2)","(48, 0, 2, 2)",shoda,f5c65d180b769ffd
Z9-15-099,"(48, 0, 3, 1)","(48, 0, 3, 1)",shoda,f5c65d180b769ffd
Z9-15-100,"(49, 0, 2, 1)","(49, 0, 2, 1)",shoda,f5c65d180b769ffd
Z9-15-101,"(50, 0, 0, 2)","(50, 0, 0, 2)",shoda,f5c65d180b769ffd
Z9-15-102,"(45, 0, 5, 1)","(45, 0, 5, 1)",shoda,f5c65d180b769ffd
Z9-13-001,"(46, 0, 0, 3)","(46, 0, 0, 3)",shoda,1f55fba1fd91456a
Z9-13-002,"(48, 0, 1, 1)","(48, 0, 1, 1)",shoda,1f55fba1fd91456a
Z9-13-003,"(49, 0, 1, 0)","(49, 0, 1, 0)",shoda,1f55fba1fd91456a
Z9-13-004,"(8, 8, 24, 11)","(8, 8, 24, 11)",shoda,1f55fba1fd91456a
Z9-13-005,"(47, 0, 3, 1)","(47, 0, 3, 1)",shoda,1f55fba1fd91456a
Z9-13-006,"(48, 0, 0, 3)","(48, 0, 0, 3)",shoda,1f55fba1fd91456a
Z9-13-007,"(49, 0, 0, 2)","(49, 0, 0, 2)",shoda,1f55fba1fd91456a
Z9-13-009,"(44, 0, 1, 7)","(44, 0, 1, 7)",shoda,1f55fba1fd91456a
Z9-13-010,"(45, 5, 0, 4)","(45, 5, 0, 4)",shoda,1f55fba1fd91456a
Z9-13-011,"(53, 0, 0, 1)","(53, 0, 0, 1)",shoda,1f55fba1fd91456a
Z9-13-012,"(47, 0, 6, 1)","(47, 0, 6, 1)",shoda,1f55fba1fd91456a
Z9-13-013,"(52, 0, 0, 2)","(52, 0, 0, 2)",shoda,1f55fba1fd91456a
Z9-13-014,"(38, 0, 5, 11)","(38, 0, 5, 11)",shoda,1f55fba1fd91456a
Z9-13-015,"(11, 2, 18, 23)","(11, 2, 18, 23)",shoda,1f55fba1fd91456a
Z9-13-016,"(12, 0, 18, 24)","(12, 0, 18, 24)",shoda,1f55fba1fd91456a
Z9-13-017,"(37, 7, 7, 3)","(37, 7, 7, 3)",shoda,1f55fba1fd91456a
Z9-13-018,"(52, 0, 0, 2)","(52, 0, 0, 2)",shoda,1f55fba1fd91456a
Z9-13-019,"(50, 0, 2, 2)","(50, 0, 2, 2)",shoda,1f55fba1fd91456a
Z9-13-020,"(44, 0, 3, 7)","(44, 0, 3, 7)",shoda,1f55fba1fd91456a
Z9-13-021,"(52, 0, 1, 1)","(52, 0, 1, 1)",shoda,1f55fba1fd91456a
Z9-13-022,"(51, 0, 0, 3)","(51, 0, 0, 3)",shoda,1f55fba1fd91456a
Z9-13-023,"(45, 0, 7, 2)","(45, 0, 7, 2)",shoda,1f55fba1fd91456a
Z9-13-024,"(11, 1, 18, 24)","(11, 1, 18, 24)",shoda,1f55fba1fd91456a
Z9-13-025,"(9, 2, 19, 24)","(9, 2, 19, 24)",shoda,1f55fba1fd91456a
Z9-13-026,"(41, 2, 10, 1)","(41, 2, 10, 1)",shoda,1f55fba1fd91456a
Z9-13-027,"(38, 0, 7, 2)","(38, 0, 7, 2)",shoda,1f55fba1fd91456a
Z9-13-028,"(29, 0, 9, 9)","(29, 0, 9, 9)",shoda,1f55fba1fd91456a
Z9-13-029,"(45, 0, 1, 1)","(45, 0, 1, 1)",shoda,1f55fba1fd91456a
Z9-13-030,"(45, 0, 2, 0)","(45, 0, 2, 0)",shoda,1f55fba1fd91456a
Z9-13-031,"(39, 0, 6, 2)","(39, 0, 6, 2)",shoda,1f55fba1fd91456a
Z9-13-032,"(41, 0, 6, 0)","(41, 0, 6, 0)",shoda,1f55fba1fd91456a
Z9-13-033,"(39, 0, 7, 1)","(39, 0, 7, 1)",shoda,1f55fba1fd91456a
Z9-13-034,"(41, 0, 6, 0)","(41, 0, 6, 0)",shoda,1f55fba1fd91456a
Z9-13-035,"(46, 0, 2, 2)","(46, 0, 2, 2)",shoda,1f55fba1fd91456a
Z9-13-036,"(43, 6, 2, 0)","(43, 6, 2, 0)",shoda,1f55fba1fd91456a
Z9-13-037,"(50, 0, 1, 0)","(50, 0, 1, 0)",shoda,1f55fba1fd91456a
Z9-13-038,"(43, 6, 0, 2)","(43, 6, 0, 2)",shoda,1f55fba1fd91456a
Z9-13-039,"(51, 0, 0, 1)","(51, 0, 0, 1)",shoda,1f55fba1fd91456a
Z9-13-040,"(49, 0, 1, 2)","(49, 0, 1, 2)",shoda,1f55fba1fd91456a
Z9-13-041,"(45, 5, 1, 1)","(45, 5, 1, 1)",shoda,1f55fba1fd91456a
Z9-13-042,"(46, 0, 6, 0)","(46, 0, 6, 0)",shoda,1f55fba1fd91456a
Z9-13-043,"(48, 0, 3, 1)","(48, 0, 3, 1)",shoda,1f55fba1fd91456a
Z9-13-044,"(51, 0, 0, 1)","(51, 0, 0, 1)",shoda,1f55fba1fd91456a
Z9-13-045,"(41, 0, 6, 5)","(41, 0, 6, 5)",shoda,1f55fba1fd91456a
Z9-13-046,"(51, 0, 0, 1)","(51, 0, 0, 1)",shoda,1f55fba1fd91456a
Z9-13-047,"(51, 0, 0, 1)","(51, 0, 0, 1)",shoda,1f55fba1fd91456a
Z9-13-048,"(46, 0, 6, 0)","(46, 0, 6, 0)",shoda,1f55fba1fd91456a
Z9-13-049,"(43, 6, 2, 1)","(43, 6, 2, 1)",shoda,1f55fba1fd91456a
Z9-13-050,"(50, 0, 0, 2)","(50, 0, 0, 2)",shoda,1f55fba1fd91456a
Z9-13-051,"(52, 0, 0, 0)","(52, 0, 0, 0)",shoda,1f55fba1fd91456a
Z9-13-052,"(49, 0, 2, 1)","(49, 0, 2, 1)",shoda,1f55fba1fd91456a
Z9-13-053,"(50, 0, 0, 2)","(50, 0, 0, 2)",shoda,1f55fba1fd91456a
Z9-13-054,"(43, 4, 3, 2)","(43, 4, 3, 2)",shoda,1f55fba1fd91456a
Z9-13-055,"(50, 0, 0, 2)","(50, 0, 0, 2)",shoda,1f55fba1fd91456a
Z9-13-056,"(48, 0, 1, 3)","(48, 0, 1, 3)",shoda,1f55fba1fd91456a
Z9-13-057,"(45, 0, 6, 1)","(45, 0, 6, 1)",shoda,1f55fba1fd91456a
Z9-13-058,"(49, 0, 1, 2)","(49, 0, 1, 2)",shoda,1f55fba1fd91456a
Z9-13-059,"(48, 0, 3, 1)","(48, 0, 3, 1)",shoda,1f55fba1fd91456a
Z9-13-060,"(51, 0, 1, 0)","(51, 0, 1, 0)",shoda,1f55fba1fd91456a
Z9-13-061,"(45, 0, 7, 0)","(45, 0, 7, 0)",shoda,1f55fba1fd91456a
Z9-13-062,"(42, 0, 7, 3)","(42, 0, 7, 3)",shoda,1f55fba1fd91456a
Z9-13-063,"(44, 0, 7, 1)","(44, 0, 7, 1)",shoda,1f55fba1fd91456a
Z9-13-064,"(42, 0, 6, 4)","(42, 0, 6, 4)",shoda,1f55fba1fd91456a
Z9-13-065,"(50, 0, 0, 2)","(50, 0, 0, 2)",shoda,1f55fba1fd91456a
Z9-13-066,"(45, 0, 7, 0)","(45, 0, 7, 0)",shoda,1f55fba1fd91456a
Z9-13-067,"(44, 0, 8, 0)","(44, 0, 8, 0)",shoda,1f55fba1fd91456a
Z9-13-068,"(52, 0, 0, 0)","(52, 0, 0, 0)",shoda,1f55fba1fd91456a
Z9-13-069,"(48, 0, 2, 2)","(48, 0, 2, 2)",shoda,1f55fba1fd91456a
Z9-13-070,"(43, 0, 6, 3)","(43, 0, 6, 3)",shoda,1f55fba1fd91456a
Z9-13-071,"(52, 0, 0, 0)","(52, 0, 0, 0)",shoda,1f55fba1fd91456a
Z9-13-072,"(51, 0, 0, 1)","(51, 0, 0, 1)",shoda,1f55fba1fd91456a
Z9-13-074,"(38, 1, 11, 2)","(38, 1, 11, 2)",shoda,1f55fba1fd91456a
Z9-13-075,"(39, 0, 12, 0)","(39, 0, 12, 0)",shoda,1f55fba1fd91456a
Z9-13-076,"(49, 0, 0, 2)","(49, 0, 0, 2)",shoda,1f55fba1fd91456a
Z9-13-077,"(50, 0, 0, 1)","(50, 0, 0, 1)",shoda,1f55fba1fd91456a
Z9-13-078,"(45, 4, 1, 1)","(45, 4, 1, 1)",shoda,1f55fba1fd91456a
Z9-13-079,"(44, 0, 4, 3)","(44, 0, 4, 3)",shoda,1f55fba1fd91456a
Z9-13-080,"(49, 0, 0, 2)","(49, 0, 0, 2)",shoda,1f55fba1fd91456a
Z9-13-081,"(42, 0, 6, 3)","(42, 0, 6, 3)",shoda,1f55fba1fd91456a
Z9-13-082,"(48, 0, 0, 3)","(48, 0, 0, 3)",shoda,1f55fba1fd91456a
Z9-13-083,"(42, 0, 7, 2)","(42, 0, 7, 2)",shoda,1f55fba1fd91456a
Z9-13-084,"(49, 0, 1, 1)","(49, 0, 1, 1)",shoda,1f55fba1fd91456a
Z9-13-085,"(50, 0, 1, 0)","(50, 0, 1, 0)",shoda,1f55fba1fd91456a
Z9-13-086,"(49, 0, 1, 1)","(49, 0, 1, 1)",shoda,1f55fba1fd91456a
Z9-13-087,"(50, 0, 1, 0)","(50, 0, 1, 0)",shoda,1f55fba1fd91456a
Z9-13-088,"(30, 11, 2, 8)","(30, 11, 2, 8)",shoda,1f55fba1fd91456a
Z9-13-089,"(46, 0, 2, 3)","(46, 0, 2, 3)",shoda,1f55fba1fd91456a
Z9-13-090,"(45, 0, 0, 6)","(45, 0, 0, 6)",shoda,1f55fba1fd91456a
Z9-13-091,"(38, 0, 11, 2)","(38, 0, 11, 2)",shoda,1f55fba1fd91456a
Z9-13-092,"(48, 0, 2, 1)","(48, 0, 2, 1)",shoda,1f55fba1fd91456a
Z9-13-093,"(45, 0, 2, 4)","(45, 0, 2, 4)",shoda,1f55fba1fd91456a
Z9-13-094,"(49, 0, 1, 1)","(49, 0, 1, 1)",shoda,1f55fba1fd91456a
Z9-13-095,"(36, 9, 4, 2)","(36, 9, 4, 2)",shoda,1f55fba1fd91456a
Z9-13-096,"(43, 0, 8, 0)","(43, 0, 8, 0)",shoda,1f55fba1fd91456a
Z9-13-097,"(48, 0, 0, 3)","(48, 0, 0, 3)",shoda,1f55fba1fd91456a
Z9-13-098,"(43, 0, 8, 0)","(43, 0, 8, 0)",shoda,1f55fba1fd91456a
Z9-17-001,"(43, 0, 0, 1)","(43, 0, 0, 1)",shoda,7ebec469c9c23f69
Z9-17-002,"(44, 0, 1, 2)","(44, 0, 1, 2)",shoda,7ebec469c9c23f69
Z9-17-003,"(45, 0, 0, 2)","(45, 0, 0, 2)",shoda,7ebec469c9c23f69
Z9-17-004,"(46, 0, 2, 0)","(46, 0, 2, 0)",shoda,7ebec469c9c23f69
Z9-17-005,"(48, 0, 0, 0)","(48, 0, 0, 0)",shoda,7ebec469c9c23f69
Z9-17-006,"(47, 0, 1, 0)","(47, 0, 1, 0)",shoda,7ebec469c9c23f69
Z9-17-007,"(41, 0, 6, 1)","(41, 0, 6, 1)",shoda,7ebec469c9c23f69
Z9-17-008,"(37, 0, 10, 1)","(37, 0, 10, 1)",shoda,7ebec469c9c23f69
Z9-17-010,"(40, 0, 7, 1)","(40, 0, 7, 1)",shoda,7ebec469c9c23f69
Z9-17-011,"(41, 0, 7, 0)","(41, 0, 7, 0)",shoda,7ebec469c9c23f69
Z9-17-012,"(42, 5, 0, 1)","(42, 5, 0, 1)",shoda,7ebec469c9c23f69
Z9-17-013,"(47, 0, 0, 1)","(47, 0, 0, 1)",shoda,7ebec469c9c23f69
Z9-17-014,"(41, 0, 4, 2)","(41, 0, 4, 2)",shoda,7ebec469c9c23f69
Z9-17-015,"(40, 0, 4, 3)","(40, 0, 4, 3)",shoda,7ebec469c9c23f69
Z9-17-016,"(39, 0, 3, 5)","(39, 0, 3, 5)",shoda,7ebec469c9c23f69
Z9-17-017,"(41, 0, 5, 1)","(41, 0, 5, 1)",shoda,7ebec469c9c23f69
Z9-17-018,"(38, 5, 1, 3)","(38, 5, 1, 3)",shoda,7ebec469c9c23f69
Z9-17-019,"(45, 0, 0, 2)","(45, 0, 0, 2)",shoda,7ebec469c9c23f69
Z9-17-020,"(40, 0, 7, 0)","(40, 0, 7, 0)",shoda,7ebec469c9c23f69
Z9-17-021,"(40, 1, 4, 2)","(40, 1, 4, 2)",shoda,7ebec469c9c23f69
Z9-17-022,"(46, 0, 0, 1)","(46, 0, 0, 1)",shoda,7ebec469c9c23f69
Z9-17-023,"(44, 0, 2, 1)","(44, 0, 2, 1)",shoda,7ebec469c9c23f69
Z9-17-024,"(38, 5, 1, 3)","(38, 5, 1, 3)",shoda,7ebec469c9c23f69
Z9-17-026,"(8, 0, 14, 25)","(8, 0, 14, 25)",shoda,7ebec469c9c23f69
Z9-17-027,"(40, 0, 5, 2)","(40, 0, 5, 2)",shoda,7ebec469c9c23f69
Z9-17-028,"(40, 0, 5, 2)","(40, 0, 5, 2)",shoda,7ebec469c9c23f69
Z9-17-029,"(40, 0, 5, 2)","(40, 0, 5, 2)",shoda,7ebec469c9c23f69
Z9-17-030,"(41, 0, 5, 1)","(41, 0, 5, 1)",shoda,7ebec469c9c23f69
Z9-17-031,"(42, 0, 5, 0)","(42, 0, 5, 0)",shoda,7ebec469c9c23f69
Z9-17-032,"(38, 0, 5, 4)","(38, 0, 5, 4)",shoda,7ebec469c9c23f69
Z9-17-033,"(45, 0, 0, 2)","(45, 0, 0, 2)",shoda,7ebec469c9c23f69
Z9-17-034,"(44, 0, 0, 3)","(44, 0, 0, 3)",shoda,7ebec469c9c23f69
Z9-17-035,"(46, 0, 0, 1)","(46, 0, 0, 1)",shoda,7ebec469c9c23f69
Z9-17-036,"(46, 0, 0, 1)","(46, 0, 0, 1)",shoda,7ebec469c9c23f69
Z9-17-037,"(41, 0, 2, 4)","(41, 0, 2, 4)",shoda,7ebec469c9c23f69
Z9-17-038,"(47, 0, 0, 0)","(47, 0, 0, 0)",shoda,7ebec469c9c23f69
Z9-17-039,"(40, 5, 0, 2)","(40, 5, 0, 2)",shoda,7ebec469c9c23f69
Z9-17-040,"(46, 0, 0, 1)","(46, 0, 0, 1)",shoda,7ebec469c9c23f69
Z9-17-041,"(46, 0, 0, 1)","(46, 0, 0, 1)",shoda,7ebec469c9c23f69
Z9-17-042,"(41, 0, 4, 2)","(41, 0, 4, 2)",shoda,7ebec469c9c23f69
Z9-17-043,"(38, 5, 2, 2)","(38, 5, 2, 2)",shoda,7ebec469c9c23f69
Z9-17-044,"(37, 5, 2, 3)","(37, 5, 2, 3)",shoda,7ebec469c9c23f69
Z9-17-045,"(41, 0, 2, 4)","(41, 0, 2, 4)",shoda,7ebec469c9c23f69
Z9-17-046,"(44, 0, 0, 3)","(44, 0, 0, 3)",shoda,7ebec469c9c23f69
Z9-17-047,"(39, 0, 5, 3)","(39, 0, 5, 3)",shoda,7ebec469c9c23f69
Z9-17-049,"(41, 5, 0, 1)","(41, 5, 0, 1)",shoda,7ebec469c9c23f69
Z9-17-050,"(45, 0, 0, 1)","(45, 0, 0, 1)",shoda,7ebec469c9c23f69
Z9-17-051,"(46, 0, 0, 1)","(46, 0, 0, 1)",shoda,7ebec469c9c23f69
Z9-17-052,"(47, 0, 0, 0)","(47, 0, 0, 0)",shoda,7ebec469c9c23f69
Z9-17-053,"(41, 5, 0, 1)","(41, 5, 0, 1)",shoda,7ebec469c9c23f69
Z9-17-054,"(45, 0, 0, 2)","(45, 0, 0, 2)",shoda,7ebec469c9c23f69
Z9-17-055,"(47, 0, 0, 0)","(47, 0, 0, 0)",shoda,7ebec469c9c23f69
Z9-17-056,"(39, 0, 5, 3)","(39, 0, 5, 3)",shoda,7ebec469c9c23f69
Z9-17-057,"(45, 0, 0, 2)","(45, 0, 0, 2)",shoda,7ebec469c9c23f69
Z9-17-058,"(40, 0, 5, 2)","(40, 0, 5, 2)",shoda,7ebec469c9c23f69
Z9-17-059,"(47, 0, 0, 0)","(47, 0, 0, 0)",shoda,7ebec469c9c23f69
Z9-17-060,"(43, 0, 0, 3)","(43, 0, 0, 3)",shoda,7ebec469c9c23f69
Z9-17-061,"(44, 0, 0, 2)","(44, 0, 0, 2)",shoda,7ebec469c9c23f69
Z9-17-062,"(45, 0, 0, 1)","(45, 0, 0, 1)",shoda,7ebec469c9c23f69
Z9-17-063,"(40, 0, 4, 2)","(40, 0, 4, 2)",shoda,7ebec469c9c23f69
Z9-17-064,"(38, 0, 3, 5)","(38, 0, 3, 5)",shoda,7ebec469c9c23f69
Z9-17-065,"(45, 0, 0, 1)","(45, 0, 0, 1)",shoda,7ebec469c9c23f69
Z9-17-066,"(45, 0, 0, 1)","(45, 0, 0, 1)",shoda,7ebec469c9c23f69
Z9-17-067,"(45, 0, 0, 1)","(45, 0, 0, 1)",shoda,7ebec469c9c23f69
Z9-17-068,"(40, 0, 6, 0)","(40, 0, 6, 0)",shoda,7ebec469c9c23f69
Z9-17-069,"(45, 0, 0, 1)","(45, 0, 0, 1)",shoda,7ebec469c9c23f69
Z9-17-070,"(42, 1, 0, 3)","(42, 1, 0, 3)",shoda,7ebec469c9c23f69
Z9-17-071,"(45, 0, 0, 1)","(45, 0, 0, 1)",shoda,7ebec469c9c23f69
Z9-17-072,"(45, 0, 0, 1)","(45, 0, 0, 1)",shoda,7ebec469c9c23f69
Z9-17-073,"(46, 0, 0, 0)","(46, 0, 0, 0)",shoda,7ebec469c9c23f69
Z9-17-074,"(44, 0, 0, 2)","(44, 0, 0, 2)",shoda,7ebec469c9c23f69
Z9-17-075,"(41, 0, 5, 0)","(41, 0, 5, 0)",shoda,7ebec469c9c23f69
Z9-17-076,"(45, 0, 0, 1)","(45, 0, 0, 1)",shoda,7ebec469c9c23f69
Z9-17-077,"(38, 0, 5, 3)","(38, 0, 5, 3)",shoda,7ebec469c9c23f69
Z9-17-078,"(45, 0, 0, 1)","(45, 0, 0, 1)",shoda,7ebec469c9c23f69
Z9-17-079,"(42, 0, 0, 4)","(42, 0, 0, 4)",shoda,7ebec469c9c23f69
Z9-17-080,"(44, 0, 0, 2)","(44, 0, 0, 2)",shoda,7ebec469c9c23f69
Z9-17-081,"(45, 0, 0, 1)","(45, 0, 0, 1)",shoda,7ebec469c9c23f69
Z9-17-082,"(44, 0, 0, 2)","(44, 0, 0, 2)",shoda,7ebec469c9c23f69
Z9-17-083,"(36, 5, 4, 1)","(36, 5, 4, 1)",shoda,7ebec469c9c23f69
Z9-17-084,"(44, 0, 0, 2)","(44, 0, 0, 2)",shoda,7ebec469c9c23f69
Z9-17-085,"(35, 5, 4, 2)","(35, 5, 4, 2)",shoda,7ebec469c9c23f69
Z9-17-086,"(9, 1, 19, 17)","(9, 1, 19, 17)",shoda,7ebec469c9c23f69
Z9-17-087,"(42, 0, 0, 3)","(42, 0, 0, 3)",shoda,7ebec469c9c23f69
Z9-17-088,"(43, 1, 1, 1)","(43, 1, 1, 1)",shoda,7ebec469c9c23f69
Z9-20-001,"(48, 0, 0, 1)","(48, 0, 0, 1)",shoda,21185e2ff631d16f
Z9-20-002,"(50, 0, 1, 0)","(50, 0, 1, 0)",shoda,21185e2ff631d16f
Z9-20-003,"(51, 0, 0, 0)","(51, 0, 0, 0)",shoda,21185e2ff631d16f
Z9-20-004,"(28, 3, 10, 10)","(28, 3, 10, 10)",shoda,21185e2ff631d16f
Z9-20-005,"(51, 0, 0, 0)","(51, 0, 0, 0)",shoda,21185e2ff631d16f
Z9-20-006,"(38, 0, 8, 5)","(38, 0, 8, 5)",shoda,21185e2ff631d16f
Z9-20-007,"(43, 0, 2, 6)","(43, 0, 2, 6)",shoda,21185e2ff631d16f
Z9-20-008,"(7, 10, 17, 17)","(7, 10, 17, 17)",shoda,21185e2ff631d16f
Z9-20-009,"(36, 1, 11, 3)","(36, 1, 11, 3)",shoda,21185e2ff631d16f
Z9-20-010,"(49, 0, 0, 2)","(49, 0, 0, 2)",shoda,21185e2ff631d16f
Z9-20-011,"(49, 0, 0, 2)","(49, 0, 0, 2)",shoda,21185e2ff631d16f
Z9-20-012,"(47, 0, 0, 4)","(47, 0, 0, 4)",shoda,21185e2ff631d16f
Z9-20-013,"(43, 0, 6, 2)","(43, 0, 6, 2)",shoda,21185e2ff631d16f
Z9-20-014,"(40, 1, 10, 0)","(40, 1, 10, 0)",shoda,21185e2ff631d16f
Z9-20-015,"(46, 0, 5, 1)","(46, 0, 5, 1)",shoda,21185e2ff631d16f
Z9-20-016,"(43, 1, 8, 0)","(43, 1, 8, 0)",shoda,21185e2ff631d16f
Z9-20-017,"(41, 0, 8, 2)","(41, 0, 8, 2)",shoda,21185e2ff631d16f
Z9-20-018,"(42, 0, 8, 1)","(42, 0, 8, 1)",shoda,21185e2ff631d16f
Z9-20-019,"(42, 1, 6, 2)","(42, 1, 6, 2)",shoda,21185e2ff631d16f
Z9-20-020,"(41, 0, 8, 1)","(41, 0, 8, 1)",shoda,21185e2ff631d16f
Z9-20-021,"(40, 0, 8, 2)","(40, 0, 8, 2)",shoda,21185e2ff631d16f
Z9-20-022,"(40, 0, 8, 2)","(40, 0, 8, 2)",shoda,21185e2ff631d16f
Z9-20-023,"(46, 1, 3, 1)","(46, 1, 3, 1)",shoda,21185e2ff631d16f
Z9-20-024,"(45, 0, 5, 1)","(45, 0, 5, 1)",shoda,21185e2ff631d16f
Z9-20-025,"(46, 0, 4, 1)","(46, 0, 4, 1)",shoda,21185e2ff631d16f
Z9-20-026,"(46, 1, 2, 2)","(46, 1, 2, 2)",shoda,21185e2ff631d16f
Z9-20-027,"(44, 0, 5, 2)","(44, 0, 5, 2)",shoda,21185e2ff631d16f
Z9-20-028,"(44, 0, 7, 0)","(44, 0, 7, 0)",shoda,21185e2ff631d16f
Z9-20-029,"(47, 0, 2, 3)","(47, 0, 2, 3)",shoda,21185e2ff631d16f
Z9-20-030,"(48, 0, 1, 3)","(48, 0, 1, 3)",shoda,21185e2ff631d16f
Z9-20-031,"(42, 0, 7, 3)","(42, 0, 7, 3)",shoda,21185e2ff631d16f
Z9-20-032,"(43, 0, 6, 3)","(43, 0, 6, 3)",shoda,21185e2ff631d16f
Z9-20-033,"(47, 0, 2, 3)","(47, 0, 2, 3)",shoda,21185e2ff631d16f
Z9-20-034,"(48, 0, 0, 4)","(48, 0, 0, 4)",shoda,21185e2ff631d16f
Z9-20-035,"(49, 0, 0, 3)","(49, 0, 0, 3)",shoda,21185e2ff631d16f
Z9-20-036,"(41, 0, 7, 4)","(41, 0, 7, 4)",shoda,21185e2ff631d16f
Z9-20-037,"(50, 0, 0, 2)","(50, 0, 0, 2)",shoda,21185e2ff631d16f
Z9-20-038,"(48, 0, 0, 4)","(48, 0, 0, 4)",shoda,21185e2ff631d16f
Z9-20-039,"(43, 0, 7, 2)","(43, 0, 7, 2)",shoda,21185e2ff631d16f
Z9-20-040,"(11, 1, 12, 29)","(11, 1, 12, 29)",shoda,21185e2ff631d16f
Z9-20-041,"(51, 0, 1, 1)","(51, 0, 1, 1)",shoda,21185e2ff631d16f
Z9-20-042,"(44, 0, 6, 2)","(44, 0, 6, 2)",shoda,21185e2ff631d16f
Z9-20-043,"(49, 0, 0, 3)","(49, 0, 0, 3)",shoda,21185e2ff631d16f
Z9-20-044,"(50, 0, 1, 1)","(50, 0, 1, 1)",shoda,21185e2ff631d16f
Z9-20-045,"(52, 0, 0, 0)","(52, 0, 0, 0)",shoda,21185e2ff631d16f
Z9-20-046,"(52, 0, 0, 1)","(52, 0, 0, 1)",shoda,21185e2ff631d16f
Z9-20-047,"(51, 0, 0, 2)","(51, 0, 0, 2)",shoda,21185e2ff631d16f
Z9-20-048,"(46, 0, 7, 0)","(46, 0, 7, 0)",shoda,21185e2ff631d16f
Z9-20-049,"(52, 0, 0, 1)","(52, 0, 0, 1)",shoda,21185e2ff631d16f
Z9-20-051,"(9, 2, 18, 24)","(9, 2, 18, 24)",shoda,21185e2ff631d16f
Z9-20-052,"(53, 0, 0, 0)","(53, 0, 0, 0)",shoda,21185e2ff631d16f
Z9-20-053,"(19, 8, 12, 13)","(19, 8, 12, 13)",shoda,21185e2ff631d16f
Z9-20-055,"(13, 1, 23, 14)","(13, 1, 23, 14)",shoda,21185e2ff631d16f
Z9-20-056,"(15, 1, 23, 12)","(15, 1, 23, 12)",shoda,21185e2ff631d16f
Z9-20-057,"(29, 0, 16, 7)","(29, 0, 16, 7)",shoda,21185e2ff631d16f
Z9-20-058,"(44, 0, 6, 1)","(44, 0, 6, 1)",shoda,21185e2ff631d16f
Z9-20-059,"(44, 0, 6, 0)","(44, 0, 6, 0)",shoda,21185e2ff631d16f
Z9-20-060,"(44, 0, 6, 0)","(44, 0, 6, 0)",shoda,21185e2ff631d16f
Z9-20-061,"(44, 0, 6, 0)","(44, 0, 6, 0)",shoda,21185e2ff631d16f
Z9-20-062,"(49, 0, 0, 1)","(49, 0, 0, 1)",shoda,21185e2ff631d16f
Z9-20-063,"(50, 0, 0, 0)","(50, 0, 0, 0)",shoda,21185e2ff631d16f
Z9-20-064,"(43, 0, 6, 1)","(43, 0, 6, 1)",shoda,21185e2ff631d16f
Z9-20-065,"(46, 0, 3, 1)","(46, 0, 3, 1)",shoda,21185e2ff631d16f
Z9-20-066,"(50, 0, 0, 0)","(50, 0, 0, 0)",shoda,21185e2ff631d16f
Z9-20-067,"(50, 0, 0, 0)","(50, 0, 0, 0)",shoda,21185e2ff631d16f
Z9-20-068,"(50, 0, 0, 0)","(50, 0, 0, 0)",shoda,21185e2ff631d16f
Z9-20-069,"(50, 0, 0, 0)","(50, 0, 0, 0)",shoda,21185e2ff631d16f
Z9-20-070,"(49, 0, 0, 1)","(49, 0, 0, 1)",shoda,21185e2ff631d16f
Z9-20-071,"(44, 0, 5, 1)","(44, 0, 5, 1)",shoda,21185e2ff631d16f
Z9-20-072,"(50, 0, 0, 0)","(50, 0, 0, 0)",shoda,21185e2ff631d16f
Z9-20-074,"(45, 0, 6, 0)","(45, 0, 6, 0)",shoda,21185e2ff631d16f
Z9-20-075,"(50, 0, 1, 0)","(50, 0, 1, 0)",shoda,21185e2ff631d16f
Z9-20-076,"(51, 0, 0, 0)","(51, 0, 0, 0)",shoda,21185e2ff631d16f
Z9-20-077,"(14, 0, 22, 16)","(14, 0, 22, 16)",shoda,21185e2ff631d16f
Z9-20-078,"(49, 0, 2, 1)","(49, 0, 2, 1)",shoda,21185e2ff631d16f
Z9-20-079,"(49, 0, 1, 2)","(49, 0, 1, 2)",shoda,21185e2ff631d16f
Z9-20-080,"(44, 0, 7, 1)","(44, 0, 7, 1)",shoda,21185e2ff631d16f
Z9-20-081,"(51, 0, 0, 1)","(51, 0, 0, 1)",shoda,21185e2ff631d16f
Z9-20-082,"(50, 0, 0, 2)","(50, 0, 0, 2)",shoda,21185e2ff631d16f
Z9-20-083,"(51, 0, 0, 1)","(51, 0, 0, 1)",shoda,21185e2ff631d16f
Z9-20-084,"(51, 0, 0, 1)","(51, 0, 0, 1)",shoda,21185e2ff631d16f
Z9-20-085,"(52, 0, 0, 0)","(52, 0, 0, 0)",shoda,21185e2ff631d16f
Z9-20-086,"(45, 0, 5, 2)","(45, 0, 5, 2)",shoda,21185e2ff631d16f
Z9-20-087,"(46, 0, 4, 2)","(46, 0, 4, 2)",shoda,21185e2ff631d16f
Z9-20-088,"(49, 0, 0, 3)","(49, 0, 0, 3)",shoda,21185e2ff631d16f
Z9-20-089,"(50, 0, 0, 2)","(50, 0, 0, 2)",shoda,21185e2ff631d16f
Z9-20-090,"(49, 0, 0, 3)","(49, 0, 0, 3)",shoda,21185e2ff631d16f
Z9-20-091,"(50, 0, 0, 2)","(50, 0, 0, 2)",shoda,21185e2ff631d16f
Z9-20-092,"(50, 0, 0, 2)","(50, 0, 0, 2)",shoda,21185e2ff631d16f
Z9-20-093,"(50, 0, 0, 2)","(50, 0, 0, 2)",shoda,21185e2ff631d16f
Z9-20-094,"(51, 0, 0, 1)","(51, 0, 0, 1)",shoda,21185e2ff631d16f
Z9-20-095,"(51, 0, 0, 1)","(51, 0, 0, 1)",shoda,21185e2ff631d16f
Z9-20-096,"(42, 0, 8, 2)","(42, 0, 8, 2)",shoda,21185e2ff631d16f
Z9-20-097,"(44, 0, 4, 4)","(44, 0, 4, 4)",shoda,21185e2ff631d16f
Z9-20-098,"(46, 0, 4, 2)","(46, 0, 4, 2)",shoda,21185e2ff631d16f
Z9-20-099,"(49, 0, 1, 2)","(49, 0, 1, 2)",shoda,21185e2ff631d16f
Z9-20-100,"(45, 0, 4, 3)","(45, 0, 4, 3)",shoda,21185e2ff631d16f
Z9-20-101,"(48, 0, 0, 4)","(48, 0, 0, 4)",shoda,21185e2ff631d16f
Z9-20-102,"(48, 0, 0, 4)","(48, 0, 0, 4)",shoda,21185e2ff631d16f
Z9-20-103,"(47, 0, 0, 5)","(47, 0, 0, 5)",shoda,21185e2ff631d16f
Z9-20-104,"(47, 0, 0, 5)","(47, 0, 0, 5)",shoda,21185e2ff631d16f
Z9-20-105,"(48, 0, 1, 3)","(48, 0, 1, 3)",shoda,21185e2ff631d16f
Z9-18-001,"(44, 0, 0, 1)","(44, 0, 0, 1)",shoda,aeee21aca2ee1a98
Z9-18-002,"(47, 0, 0, 1)","(47, 0, 0, 1)",shoda,aeee21aca2ee1a98
Z9-18-003,"(44, 0, 1, 3)","(44, 0, 1, 3)",shoda,aeee21aca2ee1a98
Z9-18-004,"(45, 0, 3, 0)","(45, 0, 3, 0)",shoda,aeee21aca2ee1a98
Z9-18-005,"(44, 0, 3, 1)","(44, 0, 3, 1)",shoda,aeee21aca2ee1a98
Z9-18-006,"(40, 0, 6, 2)","(40, 0, 6, 2)",shoda,aeee21aca2ee1a98
Z9-18-007,"(46, 0, 2, 0)","(46, 0, 2, 0)",shoda,aeee21aca2ee1a98
Z9-18-008,"(45, 0, 1, 2)","(45, 0, 1, 2)",shoda,aeee21aca2ee1a98
Z9-18-009,"(47, 0, 1, 0)","(47, 0, 1, 0)",shoda,aeee21aca2ee1a98
Z9-18-010,"(39, 0, 7, 3)","(39, 0, 7, 3)",shoda,aeee21aca2ee1a98
Z9-18-011,"(40, 1, 5, 3)","(40, 1, 5, 3)",shoda,aeee21aca2ee1a98
Z9-18-012,"(41, 0, 8, 0)","(41, 0, 8, 0)",shoda,aeee21aca2ee1a98
Z9-18-013,"(39, 0, 7, 3)","(39, 0, 7, 3)",shoda,aeee21aca2ee1a98
Z9-18-014,"(46, 0, 2, 1)","(46, 0, 2, 1)",shoda,aeee21aca2ee1a98
Z9-18-015,"(39, 0, 8, 2)","(39, 0, 8, 2)",shoda,aeee21aca2ee1a98
Z9-18-016,"(48, 0, 1, 0)","(48, 0, 1, 0)",shoda,aeee21aca2ee1a98
Z9-18-017,"(39, 0, 9, 1)","(39, 0, 9, 1)",shoda,aeee21aca2ee1a98
Z9-18-018,"(41, 0, 7, 1)","(41, 0, 7, 1)",shoda,aeee21aca2ee1a98
Z9-18-019,"(38, 0, 9, 2)","(38, 0, 9, 2)",shoda,aeee21aca2ee1a98
Z9-18-020,"(39, 0, 8, 1)","(39, 0, 8, 1)",shoda,aeee21aca2ee1a98
Z9-18-021,"(39, 0, 8, 1)","(39, 0, 8, 1)",shoda,aeee21aca2ee1a98
Z9-18-022,"(38, 0, 9, 1)","(38, 0, 9, 1)",shoda,aeee21aca2ee1a98
Z9-18-023,"(44, 0, 1, 3)","(44, 0, 1, 3)",shoda,aeee21aca2ee1a98
Z9-18-024,"(37, 0, 8, 2)","(37, 0, 8, 2)",shoda,aeee21aca2ee1a98
Z9-18-025,"(43, 0, 2, 2)","(43, 0, 2, 2)",shoda,aeee21aca2ee1a98
Z9-18-026,"(46, 0, 3, 0)","(46, 0, 3, 0)",shoda,aeee21aca2ee1a98
Z9-18-027,"(45, 0, 2, 2)","(45, 0, 2, 2)",shoda,aeee21aca2ee1a98
Z9-18-028,"(43, 0, 6, 0)","(43, 0, 6, 0)",shoda,aeee21aca2ee1a98
Z9-18-029,"(46, 0, 0, 3)","(46, 0, 0, 3)",shoda,aeee21aca2ee1a98
Z9-18-030,"(47, 0, 1, 1)","(47, 0, 1, 1)",shoda,aeee21aca2ee1a98
Z9-18-031,"(48, 0, 1, 0)","(48, 0, 1, 0)",shoda,aeee21aca2ee1a98
Z9-18-032,"(48, 0, 1, 0)","(48, 0, 1, 0)",shoda,aeee21aca2ee1a98
Z9-18-033,"(45, 0, 4, 0)","(45, 0, 4, 0)",shoda,aeee21aca2ee1a98
Z9-18-034,"(42, 0, 5, 2)","(42, 0, 5, 2)",shoda,aeee21aca2ee1a98
Z9-18-035,"(42, 6, 1, 0)","(42, 6, 1, 0)",shoda,aeee21aca2ee1a98
Z9-18-036,"(41, 0, 6, 2)","(41, 0, 6, 2)",shoda,aeee21aca2ee1a98
Z9-18-037,"(46, 0, 1, 2)","(46, 0, 1, 2)",shoda,aeee21aca2ee1a98
Z9-18-038,"(46, 0, 2, 1)","(46, 0, 2, 1)",shoda,aeee21aca2ee1a98
Z9-18-039,"(48, 0, 0, 1)","(48, 0, 0, 1)",shoda,aeee21aca2ee1a98
Z9-18-040,"(42, 0, 7, 0)","(42, 0, 7, 0)",shoda,aeee21aca2ee1a98
Z9-18-041,"(47, 0, 1, 1)","(47, 0, 1, 1)",shoda,aeee21aca2ee1a98
Z9-18-042,"(48, 0, 1, 0)","(48, 0, 1, 0)",shoda,aeee21aca2ee1a98
Z9-18-044,"(39, 0, 6, 3)","(39, 0, 6, 3)",shoda,aeee21aca2ee1a98
Z9-18-045,"(46, 0, 1, 2)","(46, 0, 1, 2)",shoda,aeee21aca2ee1a98
Z9-18-046,"(46, 0, 2, 1)","(46, 0, 2, 1)",shoda,aeee21aca2ee1a98
Z9-18-047,"(44, 0, 2, 3)","(44, 0, 2, 3)",shoda,aeee21aca2ee1a98
Z9-18-048,"(47, 0, 1, 1)","(47, 0, 1, 1)",shoda,aeee21aca2ee1a98
Z9-18-049,"(48, 0, 1, 0)","(48, 0, 1, 0)",shoda,aeee21aca2ee1a98
Z9-18-050,"(47, 0, 0, 2)","(47, 0, 0, 2)",shoda,aeee21aca2ee1a98
Z9-18-051,"(38, 0, 9, 2)","(38, 0, 9, 2)",shoda,aeee21aca2ee1a98
Z9-18-052,"(48, 0, 1, 1)","(48, 0, 1, 1)",shoda,aeee21aca2ee1a98
Z9-18-053,"(48, 0, 0, 2)","(48, 0, 0, 2)",shoda,aeee21aca2ee1a98
Z9-18-054,"(42, 5, 1, 2)","(42, 5, 1, 2)",shoda,aeee21aca2ee1a98
Z9-18-055,"(47, 0, 1, 2)","(47, 0, 1, 2)",shoda,aeee21aca2ee1a98
Z9-18-056,"(48, 0, 2, 0)","(48, 0, 2, 0)",shoda,aeee21aca2ee1a98
Z9-18-057,"(48, 0, 2, 0)","(48, 0, 2, 0)",shoda,aeee21aca2ee1a98
Z9-18-058,"(44, 0, 4, 2)","(44, 0, 4, 2)",shoda,aeee21aca2ee1a98
Z9-18-059,"(49, 0, 0, 1)","(49, 0, 0, 1)",shoda,aeee21aca2ee1a98
Z9-18-060,"(46, 1, 2, 1)","(46, 1, 2, 1)",shoda,aeee21aca2ee1a98
Z9-18-061,"(48, 0, 0, 2)","(48, 0, 0, 2)",shoda,aeee21aca2ee1a98
Z9-18-062,"(48, 0, 1, 1)","(48, 0, 1, 1)",shoda,aeee21aca2ee1a98
Z9-18-063,"(48, 0, 1, 1)","(48, 0, 1, 1)",shoda,aeee21aca2ee1a98
Z9-18-064,"(43, 0, 7, 0)","(43, 0, 7, 0)",shoda,aeee21aca2ee1a98
Z9-18-065,"(48, 0, 1, 1)","(48, 0, 1, 1)",shoda,aeee21aca2ee1a98
Z9-18-066,"(50, 0, 0, 0)","(50, 0, 0, 0)",shoda,aeee21aca2ee1a98
Z9-18-067,"(47, 0, 0, 3)","(47, 0, 0, 3)",shoda,aeee21aca2ee1a98
Z9-18-068,"(47, 0, 1, 2)","(47, 0, 1, 2)",shoda,aeee21aca2ee1a98
Z9-18-069,"(46, 0, 1, 3)","(46, 0, 1, 3)",shoda,aeee21aca2ee1a98
Z9-18-070,"(41, 5, 2, 2)","(41, 5, 2, 2)",shoda,aeee21aca2ee1a98
Z9-18-071,"(46, 0, 1, 3)","(46, 0, 1, 3)",shoda,aeee21aca2ee1a98
Z9-18-072,"(41, 0, 6, 3)","(41, 0, 6, 3)",shoda,aeee21aca2ee1a98
Z9-18-073,"(35, 4, 8, 3)","(35, 4, 8, 3)",shoda,aeee21aca2ee1a98
Z9-18-074,"(42, 0, 6, 2)","(42, 0, 6, 2)",shoda,aeee21aca2ee1a98
Z9-18-075,"(47, 0, 2, 1)","(47, 0, 2, 1)",shoda,aeee21aca2ee1a98
Z9-18-076,"(41, 0, 8, 1)","(41, 0, 8, 1)",shoda,aeee21aca2ee1a98
Z9-18-077,"(46, 0, 2, 2)","(46, 0, 2, 2)",shoda,aeee21aca2ee1a98
Z9-18-078,"(47, 0, 2, 1)","(47, 0, 2, 1)",shoda,aeee21aca2ee1a98
Z9-18-079,"(48, 0, 0, 2)","(48, 0, 0, 2)",shoda,aeee21aca2ee1a98
Z9-18-080,"(11, 14, 13, 12)","(11, 14, 13, 12)",shoda,aeee21aca2ee1a98
Z9-18-081,"(40, 5, 4, 1)","(40, 5, 4, 1)",shoda,aeee21aca2ee1a98
Z9-18-082,"(45, 0, 2, 3)","(45, 0, 2, 3)",shoda,aeee21aca2ee1a98
Z9-18-083,"(41, 0, 9, 0)","(41, 0, 9, 0)",shoda,aeee21aca2ee1a98
Z9-18-084,"(45, 0, 2, 3)","(45, 0, 2, 3)",shoda,aeee21aca2ee1a98
Z9-18-085,"(36, 6, 4, 4)","(36, 6, 4, 4)",shoda,aeee21aca2ee1a98
Z9-18-086,"(30, 8, 3, 7)","(30, 8, 3, 7)",shoda,aeee21aca2ee1a98
Z9-18-087,"(13, 2, 14, 18)","(13, 2, 14, 18)",shoda,aeee21aca2ee1a98
Z9-18-088,"(29, 11, 1, 5)","(29, 11, 1, 5)",shoda,aeee21aca2ee1a98
Z9-18-089,"(40, 0, 0, 2)","(40, 0, 0, 2)",shoda,aeee21aca2ee1a98
Z9-18-090,"(41, 0, 1, 1)","(41, 0, 1, 1)",shoda,aeee21aca2ee1a98
Z9-18-091,"(42, 0, 0, 1)","(42, 0, 0, 1)",shoda,aeee21aca2ee1a98
Z9-18-092,"(42, 0, 0, 1)","(42, 0, 0, 1)",shoda,aeee21aca2ee1a98
Z9-18-093,"(35, 0, 7, 0)","(35, 0, 7, 0)",shoda,aeee21aca2ee1a98
Z9-18-094,"(42, 0, 1, 0)","(42, 0, 1, 0)",shoda,aeee21aca2ee1a98
Z9-18-095,"(34, 0, 7, 2)","(34, 0, 7, 2)",shoda,aeee21aca2ee1a98
Z9-18-096,"(39, 0, 2, 2)","(39, 0, 2, 2)",shoda,aeee21aca2ee1a98
Z9-18-097,"(41, 0, 0, 2)","(41, 0, 0, 2)",shoda,aeee21aca2ee1a98
Z9-18-098,"(42, 0, 0, 1)","(42, 0, 0, 1)",shoda,aeee21aca2ee1a98
Z9-18-099,"(42, 0, 0, 1)","(42, 0, 0, 1)",shoda,aeee21aca2ee1a98
Z9-18-100,"(41, 0, 0, 2)","(41, 0, 0, 2)",shoda,aeee21aca2ee1a98
Z9-18-101,"(42, 0, 0, 1)","(42, 0, 0, 1)",shoda,aeee21aca2ee1a98
Z9-18-102,"(39, 0, 0, 4)","(39, 0, 0, 4)",shoda,aeee21aca2ee1a98
Z9-18-103,"(41, 0, 1, 1)","(41, 0, 1, 1)",shoda,aeee21aca2ee1a98
Z9-18-104,"(37, 0, 2, 4)","(37, 0, 2, 4)",shoda,aeee21aca2ee1a98
Z9-18-105,"(34, 2, 3, 4)","(34, 2, 3, 4)",shoda,aeee21aca2ee1a98
Z9-18-106,"(37, 0, 6, 1)","(37, 0, 6, 1)",shoda,aeee21aca2ee1a98
Z9-18-107,"(38, 0, 6, 0)","(38, 0, 6, 0)",shoda,aeee21aca2ee1a98
Z9-18-108,"(39, 0, 3, 2)","(39, 0, 3, 2)",shoda,aeee21aca2ee1a98
Z9-18-109,"(41, 0, 3, 0)","(41, 0, 3, 0)",shoda,aeee21aca2ee1a98
Z9-18-110,"(39, 2, 2, 1)","(39, 2, 2, 1)",shoda,aeee21aca2ee1a98
Z9-18-111,"(40, 2, 2, 0)","(40, 2, 2, 0)",shoda,aeee21aca2ee1a98
Z9-18-112,"(43, 0, 0, 1)","(43, 0, 0, 1)",shoda,aeee21aca2ee1a98
Z9-18-113,"(40, 0, 3, 1)","(40, 0, 3, 1)",shoda,aeee21aca2ee1a98
Z9-18-114,"(39, 0, 4, 1)","(39, 0, 4, 1)",shoda,aeee21aca2ee1a98
Z9-18-115,"(38, 0, 4, 2)","(38, 0, 4, 2)",shoda,aeee21aca2ee1a98
Z9-19-001,"(47, 0, 0, 2)","(47, 0, 0, 2)",shoda,7a2e7987609bcbd0
Z9-19-002,"(47, 0, 0, 2)","(47, 0, 0, 2)",shoda,7a2e7987609bcbd0
Z9-19-003,"(44, 0, 0, 5)","(44, 0, 0, 5)",shoda,7a2e7987609bcbd0
Z9-19-004,"(49, 0, 0, 0)","(49, 0, 0, 0)",shoda,7a2e7987609bcbd0
Z9-19-005,"(14, 3, 16, 18)","(14, 3, 16, 18)",shoda,7a2e7987609bcbd0
Z9-19-006,"(48, 0, 2, 1)","(48, 0, 2, 1)",shoda,7a2e7987609bcbd0
Z9-19-007,"(51, 0, 0, 1)","(51, 0, 0, 1)",shoda,7a2e7987609bcbd0
Z9-19-008,"(45, 0, 7, 0)","(45, 0, 7, 0)",shoda,7a2e7987609bcbd0
Z9-19-009,"(52, 0, 0, 0)","(52, 0, 0, 0)",shoda,7a2e7987609bcbd0
Z9-19-010,"(44, 1, 5, 2)","(44, 1, 5, 2)",shoda,7a2e7987609bcbd0
Z9-19-011,"(46, 2, 2, 2)","(46, 2, 2, 2)",shoda,7a2e7987609bcbd0
Z9-19-014,"(18, 0, 16, 19)","(18, 0, 16, 19)",shoda,7a2e7987609bcbd0
Z9-19-015,"(49, 2, 3, 0)","(49, 2, 3, 0)",shoda,7a2e7987609bcbd0
Z9-19-016,"(40, 4, 9, 1)","(40, 4, 9, 1)",shoda,7a2e7987609bcbd0
Z9-19-017,"(44, 0, 8, 2)","(44, 0, 8, 2)",shoda,7a2e7987609bcbd0
Z9-19-018,"(42, 0, 7, 4)","(42, 0, 7, 4)",shoda,7a2e7987609bcbd0
Z9-19-019,"(43, 0, 7, 3)","(43, 0, 7, 3)",shoda,7a2e7987609bcbd0
Z9-19-020,"(49, 0, 2, 2)","(49, 0, 2, 2)",shoda,7a2e7987609bcbd0
Z9-19-021,"(45, 0, 6, 2)","(45, 0, 6, 2)",shoda,7a2e7987609bcbd0
Z9-19-022,"(45, 0, 6, 2)","(45, 0, 6, 2)",shoda,7a2e7987609bcbd0
Z9-19-023,"(50, 0, 0, 3)","(50, 0, 0, 3)",shoda,7a2e7987609bcbd0
Z9-19-024,"(51, 0, 0, 2)","(51, 0, 0, 2)",shoda,7a2e7987609bcbd0
Z9-19-025,"(50, 0, 0, 3)","(50, 0, 0, 3)",shoda,7a2e7987609bcbd0
Z9-19-026,"(49, 0, 0, 4)","(49, 0, 0, 4)",shoda,7a2e7987609bcbd0
Z9-19-027,"(48, 0, 1, 4)","(48, 0, 1, 4)",shoda,7a2e7987609bcbd0
Z9-19-028,"(42, 0, 5, 6)","(42, 0, 5, 6)",shoda,7a2e7987609bcbd0
Z9-19-029,"(42, 0, 6, 5)","(42, 0, 6, 5)",shoda,7a2e7987609bcbd0
Z9-19-030,"(41, 0, 7, 5)","(41, 0, 7, 5)",shoda,7a2e7987609bcbd0
Z9-19-031,"(44, 0, 7, 2)","(44, 0, 7, 2)",shoda,7a2e7987609bcbd0
Z9-19-032,"(47, 0, 6, 0)","(47, 0, 6, 0)",shoda,7a2e7987609bcbd0
Z9-19-033,"(46, 0, 5, 2)","(46, 0, 5, 2)",shoda,7a2e7987609bcbd0
Z9-19-034,"(50, 0, 0, 3)","(50, 0, 0, 3)",shoda,7a2e7987609bcbd0
Z9-19-035,"(52, 0, 0, 1)","(52, 0, 0, 1)",shoda,7a2e7987609bcbd0
Z9-19-036,"(51, 0, 0, 2)","(51, 0, 0, 2)",shoda,7a2e7987609bcbd0
Z9-19-037,"(49, 0, 0, 4)","(49, 0, 0, 4)",shoda,7a2e7987609bcbd0
Z9-19-038,"(43, 0, 6, 4)","(43, 0, 6, 4)",shoda,7a2e7987609bcbd0
Z9-19-039,"(40, 0, 6, 7)","(40, 0, 6, 7)",shoda,7a2e7987609bcbd0
Z9-19-040,"(49, 0, 0, 4)","(49, 0, 0, 4)",shoda,7a2e7987609bcbd0
Z9-19-041,"(51, 0, 0, 2)","(51, 0, 0, 2)",shoda,7a2e7987609bcbd0
Z9-19-042,"(52, 0, 0, 1)","(52, 0, 0, 1)",shoda,7a2e7987609bcbd0
Z9-19-043,"(49, 0, 0, 4)","(49, 0, 0, 4)",shoda,7a2e7987609bcbd0
Z9-19-044,"(52, 0, 0, 1)","(52, 0, 0, 1)",shoda,7a2e7987609bcbd0
Z9-19-045,"(51, 0, 0, 2)","(51, 0, 0, 2)",shoda,7a2e7987609bcbd0
Z9-19-046,"(51, 0, 0, 2)","(51, 0, 0, 2)",shoda,7a2e7987609bcbd0
Z9-19-047,"(45, 6, 0, 2)","(45, 6, 0, 2)",shoda,7a2e7987609bcbd0
Z9-19-048,"(51, 0, 0, 2)","(51, 0, 0, 2)",shoda,7a2e7987609bcbd0
Z9-19-049,"(51, 0, 0, 2)","(51, 0, 0, 2)",shoda,7a2e7987609bcbd0
Z9-19-050,"(44, 6, 1, 2)","(44, 6, 1, 2)",shoda,7a2e7987609bcbd0
Z9-19-051,"(52, 0, 0, 1)","(52, 0, 0, 1)",shoda,7a2e7987609bcbd0
Z9-19-052,"(50, 0, 0, 3)","(50, 0, 0, 3)",shoda,7a2e7987609bcbd0
Z9-19-053,"(52, 0, 0, 1)","(52, 0, 0, 1)",shoda,7a2e7987609bcbd0
Z9-19-054,"(52, 0, 0, 1)","(52, 0, 0, 1)",shoda,7a2e7987609bcbd0
Z9-19-055,"(51, 0, 0, 2)","(51, 0, 0, 2)",shoda,7a2e7987609bcbd0
Z9-19-056,"(50, 0, 0, 3)","(50, 0, 0, 3)",shoda,7a2e7987609bcbd0
Z9-19-057,"(43, 0, 5, 5)","(43, 0, 5, 5)",shoda,7a2e7987609bcbd0
Z9-19-058,"(45, 5, 0, 3)","(45, 5, 0, 3)",shoda,7a2e7987609bcbd0
Z9-19-059,"(48, 0, 0, 5)","(48, 0, 0, 5)",shoda,7a2e7987609bcbd0
Z9-19-060,"(50, 0, 0, 4)","(50, 0, 0, 4)",shoda,7a2e7987609bcbd0
Z9-19-061,"(53, 0, 0, 1)","(53, 0, 0, 1)",shoda,7a2e7987609bcbd0
Z9-19-062,"(46, 0, 6, 2)","(46, 0, 6, 2)",shoda,7a2e7987609bcbd0
Z9-19-063,"(45, 0, 6, 3)","(45, 0, 6, 3)",shoda,7a2e7987609bcbd0
Z9-19-064,"(45, 0, 6, 3)","(45, 0, 6, 3)",shoda,7a2e7987609bcbd0
Z9-19-065,"(52, 0, 0, 2)","(52, 0, 0, 2)",shoda,7a2e7987609bcbd0
Z9-19-066,"(51, 0, 0, 3)","(51, 0, 0, 3)",shoda,7a2e7987609bcbd0
Z9-19-067,"(46, 0, 6, 2)","(46, 0, 6, 2)",shoda,7a2e7987609bcbd0
Z9-19-068,"(53, 0, 0, 1)","(53, 0, 0, 1)",shoda,7a2e7987609bcbd0
Z9-19-069,"(50, 0, 3, 1)","(50, 0, 3, 1)",shoda,7a2e7987609bcbd0
Z9-19-070,"(42, 0, 9, 3)","(42, 0, 9, 3)",shoda,7a2e7987609bcbd0
Z9-19-071,"(51, 0, 0, 3)","(51, 0, 0, 3)",shoda,7a2e7987609bcbd0
Z9-19-072,"(52, 0, 0, 2)","(52, 0, 0, 2)",shoda,7a2e7987609bcbd0
Z9-19-073,"(54, 0, 0, 0)","(54, 0, 0, 0)",shoda,7a2e7987609bcbd0
Z9-19-074,"(53, 0, 0, 1)","(53, 0, 0, 1)",shoda,7a2e7987609bcbd0
Z9-19-075,"(53, 0, 0, 1)","(53, 0, 0, 1)",shoda,7a2e7987609bcbd0
Z9-19-076,"(53, 0, 0, 1)","(53, 0, 0, 1)",shoda,7a2e7987609bcbd0
Z9-19-077,"(53, 0, 0, 1)","(53, 0, 0, 1)",shoda,7a2e7987609bcbd0
Z9-19-078,"(54, 0, 0, 0)","(54, 0, 0, 0)",shoda,7a2e7987609bcbd0
Z9-19-080,"(41, 5, 6, 0)","(41, 5, 6, 0)",shoda,7a2e7987609bcbd0
Z9-19-081,"(52, 0, 0, 0)","(52, 0, 0, 0)",shoda,7a2e7987609bcbd0
Z9-19-082,"(49, 0, 0, 3)","(49, 0, 0, 3)",shoda,7a2e7987609bcbd0
Z9-19-083,"(42, 0, 6, 4)","(42, 0, 6, 4)",shoda,7a2e7987609bcbd0
Z9-19-084,"(40, 0, 6, 6)","(40, 0, 6, 6)",shoda,7a2e7987609bcbd0
Z9-19-085,"(42, 0, 6, 4)","(42, 0, 6, 4)",shoda,7a2e7987609bcbd0
Z9-19-086,"(44, 0, 6, 2)","(44, 0, 6, 2)",shoda,7a2e7987609bcbd0
Z9-19-087,"(44, 0, 8, 0)","(44, 0, 8, 0)",shoda,7a2e7987609bcbd0
Z9-19-088,"(45, 0, 7, 0)","(45, 0, 7, 0)",shoda,7a2e7987609bcbd0
Z9-19-089,"(48, 0, 0, 4)","(48, 0, 0, 4)",shoda,7a2e7987609bcbd0
Z9-19-090,"(51, 0, 0, 1)","(51, 0, 0, 1)",shoda,7a2e7987609bcbd0
Z9-19-091,"(47, 0, 5, 0)","(47, 0, 5, 0)",shoda,7a2e7987609bcbd0
Z9-19-092,"(39, 0, 11, 2)","(39, 0, 11, 2)",shoda,7a2e7987609bcbd0
Z9-19-094,"(52, 0, 0, 0)","(52, 0, 0, 0)",shoda,7a2e7987609bcbd0
Z9-19-095,"(40, 0, 10, 2)","(40, 0, 10, 2)",shoda,7a2e7987609bcbd0
Z9-19-096,"(42, 0, 0, 3)","(42, 0, 0, 3)",shoda,7a2e7987609bcbd0
Z9-19-097,"(38, 0, 6, 0)","(38, 0, 6, 0)",shoda,7a2e7987609bcbd0
Z9-19-098,"(42, 0, 0, 2)","(42, 0, 0, 2)",shoda,7a2e7987609bcbd0
Z9-19-099,"(39, 0, 6, 0)","(39, 0, 6, 0)",shoda,7a2e7987609bcbd0
Z9-19-100,"(46, 0, 0, 0)","(46, 0, 0, 0)",shoda,7a2e7987609bcbd0
Z9-19-101,"(46, 0, 0, 0)","(46, 0, 0, 0)",shoda,7a2e7987609bcbd0
Z9-19-102,"(42, 0, 4, 0)","(42, 0, 4, 0)",shoda,7a2e7987609bcbd0
Z9-19-103,"(45, 0, 0, 1)","(45, 0, 0, 1)",shoda,7a2e7987609bcbd0
Z9-19-104,"(44, 0, 0, 2)","(44, 0, 0, 2)",shoda,7a2e7987609bcbd0
Z9-19-105,"(39, 0, 5, 1)","(39, 0, 5, 1)",shoda,7a2e7987609bcbd0
Z9-19-106,"(45, 0, 0, 0)","(45, 0, 0, 0)",shoda,7a2e7987609bcbd0
Z9-19-107,"(44, 0, 0, 1)","(44, 0, 0, 1)",shoda,7a2e7987609bcbd0
Z9-19-108,"(45, 0, 0, 0)","(45, 0, 0, 0)",shoda,7a2e7987609bcbd0
Z9-19-109,"(44, 0, 0, 1)","(44, 0, 0, 1)",shoda,7a2e7987609bcbd0
Z9-19-110,"(38, 0, 7, 1)","(38, 0, 7, 1)",shoda,7a2e7987609bcbd0
Z9-19-111,"(40, 0, 6, 1)","(40, 0, 6, 1)",shoda,7a2e7987609bcbd0
Z9-19-112,"(37, 0, 10, 1)","(37, 0, 10, 1)",shoda,7a2e7987609bcbd0
Z9-19-113,"(46, 0, 0, 2)","(46, 0, 0, 2)",shoda,7a2e7987609bcbd0
Z9-19-114,"(47, 1, 0, 0)","(47, 1, 0, 0)",shoda,7a2e7987609bcbd0
Z9-19-115,"(45, 0, 0, 3)","(45, 0, 0, 3)",shoda,7a2e7987609bcbd0
Z9-19-116,"(40, 0, 6, 4)","(40, 0, 6, 4)",shoda,7a2e7987609bcbd0
Z9-19-117,"(43, 0, 6, 1)","(43, 0, 6, 1)",shoda,7a2e7987609bcbd0
Z9-19-118,"(9, 0, 19, 21)","(9, 0, 19, 21)",shoda,7a2e7987609bcbd0
Z9-19-119,"(10, 0, 17, 23)","(10, 0, 17, 23)",shoda,7a2e7987609bcbd0
Z9-19-120,"(35, 1, 9, 5)","(35, 1, 9, 5)",shoda,7a2e7987609bcbd0
Z9-19-121,"(46, 0, 2, 2)","(46, 0, 2, 2)",shoda,7a2e7987609bcbd0
Z9-19-122,"(43, 0, 2, 5)","(43, 0, 2, 5)",shoda,7a2e7987609bcbd0
Z9-19-123,"(41, 0, 5, 5)","(41, 0, 5, 5)",shoda,7a2e7987609bcbd0
Z9-19-124,"(45, 0, 2, 4)","(45, 0, 2, 4)",shoda,7a2e7987609bcbd0
Z9-19-125,"(49, 0, 0, 2)","(49, 0, 0, 2)",shoda,7a2e7987609bcbd0
Z9-19-126,"(47, 0, 2, 2)","(47, 0, 2, 2)",shoda,7a2e7987609bcbd0
Z9-19-127,"(40, 0, 6, 5)","(40, 0, 6, 5)",shoda,7a2e7987609bcbd0
Z9-21-001,"(45, 0, 0, 3)","(45, 0, 0, 3)",shoda,f9d440624b7d3d49
Z9-21-002,"(48, 0, 0, 1)","(48, 0, 0, 1)",shoda,f9d440624b7d3d49
Z9-21-003,"(38, 0, 4, 7)","(38, 0, 4, 7)",shoda,f9d440624b7d3d49
Z9-21-004,"(11, 0, 13, 25)","(11, 0, 13, 25)",shoda,f9d440624b7d3d49
Z9-21-005,"(45, 0, 3, 1)","(45, 0, 3, 1)",shoda,f9d440624b7d3d49
Z9-21-006,"(47, 0, 0, 1)","(47, 0, 0, 1)",shoda,f9d440624b7d3d49
Z9-21-007,"(40, 0, 6, 2)","(40, 0, 6, 2)",shoda,f9d440624b7d3d49
Z9-21-008,"(41, 0, 5, 2)","(41, 0, 5, 2)",shoda,f9d440624b7d3d49
Z9-21-009,"(40, 0, 5, 2)","(40, 0, 5, 2)",shoda,f9d440624b7d3d49
Z9-21-011,"(47, 0, 0, 1)","(47, 0, 0, 1)",shoda,f9d440624b7d3d49
Z9-21-012,"(42, 0, 5, 1)","(42, 0, 5, 1)",shoda,f9d440624b7d3d49
Z9-21-013,"(42, 0, 5, 1)","(42, 0, 5, 1)",shoda,f9d440624b7d3d49
Z9-21-014,"(42, 0, 5, 1)","(42, 0, 5, 1)",shoda,f9d440624b7d3d49
Z9-21-015,"(42, 0, 4, 2)","(42, 0, 4, 2)",shoda,f9d440624b7d3d49
Z9-21-017,"(42, 0, 5, 1)","(42, 0, 5, 1)",shoda,f9d440624b7d3d49
Z9-21-018,"(42, 0, 5, 1)","(42, 0, 5, 1)",shoda,f9d440624b7d3d49
Z9-21-019,"(41, 0, 5, 2)","(41, 0, 5, 2)",shoda,f9d440624b7d3d49
Z9-21-020,"(40, 0, 7, 1)","(40, 0, 7, 1)",shoda,f9d440624b7d3d49
Z9-21-021,"(41, 0, 6, 1)","(41, 0, 6, 1)",shoda,f9d440624b7d3d49
Z9-21-022,"(40, 0, 7, 1)","(40, 0, 7, 1)",shoda,f9d440624b7d3d49
Z9-21-023,"(37, 0, 5, 6)","(37, 0, 5, 6)",shoda,f9d440624b7d3d49
Z9-21-024,"(43, 0, 0, 6)","(43, 0, 0, 6)",shoda,f9d440624b7d3d49
Z9-21-025,"(47, 0, 1, 1)","(47, 0, 1, 1)",shoda,f9d440624b7d3d49
Z9-21-026,"(48, 0, 0, 1)","(48, 0, 0, 1)",shoda,f9d440624b7d3d49
Z9-21-027,"(48, 0, 0, 1)","(48, 0, 0, 1)",shoda,f9d440624b7d3d49
Z9-21-028,"(44, 0, 5, 0)","(44, 0, 5, 0)",shoda,f9d440624b7d3d49
Z9-21-029,"(44, 0, 5, 0)","(44, 0, 5, 0)",shoda,f9d440624b7d3d49
Z9-21-030,"(43, 0, 5, 1)","(43, 0, 5, 1)",shoda,f9d440624b7d3d49
Z9-21-031,"(44, 0, 5, 0)","(44, 0, 5, 0)",shoda,f9d440624b7d3d49
Z9-21-032,"(48, 0, 0, 1)","(48, 0, 0, 1)",shoda,f9d440624b7d3d49
Z9-21-033,"(9, 6, 16, 18)","(9, 6, 16, 18)",shoda,f9d440624b7d3d49
Z9-21-034,"(39, 5, 3, 2)","(39, 5, 3, 2)",shoda,f9d440624b7d3d49
Z9-21-035,"(41, 0, 5, 3)","(41, 0, 5, 3)",shoda,f9d440624b7d3d49
Z9-21-036,"(47, 0, 0, 2)","(47, 0, 0, 2)",shoda,f9d440624b7d3d49
Z9-21-037,"(44, 0, 5, 0)","(44, 0, 5, 0)",shoda,f9d440624b7d3d49
Z9-21-038,"(49, 0, 0, 0)","(49, 0, 0, 0)",shoda,f9d440624b7d3d49
Z9-21-039,"(44, 0, 0, 5)","(44, 0, 0, 5)",shoda,f9d440624b7d3d49
Z9-21-040,"(45, 0, 0, 4)","(45, 0, 0, 4)",shoda,f9d440624b7d3d49
Z9-21-041,"(49, 0, 0, 0)","(49, 0, 0, 0)",shoda,f9d440624b7d3d49
Z9-21-042,"(46, 0, 0, 3)","(46, 0, 0, 3)",shoda,f9d440624b7d3d49
Z9-21-043,"(43, 0, 5, 1)","(43, 0, 5, 1)",shoda,f9d440624b7d3d49
Z9-21-044,"(48, 0, 0, 1)","(48, 0, 0, 1)",shoda,f9d440624b7d3d49
Z9-21-045,"(41, 3, 2, 2)","(41, 3, 2, 2)",shoda,f9d440624b7d3d49
Z9-21-046,"(46, 0, 0, 2)","(46, 0, 0, 2)",shoda,f9d440624b7d3d49
Z9-21-047,"(46, 0, 0, 2)","(46, 0, 0, 2)",shoda,f9d440624b7d3d49
Z9-21-048,"(41, 0, 6, 1)","(41, 0, 6, 1)",shoda,f9d440624b7d3d49
Z9-21-049,"(48, 0, 0, 0)","(48, 0, 0, 0)",shoda,f9d440624b7d3d49
Z9-21-050,"(47, 0, 0, 1)","(47, 0, 0, 1)",shoda,f9d440624b7d3d49
Z9-21-051,"(48, 0, 0, 1)","(48, 0, 0, 1)",shoda,f9d440624b7d3d49
Z9-21-052,"(47, 0, 0, 2)","(47, 0, 0, 2)",shoda,f9d440624b7d3d49
Z9-21-053,"(48, 0, 0, 1)","(48, 0, 0, 1)",shoda,f9d440624b7d3d49
Z9-21-054,"(46, 0, 0, 3)","(46, 0, 0, 3)",shoda,f9d440624b7d3d49
Z9-21-055,"(49, 0, 0, 0)","(49, 0, 0, 0)",shoda,f9d440624b7d3d49
Z9-21-056,"(47, 0, 0, 2)","(47, 0, 0, 2)",shoda,f9d440624b7d3d49
Z9-21-057,"(43, 0, 6, 0)","(43, 0, 6, 0)",shoda,f9d440624b7d3d49
Z9-21-058,"(49, 0, 0, 0)","(49, 0, 0, 0)",shoda,f9d440624b7d3d49
Z9-21-059,"(44, 0, 4, 0)","(44, 0, 4, 0)",shoda,f9d440624b7d3d49
Z9-21-060,"(48, 0, 0, 0)","(48, 0, 0, 0)",shoda,f9d440624b7d3d49
Z9-21-061,"(48, 0, 0, 0)","(48, 0, 0, 0)",shoda,f9d440624b7d3d49
Z9-21-062,"(48, 0, 0, 0)","(48, 0, 0, 0)",shoda,f9d440624b7d3d49
Z9-21-063,"(46, 0, 1, 1)","(46, 0, 1, 1)",shoda,f9d440624b7d3d49
Z9-21-065,"(40, 0, 6, 2)","(40, 0, 6, 2)",shoda,f9d440624b7d3d49
Z9-21-066,"(48, 0, 0, 1)","(48, 0, 0, 1)",shoda,f9d440624b7d3d49
Z9-21-067,"(39, 0, 9, 1)","(39, 0, 9, 1)",shoda,f9d440624b7d3d49
Z9-21-068,"(44, 0, 4, 1)","(44, 0, 4, 1)",shoda,f9d440624b7d3d49
Z9-21-069,"(48, 0, 1, 0)","(48, 0, 1, 0)",shoda,f9d440624b7d3d49
Z9-21-070,"(43, 0, 4, 2)","(43, 0, 4, 2)",shoda,f9d440624b7d3d49
Z9-21-071,"(45, 0, 2, 2)","(45, 0, 2, 2)",shoda,f9d440624b7d3d49
Z9-21-072,"(42, 0, 3, 4)","(42, 0, 3, 4)",shoda,f9d440624b7d3d49
Z9-21-074,"(46, 0, 2, 1)","(46, 0, 2, 1)",shoda,f9d440624b7d3d49
Z9-21-075,"(47, 0, 2, 0)","(47, 0, 2, 0)",shoda,f9d440624b7d3d49
Z9-21-076,"(44, 0, 3, 1)","(44, 0, 3, 1)",shoda,f9d440624b7d3d49
Z9-22-001,"(49, 0, 0, 0)","(49, 0, 0, 0)",shoda,0a5e067d7f1d3081
Z9-22-002,"(49, 0, 0, 1)","(49, 0, 0, 1)",shoda,0a5e067d7f1d3081
Z9-22-003,"(53, 0, 1, 0)","(53, 0, 1, 0)",shoda,0a5e067d7f1d3081
Z9-22-004,"(52, 0, 1, 1)","(52, 0, 1, 1)",shoda,0a5e067d7f1d3081
Z9-22-005,"(52, 0, 0, 2)","(52, 0, 0, 2)",shoda,0a5e067d7f1d3081
Z9-22-006,"(52, 0, 0, 2)","(52, 0, 0, 2)",shoda,0a5e067d7f1d3081
Z9-22-007,"(51, 0, 4, 0)","(51, 0, 4, 0)",shoda,0a5e067d7f1d3081
Z9-22-008,"(44, 0, 9, 2)","(44, 0, 9, 2)",shoda,0a5e067d7f1d3081
Z9-22-010,"(53, 0, 1, 1)","(53, 0, 1, 1)",shoda,0a5e067d7f1d3081
Z9-22-011,"(54, 0, 1, 0)","(54, 0, 1, 0)",shoda,0a5e067d7f1d3081
Z9-22-012,"(9, 0, 26, 20)","(9, 0, 26, 20)",shoda,0a5e067d7f1d3081
Z9-22-013,"(9, 0, 26, 20)","(9, 0, 26, 20)",shoda,0a5e067d7f1d3081
Z9-22-015,"(8, 3, 22, 21)","(8, 3, 22, 21)",shoda,0a5e067d7f1d3081
Z9-22-016,"(41, 2, 11, 1)","(41, 2, 11, 1)",shoda,0a5e067d7f1d3081
Z9-22-017,"(48, 0, 1, 3)","(48, 0, 1, 3)",shoda,0a5e067d7f1d3081
Z9-22-018,"(48, 0, 2, 2)","(48, 0, 2, 2)",shoda,0a5e067d7f1d3081
Z9-22-019,"(51, 0, 0, 1)","(51, 0, 0, 1)",shoda,0a5e067d7f1d3081
Z9-22-020,"(50, 0, 0, 2)","(50, 0, 0, 2)",shoda,0a5e067d7f1d3081
Z9-22-021,"(51, 0, 0, 1)","(51, 0, 0, 1)",shoda,0a5e067d7f1d3081
Z9-22-022,"(51, 0, 0, 1)","(51, 0, 0, 1)",shoda,0a5e067d7f1d3081
Z9-22-023,"(49, 0, 0, 3)","(49, 0, 0, 3)",shoda,0a5e067d7f1d3081
Z9-22-024,"(45, 5, 1, 1)","(45, 5, 1, 1)",shoda,0a5e067d7f1d3081
Z9-22-025,"(49, 0, 1, 2)","(49, 0, 1, 2)",shoda,0a5e067d7f1d3081
Z9-22-026,"(49, 0, 0, 2)","(49, 0, 0, 2)",shoda,0a5e067d7f1d3081
Z9-22-027,"(45, 0, 2, 5)","(45, 0, 2, 5)",shoda,0a5e067d7f1d3081
Z9-22-028,"(49, 0, 0, 4)","(49, 0, 0, 4)",shoda,0a5e067d7f1d3081
Z9-22-029,"(50, 0, 0, 3)","(50, 0, 0, 3)",shoda,0a5e067d7f1d3081
Z9-22-030,"(51, 0, 0, 2)","(51, 0, 0, 2)",shoda,0a5e067d7f1d3081
Z9-22-031,"(48, 0, 0, 5)","(48, 0, 0, 5)",shoda,0a5e067d7f1d3081
Z9-22-032,"(43, 0, 6, 5)","(43, 0, 6, 5)",shoda,0a5e067d7f1d3081
Z9-22-033,"(44, 0, 2, 8)","(44, 0, 2, 8)",shoda,0a5e067d7f1d3081
Z9-22-034,"(43, 4, 7, 0)","(43, 4, 7, 0)",shoda,0a5e067d7f1d3081
Z9-22-035,"(48, 0, 5, 1)","(48, 0, 5, 1)",shoda,0a5e067d7f1d3081
Z9-22-036,"(44, 0, 10, 1)","(44, 0, 10, 1)",shoda,0a5e067d7f1d3081
Z9-22-037,"(51, 0, 4, 0)","(51, 0, 4, 0)",shoda,0a5e067d7f1d3081
Z9-22-038,"(54, 0, 1, 0)","(54, 0, 1, 0)",shoda,0a5e067d7f1d3081
Z9-22-039,"(53, 0, 1, 1)","(53, 0, 1, 1)",shoda,0a5e067d7f1d3081
Z9-22-040,"(48, 0, 6, 1)","(48, 0, 6, 1)",shoda,0a5e067d7f1d3081
Z9-22-041,"(48, 0, 5, 2)","(48, 0, 5, 2)",shoda,0a5e067d7f1d3081
Z9-22-042,"(52, 0, 0, 3)","(52, 0, 0, 3)",shoda,0a5e067d7f1d3081
Z9-22-043,"(48, 0, 6, 1)","(48, 0, 6, 1)",shoda,0a5e067d7f1d3081
Z9-22-044,"(54, 0, 0, 1)","(54, 0, 0, 1)",shoda,0a5e067d7f1d3081
Z9-22-045,"(55, 0, 0, 0)","(55, 0, 0, 0)",shoda,0a5e067d7f1d3081
Z9-22-046,"(54, 0, 0, 1)","(54, 0, 0, 1)",shoda,0a5e067d7f1d3081
Z9-22-047,"(54, 0, 0, 1)","(54, 0, 0, 1)",shoda,0a5e067d7f1d3081
Z9-22-048,"(54, 0, 0, 1)","(54, 0, 0, 1)",shoda,0a5e067d7f1d3081
Z9-22-049,"(50, 0, 3, 2)","(50, 0, 3, 2)",shoda,0a5e067d7f1d3081
Z9-22-050,"(50, 4, 0, 1)","(50, 4, 0, 1)",shoda,0a5e067d7f1d3081
Z9-22-051,"(53, 0, 0, 2)","(53, 0, 0, 2)",shoda,0a5e067d7f1d3081
Z9-22-052,"(46, 5, 1, 2)","(46, 5, 1, 2)",shoda,0a5e067d7f1d3081
Z9-22-053,"(53, 0, 0, 1)","(53, 0, 0, 1)",shoda,0a5e067d7f1d3081
Z9-22-054,"(51, 0, 0, 3)","(51, 0, 0, 3)",shoda,0a5e067d7f1d3081
Z9-22-055,"(53, 0, 0, 1)","(53, 0, 0, 1)",shoda,0a5e067d7f1d3081
Z9-22-056,"(53, 0, 0, 1)","(53, 0, 0, 1)",shoda,0a5e067d7f1d3081
Z9-22-057,"(53, 0, 0, 1)","(53, 0, 0, 1)",shoda,0a5e067d7f1d3081
Z9-22-058,"(39, 0, 10, 4)","(39, 0, 10, 4)",shoda,0a5e067d7f1d3081
Z9-22-059,"(39, 0, 10, 4)","(39, 0, 10, 4)",shoda,0a5e067d7f1d3081
Z9-22-060,"(43, 0, 5, 5)","(43, 0, 5, 5)",shoda,0a5e067d7f1d3081
Z9-22-061,"(49, 0, 0, 4)","(49, 0, 0, 4)",shoda,0a5e067d7f1d3081
Z9-22-062,"(36, 0, 10, 7)","(36, 0, 10, 7)",shoda,0a5e067d7f1d3081
Z9-22-063,"(49, 0, 0, 4)","(49, 0, 0, 4)",shoda,0a5e067d7f1d3081
Z9-22-064,"(45, 0, 2, 6)","(45, 0, 2, 6)",shoda,0a5e067d7f1d3081
Z9-22-065,"(50, 0, 0, 3)","(50, 0, 0, 3)",shoda,0a5e067d7f1d3081
Z9-22-066,"(50, 0, 0, 3)","(50, 0, 0, 3)",shoda,0a5e067d7f1d3081
Z9-22-067,"(50, 0, 0, 3)","(50, 0, 0, 3)",shoda,0a5e067d7f1d3081
Z9-22-068,"(42, 0, 6, 5)","(42, 0, 6, 5)",shoda,0a5e067d7f1d3081
Z9-22-069,"(40, 5, 4, 3)","(40, 5, 4, 3)",shoda,0a5e067d7f1d3081
Z9-22-070,"(47, 0, 5, 1)","(47, 0, 5, 1)",shoda,0a5e067d7f1d3081
Z9-22-071,"(51, 0, 0, 2)","(51, 0, 0, 2)",shoda,0a5e067d7f1d3081
Z9-22-072,"(46, 0, 6, 1)","(46, 0, 6, 1)",shoda,0a5e067d7f1d3081
Z9-22-073,"(40, 1, 11, 1)","(40, 1, 11, 1)",shoda,0a5e067d7f1d3081
Z9-22-074,"(50, 0, 1, 2)","(50, 0, 1, 2)",shoda,0a5e067d7f1d3081
Z9-22-075,"(45, 0, 5, 3)","(45, 0, 5, 3)",shoda,0a5e067d7f1d3081
Z9-22-076,"(46, 0, 6, 1)","(46, 0, 6, 1)",shoda,0a5e067d7f1d3081
Z9-22-077,"(51, 0, 0, 2)","(51, 0, 0, 2)",shoda,0a5e067d7f1d3081
Z9-22-078,"(49, 0, 2, 2)","(49, 0, 2, 2)",shoda,0a5e067d7f1d3081
Z9-22-079,"(47, 0, 6, 0)","(47, 0, 6, 0)",shoda,0a5e067d7f1d3081
Z9-22-080,"(53, 0, 0, 0)","(53, 0, 0, 0)",shoda,0a5e067d7f1d3081
Z9-22-081,"(46, 0, 6, 0)","(46, 0, 6, 0)",shoda,0a5e067d7f1d3081
Z9-22-082,"(51, 0, 0, 1)","(51, 0, 0, 1)",shoda,0a5e067d7f1d3081
Z9-22-083,"(52, 0, 0, 1)","(52, 0, 0, 1)",shoda,0a5e067d7f1d3081
Z9-22-085,"(43, 0, 6, 4)","(43, 0, 6, 4)",shoda,0a5e067d7f1d3081
Z9-22-086,"(50, 0, 2, 1)","(50, 0, 2, 1)",shoda,0a5e067d7f1d3081
Z9-22-087,"(44, 6, 2, 1)","(44, 6, 2, 1)",shoda,0a5e067d7f1d3081
Z9-22-088,"(47, 0, 5, 2)","(47, 0, 5, 2)",shoda,0a5e067d7f1d3081
Z9-22-089,"(41, 0, 10, 3)","(41, 0, 10, 3)",shoda,0a5e067d7f1d3081
Z9-22-090,"(50, 0, 1, 3)","(50, 0, 1, 3)",shoda,0a5e067d7f1d3081
Z9-22-091,"(52, 0, 0, 2)","(52, 0, 0, 2)",shoda,0a5e067d7f1d3081
Z9-22-092,"(50, 0, 0, 4)","(50, 0, 0, 4)",shoda,0a5e067d7f1d3081
Z9-22-093,"(45, 0, 5, 3)","(45, 0, 5, 3)",shoda,0a5e067d7f1d3081
Z9-22-094,"(49, 0, 1, 3)","(49, 0, 1, 3)",shoda,0a5e067d7f1d3081
Z9-22-095,"(51, 0, 0, 2)","(51, 0, 0, 2)",shoda,0a5e067d7f1d3081
Z9-22-096,"(51, 0, 0, 2)","(51, 0, 0, 2)",shoda,0a5e067d7f1d3081
Z9-22-097,"(51, 0, 1, 1)","(51, 0, 1, 1)",shoda,0a5e067d7f1d3081
Z9-22-098,"(42, 0, 10, 1)","(42, 0, 10, 1)",shoda,0a5e067d7f1d3081
Z9-22-099,"(46, 0, 4, 3)","(46, 0, 4, 3)",shoda,0a5e067d7f1d3081
Z9-22-100,"(50, 0, 1, 2)","(50, 0, 1, 2)",shoda,0a5e067d7f1d3081
Z9-22-101,"(53, 0, 0, 0)","(53, 0, 0, 0)",shoda,0a5e067d7f1d3081
Z9-22-102,"(51, 0, 2, 0)","(51, 0, 2, 0)",shoda,0a5e067d7f1d3081
Z9-22-103,"(45, 0, 5, 2)","(45, 0, 5, 2)",shoda,0a5e067d7f1d3081
Z9-22-104,"(47, 0, 2, 3)","(47, 0, 2, 3)",shoda,0a5e067d7f1d3081
Z9-22-105,"(49, 0, 2, 2)","(49, 0, 2, 2)",shoda,0a5e067d7f1d3081
Z9-22-106,"(47, 0, 2, 4)","(47, 0, 2, 4)",shoda,0a5e067d7f1d3081
Z9-22-107,"(43, 0, 2, 9)","(43, 0, 2, 9)",shoda,0a5e067d7f1d3081
Z9-22-108,"(47, 0, 2, 5)","(47, 0, 2, 5)",shoda,0a5e067d7f1d3081
Z9-22-109,"(47, 0, 3, 4)","(47, 0, 3, 4)",shoda,0a5e067d7f1d3081
Z9-22-110,"(51, 0, 0, 3)","(51, 0, 0, 3)",shoda,0a5e067d7f1d3081
Z9-22-111,"(50, 0, 0, 4)","(50, 0, 0, 4)",shoda,0a5e067d7f1d3081
Z9-22-112,"(50, 0, 0, 4)","(50, 0, 0, 4)",shoda,0a5e067d7f1d3081
Z9-22-113,"(50, 0, 1, 3)","(50, 0, 1, 3)",shoda,0a5e067d7f1d3081
Z9-23-001,"(49, 0, 0, 0)","(49, 0, 0, 0)",shoda,4658264f1b9b47c0
Z9-23-002,"(48, 0, 0, 1)","(48, 0, 0, 1)",shoda,4658264f1b9b47c0
Z9-23-003,"(49, 0, 0, 1)","(49, 0, 0, 1)",shoda,4658264f1b9b47c0
Z9-23-004,"(46, 0, 3, 1)","(46, 0, 3, 1)",shoda,4658264f1b9b47c0
Z9-23-005,"(50, 0, 0, 0)","(50, 0, 0, 0)",shoda,4658264f1b9b47c0
Z9-23-006,"(50, 0, 0, 0)","(50, 0, 0, 0)",shoda,4658264f1b9b47c0
Z9-23-007,"(49, 0, 0, 1)","(49, 0, 0, 1)",shoda,4658264f1b9b47c0
Z9-23-008,"(47, 0, 0, 3)","(47, 0, 0, 3)",shoda,4658264f1b9b47c0
Z9-23-009,"(34, 1, 11, 4)","(34, 1, 11, 4)",shoda,4658264f1b9b47c0
Z9-23-010,"(42, 0, 7, 1)","(42, 0, 7, 1)",shoda,4658264f1b9b47c0
Z9-23-011,"(49, 0, 0, 1)","(49, 0, 0, 1)",shoda,4658264f1b9b47c0
Z9-23-012,"(48, 0, 0, 2)","(48, 0, 0, 2)",shoda,4658264f1b9b47c0
Z9-23-013,"(38, 0, 6, 6)","(38, 0, 6, 6)",shoda,4658264f1b9b47c0
Z9-23-014,"(41, 0, 7, 2)","(41, 0, 7, 2)",shoda,4658264f1b9b47c0
Z9-23-015,"(49, 0, 0, 1)","(49, 0, 0, 1)",shoda,4658264f1b9b47c0
Z9-23-016,"(47, 0, 0, 3)","(47, 0, 0, 3)",shoda,4658264f1b9b47c0
Z9-23-017,"(41, 0, 6, 3)","(41, 0, 6, 3)",shoda,4658264f1b9b47c0
Z9-23-018,"(46, 0, 1, 3)","(46, 0, 1, 3)",shoda,4658264f1b9b47c0
Z9-23-019,"(43, 0, 6, 1)","(43, 0, 6, 1)",shoda,4658264f1b9b47c0
Z9-23-020,"(42, 0, 5, 3)","(42, 0, 5, 3)",shoda,4658264f1b9b47c0
Z9-23-021,"(41, 0, 5, 4)","(41, 0, 5, 4)",shoda,4658264f1b9b47c0
Z9-23-022,"(49, 0, 0, 1)","(49, 0, 0, 1)",shoda,4658264f1b9b47c0
Z9-23-023,"(47, 0, 0, 3)","(47, 0, 0, 3)",shoda,4658264f1b9b47c0
Z9-23-024,"(47, 0, 0, 3)","(47, 0, 0, 3)",shoda,4658264f1b9b47c0
Z9-23-025,"(48, 0, 0, 2)","(48, 0, 0, 2)",shoda,4658264f1b9b47c0
Z9-23-026,"(46, 0, 2, 2)","(46, 0, 2, 2)",shoda,4658264f1b9b47c0
Z9-23-027,"(46, 0, 2, 2)","(46, 0, 2, 2)",shoda,4658264f1b9b47c0
Z9-23-028,"(49, 0, 0, 1)","(49, 0, 0, 1)",shoda,4658264f1b9b47c0
Z9-23-029,"(41, 0, 6, 3)","(41, 0, 6, 3)",shoda,4658264f1b9b47c0
Z9-23-030,"(42, 0, 7, 1)","(42, 0, 7, 1)",shoda,4658264f1b9b47c0
Z9-23-031,"(38, 1, 4, 7)","(38, 1, 4, 7)",shoda,4658264f1b9b47c0
Z9-23-032,"(40, 0, 6, 4)","(40, 0, 6, 4)",shoda,4658264f1b9b47c0
Z9-23-033,"(47, 0, 0, 3)","(47, 0, 0, 3)",shoda,4658264f1b9b47c0
Z9-23-034,"(49, 0, 0, 1)","(49, 0, 0, 1)",shoda,4658264f1b9b47c0
Z9-23-035,"(41, 0, 6, 3)","(41, 0, 6, 3)",shoda,4658264f1b9b47c0
Z9-23-036,"(41, 0, 2, 7)","(41, 0, 2, 7)",shoda,4658264f1b9b47c0
Z9-23-037,"(47, 0, 1, 2)","(47, 0, 1, 2)",shoda,4658264f1b9b47c0
Z9-23-038,"(47, 0, 1, 2)","(47, 0, 1, 2)",shoda,4658264f1b9b47c0
Z9-23-039,"(43, 0, 4, 2)","(43, 0, 4, 2)",shoda,4658264f1b9b47c0
Z9-23-040,"(39, 0, 1, 9)","(39, 0, 1, 9)",shoda,4658264f1b9b47c0
Z9-23-041,"(43, 0, 4, 2)","(43, 0, 4, 2)",shoda,4658264f1b9b47c0
Z9-23-042,"(47, 0, 0, 2)","(47, 0, 0, 2)",shoda,4658264f1b9b47c0
Z9-23-043,"(44, 0, 0, 5)","(44, 0, 0, 5)",shoda,4658264f1b9b47c0
Z9-23-044,"(48, 0, 0, 1)","(48, 0, 0, 1)",shoda,4658264f1b9b47c0
Z9-23-045,"(39, 4, 2, 4)","(39, 4, 2, 4)",shoda,4658264f1b9b47c0
Z9-23-046,"(45, 0, 0, 3)","(45, 0, 0, 3)",shoda,4658264f1b9b47c0
Z9-23-047,"(45, 0, 0, 3)","(45, 0, 0, 3)",shoda,4658264f1b9b47c0
Z9-23-048,"(42, 0, 4, 3)","(42, 0, 4, 3)",shoda,4658264f1b9b47c0
Z9-23-049,"(41, 0, 4, 5)","(41, 0, 4, 5)",shoda,4658264f1b9b47c0
Z9-23-050,"(35, 2, 9, 4)","(35, 2, 9, 4)",shoda,4658264f1b9b47c0
Z9-23-051,"(41, 0, 4, 5)","(41, 0, 4, 5)",shoda,4658264f1b9b47c0
Z9-23-052,"(36, 5, 5, 4)","(36, 5, 5, 4)",shoda,4658264f1b9b47c0
Z9-23-053,"(34, 5, 6, 5)","(34, 5, 6, 5)",shoda,4658264f1b9b47c0
Z9-23-054,"(48, 0, 0, 2)","(48, 0, 0, 2)",shoda,4658264f1b9b47c0
Z9-23-055,"(42, 0, 6, 2)","(42, 0, 6, 2)",shoda,4658264f1b9b47c0
Z9-23-056,"(45, 0, 1, 4)","(45, 0, 1, 4)",shoda,4658264f1b9b47c0
Z9-23-057,"(46, 0, 0, 2)","(46, 0, 0, 2)",shoda,4658264f1b9b47c0
Z9-23-058,"(37, 0, 5, 6)","(37, 0, 5, 6)",shoda,4658264f1b9b47c0
Z9-23-059,"(45, 0, 0, 3)","(45, 0, 0, 3)",shoda,4658264f1b9b47c0
Z9-23-060,"(46, 0, 0, 3)","(46, 0, 0, 3)",shoda,4658264f1b9b47c0
Z9-23-061,"(48, 0, 0, 2)","(48, 0, 0, 2)",shoda,4658264f1b9b47c0
Z9-23-062,"(47, 0, 0, 3)","(47, 0, 0, 3)",shoda,4658264f1b9b47c0
Z9-23-063,"(48, 0, 0, 2)","(48, 0, 0, 2)",shoda,4658264f1b9b47c0
Z9-23-064,"(45, 0, 1, 4)","(45, 0, 1, 4)",shoda,4658264f1b9b47c0
Z9-23-065,"(40, 0, 2, 8)","(40, 0, 2, 8)",shoda,4658264f1b9b47c0
Z9-23-066,"(48, 0, 0, 2)","(48, 0, 0, 2)",shoda,4658264f1b9b47c0
Z9-23-067,"(46, 0, 0, 4)","(46, 0, 0, 4)",shoda,4658264f1b9b47c0
Z9-23-068,"(38, 3, 4, 5)","(38, 3, 4, 5)",shoda,4658264f1b9b47c0
Z9-23-069,"(44, 0, 0, 6)","(44, 0, 0, 6)",shoda,4658264f1b9b47c0
Z9-23-070,"(42, 0, 5, 2)","(42, 0, 5, 2)",shoda,4658264f1b9b47c0
Z9-23-071,"(48, 0, 0, 2)","(48, 0, 0, 2)",shoda,4658264f1b9b47c0
Z9-23-072,"(45, 0, 1, 4)","(45, 0, 1, 4)",shoda,4658264f1b9b47c0
Z9-23-073,"(41, 0, 5, 4)","(41, 0, 5, 4)",shoda,4658264f1b9b47c0
Z9-23-074,"(39, 0, 3, 8)","(39, 0, 3, 8)",shoda,4658264f1b9b47c0
Z9-25-001,"(46, 0, 0, 2)","(46, 0, 0, 2)",shoda,e988b29ad183637c
Z9-25-002,"(47, 0, 0, 2)","(47, 0, 0, 2)",shoda,e988b29ad183637c
Z9-25-003,"(47, 1, 0, 2)","(47, 1, 0, 2)",shoda,e988b29ad183637c
Z9-25-004,"(49, 0, 1, 0)","(49, 0, 1, 0)",shoda,e988b29ad183637c
Z9-25-005,"(48, 0, 1, 1)","(48, 0, 1, 1)",shoda,e988b29ad183637c
Z9-25-006,"(49, 0, 1, 0)","(49, 0, 1, 0)",shoda,e988b29ad183637c
Z9-25-007,"(45, 0, 5, 0)","(45, 0, 5, 0)",shoda,e988b29ad183637c
Z9-25-008,"(40, 1, 9, 0)","(40, 1, 9, 0)",shoda,e988b29ad183637c
Z9-25-009,"(37, 0, 11, 2)","(37, 0, 11, 2)",shoda,e988b29ad183637c
Z9-25-010,"(44, 0, 7, 0)","(44, 0, 7, 0)",shoda,e988b29ad183637c
Z9-25-012,"(50, 0, 0, 1)","(50, 0, 0, 1)",shoda,e988b29ad183637c
Z9-25-013,"(44, 0, 6, 1)","(44, 0, 6, 1)",shoda,e988b29ad183637c
Z9-25-014,"(49, 0, 0, 2)","(49, 0, 0, 2)",shoda,e988b29ad183637c
Z9-25-015,"(44, 0, 6, 1)","(44, 0, 6, 1)",shoda,e988b29ad183637c
Z9-25-016,"(49, 0, 1, 1)","(49, 0, 1, 1)",shoda,e988b29ad183637c
Z9-25-017,"(45, 4, 2, 0)","(45, 4, 2, 0)",shoda,e988b29ad183637c
Z9-25-018,"(46, 0, 5, 0)","(46, 0, 5, 0)",shoda,e988b29ad183637c
Z9-25-019,"(44, 0, 6, 1)","(44, 0, 6, 1)",shoda,e988b29ad183637c
Z9-25-020,"(46, 0, 3, 2)","(46, 0, 3, 2)",shoda,e988b29ad183637c
Z9-25-021,"(49, 0, 1, 2)","(49, 0, 1, 2)",shoda,e988b29ad183637c
Z9-25-022,"(50, 0, 0, 2)","(50, 0, 0, 2)",shoda,e988b29ad183637c
Z9-25-023,"(52, 0, 0, 0)","(52, 0, 0, 0)",shoda,e988b29ad183637c
Z9-25-024,"(51, 0, 0, 1)","(51, 0, 0, 1)",shoda,e988b29ad183637c
Z9-25-025,"(51, 0, 0, 1)","(51, 0, 0, 1)",shoda,e988b29ad183637c
Z9-25-026,"(51, 0, 1, 0)","(51, 0, 1, 0)",shoda,e988b29ad183637c
Z9-25-027,"(44, 1, 5, 2)","(44, 1, 5, 2)",shoda,e988b29ad183637c
Z9-25-028,"(51, 0, 0, 1)","(51, 0, 0, 1)",shoda,e988b29ad183637c
Z9-25-029,"(51, 0, 1, 0)","(51, 0, 1, 0)",shoda,e988b29ad183637c
Z9-25-030,"(47, 0, 5, 0)","(47, 0, 5, 0)",shoda,e988b29ad183637c
Z9-25-031,"(45, 0, 5, 2)","(45, 0, 5, 2)",shoda,e988b29ad183637c
Z9-25-032,"(50, 0, 0, 2)","(50, 0, 0, 2)",shoda,e988b29ad183637c
Z9-25-033,"(46, 1, 5, 0)","(46, 1, 5, 0)",shoda,e988b29ad183637c
Z9-25-034,"(44, 0, 5, 3)","(44, 0, 5, 3)",shoda,e988b29ad183637c
Z9-25-035,"(47, 0, 3, 2)","(47, 0, 3, 2)",shoda,e988b29ad183637c
Z9-25-036,"(50, 0, 0, 2)","(50, 0, 0, 2)",shoda,e988b29ad183637c
Z9-25-037,"(50, 0, 0, 2)","(50, 0, 0, 2)",shoda,e988b29ad183637c
Z9-25-038,"(51, 0, 0, 0)","(51, 0, 0, 0)",shoda,e988b29ad183637c
Z9-25-039,"(45, 0, 5, 1)","(45, 0, 5, 1)",shoda,e988b29ad183637c
Z9-25-040,"(46, 0, 5, 0)","(46, 0, 5, 0)",shoda,e988b29ad183637c
Z9-25-041,"(49, 0, 0, 2)","(49, 0, 0, 2)",shoda,e988b29ad183637c
Z9-25-042,"(50, 0, 0, 1)","(50, 0, 0, 1)",shoda,e988b29ad183637c
Z9-25-043,"(51, 0, 0, 0)","(51, 0, 0, 0)",shoda,e988b29ad183637c
Z9-25-044,"(45, 4, 1, 1)","(45, 4, 1, 1)",shoda,e988b29ad183637c
Z9-25-045,"(50, 0, 0, 1)","(50, 0, 0, 1)",shoda,e988b29ad183637c
Z9-25-046,"(49, 0, 0, 3)","(49, 0, 0, 3)",shoda,e988b29ad183637c
Z9-25-047,"(51, 0, 0, 1)","(51, 0, 0, 1)",shoda,e988b29ad183637c
Z9-25-048,"(45, 0, 4, 3)","(45, 0, 4, 3)",shoda,e988b29ad183637c
Z9-25-049,"(51, 0, 0, 1)","(51, 0, 0, 1)",shoda,e988b29ad183637c
Z9-25-050,"(47, 0, 5, 0)","(47, 0, 5, 0)",shoda,e988b29ad183637c
Z9-25-051,"(51, 0, 0, 0)","(51, 0, 0, 0)",shoda,e988b29ad183637c
Z9-25-053,"(45, 0, 6, 0)","(45, 0, 6, 0)",shoda,e988b29ad183637c
Z9-25-054,"(44, 0, 6, 1)","(44, 0, 6, 1)",shoda,e988b29ad183637c
Z9-25-055,"(50, 0, 0, 1)","(50, 0, 0, 1)",shoda,e988b29ad183637c
Z9-25-056,"(43, 3, 4, 1)","(43, 3, 4, 1)",shoda,e988b29ad183637c
Z9-25-057,"(38, 10, 2, 1)","(38, 10, 2, 1)",shoda,e988b29ad183637c
Z9-25-058,"(45, 0, 5, 1)","(45, 0, 5, 1)",shoda,e988b29ad183637c
Z9-25-059,"(50, 0, 0, 1)","(50, 0, 0, 1)",shoda,e988b29ad183637c
Z9-25-060,"(50, 0, 0, 1)","(50, 0, 0, 1)",shoda,e988b29ad183637c
Z9-25-061,"(45, 0, 5, 1)","(45, 0, 5, 1)",shoda,e988b29ad183637c
Z9-25-062,"(50, 0, 0, 1)","(50, 0, 0, 1)",shoda,e988b29ad183637c
Z9-25-063,"(47, 0, 1, 3)","(47, 0, 1, 3)",shoda,e988b29ad183637c
Z9-25-064,"(51, 0, 0, 0)","(51, 0, 0, 0)",shoda,e988b29ad183637c
Z9-25-065,"(51, 0, 0, 0)","(51, 0, 0, 0)",shoda,e988b29ad183637c
Z9-25-066,"(51, 0, 0, 0)","(51, 0, 0, 0)",shoda,e988b29ad183637c
Z9-25-067,"(49, 0, 0, 1)","(49, 0, 0, 1)",shoda,e988b29ad183637c
Z9-25-068,"(46, 0, 0, 4)","(46, 0, 0, 4)",shoda,e988b29ad183637c
Z9-25-069,"(48, 0, 1, 2)","(48, 0, 1, 2)",shoda,e988b29ad183637c
Z9-25-070,"(9, 2, 21, 19)","(9, 2, 21, 19)",shoda,e988b29ad183637c
Z9-25-071,"(45, 0, 0, 6)","(45, 0, 0, 6)",shoda,e988b29ad183637c
Z9-25-072,"(47, 0, 1, 3)","(47, 0, 1, 3)",shoda,e988b29ad183637c
Z9-25-073,"(39, 3, 6, 3)","(39, 3, 6, 3)",shoda,e988b29ad183637c
Z9-25-074,"(42, 0, 6, 3)","(42, 0, 6, 3)",shoda,e988b29ad183637c
Z9-25-075,"(7, 2, 18, 22)","(7, 2, 18, 22)",shoda,e988b29ad183637c
Z9-25-076,"(44, 1, 3, 1)","(44, 1, 3, 1)",shoda,e988b29ad183637c
Z9-24-001,"(45, 0, 0, 5)","(45, 0, 0, 5)",shoda,0f8748a98e03e9ac
Z9-24-002,"(49, 0, 1, 1)","(49, 0, 1, 1)",shoda,0f8748a98e03e9ac
Z9-24-003,"(50, 0, 1, 0)","(50, 0, 1, 0)",shoda,0f8748a98e03e9ac
Z9-24-004,"(50, 0, 0, 1)","(50, 0, 0, 1)",shoda,0f8748a98e03e9ac
Z9-24-005,"(50, 0, 0, 1)","(50, 0, 0, 1)",shoda,0f8748a98e03e9ac
Z9-24-006,"(51, 0, 0, 0)","(51, 0, 0, 0)",shoda,0f8748a98e03e9ac
Z9-24-007,"(50, 0, 0, 1)","(50, 0, 0, 1)",shoda,0f8748a98e03e9ac
Z9-24-008,"(50, 0, 0, 2)","(50, 0, 0, 2)",shoda,0f8748a98e03e9ac
Z9-24-009,"(44, 0, 5, 3)","(44, 0, 5, 3)",shoda,0f8748a98e03e9ac
Z9-24-010,"(40, 6, 4, 3)","(40, 6, 4, 3)",shoda,0f8748a98e03e9ac
Z9-24-011,"(46, 0, 5, 2)","(46, 0, 5, 2)",shoda,0f8748a98e03e9ac
Z9-24-012,"(45, 0, 7, 1)","(45, 0, 7, 1)",shoda,0f8748a98e03e9ac
Z9-24-013,"(45, 0, 8, 0)","(45, 0, 8, 0)",shoda,0f8748a98e03e9ac
Z9-24-014,"(48, 0, 5, 0)","(48, 0, 5, 0)",shoda,0f8748a98e03e9ac
Z9-24-015,"(51, 0, 1, 1)","(51, 0, 1, 1)",shoda,0f8748a98e03e9ac
Z9-24-016,"(49, 0, 0, 4)","(49, 0, 0, 4)",shoda,0f8748a98e03e9ac
Z9-24-017,"(50, 0, 0, 5)","(50, 0, 0, 5)",shoda,0f8748a98e03e9ac
Z9-24-018,"(52, 0, 0, 3)","(52, 0, 0, 3)",shoda,0f8748a98e03e9ac
Z9-24-019,"(51, 0, 0, 4)","(51, 0, 0, 4)",shoda,0f8748a98e03e9ac
Z9-24-020,"(46, 0, 6, 3)","(46, 0, 6, 3)",shoda,0f8748a98e03e9ac
Z9-24-021,"(47, 0, 6, 2)","(47, 0, 6, 2)",shoda,0f8748a98e03e9ac
Z9-24-022,"(48, 0, 4, 3)","(48, 0, 4, 3)",shoda,0f8748a98e03e9ac
Z9-24-023,"(47, 0, 6, 2)","(47, 0, 6, 2)",shoda,0f8748a98e03e9ac
Z9-24-024,"(53, 0, 0, 2)","(53, 0, 0, 2)",shoda,0f8748a98e03e9ac
Z9-24-025,"(54, 0, 0, 1)","(54, 0, 0, 1)",shoda,0f8748a98e03e9ac
Z9-24-026,"(55, 0, 0, 0)","(55, 0, 0, 0)",shoda,0f8748a98e03e9ac
Z9-24-027,"(53, 0, 0, 2)","(53, 0, 0, 2)",shoda,0f8748a98e03e9ac
Z9-24-028,"(49, 6, 0, 0)","(49, 6, 0, 0)",shoda,0f8748a98e03e9ac
Z9-24-029,"(46, 0, 6, 3)","(46, 0, 6, 3)",shoda,0f8748a98e03e9ac
Z9-24-030,"(48, 0, 4, 3)","(48, 0, 4, 3)",shoda,0f8748a98e03e9ac
Z9-24-031,"(54, 0, 0, 1)","(54, 0, 0, 1)",shoda,0f8748a98e03e9ac
Z9-24-032,"(52, 0, 1, 2)","(52, 0, 1, 2)",shoda,0f8748a98e03e9ac
Z9-24-033,"(53, 0, 0, 2)","(53, 0, 0, 2)",shoda,0f8748a98e03e9ac
Z9-24-034,"(46, 0, 6, 3)","(46, 0, 6, 3)",shoda,0f8748a98e03e9ac
Z9-24-035,"(47, 0, 6, 2)","(47, 0, 6, 2)",shoda,0f8748a98e03e9ac
Z9-24-036,"(53, 0, 0, 2)","(53, 0, 0, 2)",shoda,0f8748a98e03e9ac
Z9-24-037,"(53, 0, 0, 2)","(53, 0, 0, 2)",shoda,0f8748a98e03e9ac
Z9-24-038,"(49, 0, 6, 0)","(49, 0, 6, 0)",shoda,0f8748a98e03e9ac
Z9-24-039,"(54, 0, 0, 1)","(54, 0, 0, 1)",shoda,0f8748a98e03e9ac
Z9-24-040,"(55, 0, 0, 0)","(55, 0, 0, 0)",shoda,0f8748a98e03e9ac
Z9-24-041,"(42, 5, 7, 1)","(42, 5, 7, 1)",shoda,0f8748a98e03e9ac
Z9-24-042,"(47, 0, 7, 1)","(47, 0, 7, 1)",shoda,0f8748a98e03e9ac
Z9-24-043,"(8, 8, 9, 30)","(8, 8, 9, 30)",shoda,0f8748a98e03e9ac
Z9-24-044,"(44, 0, 0, 10)","(44, 0, 0, 10)",shoda,0f8748a98e03e9ac
Z9-24-045,"(49, 0, 0, 6)","(49, 0, 0, 6)",shoda,0f8748a98e03e9ac
Z9-24-046,"(42, 0, 10, 0)","(42, 0, 10, 0)",shoda,0f8748a98e03e9ac
Z9-24-047,"(51, 0, 0, 1)","(51, 0, 0, 1)",shoda,0f8748a98e03e9ac
Z9-24-048,"(47, 0, 4, 1)","(47, 0, 4, 1)",shoda,0f8748a98e03e9ac
Z9-24-049,"(37, 0, 9, 4)","(37, 0, 9, 4)",shoda,0f8748a98e03e9ac
Z9-24-050,"(50, 0, 0, 0)","(50, 0, 0, 0)",shoda,0f8748a98e03e9ac
Z9-24-051,"(48, 0, 0, 2)","(48, 0, 0, 2)",shoda,0f8748a98e03e9ac
Z9-24-052,"(49, 0, 0, 0)","(49, 0, 0, 0)",shoda,0f8748a98e03e9ac
Z9-24-053,"(49, 0, 0, 0)","(49, 0, 0, 0)",shoda,0f8748a98e03e9ac
Z9-24-054,"(43, 0, 5, 2)","(43, 0, 5, 2)",shoda,0f8748a98e03e9ac
Z9-24-055,"(50, 0, 0, 0)","(50, 0, 0, 0)",shoda,0f8748a98e03e9ac
Z9-24-056,"(44, 0, 6, 0)","(44, 0, 6, 0)",shoda,0f8748a98e03e9ac
Z9-24-057,"(51, 0, 0, 0)","(51, 0, 0, 0)",shoda,0f8748a98e03e9ac
Z9-24-058,"(50, 0, 0, 0)","(50, 0, 0, 0)",shoda,0f8748a98e03e9ac
Z9-24-059,"(45, 0, 6, 0)","(45, 0, 6, 0)",shoda,0f8748a98e03e9ac
Z9-24-060,"(50, 0, 0, 1)","(50, 0, 0, 1)",shoda,0f8748a98e03e9ac
Z9-24-061,"(49, 0, 0, 2)","(49, 0, 0, 2)",shoda,0f8748a98e03e9ac
Z9-24-062,"(49, 0, 0, 2)","(49, 0, 0, 2)",shoda,0f8748a98e03e9ac
Z9-24-063,"(49, 0, 0, 2)","(49, 0, 0, 2)",shoda,0f8748a98e03e9ac
Z9-24-064,"(48, 0, 0, 2)","(48, 0, 0, 2)",shoda,0f8748a98e03e9ac
Z9-24-065,"(48, 0, 0, 3)","(48, 0, 0, 3)",shoda,0f8748a98e03e9ac
Z9-24-066,"(48, 0, 0, 3)","(48, 0, 0, 3)",shoda,0f8748a98e03e9ac
Z9-26-001,"(47, 0, 0, 1)","(47, 0, 0, 1)",shoda,e5fe37ddafdb66a3
Z9-26-002,"(48, 0, 0, 1)","(48, 0, 0, 1)",shoda,e5fe37ddafdb66a3
Z9-26-003,"(47, 0, 1, 1)","(47, 0, 1, 1)",shoda,e5fe37ddafdb66a3
Z9-26-004,"(49, 0, 0, 1)","(49, 0, 0, 1)",shoda,e5fe37ddafdb66a3
Z9-26-005,"(49, 0, 0, 0)","(49, 0, 0, 0)",shoda,e5fe37ddafdb66a3
Z9-26-006,"(18, 0, 7, 25)","(18, 0, 7, 25)",shoda,e5fe37ddafdb66a3
Z9-26-007,"(42, 0, 7, 1)","(42, 0, 7, 1)",shoda,e5fe37ddafdb66a3
Z9-26-008,"(47, 0, 1, 1)","(47, 0, 1, 1)",shoda,e5fe37ddafdb66a3
Z9-26-009,"(46, 0, 3, 0)","(46, 0, 3, 0)",shoda,e5fe37ddafdb66a3
Z9-26-011,"(44, 0, 6, 0)","(44, 0, 6, 0)",shoda,e5fe37ddafdb66a3
Z9-26-012,"(50, 0, 0, 0)","(50, 0, 0, 0)",shoda,e5fe37ddafdb66a3
Z9-26-013,"(35, 7, 5, 2)","(35, 7, 5, 2)",shoda,e5fe37ddafdb66a3
Z9-26-014,"(12, 0, 20, 17)","(12, 0, 20, 17)",shoda,e5fe37ddafdb66a3
Z9-26-015,"(41, 0, 7, 1)","(41, 0, 7, 1)",shoda,e5fe37ddafdb66a3
Z9-26-016,"(39, 0, 8, 3)","(39, 0, 8, 3)",shoda,e5fe37ddafdb66a3
Z9-26-017,"(48, 0, 0, 2)","(48, 0, 0, 2)",shoda,e5fe37ddafdb66a3
Z9-26-018,"(49, 0, 1, 0)","(49, 0, 1, 0)",shoda,e5fe37ddafdb66a3
Z9-26-019,"(49, 0, 1, 0)","(49, 0, 1, 0)",shoda,e5fe37ddafdb66a3
Z9-26-020,"(49, 0, 1, 0)","(49, 0, 1, 0)",shoda,e5fe37ddafdb66a3
Z9-26-021,"(49, 0, 0, 1)","(49, 0, 0, 1)",shoda,e5fe37ddafdb66a3
Z9-26-022,"(42, 0, 7, 1)","(42, 0, 7, 1)",shoda,e5fe37ddafdb66a3
Z9-26-023,"(43, 0, 7, 0)","(43, 0, 7, 0)",shoda,e5fe37ddafdb66a3
Z9-26-025,"(43, 0, 7, 0)","(43, 0, 7, 0)",shoda,e5fe37ddafdb66a3
Z9-26-026,"(46, 2, 0, 2)","(46, 2, 0, 2)",shoda,e5fe37ddafdb66a3
Z9-26-027,"(47, 0, 0, 3)","(47, 0, 0, 3)",shoda,e5fe37ddafdb66a3
Z9-26-028,"(47, 0, 1, 2)","(47, 0, 1, 2)",shoda,e5fe37ddafdb66a3
Z9-26-029,"(42, 0, 5, 3)","(42, 0, 5, 3)",shoda,e5fe37ddafdb66a3
Z9-26-031,"(43, 0, 6, 1)","(43, 0, 6, 1)",shoda,e5fe37ddafdb66a3
Z9-26-032,"(44, 0, 6, 0)","(44, 0, 6, 0)",shoda,e5fe37ddafdb66a3
Z9-26-033,"(46, 0, 0, 4)","(46, 0, 0, 4)",shoda,e5fe37ddafdb66a3
Z9-26-034,"(49, 0, 0, 1)","(49, 0, 0, 1)",shoda,e5fe37ddafdb66a3
Z9-26-035,"(49, 0, 0, 1)","(49, 0, 0, 1)",shoda,e5fe37ddafdb66a3
Z9-26-038,"(35, 3, 7, 3)","(35, 3, 7, 3)",shoda,e5fe37ddafdb66a3
Z9-26-039,"(44, 0, 3, 2)","(44, 0, 3, 2)",shoda,e5fe37ddafdb66a3
Z9-26-040,"(47, 0, 0, 2)","(47, 0, 0, 2)",shoda,e5fe37ddafdb66a3
Z9-26-041,"(48, 0, 0, 1)","(48, 0, 0, 1)",shoda,e5fe37ddafdb66a3
Z9-26-042,"(47, 0, 0, 2)","(47, 0, 0, 2)",shoda,e5fe37ddafdb66a3
Z9-26-043,"(45, 0, 0, 4)","(45, 0, 0, 4)",shoda,e5fe37ddafdb66a3
Z9-26-044,"(47, 0, 0, 2)","(47, 0, 0, 2)",shoda,e5fe37ddafdb66a3
Z9-26-045,"(48, 0, 0, 0)","(48, 0, 0, 0)",shoda,e5fe37ddafdb66a3
Z9-26-046,"(46, 0, 0, 2)","(46, 0, 0, 2)",shoda,e5fe37ddafdb66a3
Z9-26-047,"(41, 0, 5, 2)","(41, 0, 5, 2)",shoda,e5fe37ddafdb66a3
Z9-26-048,"(47, 0, 0, 1)","(47, 0, 0, 1)",shoda,e5fe37ddafdb66a3
Z9-26-049,"(48, 0, 0, 1)","(48, 0, 0, 1)",shoda,e5fe37ddafdb66a3
Z9-26-050,"(48, 0, 0, 1)","(48, 0, 0, 1)",shoda,e5fe37ddafdb66a3
Z9-26-051,"(42, 0, 5, 2)","(42, 0, 5, 2)",shoda,e5fe37ddafdb66a3
Z9-26-052,"(42, 0, 6, 1)","(42, 0, 6, 1)",shoda,e5fe37ddafdb66a3
Z9-26-053,"(40, 0, 6, 3)","(40, 0, 6, 3)",shoda,e5fe37ddafdb66a3
Z9-26-054,"(46, 0, 0, 3)","(46, 0, 0, 3)",shoda,e5fe37ddafdb66a3
Z9-26-055,"(43, 0, 1, 5)","(43, 0, 1, 5)",shoda,e5fe37ddafdb66a3
Z9-26-056,"(40, 0, 5, 4)","(40, 0, 5, 4)",shoda,e5fe37ddafdb66a3
Z9-26-057,"(46, 0, 0, 3)","(46, 0, 0, 3)",shoda,e5fe37ddafdb66a3
Z9-26-058,"(41, 0, 6, 2)","(41, 0, 6, 2)",shoda,e5fe37ddafdb66a3
Z9-26-059,"(45, 0, 2, 2)","(45, 0, 2, 2)",shoda,e5fe37ddafdb66a3
Z9-26-060,"(40, 0, 6, 3)","(40, 0, 6, 3)",shoda,e5fe37ddafdb66a3
Z9-26-061,"(47, 0, 0, 2)","(47, 0, 0, 2)",shoda,e5fe37ddafdb66a3
Z9-26-062,"(47, 0, 0, 2)","(47, 0, 0, 2)",shoda,e5fe37ddafdb66a3
Z9-26-063,"(48, 0, 0, 1)","(48, 0, 0, 1)",shoda,e5fe37ddafdb66a3
Z9-26-064,"(44, 0, 2, 3)","(44, 0, 2, 3)",shoda,e5fe37ddafdb66a3
Z9-26-065,"(43, 0, 4, 2)","(43, 0, 4, 2)",shoda,e5fe37ddafdb66a3
Z9-26-066,"(47, 0, 0, 2)","(47, 0, 0, 2)",shoda,e5fe37ddafdb66a3
Z9-26-067,"(37, 0, 9, 3)","(37, 0, 9, 3)",shoda,e5fe37ddafdb66a3
Z9-26-068,"(48, 0, 0, 1)","(48, 0, 0, 1)",shoda,e5fe37ddafdb66a3
Z9-26-069,"(44, 0, 1, 4)","(44, 0, 1, 4)",shoda,e5fe37ddafdb66a3
Z9-26-070,"(40, 0, 6, 3)","(40, 0, 6, 3)",shoda,e5fe37ddafdb66a3
Z9-26-071,"(47, 0, 0, 2)","(47, 0, 0, 2)",shoda,e5fe37ddafdb66a3
Z9-26-072,"(46, 0, 0, 3)","(46, 0, 0, 3)",shoda,e5fe37ddafdb66a3
Z9-26-073,"(41, 5, 1, 2)","(41, 5, 1, 2)",shoda,e5fe37ddafdb66a3
Z9-26-074,"(43, 0, 3, 3)","(43, 0, 3, 3)",shoda,e5fe37ddafdb66a3
Z9-26-075,"(46, 0, 0, 3)","(46, 0, 0, 3)",shoda,e5fe37ddafdb66a3
Z9-26-076,"(46, 0, 0, 3)","(46, 0, 0, 3)",shoda,e5fe37ddafdb66a3
Z9-26-077,"(46, 0, 0, 3)","(46, 0, 0, 3)",shoda,e5fe37ddafdb66a3
Z9-26-078,"(44, 0, 1, 4)","(44, 0, 1, 4)",shoda,e5fe37ddafdb66a3
Z9-26-079,"(37, 0, 12, 0)","(37, 0, 12, 0)",shoda,e5fe37ddafdb66a3
Z9-26-081,"(24, 0, 20, 5)","(24, 0, 20, 5)",shoda,e5fe37ddafdb66a3
Z9-26-082,"(10, 0, 21, 19)","(10, 0, 21, 19)",shoda,e5fe37ddafdb66a3
Z9-26-083,"(38, 0, 10, 2)","(38, 0, 10, 2)",shoda,e5fe37ddafdb66a3
Z9-26-084,"(45, 0, 2, 3)","(45, 0, 2, 3)",shoda,e5fe37ddafdb66a3
Z9-26-085,"(45, 0, 0, 5)","(45, 0, 0, 5)",shoda,e5fe37ddafdb66a3
Z9-26-086,"(49, 0, 0, 1)","(49, 0, 0, 1)",shoda,e5fe37ddafdb66a3
Z9-26-087,"(39, 0, 9, 2)","(39, 0, 9, 2)",shoda,e5fe37ddafdb66a3
Z9-26-088,"(44, 0, 2, 4)","(44, 0, 2, 4)",shoda,e5fe37ddafdb66a3
Z9-26-089,"(47, 0, 0, 3)","(47, 0, 0, 3)",shoda,e5fe37ddafdb66a3
Z9-26-090,"(47, 0, 0, 3)","(47, 0, 0, 3)",shoda,e5fe37ddafdb66a3
Z9-26-091,"(49, 0, 0, 1)","(49, 0, 0, 1)",shoda,e5fe37ddafdb66a3
Z9-26-092,"(49, 0, 0, 1)","(49, 0, 0, 1)",shoda,e5fe37ddafdb66a3
Z9-26-093,"(41, 0, 5, 4)","(41, 0, 5, 4)",shoda,e5fe37ddafdb66a3
Z9-26-094,"(47, 0, 0, 3)","(47, 0, 0, 3)",shoda,e5fe37ddafdb66a3
Z9-27-002,"(52, 0, 0, 1)","(52, 0, 0, 1)",shoda,1ac7d00d7789f14d
Z9-27-003,"(54, 0, 0, 0)","(54, 0, 0, 0)",shoda,1ac7d00d7789f14d
Z9-27-004,"(54, 0, 0, 0)","(54, 0, 0, 0)",shoda,1ac7d00d7789f14d
Z9-27-005,"(52, 0, 0, 2)","(52, 0, 0, 2)",shoda,1ac7d00d7789f14d
Z9-27-006,"(54, 0, 0, 0)","(54, 0, 0, 0)",shoda,1ac7d00d7789f14d
Z9-27-007,"(54, 0, 0, 0)","(54, 0, 0, 0)",shoda,1ac7d00d7789f14d
Z9-27-008,"(54, 0, 0, 0)","(54, 0, 0, 0)",shoda,1ac7d00d7789f14d
Z9-27-009,"(46, 1, 7, 0)","(46, 1, 7, 0)",shoda,1ac7d00d7789f14d
Z9-27-010,"(53, 1, 0, 0)","(53, 1, 0, 0)",shoda,1ac7d00d7789f14d
Z9-27-012,"(49, 2, 3, 0)","(49, 2, 3, 0)",shoda,1ac7d00d7789f14d
Z9-27-013,"(48, 0, 4, 2)","(48, 0, 4, 2)",shoda,1ac7d00d7789f14d
Z9-27-014,"(54, 0, 0, 0)","(54, 0, 0, 0)",shoda,1ac7d00d7789f14d
Z9-27-015,"(53, 0, 0, 1)","(53, 0, 0, 1)",shoda,1ac7d00d7789f14d
Z9-27-016,"(38, 1, 6, 9)","(38, 1, 6, 9)",shoda,1ac7d00d7789f14d
Z9-27-017,"(47, 0, 6, 1)","(47, 0, 6, 1)",shoda,1ac7d00d7789f14d
Z9-27-018,"(46, 0, 6, 1)","(46, 0, 6, 1)",shoda,1ac7d00d7789f14d
Z9-27-019,"(53, 0, 0, 0)","(53, 0, 0, 0)",shoda,1ac7d00d7789f14d
Z9-27-020,"(52, 0, 0, 1)","(52, 0, 0, 1)",shoda,1ac7d00d7789f14d
Z9-27-021,"(47, 0, 6, 0)","(47, 0, 6, 0)",shoda,1ac7d00d7789f14d
Z9-27-022,"(52, 0, 0, 1)","(52, 0, 0, 1)",shoda,1ac7d00d7789f14d
Z9-27-023,"(45, 0, 6, 2)","(45, 0, 6, 2)",shoda,1ac7d00d7789f14d
Z9-27-024,"(42, 0, 10, 1)","(42, 0, 10, 1)",shoda,1ac7d00d7789f14d
Z9-27-025,"(45, 1, 6, 1)","(45, 1, 6, 1)",shoda,1ac7d00d7789f14d
Z9-27-026,"(44, 0, 8, 1)","(44, 0, 8, 1)",shoda,1ac7d00d7789f14d
Z9-27-027,"(45, 0, 7, 1)","(45, 0, 7, 1)",shoda,1ac7d00d7789f14d
Z9-27-028,"(46, 0, 7, 1)","(46, 0, 7, 1)",shoda,1ac7d00d7789f14d
Z9-27-029,"(46, 0, 7, 1)","(46, 0, 7, 1)",shoda,1ac7d00d7789f14d
Z9-27-030,"(46, 0, 8, 0)","(46, 0, 8, 0)",shoda,1ac7d00d7789f14d
Z9-27-031,"(46, 1, 7, 0)","(46, 1, 7, 0)",shoda,1ac7d00d7789f14d
Z9-27-032,"(40, 2, 10, 2)","(40, 2, 10, 2)",shoda,1ac7d00d7789f14d
Z9-27-033,"(40, 2, 9, 3)","(40, 2, 9, 3)",shoda,1ac7d00d7789f14d
Z9-27-034,"(51, 0, 0, 3)","(51, 0, 0, 3)",shoda,1ac7d00d7789f14d
Z9-27-035,"(44, 0, 6, 4)","(44, 0, 6, 4)",shoda,1ac7d00d7789f14d
Z9-27-036,"(45, 0, 6, 3)","(45, 0, 6, 3)",shoda,1ac7d00d7789f14d
Z9-27-037,"(45, 0, 6, 3)","(45, 0, 6, 3)",shoda,1ac7d00d7789f14d
Z9-27-038,"(45, 0, 6, 3)","(45, 0, 6, 3)",shoda,1ac7d00d7789f14d
Z9-27-039,"(50, 0, 0, 4)","(50, 0, 0, 4)",shoda,1ac7d00d7789f14d
Z9-27-040,"(50, 0, 1, 3)","(50, 0, 1, 3)",shoda,1ac7d00d7789f14d
Z9-27-041,"(50, 0, 1, 3)","(50, 0, 1, 3)",shoda,1ac7d00d7789f14d
Z9-27-042,"(47, 0, 4, 3)","(47, 0, 4, 3)",shoda,1ac7d00d7789f14d
Z9-27-043,"(50, 0, 3, 1)","(50, 0, 3, 1)",shoda,1ac7d00d7789f14d
Z9-27-044,"(53, 0, 0, 1)","(53, 0, 0, 1)",shoda,1ac7d00d7789f14d
Z9-27-045,"(46, 0, 6, 2)","(46, 0, 6, 2)",shoda,1ac7d00d7789f14d
Z9-27-046,"(53, 0, 0, 0)","(53, 0, 0, 0)",shoda,1ac7d00d7789f14d
Z9-27-047,"(53, 0, 0, 0)","(53, 0, 0, 0)",shoda,1ac7d00d7789f14d
Z9-27-048,"(50, 0, 0, 3)","(50, 0, 0, 3)",shoda,1ac7d00d7789f14d
Z9-27-049,"(51, 0, 0, 3)","(51, 0, 0, 3)",shoda,1ac7d00d7789f14d
Z9-27-051,"(45, 0, 6, 3)","(45, 0, 6, 3)",shoda,1ac7d00d7789f14d
Z9-27-052,"(45, 0, 7, 2)","(45, 0, 7, 2)",shoda,1ac7d00d7789f14d
Z9-27-053,"(42, 4, 1, 7)","(42, 4, 1, 7)",shoda,1ac7d00d7789f14d
Z9-27-054,"(46, 0, 5, 3)","(46, 0, 5, 3)",shoda,1ac7d00d7789f14d
Z9-27-055,"(52, 0, 0, 2)","(52, 0, 0, 2)",shoda,1ac7d00d7789f14d
Z9-27-056,"(53, 0, 0, 1)","(53, 0, 0, 1)",shoda,1ac7d00d7789f14d
Z9-27-057,"(54, 0, 0, 0)","(54, 0, 0, 0)",shoda,1ac7d00d7789f14d
Z9-27-058,"(53, 0, 0, 1)","(53, 0, 0, 1)",shoda,1ac7d00d7789f14d
Z9-27-059,"(54, 0, 0, 0)","(54, 0, 0, 0)",shoda,1ac7d00d7789f14d
Z9-27-060,"(49, 0, 4, 1)","(49, 0, 4, 1)",shoda,1ac7d00d7789f14d
Z9-27-061,"(29, 19, 5, 1)","(29, 19, 5, 1)",shoda,1ac7d00d7789f14d
Z9-27-062,"(51, 0, 3, 0)","(51, 0, 3, 0)",shoda,1ac7d00d7789f14d
Z9-27-063,"(53, 0, 1, 0)","(53, 0, 1, 0)",shoda,1ac7d00d7789f14d
Z9-27-064,"(50, 0, 1, 3)","(50, 0, 1, 3)",shoda,1ac7d00d7789f14d
Z9-27-065,"(54, 0, 0, 0)","(54, 0, 0, 0)",shoda,1ac7d00d7789f14d
Z9-27-066,"(45, 0, 2, 7)","(45, 0, 2, 7)",shoda,1ac7d00d7789f14d
Z9-27-067,"(50, 0, 0, 4)","(50, 0, 0, 4)",shoda,1ac7d00d7789f14d
Z9-27-068,"(51, 0, 0, 3)","(51, 0, 0, 3)",shoda,1ac7d00d7789f14d
Z9-27-069,"(49, 0, 0, 5)","(49, 0, 0, 5)",shoda,1ac7d00d7789f14d
Z9-27-071,"(47, 4, 2, 0)","(47, 4, 2, 0)",shoda,1ac7d00d7789f14d
Z9-27-072,"(51, 0, 0, 2)","(51, 0, 0, 2)",shoda,1ac7d00d7789f14d
Z9-27-073,"(53, 0, 0, 0)","(53, 0, 0, 0)",shoda,1ac7d00d7789f14d
Z9-27-074,"(52, 0, 0, 1)","(52, 0, 0, 1)",shoda,1ac7d00d7789f14d
Z9-27-075,"(51, 0, 0, 2)","(51, 0, 0, 2)",shoda,1ac7d00d7789f14d
Z9-27-076,"(51, 0, 0, 2)","(51, 0, 0, 2)",shoda,1ac7d00d7789f14d
Z9-27-077,"(46, 0, 6, 2)","(46, 0, 6, 2)",shoda,1ac7d00d7789f14d
Z9-27-078,"(47, 0, 6, 1)","(47, 0, 6, 1)",shoda,1ac7d00d7789f14d
Z9-27-079,"(51, 0, 0, 3)","(51, 0, 0, 3)",shoda,1ac7d00d7789f14d
Z9-27-080,"(53, 0, 0, 1)","(53, 0, 0, 1)",shoda,1ac7d00d7789f14d
Z9-27-081,"(53, 0, 0, 1)","(53, 0, 0, 1)",shoda,1ac7d00d7789f14d
Z9-27-082,"(53, 0, 0, 1)","(53, 0, 0, 1)",shoda,1ac7d00d7789f14d
Z9-27-083,"(53, 0, 0, 1)","(53, 0, 0, 1)",shoda,1ac7d00d7789f14d
Z9-27-084,"(52, 0, 0, 2)","(52, 0, 0, 2)",shoda,1ac7d00d7789f14d
Z9-27-085,"(52, 0, 0, 2)","(52, 0, 0, 2)",shoda,1ac7d00d7789f14d
Z9-27-086,"(47, 0, 5, 2)","(47, 0, 5, 2)",shoda,1ac7d00d7789f14d
Z9-27-087,"(46, 0, 5, 3)","(46, 0, 5, 3)",shoda,1ac7d00d7789f14d
Z9-27-088,"(52, 0, 0, 2)","(52, 0, 0, 2)",shoda,1ac7d00d7789f14d
Z9-27-089,"(52, 0, 0, 2)","(52, 0, 0, 2)",shoda,1ac7d00d7789f14d
Z9-27-090,"(50, 0, 0, 4)","(50, 0, 0, 4)",shoda,1ac7d00d7789f14d
Z9-27-091,"(51, 0, 0, 3)","(51, 0, 0, 3)",shoda,1ac7d00d7789f14d
Z9-27-092,"(52, 0, 0, 2)","(52, 0, 0, 2)",shoda,1ac7d00d7789f14d
Z9-27-093,"(53, 0, 0, 1)","(53, 0, 0, 1)",shoda,1ac7d00d7789f14d
Z9-27-094,"(42, 0, 10, 2)","(42, 0, 10, 2)",shoda,1ac7d00d7789f14d
Z9-27-095,"(46, 0, 5, 3)","(46, 0, 5, 3)",shoda,1ac7d00d7789f14d
Z9-27-096,"(37, 0, 12, 5)","(37, 0, 12, 5)",shoda,1ac7d00d7789f14d
Z9-27-097,"(40, 0, 8, 6)","(40, 0, 8, 6)",shoda,1ac7d00d7789f14d
Z9-27-098,"(42, 0, 6, 6)","(42, 0, 6, 6)",shoda,1ac7d00d7789f14d
Z9-27-099,"(39, 0, 11, 4)","(39, 0, 11, 4)",shoda,1ac7d00d7789f14d
Z9-27-100,"(50, 0, 0, 4)","(50, 0, 0, 4)",shoda,1ac7d00d7789f14d
Z9-27-101,"(50, 0, 0, 4)","(50, 0, 0, 4)",shoda,1ac7d00d7789f14d
Z9-27-102,"(50, 0, 0, 4)","(50, 0, 0, 4)",shoda,1ac7d00d7789f14d
Z9-27-103,"(50, 1, 0, 3)","(50, 1, 0, 3)",shoda,1ac7d00d7789f14d
Z9-27-104,"(49, 0, 2, 3)","(49, 0, 2, 3)",shoda,1ac7d00d7789f14d
Z9-27-105,"(51, 0, 0, 3)","(51, 0, 0, 3)",shoda,1ac7d00d7789f14d
Z9-27-106,"(52, 0, 0, 2)","(52, 0, 0, 2)",shoda,1ac7d00d7789f14d
Z9-27-107,"(47, 0, 5, 2)","(47, 0, 5, 2)",shoda,1ac7d00d7789f14d
Z9-27-108,"(52, 0, 0, 2)","(52, 0, 0, 2)",shoda,1ac7d00d7789f14d
Z9-27-109,"(51, 0, 0, 3)","(51, 0, 0, 3)",shoda,1ac7d00d7789f14d
Z9-27-110,"(36, 1, 12, 5)","(36, 1, 12, 5)",shoda,1ac7d00d7789f14d
Z9-27-111,"(51, 0, 1, 2)","(51, 0, 1, 2)",shoda,1ac7d00d7789f14d
Z9-27-112,"(51, 0, 0, 3)","(51, 0, 0, 3)",shoda,1ac7d00d7789f14d
Z9-27-113,"(53, 0, 0, 1)","(53, 0, 0, 1)",shoda,1ac7d00d7789f14d
Z9-27-114,"(49, 0, 1, 4)","(49, 0, 1, 4)",shoda,1ac7d00d7789f14d
Z9-27-115,"(49, 0, 0, 4)","(49, 0, 0, 4)",shoda,1ac7d00d7789f14d
Z9-27-116,"(48, 0, 0, 6)","(48, 0, 0, 6)",shoda,1ac7d00d7789f14d
Z9-27-117,"(48, 0, 2, 4)","(48, 0, 2, 4)",shoda,1ac7d00d7789f14d
Z9-27-118,"(47, 0, 0, 7)","(47, 0, 0, 7)",shoda,1ac7d00d7789f14d
Z9-27-119,"(52, 0, 0, 2)","(52, 0, 0, 2)",shoda,1ac7d00d7789f14d
Z9-27-120,"(51, 0, 0, 3)","(51, 0, 0, 3)",shoda,1ac7d00d7789f14d
Z9-27-121,"(47, 0, 2, 5)","(47, 0, 2, 5)",shoda,1ac7d00d7789f14d
Z9-27-122,"(48, 0, 0, 6)","(48, 0, 0, 6)",shoda,1ac7d00d7789f14d
Z9-27-123,"(49, 0, 0, 5)","(49, 0, 0, 5)",shoda,1ac7d00d7789f14d
Z9-29-001,"(50, 0, 0, 0)","(50, 0, 0, 0)",shoda,af870d56898ecc01
Z9-29-002,"(49, 0, 1, 1)","(49, 0, 1, 1)",shoda,af870d56898ecc01
Z9-29-003,"(48, 0, 2, 1)","(48, 0, 2, 1)",shoda,af870d56898ecc01
Z9-29-004,"(36, 3, 7, 5)","(36, 3, 7, 5)",shoda,af870d56898ecc01
Z9-29-005,"(49, 1, 0, 1)","(49, 1, 0, 1)",shoda,af870d56898ecc01
Z9-29-006,"(49, 0, 1, 1)","(49, 0, 1, 1)",shoda,af870d56898ecc01
Z9-29-007,"(50, 0, 1, 0)","(50, 0, 1, 0)",shoda,af870d56898ecc01
Z9-29-008,"(44, 0, 1, 6)","(44, 0, 1, 6)",shoda,af870d56898ecc01
Z9-29-009,"(46, 0, 0, 4)","(46, 0, 0, 4)",shoda,af870d56898ecc01
Z9-29-010,"(47, 0, 0, 3)","(47, 0, 0, 3)",shoda,af870d56898ecc01
Z9-29-011,"(47, 0, 0, 3)","(47, 0, 0, 3)",shoda,af870d56898ecc01
Z9-29-012,"(50, 0, 0, 0)","(50, 0, 0, 0)",shoda,af870d56898ecc01
Z9-29-013,"(48, 0, 0, 2)","(48, 0, 0, 2)",shoda,af870d56898ecc01
Z9-29-014,"(43, 0, 3, 4)","(43, 0, 3, 4)",shoda,af870d56898ecc01
Z9-29-015,"(45, 0, 4, 1)","(45, 0, 4, 1)",shoda,af870d56898ecc01
Z9-29-016,"(43, 0, 5, 2)","(43, 0, 5, 2)",shoda,af870d56898ecc01
Z9-29-017,"(46, 0, 0, 4)","(46, 0, 0, 4)",shoda,af870d56898ecc01
Z9-29-018,"(45, 0, 5, 1)","(45, 0, 5, 1)",shoda,af870d56898ecc01
Z9-29-019,"(45, 0, 6, 0)","(45, 0, 6, 0)",shoda,af870d56898ecc01
Z9-29-020,"(49, 0, 1, 1)","(49, 0, 1, 1)",shoda,af870d56898ecc01
Z9-29-021,"(48, 0, 0, 3)","(48, 0, 0, 3)",shoda,af870d56898ecc01
Z9-29-022,"(51, 0, 0, 0)","(51, 0, 0, 0)",shoda,af870d56898ecc01
Z9-29-023,"(39, 5, 1, 6)","(39, 5, 1, 6)",shoda,af870d56898ecc01
Z9-29-024,"(43, 4, 0, 4)","(43, 4, 0, 4)",shoda,af870d56898ecc01
Z9-29-025,"(50, 0, 0, 1)","(50, 0, 0, 1)",shoda,af870d56898ecc01
Z9-29-026,"(43, 0, 3, 5)","(43, 0, 3, 5)",shoda,af870d56898ecc01
Z9-29-027,"(48, 0, 0, 3)","(48, 0, 0, 3)",shoda,af870d56898ecc01
Z9-29-028,"(49, 0, 0, 2)","(49, 0, 0, 2)",shoda,af870d56898ecc01
Z9-29-029,"(41, 0, 6, 4)","(41, 0, 6, 4)",shoda,af870d56898ecc01
Z9-29-030,"(48, 0, 0, 3)","(48, 0, 0, 3)",shoda,af870d56898ecc01
Z9-29-031,"(49, 0, 0, 2)","(49, 0, 0, 2)",shoda,af870d56898ecc01
Z9-29-032,"(49, 0, 1, 1)","(49, 0, 1, 1)",shoda,af870d56898ecc01
Z9-29-033,"(44, 0, 1, 6)","(44, 0, 1, 6)",shoda,af870d56898ecc01
Z9-29-034,"(46, 0, 3, 2)","(46, 0, 3, 2)",shoda,af870d56898ecc01
Z9-29-035,"(41, 0, 6, 4)","(41, 0, 6, 4)",shoda,af870d56898ecc01
Z9-29-036,"(41, 0, 4, 6)","(41, 0, 4, 6)",shoda,af870d56898ecc01
Z9-29-037,"(46, 0, 0, 5)","(46, 0, 0, 5)",shoda,af870d56898ecc01
Z9-29-038,"(43, 0, 4, 4)","(43, 0, 4, 4)",shoda,af870d56898ecc01
Z9-29-039,"(47, 0, 0, 4)","(47, 0, 0, 4)",shoda,af870d56898ecc01
Z9-29-040,"(47, 0, 0, 4)","(47, 0, 0, 4)",shoda,af870d56898ecc01
Z9-29-041,"(48, 0, 0, 3)","(48, 0, 0, 3)",shoda,af870d56898ecc01
Z9-29-042,"(47, 0, 0, 3)","(47, 0, 0, 3)",shoda,af870d56898ecc01
Z9-29-043,"(45, 0, 0, 5)","(45, 0, 0, 5)",shoda,af870d56898ecc01
Z9-29-044,"(40, 0, 5, 5)","(40, 0, 5, 5)",shoda,af870d56898ecc01
Z9-29-045,"(41, 1, 3, 4)","(41, 1, 3, 4)",shoda,af870d56898ecc01
Z9-29-046,"(46, 0, 0, 3)","(46, 0, 0, 3)",shoda,af870d56898ecc01
Z9-29-047,"(46, 0, 0, 3)","(46, 0, 0, 3)",shoda,af870d56898ecc01
Z9-29-048,"(47, 0, 0, 2)","(47, 0, 0, 2)",shoda,af870d56898ecc01
Z9-29-049,"(43, 0, 5, 1)","(43, 0, 5, 1)",shoda,af870d56898ecc01
Z9-29-051,"(49, 0, 0, 0)","(49, 0, 0, 0)",shoda,af870d56898ecc01
Z9-29-052,"(48, 0, 0, 1)","(48, 0, 0, 1)",shoda,af870d56898ecc01
Z9-29-053,"(47, 0, 0, 2)","(47, 0, 0, 2)",shoda,af870d56898ecc01
Z9-29-054,"(47, 0, 0, 2)","(47, 0, 0, 2)",shoda,af870d56898ecc01
Z9-29-055,"(48, 0, 0, 2)","(48, 0, 0, 2)",shoda,af870d56898ecc01
Z9-29-056,"(50, 0, 0, 0)","(50, 0, 0, 0)",shoda,af870d56898ecc01
Z9-29-057,"(50, 0, 0, 0)","(50, 0, 0, 0)",shoda,af870d56898ecc01
Z9-29-058,"(39, 0, 10, 1)","(39, 0, 10, 1)",shoda,af870d56898ecc01
Z9-29-059,"(39, 0, 10, 1)","(39, 0, 10, 1)",shoda,af870d56898ecc01
Z9-29-060,"(44, 0, 0, 2)","(44, 0, 0, 2)",shoda,af870d56898ecc01
Z9-29-061,"(25, 0, 7, 15)","(25, 0, 7, 15)",shoda,af870d56898ecc01
Z9-29-062,"(19, 6, 15, 8)","(19, 6, 15, 8)",shoda,af870d56898ecc01
Z9-29-063,"(45, 0, 0, 3)","(45, 0, 0, 3)",shoda,af870d56898ecc01
Z9-29-064,"(47, 0, 0, 1)","(47, 0, 0, 1)",shoda,af870d56898ecc01
Z9-29-065,"(46, 0, 1, 1)","(46, 0, 1, 1)",shoda,af870d56898ecc01
Z9-29-066,"(43, 0, 3, 2)","(43, 0, 3, 2)",shoda,af870d56898ecc01
Z9-29-067,"(44, 0, 0, 3)","(44, 0, 0, 3)",shoda,af870d56898ecc01
Z9-29-068,"(45, 0, 0, 2)","(45, 0, 0, 2)",shoda,af870d56898ecc01
Z9-29-069,"(48, 0, 0, 0)","(48, 0, 0, 0)",shoda,af870d56898ecc01
Z9-29-070,"(46, 1, 0, 1)","(46, 1, 0, 1)",shoda,af870d56898ecc01
Z9-29-071,"(47, 0, 0, 1)","(47, 0, 0, 1)",shoda,af870d56898ecc01
Z9-29-072,"(48, 0, 0, 0)","(48, 0, 0, 0)",shoda,af870d56898ecc01
Z9-29-074,"(29, 4, 14, 2)","(29, 4, 14, 2)",shoda,af870d56898ecc01
Z9-29-075,"(10, 1, 24, 14)","(10, 1, 24, 14)",shoda,af870d56898ecc01
Z9-29-076,"(41, 0, 6, 2)","(41, 0, 6, 2)",shoda,af870d56898ecc01
Z9-29-077,"(49, 0, 0, 0)","(49, 0, 0, 0)",shoda,af870d56898ecc01
Z9-29-078,"(48, 0, 0, 1)","(48, 0, 0, 1)",shoda,af870d56898ecc01
Z9-29-079,"(42, 4, 0, 2)","(42, 4, 0, 2)",shoda,af870d56898ecc01
Z9-28-001,"(42, 0, 0, 0)","(42, 0, 0, 0)",shoda,7ac680d41d8d0dd0
Z9-28-002,"(48, 0, 0, 0)","(48, 0, 0, 0)",shoda,7ac680d41d8d0dd0
Z9-28-003,"(48, 0, 0, 0)","(48, 0, 0, 0)",shoda,7ac680d41d8d0dd0
Z9-28-004,"(48, 0, 0, 0)","(48, 0, 0, 0)",shoda,7ac680d41d8d0dd0
Z9-28-005,"(47, 0, 0, 1)","(47, 0, 0, 1)",shoda,7ac680d41d8d0dd0
Z9-28-006,"(42, 0, 4, 2)","(42, 0, 4, 2)",shoda,7ac680d41d8d0dd0
Z9-28-007,"(43, 0, 4, 1)","(43, 0, 4, 1)",shoda,7ac680d41d8d0dd0
Z9-28-008,"(43, 0, 4, 1)","(43, 0, 4, 1)",shoda,7ac680d41d8d0dd0
Z9-28-009,"(41, 0, 5, 2)","(41, 0, 5, 2)",shoda,7ac680d41d8d0dd0
Z9-28-010,"(41, 0, 4, 3)","(41, 0, 4, 3)",shoda,7ac680d41d8d0dd0
Z9-28-011,"(42, 0, 3, 3)","(42, 0, 3, 3)",shoda,7ac680d41d8d0dd0
Z9-28-012,"(43, 0, 4, 2)","(43, 0, 4, 2)",shoda,7ac680d41d8d0dd0
Z9-28-013,"(44, 0, 4, 1)","(44, 0, 4, 1)",shoda,7ac680d41d8d0dd0
Z9-28-014,"(44, 0, 4, 1)","(44, 0, 4, 1)",shoda,7ac680d41d8d0dd0
Z9-28-015,"(44, 0, 4, 1)","(44, 0, 4, 1)",shoda,7ac680d41d8d0dd0
Z9-28-016,"(44, 0, 4, 1)","(44, 0, 4, 1)",shoda,7ac680d41d8d0dd0
Z9-28-017,"(44, 0, 4, 1)","(44, 0, 4, 1)",shoda,7ac680d41d8d0dd0
Z9-28-018,"(48, 0, 0, 1)","(48, 0, 0, 1)",shoda,7ac680d41d8d0dd0
Z9-28-019,"(46, 0, 2, 1)","(46, 0, 2, 1)",shoda,7ac680d41d8d0dd0
Z9-28-020,"(49, 0, 0, 0)","(49, 0, 0, 0)",shoda,7ac680d41d8d0dd0
Z9-28-021,"(44, 0, 4, 1)","(44, 0, 4, 1)",shoda,7ac680d41d8d0dd0
Z9-28-022,"(47, 0, 0, 2)","(47, 0, 0, 2)",shoda,7ac680d41d8d0dd0
Z9-28-023,"(42, 0, 4, 3)","(42, 0, 4, 3)",shoda,7ac680d41d8d0dd0
Z9-28-024,"(47, 0, 0, 2)","(47, 0, 0, 2)",shoda,7ac680d41d8d0dd0
Z9-28-025,"(47, 0, 0, 2)","(47, 0, 0, 2)",shoda,7ac680d41d8d0dd0
Z9-28-026,"(45, 0, 4, 0)","(45, 0, 4, 0)",shoda,7ac680d41d8d0dd0
Z9-28-027,"(45, 0, 4, 0)","(45, 0, 4, 0)",shoda,7ac680d41d8d0dd0
Z9-28-028,"(44, 5, 0, 1)","(44, 5, 0, 1)",shoda,7ac680d41d8d0dd0
Z9-28-029,"(49, 0, 0, 2)","(49, 0, 0, 2)",shoda,7ac680d41d8d0dd0
Z9-28-030,"(50, 0, 0, 0)","(50, 0, 0, 0)",shoda,7ac680d41d8d0dd0
Z9-28-031,"(42, 0, 8, 1)","(42, 0, 8, 1)",shoda,7ac680d41d8d0dd0
Z9-28-032,"(45, 0, 5, 0)","(45, 0, 5, 0)",shoda,7ac680d41d8d0dd0
Z9-28-033,"(44, 0, 5, 1)","(44, 0, 5, 1)",shoda,7ac680d41d8d0dd0
Z9-28-034,"(44, 0, 5, 1)","(44, 0, 5, 1)",shoda,7ac680d41d8d0dd0
Z9-28-035,"(45, 0, 4, 1)","(45, 0, 4, 1)",shoda,7ac680d41d8d0dd0
Z9-28-036,"(47, 0, 0, 3)","(47, 0, 0, 3)",shoda,7ac680d41d8d0dd0
Z9-28-037,"(47, 0, 0, 3)","(47, 0, 0, 3)",shoda,7ac680d41d8d0dd0
Z9-28-038,"(38, 0, 9, 3)","(38, 0, 9, 3)",shoda,7ac680d41d8d0dd0
Z9-28-039,"(45, 0, 5, 0)","(45, 0, 5, 0)",shoda,7ac680d41d8d0dd0
Z9-28-040,"(43, 0, 4, 3)","(43, 0, 4, 3)",shoda,7ac680d41d8d0dd0
Z9-28-041,"(50, 0, 0, 0)","(50, 0, 0, 0)",shoda,7ac680d41d8d0dd0
Z9-28-042,"(44, 0, 5, 1)","(44, 0, 5, 1)",shoda,7ac680d41d8d0dd0
Z9-28-043,"(49, 0, 0, 1)","(49, 0, 0, 1)",shoda,7ac680d41d8d0dd0
Z9-28-044,"(50, 0, 0, 0)","(50, 0, 0, 0)",shoda,7ac680d41d8d0dd0
Z9-28-045,"(45, 0, 5, 0)","(45, 0, 5, 0)",shoda,7ac680d41d8d0dd0
Z9-28-046,"(45, 0, 5, 0)","(45, 0, 5, 0)",shoda,7ac680d41d8d0dd0
Z9-28-047,"(49, 0, 0, 1)","(49, 0, 0, 1)",shoda,7ac680d41d8d0dd0
Z9-28-048,"(42, 4, 2, 2)","(42, 4, 2, 2)",shoda,7ac680d41d8d0dd0
Z9-28-049,"(44, 0, 5, 1)","(44, 0, 5, 1)",shoda,7ac680d41d8d0dd0
Z9-28-050,"(46, 0, 0, 4)","(46, 0, 0, 4)",shoda,7ac680d41d8d0dd0
Z9-28-051,"(43, 5, 0, 2)","(43, 5, 0, 2)",shoda,7ac680d41d8d0dd0
Z9-28-052,"(47, 0, 0, 3)","(47, 0, 0, 3)",shoda,7ac680d41d8d0dd0
Z9-28-053,"(46, 0, 0, 4)","(46, 0, 0, 4)",shoda,7ac680d41d8d0dd0
Z9-28-054,"(40, 0, 1, 7)","(40, 0, 1, 7)",shoda,7ac680d41d8d0dd0
Z9-28-055,"(36, 0, 0, 1)","(36, 0, 0, 1)",shoda,7ac680d41d8d0dd0
Z9-28-056,"(35, 0, 3, 1)","(35, 0, 3, 1)",shoda,7ac680d41d8d0dd0
Z9-28-057,"(36, 0, 7, 0)","(36, 0, 7, 0)",shoda,7ac680d41d8d0dd0
Z9-28-058,"(43, 0, 0, 0)","(43, 0, 0, 0)",shoda,7ac680d41d8d0dd0
Z9-28-059,"(39, 0, 4, 0)","(39, 0, 4, 0)",shoda,7ac680d41d8d0dd0
Z9-28-060,"(39, 0, 4, 0)","(39, 0, 4, 0)",shoda,7ac680d41d8d0dd0
Z9-28-061,"(38, 0, 5, 0)","(38, 0, 5, 0)",shoda,7ac680d41d8d0dd0
Z9-28-062,"(42, 0, 0, 1)","(42, 0, 0, 1)",shoda,7ac680d41d8d0dd0
Z9-28-063,"(38, 0, 4, 1)","(38, 0, 4, 1)",shoda,7ac680d41d8d0dd0
Z9-28-064,"(41, 0, 0, 2)","(41, 0, 0, 2)",shoda,7ac680d41d8d0dd0
Z9-28-065,"(39, 1, 4, 0)","(39, 1, 4, 0)",shoda,7ac680d41d8d0dd0
Z9-28-066,"(43, 0, 0, 1)","(43, 0, 0, 1)",shoda,7ac680d41d8d0dd0
Z9-28-067,"(38, 0, 4, 2)","(38, 0, 4, 2)",shoda,7ac680d41d8d0dd0
Z9-28-068,"(39, 0, 4, 1)","(39, 0, 4, 1)",shoda,7ac680d41d8d0dd0
Z9-28-069,"(43, 0, 0, 1)","(43, 0, 0, 1)",shoda,7ac680d41d8d0dd0
Z9-28-070,"(35, 4, 3, 2)","(35, 4, 3, 2)",shoda,7ac680d41d8d0dd0
Z9-28-071,"(38, 0, 4, 2)","(38, 0, 4, 2)",shoda,7ac680d41d8d0dd0
Z9-28-072,"(43, 0, 0, 1)","(43, 0, 0, 1)",shoda,7ac680d41d8d0dd0
Z9-28-073,"(40, 0, 3, 1)","(40, 0, 3, 1)",shoda,7ac680d41d8d0dd0
Z9-28-074,"(44, 0, 0, 0)","(44, 0, 0, 0)",shoda,7ac680d41d8d0dd0
Z9-28-075,"(42, 0, 0, 2)","(42, 0, 0, 2)",shoda,7ac680d41d8d0dd0
Z9-28-076,"(41, 0, 0, 3)","(41, 0, 0, 3)",shoda,7ac680d41d8d0dd0
Z9-28-077,"(44, 0, 0, 0)","(44, 0, 0, 0)",shoda,7ac680d41d8d0dd0
Z9-28-078,"(42, 0, 0, 2)","(42, 0, 0, 2)",shoda,7ac680d41d8d0dd0
Z9-28-079,"(43, 0, 0, 1)","(43, 0, 0, 1)",shoda,7ac680d41d8d0dd0
Z9-28-080,"(43, 0, 0, 1)","(43, 0, 0, 1)",shoda,7ac680d41d8d0dd0
Z9-28-081,"(41, 0, 1, 2)","(41, 0, 1, 2)",shoda,7ac680d41d8d0dd0
Z9-28-082,"(44, 0, 0, 0)","(44, 0, 0, 0)",shoda,7ac680d41d8d0dd0
Z9-28-083,"(40, 0, 0, 3)","(40, 0, 0, 3)",shoda,7ac680d41d8d0dd0
Z9-28-084,"(43, 0, 0, 0)","(43, 0, 0, 0)",shoda,7ac680d41d8d0dd0
Z9-28-085,"(42, 0, 0, 1)","(42, 0, 0, 1)",shoda,7ac680d41d8d0dd0
Z9-28-086,"(35, 3, 4, 1)","(35, 3, 4, 1)",shoda,7ac680d41d8d0dd0
Z9-28-087,"(43, 0, 0, 0)","(43, 0, 0, 0)",shoda,7ac680d41d8d0dd0
Z9-28-088,"(43, 0, 0, 0)","(43, 0, 0, 0)",shoda,7ac680d41d8d0dd0
Z9-28-089,"(44, 0, 0, 0)","(44, 0, 0, 0)",shoda,7ac680d41d8d0dd0
Z9-28-090,"(41, 0, 0, 3)","(41, 0, 0, 3)",shoda,7ac680d41d8d0dd0
Z9-28-091,"(38, 0, 0, 6)","(38, 0, 0, 6)",shoda,7ac680d41d8d0dd0
Z9-28-092,"(43, 0, 0, 1)","(43, 0, 0, 1)",shoda,7ac680d41d8d0dd0
Z9-28-093,"(43, 0, 0, 1)","(43, 0, 0, 1)",shoda,7ac680d41d8d0dd0
Z9-28-094,"(41, 0, 0, 3)","(41, 0, 0, 3)",shoda,7ac680d41d8d0dd0
Z9-28-095,"(42, 0, 1, 1)","(42, 0, 1, 1)",shoda,7ac680d41d8d0dd0
Z9-30-001,"(47, 0, 0, 3)","(47, 0, 0, 3)",shoda,b92d222bc5bd1312
Z9-30-002,"(50, 0, 1, 0)","(50, 0, 1, 0)",shoda,b92d222bc5bd1312
Z9-30-003,"(51, 0, 0, 0)","(51, 0, 0, 0)",shoda,b92d222bc5bd1312
Z9-30-004,"(47, 0, 0, 4)","(47, 0, 0, 4)",shoda,b92d222bc5bd1312
Z9-30-005,"(51, 0, 0, 1)","(51, 0, 0, 1)",shoda,b92d222bc5bd1312
Z9-30-006,"(51, 0, 0, 1)","(51, 0, 0, 1)",shoda,b92d222bc5bd1312
Z9-30-007,"(51, 0, 0, 1)","(51, 0, 0, 1)",shoda,b92d222bc5bd1312
Z9-30-008,"(52, 0, 0, 0)","(52, 0, 0, 0)",shoda,b92d222bc5bd1312
Z9-30-009,"(50, 0, 1, 1)","(50, 0, 1, 1)",shoda,b92d222bc5bd1312
Z9-30-010,"(49, 0, 0, 3)","(49, 0, 0, 3)",shoda,b92d222bc5bd1312
Z9-30-011,"(52, 0, 0, 0)","(52, 0, 0, 0)",shoda,b92d222bc5bd1312
Z9-30-012,"(46, 0, 5, 1)","(46, 0, 5, 1)",shoda,b92d222bc5bd1312
Z9-30-013,"(47, 0, 5, 0)","(47, 0, 5, 0)",shoda,b92d222bc5bd1312
Z9-30-014,"(51, 0, 0, 1)","(51, 0, 0, 1)",shoda,b92d222bc5bd1312
Z9-30-015,"(47, 0, 0, 5)","(47, 0, 0, 5)",shoda,b92d222bc5bd1312
Z9-30-016,"(52, 0, 0, 0)","(52, 0, 0, 0)",shoda,b92d222bc5bd1312
Z9-30-017,"(48, 0, 0, 4)","(48, 0, 0, 4)",shoda,b92d222bc5bd1312
Z9-30-018,"(47, 0, 2, 3)","(47, 0, 2, 3)",shoda,b92d222bc5bd1312
Z9-30-019,"(47, 0, 3, 2)","(47, 0, 3, 2)",shoda,b92d222bc5bd1312
Z9-30-020,"(46, 0, 4, 2)","(46, 0, 4, 2)",shoda,b92d222bc5bd1312
Z9-30-021,"(46, 0, 4, 2)","(46, 0, 4, 2)",shoda,b92d222bc5bd1312
Z9-30-022,"(50, 0, 1, 1)","(50, 0, 1, 1)",shoda,b92d222bc5bd1312
Z9-30-023,"(51, 0, 0, 1)","(51, 0, 0, 1)",shoda,b92d222bc5bd1312
Z9-30-024,"(51, 0, 0, 1)","(51, 0, 0, 1)",shoda,b92d222bc5bd1312
Z9-30-025,"(43, 0, 4, 5)","(43, 0, 4, 5)",shoda,b92d222bc5bd1312
Z9-30-026,"(50, 0, 0, 2)","(50, 0, 0, 2)",shoda,b92d222bc5bd1312
Z9-30-027,"(49, 0, 0, 3)","(49, 0, 0, 3)",shoda,b92d222bc5bd1312
Z9-30-028,"(51, 0, 0, 1)","(51, 0, 0, 1)",shoda,b92d222bc5bd1312
Z9-30-029,"(46, 0, 4, 2)","(46, 0, 4, 2)",shoda,b92d222bc5bd1312
Z9-30-030,"(47, 0, 3, 2)","(47, 0, 3, 2)",shoda,b92d222bc5bd1312
Z9-30-031,"(41, 0, 2, 7)","(41, 0, 2, 7)",shoda,b92d222bc5bd1312
Z9-30-032,"(47, 0, 0, 3)","(47, 0, 0, 3)",shoda,b92d222bc5bd1312
Z9-30-033,"(47, 0, 0, 3)","(47, 0, 0, 3)",shoda,b92d222bc5bd1312
Z9-30-034,"(46, 0, 0, 4)","(46, 0, 0, 4)",shoda,b92d222bc5bd1312
Z9-30-035,"(47, 0, 0, 3)","(47, 0, 0, 3)",shoda,b92d222bc5bd1312
Z9-30-036,"(45, 4, 0, 1)","(45, 4, 0, 1)",shoda,b92d222bc5bd1312
Z9-30-037,"(48, 0, 0, 2)","(48, 0, 0, 2)",shoda,b92d222bc5bd1312
Z9-30-038,"(43, 0, 4, 3)","(43, 0, 4, 3)",shoda,b92d222bc5bd1312
Z9-30-039,"(50, 0, 0, 0)","(50, 0, 0, 0)",shoda,b92d222bc5bd1312
Z9-30-040,"(49, 0, 0, 1)","(49, 0, 0, 1)",shoda,b92d222bc5bd1312
Z9-30-041,"(44, 0, 4, 2)","(44, 0, 4, 2)",shoda,b92d222bc5bd1312
Z9-30-042,"(44, 0, 3, 3)","(44, 0, 3, 3)",shoda,b92d222bc5bd1312
Z9-30-043,"(50, 0, 0, 0)","(50, 0, 0, 0)",shoda,b92d222bc5bd1312
Z9-30-044,"(33, 9, 2, 6)","(33, 9, 2, 6)",shoda,b92d222bc5bd1312
Z9-30-045,"(44, 4, 0, 2)","(44, 4, 0, 2)",shoda,b92d222bc5bd1312
Z9-30-046,"(8, 10, 14, 18)","(8, 10, 14, 18)",shoda,b92d222bc5bd1312
Z9-30-047,"(38, 1, 8, 2)","(38, 1, 8, 2)",shoda,b92d222bc5bd1312
Z9-30-048,"(41, 0, 4, 4)","(41, 0, 4, 4)",shoda,b92d222bc5bd1312
Z9-30-049,"(46, 0, 0, 3)","(46, 0, 0, 3)",shoda,b92d222bc5bd1312
Z9-30-050,"(47, 0, 0, 2)","(47, 0, 0, 2)",shoda,b92d222bc5bd1312
Z9-30-051,"(47, 0, 0, 3)","(47, 0, 0, 3)",shoda,b92d222bc5bd1312
Z9-30-052,"(46, 0, 0, 4)","(46, 0, 0, 4)",shoda,b92d222bc5bd1312
Z9-30-053,"(48, 0, 0, 2)","(48, 0, 0, 2)",shoda,b92d222bc5bd1312
Z9-30-054,"(46, 0, 0, 4)","(46, 0, 0, 4)",shoda,b92d222bc5bd1312
Z9-30-055,"(41, 0, 0, 9)","(41, 0, 0, 9)",shoda,b92d222bc5bd1312
Z9-30-056,"(44, 0, 0, 6)","(44, 0, 0, 6)",shoda,b92d222bc5bd1312
Z9-30-057,"(45, 0, 0, 5)","(45, 0, 0, 5)",shoda,b92d222bc5bd1312
Z9-30-058,"(45, 0, 0, 5)","(45, 0, 0, 5)",shoda,b92d222bc5bd1312
Z9-30-059,"(46, 0, 0, 4)","(46, 0, 0, 4)",shoda,b92d222bc5bd1312
Z9-30-060,"(42, 0, 2, 6)","(42, 0, 2, 6)",shoda,b92d222bc5bd1312
Z9-30-061,"(46, 0, 0, 4)","(46, 0, 0, 4)",shoda,b92d222bc5bd1312
Z9-30-062,"(36, 5, 5, 4)","(36, 5, 5, 4)",shoda,b92d222bc5bd1312
Z9-30-063,"(47, 0, 0, 3)","(47, 0, 0, 3)",shoda,b92d222bc5bd1312
Z9-30-064,"(47, 0, 0, 3)","(47, 0, 0, 3)",shoda,b92d222bc5bd1312
Z9-30-065,"(43, 0, 4, 3)","(43, 0, 4, 3)",shoda,b92d222bc5bd1312
Z9-30-066,"(45, 0, 0, 5)","(45, 0, 0, 5)",shoda,b92d222bc5bd1312
Z9-30-067,"(46, 0, 0, 4)","(46, 0, 0, 4)",shoda,b92d222bc5bd1312
Z9-30-068,"(47, 0, 0, 3)","(47, 0, 0, 3)",shoda,b92d222bc5bd1312
Z9-30-069,"(49, 0, 0, 1)","(49, 0, 0, 1)",shoda,b92d222bc5bd1312
Z9-30-070,"(47, 0, 0, 3)","(47, 0, 0, 3)",shoda,b92d222bc5bd1312
Z9-30-071,"(47, 0, 0, 3)","(47, 0, 0, 3)",shoda,b92d222bc5bd1312
Z9-30-072,"(45, 0, 0, 5)","(45, 0, 0, 5)",shoda,b92d222bc5bd1312
Z9-30-073,"(48, 0, 0, 2)","(48, 0, 0, 2)",shoda,b92d222bc5bd1312
Z9-30-074,"(43, 0, 5, 2)","(43, 0, 5, 2)",shoda,b92d222bc5bd1312
Z9-30-075,"(42, 0, 3, 5)","(42, 0, 3, 5)",shoda,b92d222bc5bd1312
Z9-30-076,"(30, 0, 11, 8)","(30, 0, 11, 8)",shoda,b92d222bc5bd1312
Z9-30-077,"(45, 0, 0, 4)","(45, 0, 0, 4)",shoda,b92d222bc5bd1312
Z9-30-078,"(41, 0, 2, 6)","(41, 0, 2, 6)",shoda,b92d222bc5bd1312
Z9-30-079,"(42, 0, 5, 2)","(42, 0, 5, 2)",shoda,b92d222bc5bd1312
Z9-30-080,"(46, 0, 0, 3)","(46, 0, 0, 3)",shoda,b92d222bc5bd1312
Z9-31-001,"(45, 0, 0, 2)","(45, 0, 0, 2)",shoda,be8083cfb4f00a99
Z9-31-002,"(48, 0, 0, 0)","(48, 0, 0, 0)",shoda,be8083cfb4f00a99
Z9-31-003,"(47, 0, 0, 1)","(47, 0, 0, 1)",shoda,be8083cfb4f00a99
Z9-31-004,"(43, 0, 0, 5)","(43, 0, 0, 5)",shoda,be8083cfb4f00a99
Z9-31-005,"(43, 0, 4, 1)","(43, 0, 4, 1)",shoda,be8083cfb4f00a99
Z9-31-006,"(47, 0, 0, 1)","(47, 0, 0, 1)",shoda,be8083cfb4f00a99
Z9-31-007,"(49, 0, 0, 1)","(49, 0, 0, 1)",shoda,be8083cfb4f00a99
Z9-31-009,"(29, 7, 7, 8)","(29, 7, 7, 8)",shoda,be8083cfb4f00a99
Z9-31-010,"(45, 0, 4, 2)","(45, 0, 4, 2)",shoda,be8083cfb4f00a99
Z9-31-011,"(46, 0, 0, 5)","(46, 0, 0, 5)",shoda,be8083cfb4f00a99
Z9-31-012,"(46, 0, 0, 5)","(46, 0, 0, 5)",shoda,be8083cfb4f00a99
Z9-31-013,"(47, 0, 1, 3)","(47, 0, 1, 3)",shoda,be8083cfb4f00a99
Z9-31-014,"(45, 1, 4, 1)","(45, 1, 4, 1)",shoda,be8083cfb4f00a99
Z9-31-015,"(47, 1, 1, 2)","(47, 1, 1, 2)",shoda,be8083cfb4f00a99
Z9-31-016,"(49, 0, 0, 2)","(49, 0, 0, 2)",shoda,be8083cfb4f00a99
Z9-31-017,"(50, 0, 0, 1)","(50, 0, 0, 1)",shoda,be8083cfb4f00a99
Z9-31-018,"(50, 0, 0, 1)","(50, 0, 0, 1)",shoda,be8083cfb4f00a99
Z9-31-019,"(50, 0, 0, 1)","(50, 0, 0, 1)",shoda,be8083cfb4f00a99
Z9-31-020,"(44, 0, 5, 2)","(44, 0, 5, 2)",shoda,be8083cfb4f00a99
Z9-31-022,"(40, 0, 12, 0)","(40, 0, 12, 0)",shoda,be8083cfb4f00a99
Z9-31-023,"(49, 0, 1, 2)","(49, 0, 1, 2)",shoda,be8083cfb4f00a99
Z9-31-024,"(44, 0, 7, 1)","(44, 0, 7, 1)",shoda,be8083cfb4f00a99
Z9-31-025,"(51, 0, 0, 1)","(51, 0, 0, 1)",shoda,be8083cfb4f00a99
Z9-31-026,"(49, 0, 0, 3)","(49, 0, 0, 3)",shoda,be8083cfb4f00a99
Z9-31-027,"(46, 0, 2, 4)","(46, 0, 2, 4)",shoda,be8083cfb4f00a99
Z9-31-028,"(52, 0, 0, 0)","(52, 0, 0, 0)",shoda,be8083cfb4f00a99
Z9-31-029,"(47, 0, 0, 5)","(47, 0, 0, 5)",shoda,be8083cfb4f00a99
Z9-31-030,"(48, 0, 1, 3)","(48, 0, 1, 3)",shoda,be8083cfb4f00a99
Z9-31-031,"(41, 0, 7, 4)","(41, 0, 7, 4)",shoda,be8083cfb4f00a99
Z9-31-032,"(47, 0, 2, 3)","(47, 0, 2, 3)",shoda,be8083cfb4f00a99
Z9-31-033,"(48, 0, 0, 4)","(48, 0, 0, 4)",shoda,be8083cfb4f00a99
Z9-31-034,"(44, 0, 3, 5)","(44, 0, 3, 5)",shoda,be8083cfb4f00a99
Z9-31-035,"(46, 0, 3, 3)","(46, 0, 3, 3)",shoda,be8083cfb4f00a99
Z9-31-036,"(50, 0, 0, 2)","(50, 0, 0, 2)",shoda,be8083cfb4f00a99
Z9-31-037,"(44, 0, 6, 2)","(44, 0, 6, 2)",shoda,be8083cfb4f00a99
Z9-31-038,"(48, 0, 1, 3)","(48, 0, 1, 3)",shoda,be8083cfb4f00a99
Z9-31-039,"(48, 0, 0, 4)","(48, 0, 0, 4)",shoda,be8083cfb4f00a99
Z9-31-040,"(49, 0, 0, 3)","(49, 0, 0, 3)",shoda,be8083cfb4f00a99
Z9-31-041,"(48, 0, 1, 3)","(48, 0, 1, 3)",shoda,be8083cfb4f00a99
Z9-31-042,"(45, 0, 0, 6)","(45, 0, 0, 6)",shoda,be8083cfb4f00a99
Z9-31-043,"(49, 0, 0, 2)","(49, 0, 0, 2)",shoda,be8083cfb4f00a99
Z9-31-044,"(49, 0, 0, 2)","(49, 0, 0, 2)",shoda,be8083cfb4f00a99
Z9-31-045,"(48, 0, 1, 2)","(48, 0, 1, 2)",shoda,be8083cfb4f00a99
Z9-31-046,"(45, 0, 4, 2)","(45, 0, 4, 2)",shoda,be8083cfb4f00a99
Z9-31-047,"(48, 0, 0, 3)","(48, 0, 0, 3)",shoda,be8083cfb4f00a99
Z9-31-048,"(49, 0, 0, 2)","(49, 0, 0, 2)",shoda,be8083cfb4f00a99
Z9-31-050,"(36, 0, 10, 5)","(36, 0, 10, 5)",shoda,be8083cfb4f00a99
Z9-31-051,"(42, 0, 6, 3)","(42, 0, 6, 3)",shoda,be8083cfb4f00a99
Z9-31-052,"(45, 0, 4, 2)","(45, 0, 4, 2)",shoda,be8083cfb4f00a99
Z9-31-053,"(43, 0, 5, 4)","(43, 0, 5, 4)",shoda,be8083cfb4f00a99
Z9-31-054,"(47, 0, 3, 2)","(47, 0, 3, 2)",shoda,be8083cfb4f00a99
Z9-31-055,"(49, 0, 0, 3)","(49, 0, 0, 3)",shoda,be8083cfb4f00a99
Z9-31-056,"(49, 0, 0, 3)","(49, 0, 0, 3)",shoda,be8083cfb4f00a99
Z9-31-057,"(50, 0, 0, 2)","(50, 0, 0, 2)",shoda,be8083cfb4f00a99
Z9-31-058,"(43, 0, 4, 5)","(43, 0, 4, 5)",shoda,be8083cfb4f00a99
Z9-31-059,"(46, 0, 4, 2)","(46, 0, 4, 2)",shoda,be8083cfb4f00a99
Z9-31-060,"(41, 0, 8, 3)","(41, 0, 8, 3)",shoda,be8083cfb4f00a99
Z9-31-061,"(48, 0, 0, 4)","(48, 0, 0, 4)",shoda,be8083cfb4f00a99
Z9-31-062,"(39, 0, 9, 4)","(39, 0, 9, 4)",shoda,be8083cfb4f00a99
Z9-31-063,"(50, 0, 0, 2)","(50, 0, 0, 2)",shoda,be8083cfb4f00a99
Z9-31-064,"(40, 0, 9, 3)","(40, 0, 9, 3)",shoda,be8083cfb4f00a99
Z9-31-065,"(49, 0, 0, 3)","(49, 0, 0, 3)",shoda,be8083cfb4f00a99
Z9-31-066,"(46, 0, 6, 0)","(46, 0, 6, 0)",shoda,be8083cfb4f00a99
Z9-31-067,"(52, 0, 0, 0)","(52, 0, 0, 0)",shoda,be8083cfb4f00a99
Z9-31-068,"(50, 0, 0, 2)","(50, 0, 0, 2)",shoda,be8083cfb4f00a99
Z9-31-069,"(51, 0, 0, 1)","(51, 0, 0, 1)",shoda,be8083cfb4f00a99
Z9-31-070,"(42, 1, 7, 2)","(42, 1, 7, 2)",shoda,be8083cfb4f00a99
Z9-31-071,"(49, 0, 0, 3)","(49, 0, 0, 3)",shoda,be8083cfb4f00a99
Z9-31-072,"(51, 0, 0, 1)","(51, 0, 0, 1)",shoda,be8083cfb4f00a99
Z9-31-073,"(50, 0, 0, 1)","(50, 0, 0, 1)",shoda,be8083cfb4f00a99
Z9-31-074,"(49, 0, 0, 1)","(49, 0, 0, 1)",shoda,be8083cfb4f00a99
Z9-31-075,"(46, 0, 0, 4)","(46, 0, 0, 4)",shoda,be8083cfb4f00a99
Z9-31-076,"(50, 0, 0, 1)","(50, 0, 0, 1)",shoda,be8083cfb4f00a99
Z9-31-077,"(45, 0, 5, 1)","(45, 0, 5, 1)",shoda,be8083cfb4f00a99
Z9-31-078,"(51, 0, 0, 0)","(51, 0, 0, 0)",shoda,be8083cfb4f00a99
Z9-31-079,"(47, 0, 2, 2)","(47, 0, 2, 2)",shoda,be8083cfb4f00a99
Z9-31-080,"(47, 0, 3, 1)","(47, 0, 3, 1)",shoda,be8083cfb4f00a99
Z9-31-081,"(46, 0, 2, 3)","(46, 0, 2, 3)",shoda,be8083cfb4f00a99
Z9-31-082,"(48, 0, 2, 1)","(48, 0, 2, 1)",shoda,be8083cfb4f00a99
Z9-32-001,"(54, 0, 0, 0)","(54, 0, 0, 0)",shoda,f2d978b02f87f5fa
Z9-32-002,"(53, 0, 0, 1)","(53, 0, 0, 1)",shoda,f2d978b02f87f5fa
Z9-32-003,"(54, 0, 0, 0)","(54, 0, 0, 0)",shoda,f2d978b02f87f5fa
Z9-32-004,"(54, 0, 0, 0)","(54, 0, 0, 0)",shoda,f2d978b02f87f5fa
Z9-32-005,"(53, 0, 0, 1)","(53, 0, 0, 1)",shoda,f2d978b02f87f5fa
Z9-32-006,"(45, 1, 7, 1)","(45, 1, 7, 1)",shoda,f2d978b02f87f5fa
Z9-32-007,"(48, 0, 4, 2)","(48, 0, 4, 2)",shoda,f2d978b02f87f5fa
Z9-32-008,"(47, 0, 4, 3)","(47, 0, 4, 3)",shoda,f2d978b02f87f5fa
Z9-32-009,"(49, 1, 4, 0)","(49, 1, 4, 0)",shoda,f2d978b02f87f5fa
Z9-32-010,"(47, 0, 5, 2)","(47, 0, 5, 2)",shoda,f2d978b02f87f5fa
Z9-32-011,"(47, 0, 5, 2)","(47, 0, 5, 2)",shoda,f2d978b02f87f5fa
Z9-32-012,"(49, 0, 5, 0)","(49, 0, 5, 0)",shoda,f2d978b02f87f5fa
Z9-32-013,"(50, 0, 3, 1)","(50, 0, 3, 1)",shoda,f2d978b02f87f5fa
Z9-32-014,"(53, 0, 0, 1)","(53, 0, 0, 1)",shoda,f2d978b02f87f5fa
Z9-32-015,"(54, 0, 0, 0)","(54, 0, 0, 0)",shoda,f2d978b02f87f5fa
Z9-32-016,"(53, 0, 0, 1)","(53, 0, 0, 1)",shoda,f2d978b02f87f5fa
Z9-32-017,"(47, 0, 5, 2)","(47, 0, 5, 2)",shoda,f2d978b02f87f5fa
Z9-32-018,"(51, 0, 2, 1)","(51, 0, 2, 1)",shoda,f2d978b02f87f5fa
Z9-32-019,"(51, 0, 0, 3)","(51, 0, 0, 3)",shoda,f2d978b02f87f5fa
Z9-32-020,"(53, 0, 0, 1)","(53, 0, 0, 1)",shoda,f2d978b02f87f5fa
Z9-32-021,"(54, 0, 0, 0)","(54, 0, 0, 0)",shoda,f2d978b02f87f5fa
Z9-32-022,"(52, 0, 0, 2)","(52, 0, 0, 2)",shoda,f2d978b02f87f5fa
Z9-32-023,"(50, 0, 3, 1)","(50, 0, 3, 1)",shoda,f2d978b02f87f5fa
Z9-32-024,"(51, 0, 2, 1)","(51, 0, 2, 1)",shoda,f2d978b02f87f5fa
Z9-32-025,"(49, 3, 2, 0)","(49, 3, 2, 0)",shoda,f2d978b02f87f5fa
Z9-32-026,"(54, 0, 0, 0)","(54, 0, 0, 0)",shoda,f2d978b02f87f5fa
Z9-32-027,"(48, 0, 5, 1)","(48, 0, 5, 1)",shoda,f2d978b02f87f5fa
Z9-32-028,"(53, 0, 1, 0)","(53, 0, 1, 0)",shoda,f2d978b02f87f5fa
Z9-32-029,"(49, 0, 5, 0)","(49, 0, 5, 0)",shoda,f2d978b02f87f5fa
Z9-32-030,"(52, 0, 0, 2)","(52, 0, 0, 2)",shoda,f2d978b02f87f5fa
Z9-32-031,"(44, 0, 5, 5)","(44, 0, 5, 5)",shoda,f2d978b02f87f5fa
Z9-32-032,"(49, 0, 5, 0)","(49, 0, 5, 0)",shoda,f2d978b02f87f5fa
Z9-32-033,"(49, 5, 0, 0)","(49, 5, 0, 0)",shoda,f2d978b02f87f5fa
Z9-32-034,"(53, 0, 0, 1)","(53, 0, 0, 1)",shoda,f2d978b02f87f5fa
Z9-32-035,"(54, 0, 0, 0)","(54, 0, 0, 0)",shoda,f2d978b02f87f5fa
Z9-32-036,"(51, 0, 2, 1)","(51, 0, 2, 1)",shoda,f2d978b02f87f5fa
Z9-32-037,"(47, 1, 5, 1)","(47, 1, 5, 1)",shoda,f2d978b02f87f5fa
Z9-32-038,"(48, 0, 5, 1)","(48, 0, 5, 1)",shoda,f2d978b02f87f5fa
Z9-32-039,"(53, 1, 0, 0)","(53, 1, 0, 0)",shoda,f2d978b02f87f5fa
Z9-32-040,"(50, 0, 0, 4)","(50, 0, 0, 4)",shoda,f2d978b02f87f5fa
Z9-32-041,"(51, 0, 2, 1)","(51, 0, 2, 1)",shoda,f2d978b02f87f5fa
Z9-32-043,"(34, 6, 9, 5)","(34, 6, 9, 5)",shoda,f2d978b02f87f5fa
Z9-32-044,"(54, 0, 0, 0)","(54, 0, 0, 0)",shoda,f2d978b02f87f5fa
Z9-32-045,"(53, 0, 0, 1)","(53, 0, 0, 1)",shoda,f2d978b02f87f5fa
Z9-32-046,"(45, 0, 7, 2)","(45, 0, 7, 2)",shoda,f2d978b02f87f5fa
Z9-32-047,"(54, 0, 0, 0)","(54, 0, 0, 0)",shoda,f2d978b02f87f5fa
Z9-32-048,"(51, 0, 3, 0)","(51, 0, 3, 0)",shoda,f2d978b02f87f5fa
Z9-32-049,"(54, 0, 0, 0)","(54, 0, 0, 0)",shoda,f2d978b02f87f5fa
Z9-32-050,"(51, 0, 0, 3)","(51, 0, 0, 3)",shoda,f2d978b02f87f5fa
Z9-32-051,"(50, 0, 4, 0)","(50, 0, 4, 0)",shoda,f2d978b02f87f5fa
Z9-32-052,"(54, 0, 0, 0)","(54, 0, 0, 0)",shoda,f2d978b02f87f5fa
Z9-32-053,"(49, 0, 3, 2)","(49, 0, 3, 2)",shoda,f2d978b02f87f5fa
Z9-32-054,"(48, 0, 5, 1)","(48, 0, 5, 1)",shoda,f2d978b02f87f5fa
Z9-32-055,"(53, 0, 0, 1)","(53, 0, 0, 1)",shoda,f2d978b02f87f5fa
Z9-32-056,"(53, 0, 0, 1)","(53, 0, 0, 1)",shoda,f2d978b02f87f5fa
Z9-32-057,"(53, 0, 0, 1)","(53, 0, 0, 1)",shoda,f2d978b02f87f5fa
Z9-32-058,"(54, 0, 0, 0)","(54, 0, 0, 0)",shoda,f2d978b02f87f5fa
Z9-32-059,"(53, 0, 0, 1)","(53, 0, 0, 1)",shoda,f2d978b02f87f5fa
Z9-32-060,"(51, 0, 0, 3)","(51, 0, 0, 3)",shoda,f2d978b02f87f5fa
Z9-32-061,"(52, 0, 0, 2)","(52, 0, 0, 2)",shoda,f2d978b02f87f5fa
Z9-32-062,"(54, 0, 0, 0)","(54, 0, 0, 0)",shoda,f2d978b02f87f5fa
Z9-32-063,"(52, 0, 0, 2)","(52, 0, 0, 2)",shoda,f2d978b02f87f5fa
Z9-32-064,"(53, 0, 0, 1)","(53, 0, 0, 1)",shoda,f2d978b02f87f5fa
Z9-32-065,"(53, 0, 0, 1)","(53, 0, 0, 1)",shoda,f2d978b02f87f5fa
Z9-32-066,"(54, 0, 0, 0)","(54, 0, 0, 0)",shoda,f2d978b02f87f5fa
Z9-33-001,"(47, 0, 0, 2)","(47, 0, 0, 2)",shoda,91c18ad4dbe746da
Z9-33-002,"(50, 0, 0, 0)","(50, 0, 0, 0)",shoda,91c18ad4dbe746da
Z9-33-003,"(50, 0, 0, 0)","(50, 0, 0, 0)",shoda,91c18ad4dbe746da
Z9-33-004,"(50, 0, 0, 0)","(50, 0, 0, 0)",shoda,91c18ad4dbe746da
Z9-33-005,"(50, 0, 0, 0)","(50, 0, 0, 0)",shoda,91c18ad4dbe746da
Z9-33-006,"(48, 0, 0, 1)","(48, 0, 0, 1)",shoda,91c18ad4dbe746da
Z9-33-007,"(43, 0, 3, 4)",None,chybi_protokol,91c18ad4dbe746da
Z9-33-008,"(44, 0, 5, 1)","(44, 0, 5, 1)",shoda,91c18ad4dbe746da
Z9-33-010,"(8, 0, 9, 22)","(8, 0, 9, 22)",shoda,91c18ad4dbe746da
Z9-33-012,"(7, 0, 8, 23)","(7, 0, 8, 23)",shoda,91c18ad4dbe746da
Z9-33-013,"(44, 0, 1, 2)","(44, 0, 1, 2)",shoda,91c18ad4dbe746da
Z9-33-014,"(44, 0, 0, 3)","(44, 0, 0, 3)",shoda,91c18ad4dbe746da
Z9-33-015,"(41, 0, 0, 5)","(41, 0, 0, 5)",shoda,91c18ad4dbe746da
Z9-33-016,"(44, 0, 0, 2)","(44, 0, 0, 2)",shoda,91c18ad4dbe746da
Z9-33-017,"(39, 0, 4, 3)","(39, 0, 4, 3)",shoda,91c18ad4dbe746da
Z9-33-018,"(39, 0, 7, 0)","(39, 0, 7, 0)",shoda,91c18ad4dbe746da
Z9-33-019,"(42, 0, 4, 0)","(42, 0, 4, 0)",shoda,91c18ad4dbe746da
Z9-33-020,"(39, 0, 4, 3)","(39, 0, 4, 3)",shoda,91c18ad4dbe746da
Z9-33-021,"(42, 0, 4, 0)","(42, 0, 4, 0)",shoda,91c18ad4dbe746da
Z9-33-022,"(5, 3, 9, 28)","(5, 3, 9, 28)",shoda,91c18ad4dbe746da
Z9-33-024,"(38, 1, 5, 2)","(38, 1, 5, 2)",shoda,91c18ad4dbe746da
Z9-33-025,"(38, 0, 6, 2)","(38, 0, 6, 2)",shoda,91c18ad4dbe746da
Z9-33-026,"(40, 0, 4, 2)","(40, 0, 4, 2)",shoda,91c18ad4dbe746da
Z9-33-027,"(42, 0, 4, 0)","(42, 0, 4, 0)",shoda,91c18ad4dbe746da
Z9-33-028,"(46, 0, 0, 0)","(46, 0, 0, 0)",shoda,91c18ad4dbe746da
Z9-33-029,"(41, 0, 3, 2)","(41, 0, 3, 2)",shoda,91c18ad4dbe746da
Z9-33-030,"(44, 0, 2, 0)","(44, 0, 2, 0)",shoda,91c18ad4dbe746da
Z9-33-031,"(42, 0, 4, 0)","(42, 0, 4, 0)",shoda,91c18ad4dbe746da
Z9-33-032,"(42, 0, 2, 1)","(42, 0, 2, 1)",shoda,91c18ad4dbe746da
Z9-33-033,"(45, 0, 0, 0)","(45, 0, 0, 0)",shoda,91c18ad4dbe746da
Z9-33-034,"(44, 0, 0, 1)","(44, 0, 0, 1)",shoda,91c18ad4dbe746da
Z9-33-035,"(36, 0, 4, 5)","(36, 0, 4, 5)",shoda,91c18ad4dbe746da
Z9-33-036,"(36, 0, 3, 5)","(36, 0, 3, 5)",shoda,91c18ad4dbe746da
Z9-33-037,"(37, 0, 5, 3)","(37, 0, 5, 3)",shoda,91c18ad4dbe746da
Z9-33-038,"(42, 0, 0, 2)","(42, 0, 0, 2)",shoda,91c18ad4dbe746da
Z9-33-039,"(39, 0, 3, 1)","(39, 0, 3, 1)",shoda,91c18ad4dbe746da
Z9-33-040,"(39, 0, 4, 2)","(39, 0, 4, 2)",shoda,91c18ad4dbe746da
Z9-33-041,"(45, 0, 0, 0)","(45, 0, 0, 0)",shoda,91c18ad4dbe746da
Z9-33-042,"(42, 3, 0, 0)","(42, 3, 0, 0)",shoda,91c18ad4dbe746da
Z9-33-043,"(45, 0, 0, 0)","(45, 0, 0, 0)",shoda,91c18ad4dbe746da
Z9-33-044,"(38, 0, 2, 4)","(38, 0, 2, 4)",shoda,91c18ad4dbe746da
Z9-33-045,"(41, 0, 0, 4)","(41, 0, 0, 4)",shoda,91c18ad4dbe746da
Z9-33-046,"(40, 0, 0, 5)","(40, 0, 0, 5)",shoda,91c18ad4dbe746da
Z9-33-047,"(44, 0, 0, 1)","(44, 0, 0, 1)",shoda,91c18ad4dbe746da
Z9-33-048,"(43, 0, 0, 2)","(43, 0, 0, 2)",shoda,91c18ad4dbe746da
Z9-33-049,"(41, 0, 0, 4)","(41, 0, 0, 4)",shoda,91c18ad4dbe746da
Z9-33-050,"(41, 0, 0, 4)","(41, 0, 0, 4)",shoda,91c18ad4dbe746da
Z9-33-051,"(43, 0, 0, 2)","(43, 0, 0, 2)",shoda,91c18ad4dbe746da
Z9-33-052,"(35, 4, 0, 6)","(35, 4, 0, 6)",shoda,91c18ad4dbe746da
Z9-33-053,"(34, 0, 4, 7)","(34, 0, 4, 7)",shoda,91c18ad4dbe746da
Z9-33-054,"(34, 0, 4, 7)","(34, 0, 4, 7)",shoda,91c18ad4dbe746da
Z9-33-055,"(41, 0, 0, 4)","(41, 0, 0, 4)",shoda,91c18ad4dbe746da
Z9-33-056,"(39, 0, 0, 6)","(39, 0, 0, 6)",shoda,91c18ad4dbe746da
Z9-33-057,"(36, 0, 3, 6)","(36, 0, 3, 6)",shoda,91c18ad4dbe746da
Z9-33-058,"(39, 0, 0, 6)","(39, 0, 0, 6)",shoda,91c18ad4dbe746da
Z9-33-059,"(41, 0, 0, 4)","(41, 0, 0, 4)",shoda,91c18ad4dbe746da
Z9-33-061,"(36, 0, 3, 5)","(36, 0, 3, 5)",shoda,91c18ad4dbe746da
Z9-33-062,"(43, 0, 0, 2)","(43, 0, 0, 2)",shoda,91c18ad4dbe746da
Z9-33-063,"(29, 2, 3, 11)","(29, 2, 3, 11)",shoda,91c18ad4dbe746da
Z9-33-064,"(38, 0, 1, 6)","(38, 0, 1, 6)",shoda,91c18ad4dbe746da
Z9-33-065,"(37, 0, 0, 8)","(37, 0, 0, 8)",shoda,91c18ad4dbe746da
Z9-33-066,"(35, 0, 4, 6)","(35, 0, 4, 6)",shoda,91c18ad4dbe746da
Z9-33-067,"(29, 7, 5, 3)","(29, 7, 5, 3)",shoda,91c18ad4dbe746da
Z9-33-068,"(30, 0, 10, 4)","(30, 0, 10, 4)",shoda,91c18ad4dbe746da
Z9-33-069,"(39, 0, 1, 3)","(39, 0, 1, 3)",shoda,91c18ad4dbe746da
Z9-33-070,"(37, 0, 1, 5)","(37, 0, 1, 5)",shoda,91c18ad4dbe746da
Z9-33-071,"(37, 0, 5, 1)","(37, 0, 5, 1)",shoda,91c18ad4dbe746da
Z9-33-072,"(39, 0, 0, 4)","(39, 0, 0, 4)",shoda,91c18ad4dbe746da
Z9-33-073,"(38, 0, 1, 4)","(38, 0, 1, 4)",shoda,91c18ad4dbe746da
Z9-33-074,"(40, 0, 0, 3)","(40, 0, 0, 3)",shoda,91c18ad4dbe746da
Z9-33-075,"(39, 0, 0, 5)","(39, 0, 0, 5)",shoda,91c18ad4dbe746da
Z9-33-076,"(42, 0, 0, 2)","(42, 0, 0, 2)",shoda,91c18ad4dbe746da
Z9-33-077,"(41, 0, 0, 3)","(41, 0, 0, 3)",shoda,91c18ad4dbe746da
Z9-33-078,"(41, 0, 0, 3)","(41, 0, 0, 3)",shoda,91c18ad4dbe746da
Z9-33-079,"(42, 0, 0, 2)","(42, 0, 0, 2)",shoda,91c18ad4dbe746da
Z9-33-080,"(40, 0, 0, 4)","(40, 0, 0, 4)",shoda,91c18ad4dbe746da
Z9-33-081,"(40, 0, 0, 4)","(40, 0, 0, 4)",shoda,91c18ad4dbe746da
Z9-33-082,"(30, 0, 5, 9)","(30, 0, 5, 9)",shoda,91c18ad4dbe746da
Z9-33-083,"(39, 0, 0, 5)","(39, 0, 0, 5)",shoda,91c18ad4dbe746da
Z9-33-084,"(40, 0, 0, 4)","(40, 0, 0, 4)",shoda,91c18ad4dbe746da
Z9-33-085,"(41, 0, 0, 3)","(41, 0, 0, 3)",shoda,91c18ad4dbe746da
Z9-33-086,"(32, 0, 9, 3)","(32, 0, 9, 3)",shoda,91c18ad4dbe746da
Z9-33-087,"(32, 2, 0, 7)","(32, 2, 0, 7)",shoda,91c18ad4dbe746da
Z9-34-001,"(51, 0, 0, 1)","(51, 0, 0, 1)",shoda,75ba75c42ae44f62
Z9-34-002,"(51, 0, 0, 2)","(51, 0, 0, 2)",shoda,75ba75c42ae44f62
Z9-34-004,"(9, 4, 4, 33)","(9, 4, 4, 33)",shoda,75ba75c42ae44f62
Z9-34-005,"(9, 6, 8, 27)","(9, 6, 8, 27)",shoda,75ba75c42ae44f62
Z9-34-006,"(46, 1, 5, 1)","(46, 1, 5, 1)",shoda,75ba75c42ae44f62
Z9-34-008,"(40, 5, 1, 4)","(40, 5, 1, 4)",shoda,75ba75c42ae44f62
Z9-34-009,"(17, 3, 15, 15)","(17, 3, 15, 15)",shoda,75ba75c42ae44f62
Z9-34-010,"(34, 6, 1, 9)","(34, 6, 1, 9)",shoda,75ba75c42ae44f62
Z9-34-011,"(21, 8, 10, 11)","(21, 8, 10, 11)",shoda,75ba75c42ae44f62
Z9-34-012,"(5, 17, 10, 18)","(5, 17, 10, 18)",shoda,75ba75c42ae44f62
Z9-34-013,"(42, 0, 0, 6)","(42, 0, 0, 6)",shoda,75ba75c42ae44f62
Z9-34-014,"(40, 0, 0, 8)","(40, 0, 0, 8)",shoda,75ba75c42ae44f62
Z9-34-015,"(36, 0, 9, 3)","(36, 0, 9, 3)",shoda,75ba75c42ae44f62
Z9-34-016,"(44, 0, 1, 3)","(44, 0, 1, 3)",shoda,75ba75c42ae44f62
Z9-34-017,"(41, 0, 4, 3)","(41, 0, 4, 3)",shoda,75ba75c42ae44f62
Z9-34-018,"(38, 0, 8, 2)","(38, 0, 8, 2)",shoda,75ba75c42ae44f62
Z9-34-019,"(44, 0, 1, 3)","(44, 0, 1, 3)",shoda,75ba75c42ae44f62
Z9-34-020,"(42, 0, 5, 1)","(42, 0, 5, 1)",shoda,75ba75c42ae44f62
Z9-34-021,"(45, 0, 0, 3)","(45, 0, 0, 3)",shoda,75ba75c42ae44f62
Z9-34-022,"(41, 0, 5, 2)","(41, 0, 5, 2)",shoda,75ba75c42ae44f62
Z9-34-023,"(33, 0, 11, 4)","(33, 0, 11, 4)",shoda,75ba75c42ae44f62
Z9-34-024,"(41, 0, 4, 3)","(41, 0, 4, 3)",shoda,75ba75c42ae44f62
Z9-34-025,"(41, 0, 5, 2)","(41, 0, 5, 2)",shoda,75ba75c42ae44f62
Z9-34-026,"(47, 0, 0, 2)","(47, 0, 0, 2)",shoda,75ba75c42ae44f62
Z9-34-027,"(36, 4, 5, 4)","(36, 4, 5, 4)",shoda,75ba75c42ae44f62
Z9-34-028,"(47, 0, 0, 2)","(47, 0, 0, 2)",shoda,75ba75c42ae44f62
Z9-34-029,"(40, 0, 6, 3)","(40, 0, 6, 3)",shoda,75ba75c42ae44f62
Z9-34-030,"(48, 0, 0, 2)","(48, 0, 0, 2)",shoda,75ba75c42ae44f62
Z9-34-031,"(28, 0, 3, 3)","(28, 0, 3, 3)",shoda,75ba75c42ae44f62
Z9-34-032,"(32, 0, 4, 2)","(32, 0, 4, 2)",shoda,75ba75c42ae44f62
Z9-34-033,"(33, 0, 5, 2)","(33, 0, 5, 2)",shoda,75ba75c42ae44f62
Z9-34-034,"(35, 0, 4, 1)","(35, 0, 4, 1)",shoda,75ba75c42ae44f62
Z9-34-035,"(38, 0, 0, 2)","(38, 0, 0, 2)",shoda,75ba75c42ae44f62
Z9-34-036,"(34, 0, 4, 2)","(34, 0, 4, 2)",shoda,75ba75c42ae44f62
Z9-34-037,"(41, 0, 0, 0)","(41, 0, 0, 0)",shoda,75ba75c42ae44f62
Z9-34-038,"(40, 0, 0, 1)","(40, 0, 0, 1)",shoda,75ba75c42ae44f62
Z9-34-039,"(39, 0, 0, 2)","(39, 0, 0, 2)",shoda,75ba75c42ae44f62
Z9-34-040,"(35, 4, 0, 2)","(35, 4, 0, 2)",shoda,75ba75c42ae44f62
Z9-34-041,"(39, 0, 0, 2)","(39, 0, 0, 2)",shoda,75ba75c42ae44f62
Z9-34-042,"(34, 4, 0, 3)","(34, 4, 0, 3)",shoda,75ba75c42ae44f62
Z9-34-043,"(35, 0, 5, 2)","(35, 0, 5, 2)",shoda,75ba75c42ae44f62
Z9-34-044,"(40, 0, 0, 2)","(40, 0, 0, 2)",shoda,75ba75c42ae44f62
Z9-34-045,"(33, 2, 3, 4)","(33, 2, 3, 4)",shoda,75ba75c42ae44f62
Z9-34-046,"(36, 0, 4, 2)","(36, 0, 4, 2)",shoda,75ba75c42ae44f62
Z9-34-047,"(35, 0, 4, 3)","(35, 0, 4, 3)",shoda,75ba75c42ae44f62
Z9-34-048,"(34, 0, 4, 4)","(34, 0, 4, 4)",shoda,75ba75c42ae44f62
Z9-34-049,"(39, 0, 0, 3)","(39, 0, 0, 3)",shoda,75ba75c42ae44f62
Z9-34-050,"(41, 0, 0, 1)","(41, 0, 0, 1)",shoda,75ba75c42ae44f62
Z9-34-051,"(37, 0, 4, 1)","(37, 0, 4, 1)",shoda,75ba75c42ae44f62
Z9-34-052,"(36, 0, 0, 6)","(36, 0, 0, 6)",shoda,75ba75c42ae44f62
Z9-34-053,"(40, 0, 0, 2)","(40, 0, 0, 2)",shoda,75ba75c42ae44f62
Z9-34-054,"(43, 0, 0, 3)","(43, 0, 0, 3)",shoda,75ba75c42ae44f62
Z9-34-056,"(33, 0, 6, 7)","(33, 0, 6, 7)",shoda,75ba75c42ae44f62
Z9-34-057,"(31, 3, 5, 7)","(31, 3, 5, 7)",shoda,75ba75c42ae44f62
Z9-34-058,"(41, 0, 0, 5)","(41, 0, 0, 5)",shoda,75ba75c42ae44f62
Z9-34-059,"(38, 0, 4, 4)","(38, 0, 4, 4)",shoda,75ba75c42ae44f62
Z9-34-060,"(38, 0, 4, 4)","(38, 0, 4, 4)",shoda,75ba75c42ae44f62
Z9-34-061,"(42, 0, 0, 4)","(42, 0, 0, 4)",shoda,75ba75c42ae44f62
Z9-34-062,"(39, 3, 1, 3)","(39, 3, 1, 3)",shoda,75ba75c42ae44f62
Z9-34-063,"(37, 2, 5, 3)","(37, 2, 5, 3)",shoda,75ba75c42ae44f62
Z9-34-064,"(43, 0, 0, 4)","(43, 0, 0, 4)",shoda,75ba75c42ae44f62
Z9-34-065,"(46, 0, 0, 1)","(46, 0, 0, 1)",shoda,75ba75c42ae44f62
Z9-34-066,"(46, 0, 0, 1)","(46, 0, 0, 1)",shoda,75ba75c42ae44f62
Z9-34-067,"(46, 0, 0, 1)","(46, 0, 0, 1)",shoda,75ba75c42ae44f62
Z9-34-068,"(40, 0, 4, 3)","(40, 0, 4, 3)",shoda,75ba75c42ae44f62
Z9-34-069,"(42, 0, 4, 1)","(42, 0, 4, 1)",shoda,75ba75c42ae44f62
Z9-34-070,"(45, 0, 0, 2)","(45, 0, 0, 2)",shoda,75ba75c42ae44f62
Z9-34-071,"(45, 0, 1, 1)","(45, 0, 1, 1)",shoda,75ba75c42ae44f62
Z9-34-072,"(46, 0, 0, 1)","(46, 0, 0, 1)",shoda,75ba75c42ae44f62
Z9-34-073,"(42, 0, 4, 1)","(42, 0, 4, 1)",shoda,75ba75c42ae44f62
Z9-34-074,"(45, 0, 0, 2)","(45, 0, 0, 2)",shoda,75ba75c42ae44f62
Z9-34-075,"(44, 0, 0, 3)","(44, 0, 0, 3)",shoda,75ba75c42ae44f62
Z9-34-077,"(42, 0, 1, 4)","(42, 0, 1, 4)",shoda,75ba75c42ae44f62
Z9-34-078,"(37, 1, 4, 5)","(37, 1, 4, 5)",shoda,75ba75c42ae44f62
Z9-34-079,"(45, 0, 0, 2)","(45, 0, 0, 2)",shoda,75ba75c42ae44f62
Z9-34-080,"(45, 0, 0, 2)","(45, 0, 0, 2)",shoda,75ba75c42ae44f62
Z9-34-081,"(46, 0, 0, 1)","(46, 0, 0, 1)",shoda,75ba75c42ae44f62
Z9-34-082,"(46, 0, 0, 1)","(46, 0, 0, 1)",shoda,75ba75c42ae44f62
Z9-34-083,"(45, 0, 0, 2)","(45, 0, 0, 2)",shoda,75ba75c42ae44f62
Z9-34-084,"(37, 0, 7, 3)","(37, 0, 7, 3)",shoda,75ba75c42ae44f62
Z9-34-085,"(44, 0, 0, 3)","(44, 0, 0, 3)",shoda,75ba75c42ae44f62
Z9-34-086,"(36, 0, 8, 3)","(36, 0, 8, 3)",shoda,75ba75c42ae44f62
Z9-34-087,"(45, 0, 0, 2)","(45, 0, 0, 2)",shoda,75ba75c42ae44f62
Z9-34-088,"(44, 0, 0, 3)","(44, 0, 0, 3)",shoda,75ba75c42ae44f62
Z9-34-089,"(44, 0, 0, 3)","(44, 0, 0, 3)",shoda,75ba75c42ae44f62
Z9-34-090,"(15, 0, 6, 26)","(15, 0, 6, 26)",shoda,75ba75c42ae44f62
Z9-34-091,"(29, 0, 4, 14)","(29, 0, 4, 14)",shoda,75ba75c42ae44f62
Z9-34-092,"(41, 0, 3, 3)","(41, 0, 3, 3)",shoda,75ba75c42ae44f62
Z9-34-093,"(41, 0, 4, 2)","(41, 0, 4, 2)",shoda,75ba75c42ae44f62
Z9-34-094,"(46, 0, 0, 1)","(46, 0, 0, 1)",shoda,75ba75c42ae44f62
Z9-34-095,"(7, 19, 10, 10)","(7, 19, 10, 10)",shoda,75ba75c42ae44f62
Z9-35-001,"(47, 0, 0, 2)","(47, 0, 0, 2)",shoda,0e845920a9ca9f72
Z9-35-002,"(50, 0, 0, 0)","(50, 0, 0, 0)",shoda,0e845920a9ca9f72
Z9-35-003,"(49, 0, 0, 1)","(49, 0, 0, 1)",shoda,0e845920a9ca9f72
Z9-35-004,"(50, 0, 0, 0)","(50, 0, 0, 0)",shoda,0e845920a9ca9f72
Z9-35-005,"(49, 0, 0, 1)","(49, 0, 0, 1)",shoda,0e845920a9ca9f72
Z9-35-006,"(44, 0, 5, 1)","(44, 0, 5, 1)",shoda,0e845920a9ca9f72
Z9-35-007,"(44, 0, 6, 0)","(44, 0, 6, 0)",shoda,0e845920a9ca9f72
Z9-35-008,"(45, 0, 5, 0)","(45, 0, 5, 0)",shoda,0e845920a9ca9f72
Z9-35-009,"(44, 0, 5, 1)","(44, 0, 5, 1)",shoda,0e845920a9ca9f72
Z9-35-010,"(44, 0, 6, 0)","(44, 0, 6, 0)",shoda,0e845920a9ca9f72
Z9-35-011,"(42, 0, 5, 3)","(42, 0, 5, 3)",shoda,0e845920a9ca9f72
Z9-35-012,"(42, 0, 7, 1)","(42, 0, 7, 1)",shoda,0e845920a9ca9f72
Z9-35-013,"(46, 0, 5, 0)","(46, 0, 5, 0)",shoda,0e845920a9ca9f72
Z9-35-014,"(50, 0, 0, 1)","(50, 0, 0, 1)",shoda,0e845920a9ca9f72
Z9-35-015,"(50, 0, 0, 1)","(50, 0, 0, 1)",shoda,0e845920a9ca9f72
Z9-35-016,"(45, 0, 5, 1)","(45, 0, 5, 1)",shoda,0e845920a9ca9f72
Z9-35-017,"(49, 0, 0, 2)","(49, 0, 0, 2)",shoda,0e845920a9ca9f72
Z9-35-018,"(47, 0, 0, 4)","(47, 0, 0, 4)",shoda,0e845920a9ca9f72
Z9-35-019,"(50, 0, 0, 1)","(50, 0, 0, 1)",shoda,0e845920a9ca9f72
Z9-35-020,"(45, 0, 6, 0)","(45, 0, 6, 0)",shoda,0e845920a9ca9f72
Z9-35-021,"(40, 0, 3, 7)","(40, 0, 3, 7)",shoda,0e845920a9ca9f72
Z9-35-022,"(42, 0, 5, 3)","(42, 0, 5, 3)",shoda,0e845920a9ca9f72
Z9-35-023,"(46, 0, 0, 4)","(46, 0, 0, 4)",shoda,0e845920a9ca9f72
Z9-35-024,"(46, 0, 0, 4)","(46, 0, 0, 4)",shoda,0e845920a9ca9f72
Z9-35-025,"(44, 0, 0, 6)","(44, 0, 0, 6)",shoda,0e845920a9ca9f72
Z9-35-026,"(39, 0, 3, 8)","(39, 0, 3, 8)",shoda,0e845920a9ca9f72
Z9-35-027,"(46, 0, 0, 4)","(46, 0, 0, 4)",shoda,0e845920a9ca9f72
Z9-35-028,"(43, 0, 4, 4)","(43, 0, 4, 4)",shoda,0e845920a9ca9f72
Z9-35-029,"(45, 0, 0, 6)","(45, 0, 0, 6)",shoda,0e845920a9ca9f72
Z9-35-030,"(47, 0, 0, 4)","(47, 0, 0, 4)",shoda,0e845920a9ca9f72
Z9-35-031,"(47, 0, 0, 4)","(47, 0, 0, 4)",shoda,0e845920a9ca9f72
Z9-35-032,"(43, 0, 4, 4)","(43, 0, 4, 4)",shoda,0e845920a9ca9f72
Z9-35-033,"(47, 0, 0, 4)","(47, 0, 0, 4)",shoda,0e845920a9ca9f72
Z9-35-034,"(46, 0, 0, 5)","(46, 0, 0, 5)",shoda,0e845920a9ca9f72
Z9-35-035,"(42, 0, 4, 5)","(42, 0, 4, 5)",shoda,0e845920a9ca9f72
Z9-35-036,"(47, 0, 0, 4)","(47, 0, 0, 4)",shoda,0e845920a9ca9f72
Z9-35-037,"(49, 0, 0, 2)","(49, 0, 0, 2)",shoda,0e845920a9ca9f72
Z9-35-038,"(46, 0, 0, 5)","(46, 0, 0, 5)",shoda,0e845920a9ca9f72
Z9-35-039,"(47, 0, 0, 4)","(47, 0, 0, 4)",shoda,0e845920a9ca9f72
Z9-35-040,"(48, 0, 0, 3)","(48, 0, 0, 3)",shoda,0e845920a9ca9f72
Z9-35-041,"(47, 0, 0, 4)","(47, 0, 0, 4)",shoda,0e845920a9ca9f72
Z9-35-042,"(42, 0, 5, 4)","(42, 0, 5, 4)",shoda,0e845920a9ca9f72
Z9-35-043,"(39, 0, 5, 7)","(39, 0, 5, 7)",shoda,0e845920a9ca9f72
Z9-35-044,"(48, 0, 0, 3)","(48, 0, 0, 3)",shoda,0e845920a9ca9f72
Z9-35-045,"(43, 0, 5, 3)","(43, 0, 5, 3)",shoda,0e845920a9ca9f72
Z9-35-046,"(44, 0, 5, 2)","(44, 0, 5, 2)",shoda,0e845920a9ca9f72
Z9-35-047,"(43, 0, 5, 3)","(43, 0, 5, 3)",shoda,0e845920a9ca9f72
Z9-35-048,"(44, 0, 4, 3)","(44, 0, 4, 3)",shoda,0e845920a9ca9f72
Z9-35-049,"(46, 0, 1, 4)","(46, 0, 1, 4)",shoda,0e845920a9ca9f72
Z9-35-050,"(48, 0, 0, 3)","(48, 0, 0, 3)",shoda,0e845920a9ca9f72
Z9-35-051,"(44, 0, 4, 3)","(44, 0, 4, 3)",shoda,0e845920a9ca9f72
Z9-35-052,"(46, 0, 0, 5)","(46, 0, 0, 5)",shoda,0e845920a9ca9f72
Z9-35-053,"(43, 0, 5, 3)","(43, 0, 5, 3)",shoda,0e845920a9ca9f72
Z9-35-054,"(48, 0, 0, 3)","(48, 0, 0, 3)",shoda,0e845920a9ca9f72
Z9-35-055,"(46, 0, 0, 5)","(46, 0, 0, 5)",shoda,0e845920a9ca9f72
Z9-35-056,"(44, 0, 4, 3)","(44, 0, 4, 3)",shoda,0e845920a9ca9f72
Z9-35-057,"(42, 0, 5, 4)","(42, 0, 5, 4)",shoda,0e845920a9ca9f72
Z9-35-058,"(44, 0, 5, 2)","(44, 0, 5, 2)",shoda,0e845920a9ca9f72
Z9-35-059,"(41, 0, 3, 6)","(41, 0, 3, 6)",shoda,0e845920a9ca9f72
Z9-35-060,"(28, 0, 13, 9)","(28, 0, 13, 9)",shoda,0e845920a9ca9f72
Z9-35-061,"(38, 0, 4, 8)","(38, 0, 4, 8)",shoda,0e845920a9ca9f72
Z9-35-062,"(45, 0, 1, 5)","(45, 0, 1, 5)",shoda,0e845920a9ca9f72
Z9-35-063,"(46, 0, 0, 5)","(46, 0, 0, 5)",shoda,0e845920a9ca9f72
Z9-35-064,"(37, 0, 8, 6)","(37, 0, 8, 6)",shoda,0e845920a9ca9f72
Z9-35-065,"(42, 0, 4, 5)","(42, 0, 4, 5)",shoda,0e845920a9ca9f72
Z9-35-066,"(48, 0, 0, 3)","(48, 0, 0, 3)",shoda,0e845920a9ca9f72
Z9-35-067,"(47, 0, 0, 3)","(47, 0, 0, 3)",shoda,0e845920a9ca9f72
Z9-35-068,"(44, 0, 0, 6)","(44, 0, 0, 6)",shoda,0e845920a9ca9f72
Z9-35-069,"(43, 0, 0, 7)","(43, 0, 0, 7)",shoda,0e845920a9ca9f72
Z9-35-070,"(46, 0, 0, 4)","(46, 0, 0, 4)",shoda,0e845920a9ca9f72
Z9-35-071,"(43, 0, 2, 5)","(43, 0, 2, 5)",shoda,0e845920a9ca9f72
Z9-35-072,"(32, 4, 9, 4)","(32, 4, 9, 4)",shoda,0e845920a9ca9f72
Z9-35-073,"(44, 0, 0, 5)","(44, 0, 0, 5)",shoda,0e845920a9ca9f72
Z9-35-074,"(38, 1, 7, 3)","(38, 1, 7, 3)",shoda,0e845920a9ca9f72
Z9-35-075,"(44, 0, 0, 6)","(44, 0, 0, 6)",shoda,0e845920a9ca9f72
Z9-35-076,"(46, 0, 0, 4)","(46, 0, 0, 4)",shoda,0e845920a9ca9f72
Z9-35-077,"(49, 0, 0, 1)","(49, 0, 0, 1)",shoda,0e845920a9ca9f72
Z9-35-078,"(46, 0, 0, 4)","(46, 0, 0, 4)",shoda,0e845920a9ca9f72
Z9-35-079,"(44, 0, 0, 6)","(44, 0, 0, 6)",shoda,0e845920a9ca9f72
Z9-35-080,"(42, 1, 3, 4)","(42, 1, 3, 4)",shoda,0e845920a9ca9f72
Z9-35-081,"(46, 0, 0, 4)","(46, 0, 0, 4)",shoda,0e845920a9ca9f72
Z9-35-082,"(45, 0, 0, 5)","(45, 0, 0, 5)",shoda,0e845920a9ca9f72
Z9-35-083,"(47, 0, 0, 3)","(47, 0, 0, 3)",shoda,0e845920a9ca9f72
Z9-35-084,"(46, 0, 0, 4)","(46, 0, 0, 4)",shoda,0e845920a9ca9f72
Z9-35-085,"(45, 0, 0, 4)","(45, 0, 0, 4)",shoda,0e845920a9ca9f72
Z9-36-001,"(47, 0, 0, 2)","(47, 0, 0, 2)",shoda,597f2a8effabe498
Z9-36-002,"(51, 0, 0, 1)","(51, 0, 0, 1)",shoda,597f2a8effabe498
Z9-36-004,"(27, 19, 4, 2)","(27, 19, 4, 2)",shoda,597f2a8effabe498
Z9-36-005,"(41, 6, 2, 3)","(41, 6, 2, 3)",shoda,597f2a8effabe498
Z9-36-006,"(52, 0, 0, 0)","(52, 0, 0, 0)",shoda,597f2a8effabe498
Z9-36-007,"(51, 0, 1, 0)","(51, 0, 1, 0)",shoda,597f2a8effabe498
Z9-36-008,"(38, 1, 1, 11)","(38, 1, 1, 11)",shoda,597f2a8effabe498
Z9-36-009,"(46, 0, 0, 0)","(46, 0, 0, 0)",shoda,597f2a8effabe498
Z9-36-010,"(46, 0, 0, 1)","(46, 0, 0, 1)",shoda,597f2a8effabe498
Z9-36-012,"(41, 0, 4, 2)","(41, 0, 4, 2)",shoda,597f2a8effabe498
Z9-36-013,"(44, 0, 0, 3)","(44, 0, 0, 3)",shoda,597f2a8effabe498
Z9-36-014,"(40, 1, 5, 1)","(40, 1, 5, 1)",shoda,597f2a8effabe498
Z9-36-015,"(45, 0, 0, 2)","(45, 0, 0, 2)",shoda,597f2a8effabe498
Z9-36-016,"(40, 0, 5, 2)","(40, 0, 5, 2)",shoda,597f2a8effabe498
Z9-36-017,"(42, 0, 4, 1)","(42, 0, 4, 1)",shoda,597f2a8effabe498
Z9-36-018,"(41, 0, 4, 2)","(41, 0, 4, 2)",shoda,597f2a8effabe498
Z9-36-019,"(36, 0, 7, 4)","(36, 0, 7, 4)",shoda,597f2a8effabe498
Z9-36-020,"(46, 0, 0, 1)","(46, 0, 0, 1)",shoda,597f2a8effabe498
Z9-36-021,"(37, 0, 7, 3)","(37, 0, 7, 3)",shoda,597f2a8effabe498
Z9-36-022,"(45, 0, 0, 2)","(45, 0, 0, 2)",shoda,597f2a8effabe498
Z9-36-023,"(46, 0, 1, 0)","(46, 0, 1, 0)",shoda,597f2a8effabe498
Z9-36-024,"(45, 0, 2, 0)","(45, 0, 2, 0)",shoda,597f2a8effabe498
Z9-36-025,"(37, 0, 6, 4)","(37, 0, 6, 4)",shoda,597f2a8effabe498
Z9-36-026,"(44, 0, 2, 1)","(44, 0, 2, 1)",shoda,597f2a8effabe498
Z9-36-027,"(43, 0, 0, 4)","(43, 0, 0, 4)",shoda,597f2a8effabe498
Z9-36-028,"(46, 0, 0, 1)","(46, 0, 0, 1)",shoda,597f2a8effabe498
Z9-36-032,"(44, 0, 0, 3)","(44, 0, 0, 3)",shoda,597f2a8effabe498
Z9-36-029,"(41, 0, 4, 2)","(41, 0, 4, 2)",shoda,597f2a8effabe498
Z9-36-030,"(45, 0, 0, 2)","(45, 0, 0, 2)",shoda,597f2a8effabe498
Z9-36-031,"(38, 4, 3, 2)","(38, 4, 3, 2)",shoda,597f2a8effabe498
Z9-36-033,"(40, 0, 4, 3)","(40, 0, 4, 3)",shoda,597f2a8effabe498
Z9-36-034,"(46, 0, 0, 1)","(46, 0, 0, 1)",shoda,597f2a8effabe498
Z9-36-035,"(40, 0, 4, 3)","(40, 0, 4, 3)",shoda,597f2a8effabe498
Z9-36-036,"(37, 0, 6, 4)","(37, 0, 6, 4)",shoda,597f2a8effabe498
Z9-36-037,"(45, 0, 0, 2)","(45, 0, 0, 2)",shoda,597f2a8effabe498
Z9-36-038,"(41, 0, 3, 3)","(41, 0, 3, 3)",shoda,597f2a8effabe498
Z9-36-039,"(35, 4, 1, 7)","(35, 4, 1, 7)",shoda,597f2a8effabe498
Z9-36-040,"(43, 0, 0, 4)","(43, 0, 0, 4)",shoda,597f2a8effabe498
Z9-36-041,"(44, 0, 0, 3)","(44, 0, 0, 3)",shoda,597f2a8effabe498
Z9-36-042,"(43, 0, 0, 4)","(43, 0, 0, 4)",shoda,597f2a8effabe498
Z9-36-043,"(41, 0, 4, 2)","(41, 0, 4, 2)",shoda,597f2a8effabe498
Z9-36-044,"(45, 0, 0, 2)","(45, 0, 0, 2)",shoda,597f2a8effabe498
Z9-36-046,"(46, 0, 0, 1)","(46, 0, 0, 1)",shoda,597f2a8effabe498
Z9-36-047,"(41, 0, 4, 2)","(41, 0, 4, 2)",shoda,597f2a8effabe498
Z9-36-048,"(11, 1, 14, 21)","(11, 1, 14, 21)",shoda,597f2a8effabe498
Z9-36-049,"(18, 0, 7, 22)","(18, 0, 7, 22)",shoda,597f2a8effabe498
Z9-36-050,"(28, 3, 9, 7)","(28, 3, 9, 7)",shoda,597f2a8effabe498
Z9-36-051,"(43, 0, 0, 4)","(43, 0, 0, 4)",shoda,597f2a8effabe498
Z9-36-052,"(44, 0, 0, 3)","(44, 0, 0, 3)",shoda,597f2a8effabe498
Z9-36-053,"(46, 0, 0, 1)","(46, 0, 0, 1)",shoda,597f2a8effabe498
Z9-36-054,"(46, 0, 0, 1)","(46, 0, 0, 1)",shoda,597f2a8effabe498
Z9-36-055,"(46, 0, 0, 1)","(46, 0, 0, 1)",shoda,597f2a8effabe498
Z9-36-056,"(38, 4, 0, 5)","(38, 4, 0, 5)",shoda,597f2a8effabe498
Z9-36-057,"(34, 5, 5, 3)","(34, 5, 5, 3)",shoda,597f2a8effabe498
Z9-36-058,"(41, 0, 3, 3)","(41, 0, 3, 3)",shoda,597f2a8effabe498
Z9-36-059,"(40, 0, 4, 3)","(40, 0, 4, 3)",shoda,597f2a8effabe498
Z9-36-060,"(40, 0, 3, 3)","(40, 0, 3, 3)",shoda,597f2a8effabe498
Z9-36-061,"(40, 0, 4, 2)","(40, 0, 4, 2)",shoda,597f2a8effabe498
Z9-36-062,"(39, 0, 0, 7)","(39, 0, 0, 7)",shoda,597f2a8effabe498
Z9-36-063,"(38, 4, 0, 4)","(38, 4, 0, 4)",shoda,597f2a8effabe498
Z9-36-064,"(35, 0, 4, 5)","(35, 0, 4, 5)",shoda,597f2a8effabe498
Z9-36-065,"(39, 0, 0, 5)","(39, 0, 0, 5)",shoda,597f2a8effabe498
Z9-36-066,"(36, 0, 4, 4)","(36, 0, 4, 4)",shoda,597f2a8effabe498
Z9-36-067,"(37, 0, 3, 4)","(37, 0, 3, 4)",shoda,597f2a8effabe498
Z9-36-068,"(41, 0, 0, 3)","(41, 0, 0, 3)",shoda,597f2a8effabe498
Z9-36-069,"(36, 4, 0, 4)","(36, 4, 0, 4)",shoda,597f2a8effabe498
Z9-36-070,"(41, 0, 0, 4)","(41, 0, 0, 4)",shoda,597f2a8effabe498
Z9-36-071,"(41, 0, 0, 3)","(41, 0, 0, 3)",shoda,597f2a8effabe498
Z9-36-072,"(39, 0, 0, 5)","(39, 0, 0, 5)",shoda,597f2a8effabe498
Z9-36-073,"(38, 4, 1, 1)","(38, 4, 1, 1)",shoda,597f2a8effabe498
Z9-36-074,"(40, 1, 0, 3)","(40, 1, 0, 3)",shoda,597f2a8effabe498
Z9-36-075,"(37, 1, 0, 6)","(37, 1, 0, 6)",shoda,597f2a8effabe498
Z9-36-076,"(44, 0, 0, 1)","(44, 0, 0, 1)",shoda,597f2a8effabe498
Z9-36-077,"(42, 0, 2, 1)","(42, 0, 2, 1)",shoda,597f2a8effabe498
Z9-36-078,"(39, 1, 0, 5)","(39, 1, 0, 5)",shoda,597f2a8effabe498
Z9-36-079,"(30, 0, 9, 6)","(30, 0, 9, 6)",shoda,597f2a8effabe498
Z9-36-080,"(39, 0, 0, 6)","(39, 0, 0, 6)",shoda,597f2a8effabe498
Z9-36-081,"(40, 0, 1, 4)","(40, 0, 1, 4)",shoda,597f2a8effabe498
Z9-36-082,"(35, 0, 4, 6)","(35, 0, 4, 6)",shoda,597f2a8effabe498
Z9-36-083,"(30, 0, 9, 6)","(30, 0, 9, 6)",shoda,597f2a8effabe498
Z9-36-084,"(30, 0, 7, 7)","(30, 0, 7, 7)",shoda,597f2a8effabe498
Z9-36-085,"(40, 0, 0, 4)","(40, 0, 0, 4)",shoda,597f2a8effabe498
Z9-36-086,"(34, 0, 6, 4)","(34, 0, 6, 4)",shoda,597f2a8effabe498
Z9-36-087,"(40, 0, 0, 4)","(40, 0, 0, 4)",shoda,597f2a8effabe498
Z9-36-088,"(41, 0, 0, 4)","(41, 0, 0, 4)",shoda,597f2a8effabe498
Z9-36-089,"(42, 0, 0, 3)","(42, 0, 0, 3)",shoda,597f2a8effabe498
Z9-36-090,"(41, 0, 0, 5)","(41, 0, 0, 5)",shoda,597f2a8effabe498
Z9-36-091,"(39, 0, 4, 3)","(39, 0, 4, 3)",shoda,597f2a8effabe498
Z9-36-092,"(36, 1, 2, 7)","(36, 1, 2, 7)",shoda,597f2a8effabe498
Z9-36-094,"(41, 0, 0, 5)","(41, 0, 0, 5)",shoda,597f2a8effabe498
Z9-36-095,"(34, 0, 9, 3)","(34, 0, 9, 3)",shoda,597f2a8effabe498
Z9-36-096,"(40, 0, 0, 6)","(40, 0, 0, 6)",shoda,597f2a8effabe498
Z9-36-097,"(42, 0, 0, 4)","(42, 0, 0, 4)",shoda,597f2a8effabe498
Z9-36-098,"(42, 0, 0, 3)","(42, 0, 0, 3)",shoda,597f2a8effabe498
Z9-36-099,"(42, 0, 0, 3)","(42, 0, 0, 3)",shoda,597f2a8effabe498
Z9-36-100,"(42, 0, 0, 3)","(42, 0, 0, 3)",shoda,597f2a8effabe498
Z9-36-101,"(42, 0, 0, 3)","(42, 0, 0, 3)",shoda,597f2a8effabe498
Z9-36-102,"(43, 0, 0, 2)","(43, 0, 0, 2)",shoda,597f2a8effabe498
Z9-36-103,"(43, 0, 0, 2)","(43, 0, 0, 2)",shoda,597f2a8effabe498
Z9-36-104,"(36, 3, 0, 5)","(36, 3, 0, 5)",shoda,597f2a8effabe498
Z9-36-105,"(35, 1, 0, 8)","(35, 1, 0, 8)",shoda,597f2a8effabe498
Z9-36-106,"(39, 0, 0, 6)","(39, 0, 0, 6)",shoda,597f2a8effabe498
